297691	235	188511	966	969
227708	235	188344	966	969
242997	235	188918	966	969
250766	235	188085	966	969
223225	235	191275	966	969
255698	235	188304	966	969
270268	235	188228	966	969
245301	235	188579	966	969
341745	235	188014	966	969
256616	235	188365	966	969
202784	235	188065	966	969
193319	235	190095	966	969
225622	235	189017	966	969
231171	235	188108	966	969
281571	235	188682	966	969
255238	235	188347	966	969
276003	235	188728	966	969
237819	235	188619	966	969
218703	235	188242	966	969
259723	235	188598	966	969
228201	235	188760	966	969
291165	235	188540	966	969
214414	235	190669	966	969
260335	235	188378	966	969
217782	235	188053	966	969
226779	235	188500	966	969
221669	235	188284	966	969
239222	235	188240	966	969
308460	235	191021	966	969
309560	235	188660	966	969
232511	235	188291	966	969
277059	235	188619	966	969
271837	235	200634	966	969
210205	235	190363	966	969
293415	235	188158	966	969
232050	235	188498	966	969
201776	235	189860	966	969
209390	235	189167	966	969
209128	235	188157	966	969
308038	235	188579	966	969
207968	235	188982	966	969
216611	235	191021	966	969
306722	235	188221	966	969
261745	235	188992	966	969
351277	108	347315	966	969
309908	235	195030	966	969
318283	235	189788	966	969
201057	235	188367	966	969
241989	235	188051	966	969
260627	235	189692	966	969
234301	235	188323	966	969
212134	235	188099	966	969
293099	235	188088	966	969
217303	235	188061	966	969
278131	235	188745	966	969
365970	176	295618	966	969
286509	235	189338	966	969
321369	235	188026	966	969
309214	235	188812	966	969
194205	235	188032	966	969
250014	235	188166	966	969
327016	235	289885	966	969
203719	235	191635	966	969
263872	235	189283	966	969
261537	235	188540	966	969
239789	235	188410	966	969
329600	235	193839	966	969
285027	235	188189	966	969
217778	235	188345	966	969
318638	235	189404	966	969
242502	235	188493	966	969
199134	235	189058	966	969
220068	235	188340	966	969
225630	235	189587	966	969
212009	235	188158	966	969
201225	235	194530	966	969
215075	235	188239	966	969
293498	235	188120	966	969
210920	235	189007	966	969
195178	235	188722	966	969
239225	235	190408	966	969
309597	235	188118	966	969
214142	235	188377	966	969
249270	235	188948	966	969
211047	235	188069	966	969
309502	235	188503	966	969
304963	235	188142	966	969
239185	235	189962	966	969
333381	235	190101	966	969
202225	235	188030	966	969
229014	235	188321	966	969
245598	235	188694	966	970
219942	235	188565	966	970
223645	235	188275	966	970
271199	235	188088	966	970
261852	235	188058	966	970
232359	235	188161	966	970
244149	235	191543	966	970
251993	235	188790	966	970
248267	235	188927	966	970
211799	235	188060	966	970
276490	235	188051	966	970
229499	235	188744	966	970
249688	235	188381	966	970
195361	235	188162	966	970
335716	235	188589	966	970
258050	235	188420	966	970
211765	235	188994	966	970
246843	235	188783	966	970
224893	235	210729	966	970
211689	235	188398	966	970
280056	235	189357	966	970
341100	235	188123	966	970
268656	235	190930	966	970
227846	235	188577	966	970
232722	235	188225	966	970
198014	235	188876	966	970
233634	235	188579	966	970
329776	235	188824	966	970
250093	235	188420	966	970
285083	235	188677	966	970
290958	235	189322	966	970
301110	235	188364	966	970
223168	235	189496	966	970
196221	235	188612	966	970
214900	235	188386	966	970
266604	235	188218	966	970
232970	235	188070	966	970
261492	235	189031	966	970
289515	235	188278	966	970
188922	267	279007	966	970
272285	235	188859	966	970
319635	235	189358	966	970
193115	267	303671	966	970
216076	235	189411	966	970
224013	235	188218	966	970
197048	235	188075	966	970
247961	235	188106	966	970
244374	235	188070	966	970
219844	235	188061	966	970
233797	235	188693	966	970
338691	235	188185	966	970
293197	235	188393	966	970
291644	235	188626	966	970
208992	235	188966	966	970
226439	235	188949	966	970
303847	235	189510	966	970
260048	235	188028	966	970
293699	235	188143	966	970
252033	235	196650	966	970
278688	235	188736	966	970
340056	235	189275	966	970
290852	235	189568	966	970
247361	235	189494	966	970
281633	235	190035	966	970
268165	235	189208	966	970
214511	235	188235	966	970
295496	235	189549	966	970
201866	235	188943	966	970
326254	235	189039	966	970
236698	235	188130	966	970
258165	235	188007	966	970
213639	235	188086	966	970
257943	235	188188	966	970
224207	235	188006	966	970
229667	235	188088	966	970
285789	235	188053	966	970
213228	235	195030	966	970
228673	235	188656	966	970
244340	235	188229	966	970
319263	235	189010	966	970
318479	235	189417	966	970
211084	235	188243	966	970
188363	267	223799	966	970
223865	235	188599	966	970
351822	235	193111	966	970
205692	235	188059	966	970
204289	235	188164	966	970
221035	235	191062	966	970
210927	235	188480	966	970
348449	235	213613	966	970
296159	235	188085	966	970
275444	235	190408	966	970
258367	235	188757	966	970
289292	235	188053	966	970
321584	235	188789	966	970
249501	235	188030	966	970
206921	235	189195	966	970
222931	235	188578	966	970
241842	235	188051	966	970
217027	235	188558	966	970
204902	235	188344	966	970
203174	235	188034	966	970
299310	235	189208	966	970
287154	235	189936	966	970
261138	235	189515	966	970
321631	235	188533	966	970
196822	235	188014	966	970
327177	235	188957	966	970
214374	235	188020	966	970
265262	235	190464	966	970
255069	235	191422	966	970
306193	235	188479	966	970
276697	235	191067	966	970
210204	235	188189	966	970
356577	235	198208	966	970
204780	235	188024	966	970
308890	235	188235	966	970
236006	235	189972	966	970
207256	235	188573	966	970
210730	235	188344	966	970
270060	235	188874	966	970
201238	235	190402	966	970
330368	235	193456	966	970
211059	235	188010	966	970
202690	235	188680	966	970
319847	235	188806	966	970
285962	235	188132	966	970
234890	235	188264	966	970
199150	235	188374	966	970
197710	235	298770	966	970
292271	235	189142	966	970
239292	235	188028	966	970
220325	235	188209	966	970
265022	235	188407	966	970
195679	235	188023	966	970
295232	235	189009	966	970
223429	235	188035	966	970
318168	235	188681	966	970
199628	235	188139	966	970
226425	235	188229	966	970
230446	235	188683	966	970
219292	235	188847	966	970
267799	235	190464	966	970
307118	235	188069	966	970
217984	235	239989	966	970
258563	235	188668	966	970
226507	235	188066	966	970
307097	235	188335	966	970
212012	235	189532	966	970
228399	235	189086	966	970
268857	235	188896	966	970
299474	235	189390	966	970
215692	235	188247	966	970
235791	235	188398	966	970
288607	235	188585	966	970
346261	235	188275	966	970
214634	235	189484	966	970
204692	235	188011	966	970
205878	235	188218	966	970
242040	235	212118	966	970
239641	235	188735	966	970
188283	267	328725	966	970
297778	235	188865	966	970
260330	235	188312	966	970
214823	235	189001	966	970
295581	235	188096	966	970
195483	235	189725	966	970
213149	235	188096	966	970
188115	267	234531	966	970
239499	235	188164	966	970
199707	235	188042	966	970
290748	235	188017	966	970
203785	235	190443	966	970
355184	235	189696	966	970
241145	235	188038	966	970
200791	235	188042	966	970
287105	235	188479	966	970
304543	235	188048	966	970
217628	235	189872	966	970
211454	235	189491	966	970
330753	235	188971	966	970
227764	235	188108	966	970
335100	235	188185	966	970
260168	235	189075	966	970
266542	235	201831	966	970
205782	235	188006	966	970
286398	235	189281	966	970
251257	235	188047	966	970
266468	235	190408	966	970
241864	235	188579	966	970
289644	235	188829	966	970
262427	235	188658	966	970
303595	235	188584	966	970
225421	235	188966	966	970
270239	235	188358	966	970
227331	235	189001	966	970
243425	235	188496	966	970
206574	235	189708	966	970
193970	235	190688	966	970
274251	235	188949	966	970
212163	235	190690	966	970
284829	235	188944	966	970
291139	235	189739	966	970
220923	235	189157	966	970
217594	235	188238	966	970
217695	235	188070	966	970
276670	235	188240	966	970
368847	235	296699	966	970
296449	235	188789	966	970
237367	235	190062	966	970
256638	235	189118	966	970
196439	235	189057	966	970
193442	47	226664	966	970
223622	235	188009	966	970
214180	235	188024	966	970
225169	235	188611	966	970
240063	235	188190	966	970
321057	235	188461	966	970
272500	235	188424	966	970
317558	235	189604	966	970
224348	235	188108	966	970
294682	235	189772	966	970
244602	235	188585	966	970
317232	235	188989	966	970
189227	267	261191	966	970
264230	235	188189	966	970
310285	235	189564	966	970
247276	235	203201	966	970
211519	235	188055	966	970
314558	235	188373	966	970
248420	235	188781	966	970
250714	245	272393	966	970
280277	235	188669	966	970
203789	235	193540	966	970
283447	235	188127	966	970
286079	235	188123	966	970
270003	235	188417	966	970
232036	235	188445	966	970
330987	235	188719	966	970
252145	235	189250	966	970
245852	235	188211	966	970
231965	235	189532	966	970
300107	235	289885	966	970
209163	235	188109	966	970
265028	235	188887	966	970
226046	235	188316	966	970
298402	235	188107	966	970
196923	235	188226	966	970
227498	235	188162	966	970
262161	235	188158	966	970
232398	235	188496	966	970
226549	235	188975	966	970
188031	239	225512	966	970
290233	235	188962	966	970
328900	235	189746	966	970
253961	235	188273	966	970
197842	235	188128	966	970
273141	235	195517	966	970
203123	235	188032	966	970
200431	235	188158	966	970
238203	235	188235	966	970
268440	235	190073	966	970
228756	235	215458	966	970
215332	235	188390	966	970
213143	235	188918	966	970
212073	235	188127	966	970
208827	235	188017	966	970
229091	235	188491	966	970
290143	235	188418	966	970
322899	235	189007	966	970
211214	235	188033	966	970
371494	235	189696	966	970
324719	235	189350	966	970
304246	235	189417	966	970
215807	235	189182	966	970
312848	235	189890	966	970
266971	235	188023	966	970
247556	235	188278	966	970
294362	235	189921	966	970
260566	235	198759	966	970
208063	235	188221	966	970
200648	235	188229	966	970
213305	235	188033	966	970
230856	235	188496	966	970
239107	235	188202	966	970
207853	235	188440	966	970
252835	235	188774	966	970
219837	235	188647	966	970
352806	235	229614	966	970
273055	235	190855	966	970
269989	235	188005	966	970
206053	235	188225	966	970
257843	235	188158	966	970
314543	235	190106	966	970
241560	235	189953	966	970
288799	235	188239	966	970
278530	235	188029	966	970
213104	235	191068	966	970
261640	235	188666	966	970
316336	235	189438	966	970
234268	235	188585	966	970
264150	235	189208	966	970
288193	235	188088	966	970
203888	235	188116	966	970
213827	235	188246	966	970
268879	235	188316	966	970
204817	235	188269	966	970
305529	235	188851	966	970
263244	222	288678	966	970
277172	235	194242	966	970
298652	235	188261	966	970
305534	235	189730	966	970
283743	235	188183	966	970
280975	235	188003	966	970
243456	235	188663	966	970
313287	235	188298	966	970
373779	235	189696	966	970
290655	235	188175	966	970
210724	235	188268	966	970
221729	235	188018	966	970
266985	235	188222	966	970
228257	47	307396	966	970
257919	235	189050	966	970
305894	235	188736	966	970
332361	42	195630	966	970
209674	235	188560	966	970
301228	235	188268	966	970
204255	235	188273	966	970
204730	235	188168	966	970
250192	235	188227	966	970
217794	235	188149	966	970
283434	235	188057	966	970
342035	235	188110	966	970
226469	235	188148	966	970
216535	235	355821	966	970
204594	235	188027	966	970
208102	235	189557	966	970
253199	235	188357	966	970
316995	235	193536	966	970
197558	235	190280	966	970
199664	235	188028	966	970
284319	235	188727	966	970
218496	235	188966	966	970
258709	235	191832	966	970
207097	235	188030	966	970
338802	235	190333	966	970
224110	235	188941	966	970
203123	235	188032	966	970
194864	235	188269	966	970
240466	235	189532	966	970
301957	235	297325	966	970
287439	235	188023	966	970
287022	235	190271	966	970
299244	235	189417	966	970
223751	235	188032	966	970
225938	235	189283	966	970
210557	235	188183	966	970
317124	235	188731	966	970
234777	235	188051	966	970
203695	235	188167	966	970
188578	239	211547	966	970
311082	235	188744	966	970
231931	235	188472	966	970
277800	235	188284	966	970
283199	235	192920	966	970
298098	235	200634	966	970
287445	235	188398	966	970
199639	235	188014	966	970
229708	235	188865	966	970
207053	235	188036	966	970
326468	235	188279	966	970
294394	235	190667	966	970
257876	222	286404	966	970
272213	235	188168	966	970
197471	235	188998	966	970
239841	235	188047	966	970
367992	235	327677	966	970
299069	235	188158	966	970
216458	235	188430	966	970
311493	235	188740	966	970
214511	235	188235	966	970
299714	235	189564	966	970
361474	235	188725	966	970
270508	235	191846	966	970
226294	235	189641	966	970
269671	235	189195	966	970
239451	235	193810	966	970
233412	235	188146	966	970
292774	235	190934	966	970
235187	235	188229	966	970
332321	235	217232	966	970
223748	235	193426	966	970
317039	235	189292	966	970
216538	235	188101	966	970
224725	235	188585	966	970
310579	235	189417	966	970
200708	235	188515	966	970
336883	235	189188	966	970
270239	235	266856	966	970
252722	235	188315	966	970
289675	235	188296	966	970
336517	235	191255	966	970
339216	235	268226	966	970
224841	235	355821	966	970
209439	235	188075	966	970
317119	235	188562	966	970
223729	235	188373	966	970
189836	254	303423	966	970
203682	235	189346	966	970
274581	235	189641	966	970
250709	235	188498	966	970
220893	235	188583	966	970
271054	235	188579	966	970
282132	235	188268	966	970
217951	235	188594	966	970
271372	235	188786	966	970
247416	235	189307	966	970
269168	235	194556	966	970
295742	235	188219	966	970
349333	235	188315	966	970
289338	235	289339	966	970
230584	235	188128	966	970
246754	235	188024	966	970
237635	235	189036	966	970
281633	235	188131	966	970
230957	235	188128	966	970
219201	235	188143	966	970
194843	235	188044	966	970
226113	235	188056	966	970
267799	235	188178	966	970
307396	47	228257	966	970
241826	235	190140	966	970
338863	235	188154	966	970
296054	235	188088	966	970
206130	235	188656	966	970
220343	235	188162	966	970
196514	235	188075	966	970
215772	235	188128	966	970
247149	267	316763	966	970
220179	235	193426	966	970
296765	235	189564	966	970
232713	235	188503	966	970
205913	235	188661	966	970
204986	235	188099	966	970
250103	235	188496	966	970
214111	235	189157	966	970
252278	235	189086	966	970
287833	235	188694	966	970
234274	235	189250	966	970
293210	235	188227	966	970
213201	235	188040	966	970
308602	235	189069	966	970
341468	235	188260	966	970
283026	235	189763	966	970
262957	235	191487	966	970
244602	235	188268	966	970
294555	235	188978	966	970
256589	235	188116	966	970
245128	235	188682	966	970
229329	235	188418	966	970
263469	235	191980	966	970
226149	235	237252	966	970
296804	235	189292	966	970
252126	235	189872	966	970
232750	235	188683	966	970
335515	235	188725	966	970
202546	235	188316	966	970
230364	235	188312	966	970
197921	235	197261	966	970
229974	235	188207	966	970
317584	235	188450	966	970
211929	235	188116	966	970
200543	235	188378	966	970
247784	235	188074	966	970
296882	235	189048	966	970
275210	235	188768	966	970
269289	235	188038	966	970
298024	235	188067	966	970
285295	235	188688	966	970
222459	235	188215	966	970
294409	235	188411	966	970
309845	235	218690	966	970
196221	235	188612	966	970
292795	235	188551	966	970
228164	235	188496	966	970
208721	235	188167	966	970
233601	235	190169	966	970
281096	235	188479	966	970
309807	235	189105	966	970
211536	235	189908	966	970
213651	235	188737	966	970
251019	235	189182	966	970
243835	235	188106	966	970
211156	235	189023	966	970
205132	235	188918	966	970
234453	235	188017	966	970
246305	235	189182	966	970
287839	235	188158	966	970
269405	235	188116	966	970
247500	235	190271	966	970
297205	235	189188	966	970
337340	235	289885	966	970
301881	42	188589	966	970
224160	235	188058	966	970
196468	235	189280	966	970
302228	235	188393	966	970
292757	235	188132	966	970
301288	235	188296	966	970
235537	235	188168	966	970
240059	235	188108	966	970
204774	235	188023	966	970
288087	235	188235	966	970
203582	235	188031	966	970
208828	235	189080	966	971
319541	235	188091	966	971
209245	235	188678	966	971
363131	289	276828	966	971
372890	235	188529	966	971
312005	235	188220	966	971
188288	267	366179	966	971
208570	235	189036	966	971
196224	235	188009	966	971
242466	235	188561	966	971
196769	235	188024	966	971
252040	235	189442	966	971
200676	235	188099	966	971
204008	235	211513	966	971
237726	235	188130	966	971
233603	235	190408	966	971
237395	235	191151	966	971
293809	235	188175	966	971
265188	235	188146	966	971
203578	235	188133	966	971
205161	235	188145	966	971
244814	235	188935	966	971
249018	235	191305	966	971
205641	235	188030	966	971
232708	235	188370	966	971
206447	235	210729	966	971
240980	235	188463	966	971
239899	235	188262	966	971
225103	235	189050	966	971
238783	235	188978	966	971
227900	235	188130	966	971
202011	235	188010	966	971
220132	235	188302	966	971
253598	235	188430	966	971
203671	235	188039	966	971
271597	235	188940	966	971
248024	235	188488	966	971
204580	235	188291	966	971
214872	235	188167	966	971
253394	235	188321	966	971
242092	235	188005	966	971
271315	235	189770	966	971
197469	235	188506	966	971
223419	235	193512	966	971
224979	235	188060	966	971
241843	235	191602	966	971
301377	235	188005	966	971
220351	235	188263	966	971
209544	235	188131	966	971
312878	235	188279	966	971
215319	235	188024	966	971
269866	235	188789	966	971
208558	235	188055	966	971
294770	235	188185	966	971
350385	235	190443	966	971
188571	267	287471	966	971
211346	235	188197	966	971
217872	235	188385	966	971
279868	235	188423	966	971
202011	235	188010	966	971
205533	235	189715	966	971
241026	235	188061	966	971
237222	235	188058	966	971
220137	235	189050	966	971
336816	235	188474	966	971
250854	235	188127	966	971
230718	235	188951	966	971
247930	235	200634	966	971
235188	235	188613	966	971
261224	235	188128	966	971
272720	235	189560	966	971
276828	289	363131	966	971
202281	235	188189	966	971
205677	235	188033	966	971
289767	235	188096	966	971
230703	235	189860	966	971
189610	239	343113	966	971
188361	254	277667	966	971
299169	235	189666	966	971
236907	235	188036	966	971
267757	235	188158	966	971
202973	235	189322	966	971
197455	235	188307	966	971
332455	235	188304	966	971
203902	235	188111	966	971
292298	235	188744	966	971
318854	235	191636	966	971
365526	235	188033	966	971
270569	235	188630	966	971
228194	235	188047	966	971
239003	235	188131	966	971
223265	254	321074	966	971
235488	235	188318	966	971
227297	235	188141	966	972
248584	235	189746	966	972
213760	235	188323	966	972
253808	235	188935	966	972
192633	254	325313	966	972
208957	235	188188	966	972
232370	235	188247	966	972
237461	235	188086	966	972
211806	235	188739	966	972
239512	235	189114	966	972
283847	235	188603	966	972
323715	289	321096	966	972
234290	235	188141	966	972
258836	235	188740	966	972
230239	235	188323	966	972
286229	235	188817	966	972
213979	235	188006	966	972
225493	235	188009	966	972
211818	235	188203	966	972
305986	235	189520	966	972
246592	235	188036	966	972
212746	245	251207	966	972
188494	239	227246	966	972
197259	235	188209	966	972
283444	292	351898	966	972
191150	267	265527	966	972
239540	235	188288	966	972
188112	267	312811	966	973
259031	235	188005	966	973
188372	267	235652	966	973
206020	235	188167	966	973
205413	235	188009	966	973
222333	235	188009	966	973
243551	235	188537	966	973
226461	235	188036	966	973
205856	267	314590	966	973
194089	235	189177	966	973
188008	267	198665	966	973
237952	47	263725	966	973
199313	235	188502	966	973
344872	226	189836	966	973
191163	239	195500	966	973
239880	235	188028	966	973
237777	235	188141	966	973
265108	235	188133	966	973
221526	235	188437	966	973
262005	292	375094	966	973
210833	235	188032	966	973
263725	47	237952	966	973
226932	292	348367	966	974
189571	267	225620	966	974
251290	235	199124	967	0
283201	235	190916	967	0
237108	235	188042	967	0
249772	235	192417	967	0
266375	235	189264	967	0
288879	235	188241	967	0
324207	235	190028	967	0
211160	235	191067	967	0
318674	235	204397	967	0
210874	289	331891	967	0
221596	235	189714	967	0
273268	235	189161	967	0
232712	235	221227	967	0
267073	235	189885	967	0
246636	262	367039	967	0
329169	180	345368	967	0
312168	235	202014	967	0
230625	235	191179	967	0
195854	235	189033	967	0
295274	235	190796	967	0
195936	289	224707	967	0
280702	235	188609	967	0
215613	235	188977	967	0
239494	235	188940	967	0
311538	235	193638	967	0
212036	235	188091	967	0
237137	235	189060	967	0
233074	235	209899	967	0
211410	235	193013	967	0
219607	235	201818	967	0
268801	235	190152	967	0
215709	235	201338	967	0
243389	235	188514	967	0
301671	235	188445	967	0
268832	235	189394	967	0
227180	235	190298	967	0
253002	235	188585	967	0
255306	235	192051	967	0
238120	235	189507	967	0
269933	235	194012	967	0
287444	289	343398	967	0
271551	235	189283	967	0
366284	235	189257	967	0
214871	235	229783	967	0
283776	235	191859	967	0
240936	235	188254	967	0
268796	235	191110	967	0
219196	235	190020	967	0
280133	235	194130	967	0
324072	235	230825	967	0
279001	235	191629	967	0
191800	245	230394	967	0
272481	235	189543	967	0
336168	235	190715	967	0
212150	235	188771	967	0
279164	267	302618	967	0
335113	235	193753	967	0
213908	235	188033	967	0
228017	235	189122	967	0
308431	235	189264	967	0
221275	235	188268	967	0
268224	235	188037	967	0
224390	245	295926	967	0
269044	235	189033	967	0
202973	235	189015	967	0
207159	235	188648	967	0
340289	235	190048	967	0
313236	235	190368	967	0
204639	235	189593	967	0
247069	289	267862	967	0
268834	235	188335	967	0
296468	235	192789	967	0
334253	235	192139	967	0
206564	235	196905	967	0
257369	235	190964	967	0
239154	235	194242	967	0
307319	235	192533	967	0
328488	235	238144	967	0
262393	235	190619	967	0
208183	235	196305	967	0
194174	235	189685	967	0
331562	235	190821	967	0
218010	235	189646	967	0
276550	290	191282	967	0
315207	235	357237	967	0
203822	235	190466	967	0
301119	235	190169	967	0
261088	235	195882	967	0
235900	235	188535	967	0
272424	235	189619	967	0
343077	262	192539	967	0
191168	106	197770	967	0
220002	235	188014	967	0
342657	219	216873	967	0
287084	235	193656	967	0
211834	235	188480	967	0
261389	235	190090	967	0
210287	235	188712	967	0
323821	235	193638	967	0
274617	235	189114	967	0
301696	235	191309	967	0
199066	235	188027	967	0
209355	235	188088	967	0
225258	235	237252	967	0
293238	235	188773	967	0
285012	235	194926	967	0
258406	235	188342	967	0
209243	235	190650	967	0
283201	235	188978	967	0
275210	235	189362	967	0
214291	235	188032	967	0
249109	235	191009	967	0
268351	235	188122	967	0
315232	235	188584	967	0
303696	235	188480	967	0
278893	235	192711	967	0
229894	235	188458	967	0
189526	106	188174	967	0
198365	235	189721	967	0
210870	235	188754	967	0
212136	235	190161	967	0
233057	245	283459	967	0
271996	235	192733	967	0
245882	235	188578	967	0
283481	235	189695	967	0
244059	235	188001	967	0
225346	235	205996	967	0
220386	235	194333	967	0
192814	235	190664	967	0
218169	235	228527	967	0
261798	235	189252	967	0
199100	235	188158	967	0
226829	235	188649	967	0
326653	235	238356	967	0
284781	235	249071	967	0
236842	235	195164	967	0
224129	235	188206	967	0
212432	235	188355	967	0
298914	262	331470	967	0
203269	235	188085	967	0
200966	47	329244	967	0
196630	235	189433	967	0
236665	235	188782	967	0
188080	267	230394	967	0
252246	235	257026	967	0
210052	235	188214	967	0
258967	235	189885	967	0
213424	235	192362	967	0
321042	235	214279	967	0
206851	235	194242	967	0
191247	106	198199	967	0
225938	235	188534	967	0
201059	235	189417	967	0
260871	235	188255	967	0
229323	235	189247	967	0
190036	106	190093	967	0
362113	235	220795	967	0
209588	235	194012	967	0
289983	235	188335	967	0
256774	235	197784	967	0
193436	235	196306	967	0
241815	235	188225	967	0
263649	235	188535	967	0
279668	235	190244	967	0
344477	235	189275	967	0
298195	235	188152	967	0
204710	235	188648	967	0
248960	235	188457	967	0
289457	235	220108	967	0
283563	235	188154	967	0
281142	235	190298	967	0
188698	106	225740	967	0
197121	235	188175	967	0
249001	235	188535	967	0
297810	235	189913	967	0
271653	235	189780	967	0
299715	235	189320	967	0
227384	235	188056	967	0
255045	235	193757	967	0
318428	235	253059	967	0
222586	235	190711	967	0
202086	106	256834	967	0
244091	235	189157	967	0
304867	235	188005	967	0
220373	235	189280	967	0
282559	235	188492	967	0
204488	235	195517	967	0
196502	235	188163	967	0
287748	235	189484	967	0
293886	235	190595	967	0
195544	235	189546	967	0
269549	235	203624	967	0
283507	235	189252	967	0
225128	262	367039	967	0
205477	235	188320	967	0
330867	273	189144	967	0
203075	235	189849	967	0
300889	235	237975	967	0
225740	106	188698	967	0
265521	235	188355	967	0
270182	235	188837	967	0
251706	235	188535	967	0
229462	235	188485	967	0
192042	106	280556	967	0
200248	235	188534	967	0
349087	235	194926	967	0
211552	235	188510	967	0
217528	235	189750	967	0
297009	235	188485	967	0
204788	235	188005	967	0
315307	235	188119	967	0
272992	235	188032	967	0
192972	235	192219	967	0
292245	235	189283	967	0
287861	235	189015	967	0
310002	235	252938	967	0
249333	235	188943	967	0
203328	235	188028	967	0
262727	235	189939	967	0
284756	235	192475	967	0
334610	235	191658	967	0
264653	235	192246	967	0
208695	235	195473	967	0
291352	289	291351	967	0
224438	235	193465	967	0
258307	235	188240	967	0
201582	235	188076	967	0
286320	235	188856	967	0
298884	235	192676	967	0
281394	235	192496	967	0
311538	235	190686	967	0
205930	235	189905	967	0
189288	267	329096	967	0
242690	235	188269	967	0
268775	235	219194	967	0
276102	235	193150	967	0
206167	235	188513	967	0
222283	235	188033	967	0
245245	235	194515	967	0
346464	235	189849	967	0
249650	235	188437	967	0
298379	235	189780	967	0
219072	235	188088	967	0
240445	235	189287	967	0
203180	235	190701	967	0
208421	235	189217	967	0
276961	235	188640	967	0
237412	235	190146	967	0
209293	106	225474	967	0
204225	235	190132	967	0
247053	289	200584	967	0
323197	235	240176	967	0
364128	262	339742	967	0
264194	235	188864	967	0
234037	235	188268	967	0
221826	235	190822	967	0
198387	235	193189	967	0
226547	235	190363	967	0
204780	235	188055	967	0
357126	235	189205	967	0
191525	267	248642	967	0
200213	235	188503	967	0
211778	235	199079	967	0
277246	235	191598	967	0
226544	235	196777	967	0
312299	235	189883	967	0
208490	235	188819	967	0
227540	235	188713	967	0
225363	235	188210	967	0
297315	235	188679	967	0
294555	235	188398	967	0
259251	235	189604	967	0
205481	235	201693	967	0
289495	235	300236	967	0
261582	235	188107	967	0
233050	235	319287	967	0
212603	235	222685	967	0
251637	235	194212	967	0
289644	235	188829	967	0
205370	235	192977	967	0
215455	235	188569	967	0
218769	235	188894	967	0
218633	235	188315	967	0
197148	235	189895	967	0
276564	235	189500	967	0
193388	235	188416	967	0
189644	106	197133	967	0
324319	235	189587	967	0
286685	235	192152	967	0
300255	235	190046	967	0
228551	235	190246	967	0
202239	235	188535	967	0
214218	235	189262	967	0
237232	235	188444	967	0
216219	235	188481	967	0
266352	235	190959	967	0
202823	235	188439	967	0
249218	262	331470	967	0
190424	176	247432	967	0
211650	235	194375	967	0
273559	235	188527	967	0
263172	235	189695	967	0
221196	235	191701	967	0
227584	235	189783	967	0
201650	235	188200	967	0
244103	235	188944	967	0
220676	235	189628	967	0
314392	235	189515	967	0
220409	235	192638	967	0
252688	235	188255	967	0
252791	235	188585	967	0
203858	235	188279	967	0
297953	235	189150	967	0
213318	235	188204	967	0
326420	235	188674	967	0
276781	235	190541	967	0
256684	262	367039	967	0
261174	235	188182	967	0
299612	235	194049	967	0
242932	235	188944	967	0
200937	235	188028	967	0
203740	235	188074	967	0
275955	273	187996	967	0
324586	235	191879	967	0
218452	235	188535	967	0
248154	235	188458	967	0
310033	106	289673	967	0
262962	235	188021	967	0
374087	235	188198	967	0
258801	235	190580	967	0
271638	235	190215	967	0
210423	235	190192	967	0
250020	235	189395	967	0
216910	235	189848	967	0
280493	262	294859	967	0
298671	235	196900	967	0
291561	235	191629	967	0
238496	235	188254	967	0
299975	235	188497	967	0
287257	235	189389	967	0
328069	235	188645	967	0
311018	235	189860	967	0
247419	235	188033	967	0
215110	235	188302	967	0
240441	235	188001	967	0
226855	235	191230	967	0
221618	235	197125	967	0
215831	235	188355	967	0
280653	235	190686	967	0
221736	235	191928	967	0
258931	235	230825	967	0
213382	235	198363	967	0
220282	235	196051	967	0
265062	235	188690	967	0
330751	235	192663	967	0
215798	235	192342	967	0
275800	235	224417	967	0
263663	235	190746	967	0
269616	235	189972	967	0
204547	235	188440	967	0
226092	235	188060	967	0
215768	235	188045	967	0
317112	235	191847	967	0
250653	235	190672	967	0
230942	235	188437	967	0
213803	235	188025	967	0
334296	235	194354	967	0
272905	235	188393	967	0
329325	290	188008	967	0
206771	235	193491	967	0
230856	235	189721	967	0
224707	289	195936	967	0
197770	106	191168	967	0
366462	235	206227	967	0
203969	235	189980	967	0
328652	235	190767	967	0
268400	235	188440	967	0
196548	235	188210	967	0
235616	235	193013	967	0
263088	235	188182	967	0
247593	235	188507	967	0
272274	235	188347	967	0
262888	235	189619	967	0
190093	106	190238	967	0
196516	235	188747	967	0
213802	235	189925	967	0
276228	235	189122	967	0
328068	235	190126	967	0
249749	235	212118	967	0
220725	235	188254	967	0
330638	235	203773	967	0
297539	235	197713	967	0
236522	235	191413	967	0
334023	235	188355	967	0
312222	289	271087	967	0
222075	235	189713	967	0
248361	235	191602	967	0
190061	106	230952	967	0
188811	106	195858	967	0
224493	235	192371	967	0
285246	235	270888	967	0
214800	235	188189	967	0
271931	235	189114	967	0
247072	235	189702	967	0
284683	235	189320	967	0
259874	235	194020	967	0
287049	235	215739	967	0
211887	235	193592	967	0
216321	235	188039	967	0
228898	235	189048	967	0
304041	235	188355	967	0
272158	235	190821	967	0
280625	235	188024	967	0
235523	235	191490	967	0
229603	235	195824	967	0
264520	235	188087	967	0
268611	235	188596	967	0
257273	235	188457	967	0
246805	235	189488	967	0
207486	235	188310	967	0
206468	235	188819	967	0
373687	235	190681	967	0
271588	235	188690	967	0
340598	235	199137	967	0
204618	235	191313	967	0
266617	235	188609	967	0
248426	235	191954	967	0
245852	235	188480	967	0
210431	235	190096	967	0
226185	235	189582	967	0
328342	235	188609	967	0
286447	235	189860	967	0
252800	235	188896	967	0
220993	235	189892	967	0
188571	106	194739	967	0
194180	264	190349	967	0
192779	235	191071	967	0
270782	235	191119	967	0
277947	235	188193	967	0
204259	235	188027	967	0
223748	235	189240	967	0
275615	235	192231	967	0
266999	235	189622	967	0
320473	235	191015	967	0
242283	289	308670	967	0
228561	235	188688	967	0
212617	235	205194	967	0
190349	264	370673	967	0
235658	235	188856	967	0
258106	235	188827	967	0
229269	289	203480	967	0
257273	235	189557	967	0
200584	289	247053	967	0
212945	235	188168	967	0
306656	235	190368	967	0
318789	235	193638	967	0
352715	235	188708	967	0
208299	235	188904	967	0
222344	235	188142	967	0
257084	235	189043	967	0
237520	235	192638	967	0
271908	235	216718	967	0
274876	235	189287	967	0
195861	235	189622	967	0
294007	235	191353	967	0
287118	235	188497	967	0
308363	235	188822	967	0
255324	235	188533	967	0
236964	235	239038	967	0
216916	235	214241	967	0
206398	235	201800	967	0
254593	235	188355	967	0
230003	235	188535	967	0
214559	235	188026	967	0
267720	235	189275	967	0
314543	235	188471	967	0
314188	289	258286	967	0
290710	235	189269	967	0
264658	235	189257	967	0
208549	235	190969	967	0
215341	235	188445	967	0
255351	235	190169	967	0
327181	235	190246	967	0
306683	235	188342	967	0
237501	235	189283	967	0
219748	235	188824	967	0
197897	289	212355	967	0
271856	235	190011	967	0
283308	235	188979	967	0
281863	235	188904	967	0
228116	235	188273	967	0
336317	262	192539	967	0
270606	235	189907	967	0
294345	289	368957	967	0
225258	235	193951	967	0
208168	235	188036	967	0
201378	235	215779	967	0
235348	235	188018	967	0
325920	235	198681	967	0
230494	235	188127	967	0
297319	235	189164	967	0
219451	235	188738	967	0
296787	278	373583	967	0
222627	235	189801	967	0
215008	235	188005	967	0
246479	235	188610	967	0
298923	235	189249	967	0
245514	235	191233	967	0
258742	235	189249	967	0
282762	235	188514	967	0
304139	235	193951	967	0
316538	235	188284	967	0
279310	235	188055	967	0
353174	176	245938	967	0
251955	235	188378	967	0
196850	235	198656	967	0
319722	235	188943	967	0
293886	235	188503	967	0
221069	235	208163	967	0
192522	235	192730	967	0
268517	235	188513	967	0
198276	235	189306	967	0
265446	235	190796	967	0
189855	239	239608	967	0
311894	290	187990	967	0
277184	235	190068	967	0
248051	235	189423	967	0
204736	235	188104	967	0
217205	235	188171	967	0
235791	235	188480	967	0
245892	235	189033	967	0
210951	235	190298	967	0
201171	235	193123	967	0
322457	235	192607	967	0
246752	235	220020	967	0
229481	235	188539	967	0
217788	235	188480	967	0
239413	235	188331	967	0
256627	235	188492	967	0
270316	235	188240	967	0
251573	235	188584	967	0
218435	235	189769	967	0
221250	235	190132	967	0
262165	235	188949	967	0
207827	235	190106	967	0
267024	235	188668	967	0
210767	235	188028	967	0
347121	289	194070	967	0
314088	235	188315	967	0
205693	235	198178	967	0
269118	235	190767	967	0
194070	289	347121	967	0
205435	235	188371	967	0
270861	235	191313	967	0
302620	235	191859	967	0
306350	235	219783	967	0
265793	235	188532	967	0
214660	235	191548	967	0
205134	235	188774	967	0
217800	235	219091	967	0
202049	235	188573	967	0
201949	235	188085	967	0
238847	235	188772	967	0
195068	235	192324	967	0
366869	235	188635	967	0
220111	235	188016	967	0
242469	235	188609	967	0
300592	235	188670	967	0
288378	235	188471	967	0
223311	235	188648	967	0
197276	235	196905	967	0
207927	235	190126	967	0
226531	235	188014	967	0
256702	235	189376	967	0
212624	235	205076	967	0
210815	235	188215	967	0
198549	235	188053	967	0
204794	235	192324	967	0
243371	235	188099	967	0
206252	235	190665	967	0
195707	235	192034	967	0
274093	235	188093	967	0
276991	235	192288	967	0
225239	235	188510	967	0
239218	235	240830	967	0
270911	235	188284	967	0
188080	254	206959	967	0
221140	235	193034	967	0
225890	235	201693	967	0
329902	235	190780	967	0
234641	235	188562	967	0
211689	235	188480	967	0
308502	235	190075	967	0
349309	235	190686	967	0
243101	235	188510	967	0
251993	235	189269	967	0
299134	235	189023	967	0
270721	235	240504	967	0
201662	235	188037	967	0
225493	235	188001	967	0
331856	235	188347	967	0
225740	106	218104	967	0
267954	235	189563	967	0
299184	235	198191	967	0
221066	235	282098	967	0
236482	235	189064	967	0
220786	235	231901	967	0
198651	235	188087	967	0
267049	235	219089	967	0
230648	235	188513	967	0
189437	106	200826	967	0
244867	235	188310	967	0
235228	235	188680	967	0
293933	235	192091	967	0
198972	235	188048	967	0
206213	235	190398	967	0
204378	235	190739	967	0
199158	235	188167	967	0
297193	235	188470	967	0
350632	235	196510	967	0
256395	235	188535	967	0
294286	235	188039	967	0
343398	289	287444	967	0
257141	235	189237	967	0
249744	235	343292	967	0
363252	235	188944	967	0
239582	235	189679	967	0
200377	235	188972	967	0
276237	235	188492	967	0
225040	106	195769	967	0
197136	235	190535	967	0
191393	267	310985	967	0
206194	235	188316	967	0
254898	235	188122	967	0
196920	264	190349	967	0
290852	235	188874	967	0
227537	235	188970	967	0
345976	235	188238	967	0
272091	235	192156	967	0
230394	273	191800	967	0
199866	235	188018	967	0
228388	235	191275	967	0
260672	235	196436	967	0
270002	235	188047	967	0
207409	235	190950	967	0
198336	235	190631	967	0
267948	106	232532	967	0
282104	235	194534	967	0
308339	235	190850	967	0
349681	235	196510	967	0
248043	235	188047	967	0
209985	235	189557	967	0
258847	235	199844	967	0
248690	235	200360	967	0
289627	235	188440	967	0
252115	235	189622	967	0
253888	235	188987	967	0
330994	235	188398	967	0
254151	235	188341	967	0
227082	235	191206	967	0
231440	235	188179	967	0
225745	235	188032	967	0
336033	235	188918	967	0
203583	235	189840	967	0
206879	235	188491	967	0
291480	235	188031	967	0
209114	235	206132	967	0
248545	235	189649	967	0
253182	235	188661	967	0
264110	235	193638	967	0
288604	235	188569	967	0
268947	235	190408	967	0
280253	235	188497	967	0
236651	235	188535	967	0
232650	235	189143	967	0
263444	235	188544	967	0
282762	235	189397	967	0
246844	235	189122	967	0
329962	235	196918	967	0
247889	235	188123	967	0
226734	235	195521	967	0
189829	254	267115	967	0
246188	235	188055	967	0
264240	235	188370	967	0
324014	235	190916	967	0
246604	235	190862	967	0
215729	235	191989	967	0
296167	273	194610	967	0
212002	235	189814	967	0
260913	235	189466	967	0
241687	235	188019	967	0
261810	235	193847	967	0
299134	235	189587	967	0
312323	282	237294	967	0
290750	235	188727	967	0
257622	235	192710	967	0
221704	235	193810	967	0
245611	235	188232	967	0
188080	262	325589	967	0
202743	235	189119	967	0
192344	262	331470	967	0
271512	235	188185	967	0
199534	235	188090	967	0
215470	235	206071	967	0
230328	235	252348	967	0
266712	235	265193	967	0
278707	235	190649	967	0
217788	235	189104	967	0
226079	235	189022	967	0
200275	235	192974	967	0
212085	235	188356	967	0
337932	235	188575	967	0
198814	235	188178	967	0
266301	235	191303	967	0
197259	235	188209	967	0
224754	235	188310	967	0
308158	235	189484	967	0
328272	235	188143	967	0
311788	235	274300	967	0
202510	235	188192	967	0
298946	235	189205	967	0
280556	106	192042	967	0
340795	235	188609	967	0
223327	235	195123	967	0
248874	235	189577	967	0
208319	289	296660	967	0
282187	235	188358	967	0
194739	106	188571	967	0
259808	235	188534	967	0
243408	235	190161	967	0
268825	235	190152	967	0
232588	37	191721	967	0
304264	235	189264	967	0
327502	273	234280	967	0
270041	235	189801	967	0
205524	235	195931	967	0
208466	235	188104	967	0
208561	235	188673	967	0
219669	235	201755	967	0
254782	235	196305	967	0
213327	235	188487	967	0
200551	235	189165	967	0
296660	289	208319	967	0
237289	235	192942	967	0
210173	235	188904	967	0
206763	235	190318	967	0
203729	262	322427	967	0
280996	235	188837	967	0
208372	235	188235	967	0
254139	235	190676	967	0
211792	235	188231	967	0
270480	235	188476	967	0
269115	235	219783	967	0
271087	289	312222	967	0
228093	235	188924	967	0
197103	235	188493	967	0
187997	263	230546	967	0
274208	235	193949	967	0
201137	235	188605	967	0
233412	235	189849	967	0
212834	235	190202	967	0
231809	235	188782	967	0
209640	235	191540	967	0
266420	235	190138	967	0
190093	106	198401	967	0
199148	235	204720	967	0
330925	245	216164	967	0
372397	235	190408	967	0
240180	235	194529	967	0
200223	235	192768	967	0
320066	235	189135	967	0
294576	235	190619	967	0
258587	235	188007	967	0
188750	76	189934	967	0
196217	235	188445	967	0
189644	106	270469	967	0
188642	254	218706	967	0
280834	235	191271	967	0
281876	219	216873	967	0
200683	235	255651	967	0
284868	235	300926	967	0
220893	235	188856	967	0
356348	235	196510	967	0
290219	235	188321	967	0
206422	235	189581	967	0
278201	235	193034	967	0
195400	235	189952	967	0
252534	235	188279	967	0
219812	235	188434	967	0
248867	235	188510	967	0
337695	235	259175	967	0
198221	235	189443	967	0
294596	235	188609	967	0
238647	235	190595	967	0
212835	235	188030	967	0
250247	235	189559	967	0
298476	235	188192	967	0
311422	235	190028	967	0
276076	235	338701	967	0
204936	235	191901	967	0
212549	235	205076	967	0
218539	235	188355	967	0
336883	235	189119	967	0
227112	235	188023	967	0
332395	289	272265	967	0
271169	235	188592	967	0
215133	235	188291	967	0
284479	235	188131	967	0
307916	235	188910	967	0
249244	235	195726	967	0
298348	235	189879	967	0
247623	235	188335	967	0
207592	235	188941	967	0
295916	235	195570	967	0
298693	235	198586	967	0
252510	235	188837	967	0
260974	235	188954	967	0
343318	235	189669	967	0
285336	235	190619	967	0
205319	235	190202	967	0
222828	235	191420	967	0
205817	235	188355	967	0
271897	235	205076	967	0
280268	235	190601	967	0
264625	235	188944	967	0
221275	235	188254	967	0
224893	235	210729	967	0
219609	235	188017	967	0
278866	235	194599	967	0
226618	235	191540	967	0
325777	235	194826	967	0
321043	235	342483	967	0
224676	235	188337	967	0
224001	235	298949	967	0
284880	235	188874	967	0
318113	235	188111	967	0
214196	235	188426	967	0
204466	235	188927	967	0
316344	235	189931	967	0
285736	235	188116	967	0
202862	235	188179	967	0
244271	235	192818	967	0
246813	235	188193	967	0
268673	235	191743	967	0
244184	235	189180	967	0
230689	235	196099	967	0
228718	235	189063	967	0
337754	235	188513	967	0
235795	235	198764	967	0
201838	235	191206	967	0
195409	235	208245	967	0
212818	235	191883	967	0
239553	235	189965	967	0
200381	235	188489	967	0
303969	235	188520	967	0
294458	235	188695	967	0
284683	235	191961	967	0
280133	235	189269	967	0
264539	235	189780	967	0
244238	235	188167	967	0
260117	235	188713	967	0
281624	235	196777	967	0
211367	235	189188	967	0
261770	235	222276	967	0
215715	235	200000	967	0
301462	235	188371	967	0
203660	106	190093	967	0
222247	235	188494	967	0
263296	235	188513	967	0
197759	235	199092	967	0
271390	235	189885	967	0
328109	235	192663	967	0
203712	235	188229	967	0
289278	235	191859	967	0
289762	235	192303	967	0
269906	235	191038	967	0
284643	235	189252	967	0
230222	235	244512	967	0
198317	235	188206	967	0
215800	235	190363	967	0
218387	235	188093	967	0
237663	235	188310	967	0
353957	235	189046	967	0
226102	235	188610	967	0
341882	235	189962	967	0
247665	235	201861	967	0
272526	235	189013	967	0
247135	235	194333	967	0
208904	235	198861	967	0
197808	106	229575	967	0
203598	235	188335	967	0
204609	235	191152	967	0
210772	235	188856	967	0
209128	235	189122	967	0
313787	235	191625	967	0
294340	235	189752	967	0
275728	235	188219	967	0
244219	235	188123	967	0
194928	235	190750	967	0
209356	235	188122	967	0
262000	235	188227	967	0
304311	235	188061	967	0
350342	235	196510	967	0
214662	235	188093	967	0
299660	235	188585	967	0
294585	235	231691	967	0
312667	235	195100	967	0
266328	235	188538	967	0
205059	235	188141	967	0
196986	106	191799	967	0
271431	235	194009	967	0
233757	235	189499	967	0
339306	235	188677	967	0
226105	235	188355	967	0
218549	235	192230	967	0
198199	106	302299	967	0
284683	235	188182	967	0
228252	235	189507	967	0
373383	235	188253	967	0
333214	235	189287	967	0
290755	289	265630	967	0
306183	235	188393	967	0
240602	235	188663	967	0
213337	235	188638	967	0
251820	235	188790	967	0
220141	235	188680	967	0
278004	235	189000	967	0
205408	235	189046	967	0
273753	235	190275	967	0
224288	235	189885	967	0
218457	235	189455	967	0
222420	235	188161	967	0
204869	235	195473	967	0
241784	235	190519	967	0
229290	235	189005	967	0
357884	235	190681	967	0
339280	34	332448	967	0
280268	235	195998	967	0
275876	235	190542	967	0
252697	235	190436	967	0
215003	235	188667	967	0
203191	235	188291	967	0
193586	235	219675	967	0
225312	235	189208	967	0
297560	235	188294	967	0
334757	235	190825	967	0
335473	235	191116	967	0
195771	235	191308	967	0
334995	235	189493	967	0
311643	235	245054	967	0
220389	235	192737	967	0
291533	235	189543	967	0
201685	235	188090	967	0
198433	224	236500	967	0
321863	235	189180	967	0
198401	106	190093	967	0
288391	235	263654	967	0
223484	235	188024	967	0
362600	235	190681	967	0
230871	235	188119	967	0
203239	235	188457	967	0
370515	235	189496	967	0
253838	235	190436	967	0
204984	235	188256	967	0
324408	235	190028	967	0
270925	235	188240	967	0
313078	235	189165	967	0
218097	235	191654	967	0
255055	235	196424	967	0
311153	106	312340	967	0
203816	235	190373	967	0
214456	235	188827	967	0
340935	235	192445	967	0
360635	235	191693	967	0
287661	235	188999	967	0
306350	235	188736	967	0
218177	235	189769	967	0
313697	235	188019	967	0
222502	235	190090	967	0
214169	235	194439	967	0
206047	235	190545	967	0
257421	235	247410	967	0
206575	235	188023	967	0
221084	235	188175	967	0
326976	235	245054	967	0
200370	235	189793	967	0
241507	235	188337	967	0
209477	235	189238	967	0
213845	235	188043	967	0
238647	235	190796	967	0
323862	235	188687	967	0
221099	235	200878	967	0
324693	235	189939	967	0
271171	235	191490	967	0
277884	235	190968	967	0
227540	235	189316	967	0
264133	235	189018	967	0
197591	235	192977	967	0
206212	235	196436	967	0
345795	235	189264	967	0
215885	235	188446	967	0
278775	273	235835	967	0
204467	235	194544	967	0
236548	235	189404	967	0
244262	235	188471	967	0
299458	235	190203	967	0
350885	235	188019	967	0
270965	235	189442	967	0
303800	235	189252	967	0
370673	264	190349	967	0
346538	235	188400	967	0
239503	235	188055	967	0
345266	235	190126	967	0
194474	235	188096	967	0
292023	235	188116	967	0
254552	235	189488	967	0
286534	235	199124	967	0
321167	235	196510	967	0
199704	235	189613	967	0
286669	235	188941	967	0
313052	235	196081	967	0
214617	106	205240	967	0
216727	235	188142	967	0
223404	42	261262	967	0
200032	235	188320	967	0
280595	235	189269	967	0
339624	235	190527	967	0
283749	235	189801	967	0
201993	235	188451	967	0
338550	106	231976	967	0
246983	235	188609	967	0
246878	235	190070	967	0
201545	235	190069	967	0
272120	235	188496	967	0
231494	235	188782	967	0
258731	235	190263	967	0
240553	235	188235	967	0
333423	262	294859	967	0
236321	235	188218	967	0
271096	235	188503	967	0
257532	235	188713	967	0
210082	235	188837	967	0
215966	235	188538	967	0
349087	235	190672	967	0
229872	235	190140	967	0
215341	235	188648	967	0
286614	235	238051	967	0
226194	235	188950	967	0
236764	235	188312	967	0
276809	235	189137	967	0
295822	235	188061	967	0
252160	235	188904	967	0
206408	235	189001	967	0
214955	235	191152	967	0
242433	235	188337	967	0
324182	235	191859	967	0
243655	235	188950	967	0
342698	235	196510	967	0
289752	235	198441	967	0
301607	235	189137	967	0
241515	235	188193	967	0
276129	235	188786	967	0
283126	235	189137	967	0
288786	235	237470	967	0
287132	235	241914	967	0
292936	235	189780	967	0
230299	235	188535	967	0
276670	235	298949	967	0
248160	235	188904	967	0
239901	235	189536	967	0
272310	235	195331	967	0
302249	235	188014	967	0
256755	235	189769	967	0
266027	235	194446	967	0
254277	235	220020	967	0
273058	235	189355	967	0
303088	235	197213	967	0
208945	289	327997	967	0
224973	235	188122	967	0
257601	235	188513	967	0
335408	262	367039	967	0
250594	235	192934	967	0
208463	235	189466	967	0
306103	235	189165	967	0
270478	235	189269	967	0
206796	235	188421	967	0
239237	235	188400	967	0
295343	235	188039	967	0
225474	106	209293	967	0
241944	235	188609	967	0
240601	235	191368	967	0
195209	235	191062	967	0
283103	235	191859	967	0
224765	235	188648	967	0
229003	235	188547	967	0
191293	76	189934	967	0
243569	235	188193	967	0
304051	235	188406	967	0
258345	235	188111	967	0
279247	235	188662	967	0
308022	235	192768	967	0
264040	235	189967	967	0
306945	235	188204	967	0
268089	235	215308	967	0
201373	235	210176	967	0
284868	235	188879	967	0
270041	235	191602	967	0
221509	235	188929	967	0
239366	235	238051	967	0
286259	42	189573	967	0
319611	235	190271	967	0
316165	235	191954	967	0
279183	262	294859	967	0
324753	235	188753	967	0
283776	235	196810	967	0
258470	106	194739	967	0
226062	235	188111	967	0
196390	235	188370	967	0
281710	235	192783	967	0
200590	235	188016	967	0
214696	235	189238	967	0
272265	289	332395	967	0
308670	289	242283	967	0
285181	235	188602	967	0
293310	235	194101	967	0
349221	76	189934	967	0
188749	267	367473	967	0
298750	235	190835	967	0
364588	235	189496	967	0
282095	235	238051	967	0
234042	235	188816	967	0
227433	235	188032	967	0
190349	264	194180	967	0
221718	235	188407	967	0
210570	235	188440	967	0
280437	235	189780	967	0
209165	235	188505	967	0
230952	106	190061	967	0
268242	235	188204	967	0
233037	235	188149	967	0
328599	47	197993	967	0
294386	235	189137	967	0
308890	235	189907	967	0
362481	235	193638	967	0
247930	235	189036	967	0
207773	235	190169	967	0
268979	235	189769	967	0
206084	235	191405	967	0
306507	235	188879	967	0
261693	235	188482	967	0
260918	235	192390	967	0
202151	235	188997	967	0
190161	239	224297	967	0
229000	235	189242	967	0
270755	235	189316	967	0
328596	235	188282	967	0
273733	235	223744	967	0
194373	235	193184	967	0
277323	235	190443	967	0
188845	106	190093	967	0
299159	235	210176	967	0
220255	235	231901	967	0
265785	235	188398	967	0
230907	235	188568	967	0
235800	235	191847	967	0
268471	235	225313	967	0
259875	235	188023	967	0
283756	235	189462	967	0
289728	235	189817	967	0
220996	235	190242	967	0
205131	235	200978	967	0
199163	235	208163	967	0
290557	235	188513	967	0
293232	235	189849	967	0
231455	235	189528	967	0
263520	235	188031	967	0
224424	235	188564	967	0
205268	235	191893	967	0
289728	235	188045	967	0
218104	106	225740	967	0
306957	235	190525	967	0
245671	235	189252	967	0
210519	235	194042	967	0
243085	235	189395	967	0
199841	235	223443	967	0
236359	235	188507	967	0
310363	289	324190	967	0
204630	235	189229	967	0
276489	235	188884	967	0
295612	235	189319	967	0
287669	235	188045	967	0
207524	235	188335	967	0
219656	235	234454	967	0
234435	235	188507	967	0
190238	106	190093	967	0
288476	235	191511	967	0
204851	235	188828	967	0
311592	235	188393	967	0
318660	262	367039	967	0
214731	235	247397	967	0
239139	235	190113	967	0
287279	235	188247	967	0
244364	235	188886	967	0
330488	235	190275	967	0
221434	235	188480	967	0
253146	235	189466	967	0
219765	235	188243	967	0
318615	235	312634	967	0
224023	235	214241	967	0
262056	235	188055	967	0
220383	235	188384	967	0
243880	235	189264	967	0
190349	262	318606	967	0
251565	235	188492	967	0
345990	76	189934	967	0
196334	235	189433	967	0
245334	235	196278	967	0
214154	235	188101	967	0
224623	235	189720	967	0
276600	235	192038	967	0
216908	235	192502	967	0
227567	235	196436	967	0
273505	235	189269	967	0
310528	235	283972	967	0
356654	235	192316	967	0
280217	235	188533	967	0
197865	235	210176	967	0
252534	235	188782	967	0
208728	235	189524	967	0
306100	235	188032	967	0
202966	106	315399	967	0
239885	235	199246	967	0
310724	235	190057	967	0
313743	235	191859	967	0
263905	235	188927	967	0
208381	235	198697	967	0
292920	235	190954	967	0
301957	235	191859	967	0
332830	235	192445	967	0
218959	235	188444	967	0
268532	235	188906	967	0
224348	235	188228	967	0
271159	235	194505	967	0
319073	235	188445	967	0
303721	235	192638	967	0
257404	235	206056	967	0
234895	235	191118	967	0
194710	106	189983	967	0
280595	235	189182	967	0
334661	235	188796	967	0
208674	235	188210	967	0
239778	235	190930	967	0
270624	235	194970	967	0
291447	235	190852	967	0
264760	235	188171	967	0
219930	235	188076	967	0
236110	235	189010	967	0
267002	235	189780	967	0
256724	235	188310	967	0
270590	273	191800	967	0
256724	235	189769	967	0
225740	106	198199	967	0
301494	235	188072	967	0
194739	106	258470	967	0
235616	235	189311	967	0
337384	235	190114	967	0
205019	235	188019	967	0
223669	235	189546	967	0
208158	235	188966	967	0
244113	235	189269	967	0
240486	235	188699	967	0
336275	235	189641	967	0
279773	235	189837	967	0
201715	235	194989	967	0
211792	235	189048	967	0
188339	254	244463	967	0
240498	235	188837	967	0
233199	235	188471	967	0
206910	235	188421	967	0
225530	235	207921	967	0
285150	235	188982	967	0
241146	235	188093	967	0
285299	235	188335	967	0
227998	235	189907	967	0
209903	235	188001	967	0
278606	235	188418	967	0
206479	235	188411	967	0
198199	106	225740	967	0
282425	235	188987	967	0
229872	235	188804	967	0
203785	235	190443	967	0
272744	235	249141	967	0
220874	235	189362	967	0
324190	289	310363	967	0
193814	235	188027	967	0
201763	235	189345	967	0
303350	235	189180	967	0
216348	235	188016	967	0
267189	235	189686	967	0
209197	235	193194	967	0
315970	235	188609	967	0
232647	235	192484	967	0
203965	235	242054	967	0
196268	235	188006	967	0
231113	235	188981	967	0
236559	235	188260	967	0
231003	235	190409	967	0
210134	235	190064	967	0
245468	235	188111	967	0
195307	235	188001	967	0
233339	235	188837	967	0
242342	235	188294	967	0
254694	106	198199	967	0
265630	289	290755	967	0
196312	235	188640	967	0
208276	235	188491	967	0
207485	235	191230	967	0
194929	235	195695	967	0
237187	235	188471	967	0
234037	235	188254	967	0
217257	235	193427	967	0
276478	235	190841	967	0
201904	235	188728	967	0
300150	235	193638	967	0
260554	235	241914	967	0
247218	235	189587	967	0
207661	235	189376	967	0
333348	289	333347	967	0
209680	235	188005	967	0
226599	235	188534	967	0
232870	235	199246	967	0
267189	235	189269	967	0
241673	235	188035	967	0
257328	235	189769	967	0
190036	106	188174	967	0
371596	235	192070	967	0
288057	235	190368	967	0
309310	235	198363	967	0
299671	235	190166	967	0
312461	235	188183	967	0
331891	289	210874	967	0
253267	235	189536	967	0
340567	235	193111	967	0
242661	235	190194	967	0
201117	235	204397	967	0
292195	235	206620	967	0
280059	235	188235	967	0
248845	235	189584	967	0
375241	235	188609	967	0
259075	235	189822	967	0
232354	235	189655	967	0
298282	235	192613	967	0
265027	235	188031	967	0
199211	235	188946	967	0
272966	235	190176	967	0
200547	235	192934	967	0
200366	235	191366	967	0
286010	235	242477	967	0
217540	235	189507	967	0
204476	235	188256	967	0
236321	235	188193	967	0
247556	235	188278	967	0
241085	235	190456	967	0
245143	235	194242	967	0
202455	235	188659	967	0
228372	235	188437	967	0
299715	235	188200	967	0
223861	235	188235	967	0
290656	241	225536	967	0
224947	235	188031	967	0
375371	262	331470	967	0
212800	235	188424	967	0
244238	235	188335	967	0
203338	235	190153	967	0
295241	235	191693	967	0
228219	235	189968	967	0
202826	235	196858	967	0
207828	235	188879	967	0
227527	235	201822	967	0
247556	235	190833	967	0
209683	235	188713	967	0
216731	235	189738	967	0
291992	235	191974	967	0
285325	235	188398	967	0
282609	235	188492	967	0
253176	235	215739	967	0
284372	235	190844	967	0
317320	235	194515	967	0
190042	106	338735	967	0
273191	235	191636	967	0
203088	235	206132	967	0
282913	235	188513	967	0
259611	235	269100	967	0
204394	235	200878	967	0
263643	235	189410	967	0
282522	235	197202	967	0
197995	289	314383	967	0
318992	235	193638	967	0
193695	235	191230	967	0
217796	235	188713	967	0
218150	235	188436	967	0
243425	235	188256	967	0
241420	235	192638	967	0
286351	289	367613	967	0
293284	235	190386	967	0
191799	106	196986	967	0
246771	235	188031	967	0
331086	235	189619	967	0
249988	235	191499	967	0
221070	235	191945	967	0
218597	235	196855	967	0
213142	235	191255	967	0
197895	235	191407	967	0
222174	235	189028	967	0
200426	235	188629	967	0
203578	235	188133	967	0
240844	235	194591	967	0
328693	235	188111	967	0
264106	235	188089	967	0
340500	235	189228	967	0
211329	235	188970	967	0
220648	235	188377	967	0
266209	235	196278	967	0
201108	235	189225	967	0
204813	235	188518	967	0
223882	235	188017	967	0
263494	235	194891	967	0
208988	235	196305	967	0
206065	235	188085	967	0
230076	235	189520	967	0
274315	292	353144	967	0
265945	235	188089	967	0
318268	235	193507	967	0
217615	235	188001	967	0
250710	235	198122	967	0
267862	289	247069	967	0
228211	235	188999	967	0
226608	235	188210	967	0
241378	235	188510	967	0
266028	235	190192	967	0
334246	235	191309	967	0
295286	235	189264	967	0
198199	106	191247	967	0
289610	235	188156	967	0
217402	235	189950	967	0
375688	45	194127	967	0
301626	235	193172	967	0
334355	235	189015	967	0
356556	235	193985	967	0
234402	235	190408	967	0
222450	235	188578	967	0
210811	235	188086	967	0
198199	106	254694	967	0
275484	235	188128	967	0
271758	235	188527	967	0
272278	235	191475	967	0
227808	235	189362	967	0
289278	235	196810	967	0
226222	235	188234	967	0
216865	235	189725	967	0
290839	235	188595	967	0
270974	235	188190	967	0
368957	289	294345	967	0
222677	235	188375	967	0
233057	245	314614	967	0
275876	235	190133	967	0
212575	235	188235	967	0
291135	235	202097	967	0
218657	235	188007	967	0
334304	42	257876	967	0
202290	235	188603	967	0
234948	235	188500	967	0
302299	106	198199	967	0
230856	235	188256	967	0
316226	235	234420	967	0
340203	235	188445	967	0
234231	235	188122	967	0
269837	235	189793	967	0
281608	235	188665	967	0
371795	235	202090	967	0
221012	235	189936	967	0
251510	235	188874	967	0
197493	235	193085	967	0
244214	235	188561	967	0
269656	235	189536	967	0
334993	235	189037	967	0
196602	235	188040	967	0
239034	235	188570	967	0
212077	235	218552	967	0
277231	235	191821	967	0
272524	235	188725	967	0
290857	235	189921	967	0
217773	235	188247	967	0
210643	235	222276	967	0
274194	235	191181	967	0
229478	235	191181	967	0
274228	235	192259	967	0
244581	235	192284	967	0
346643	235	193985	967	0
303742	235	188370	967	0
265906	235	188534	967	0
194545	235	192619	967	0
288033	235	188156	967	0
226440	235	188040	967	0
282660	235	188612	967	0
276912	235	189264	967	0
197860	235	189552	967	0
313963	235	188665	967	0
286241	235	189646	967	0
226382	235	188384	967	0
220381	235	188014	967	0
322359	235	188918	967	0
210087	235	189395	967	0
311162	106	190093	967	0
327290	235	188709	967	0
260743	235	191538	967	0
224645	235	189028	967	0
289312	235	190619	967	0
243725	235	189834	967	0
359741	262	348935	967	0
282332	235	189150	967	0
206554	235	188448	967	0
302460	235	188335	967	0
365309	235	189287	967	0
282651	235	188373	967	0
259107	235	192187	967	0
313923	235	193638	967	0
292608	235	191859	967	0
198374	235	188754	967	0
220850	235	201319	967	0
208754	235	257212	967	0
209493	235	190057	967	0
231647	235	188804	967	0
304246	235	189728	967	0
354709	235	192445	967	0
204089	235	188744	967	0
216038	235	189686	967	0
295670	235	193496	967	0
216206	235	189007	967	0
214153	235	188437	967	0
283980	235	188239	967	0
303032	235	190619	967	0
290873	235	188254	967	0
221412	235	188314	967	0
214476	235	188227	967	0
273228	235	192711	967	0
290227	235	190443	967	0
217003	235	188492	967	0
295723	235	188987	967	0
233775	235	188132	967	0
256372	176	338272	967	0
196706	235	269100	967	0
241215	235	188132	967	0
202248	235	194881	967	0
306110	235	188500	967	0
345795	235	190368	967	0
354039	235	189046	967	0
321167	235	190681	967	0
299200	235	192942	967	0
226333	235	188805	967	0
193501	235	194989	967	0
216669	235	188722	967	0
362169	42	364093	967	0
266605	235	188713	967	0
284178	235	188458	967	0
290305	235	188994	967	0
202224	235	188306	967	0
252780	235	188837	967	0
288199	235	191677	967	0
291351	289	291352	967	0
301318	235	188010	967	0
211423	235	228527	967	0
223669	235	189546	967	0
198182	235	204140	967	0
263182	235	188731	967	0
210763	235	188232	967	0
204197	235	188457	967	0
265271	235	188648	967	0
191111	106	189409	967	0
264582	235	188231	967	0
203493	235	204650	967	0
254183	235	188534	967	0
207486	235	188411	967	0
263769	235	269907	967	0
278658	235	189062	967	0
216782	235	205996	967	0
297291	235	188874	967	0
202886	235	189921	967	0
230232	235	189018	967	0
198029	273	187996	967	0
201308	235	188108	967	0
266176	235	191467	967	0
233748	235	188130	967	0
248490	235	188635	967	0
296858	235	200634	967	0
200286	235	188373	967	0
285581	235	188017	967	0
290046	235	189201	967	0
231100	235	188457	967	0
216906	235	188493	967	0
259488	235	191156	967	0
295848	235	190298	967	0
203887	235	207974	967	0
243044	235	191731	967	0
196211	235	188492	967	0
225964	235	188966	967	0
256918	235	188837	967	0
295006	235	188593	967	0
196892	235	189367	967	0
188174	106	189526	967	0
222281	235	190215	967	0
247754	235	188221	967	0
190349	264	198003	967	0
201008	235	206132	967	0
283416	235	193426	967	0
202198	235	190190	967	0
216040	235	190739	967	0
300161	235	195846	967	0
333347	289	333348	967	0
215159	235	188060	967	0
208040	235	188297	967	0
236184	235	188457	967	0
283732	235	188424	967	0
315970	235	194516	967	0
372693	278	373583	967	0
205144	235	188197	967	0
204189	235	192004	967	0
328442	235	188454	967	0
198548	235	236836	967	0
287921	235	188180	967	0
190093	106	203660	967	0
258518	235	188677	967	0
197955	235	189311	967	0
271139	235	193949	967	0
208082	235	190250	967	0
233316	235	188142	967	0
246858	245	249615	967	0
316959	235	189283	967	0
196199	235	188903	967	0
212566	235	188770	967	0
188174	106	190036	967	0
204369	235	188200	967	0
221624	235	188440	967	0
201634	235	236914	967	0
223479	235	188086	967	0
244260	235	189790	967	0
342354	235	196436	967	0
239602	235	190096	967	0
291992	235	190959	967	0
302640	235	188014	967	0
300083	235	192607	967	0
229575	106	197808	967	0
259301	235	193066	967	0
217943	235	188535	967	0
211749	235	188063	967	0
215904	235	191164	967	0
206870	235	195737	967	0
247569	235	190761	967	0
215227	235	212998	967	0
340373	235	208681	967	0
338735	106	190042	967	0
344154	235	198441	967	0
206210	235	191426	967	0
251582	235	189582	967	0
231046	235	194505	967	0
296551	235	195295	967	0
223918	235	188951	967	0
241083	235	188201	967	0
270961	235	189015	967	0
312817	235	188471	967	0
324519	235	188229	967	0
262252	235	191187	967	0
258286	289	314188	967	0
264218	235	188172	967	0
227603	235	188005	967	0
312263	235	189780	967	0
227151	235	188493	967	0
208291	235	189279	967	0
252541	235	189319	967	0
221940	235	188310	967	0
216932	235	188411	967	0
223524	235	189362	967	0
283998	235	188294	967	0
200706	235	189757	967	0
256733	235	188771	967	0
256300	235	189252	967	0
206010	235	188149	967	0
221786	235	188232	967	0
200277	235	191303	967	0
204633	235	188790	967	0
198139	245	373020	967	0
198788	235	188495	967	0
205240	106	214617	967	0
302709	235	227218	967	0
189983	106	194710	967	0
210959	235	188446	967	0
208412	235	188440	967	0
232040	235	188497	967	0
223405	235	189006	967	0
234793	235	188742	967	0
219905	235	240664	967	0
319796	235	189587	967	0
247212	235	188312	967	0
235163	235	188256	967	0
295105	235	188344	967	0
346410	235	190527	967	0
203485	235	189851	967	0
266223	235	189165	967	0
194342	235	191613	967	0
204356	235	193491	967	0
304415	235	190833	967	0
201103	235	188457	967	0
203366	235	188663	967	0
205406	235	188145	967	0
188811	106	189190	967	0
233669	235	188444	967	0
343991	262	364031	967	0
207159	235	189530	967	0
217139	235	192496	967	0
256142	235	190646	967	0
347844	235	189491	967	0
287152	235	201755	967	0
211057	235	192036	967	0
233028	289	209818	967	0
305468	235	189967	967	0
217803	235	190019	967	0
208521	235	188817	967	0
203682	235	188534	967	0
227203	235	188024	967	0
327997	289	208945	967	0
206680	235	189641	967	0
197993	47	328599	967	0
288352	235	189394	967	0
213119	235	188753	967	0
211807	235	188982	967	0
335015	282	335402	967	0
288244	235	188440	967	0
202613	235	188225	967	0
230694	235	189803	967	0
249232	235	196546	967	0
325322	235	188551	967	0
258872	235	241646	967	0
316917	235	188042	967	0
199308	235	193184	967	0
329843	235	189780	967	0
315399	106	202966	967	0
210884	235	190720	967	0
221903	235	188513	967	0
202570	235	188089	967	0
235785	235	190234	967	0
196836	235	195521	967	0
222547	235	189764	967	0
215036	235	188211	967	0
312168	235	188635	967	0
214314	235	188611	967	0
281794	235	188950	967	0
335531	235	193753	967	0
223465	235	191532	967	0
235378	235	190642	967	0
221648	235	190132	967	0
341604	235	188924	967	0
270208	235	188907	967	0
283447	235	188021	967	0
251389	235	189048	967	0
206305	235	188310	967	0
251376	235	189885	967	0
250741	235	188492	967	0
210767	235	188011	967	0
234457	235	188837	967	0
227064	235	188268	967	0
236641	235	190035	967	0
278375	235	188519	967	0
213581	235	188342	967	0
245813	235	188059	967	0
239699	235	188817	967	0
264661	235	188687	967	0
311893	49	189602	967	0
235893	235	189308	967	0
242985	235	188193	967	0
280337	235	192079	967	0
277522	235	188496	967	0
256944	235	188231	967	0
357126	235	188890	967	0
209707	235	194003	967	0
250812	235	188132	967	0
228303	235	188003	967	0
204050	235	191413	967	0
232483	235	219709	967	0
210632	235	188480	967	0
256620	235	188188	967	0
286698	58	211928	967	0
286886	235	200908	967	0
233077	235	189114	967	0
226211	235	189338	967	0
203523	235	189000	967	0
361479	235	189907	967	0
245894	235	188335	967	0
215290	235	189042	967	0
200214	235	198302	967	0
221944	235	224804	967	0
188125	262	196949	967	0
209592	235	193234	967	0
269923	235	189362	967	0
261101	235	190748	967	0
221530	235	189760	967	0
271590	235	193630	967	0
215784	235	188648	967	0
219531	235	193645	967	0
230562	235	190443	967	0
262837	235	188030	967	0
200303	235	188096	967	0
275186	235	188703	967	0
196960	235	188034	967	0
223494	235	228581	967	0
232976	235	189679	967	0
226419	235	188045	967	0
313903	235	188633	967	0
214610	235	191126	967	0
219444	235	189217	967	0
242635	235	188527	967	0
232532	106	267948	967	0
294921	235	192475	967	0
366594	235	188480	967	0
292119	245	337656	967	0
213195	235	188756	967	0
334253	235	188557	967	0
314383	289	197995	967	0
207393	235	188171	967	0
222196	235	188297	967	0
231976	106	338550	967	0
200826	106	189437	967	0
357480	235	189750	967	0
281407	235	190184	967	0
242849	235	188231	967	0
279798	235	190548	967	0
227018	235	188106	967	0
231149	235	188255	967	0
206888	235	191846	967	0
214387	235	189103	967	0
290058	235	189346	967	0
322136	235	189252	967	0
269216	235	188355	967	0
299890	235	189165	967	0
206720	235	188480	967	0
221245	235	188710	967	0
318213	235	312634	967	0
208003	235	189809	967	0
208128	235	188045	967	0
328371	238	188004	967	0
309624	235	188086	967	0
292610	235	188879	967	0
245611	235	188957	967	0
211844	235	188078	967	0
198745	235	191407	967	0
209064	235	191060	967	0
252894	235	188527	967	0
228161	235	191981	967	0
256951	235	190275	967	0
215467	235	188210	967	0
221406	235	188355	967	0
239180	235	188119	967	0
244407	235	188263	967	0
268398	235	189257	967	0
226826	235	232158	967	0
196296	235	194544	967	0
258254	235	188047	967	0
216360	235	188609	967	0
287016	235	192533	967	0
265839	235	189885	967	0
269744	235	190408	967	0
239230	235	189780	967	0
238563	235	188355	967	0
348338	239	370949	967	0
222552	235	189769	967	0
214554	235	188451	967	0
268990	235	191811	967	0
209818	289	233028	967	0
281436	235	189264	967	0
288840	235	189348	967	0
205657	235	188454	967	0
301426	235	188513	967	0
268093	235	188513	967	0
244367	235	188053	967	0
231248	235	188782	967	0
217212	235	188075	967	0
292883	235	188278	967	0
203480	289	229269	967	0
257851	235	191832	967	0
228224	235	188513	967	0
289749	235	188019	967	0
211014	235	206802	967	0
294585	235	225313	967	0
198036	235	188384	967	0
254529	235	190138	967	0
229157	235	196546	967	0
251530	235	191433	967	0
195798	235	253694	967	0
211603	235	188010	967	0
221565	235	188203	967	0
286948	262	331470	967	0
305697	235	188904	967	0
208973	235	189895	967	0
204747	235	188085	967	0
253000	235	192192	967	0
275846	235	224130	967	0
232229	235	189287	967	0
194598	235	238613	967	0
204710	235	188468	967	0
268471	235	189619	967	0
310938	262	373157	967	0
194847	235	190153	967	0
302620	235	196810	967	0
249968	235	191090	967	0
262676	235	190035	967	0
315421	235	189319	967	0
197147	235	188450	967	0
263088	235	188186	967	0
190093	106	190036	967	0
264106	235	188481	967	0
278505	235	196918	967	0
197304	235	188648	967	0
341168	235	190859	967	0
199556	235	188020	967	0
233246	235	199079	967	0
365221	235	191980	967	0
334757	235	188222	967	0
335097	235	190821	967	0
239208	235	188837	967	0
221045	235	188193	967	0
206743	235	188507	967	0
231221	235	252119	967	0
198003	264	190349	967	0
241115	235	192566	967	0
198473	235	231743	967	0
198259	235	191857	967	0
271423	235	189769	967	0
256834	106	202086	967	0
190093	106	188845	967	0
243827	235	188028	967	0
339608	235	199176	967	0
283650	235	188182	967	0
207544	235	189770	967	0
353962	235	191218	967	0
226276	235	196777	967	0
227779	235	188108	967	0
245880	235	189264	967	0
278147	235	189334	967	0
264522	235	189885	967	0
240080	235	190165	967	0
248572	235	188279	967	0
352120	235	189549	967	0
356118	235	190852	967	0
330731	235	193753	967	0
232271	235	189835	967	0
302448	235	192832	967	0
283103	235	196810	967	0
316547	235	188979	967	0
215206	235	188030	967	0
282123	235	188093	967	0
190349	264	196920	967	0
271932	235	188063	967	0
288551	235	188059	967	0
214828	235	188063	967	0
294585	235	189619	967	0
275107	235	190477	967	0
300310	235	189938	967	0
237049	235	188335	967	0
273679	235	194446	967	0
289554	235	188492	967	0
228491	235	188513	967	0
250103	235	188500	967	0
342933	235	188609	967	0
268569	235	188595	967	0
208240	235	194020	967	0
222209	235	189390	967	0
198233	235	189904	967	0
277813	235	188877	967	0
209037	235	190647	967	0
315533	235	188709	967	0
283487	235	189945	967	0
230512	235	189011	967	0
211131	235	189191	967	0
197199	235	203624	967	0
217990	235	188017	967	0
206799	235	188141	967	0
271185	235	188480	967	0
305015	235	188307	967	0
222997	235	189287	967	0
210040	235	189557	967	0
284541	235	189114	967	0
275946	235	188315	967	0
236720	235	188310	967	0
245443	235	198866	967	0
197400	235	188001	967	0
235320	235	188918	967	0
194513	235	192018	967	0
194944	235	189109	967	0
245882	235	188904	967	0
202874	235	189362	967	0
215211	235	203377	967	0
293448	235	188101	967	0
319095	245	319094	967	0
247471	235	188193	967	0
276224	235	216354	967	0
201639	235	189539	967	0
259359	235	188358	967	0
216520	235	199544	967	0
247558	235	188167	967	0
255387	235	189849	967	0
265681	235	189769	967	0
216321	235	188011	967	0
209094	235	188119	967	0
195769	106	225040	967	0
304041	235	189240	967	0
223818	235	192974	967	0
204692	235	188001	967	0
303424	235	192090	967	0
315724	235	188540	967	0
240969	235	222767	967	0
294237	235	221227	967	0
222658	235	189015	967	0
244065	235	192246	967	0
278656	235	204401	967	0
338171	235	195388	967	0
288981	235	188239	967	0
238055	235	189097	967	0
214801	235	191960	967	0
202142	235	188668	967	0
210040	235	188457	967	0
275014	235	318917	967	0
221737	235	188175	967	0
264937	235	188035	967	0
237484	235	188790	967	0
244186	235	188661	967	0
311592	235	237780	967	0
251514	235	189515	967	0
222517	235	188985	967	0
208237	235	196407	967	0
265300	235	189180	967	0
190093	106	311162	967	0
254667	235	189639	967	0
249268	235	191941	967	0
266315	235	220930	967	0
214414	235	188471	967	0
326015	235	189119	967	0
243134	235	194530	967	0
212891	235	188887	967	0
223017	235	191893	967	0
204423	235	188792	967	0
258726	235	191090	967	0
218237	235	193950	967	0
232880	235	190090	967	0
230873	235	189226	967	0
258358	235	188633	967	0
224009	235	188193	967	0
204833	235	188109	967	0
227151	235	188355	967	0
274358	235	189340	967	0
318141	235	190368	967	0
247121	235	190469	967	0
292087	235	189904	967	0
231841	235	207921	967	0
347083	235	196510	967	0
218371	235	189128	967	0
230188	235	188347	967	0
200558	235	189806	967	0
253089	235	188107	967	966
285076	235	189003	967	967
204880	235	189311	967	967
283980	235	188469	967	967
240909	139	284962	967	967
210827	235	188332	967	967
282481	235	189230	967	967
272870	235	188617	967	967
251669	235	188628	967	967
191841	235	188126	967	967
220754	235	188730	967	967
267464	235	197896	967	967
309554	139	354306	967	967
197546	235	189555	967	967
264176	235	190684	967	967
241549	235	188948	967	967
205481	235	188202	967	967
203240	235	189795	967	967
259792	235	189560	967	967
280004	235	188029	967	967
220165	235	192233	967	967
317512	235	192630	967	967
329616	139	280439	967	967
192232	235	188319	967	967
203303	235	188617	967	967
224284	235	188139	967	967
197115	235	205064	967	967
317720	235	195105	967	967
194117	235	188498	967	967
210305	235	188830	967	967
307646	235	189649	967	967
205134	235	188959	967	967
209749	235	240747	967	967
290097	235	191821	967	967
209624	235	196415	967	967
268515	235	218849	967	967
217411	235	188611	967	967
263396	235	189919	967	967
259450	235	189134	967	967
216786	235	192496	967	967
196828	235	189064	967	967
210954	235	188539	967	967
305692	235	202014	967	967
197734	235	190399	967	967
347721	282	373945	967	967
218657	235	188391	967	967
261140	235	188068	967	967
225770	235	189518	967	967
301885	52	355026	967	967
213367	235	259411	967	967
222725	235	191731	967	967
261619	235	232038	967	967
236169	235	192409	967	967
283376	235	190695	967	967
252852	235	191452	967	967
204330	235	188570	967	967
197309	235	192612	967	967
198226	235	188859	967	967
200796	235	191698	967	967
307979	235	188003	967	967
195361	235	188538	967	967
260339	235	188902	967	967
196381	235	193512	967	967
269299	282	326034	967	967
211428	235	190313	967	967
246592	235	188126	967	967
229938	235	188139	967	967
227228	235	192240	967	967
282984	235	188241	967	967
193201	235	240664	967	967
197893	235	190824	967	967
308516	139	342284	967	967
217991	235	189064	967	967
193583	235	189763	967	967
230380	235	189154	967	967
243508	235	188545	967	967
304998	235	189851	967	967
196604	235	192612	967	967
288497	282	336786	967	967
213884	235	188471	967	967
245673	235	191980	967	967
256202	235	190032	967	967
256428	235	188222	967	967
197360	235	190899	967	967
286707	52	256770	967	967
230691	235	189734	967	967
209149	235	196477	967	967
295782	235	191406	967	967
319477	235	190541	967	967
200228	235	189559	967	967
228509	235	191424	967	967
208414	235	190311	967	967
342477	235	190157	967	967
277475	235	192038	967	967
197175	235	190549	967	967
195610	235	197034	967	967
216410	235	196305	967	967
210237	52	372834	967	967
294475	235	190936	967	967
198957	235	189760	967	967
293751	235	188592	967	967
274610	235	191200	967	967
200557	235	192612	967	967
297272	235	191972	967	967
203365	235	189077	967	967
264704	235	189099	967	967
232497	235	188494	967	967
194102	235	189696	967	967
246235	42	188272	967	967
258459	235	191648	967	967
241145	235	188259	967	967
269566	235	188244	967	967
289936	235	189751	967	967
217129	235	188601	967	967
255522	235	188029	967	967
207797	235	189720	967	967
200386	235	190701	967	967
194383	235	188494	967	967
204196	235	189671	967	967
218247	235	218463	967	967
355973	282	215903	967	967
224655	235	189814	967	967
226363	235	324285	967	967
240441	235	188388	967	967
194315	235	194515	967	967
264418	235	190264	967	967
242315	235	190041	967	967
340324	235	189967	967	967
330232	235	200360	967	967
205893	235	188040	967	967
257425	235	190213	967	967
223665	282	366365	967	967
277668	235	189002	967	967
353722	139	203442	967	967
217261	235	189351	967	967
270098	235	188244	967	967
194435	235	189827	967	967
199064	235	189023	967	967
202531	235	189622	967	967
225172	282	190982	967	967
231536	235	188909	967	967
200790	235	188069	967	967
302289	235	191014	967	967
220834	235	188444	967	967
303281	282	308161	967	967
253239	235	189137	967	967
193814	235	188452	967	967
293076	235	188773	967	967
233467	235	189948	967	967
253242	235	201512	967	967
234638	235	190152	967	967
251771	235	189853	967	967
298693	235	190106	967	967
216909	235	188559	967	967
251837	139	321722	967	967
281521	235	189164	967	967
204071	235	188678	967	967
314999	235	189499	967	967
216857	235	192390	967	967
274467	282	188930	967	967
308229	235	189682	967	967
240944	235	189238	967	967
364214	282	221755	967	967
305802	235	268621	967	967
231154	235	191434	967	967
210819	235	188399	967	967
259889	235	190952	967	967
219409	235	188237	967	967
199778	235	189244	967	967
201207	235	188649	967	967
204187	235	188495	967	967
331926	235	194130	967	967
239066	235	188237	967	967
234985	235	189902	967	967
257759	235	192528	967	967
204838	235	189902	967	967
237753	282	190247	967	967
209616	235	191206	967	967
199483	235	189035	967	967
260803	235	188843	967	967
205215	235	189218	967	967
297799	235	193393	967	967
226266	235	189219	967	967
227031	235	188250	967	967
269427	235	189628	967	967
277904	235	188472	967	967
371114	37	211800	967	967
346182	139	254463	967	967
280471	52	329616	967	967
236900	235	188943	967	967
276064	235	206356	967	967
291589	235	189872	967	967
192967	235	188056	967	967
221391	235	188869	967	967
224533	235	188421	967	967
272905	235	323754	967	967
259235	235	190048	967	967
207726	235	188442	967	967
294655	235	188906	967	967
316726	235	189855	967	967
194196	235	215739	967	967
255018	235	188538	967	967
295632	235	211060	967	967
191481	52	346182	967	967
307924	235	189600	967	967
258745	235	189099	967	967
243995	235	189597	967	967
198360	235	191580	967	967
321213	235	188552	967	967
204250	235	188197	967	967
329801	235	189454	967	967
229734	235	225145	967	967
278068	282	191470	967	967
273164	235	241421	967	967
215465	235	188801	967	967
195456	235	188858	967	967
305335	282	189856	967	967
230844	235	190833	967	967
239126	235	189410	967	967
241313	235	189793	967	967
268351	235	189166	967	967
194417	235	190465	967	967
279671	235	188052	967	967
216937	235	206094	967	967
306384	235	227218	967	967
196243	235	188691	967	967
316456	235	188165	967	967
249074	235	188557	967	967
218975	235	190545	967	967
331600	235	189715	967	967
267587	235	189821	967	967
292705	235	255782	967	967
203245	235	190186	967	967
195134	235	188790	967	967
195793	235	188202	967	967
209528	235	188638	967	967
193119	235	193981	967	967
196607	235	188540	967	967
196034	235	190195	967	967
202430	235	188657	967	967
198427	235	188045	967	967
207816	235	188072	967	967
202198	235	189136	967	967
242421	235	188647	967	967
263273	235	188869	967	967
239538	235	188005	967	967
204738	235	190048	967	967
208865	235	188681	967	967
278375	235	190333	967	967
271932	235	188182	967	967
278445	282	366971	967	967
197765	235	194291	967	967
313012	235	194515	967	967
226463	235	189775	967	967
204738	235	188820	967	967
197006	235	188315	967	967
263201	235	189501	967	967
216525	235	188730	967	967
273091	235	188617	967	967
237487	235	200902	967	967
205128	52	313793	967	967
200185	235	190899	967	967
224808	235	189982	967	967
226792	235	191849	967	967
210472	235	188098	967	967
213604	235	190062	967	967
347009	235	196032	967	967
214180	235	188902	967	967
224649	235	188175	967	967
250070	235	189303	967	967
287999	235	188592	967	967
218347	235	188067	967	967
275576	235	320811	967	967
277857	235	343837	967	967
326922	235	190185	967	967
203589	235	355821	967	967
248687	235	189444	967	967
223888	235	219194	967	967
193311	235	188175	967	967
227837	235	188419	967	967
245745	235	188074	967	967
284671	235	188694	967	967
198525	235	188173	967	967
202939	235	188001	967	967
264379	235	240256	967	967
215256	235	191140	967	967
216003	235	188941	967	967
282028	235	188390	967	967
234968	235	189044	967	967
206816	235	189209	967	967
297617	235	198866	967	967
196352	235	188732	967	967
329606	282	356277	967	967
195862	235	188237	967	967
210318	235	189516	967	967
245450	235	188743	967	967
195855	235	220590	967	967
226199	235	189179	967	967
253228	235	188731	967	967
193406	235	188267	967	967
242833	235	189699	967	967
199204	235	188025	967	967
203684	235	188246	967	967
298817	235	343292	967	967
218987	235	189133	967	967
282095	235	318320	967	967
224187	235	188584	967	967
196929	235	188009	967	967
259270	235	189921	967	967
285064	235	189529	967	967
208566	235	190586	967	967
317343	235	192221	967	967
375450	139	331343	967	967
229696	235	192416	967	967
218815	235	190785	967	967
280270	235	264854	967	967
216865	235	189699	967	967
242967	235	194538	967	967
276428	235	188134	967	967
225024	235	188263	967	967
197930	282	192811	967	967
302699	235	188557	967	967
198756	235	190307	967	967
348754	282	195121	967	967
206406	235	191401	967	967
201622	235	189156	967	967
213033	235	188351	967	967
329838	52	338889	967	967
219937	235	197957	967	967
195798	235	195254	967	967
199680	235	190540	967	967
206298	139	356698	967	967
271840	235	189017	967	967
207635	235	188032	967	967
203538	235	191412	967	967
261556	235	189908	967	967
198504	235	188073	967	967
261244	52	349167	967	967
240074	235	190235	967	967
246860	235	246740	967	967
203955	235	190803	967	967
281558	235	188338	967	967
275061	235	189638	967	967
224754	235	188782	967	967
200129	235	189736	967	967
254508	235	189464	967	967
202020	235	201834	967	967
341356	37	259412	967	967
200716	235	202788	967	967
209579	235	188026	967	967
236408	235	188025	967	967
337878	235	188449	967	967
354728	285	373636	967	967
199179	235	190165	967	967
197769	235	188044	967	967
208410	235	188420	967	967
226670	235	214128	967	967
288681	235	189860	967	967
280206	235	199131	967	967
199409	235	193123	967	967
353080	235	192766	967	967
255482	235	188105	967	967
241190	37	188716	967	967
227165	235	189073	967	967
269308	235	189377	967	967
197061	235	188061	967	967
197840	235	188324	967	967
262399	235	188486	967	967
199163	235	190614	967	967
287006	235	189137	967	967
216141	235	188016	967	967
192309	235	188067	967	967
237029	235	188740	967	967
312247	235	189083	967	967
272213	235	188795	967	967
200338	235	243107	967	967
208422	235	188418	967	967
212953	235	191112	967	967
284357	235	188379	967	967
224801	235	192575	967	967
229006	235	189023	967	967
207106	235	189758	967	967
302332	235	188348	967	967
253570	235	283750	967	967
219786	235	190572	967	967
216486	235	188743	967	967
242818	235	188134	967	967
265862	49	240177	967	967
328529	235	190340	967	967
194157	235	197896	967	967
194590	235	188075	967	967
304972	235	189014	967	967
195089	235	195620	967	967
196562	235	195452	967	967
273130	235	188026	967	967
252217	235	189245	967	967
202875	235	188087	967	967
223947	52	339746	967	967
232635	235	193368	967	967
207598	235	189164	967	967
198562	235	188794	967	967
306659	235	190251	967	967
245658	235	190697	967	967
291663	235	188856	967	967
204692	235	188432	967	967
272372	235	189105	967	967
298315	235	189894	967	967
213766	235	188355	967	967
266367	235	192390	967	967
208847	235	191487	967	967
341590	52	346702	967	967
197039	235	189648	967	967
204186	235	192142	967	967
322407	235	191781	967	967
226873	235	188842	967	967
233739	235	188254	967	967
295343	235	188133	967	967
211553	235	192737	967	967
196834	235	189788	967	967
295710	235	216314	967	967
239602	235	189615	967	967
254644	235	188567	967	967
246172	235	189597	967	967
304120	235	188880	967	967
237753	282	272187	967	967
308681	235	189619	967	967
204250	235	188241	967	967
216586	235	190103	967	967
258936	235	189696	967	967
232347	235	190007	967	967
239658	235	188241	967	967
333801	139	356300	967	967
255249	235	188094	967	967
235733	235	189307	967	967
257138	235	194740	967	967
276987	235	191780	967	967
195185	235	192818	967	967
301201	235	232179	967	967
263742	235	189128	967	967
211406	235	188487	967	967
305132	235	188403	967	967
306384	235	191531	967	967
200220	235	188050	967	967
273005	235	190174	967	967
206975	235	237371	967	967
272271	282	188841	967	967
194680	235	188003	967	967
254717	235	188478	967	967
241583	235	190248	967	967
220241	235	190674	967	967
194393	235	188206	967	967
204955	235	191026	967	967
201871	235	188338	967	967
207050	235	190697	967	967
350555	139	254931	967	967
216724	235	188064	967	967
196752	139	223640	967	967
338625	282	349775	967	967
217272	235	188029	967	967
242125	235	205872	967	967
295590	235	191675	967	967
343283	282	309767	967	967
267179	235	188876	967	967
195626	235	189487	967	967
196178	235	198900	967	967
206925	235	196305	967	967
302591	235	195100	967	967
207893	235	189023	967	967
195226	235	188451	967	967
203234	235	188277	967	967
203306	235	188211	967	967
199694	235	188239	967	967
226333	235	188003	967	967
227764	235	188902	967	967
299228	235	188847	967	967
310537	235	189816	967	967
221504	235	192934	967	967
348510	282	189365	967	967
288790	235	189230	967	967
208519	235	188935	967	967
308339	235	190882	967	967
202015	235	190549	967	967
211614	235	189970	967	967
236016	235	189555	967	967
194249	235	189911	967	967
317738	282	192069	967	967
275463	282	358621	967	967
286227	235	189121	967	967
198930	235	188368	967	967
252318	235	190141	967	967
253643	235	190900	967	967
197227	235	189186	967	967
215119	235	215120	967	967
269373	235	190267	967	967
226984	235	190432	967	967
199419	282	197528	967	967
193816	235	189329	967	967
242206	235	191181	967	967
203063	235	190427	967	967
216937	235	192219	967	967
341570	282	199826	967	967
234885	235	196046	967	967
267554	235	190563	967	967
221140	235	188879	967	967
257301	235	189752	967	967
335831	235	188294	967	967
348085	37	370323	967	967
342077	235	191675	967	967
229741	235	189422	967	967
193796	235	189298	967	967
289013	235	191413	967	967
203114	235	189198	967	967
249097	235	188070	967	967
359735	37	191628	967	967
354131	282	197448	967	967
351948	139	205128	967	967
195880	235	188277	967	967
310270	235	190265	967	967
245677	235	190381	967	967
217541	235	334923	967	967
259211	235	188276	967	967
260769	235	189588	967	967
298850	282	295555	967	967
269645	235	199240	967	967
203469	235	258810	967	967
282654	235	191962	967	967
289748	235	192737	967	967
285231	235	188203	967	967
361441	282	284989	967	967
335329	235	190278	967	967
239129	235	189063	967	967
210836	235	190072	967	967
203637	235	191847	967	967
210892	235	239881	967	967
253230	235	191811	967	967
235985	235	190408	967	967
192896	235	190153	967	967
278367	235	188105	967	967
232539	235	191217	967	967
219423	235	190955	967	967
352374	139	318308	967	967
276630	235	188653	967	967
203427	235	190325	967	967
215231	235	190882	967	967
275376	235	189193	967	967
294846	235	189289	967	967
196144	37	192865	967	967
241855	282	188295	967	967
224564	85	261262	967	967
193376	235	189559	967	967
225082	235	188607	967	967
197906	235	190664	967	967
198259	235	188269	967	967
232546	235	192034	967	967
341381	235	241309	967	967
276501	235	189715	967	967
300982	235	189003	967	967
300366	139	221455	967	967
250619	235	189198	967	967
193292	139	352072	967	967
198074	235	189468	967	967
256657	235	198544	967	967
280439	282	343549	967	967
312984	37	188734	967	967
208893	235	188781	967	967
280237	235	192619	967	967
332038	235	190220	967	967
362710	52	231069	967	967
199276	235	188743	967	967
222677	235	193213	967	967
199388	235	191230	967	967
201113	235	188226	967	967
224740	235	188137	967	967
230043	235	189816	967	967
274478	235	219800	967	967
277342	235	188835	967	967
218705	235	189277	967	967
259875	235	188034	967	967
365234	139	283064	967	967
194781	235	190399	967	967
194128	235	190664	967	967
342070	235	188552	967	967
338629	52	351948	967	967
274369	235	190127	967	967
208401	235	188629	967	967
332391	139	210896	967	967
285208	235	190135	967	967
310859	282	200860	967	967
355676	139	255879	967	967
247223	235	189351	967	967
220434	235	189141	967	967
198710	235	189842	967	967
213952	235	189094	967	967
195649	235	190069	967	967
205105	235	193513	967	967
204251	235	188076	967	967
296174	235	190235	967	967
209356	235	192231	967	967
222525	235	188950	967	967
199705	235	188072	967	967
242369	235	191689	967	967
227892	235	192360	967	967
196704	235	190476	967	967
266443	235	190068	967	967
260734	235	196032	967	967
277657	235	188851	967	967
197110	235	188109	967	967
210001	235	192564	967	967
208693	235	189919	967	967
246454	282	281777	967	967
262427	235	189055	967	967
257639	235	192464	967	967
237446	235	191463	967	967
247611	235	188219	967	967
365234	139	254590	967	967
247880	235	188280	967	967
201998	235	189167	967	967
204466	235	188712	967	967
213288	235	189824	967	967
281817	235	189795	967	967
204695	235	189017	967	967
192384	235	190871	967	967
214089	235	190715	967	967
256438	235	188678	967	967
217210	235	188555	967	967
221064	235	189020	967	967
262164	235	189048	967	967
355203	235	190850	967	967
262881	235	189131	967	967
268557	235	190395	967	967
316118	235	188843	967	967
328394	235	188419	967	967
194102	235	190572	967	967
301134	235	190417	967	967
311741	235	191494	967	967
288840	235	220915	967	967
195544	235	188446	967	967
233480	235	188312	967	967
212220	235	189444	967	967
250874	235	189579	967	967
267583	235	189003	967	967
282939	235	188246	967	967
258221	235	188223	967	967
283567	235	188584	967	967
272187	139	204097	967	967
289634	235	188662	967	967
235488	235	188489	967	967
201603	235	193648	967	967
291651	282	308161	967	967
197060	235	189357	967	967
268886	235	303332	967	967
280095	235	188768	967	967
198117	235	195105	967	967
350412	282	231319	967	967
220403	235	189707	967	967
201008	235	188544	967	967
196850	235	193465	967	967
204379	235	188662	967	967
206998	235	221817	967	967
212014	235	189386	967	967
293311	235	193034	967	967
248954	235	190009	967	967
245756	52	267546	967	967
196822	235	194604	967	967
306306	282	261308	967	967
267922	235	190235	967	967
297413	235	188557	967	967
358365	282	214389	967	967
198081	235	190675	967	967
198162	235	193123	967	967
374477	282	311612	967	967
257950	282	214389	967	967
240470	37	335914	967	967
259807	235	200641	967	967
252310	235	190432	967	967
317979	235	190317	967	967
193038	235	193359	967	967
335350	235	214418	967	967
197194	235	188681	967	967
315837	235	189734	967	967
251718	282	191595	967	967
198729	235	188219	967	967
216434	235	202788	967	967
259953	235	189254	967	967
332516	235	189638	967	967
193287	235	192220	967	967
197943	235	189009	967	967
283277	235	191961	967	967
289374	235	194512	967	967
200033	235	188003	967	967
276859	235	188143	967	967
305503	235	189104	967	967
209184	235	188771	967	967
233050	235	193466	967	967
289589	235	188805	967	967
212646	235	189848	967	967
223996	235	347426	967	967
257014	235	188864	967	967
200188	235	189975	967	967
303628	235	194538	967	967
275309	235	189780	967	967
212455	235	251009	967	967
302483	235	227218	967	967
290884	235	188980	967	967
195947	235	193039	967	967
216506	235	188026	967	967
258677	235	189325	967	967
285452	282	344779	967	967
250122	235	189215	967	967
265090	235	189677	967	967
240510	235	195205	967	967
363067	282	257102	967	967
273306	235	190228	967	967
296900	235	189653	967	967
210221	235	189815	967	967
265727	235	188907	967	967
230851	235	189351	967	967
258931	235	194141	967	967
258558	235	200395	967	967
206659	235	190019	967	967
293099	235	191961	967	967
232541	235	188319	967	967
225619	235	189062	967	967
195309	235	188592	967	967
192866	235	191163	967	967
201408	235	188712	967	967
256951	235	189201	967	967
213341	285	313498	967	967
294767	235	190139	967	967
193771	235	192399	967	967
311961	235	189696	967	967
205897	235	191701	967	967
294866	282	343681	967	967
273754	235	223344	967	967
222181	235	188015	967	967
227298	235	192499	967	967
265416	235	229399	967	967
306100	235	188557	967	967
226236	235	203476	967	967
248145	235	188222	967	967
194313	235	188622	967	967
198970	235	190395	967	967
204610	235	188820	967	967
304406	235	189454	967	967
200136	235	189666	967	967
241243	235	197326	967	967
253267	235	196424	967	967
234570	235	188047	967	967
345407	139	359012	967	967
194128	235	190398	967	967
285471	235	193034	967	967
239442	235	188498	967	967
213199	235	188601	967	967
211160	235	188879	967	967
226484	235	201991	967	967
199674	235	188276	967	967
255663	235	188469	967	967
273750	235	216781	967	967
266198	235	190037	967	967
311938	52	361937	967	967
239442	235	188113	967	967
278020	282	192301	967	967
192679	235	189524	967	967
253878	235	188398	967	967
195558	235	191875	967	967
250971	235	188567	967	967
243704	235	190279	967	967
230361	235	194333	967	967
217343	235	193951	967	967
325182	282	245707	967	967
230842	235	189314	967	967
313388	235	189044	967	967
196830	235	191995	967	967
212615	235	188229	967	967
341145	37	335370	967	967
309691	282	352203	967	967
217905	235	195620	967	967
254632	235	188237	967	967
206030	235	188444	967	967
205494	235	189696	967	967
218462	235	190062	967	967
199556	235	188067	967	967
309873	235	190023	967	967
210293	235	189550	967	967
209749	235	190520	967	967
247970	235	189529	967	967
307833	235	189529	967	967
219262	235	188086	967	967
246522	235	188501	967	967
270268	235	188163	967	967
239594	235	189401	967	967
356401	282	191460	967	967
286207	235	188106	967	967
233667	235	188016	967	967
260822	235	188795	967	967
267526	235	190564	967	967
221569	235	189466	967	967
223325	235	197034	967	967
322819	282	215177	967	967
216608	235	188590	967	967
310826	235	188997	967	967
208375	235	189422	967	967
277047	235	189610	967	967
357394	282	196764	967	967
286731	235	189772	967	967
206941	235	218933	967	967
197590	235	188864	967	967
237425	235	188430	967	967
221802	235	189746	967	967
258359	235	189277	967	967
214196	235	189605	967	967
276569	235	189091	967	967
244580	235	188801	967	967
223020	235	188443	967	967
203853	235	189610	967	967
209114	235	191256	967	967
214838	235	239242	967	967
305118	282	318439	967	967
244498	235	197326	967	967
205688	235	189584	967	967
287127	235	190275	967	967
193112	235	188048	967	967
191396	235	189620	967	967
226757	235	190572	967	967
269281	235	188649	967	967
251951	52	329616	967	967
246737	235	188667	967	967
224498	235	191200	967	967
223517	235	189012	967	967
248899	235	189137	967	967
195822	235	196355	967	967
223889	235	188872	967	967
216695	235	194333	967	967
217413	235	189697	967	967
245745	235	188029	967	967
254070	235	189554	967	967
236161	235	188119	967	967
283840	235	188612	967	967
329057	235	188470	967	967
194521	235	188489	967	967
206527	235	190427	967	967
232615	282	335402	967	967
342445	235	189329	967	967
279322	235	191046	967	967
208513	235	188506	967	967
199680	235	190830	967	967
244959	235	188078	967	967
350612	235	188821	967	967
241563	52	288372	967	967
198057	235	193571	967	967
211120	235	190177	967	967
229555	235	189666	967	967
274436	235	189597	967	967
219408	235	188246	967	967
234117	235	190059	967	967
232659	235	188072	967	967
224709	235	191918	967	967
201838	235	188617	967	967
242646	282	347416	967	967
304975	235	189749	967	967
208518	235	188029	967	967
308758	282	193292	967	967
192279	52	307706	967	967
274478	235	188659	967	967
273803	235	188583	967	967
199368	235	189924	967	967
282116	235	221570	967	967
342711	235	191675	967	967
270501	235	188910	967	967
194712	235	191043	967	967
218230	235	188029	967	967
261680	235	275068	967	967
354514	169	375031	967	967
270370	235	189011	967	967
307866	235	188373	967	967
279439	235	189163	967	967
207797	235	191413	967	967
336033	235	189894	967	967
195788	235	189809	967	967
220184	235	188147	967	967
306286	235	190935	967	967
282983	235	189858	967	967
206485	235	195085	967	967
292602	235	189329	967	967
203218	235	189438	967	967
194982	235	188801	967	967
200366	235	192974	967	967
229043	235	258162	967	967
243917	235	189610	967	967
201886	235	188390	967	967
296782	235	191118	967	967
273678	235	248118	967	967
296292	235	189154	967	967
209233	235	191625	967	967
245349	235	188523	967	967
297136	235	189638	967	967
196654	235	190271	967	967
374873	235	188029	967	967
338537	282	192086	967	967
264482	235	188869	967	967
244242	235	189911	967	967
202770	235	188584	967	967
203260	235	189296	967	967
362710	282	285112	967	967
250671	235	189681	967	967
208400	235	191821	967	967
249253	235	188075	967	967
211614	235	189581	967	967
211120	235	190177	967	967
295523	235	189454	967	967
285267	235	191879	967	967
192993	235	193981	967	967
261011	235	189827	967	967
226141	235	188869	967	967
216105	235	188864	967	967
224493	235	190202	967	967
197252	235	191847	967	967
201777	235	188053	967	967
269134	235	195030	967	967
194271	235	190378	967	967
208235	235	188025	967	967
251924	235	191433	967	967
211880	235	190499	967	967
252842	235	189159	967	967
255769	235	190033	967	967
210740	282	192400	967	967
223530	235	188331	967	967
202922	235	191071	967	967
263247	235	189088	967	967
297559	235	192499	967	967
216288	235	311577	967	967
322606	37	294488	967	967
204837	235	188452	967	967
279636	235	188452	967	967
243916	235	188452	967	967
217041	235	188776	967	967
221874	235	192047	967	967
226232	235	189982	967	967
287071	235	240256	967	967
203245	235	189734	967	967
313788	282	323293	967	967
232941	235	188981	967	967
249941	235	189769	967	967
256368	235	196227	967	967
273173	235	189254	967	967
206419	235	188502	967	967
250427	282	307706	967	967
294710	235	188065	967	967
250771	235	193951	967	967
217853	235	189306	967	967
329892	235	240256	967	967
293415	235	188557	967	967
265293	235	188206	967	967
214318	235	195620	967	967
209816	235	189753	967	967
226661	235	188902	967	967
241486	282	190770	967	967
199825	235	192573	967	967
215617	235	188546	967	967
198480	235	189149	967	967
292245	235	189967	967	967
204132	235	190464	967	967
223123	235	189499	967	967
214161	235	188291	967	967
199651	235	193810	967	967
243164	235	191305	967	967
213664	235	189075	967	967
203316	235	188498	967	967
241591	235	191418	967	967
217519	235	190228	967	967
199653	235	189126	967	967
320055	235	189514	967	967
199058	235	190303	967	967
239520	235	189273	967	967
352757	52	267546	967	967
196309	235	188036	967	967
226339	235	188827	967	967
209970	235	220355	967	967
254416	235	189329	967	967
262322	235	191014	967	967
266840	235	189734	967	967
246296	52	270293	967	967
264956	235	192528	967	967
301306	235	189327	967	967
245349	235	189131	967	967
205148	235	188441	967	967
203531	235	190838	967	967
301607	235	188414	967	967
340091	235	189762	967	967
237837	235	188830	967	967
196464	235	192920	967	967
200232	235	188052	967	967
270819	235	191162	967	967
214144	235	188104	967	967
206974	235	189093	967	967
228491	235	190251	967	967
244301	235	203608	967	967
284614	139	360991	967	967
292860	235	189410	967	967
225444	235	188743	967	967
317637	235	203262	967	967
217343	235	188009	967	967
194898	235	188175	967	967
220339	235	188317	967	967
196348	235	188032	967	967
209856	235	188357	967	967
216235	282	358007	967	967
277400	235	189065	967	967
241320	235	188263	967	967
358627	37	367933	967	967
200355	235	189905	967	967
203653	235	192158	967	967
197469	235	188042	967	967
282408	235	191181	967	967
318178	235	188864	967	967
233878	235	189050	967	967
203617	235	189263	967	967
209228	235	191980	967	967
232698	235	188989	967	967
242787	282	195077	967	967
296353	126	261262	967	967
259723	282	343576	967	967
272789	235	224130	967	967
194190	235	193571	967	967
291372	235	192737	967	967
212522	235	190610	967	967
243302	235	198112	967	967
351235	282	190741	967	967
224121	235	190333	967	967
268843	235	190930	967	967
232079	235	189824	967	967
297609	235	188132	967	967
225443	235	190103	967	967
270605	235	190533	967	967
205426	235	188056	967	967
222672	235	189570	967	967
328571	235	279351	967	967
215554	235	188502	967	967
222250	235	192818	967	967
225283	235	188644	967	967
246234	282	192266	967	967
278631	235	194138	967	967
217266	235	189148	967	967
196187	235	189707	967	967
236218	235	191021	967	967
290902	235	188297	967	967
200523	235	190103	967	967
222998	235	188404	967	967
267142	235	188294	967	967
201821	235	189729	967	967
226419	235	188104	967	967
227062	235	189150	967	967
194103	235	193744	967	967
265408	235	268429	967	967
318001	235	188448	967	967
197869	235	188051	967	967
196644	235	189238	967	967
220032	235	188920	967	967
237276	235	193754	967	967
235094	235	192416	967	967
202323	235	189418	967	967
356383	139	369854	967	967
237116	52	349078	967	967
328571	235	192360	967	967
196127	235	189455	967	967
242594	235	191156	967	967
192241	235	192220	967	967
199909	235	188086	967	967
308213	235	191200	967	967
210647	235	189103	967	967
201206	235	192496	967	967
286055	235	210178	967	967
324014	235	188377	967	967
199201	235	188098	967	967
243580	282	243979	967	967
192064	235	204392	967	967
236626	37	195578	967	967
235852	235	190525	967	967
248596	235	191152	967	967
364864	282	335402	967	967
306640	282	212362	967	967
252220	235	191119	967	967
318032	235	189137	967	967
209022	235	188282	967	967
226674	235	205245	967	967
223395	235	189827	967	967
200481	235	189217	967	967
203209	235	189563	967	967
264379	235	191825	967	967
280887	235	203956	967	967
209329	235	189908	967	967
194280	235	188316	967	967
245454	235	190033	967	967
232445	235	342058	967	967
326382	235	188829	967	967
249771	235	189534	967	967
219275	235	189851	967	967
236900	235	209486	967	967
265646	235	208163	967	967
269776	235	188545	967	967
222746	235	191418	967	967
230613	235	188164	967	967
214687	235	274455	967	967
219338	235	188774	967	967
211180	235	188950	967	967
197839	235	189762	967	967
210173	235	188045	967	967
195784	282	190783	967	967
306672	235	188743	967	967
248270	235	190961	967	967
282011	235	191181	967	967
247208	235	188607	967	967
283620	235	188812	967	967
274514	235	191958	967	967
261008	235	191972	967	967
197436	235	188498	967	967
302041	235	188561	967	967
301157	235	188975	967	967
276764	235	190235	967	967
259467	235	188972	967	967
214198	235	195332	967	967
278505	235	231743	967	967
243284	235	190298	967	967
273206	235	193198	967	967
273464	235	189128	967	967
219926	235	188248	967	967
201628	235	189134	967	967
317459	235	191961	967	967
261189	235	188463	967	967
211936	235	188066	967	967
206601	235	203199	967	967
351709	235	189973	967	967
229304	235	189610	967	967
300650	235	191608	967	967
259604	235	191580	967	967
200057	235	188109	967	967
208794	235	188390	967	967
200266	235	189042	967	967
255777	235	188532	967	967
259715	235	189116	967	967
207385	235	188879	967	967
209784	235	189696	967	967
227025	235	259411	967	967
344772	52	270293	967	967
224692	235	188596	967	967
257516	235	189848	967	967
303915	235	188938	967	967
205102	235	188747	967	967
220357	235	215120	967	967
290710	235	191406	967	967
218596	235	188891	967	967
242681	235	188667	967	967
280320	235	189814	967	967
194546	235	205972	967	967
356206	139	303697	967	967
200622	52	308274	967	967
204282	235	240256	967	967
314291	235	195164	967	967
197820	235	188066	967	967
327665	235	188155	967	967
253813	235	193431	967	967
199088	235	188640	967	967
197168	235	198459	967	967
238856	235	188223	967	967
254691	235	190684	967	967
206861	235	191832	967	967
286447	235	190816	967	967
277433	235	188139	967	967
202161	235	189182	967	967
233086	235	188317	967	967
207164	235	188143	967	967
304881	235	188129	967	967
247724	235	191118	967	967
301348	235	190697	967	967
274170	235	188877	967	967
296138	235	189793	967	967
306183	235	237780	967	967
239590	235	190697	967	967
276744	235	190278	967	967
290242	235	188391	967	967
343242	282	320542	967	967
208848	235	189671	967	967
332045	282	367484	967	967
199025	235	189035	967	967
229147	235	189516	967	967
201243	235	188066	967	967
274447	235	216314	967	967
221968	235	189684	967	967
346490	235	189201	967	967
365234	139	226981	967	967
265126	235	189679	967	967
236024	235	188958	967	967
214398	235	188574	967	967
343911	47	297622	967	967
268326	235	189518	967	967
346182	139	230300	967	967
211004	235	190477	967	967
366613	139	237793	967	967
202005	235	188452	967	967
205146	235	192188	967	967
317170	235	195105	967	967
231758	235	189307	967	967
374063	37	303657	967	967
195901	235	192564	967	967
204544	235	188743	967	967
295040	235	193075	967	967
363003	235	191594	967	967
232878	235	191269	967	967
195385	235	188048	967	967
309192	235	189083	967	967
298850	52	324352	967	967
250093	235	188444	967	967
224999	235	189138	967	967
265392	235	191413	967	967
222103	235	189601	967	967
241024	235	223925	967	967
193716	235	189981	967	967
285581	235	188391	967	967
246932	235	191413	967	967
208554	235	188171	967	967
254037	235	223794	967	967
300910	235	189102	967	967
277503	235	188895	967	967
339569	235	206571	967	967
328658	235	190882	967	967
365234	139	295564	967	967
219789	235	188865	967	967
204899	235	190103	967	967
256996	235	195304	967	967
197189	235	188192	967	967
206635	235	189086	967	967
207556	235	190697	967	967
275413	282	190977	967	967
295152	235	188097	967	967
265493	235	189727	967	967
201569	235	190697	967	967
215439	235	188260	967	967
308699	235	190890	967	967
236421	235	188888	967	967
193579	235	188079	967	967
238898	282	189368	967	967
203865	235	189081	967	967
239742	235	191275	967	967
221452	235	190665	967	967
204239	235	188029	967	967
214836	235	188407	967	967
240563	235	188318	967	967
215462	235	188473	967	967
194432	235	192362	967	967
195984	235	188710	967	967
194662	235	188029	967	967
256883	235	189102	967	967
198585	235	189352	967	967
215660	235	194604	967	967
195808	235	190185	967	967
211434	235	189214	967	967
297722	235	188975	967	967
269776	235	189237	967	967
283416	235	195517	967	967
209048	235	188545	967	967
232351	235	188390	967	967
197597	235	189600	967	967
203295	235	188662	967	967
327004	282	309554	967	967
204832	235	189001	967	967
200527	235	190062	967	967
195134	235	188015	967	967
245859	235	189815	967	967
254962	235	188869	967	967
346182	139	303246	967	967
284748	235	190183	967	967
248752	235	188408	967	967
329236	235	191103	967	967
203236	235	188414	967	967
250992	235	188862	967	967
226442	235	190068	967	967
297769	235	190135	967	967
276659	282	191205	967	967
214926	235	192197	967	967
222137	235	192259	967	967
306470	235	188247	967	967
241333	52	349167	967	967
192039	139	323181	967	967
323617	282	197080	967	967
239066	235	188334	967	967
237753	282	373722	967	967
264971	235	218933	967	967
258794	235	190601	967	967
192795	235	195327	967	967
208781	235	188629	967	967
362772	282	352885	967	967
255459	235	188978	967	967
218988	235	191945	967	967
319790	235	189262	967	967
272443	235	188539	967	967
269618	37	335763	967	967
193963	235	188893	967	967
203160	235	190701	967	967
308229	235	190867	967	967
198855	235	190195	967	967
350612	235	200902	967	967
349511	282	308970	967	967
256190	282	339750	967	967
356480	282	189432	967	967
214258	235	188980	967	967
249942	235	188408	967	967
220754	235	188147	967	967
362460	139	339812	967	967
242442	235	190166	967	967
276059	235	193453	967	967
196036	52	343681	967	967
283547	235	188393	967	967
214517	235	189550	967	967
270264	235	188792	967	967
216418	235	188067	967	967
247019	235	190964	967	967
213599	235	237252	967	967
212980	235	188068	967	967
267040	235	229343	967	967
217179	235	189814	967	967
212036	235	188444	967	967
211123	235	247507	967	967
202570	235	188109	967	967
250753	235	188381	967	967
263563	282	264606	967	967
194662	235	188285	967	967
209252	235	214098	967	967
233613	235	188851	967	967
312613	235	189528	967	967
207197	235	197034	967	967
199475	235	188059	967	967
225182	235	189495	967	967
195782	235	189492	967	967
259419	235	189371	967	967
216734	235	290752	967	967
274514	235	190027	967	967
265407	235	189789	967	967
263989	235	188300	967	967
213604	235	189600	967	967
227839	235	189307	967	967
255487	235	188019	967	967
245738	235	188564	967	967
218086	235	192126	967	967
293829	235	189534	967	967
231494	235	190185	967	967
265042	235	190541	967	967
224466	235	188733	967	967
230814	235	189191	967	967
193759	139	246296	967	967
363648	139	358771	967	967
255483	235	192220	967	967
255482	235	188182	967	967
263088	235	189320	967	967
226213	235	188122	967	967
262687	235	188298	967	967
263772	235	189670	967	967
355363	282	286396	967	967
197224	235	188975	967	967
224320	235	189238	967	967
230606	235	188179	967	967
223985	235	188086	967	967
198480	235	192034	967	967
252807	235	188173	967	967
192913	235	189501	967	967
287439	235	188059	967	967
363553	139	306338	967	967
204794	235	239038	967	967
270186	235	190785	967	967
209826	235	188895	967	967
208141	235	188209	967	967
206089	235	189255	967	967
216905	235	189064	967	967
194247	235	202985	967	967
293434	235	192371	967	967
203919	235	188145	967	967
286118	37	191628	967	967
253331	235	191954	967	967
285129	235	196160	967	967
266695	235	207389	967	967
300431	235	188921	967	967
197044	235	189697	967	967
293340	235	190754	967	967
195416	235	191092	967	967
198708	235	189982	967	967
308551	235	189137	967	967
339116	235	188331	967	967
236318	235	188570	967	967
239168	235	193951	967	967
266925	235	191962	967	967
259479	235	189739	967	967
267029	235	190264	967	967
204339	235	188094	967	967
206365	235	190303	967	967
206423	235	188113	967	967
328028	282	331934	967	967
209988	235	188069	967	967
249120	235	188865	967	967
197530	235	191374	967	967
256456	235	191217	967	967
245142	235	188020	967	967
208229	235	191092	967	967
201698	235	188680	967	967
361460	282	309306	967	967
299280	235	189169	967	967
282785	235	200395	967	967
252310	235	194242	967	967
259502	235	188795	967	967
206797	235	188020	967	967
266597	235	189884	967	967
263066	235	205245	967	967
201212	235	196099	967	967
275561	235	189638	967	967
194088	235	188972	967	967
204917	235	188820	967	967
196956	235	188801	967	967
266409	235	188076	967	967
199032	235	190069	967	967
275720	235	189529	967	967
218582	235	199548	967	967
227318	235	190932	967	967
294595	235	189764	967	967
199758	235	188689	967	967
346182	139	285708	967	967
201632	235	188608	967	967
255533	235	188972	967	967
237753	282	314753	967	967
361460	282	319269	967	967
299270	235	190883	967	967
287105	235	189039	967	967
234192	235	192818	967	967
249626	235	188670	967	967
250677	235	188479	967	967
206668	235	191230	967	967
228317	235	188473	967	967
191881	139	207794	967	967
229627	235	188471	967	967
307569	235	189727	967	967
197388	235	188098	967	967
198133	235	189350	967	967
216434	235	195304	967	967
236661	235	190612	967	967
245894	235	189781	967	967
255141	235	244941	967	967
248889	235	188972	967	967
234838	235	190244	967	967
267442	235	192409	967	967
243922	235	189292	967	967
249379	235	188473	967	967
227318	235	190267	967	967
222130	235	190771	967	967
261652	235	189622	967	967
242563	235	188452	967	967
285789	235	188066	967	967
248997	235	190057	967	967
225031	235	188018	967	967
263362	235	189821	967	967
230635	235	189385	967	967
325777	235	191771	967	967
316042	235	188773	967	967
297135	282	193882	967	967
191050	139	246565	967	967
284251	235	188298	967	967
331335	235	188492	967	967
244157	282	247142	967	967
215055	235	190102	967	967
265615	235	191123	967	967
243341	235	189273	967	967
214166	235	189630	967	967
226085	235	189696	967	967
270963	235	188972	967	967
242714	235	188610	967	967
295852	235	189664	967	967
273383	235	211638	967	967
211584	235	189548	967	967
200712	235	189289	967	967
237962	235	190871	967	967
249688	235	189128	967	967
272774	235	188547	967	967
354039	235	193167	967	967
239540	235	188106	967	967
209836	235	189764	967	967
201948	235	188959	967	967
197359	235	189690	967	967
196161	139	257127	967	967
196425	235	194591	967	967
243504	235	188381	967	967
371223	235	194554	967	967
302328	235	189435	967	967
235040	235	190235	967	967
224451	282	235195	967	967
266677	235	227504	967	967
296196	139	191927	967	967
230601	235	188732	967	967
212140	235	188603	967	967
296468	235	212118	967	967
323819	235	188646	967	967
297622	47	343911	967	967
204997	235	227941	967	967
250961	235	188290	967	967
194422	235	196905	967	967
234725	235	188454	967	967
261566	52	191572	967	967
203204	235	188104	967	967
274480	235	189740	967	967
263411	235	188298	967	967
201697	235	188202	967	967
202254	235	188383	967	967
313388	235	189250	967	967
223581	235	189322	967	967
197361	235	191538	967	967
263201	235	192220	967	967
230828	235	190402	967	967
234680	235	189523	967	967
259990	235	188064	967	967
373076	282	238184	967	967
236046	235	188519	967	967
288297	235	191675	967	967
329310	235	267729	967	967
269247	235	191811	967	967
275570	235	190157	967	967
275167	235	188838	967	967
204616	139	348566	967	967
209807	235	190288	967	967
255777	235	188050	967	967
199435	235	189092	967	967
256562	235	201818	967	967
283303	282	190779	967	967
216141	235	188063	967	967
285936	235	211913	967	967
217246	139	319065	967	967
207626	235	188935	967	967
197136	235	232953	967	967
256917	235	188703	967	967
271857	235	188106	967	967
204464	235	188277	967	967
263316	282	189365	967	967
295555	139	298850	967	967
247541	235	189874	967	967
228902	235	189848	967	967
199722	235	188423	967	967
285235	282	344332	967	967
220073	235	190469	967	967
195279	235	188408	967	967
339063	235	189067	967	967
239036	235	188961	967	967
238096	235	279351	967	967
233077	235	188106	967	967
193938	235	197721	967	967
348975	235	188709	967	967
261215	235	188556	967	967
330320	235	198022	967	967
193588	235	189468	967	967
194974	235	189043	967	967
239208	235	197118	967	967
203706	235	188592	967	967
202721	235	190048	967	967
202295	235	190068	967	967
249900	235	188029	967	967
301647	235	192288	967	967
263382	235	188087	967	967
192209	235	190059	967	967
220765	52	339746	967	967
265884	282	224080	967	967
196830	235	191806	967	967
196512	235	192725	967	967
224257	235	192188	967	967
204218	235	188165	967	967
199357	235	188402	967	967
203179	235	190177	967	967
202681	235	194114	967	967
327136	235	189205	967	967
215135	235	190068	967	967
200903	235	188104	967	967
243284	235	194529	967	967
199070	235	199053	967	967
212743	235	189919	967	967
219817	235	189747	967	967
204944	235	188887	967	967
242104	235	188558	967	967
328883	235	189053	967	967
269360	235	189191	967	967
228718	235	188660	967	967
263185	235	189769	967	967
244651	235	188519	967	967
272490	235	189890	967	967
197437	235	190196	967	967
266698	235	190474	967	967
248490	235	195452	967	967
333450	235	189128	967	967
200899	235	192500	967	967
269353	235	189509	967	967
264690	235	188792	967	967
359037	282	199839	967	967
195969	235	188869	967	967
242138	235	189499	967	967
254218	235	190213	967	967
244969	235	190041	967	967
283939	235	194244	967	967
199052	235	197896	967	967
245197	235	188070	967	967
230233	235	190794	967	967
303941	235	193263	967	967
272042	235	188582	967	967
254529	235	191233	967	967
209802	235	191118	967	967
254177	235	190591	967	967
247281	235	188496	967	967
222021	235	191677	967	967
210246	235	189128	967	967
259131	139	256364	967	967
208008	235	188928	967	967
214264	235	190794	967	967
293813	235	189303	967	967
285947	235	188403	967	967
275855	235	189690	967	967
236986	235	188803	967	967
200555	235	244435	967	967
209713	235	189158	967	967
354077	235	301631	967	967
222590	235	189394	967	967
252397	235	188694	967	967
219582	235	188113	967	967
350431	282	224080	967	967
243266	235	190900	967	967
198827	235	188173	967	967
194315	235	192379	967	967
202922	235	190213	967	967
248440	235	188886	967	967
249415	282	370621	967	967
258262	235	192231	967	967
212436	235	190711	967	967
212030	235	239290	967	967
202536	235	188607	967	967
204972	235	189307	967	967
205435	235	188790	967	967
274557	235	192399	967	967
205526	235	189350	967	967
259422	235	299830	967	967
327746	235	188538	967	967
232839	235	189991	967	967
331068	282	211744	967	967
192900	235	192399	967	967
339746	139	219912	967	967
235367	235	190278	967	967
285275	235	189391	967	967
278530	235	191063	967	967
235520	235	190007	967	967
257542	235	195332	967	967
216543	235	192464	967	967
331038	139	225961	967	967
361003	282	191042	967	967
282839	235	189817	967	967
285011	235	190835	967	967
235150	235	188910	967	967
200996	235	189528	967	967
205645	235	188923	967	967
241839	235	190667	967	967
197893	235	191366	967	967
207753	235	191614	967	967
290735	235	189540	967	967
222080	235	188610	967	967
208305	235	188396	967	967
217151	235	188699	967	967
219790	235	191732	967	967
285150	235	189048	967	967
327332	235	190157	967	967
338741	235	214346	967	967
325058	235	188824	967	967
270293	139	246746	967	967
196910	235	188738	967	967
363608	235	188056	967	967
303207	235	189780	967	967
346182	139	203787	967	967
216931	235	189104	967	967
277764	235	191217	967	967
319873	235	189277	967	967
261290	235	189202	967	967
276088	235	190882	967	967
208602	235	189111	967	967
193106	235	190520	967	967
301522	235	190538	967	967
298939	235	188558	967	967
260524	235	190432	967	967
216105	235	190149	967	967
254640	235	190235	967	967
272452	235	199972	967	967
273947	235	188393	967	967
200818	235	188494	967	967
197874	235	189064	967	967
204377	235	190549	967	967
311739	235	189148	967	967
299793	235	192499	967	967
212455	235	190838	967	967
197280	235	216718	967	967
218332	235	189781	967	967
242206	235	191413	967	967
277722	235	188991	967	967
249245	235	188822	967	967
241892	235	188606	967	967
206383	235	188502	967	967
204492	235	188061	967	967
208894	235	188065	967	967
355478	139	221455	967	967
275934	235	188076	967	967
283913	235	189720	967	967
253128	235	190307	967	967
223962	235	192461	967	967
364118	282	333239	967	967
368483	235	256000	967	967
272106	235	190794	967	967
331600	235	188869	967	967
232576	235	189319	967	967
235679	235	188461	967	967
277653	235	204659	967	967
199192	235	206049	967	967
203099	235	201512	967	967
313793	139	205128	967	967
291792	235	191832	967	967
367484	139	332045	967	967
297077	235	190809	967	967
276771	235	188048	967	967
213803	235	188015	967	967
221387	235	188139	967	967
201568	235	188065	967	967
197556	235	188076	967	967
221034	235	189419	967	967
197037	235	189902	967	967
321983	139	241563	967	967
218615	235	188087	967	967
232399	235	188297	967	967
298754	235	190213	967	967
314186	235	284983	967	967
217701	235	194604	967	967
219451	235	188546	967	967
225082	235	190558	967	967
310933	235	195424	967	967
197157	282	188841	967	967
309829	235	188330	967	967
257809	235	189763	967	967
210459	235	188155	967	967
280804	235	190785	967	967
223757	235	188256	967	967
201737	235	188667	967	967
275453	235	189921	967	967
241055	235	193782	967	967
221638	235	203199	967	967
193292	139	308758	967	967
241638	282	189365	967	967
315702	235	188694	967	967
257127	282	196161	967	967
222611	235	190932	967	967
291682	235	192197	967	967
238115	235	188781	967	967
196828	235	190750	967	967
298850	52	363648	967	967
244364	235	189539	967	967
197979	235	188054	967	967
343116	235	189391	967	967
292601	235	188958	967	967
335089	235	193216	967	967
199663	235	188420	967	967
200386	235	190690	967	967
203241	235	189924	967	967
204188	235	189338	967	967
332456	235	190376	967	967
367024	235	192669	967	967
291332	235	190591	967	967
275953	235	188009	967	967
197247	52	338690	967	967
282874	235	193503	967	967
278130	235	190141	967	967
292534	282	366647	967	967
195188	235	189651	967	967
260630	235	204397	967	967
317026	235	189745	967	967
200001	282	370938	967	967
211932	235	189203	967	967
365234	139	372434	967	967
199496	235	188052	967	967
199007	235	197034	967	967
310539	235	188778	967	967
259121	235	189198	967	967
197210	235	215458	967	967
358771	282	363648	967	967
198523	235	189548	967	967
211409	235	189251	967	967
239074	235	190104	967	967
211303	235	316616	967	967
315654	235	190228	967	967
251672	235	189501	967	967
288632	235	189745	967	967
206260	235	188075	967	967
221027	235	219227	967	967
221007	235	233426	967	967
226705	235	192464	967	967
237852	235	191341	967	967
245041	235	188306	967	967
298960	235	189253	967	967
318190	235	189894	967	967
271603	37	188734	967	967
286628	235	192872	967	967
292041	235	190091	967	967
319173	235	188773	967	967
275728	235	188436	967	967
200192	235	189815	967	967
202347	235	190112	967	967
274899	235	188558	967	967
242466	235	189471	967	967
206423	235	188153	967	967
312208	235	189429	967	967
194369	235	221933	967	967
210014	235	188202	967	967
196917	235	188649	967	967
246414	235	188092	967	967
287839	235	189229	967	967
209472	235	189746	967	967
193259	235	188995	967	967
211656	235	188808	967	967
314521	235	192619	967	967
207158	235	191269	967	967
241145	235	188050	967	967
309496	235	189690	967	967
298520	235	188496	967	967
232245	235	188014	967	967
300336	235	197118	967	967
250624	235	188902	967	967
298775	235	188979	967	967
195809	235	188754	967	967
220347	235	188789	967	967
207441	235	188728	967	967
313322	282	331934	967	967
282230	235	189734	967	967
203968	235	191142	967	967
222822	235	193839	967	967
311751	235	206694	967	967
222635	235	188355	967	967
218382	235	188497	967	967
211964	235	188202	967	967
203346	235	189086	967	967
193143	235	189152	967	967
287647	235	193427	967	967
212189	235	190177	967	967
224843	235	190177	967	967
297778	235	190149	967	967
199521	235	189017	967	967
210910	235	201185	967	967
283073	235	194003	967	967
199162	235	188432	967	967
312230	235	192550	967	967
349335	52	362958	967	967
274802	235	190816	967	967
197741	235	189487	967	967
241892	235	196429	967	967
243546	235	190360	967	967
198159	235	190217	967	967
273381	235	201658	967	967
205132	235	189279	967	967
208493	235	189860	967	967
276469	235	190715	967	967
221500	235	195030	967	967
219430	235	188136	967	967
202709	235	188859	967	967
316803	235	191501	967	967
211714	235	190005	967	967
198098	235	188868	967	967
280088	282	218854	967	967
227532	235	188028	967	967
253514	235	190642	967	967
280940	235	188277	967	967
314978	282	189654	967	967
213420	235	190139	967	967
264157	235	202433	967	967
196392	235	199756	967	967
261051	235	193951	967	967
212800	235	189208	967	967
188001	239	215307	967	967
323936	282	203375	967	967
255421	235	188779	967	967
203339	235	190961	967	967
287632	235	189397	967	967
198018	235	189560	967	967
201872	235	188592	967	967
216608	235	191181	967	967
280320	235	230302	967	967
200084	235	194529	967	967
202541	235	188725	967	967
245045	235	188658	967	967
281196	235	188469	967	967
199296	235	189004	967	967
248448	235	191025	967	967
195351	235	188043	967	967
280004	235	188098	967	967
231968	235	189375	967	967
286451	235	188856	967	967
239106	235	189377	967	967
218077	235	188237	967	967
221865	235	188680	967	967
289932	235	189254	967	967
242353	235	189422	967	967
193891	235	188324	967	967
254728	235	190835	967	967
229056	235	189816	967	967
212058	235	188737	967	967
329222	235	191626	967	967
312962	235	196546	967	967
333381	235	189728	967	967
281866	235	188964	967	967
272706	235	194891	967	967
233799	235	189314	967	967
302040	282	296196	967	967
228807	235	193164	967	967
283633	235	193512	967	967
204320	235	188559	967	967
209107	235	189720	967	967
277622	235	189449	967	967
202197	235	188015	967	967
218963	235	188877	967	967
252576	235	188222	967	967
196419	235	193592	967	967
216945	235	189734	967	967
195279	235	188985	967	967
246619	235	189209	967	967
248889	235	188558	967	967
303505	139	190929	967	967
213535	235	191181	967	967
216352	235	188029	967	967
366971	139	278445	967	967
239847	235	189605	967	967
275771	235	189842	967	967
300029	235	271012	967	967
242599	282	188930	967	967
197539	235	190647	967	967
270767	235	189883	967	967
196727	235	193013	967	967
300326	235	188835	967	967
208155	235	188513	967	967
263889	235	188157	967	967
344772	52	267546	967	967
261130	235	188979	967	967
216142	235	192047	967	967
259019	235	190968	967	967
226318	235	189141	967	967
201465	235	189518	967	967
216711	235	189799	967	967
220088	235	189962	967	967
254725	235	189765	967	967
244527	235	189102	967	967
275435	235	192924	967	967
311952	235	190591	967	967
240023	235	192204	967	967
281572	235	240504	967	967
302331	235	189325	967	967
197741	235	188826	967	967
221952	235	188127	967	967
213051	235	189939	967	967
214687	235	190048	967	967
209528	235	190264	967	967
196828	235	188408	967	967
274737	235	188388	967	967
217500	235	188411	967	967
239066	235	189145	967	967
211650	235	188297	967	967
252221	235	189228	967	967
249853	235	188963	967	967
244655	235	189298	967	967
195278	235	191971	967	967
243513	235	188592	967	967
223793	235	188164	967	967
216916	235	229399	967	967
266015	235	190383	967	967
357438	235	190223	967	967
203897	235	189242	967	967
344772	52	373722	967	967
237981	235	193847	967	967
217364	235	189749	967	967
263696	235	190867	967	967
259756	235	189908	967	967
293044	235	194991	967	967
270041	235	191879	967	967
290046	235	189061	967	967
304951	235	188545	967	967
222502	235	189230	967	967
198253	235	189883	967	967
259337	235	188732	967	967
243551	235	188902	967	967
364555	235	192247	967	967
223293	235	198614	967	967
203974	235	190914	967	967
205059	235	188469	967	967
231008	235	196477	967	967
248313	235	189579	967	967
326818	235	190172	967	967
190983	235	188264	967	967
333654	235	190681	967	967
365828	235	195479	967	967
236520	235	191689	967	967
203929	235	190616	967	967
241597	235	189621	967	967
193201	235	189892	967	967
203850	235	190900	967	967
296706	235	192499	967	967
237960	235	189790	967	967
247390	235	188414	967	967
227603	235	188263	967	967
275584	235	189816	967	967
287691	235	189293	967	967
234012	235	190523	967	967
241449	235	192619	967	967
262806	282	254862	967	967
218283	235	191370	967	967
207430	235	188826	967	967
229938	235	188545	967	967
209170	235	188519	967	967
280411	235	189967	967	967
201809	235	190914	967	967
215790	235	189238	967	967
219274	235	189631	967	967
275295	235	188659	967	967
317350	235	192231	967	967
265059	235	190141	967	967
209513	235	188173	967	967
210487	235	191462	967	967
256403	235	188365	967	967
270369	235	189189	967	967
284272	235	189083	967	967
285824	235	188297	967	967
233355	235	188367	967	967
241693	235	203302	967	967
212110	235	189835	967	967
195385	235	188498	967	967
227018	235	188032	967	967
214828	235	188368	967	967
202968	235	192467	967	967
198233	235	195452	967	967
196159	235	189207	967	967
373885	235	227321	967	967
261691	37	188734	967	967
223581	235	188161	967	967
374196	235	189539	967	967
371534	273	193397	967	967
273367	235	191324	967	967
241922	235	189242	967	967
215890	235	191732	967	967
203453	235	188924	967	967
256170	235	188393	967	967
222245	282	191708	967	967
270106	235	189772	967	967
201372	235	191092	967	967
219199	235	222989	967	967
289507	235	191557	967	967
271588	235	188171	967	967
256576	235	190785	967	967
199879	235	190864	967	967
203052	235	189448	967	967
267247	37	188734	967	967
232061	235	189905	967	967
242563	235	189064	967	967
265402	235	188515	967	967
252510	235	197118	967	967
220043	235	188869	967	967
263599	235	189351	967	967
262971	235	192997	967	967
219503	235	189214	967	967
298754	235	189499	967	967
369364	235	188078	967	967
214433	235	188172	967	967
338818	235	191186	967	967
220120	235	190952	967	967
194000	235	188053	967	967
367414	235	203468	967	967
308604	235	190785	967	967
236966	235	189717	967	967
363198	235	191500	967	967
278798	235	214971	967	967
240203	235	189725	967	967
198545	235	188247	967	967
200967	235	189772	967	967
285275	235	189827	967	967
207415	235	189451	967	967
197716	235	355821	967	967
237981	235	188546	967	967
234240	235	199544	967	967
335691	235	189085	967	967
271157	235	188718	967	967
294284	235	188772	967	967
217352	235	191058	967	967
267490	52	373324	967	967
249097	235	188470	967	967
231777	235	195980	967	967
207655	235	189166	967	967
230000	235	189179	967	967
212780	235	189500	967	967
216669	235	190701	967	967
199316	235	189763	967	967
193056	235	189699	967	967
302806	235	196477	967	967
244082	235	191353	967	967
215022	235	206049	967	967
207613	235	190649	967	967
279079	235	188851	967	967
194477	235	220020	967	967
268089	235	189625	967	967
272468	282	366770	967	967
213520	235	188031	967	967
220229	235	189679	967	967
218667	235	189215	967	967
277996	235	188958	967	967
208064	235	189198	967	967
197226	235	194314	967	967
212577	235	188017	967	967
281809	235	190164	967	967
261054	235	191370	967	967
226436	235	189508	967	967
247523	235	189228	967	967
195361	235	188545	967	967
202525	235	191136	967	967
211354	235	189081	967	967
300496	235	188398	967	967
241055	235	188896	967	967
222125	235	188827	967	967
251993	235	189034	967	967
297885	139	315220	967	967
215608	235	191883	967	967
195055	52	338690	967	967
215627	235	224666	967	967
194311	235	190942	967	967
227686	235	188765	967	967
240219	235	188496	967	967
204838	235	190665	967	967
198923	235	188902	967	967
228897	235	190360	967	967
203540	235	189161	967	967
194416	235	189699	967	967
217584	235	188622	967	967
211651	235	286471	967	967
238533	235	188063	967	967
235588	235	188838	967	967
235975	235	191811	967	967
373945	139	347721	967	967
263273	235	191014	967	967
279346	235	189651	967	967
292860	235	191420	967	967
203347	235	189680	967	967
286417	235	300926	967	967
309776	235	191071	967	967
225961	282	331038	967	967
275212	235	196429	967	967
221424	235	188883	967	967
234914	235	223201	967	967
260362	235	188988	967	967
313596	235	189555	967	967
197171	235	188065	967	967
254931	282	350555	967	967
261138	235	194891	967	967
318349	235	188746	967	967
301000	235	189797	967	967
338301	282	370415	967	967
259923	282	188295	967	967
283464	235	188249	967	967
354211	139	293472	967	967
332927	235	190244	967	967
281687	235	188935	967	967
335548	235	194650	967	967
252621	235	200471	967	967
199498	235	188076	967	967
207773	235	188400	967	967
214504	235	189516	967	967
244242	235	188153	967	967
239709	235	189128	967	967
272982	235	189745	967	967
278680	235	189281	967	967
204052	235	188238	967	967
221769	52	240909	967	967
287067	235	191199	967	967
254479	235	189106	967	967
201729	235	214241	967	967
200514	235	188277	967	967
298317	235	188264	967	967
230267	235	188072	967	967
347083	235	190681	967	967
250422	235	189039	967	967
355491	282	191460	967	967
199308	235	189819	967	967
192309	235	188065	967	967
253906	235	189791	967	967
307816	282	192252	967	967
194700	139	295562	967	967
239578	235	188756	967	967
192430	139	287760	967	967
198215	235	188488	967	967
199490	37	295477	967	967
338869	235	190068	967	967
208299	235	188998	967	967
295913	235	189358	967	967
324148	235	189894	967	967
203037	282	242576	967	967
296723	235	189605	967	967
195812	235	189035	967	967
228281	235	188601	967	967
351531	235	203468	967	967
203879	235	188143	967	967
234110	235	189128	967	967
225985	235	188865	967	967
203985	235	188972	967	967
290040	235	189890	967	967
258499	235	189690	967	967
273070	235	191947	967	967
189432	139	356480	967	967
303831	282	363781	967	967
241612	235	189546	967	967
207106	235	189862	967	967
228362	235	188753	967	967
208305	235	188396	967	967
242967	235	191181	967	967
214662	235	189128	967	967
261755	235	188895	967	967
250736	235	188877	967	967
281122	235	189816	967	967
196881	235	188029	967	967
202617	235	230857	967	967
211401	235	190772	967	967
223956	235	189539	967	967
289632	235	189681	967	967
246172	235	191181	967	967
199205	235	189641	967	967
371784	235	194697	967	967
211007	235	188408	967	967
211691	235	188093	967	967
197512	235	189762	967	967
276471	235	188898	967	967
250839	235	189638	967	967
201616	235	189092	967	967
215741	235	189156	967	967
198813	235	195824	967	967
255120	235	188334	967	967
245142	235	188061	967	967
230851	235	189707	967	967
248328	235	189055	967	967
194780	235	188259	967	967
213951	235	188111	967	967
211845	235	188612	967	967
273466	235	189924	967	967
235966	235	188108	967	967
194071	235	190269	967	967
197122	235	188001	967	967
201067	235	188037	967	967
347721	282	321481	967	967
195909	235	189214	967	967
268793	235	190165	967	967
340606	282	366365	967	967
312906	235	192172	967	967
251411	37	195441	967	967
260231	235	188440	967	967
218024	235	188098	967	967
275941	235	191426	967	967
263854	235	190399	967	967
193767	235	188186	967	967
313946	235	198586	967	967
253096	235	188732	967	967
264749	235	188469	967	967
208810	235	191200	967	967
202365	235	188035	967	967
196821	235	189073	967	967
232676	235	188603	967	967
229735	235	188277	967	967
228897	235	191413	967	967
261566	282	191572	967	967
209228	235	189597	967	967
313670	235	189539	967	967
307214	235	189752	967	967
293433	235	188298	967	967
261446	235	188856	967	967
206668	235	191731	967	967
229478	235	191014	967	967
270801	235	188511	967	967
197654	235	205245	967	967
204241	235	188754	967	967
248931	235	188202	967	967
272307	235	191731	967	967
208620	235	188087	967	967
217151	235	196813	967	967
217102	235	188035	967	967
260699	235	189645	967	967
243227	235	188713	967	967
226753	235	188357	967	967
313629	235	240256	967	967
194821	235	190684	967	967
213712	235	188617	967	967
317429	52	346601	967	967
209692	235	188706	967	967
208040	235	188048	967	967
197716	235	188450	967	967
217432	235	189584	967	967
347518	52	366996	967	967
366035	139	221769	967	967
281020	235	189045	967	967
262265	235	190033	967	967
216649	235	189321	967	967
229502	235	188003	967	967
301355	235	191675	967	967
204115	235	188702	967	967
196157	235	294592	967	967
205375	235	188105	967	967
204323	235	188799	967	967
205276	235	188776	967	967
197209	235	189835	967	967
223343	235	190248	967	967
207972	235	238061	967	967
216829	235	188891	967	967
206998	235	192409	967	967
312970	235	189131	967	967
311365	235	188355	967	967
222113	235	188592	967	967
244581	235	191026	967	967
218709	235	188226	967	967
198671	235	188958	967	967
201886	235	188356	967	967
206504	235	188137	967	967
255807	235	189189	967	967
238132	235	193723	967	967
292146	235	189972	967	967
197294	235	190261	967	967
193714	235	246867	967	967
249245	235	189358	967	967
228048	235	192115	967	967
245745	235	188206	967	967
224622	235	189736	967	967
352754	282	190713	967	967
275075	282	232762	967	967
203182	235	188895	967	967
197120	235	189518	967	967
246746	282	270293	967	967
222417	235	189086	967	967
201343	235	210463	967	967
314604	235	189495	967	967
316868	282	230859	967	967
195015	235	189419	967	967
298900	235	189603	967	967
362863	282	191460	967	967
204267	235	188189	967	967
290519	235	190642	967	967
222923	235	188951	967	967
276646	235	189307	967	967
202613	235	188133	967	967
288039	235	188773	967	967
195923	235	197321	967	967
194785	235	189298	967	967
257730	235	224019	967	967
219892	235	188142	967	967
193633	139	246746	967	967
194075	235	188498	967	967
333231	235	189904	967	967
198458	235	188072	967	967
252310	235	189147	967	967
268056	235	190082	967	967
246255	235	189194	967	967
300250	235	190176	967	967
239261	235	188785	967	967
280179	235	189048	967	967
197829	235	188153	967	967
197865	235	205811	967	967
301335	235	190538	967	967
276519	49	193959	967	967
196076	235	189183	967	967
289089	235	189042	967	967
241146	235	189128	967	967
239447	235	193951	967	967
196764	139	285381	967	967
316950	235	188066	967	967
293809	235	188691	967	967
201808	235	188556	967	967
315207	235	223344	967	967
229204	235	189769	967	967
207158	235	195424	967	967
213635	235	189913	967	967
222123	235	188701	967	967
337506	235	188415	967	967
280154	282	205892	967	967
221488	235	257949	967	967
254593	235	188096	967	967
290059	235	189391	967	967
244604	235	191071	967	967
199162	235	188164	967	967
197371	235	188027	967	967
216773	235	190166	967	967
201217	235	188098	967	967
231511	235	189137	967	967
277250	235	188091	967	967
219716	235	188893	967	967
188382	239	206425	967	967
234140	235	189117	967	967
308659	282	189773	967	967
205665	235	188582	967	967
229304	235	188869	967	967
193694	235	188538	967	967
300725	235	189939	967	967
204248	235	195517	967	967
202398	235	188260	967	967
247205	235	189758	967	967
327700	139	357704	967	967
235207	235	188992	967	967
281940	235	188264	967	967
246414	235	188958	967	967
296580	235	189522	967	967
305943	282	282449	967	967
249430	235	244828	967	967
317999	235	189283	967	967
213972	235	190579	967	967
354306	282	309554	967	967
214896	235	188202	967	967
339750	139	256190	967	967
272459	235	191422	967	967
313363	235	188943	967	967
212387	235	197326	967	967
291319	235	218450	967	967
313991	235	191961	967	967
320929	52	261308	967	967
230214	235	189167	967	967
194567	235	189352	967	967
279605	235	188704	967	967
262515	235	190123	967	967
234696	235	210768	967	967
218586	235	193262	967	967
365604	282	224702	967	967
200185	235	191217	967	967
209562	235	189772	967	967
253898	235	190883	967	967
366361	282	346136	967	967
208704	235	192360	967	967
207257	235	189054	967	967
258952	235	188789	967	967
199888	235	191179	967	967
240400	235	189055	967	967
196267	235	225267	967	967
281879	235	189636	967	967
319065	282	217246	967	967
287615	235	189102	967	967
206941	235	193426	967	967
288426	235	201991	967	967
282978	37	191078	967	967
246212	235	189005	967	967
201750	235	188145	967	967
194163	139	308897	967	967
307963	37	188734	967	967
288823	235	188171	967	967
204582	235	189826	967	967
210323	235	189816	967	967
276163	235	188665	967	967
196524	235	189596	967	967
247763	235	190882	967	967
194345	235	188515	967	967
269823	235	189781	967	967
229696	235	216845	967	967
196438	235	188558	967	967
206178	235	188153	967	967
193082	235	190267	967	967
199036	235	188069	967	967
222632	235	189905	967	967
212905	235	239870	967	967
216495	235	188408	967	967
197667	235	189736	967	967
205576	235	188116	967	967
346464	235	191090	967	967
264625	235	191677	967	967
233944	235	192743	967	967
252236	235	190526	967	967
312232	282	346182	967	967
258947	235	189128	967	967
302661	235	188876	967	967
342917	235	211400	967	967
197542	235	189760	967	967
283923	37	188734	967	967
230673	235	188250	967	967
224682	139	332569	967	967
245055	235	188605	967	967
233350	235	189814	967	967
275062	235	189104	967	967
226349	235	195980	967	967
367278	52	365234	967	967
213247	235	189539	967	967
332015	139	286181	967	967
193200	235	189575	967	967
227723	235	188307	967	967
284598	282	355026	967	967
274093	235	189128	967	967
195231	52	339746	967	967
271857	235	188470	967	967
196029	235	196829	967	967
272095	282	372834	967	967
268368	235	191418	967	967
200916	235	190883	967	967
198660	235	189736	967	967
217982	235	191014	967	967
261435	235	188592	967	967
222802	235	189142	967	967
200937	235	188902	967	967
196505	235	208163	967	967
198079	235	189191	967	967
243163	235	197172	967	967
202676	235	197326	967	967
238614	235	206044	967	967
239115	235	189583	967	967
206269	235	188424	967	967
266472	235	192613	967	967
229589	235	188485	967	967
248017	235	190642	967	967
215395	235	188429	967	967
249696	282	235594	967	967
195226	235	188512	967	967
293249	235	189042	967	967
219381	235	188659	967	967
208400	235	195620	967	967
300889	235	193140	967	967
252534	235	190321	967	967
213712	235	189105	967	967
211779	235	188136	967	967
222063	235	188463	967	967
299927	282	203375	967	967
317046	235	191490	967	967
251135	235	189539	967	967
341112	37	212796	967	967
237397	235	188091	967	967
213840	235	188273	967	967
248921	235	190264	967	967
296034	235	188494	967	967
199000	235	188381	967	967
246904	235	188256	967	967
314417	52	329616	967	967
257544	235	192619	967	967
373052	235	196395	967	967
211678	235	188079	967	967
199483	235	189919	967	967
216802	235	188487	967	967
200214	235	247944	967	967
247962	235	188312	967	967
207292	235	188010	967	967
319275	235	191494	967	967
336579	235	188891	967	967
321820	235	189102	967	967
223625	235	188765	967	967
219486	235	189758	967	967
278378	235	188155	967	967
240726	235	189985	967	967
226198	235	188393	967	967
298530	235	189064	967	967
346182	139	191481	967	967
238727	235	188391	967	967
301462	235	190275	967	967
247254	235	188275	967	967
220703	235	188935	967	967
218994	235	188649	967	967
255353	235	188701	967	967
202246	235	188679	967	967
229026	235	190432	967	967
200260	235	192365	967	967
202869	235	190642	967	967
261314	235	190228	967	967
210232	235	192158	967	967
194928	235	189911	967	967
195250	235	188074	967	967
246820	235	190925	967	967
219572	235	189422	967	967
236169	235	211828	967	967
195995	235	188691	967	967
246656	235	196278	967	967
232525	235	189102	967	967
343605	282	309306	967	967
220786	235	190545	967	967
331254	139	316150	967	967
258613	235	190795	967	967
208205	235	191731	967	967
310880	235	189117	967	967
212940	235	189559	967	967
200585	235	189265	967	967
259584	235	188087	967	967
292535	235	189018	967	967
249212	235	189814	967	967
223117	235	188608	967	967
199345	235	189816	967	967
195774	235	191989	967	967
239414	235	200395	967	967
372834	139	213317	967	967
208129	235	189306	967	967
212387	235	188957	967	967
272551	235	188051	967	967
222384	235	189054	967	967
195534	235	276344	967	967
298256	235	192152	967	967
219243	235	191883	967	967
279909	37	188734	967	967
203941	235	189510	967	967
245504	235	189452	967	967
291489	235	189073	967	967
214343	235	189134	967	967
260048	235	188902	967	967
250594	235	201155	967	967
233645	235	191373	967	967
250624	235	188502	967	967
288730	235	188999	967	967
196268	235	188056	967	967
257945	282	220621	967	967
203677	235	189021	967	967
260769	235	190123	967	967
196996	235	189280	967	967
197119	235	188065	967	967
222001	235	217073	967	967
266107	235	191962	967	967
219838	282	288372	967	967
353624	235	188989	967	967
231863	235	190981	967	967
213560	235	188276	967	967
275771	235	189892	967	967
270268	235	188902	967	967
256200	235	214128	967	967
209112	235	188136	967	967
286707	282	256770	967	967
230485	235	190501	967	967
339746	139	374741	967	967
247305	235	264117	967	967
233336	235	188959	967	967
267942	235	188050	967	967
285134	235	189168	967	967
202633	235	194604	967	967
214057	139	303080	967	967
211390	235	189097	967	967
278645	235	208517	967	967
217835	235	191269	967	967
297959	235	190579	967	967
280284	235	189061	967	967
202424	235	190248	967	967
211523	235	190213	967	967
254728	235	191433	967	967
343391	235	191675	967	967
257126	235	195424	967	967
213033	235	188547	967	967
266246	235	200360	967	967
218912	235	188605	967	967
322958	282	308345	967	967
220782	235	190935	967	967
212893	235	188072	967	967
287179	235	190360	967	967
202180	235	189575	967	967
194170	52	346601	967	967
226382	235	237780	967	967
205351	235	188400	967	967
239371	235	188975	967	967
275875	235	188449	967	967
240228	235	189824	967	967
268665	235	195424	967	967
270985	235	188649	967	967
335004	282	292123	967	967
214363	235	193356	967	967
304431	235	188391	967	967
205500	235	190367	967	967
277877	235	189128	967	967
201778	235	189419	967	967
227459	235	188479	967	967
191533	235	198820	967	967
304972	235	188705	967	967
264138	235	188743	967	967
292752	235	191382	967	967
232400	235	188890	967	967
273925	235	188237	967	967
251628	235	191857	967	967
196249	235	188035	967	967
232351	235	188171	967	967
192347	235	191413	967	967
237380	235	188680	967	967
215211	235	192220	967	967
269939	235	193179	967	967
245261	282	189204	967	967
193791	235	194356	967	967
211838	235	189509	967	967
209141	235	188026	967	967
327318	235	189205	967	967
277283	235	189417	967	967
256323	235	189970	967	967
226961	235	189407	967	967
276908	282	203375	967	967
312461	235	255005	967	967
263989	235	196434	967	967
204972	235	189523	967	967
213317	282	372834	967	967
250101	235	189936	967	967
191514	139	245011	967	967
195812	235	190548	967	967
207626	235	188776	967	967
316370	235	191374	967	967
237137	235	188035	967	967
205894	235	188423	967	967
279015	235	193179	967	967
228534	235	222767	967	967
294837	235	188567	967	967
195956	235	190013	967	967
336123	235	188519	967	967
284256	235	202345	967	967
213522	235	189789	967	967
220960	235	188997	967	967
200548	235	189317	967	967
205281	235	188065	967	967
214511	235	188223	967	967
192279	52	307706	967	967
210813	235	224417	967	967
193119	235	190165	967	967
235700	235	190140	967	967
251521	235	188388	967	967
193916	235	188072	967	967
222743	235	189540	967	967
230230	235	188808	967	967
249035	235	188284	967	967
217822	235	188096	967	967
201154	235	239290	967	967
207776	235	189419	967	967
195776	235	190782	967	967
209399	235	189183	967	967
284880	235	189397	967	967
235411	235	189899	967	967
301802	235	189863	967	967
218880	235	190119	967	967
237962	235	190899	967	967
287506	235	189707	967	967
208392	235	188617	967	967
293964	235	188938	967	967
303819	282	189305	967	967
212782	235	188377	967	967
236087	235	189523	967	967
229026	235	188853	967	967
209699	235	202788	967	967
296477	235	224130	967	967
282449	139	305943	967	967
310724	235	202788	967	967
252490	235	188079	967	967
288911	235	229783	967	967
257730	235	189136	967	967
223316	235	188743	967	967
208874	235	269100	967	967
198188	235	188371	967	967
204348	235	188134	967	967
305045	235	211776	967	967
293359	235	189967	967	967
220792	235	188473	967	967
301756	235	188557	967	967
237009	235	189158	967	967
218518	235	189664	967	967
257240	235	190195	967	967
214719	235	188842	967	967
208857	235	190381	967	967
267442	235	190558	967	967
291332	235	195104	967	967
193501	235	188048	967	967
280918	235	189117	967	967
352624	282	192128	967	967
271773	235	190935	967	967
198830	235	191873	967	967
221017	235	188743	967	967
204639	235	189585	967	967
323407	235	190796	967	967
317111	139	198968	967	967
258611	235	202985	967	967
357676	52	298157	967	967
193196	235	210543	967	967
328068	235	188168	967	967
309062	235	189391	967	967
220834	235	188815	967	967
218870	282	346182	967	967
285100	235	188776	967	967
265188	235	189391	967	967
200568	235	190525	967	967
231391	235	192133	967	967
248516	235	189862	967	967
253250	282	188295	967	967
249310	235	189277	967	967
198751	235	188285	967	967
203901	235	189464	967	967
204097	52	190247	967	967
338871	235	202107	967	967
206489	235	188074	967	967
276281	235	191418	967	967
210423	235	188027	967	967
270640	235	190700	967	967
269140	235	189194	967	967
239575	235	188803	967	967
207249	235	188043	967	967
232686	235	189610	967	967
269173	235	188923	967	967
254479	235	190888	967	967
248925	235	224130	967	967
317598	235	189070	967	967
373885	235	201907	967	967
202856	235	197326	967	967
250042	235	189003	967	967
355478	139	349190	967	967
296196	139	285277	967	967
220349	235	188024	967	967
198099	235	188147	967	967
285320	235	189681	967	967
352072	282	193292	967	967
218931	235	189908	967	967
193464	235	196485	967	967
242558	235	189161	967	967
371349	235	188469	967	967
356206	139	273812	967	967
339435	235	189532	967	967
303607	235	188182	967	967
250803	235	189595	967	967
213967	235	188072	967	967
194804	52	356277	967	967
361157	282	194480	967	967
212538	235	201944	967	967
313093	235	190037	967	967
288033	235	188956	967	967
230739	235	189146	967	967
213724	235	197118	967	967
203908	235	191457	967	967
226893	235	189128	967	967
271758	235	189560	967	967
193575	235	188844	967	967
193654	235	192233	967	967
194753	282	331934	967	967
294555	235	189894	967	967
205268	235	189116	967	967
196181	235	189834	967	967
200952	235	188185	967	967
269772	235	191014	967	967
251937	235	188097	967	967
253861	235	188294	967	967
268592	235	189677	967	967
265377	235	189150	967	967
258534	235	195138	967	967
260961	235	195621	967	967
291230	235	189699	967	967
267727	235	222696	967	967
222143	235	188139	967	967
224787	235	188869	967	967
287592	235	188761	967	967
245915	235	191341	967	967
208560	235	191531	967	967
219305	235	190269	967	967
253205	235	196227	967	967
265405	235	191412	967	967
201909	235	188031	967	967
346182	139	218870	967	967
200281	235	221226	967	967
275710	235	189241	967	967
233118	235	188069	967	967
260871	235	190782	967	967
223931	235	234087	967	967
205309	235	188640	967	967
200385	235	191058	967	967
220693	235	190289	967	967
328327	282	346946	967	967
198813	235	189819	967	967
228548	235	190782	967	967
263185	235	188294	967	967
245253	235	189303	967	967
210071	235	188478	967	967
227799	235	188633	967	967
241842	235	188557	967	967
342302	235	189319	967	967
290485	282	190779	967	967
199576	235	188027	967	967
193193	235	188318	967	967
202122	235	188601	967	967
283664	235	194114	967	967
197177	235	189482	967	967
268462	235	194595	967	967
260382	235	188219	967	967
286640	235	188838	967	967
224220	235	189500	967	967
373324	139	370664	967	967
195422	235	190827	967	967
262021	235	190062	967	967
210551	282	223226	967	967
247591	235	194214	967	967
247188	235	192737	967	967
205526	235	189410	967	967
209028	235	190378	967	967
246265	235	190075	967	967
216820	235	189782	967	967
264241	235	192917	967	967
212491	235	189899	967	967
273850	235	189782	967	967
279292	235	189872	967	967
211929	235	188192	967	967
260454	235	189377	967	967
240101	235	191426	967	967
197332	235	190041	967	967
313498	120	213341	967	967
276989	235	190591	967	967
212445	235	190011	967	967
276869	235	190360	967	967
253192	235	188501	967	967
209221	235	188101	967	967
205721	235	200544	967	967
297355	235	204397	967	967
285949	235	189102	967	967
220816	235	188589	967	967
294254	235	188877	967	967
334473	235	188557	967	967
245865	235	188368	967	967
221100	235	189230	967	967
261025	235	193951	967	967
198283	235	190545	967	967
285910	282	198404	967	967
200927	235	188463	967	967
247755	235	220355	967	967
212201	235	188192	967	967
198351	235	188667	967	967
263845	235	188801	967	967
274693	235	188139	967	967
246272	235	188097	967	967
313545	235	190595	967	967
301232	282	216281	967	967
266107	235	188390	967	967
360128	282	356463	967	967
204602	235	189757	967	967
240333	235	190969	967	967
195463	235	188092	967	967
212387	235	188232	967	967
213558	235	188886	967	967
251873	235	196227	967	967
345133	235	189291	967	967
266527	235	189486	967	967
213494	235	188633	967	967
255775	235	190068	967	967
302007	235	188789	967	967
243182	235	188601	967	967
338725	235	188803	967	967
228686	235	191625	967	967
275157	282	373861	967	967
275470	235	189727	967	967
219330	235	189662	967	967
203870	235	189307	967	967
236281	282	257102	967	967
292506	235	190147	967	967
221017	235	188250	967	967
201652	235	189811	967	967
198589	235	188058	967	967
237948	235	188147	967	967
203509	235	190746	967	967
200185	235	190838	967	967
204964	235	188474	967	967
210651	235	189662	967	967
272560	235	189377	967	967
270212	235	188962	967	967
240402	235	190612	967	967
233206	235	188106	967	967
223581	235	188421	967	967
195214	235	188225	967	967
279402	235	188294	967	967
198729	235	189707	967	967
294866	52	343681	967	967
262242	235	191014	967	967
210327	235	188344	967	967
264625	235	188505	967	967
299554	235	195205	967	967
338852	282	203375	967	967
243089	235	188223	967	967
339746	139	263725	967	967
198252	235	188757	967	967
195434	235	188585	967	967
329514	52	355676	967	967
304389	292	363954	967	967
277521	235	190023	967	967
196167	235	189041	967	967
194026	235	189433	967	967
257730	235	189819	967	967
290063	235	214128	967	967
324270	235	190235	967	967
225418	235	188442	967	967
292602	235	189588	967	967
193348	235	188420	967	967
195284	235	190844	967	967
228960	49	261131	967	967
373722	139	198304	967	967
232081	235	189443	967	967
361723	235	190968	967	967
279224	235	189397	967	967
227603	235	190177	967	967
297396	235	192952	967	967
241462	235	188743	967	967
318787	235	189447	967	967
294588	235	188395	967	967
196632	235	296148	967	967
222247	235	189697	967	967
223857	235	188619	967	967
326034	139	269299	967	967
286885	235	188264	967	967
275615	235	191501	967	967
194234	235	193075	967	967
203701	235	188452	967	967
307307	235	190395	967	967
222404	235	188147	967	967
227489	235	199277	967	967
216039	235	205245	967	967
215355	235	189939	967	967
201121	235	189060	967	967
273754	235	190835	967	967
273425	235	188782	967	967
201849	235	188565	967	967
259533	235	189924	967	967
285050	235	188374	967	967
240495	235	189215	967	967
216850	235	191058	967	967
208390	235	188445	967	967
226386	235	189720	967	967
334859	37	195270	967	967
199660	235	188667	967	967
276734	235	188621	967	967
251460	235	189707	967	967
295574	52	329616	967	967
242001	235	189732	967	967
203992	235	188279	967	967
307661	235	188405	967	967
286978	235	189040	967	967
256628	235	242557	967	967
197847	235	194568	967	967
207475	235	188452	967	967
235255	235	214971	967	967
239316	235	188069	967	967
258832	235	190794	967	967
297617	235	191475	967	967
247786	282	346136	967	967
204729	235	188061	967	967
199077	235	190558	967	967
296463	235	188718	967	967
239474	282	213576	967	967
331910	235	189207	967	967
201830	235	189150	967	967
260201	235	188781	967	967
227377	235	188249	967	967
273859	235	189073	967	967
297905	235	189225	967	967
204061	235	190545	967	967
206355	235	189262	967	967
216085	235	189053	967	967
193798	235	188054	967	967
263492	235	189179	967	967
210701	235	189863	967	967
242778	235	191457	967	967
343576	139	259723	967	967
204485	235	188868	967	967
197960	235	191092	967	967
204087	235	188024	967	967
274706	235	189202	967	967
204655	235	188539	967	967
208347	235	188005	967	967
202918	235	188617	967	967
209416	235	188250	967	967
316769	235	193782	967	967
217913	235	189138	967	967
293809	235	189598	967	967
210701	235	189500	967	967
262040	235	188444	967	967
305515	235	195100	967	967
200116	235	190601	967	967
199609	235	189790	967	967
278994	235	320811	967	967
250143	235	190417	967	967
308134	235	190228	967	967
224564	126	261262	967	967
334709	37	188734	967	967
280252	235	259342	967	967
258569	282	193882	967	967
301328	235	189169	967	967
294305	235	191926	967	967
308701	235	192360	967	967
198414	235	190750	967	967
271227	235	189209	967	967
272102	235	188396	967	967
204739	235	189872	967	967
245859	235	190646	967	967
278707	235	188851	967	967
249537	282	188295	967	967
193891	235	189655	967	967
194083	52	346182	967	967
331463	235	190549	967	967
249695	235	189499	967	967
266514	235	190083	967	967
252300	235	190782	967	967
292087	235	189846	967	967
202410	235	194100	967	967
274621	235	188106	967	967
230851	235	194100	967	967
261914	235	230227	967	967
204442	235	188397	967	967
227900	235	189037	967	967
218166	235	189874	967	967
196513	235	188344	967	967
257507	235	193033	967	967
340157	282	203375	967	967
204883	235	188038	967	967
246082	235	192416	967	967
260093	235	190041	967	967
217326	235	192730	967	967
198700	235	188733	967	967
196908	235	188767	967	967
250362	235	189165	967	967
200776	235	189534	967	967
205461	235	188163	967	967
278530	235	188839	967	967
296934	235	190235	967	967
224466	235	189345	967	967
192364	282	347585	967	967
290040	235	189345	967	967
200732	235	189597	967	967
193430	235	188498	967	967
265884	282	191708	967	967
274549	235	189147	967	967
287807	235	190968	967	967
194290	235	188829	967	967
263753	235	206227	967	967
298665	282	197256	967	967
200899	235	191614	967	967
242267	235	212802	967	967
267476	235	188502	967	967
195083	235	192324	967	967
211147	235	188056	967	967
197093	233	264293	967	967
268272	235	190248	967	967
259540	235	191412	967	967
257944	235	191980	967	967
308668	235	188979	967	967
224237	235	190900	967	967
235606	235	193637	967	967
255609	235	194400	967	967
298173	235	189083	967	967
278383	235	191368	967	967
233595	235	191025	967	967
216499	235	188880	967	967
220048	235	189134	967	967
193798	235	192920	967	967
244999	235	188991	967	967
369806	235	189128	967	967
217654	235	188959	967	967
286649	235	189201	967	967
194884	235	188173	967	967
217275	235	192167	967	967
197960	235	191962	967	967
211774	235	188569	967	967
282658	235	189102	967	967
222662	235	188033	967	967
215817	235	189217	967	967
289285	235	188408	967	967
195586	235	188491	967	967
205903	235	189289	967	967
221108	235	188249	967	967
208746	235	190062	967	967
263559	235	198022	967	967
282334	235	188754	967	967
313991	235	188276	967	967
331482	235	190674	967	967
199231	235	188865	967	967
211448	235	189321	967	967
249651	235	188385	967	967
220005	235	190531	967	967
222753	235	281071	967	967
216805	235	189549	967	967
212027	235	189798	967	967
208535	235	189194	967	967
205708	235	188341	967	967
252062	235	188950	967	967
203104	235	189081	967	967
288590	235	193512	967	967
209640	235	190378	967	967
224549	235	189369	967	967
203540	235	189077	967	967
206120	235	189835	967	967
219838	52	288372	967	967
288306	235	190532	967	967
206819	235	191434	967	967
202474	235	190333	967	967
210896	282	332391	967	967
352995	282	189365	967	967
281621	235	189035	967	967
301595	235	250388	967	967
253409	235	189872	967	967
190983	235	191063	967	967
346576	49	341872	967	967
262569	235	190090	967	967
213521	235	188091	967	967
198332	235	189970	967	967
234272	235	188337	967	967
201279	235	193285	967	967
212818	235	192225	967	967
318660	282	213561	967	967
249072	235	219783	967	967
297779	235	188891	967	967
275785	37	191078	967	967
286832	52	267546	967	967
206222	235	188902	967	967
197089	235	188423	967	967
195996	235	188155	967	967
217486	235	189540	967	967
277759	235	188891	967	967
317320	235	209539	967	967
193241	235	189546	967	967
209592	235	206694	967	967
228283	235	188054	967	967
201700	235	190427	967	967
226071	235	188260	967	967
339746	139	241851	967	967
198443	235	191713	967	967
201491	235	189908	967	967
252217	235	216845	967	967
194301	235	188546	967	967
300910	235	188430	967	967
280385	235	189136	967	967
363608	235	188164	967	967
213438	235	188968	967	967
234970	235	188935	967	967
210980	235	188065	967	967
191496	235	189501	967	967
316995	235	188440	967	967
224220	235	189532	967	967
261433	235	190027	967	967
203531	235	189702	967	967
200772	235	188416	967	967
372187	235	189848	967	967
237753	282	267546	967	967
203889	235	189559	967	967
226307	235	191156	967	967
242526	235	188054	967	967
336785	52	329616	967	967
345940	235	191406	967	967
233939	235	189307	967	967
260570	235	189948	967	967
210424	235	197326	967	967
251340	235	191233	967	967
311799	235	192499	967	967
228946	235	188003	967	967
194217	235	188952	967	967
229810	235	188414	967	967
251442	282	329461	967	967
309432	235	188567	967	967
208024	235	188016	967	967
197434	235	189715	967	967
219673	235	189904	967	967
275492	235	188297	967	967
251831	235	188192	967	967
239500	235	264117	967	967
255669	235	190432	967	967
281762	235	189102	967	967
208881	235	188025	967	967
297953	235	194599	967	967
260987	235	200395	967	967
224264	235	221986	967	967
209974	235	191420	967	967
248061	235	188318	967	967
295760	235	188106	967	967
202571	235	191254	967	967
202857	235	189975	967	967
191824	235	234087	967	967
196010	235	188260	967	967
217246	139	363789	967	967
214936	235	189303	967	967
277643	235	188240	967	967
191396	235	188054	967	967
203538	235	191254	967	967
314813	235	190104	967	967
257936	235	189013	967	967
209070	235	188869	967	967
217401	282	203375	967	967
198550	235	188029	967	967
321631	235	190515	967	967
197177	235	201780	967	967
298070	235	189763	967	967
254486	235	188029	967	967
199824	235	188910	967	967
223947	282	339746	967	967
295801	235	188452	967	967
236661	235	189806	967	967
193692	235	191873	967	967
303686	235	188469	967	967
300773	235	190353	967	967
231248	235	190408	967	967
224774	235	189570	967	967
340824	235	188879	967	967
253089	235	189746	967	967
222571	235	188633	967	967
255482	235	188010	967	967
202762	235	188226	967	967
216212	235	191213	967	967
213091	235	189014	967	967
205498	235	188126	967	967
277981	235	189740	967	967
222324	235	189131	967	967
227917	235	188556	967	967
196798	235	188029	967	967
229728	235	189040	967	967
194524	235	190007	967	967
207319	235	194114	967	967
285799	235	189449	967	967
199577	235	188277	967	967
194295	235	188938	967	967
226117	235	197735	967	967
226463	235	190087	967	967
274643	235	188105	967	967
296130	262	340796	967	967
229770	235	251998	967	967
310682	235	190152	967	967
267300	235	189919	967	967
281572	235	212255	967	967
222294	235	188894	967	967
366647	139	292534	967	967
189523	239	294094	967	967
354526	235	364286	967	967
194773	282	339746	967	967
305322	235	258162	967	967
198039	282	375123	967	967
194638	235	190153	967	967
205096	235	188111	967	967
232650	235	189303	967	967
218003	235	191112	967	967
245967	235	188773	967	967
296155	235	189397	967	967
228967	235	188658	967	967
199815	235	189924	967	967
286582	235	188665	967	967
202422	235	190427	967	967
219022	235	188806	967	967
273306	235	188601	967	967
193002	235	188148	967	967
195075	235	188237	967	967
287259	235	188960	967	967
199862	235	189075	967	967
229736	235	188155	967	967
239902	235	188733	967	967
195125	235	188345	967	967
215979	235	188733	967	967
272157	235	188851	967	967
203799	235	216781	967	967
298175	235	188902	967	967
286401	235	193453	967	967
279116	235	188217	967	967
219761	235	193540	967	967
231248	235	188605	967	967
287592	235	228837	967	967
295278	235	188557	967	967
220126	235	189277	967	967
285970	235	194896	967	967
307040	235	189138	967	967
209504	235	188074	967	967
214398	235	188820	967	967
298857	235	196226	967	967
346381	139	190046	967	967
249393	235	188250	967	967
279322	235	248263	967	967
242189	235	188792	967	967
216695	235	190087	967	967
201740	235	188793	967	967
198357	235	189030	967	967
225245	235	255005	967	967
216767	235	189390	967	967
240524	235	248675	967	967
205867	235	188379	967	967
259272	235	190610	967	967
236486	235	190250	967	967
221924	235	192034	967	967
219951	235	188371	967	967
252564	235	191426	967	967
338625	282	284989	967	967
226777	235	190867	967	967
205358	235	189065	967	967
286798	235	191879	967	967
287773	52	346182	967	967
238578	235	188157	967	967
201308	235	188902	967	967
370001	139	306338	967	967
277278	235	194922	967	967
289019	235	190850	967	967
230689	235	189367	967	967
279885	235	202383	967	967
282690	235	189765	967	967
254878	235	266877	967	967
223414	235	188594	967	967
206461	235	197326	967	967
252565	235	188660	967	967
277503	235	188519	967	967
229175	235	188019	967	967
199907	235	188868	967	967
313363	235	193034	967	967
196989	235	189352	967	967
211268	235	188826	967	967
256427	235	188902	967	967
196850	235	224019	967	967
249885	235	193111	967	967
201860	235	188701	967	967
213294	235	366702	967	967
219977	282	276870	967	967
215497	235	189158	967	967
210503	235	188063	967	967
289513	235	188700	967	967
190951	139	245980	967	967
363452	282	250780	967	967
291203	235	189039	967	967
300208	235	190333	967	967
289864	282	331934	967	967
220725	235	188773	967	967
239148	235	190068	967	967
221753	235	189540	967	967
298743	235	189083	967	967
238877	235	188507	967	967
288033	235	189483	967	967
272606	235	191125	967	967
198968	282	317111	967	967
297597	235	189443	967	967
202254	235	188958	967	967
203333	235	195085	967	967
226142	235	190235	967	967
227247	235	188774	967	967
199932	235	189151	967	967
335548	235	195388	967	967
299682	235	188226	967	967
228204	235	188094	967	967
362689	235	188552	967	967
285488	282	308161	967	967
272107	235	188691	967	967
264145	235	190676	967	967
207816	235	188097	967	967
192616	235	191580	967	967
247593	235	197326	967	967
222755	235	188869	967	967
312405	235	189539	967	967
281444	235	188260	967	967
286424	235	188398	967	967
263372	235	189486	967	967
282036	235	188009	967	967
271948	235	190228	967	967
232446	235	192225	967	967
212030	235	191995	967	967
203810	235	188056	967	967
244887	235	189449	967	967
272493	235	189307	967	967
212180	235	189499	967	967
226856	235	188347	967	967
197175	235	189387	967	967
220441	235	188483	967	967
202390	282	349167	967	967
221130	235	190228	967	967
217532	235	188226	967	967
277006	235	188663	967	967
220119	235	190882	967	967
194662	235	188054	967	967
195223	235	188147	967	967
209900	235	189352	967	967
248416	235	188887	967	967
252936	235	188677	967	967
339746	139	194585	967	967
365375	235	188585	967	967
339253	235	188178	967	967
281457	52	329616	967	967
218854	139	280088	967	967
220560	235	189215	967	967
340476	235	224873	967	967
256367	235	192139	967	967
262436	235	188864	967	967
228522	235	188256	967	967
209589	235	190267	967	967
255034	235	189221	967	967
372966	282	337799	967	967
226258	235	189040	967	967
303621	235	190228	967	967
329514	52	267546	967	967
311499	37	195270	967	967
194131	235	188069	967	967
271898	235	189696	967	967
224528	235	191291	967	967
195869	235	189134	967	967
248582	235	188201	967	967
266864	235	188801	967	967
208873	235	189404	967	967
196125	235	188078	967	967
294286	235	188403	967	967
283464	235	188400	967	967
278801	235	188226	967	967
240333	235	192573	967	967
233367	235	188902	967	967
297106	282	195572	967	967
250655	235	221227	967	967
196505	235	189306	967	967
194960	235	188381	967	967
195294	282	318680	967	967
213234	235	189824	967	967
266423	235	189296	967	967
239478	235	190603	967	967
216707	235	189746	967	967
251721	235	192387	967	967
212927	235	197363	967	967
260488	235	189463	967	967
197818	235	189238	967	967
338725	235	189447	967	967
291707	235	189518	967	967
327383	42	200324	967	967
226835	235	188709	967	967
344514	235	188078	967	967
248383	235	188375	967	967
194820	235	192230	967	967
231205	37	238843	967	967
204042	235	188044	967	967
320477	282	191364	967	967
255508	235	189003	967	967
365917	235	189746	967	967
195403	235	195138	967	967
205061	235	189823	967	967
345201	235	188781	967	967
205241	235	188668	967	967
357704	282	327700	967	967
298173	235	189696	967	967
288571	235	189483	967	967
221530	235	188044	967	967
206432	235	188024	967	967
282940	235	188694	967	967
217212	235	188498	967	967
196660	235	188165	967	967
199049	235	191995	967	967
293099	235	189320	967	967
316131	37	191628	967	967
262731	235	191233	967	967
223032	235	188770	967	967
261097	235	188079	967	967
271096	235	190595	967	967
328708	235	192254	967	967
262093	235	188894	967	967
259556	235	189201	967	967
195735	235	189699	967	967
271547	235	189312	967	967
298530	235	189501	967	967
313434	282	351680	967	967
199272	235	188779	967	967
226394	235	188913	967	967
198114	235	189499	967	967
217991	235	189911	967	967
270060	235	189397	967	967
322496	235	192324	967	967
194721	235	189194	967	967
251865	235	188541	967	967
198885	235	188502	967	967
251383	235	189247	967	967
204145	235	188709	967	967
227862	235	192034	967	967
242697	235	188237	967	967
301462	235	188294	967	967
248526	235	190033	967	967
261298	235	189642	967	967
202600	235	188029	967	967
193679	235	216550	967	967
249339	235	189003	967	967
210740	282	197390	967	967
307844	235	195452	967	967
213347	235	188250	967	967
282378	235	189584	967	967
262093	235	189982	967	967
200999	52	346182	967	967
247418	235	189357	967	967
360128	52	332391	967	967
229855	235	192416	967	967
273967	235	188555	967	967
243552	235	188505	967	967
256130	235	193847	967	967
211404	235	189872	967	967
202437	235	188503	967	967
229362	235	188644	967	967
305378	235	201950	967	967
230267	235	188044	967	967
344587	235	191406	967	967
269243	235	188025	967	967
210075	235	195620	967	967
370661	37	225460	967	967
277254	235	215458	967	967
189856	139	305335	967	967
294393	235	192158	967	967
244079	235	189523	967	967
234992	235	189555	967	967
192900	235	189806	967	967
204292	235	189296	967	967
241897	282	191042	967	967
219471	235	279351	967	967
202906	235	189925	967	967
200522	235	188073	967	967
207180	235	194095	967	967
206862	235	188975	967	967
225024	235	190177	967	967
266763	235	188538	967	967
208225	235	195846	967	967
262596	235	190353	967	967
244655	235	192934	967	967
292932	235	189065	967	967
296196	139	302040	967	967
203378	235	190408	967	967
257977	282	224080	967	967
361554	282	243563	967	967
232327	235	188756	967	967
222720	235	188090	967	967
263833	235	189010	967	967
225517	235	194556	967	967
300200	235	240256	967	967
207592	235	189772	967	967
234004	235	188066	967	967
225630	235	188562	967	967
266028	235	189468	967	967
196052	235	188129	967	967
351873	52	361667	967	967
255764	235	193822	967	967
201465	235	188756	967	967
230105	235	188268	967	967
307126	235	189523	967	967
231511	235	188479	967	967
191496	235	193532	967	967
230258	235	188488	967	967
208474	235	190586	967	967
204655	235	191026	967	967
245064	235	188902	967	967
232433	235	212472	967	967
199329	235	205245	967	967
221288	235	188902	967	967
336374	235	190697	967	967
276248	235	263954	967	967
257730	235	190614	967	967
195718	235	188165	967	967
194028	235	188539	967	967
205487	235	190161	967	967
342567	235	188573	967	967
194600	235	188237	967	967
228705	235	188876	967	967
222072	235	230199	967	967
217430	235	190267	967	967
219243	235	193359	967	967
273077	235	189884	967	967
198713	235	188488	967	967
224835	235	189103	967	967
241196	235	188959	967	967
198738	235	189167	967	967
238013	235	207894	967	967
205087	235	190164	967	967
282317	235	188106	967	967
212928	235	189150	967	967
275884	235	202096	967	967
195996	235	188732	967	967
263599	235	201962	967	967
193379	235	188545	967	967
241563	52	321983	967	967
229794	235	188048	967	967
300602	235	189198	967	967
210251	235	188812	967	967
207133	235	188557	967	967
248718	235	188476	967	967
245724	235	190127	967	967
207853	235	188595	967	967
214025	235	189539	967	967
219960	235	188547	967	967
214386	235	188173	967	967
208291	235	188943	967	967
242000	235	190529	967	967
258669	282	191514	967	967
219401	235	188397	967	967
255316	235	195424	967	967
244396	235	190059	967	967
192341	235	192872	967	967
206998	235	190470	967	967
200251	235	192573	967	967
234435	235	197326	967	967
313409	52	367484	967	967
342672	235	198022	967	967
277944	282	218201	967	967
199977	235	190333	967	967
196505	235	188126	967	967
251548	235	189019	967	967
317145	52	338889	967	967
297702	235	189043	967	967
257184	235	189303	967	967
272738	235	188605	967	967
218706	273	194577	967	967
220384	235	191636	967	967
265492	235	188344	967	967
200110	235	193341	967	967
372834	139	272095	967	967
298355	235	202048	967	967
206058	235	188393	967	967
220374	235	188991	967	967
200275	235	189806	967	967
253320	235	188706	967	967
319806	235	188396	967	967
297189	235	189534	967	967
274316	235	200335	967	967
346182	139	295360	967	967
322078	282	191488	967	967
270819	235	189630	967	967
198240	235	189542	967	967
223594	235	189215	967	967
239786	235	190177	967	967
338700	52	370415	967	967
200501	235	188206	967	967
200959	235	188681	967	967
374454	235	195388	967	967
200498	235	188820	967	967
202260	235	188913	967	967
268056	235	189697	967	967
212688	235	191213	967	967
255188	235	190538	967	967
199473	235	191233	967	967
223241	282	190770	967	967
208886	235	196046	967	967
232609	235	188996	967	967
222590	235	189263	967	967
206541	235	188629	967	967
247917	235	188952	967	967
245454	235	191958	967	967
360689	235	203567	967	967
269978	235	197172	967	967
211948	235	194970	967	967
213951	235	189275	967	967
257585	235	245392	967	967
219960	235	188967	967	967
202957	235	197738	967	967
234961	235	188037	967	967
198750	235	188601	967	967
201920	235	192259	967	967
283575	235	188136	967	967
192900	235	193810	967	967
252145	235	189948	967	967
268072	235	191462	967	967
199419	52	197528	967	967
258906	235	189351	967	967
220862	235	189366	967	967
239061	235	189142	967	967
219499	235	188900	967	967
240689	235	189697	967	967
201119	235	189757	967	967
224105	235	192247	967	967
215663	235	188076	967	967
309637	235	188379	967	967
220933	235	189296	967	967
194861	235	190756	967	967
201047	235	189140	967	967
194416	235	189902	967	967
201511	235	188165	967	967
299474	235	188470	967	967
230501	235	201204	967	967
231279	235	189550	967	967
240294	235	189119	967	967
249816	235	188516	967	967
207364	235	190895	967	967
272535	282	192073	967	967
200283	235	188040	967	967
215715	235	190523	967	967
280903	235	188595	967	967
194071	235	189677	967	967
305461	235	203567	967	967
287481	235	201315	967	967
273800	235	191233	967	967
205137	235	189055	967	967
326776	282	191784	967	967
230375	235	195641	967	967
222208	235	189225	967	967
290104	235	189685	967	967
259604	235	191186	967	967
192301	139	278020	967	967
228185	235	189276	967	967
303653	235	189048	967	967
372472	282	193725	967	967
307897	37	195270	967	967
192513	235	189902	967	967
273130	235	188091	967	967
242456	235	188584	967	967
192782	235	198484	967	967
258727	235	188828	967	967
216517	235	188390	967	967
318190	235	188398	967	967
205529	235	189133	967	967
217415	37	223255	967	967
205971	235	190981	967	967
285266	235	190816	967	967
220604	282	190599	967	967
201470	235	190612	967	967
200142	235	188379	967	967
276936	235	190190	967	967
239106	235	189653	967	967
270066	235	188147	967	967
286240	282	189365	967	967
231069	139	200619	967	967
281007	235	188496	967	967
329400	235	190251	967	967
193014	235	261952	967	967
205296	235	188997	967	967
199747	235	189208	967	967
207874	235	189696	967	967
266971	235	191961	967	967
237802	235	188029	967	967
265837	235	188979	967	967
193827	235	192904	967	967
217975	235	189793	967	967
275531	235	249071	967	967
220185	235	188070	967	967
195859	235	188156	967	967
232908	235	190070	967	967
216732	235	189149	967	967
196954	235	190127	967	967
313795	235	189013	967	967
214833	282	190355	967	967
254552	235	188033	967	967
200398	235	197034	967	967
302698	235	201053	967	967
214451	235	189107	967	967
195707	235	189157	967	967
197329	235	188506	967	967
198099	235	188073	967	967
230346	235	188094	967	967
323862	282	284989	967	967
266460	235	191786	967	967
293674	235	188155	967	967
288813	235	190041	967	967
197818	235	189685	967	967
298654	235	188858	967	967
213336	235	188862	967	967
204219	235	191171	967	967
206423	235	188029	967	967
193460	235	189605	967	967
212747	235	188940	967	967
213927	235	188580	967	967
328638	235	188527	967	967
208549	235	196918	967	967
346182	139	312232	967	967
292337	235	188297	967	967
314416	282	324352	967	967
275852	235	190466	967	967
201880	235	189106	967	967
197952	235	188439	967	967
240244	235	193046	967	967
316916	235	193503	967	967
260296	235	190033	967	967
218304	235	189131	967	967
329514	52	272187	967	967
210438	235	189628	967	967
282988	235	232013	967	967
239693	235	189736	967	967
198304	52	332808	967	967
249632	235	189421	967	967
213909	235	188754	967	967
201141	235	188078	967	967
201549	235	192934	967	967
370084	235	225457	967	967
263972	235	188567	967	967
279064	235	188202	967	967
330249	235	192365	967	967
198500	235	201834	967	967
207709	235	188068	967	967
202513	235	188241	967	967
268235	282	189204	967	967
260512	235	188054	967	967
216789	235	190202	967	967
244349	282	224702	967	967
213085	235	188118	967	967
293104	235	194618	967	967
199324	235	190554	967	967
337889	235	188268	967	967
292060	235	188557	967	967
264735	235	190610	967	967
228760	235	190213	967	967
215197	235	188887	967	967
192779	235	189329	967	967
344880	139	202951	967	967
292351	235	188113	967	967
305675	235	212695	967	967
202646	235	189138	967	967
216085	235	188768	967	967
206009	235	189569	967	967
352885	139	362772	967	967
206147	235	188116	967	967
212610	235	188765	967	967
205898	37	262482	967	967
204270	235	195824	967	967
290371	235	191025	967	967
214321	235	189943	967	967
249415	282	190086	967	967
199049	235	188935	967	967
281198	235	193453	967	967
343267	235	188690	967	967
222708	235	190697	967	967
207385	235	189023	967	967
199413	235	189182	967	967
205608	235	189484	967	967
194738	235	191580	967	967
204209	235	188318	967	967
283866	235	190490	967	967
344772	52	240665	967	967
236359	235	197326	967	967
296621	235	189753	967	967
226618	235	192920	967	967
195368	235	189941	967	967
212050	235	200257	967	967
271160	235	190801	967	967
311989	235	189244	967	967
191514	139	258669	967	967
199052	235	275907	967	967
259491	235	190191	967	967
196361	235	189798	967	967
339812	282	362460	967	967
216379	235	190169	967	967
312769	235	190796	967	967
216479	235	188070	967	967
339548	37	212796	967	967
237533	235	188776	967	967
193632	235	221226	967	967
271087	282	346702	967	967
224651	235	190005	967	967
322899	235	188773	967	967
205798	235	192768	967	967
321990	235	188596	967	967
284379	235	188604	967	967
256996	235	202788	967	967
274070	235	188636	967	967
193238	235	190376	967	967
253101	235	188256	967	967
210224	235	194095	967	967
214205	235	188065	967	967
199042	235	189189	967	967
205137	235	188967	967	967
199430	235	188173	967	967
195416	235	192500	967	967
197693	235	195295	967	967
205782	235	188029	967	967
197419	235	188935	967	967
279773	235	188449	967	967
247220	235	189487	967	967
210318	235	191400	967	967
271070	235	190695	967	967
289914	235	188782	967	967
266701	235	188334	967	967
269057	235	189597	967	967
307513	282	220566	967	967
206832	235	188658	967	967
200611	235	240010	967	967
257846	235	193951	967	967
314367	235	189519	967	967
197539	235	189470	967	967
224851	235	188880	967	967
207157	235	210005	967	967
194345	235	189620	967	967
242758	235	189799	967	967
250012	52	343681	967	967
211383	235	188880	967	967
326529	52	332391	967	967
293402	235	190235	967	967
274908	235	227504	967	967
272526	235	188155	967	967
221188	235	200544	967	967
202710	235	190132	967	967
240755	235	192934	967	967
278545	235	189728	967	967
319028	235	189168	967	967
267942	235	188056	967	967
254486	235	188097	967	967
257987	235	189752	967	967
260296	235	220355	967	967
218027	235	188902	967	967
239704	235	195785	967	967
243508	235	188264	967	967
195751	235	188237	967	967
251997	235	189177	967	967
251110	282	325128	967	967
267772	235	189132	967	967
201924	235	189500	967	967
271911	235	188452	967	967
198915	235	188886	967	967
266906	235	189013	967	967
239674	235	188394	967	967
191050	139	231561	967	967
269981	235	191043	967	967
225096	235	188065	967	967
215414	235	189028	967	967
229502	235	188113	967	967
304322	235	189132	967	967
194566	235	196306	967	967
297444	235	189559	967	967
302959	235	189043	967	967
298033	235	195452	967	967
211650	235	188506	967	967
230949	235	188551	967	967
355425	139	345689	967	967
301732	235	188773	967	967
267464	235	191092	967	967
284173	235	189763	967	967
203291	235	188244	967	967
210052	235	189151	967	967
374873	235	188388	967	967
280311	235	214290	967	967
257352	282	260659	967	967
249065	235	189376	967	967
223622	235	188337	967	967
329446	235	362560	967	967
217851	235	188026	967	967
304445	235	190591	967	967
307907	235	190217	967	967
249559	235	192735	967	967
202146	235	188153	967	967
250341	235	189333	967	967
375686	282	191595	967	967
359716	282	297633	967	967
294381	235	191181	967	967
275099	235	190785	967	967
273967	235	189638	967	967
308897	282	194163	967	967
207794	282	191881	967	967
202176	235	190468	967	967
294715	235	190244	967	967
326993	235	188699	967	967
203122	235	189494	967	967
205306	235	191230	967	967
211481	235	189307	967	967
219077	235	188962	967	967
195480	282	336786	967	967
277764	235	190082	967	967
345008	282	310705	967	967
222737	235	188089	967	967
310574	235	188476	967	967
273761	235	191304	967	967
208275	235	188344	967	967
197236	235	189653	967	967
247208	235	189138	967	967
284592	235	188066	967	967
193936	235	189329	967	967
195725	235	188023	967	967
227603	235	190177	967	967
270355	235	205245	967	967
221879	235	188032	967	967
276462	235	192592	967	967
280793	235	188290	967	967
251741	235	190103	967	967
319053	235	189523	967	967
211667	235	191847	967	967
228040	235	189943	967	967
288188	235	188747	967	967
255217	235	190601	967	967
271898	235	189307	967	967
211329	235	189540	967	967
204437	235	188785	967	967
196277	282	198005	967	967
210960	235	188613	967	967
203424	235	188250	967	967
282495	235	189629	967	967
233339	235	197118	967	967
195119	235	189585	967	967
200690	235	189751	967	967
207460	235	188564	967	967
291533	235	218128	967	967
221687	235	188488	967	967
194329	235	191382	967	967
193600	52	313793	967	967
246272	235	188129	967	967
263396	235	191092	967	967
342491	235	189061	967	967
210122	235	189980	967	967
199167	235	188582	967	967
198830	235	191256	967	967
201775	235	188067	967	967
199862	235	188869	967	967
244066	235	188495	967	967
213355	235	189228	967	967
332569	282	224682	967	967
198684	235	202439	967	967
193891	235	200000	967	967
209479	235	188801	967	967
261948	235	190087	967	967
234469	235	188399	967	967
339746	139	194773	967	967
225809	235	188661	967	967
208665	235	189943	967	967
322886	235	189041	967	967
236482	235	189620	967	967
284844	235	188877	967	967
240203	235	189620	967	967
196492	235	189669	967	967
258281	235	188390	967	967
226609	235	191557	967	967
305243	235	189904	967	967
209491	235	188416	967	967
295853	235	190263	967	967
288106	235	202413	967	967
202734	235	191847	967	967
202260	235	193066	967	967
196654	235	189919	967	967
193211	235	188075	967	967
205445	235	188389	967	967
201283	235	188451	967	967
341401	235	188975	967	967
242150	235	189111	967	967
267905	235	211507	967	967
194156	235	190096	967	967
269544	235	188601	967	967
203749	235	189307	967	967
224754	235	188045	967	967
213499	235	188129	967	967
232711	235	214128	967	967
206407	235	188560	967	967
266392	282	190355	967	967
219560	235	188603	967	967
331958	139	353792	967	967
234276	235	190395	967	967
344393	235	190789	967	967
217420	235	189816	967	967
217329	235	212472	967	967
363350	235	307285	967	967
253082	235	188558	967	967
278798	235	190538	967	967
207017	235	189484	967	967
358292	235	221400	967	967
235232	235	189892	967	967
288643	235	189209	967	967
228961	282	189693	967	967
230437	52	335879	967	967
339746	139	223947	967	967
295078	235	228655	967	967
297980	235	188438	967	967
264055	235	188978	967	967
265013	235	188592	967	967
258502	235	188823	967	967
215520	235	189471	967	967
274446	235	190235	967	967
201456	235	188139	967	967
253184	235	189387	967	967
284962	282	240909	967	967
188080	267	313181	967	967
286631	235	189283	967	967
219539	235	188232	967	967
333519	235	191026	967	967
203182	235	190531	967	967
269281	235	193723	967	967
236845	235	188446	967	967
319028	235	189164	967	967
193714	235	263432	967	967
198589	235	188055	967	967
283153	235	189821	967	967
210022	235	229399	967	967
215880	235	188737	967	967
340848	235	189141	967	967
250294	52	329616	967	967
258655	235	189769	967	967
293151	282	327741	967	967
345572	235	319348	967	967
225155	235	189451	967	967
239842	235	193216	967	967
318399	235	189377	967	967
209428	235	195781	967	967
260672	235	190041	967	967
292795	235	189816	967	967
198915	235	191625	967	967
202537	235	188139	967	967
298423	235	188673	967	967
217304	235	189314	967	967
275000	235	188265	967	967
223803	235	188989	967	967
245180	235	189615	967	967
226236	235	198725	967	967
257901	235	188058	967	967
257220	235	190453	967	967
344514	235	188164	967	967
303818	235	193951	967	967
273879	235	193951	967	967
256200	235	190367	967	967
272749	235	200439	967	967
254858	235	193453	967	967
218435	235	188310	967	967
222573	235	191775	967	967
263429	235	189597	967	967
195963	235	188001	967	967
201333	235	188490	967	967
263375	235	189894	967	967
318880	52	327700	967	967
236390	235	189775	967	967
260344	235	191452	967	967
196945	235	197034	967	967
249727	235	188619	967	967
278027	235	188473	967	967
265446	235	189219	967	967
240613	235	188055	967	967
250008	235	190335	967	967
258713	235	190882	967	967
194579	235	189657	967	967
266701	235	189145	967	967
223441	235	188310	967	967
219506	235	188958	967	967
245967	235	188268	967	967
267942	235	188137	967	967
278496	235	188226	967	967
231165	235	188774	967	967
270925	235	190340	967	967
246932	235	188617	967	967
198304	282	373722	967	967
243353	235	188770	967	967
203478	235	188067	967	967
220238	139	363498	967	967
214206	235	189117	967	967
270406	282	191646	967	967
199286	235	188085	967	967
197253	235	189905	967	967
199784	235	188710	967	967
201497	235	188320	967	967
272517	235	188803	967	967
332098	235	188342	967	967
239423	235	191142	967	967
265300	235	196415	967	967
310939	235	256165	967	967
206584	235	188595	967	967
296159	235	188285	967	967
230811	235	190925	967	967
275597	235	194740	967	967
310081	235	189003	967	967
267224	235	189065	967	967
213763	235	188076	967	967
346182	139	217666	967	967
243797	235	189449	967	967
269244	235	190981	967	967
287281	235	191071	967	967
305894	235	191254	967	967
246676	235	198900	967	967
195606	235	189520	967	967
221391	235	189523	967	967
253329	235	189383	967	967
244067	235	188474	967	967
256368	235	189053	967	967
209991	235	188269	967	967
293238	235	195148	967	967
239787	235	188239	967	967
199687	235	207203	967	967
242330	235	189730	967	967
232663	235	189299	967	967
306510	235	189303	967	967
304681	235	189892	967	967
296196	139	355116	967	967
221796	235	188256	967	967
201809	235	189188	967	967
196954	235	189188	967	967
282145	235	190835	967	967
193113	235	189734	967	967
210052	235	188740	967	967
206133	235	188514	967	967
363608	235	188029	967	967
356300	282	333801	967	967
331247	139	192936	967	967
218596	235	190883	967	967
339746	139	316150	967	967
250752	235	188056	967	967
205892	139	280154	967	967
207430	235	190545	967	967
198797	235	190235	967	967
231561	282	191050	967	967
237797	235	188978	967	967
243736	235	188179	967	967
197146	235	188756	967	967
345940	235	190367	967	967
241109	235	189156	967	967
204692	235	194604	967	967
199879	235	200257	967	967
204609	235	188250	967	967
247286	235	188034	967	967
194807	235	190610	967	967
223073	282	189773	967	967
253755	235	193393	967	967
291078	235	188496	967	967
307105	235	236844	967	967
211235	235	188947	967	967
270973	235	189307	967	967
202004	282	354809	967	967
193337	235	189000	967	967
297597	235	189584	967	967
374291	235	190935	967	967
266299	235	190217	967	967
201474	235	189097	967	967
261775	235	188202	967	967
204851	235	188543	967	967
322420	139	242392	967	967
211189	235	189133	967	967
204315	235	191972	967	967
340056	235	190538	967	967
283516	235	188250	967	967
225207	235	188158	967	967
244484	235	190961	967	967
218994	235	189296	967	967
225891	235	193656	967	967
266925	235	191698	967	967
341214	235	189377	967	967
264482	235	189883	967	967
223541	235	194138	967	967
224571	235	188256	967	967
201697	235	188075	967	967
196792	235	188098	967	967
237797	235	188877	967	967
202646	235	189919	967	967
196568	235	189781	967	967
236966	235	190531	967	967
259464	235	189464	967	967
247809	235	190228	967	967
273572	235	190235	967	967
247824	235	188564	967	967
329909	235	188979	967	967
205096	235	188491	967	967
292677	235	189053	967	967
250410	235	212118	967	967
220271	235	191713	967	967
189307	239	264329	967	967
205128	282	313793	967	967
247072	235	193359	967	967
326366	37	335914	967	967
233939	235	188869	967	967
269309	235	214703	967	967
279304	235	189597	967	967
202102	235	319808	967	967
243848	235	188001	967	967
215462	235	188348	967	967
194128	235	190270	967	967
201265	235	188110	967	967
208460	235	189013	967	967
261810	235	212802	967	967
195391	235	193922	967	967
286887	235	191200	967	967
278004	235	188270	967	967
205953	235	188006	967	967
199019	235	188173	967	967
195044	235	189240	967	967
232039	235	188132	967	967
255483	235	188438	967	967
235617	235	194080	967	967
356383	139	299179	967	967
328708	235	188068	967	967
207446	235	188357	967	967
200338	235	211090	967	967
265301	235	278067	967	967
248833	235	189001	967	967
199578	235	188844	967	967
195750	235	188659	967	967
280580	235	188248	967	967
192522	235	196306	967	967
329872	235	189391	967	967
195708	235	189145	967	967
198315	235	188913	967	967
198750	235	190166	967	967
274150	235	189448	967	967
243281	235	190191	967	967
285574	235	188153	967	967
247851	235	188016	967	967
210530	235	189809	967	967
194334	235	188067	967	967
295622	235	188803	967	967
216160	235	188670	967	967
287128	235	201805	967	967
270496	282	308778	967	967
283567	235	188244	967	967
195840	52	338690	967	967
197951	235	189189	967	967
260650	235	189422	967	967
301792	235	188917	967	967
205375	235	188065	967	967
198090	235	188259	967	967
211846	235	191981	967	967
271207	235	193951	967	967
306199	235	190697	967	967
206380	235	189345	967	967
254151	235	190035	967	967
199930	235	188076	967	967
227307	235	188506	967	967
199821	235	188189	967	967
273695	235	189067	967	967
325894	235	188737	967	967
208665	235	195332	967	967
296505	235	190591	967	967
204836	235	188091	967	967
205042	235	197326	967	967
232212	235	190041	967	967
266409	235	188545	967	967
194769	235	190169	967	967
210377	235	189453	967	967
295786	235	189241	967	967
266701	235	188419	967	967
212906	235	191945	967	967
255755	235	189129	967	967
263119	235	189746	967	967
337991	235	190307	967	967
288092	235	189872	967	967
217568	235	190890	967	967
291376	235	189835	967	967
192802	235	188685	967	967
223393	235	236727	967	967
301767	235	189320	967	967
201700	235	188526	967	967
195060	235	189560	967	967
256941	235	190477	967	967
242868	235	189423	967	967
203891	235	188241	967	967
276630	235	188803	967	967
206590	235	189021	967	967
284701	235	189669	967	967
295948	235	191034	967	967
194834	235	188331	967	967
219361	235	188035	967	967
238486	235	194529	967	967
297104	235	190066	967	967
194597	235	189461	967	967
261308	139	306306	967	967
194738	235	190082	967	967
245658	235	191062	967	967
282004	282	188295	967	967
289006	282	191364	967	967
207508	235	189332	967	967
309648	235	191677	967	967
312667	235	234774	967	967
294588	235	189068	967	967
207669	235	188657	967	967
209679	235	190278	967	967
264102	235	189842	967	967
273714	235	188223	967	967
195701	235	189641	967	967
198689	235	193847	967	967
194706	235	192997	967	967
203933	235	202788	967	967
334909	235	190490	967	967
363789	282	217246	967	967
257751	235	188393	967	967
272383	235	189084	967	967
205665	235	189560	967	967
216937	235	191366	967	967
199241	235	196485	967	967
196977	235	188129	967	967
217127	235	188358	967	967
196612	235	188367	967	967
194656	235	188829	967	967
197424	235	188615	967	967
300021	37	212796	967	967
222135	235	198764	967	967
304543	235	189470	967	967
222894	235	189763	967	967
213559	235	190196	967	967
308730	235	189584	967	967
199482	235	188985	967	967
218830	235	188105	967	967
259990	235	188298	967	967
253831	235	188839	967	967
202627	235	188559	967	967
265290	235	188713	967	967
198225	235	190068	967	967
276593	235	188665	967	967
215394	235	188048	967	967
262972	235	191179	967	967
205595	235	196485	967	967
205269	235	188142	967	967
301957	235	196810	967	967
205233	235	189111	967	967
237981	235	188815	967	967
193430	235	188165	967	967
196468	235	190048	967	967
245395	235	189443	967	967
231026	235	188560	967	967
197305	235	188052	967	967
197470	235	225267	967	967
255003	235	190764	967	967
224439	235	188223	967	967
203114	235	190118	967	967
313997	52	194109	967	967
291293	235	189638	967	967
221776	235	189343	967	967
195265	235	188781	967	967
234885	235	191142	967	967
269544	235	191871	967	967
206211	235	191058	967	967
274922	235	189720	967	967
265528	235	204094	967	967
246805	235	188020	967	967
198148	235	188837	967	967
280448	235	190275	967	967
323336	235	193951	967	967
310023	52	343681	967	967
294506	235	188704	967	967
209624	235	189186	967	967
257936	235	188048	967	967
273263	235	188960	967	967
267754	235	192725	967	967
197256	139	298665	967	967
195680	235	188712	967	967
329832	235	197666	967	967
237753	282	298157	967	967
250513	235	299830	967	967
202151	235	189225	967	967
301885	282	355026	967	967
243963	235	188583	967	967
218099	235	190395	967	967
336159	235	191351	967	967
270285	235	188469	967	967
267024	235	188294	967	967
189432	139	344016	967	967
274095	235	189201	967	967
283942	235	191193	967	967
260621	235	192004	967	967
293179	235	189651	967	967
302228	235	230302	967	967
245204	235	190506	967	967
324408	235	194989	967	967
296196	139	205113	967	967
344016	282	189432	967	967
299467	139	369253	967	967
365234	139	332254	967	967
225172	282	283007	967	967
299524	235	189071	967	967
252954	235	189003	967	967
299524	235	188646	967	967
299211	235	188470	967	967
196110	235	188048	967	967
198708	235	190925	967	967
271580	282	197448	967	967
323287	235	189085	967	967
278111	235	189128	967	967
269423	235	188633	967	967
212572	235	190007	967	967
201672	235	189229	967	967
286227	235	188470	967	967
257056	235	192612	967	967
264240	235	190796	967	967
200527	235	189600	967	967
233697	235	193571	967	967
206422	235	188497	967	967
211847	235	190504	967	967
263479	235	189369	967	967
200260	235	189610	967	967
289434	235	191961	967	967
191595	139	375686	967	967
210778	235	204266	967	967
262174	235	190033	967	967
195185	235	192730	967	967
216478	235	189576	967	967
280160	235	191494	967	967
202013	235	239290	967	967
294395	235	188835	967	967
332238	235	188386	967	967
375795	282	220283	967	967
297491	235	190936	967	967
227532	235	188388	967	967
198644	235	188267	967	967
289752	235	214847	967	967
293668	235	194989	967	967
204097	282	272187	967	967
213750	235	189064	967	967
279781	235	188702	967	967
256044	52	356277	967	967
256539	235	189468	967	967
223958	235	189929	967	967
275797	235	190228	967	967
218680	235	214241	967	967
196787	235	188614	967	967
255482	235	189320	967	967
237623	235	188044	967	967
201578	235	190073	967	967
201385	235	192463	967	967
201942	235	188505	967	967
268294	235	190968	967	967
369424	282	247979	967	967
222828	235	190083	967	967
200829	235	188132	967	967
212084	235	288332	967	967
275220	235	188469	967	967
367357	235	190681	967	967
202674	235	188617	967	967
342383	282	188769	967	967
255784	235	191038	967	967
265405	235	192592	967	967
315496	235	190589	967	967
206195	235	188439	967	967
204132	235	197326	967	967
192763	235	192977	967	967
193665	235	189789	967	967
346182	139	311534	967	967
194217	235	190146	967	967
311435	235	192126	967	967
292512	235	209539	967	967
212518	235	189697	967	967
256858	235	191199	967	967
241614	235	188256	967	967
235263	235	190360	967	967
327383	235	200324	967	967
215242	235	188686	967	967
198904	235	189152	967	967
245892	235	188061	967	967
287239	37	281068	967	967
255769	235	201273	967	967
206583	235	188613	967	967
216478	235	196305	967	967
201873	235	197407	967	967
194026	235	246867	967	967
357588	235	188473	967	967
295045	235	190754	967	967
236566	235	189896	967	967
217991	235	190664	967	967
204630	235	189605	967	967
192763	235	189806	967	967
258499	235	188681	967	967
251820	235	189040	967	967
225786	235	188158	967	967
298850	52	295555	967	967
303061	235	203279	967	967
200753	235	210178	967	967
194393	235	190376	967	967
201224	235	189913	967	967
209265	235	188050	967	967
195533	235	188264	967	967
212915	235	191092	967	967
214272	235	189307	967	967
214381	235	190706	967	967
316547	235	189454	967	967
