190990	235	188010	948	951
223977	235	188042	948	951
212352	235	188234	948	951
215214	235	188483	948	951
202418	235	188398	948	951
196537	235	188010	948	951
213562	235	188128	948	951
199579	235	188113	948	951
338170	235	365893	948	951
204014	235	188058	948	951
204138	235	188912	948	951
196915	152	188578	948	951
203745	235	191046	948	951
217890	235	188624	948	951
234955	235	188620	948	951
226414	235	188026	948	951
194425	235	190466	948	951
239745	235	188078	948	951
215453	235	188240	948	951
260839	235	189649	948	951
202573	235	188025	948	951
199951	235	188342	948	951
204381	235	188180	948	951
216260	235	194307	948	951
208849	235	188178	948	951
348909	235	189010	948	951
232818	235	189122	948	951
218384	235	188744	948	951
294455	235	191758	948	951
249939	235	189325	948	951
238383	235	188543	948	951
197746	235	189475	948	951
194004	235	188035	948	951
240494	235	189745	948	951
198588	235	189005	948	951
195437	235	188172	948	951
207187	235	188613	948	951
201051	235	188967	948	951
203314	235	188208	948	951
210934	235	188541	948	951
281140	235	188511	948	951
198329	235	193608	948	951
296767	235	188533	948	951
222436	235	188082	948	951
210410	235	188148	948	951
234339	235	188686	948	951
221207	235	188323	948	951
229560	235	188962	948	951
230070	235	189093	948	951
194374	235	188786	948	951
220430	235	188105	948	951
208896	235	189161	948	951
219385	235	188411	948	951
193413	235	210574	948	951
277550	292	363954	948	951
209524	235	188511	948	951
224428	235	190603	948	951
269079	235	190555	948	951
343409	289	191428	948	952
195308	235	188119	948	952
204861	235	188052	948	952
205082	235	188492	948	952
199094	235	189435	948	952
213665	235	188186	948	952
221844	235	188280	948	952
275377	235	188686	948	952
200356	235	188035	948	952
220186	235	188511	948	952
200164	235	189754	948	952
216078	235	189973	948	952
361777	235	188398	948	952
260628	235	188799	948	952
334616	176	247545	948	952
207768	235	190732	948	952
192775	235	188038	948	952
243291	235	188107	948	952
223442	235	188111	948	952
309643	235	190602	948	952
197749	235	188161	948	952
299138	235	188055	948	952
217699	235	188955	948	952
207057	235	188130	948	952
274616	235	188142	948	952
203854	235	188263	948	952
255604	235	189135	948	952
213346	235	188344	948	952
209210	235	188948	948	952
289107	235	188474	948	952
217559	235	188267	948	952
205360	235	188128	948	952
312444	235	188416	948	952
194389	235	188410	948	952
264954	235	228507	948	952
242933	235	188326	948	952
295259	235	189348	948	952
251379	235	188433	948	952
193889	235	188048	948	952
203482	235	191718	948	952
198095	235	188092	948	952
220224	235	188471	948	952
255413	235	189104	948	952
221573	235	188910	948	952
202043	235	188338	948	952
262297	235	188384	948	952
278206	235	190944	948	952
244944	235	246555	948	952
249484	235	189193	948	952
188288	267	324981	948	952
240525	235	188180	948	952
208438	235	188116	948	952
252829	235	188260	948	952
199459	235	188029	948	952
192731	235	188014	948	952
195759	235	188783	948	952
213466	235	188153	948	952
209912	235	188165	948	952
222410	235	190297	948	952
237368	235	188417	948	952
210606	235	188090	948	952
211859	235	188275	948	952
198120	235	188061	948	952
251258	235	189666	948	952
239725	235	188352	948	952
202467	235	190373	948	952
213992	235	189645	948	952
353370	235	214279	948	952
202337	235	188092	948	952
239328	235	188378	948	952
204024	235	188450	948	952
199325	235	188111	948	952
194448	235	188319	948	952
208111	235	188239	948	952
215540	235	188740	948	952
212851	235	188383	948	952
271153	235	190183	948	952
199978	235	188063	948	952
210300	235	188742	948	952
255772	235	188806	948	952
241264	235	188240	948	952
228076	235	188028	948	952
292852	235	188921	948	952
347886	235	189392	948	952
271080	235	212507	948	952
232550	235	188120	948	952
216452	235	188041	948	952
277553	235	191096	948	952
205085	235	188147	948	952
197458	235	189124	948	952
200758	235	189815	948	952
197324	235	188137	948	952
207400	235	190313	948	952
229968	235	190739	948	952
234534	235	188920	948	952
236787	235	188105	948	952
207689	235	189069	948	952
207947	235	189686	948	952
224151	235	190017	948	952
199981	235	190135	948	952
204987	235	188038	948	952
223763	235	188492	948	952
235579	235	189058	948	952
205258	235	188023	948	952
202594	235	188001	948	952
195829	235	188613	948	952
241511	235	189045	948	952
204878	235	189358	948	952
198184	235	192124	948	952
203518	235	188172	948	952
247502	235	188395	948	952
209685	235	189658	948	952
193576	235	188911	948	952
214576	235	188134	948	952
192678	289	195311	948	952
192553	235	188018	948	952
203128	235	188726	948	952
216677	235	190287	948	952
232403	235	188193	948	952
226215	235	188655	948	952
203117	235	190514	948	952
211274	235	188445	948	952
219131	235	188753	948	952
235915	235	188201	948	952
247766	235	188568	948	952
233876	235	188334	948	952
204213	235	188278	948	952
210132	235	189686	948	952
196741	235	188099	948	952
284339	235	188546	948	952
250907	235	188985	948	952
196186	235	188377	948	952
210757	235	188038	948	952
204373	235	190114	948	952
201487	235	188395	948	952
204883	235	188038	948	952
250023	235	188021	948	952
250475	235	189429	948	952
234217	235	189088	948	952
204678	235	190085	948	952
212926	235	188207	948	952
234837	235	188156	948	952
210558	235	188142	948	952
199673	235	188134	948	952
217250	235	189088	948	952
210854	235	197291	948	952
221019	235	190514	948	952
238173	235	188546	948	952
239091	235	188524	948	952
202530	235	189194	948	952
221200	235	188037	948	952
224084	235	188430	948	952
211648	235	188179	948	952
251737	235	244864	948	952
339542	235	188640	948	952
226050	235	188511	948	952
216289	235	188089	948	952
209743	235	188310	948	952
199516	235	189435	948	952
224206	235	188410	948	952
198324	235	188047	948	952
210649	235	188063	948	952
287964	235	192038	948	952
223422	235	188089	948	952
208863	235	188188	948	952
250825	235	194121	948	952
279466	235	188909	948	952
217249	235	190065	948	952
263004	235	189960	948	952
273122	235	188203	948	952
209697	235	188279	948	952
209115	235	189658	948	952
250012	289	193604	948	952
220318	235	188353	948	952
201848	235	188142	948	952
197561	235	188963	948	952
334151	245	245265	948	952
193000	235	188027	948	952
211279	235	188023	948	952
226119	235	188332	948	952
197640	235	188019	948	952
205711	235	188244	948	952
208094	235	188032	948	952
226098	235	189304	948	952
221622	235	188365	948	952
203884	235	188009	948	952
281146	235	190701	948	952
220041	235	192174	948	952
207994	235	188707	948	952
200608	235	189568	948	952
216209	235	188856	948	952
203609	235	188495	948	952
336413	292	375733	948	952
219847	235	188315	948	952
257673	235	188534	948	952
194693	235	188985	948	952
202421	235	188156	948	952
197545	235	188140	948	952
241169	235	188315	948	952
205648	235	188185	948	952
221592	235	188497	948	952
214038	235	189162	948	952
194319	235	188030	948	952
239030	235	188111	948	952
229559	235	190288	948	952
200769	235	188145	948	952
211166	235	188479	948	952
257100	235	188088	948	952
198938	235	188649	948	952
235792	235	188162	948	952
210789	235	203446	948	952
196583	235	188087	948	952
236625	235	188823	948	952
312477	235	257949	948	952
212389	235	188655	948	952
304726	289	193016	948	952
195415	235	188099	948	952
198958	235	188113	948	952
194127	289	268766	948	952
194119	235	188214	948	952
202577	235	188275	948	952
197662	235	188021	948	952
196255	235	188078	948	952
203041	235	188142	948	952
218469	235	188753	948	952
214820	235	188703	948	952
275760	235	188158	948	952
197669	235	188042	948	952
202902	235	189451	948	952
283559	235	188920	948	952
213050	235	188315	948	952
202581	235	188052	948	952
209186	235	188165	948	952
267122	235	189135	948	952
299023	235	188457	948	952
204247	235	188262	948	952
373646	167	303126	948	952
232864	235	202184	948	952
209121	235	188445	948	952
209795	235	188753	948	952
222780	235	188227	948	952
264725	235	188044	948	952
196735	235	188061	948	952
205679	235	188268	948	952
199226	235	188918	948	952
227514	235	189658	948	952
252979	235	189104	948	952
228071	235	188036	948	952
203300	235	188024	948	952
207059	235	190192	948	952
309969	235	188132	948	952
309428	235	188669	948	952
192950	235	188064	948	952
215569	235	188005	948	952
198187	235	188134	948	952
268766	289	194127	948	952
194923	235	188033	948	952
261152	235	188395	948	952
199023	235	188462	948	952
207805	235	188010	948	952
239140	235	188189	948	952
196109	235	188075	948	952
213093	235	190403	948	952
203142	235	188284	948	952
215004	235	188105	948	952
239381	235	188919	948	952
203859	235	190269	948	952
374503	235	188235	948	952
209121	235	188648	948	952
206387	235	190674	948	952
201321	235	190925	948	952
202296	235	197099	948	952
205282	235	188573	948	952
209656	235	194368	948	952
203811	235	188629	948	952
226147	235	188864	948	952
252796	235	191419	948	952
263281	235	188483	948	952
197904	235	188429	948	952
255894	235	188565	948	952
219836	235	188128	948	952
222140	235	188058	948	952
252844	235	189951	948	952
262542	235	188708	948	952
195802	235	188006	948	952
207902	235	188342	948	952
249008	235	192417	948	952
198426	235	188092	948	952
197624	235	188097	948	952
251086	235	220771	948	952
206613	235	188434	948	952
202859	235	188367	948	952
193978	235	197291	948	952
195757	235	188157	948	952
206416	235	188094	948	952
222814	235	188423	948	952
193455	235	188060	948	952
222253	235	188595	948	952
206117	235	188146	948	952
210233	235	190739	948	952
195311	289	192678	948	952
242441	235	188614	948	952
226405	235	193487	948	952
193016	289	304726	948	952
205733	235	188410	948	952
208515	235	209496	948	952
220287	235	189382	948	952
198085	235	188188	948	952
294059	235	191135	948	952
210170	235	188047	948	952
213040	235	188201	948	952
224081	235	189078	948	952
206961	235	188320	948	952
222421	235	189921	948	952
205546	235	188518	948	952
191428	289	343409	948	952
211933	235	188823	948	952
222787	235	190874	948	952
259934	235	188679	948	952
253993	235	188948	948	953
196054	235	188039	948	953
218163	235	188052	948	953
220801	289	198770	948	953
229311	235	188119	948	953
201643	235	188028	948	953
203021	235	188879	948	953
198853	235	188090	948	953
276614	235	200297	948	953
215073	235	188377	948	953
268515	235	190119	948	953
193065	235	188137	948	953
226992	235	188256	948	953
263814	235	188879	948	953
224441	235	188040	948	953
254244	235	191415	948	953
205206	235	189348	948	953
212440	235	191724	948	953
277575	235	188225	948	953
274152	235	192342	948	953
202847	235	188377	948	953
245659	235	189387	948	953
291706	235	189153	948	953
197230	235	188282	948	953
208144	235	188320	948	953
199238	235	188222	948	953
343022	235	190527	948	953
241348	235	188209	948	953
253805	235	203827	948	953
237255	235	188876	948	953
247483	235	188377	948	953
268074	235	188602	948	953
206550	235	188007	948	953
203556	235	188514	948	953
289605	235	188879	948	953
213656	235	188035	948	953
269167	235	188192	948	953
208262	235	188082	948	953
205679	235	188786	948	953
257284	235	188312	948	953
207972	235	188142	948	953
222154	235	188091	948	953
225380	235	188279	948	953
207991	235	188439	948	953
319884	235	188820	948	953
203050	235	188051	948	953
289564	235	189135	948	953
213124	235	188400	948	953
217892	235	188126	948	953
267552	235	188656	948	953
214408	235	188023	948	953
211794	235	188620	948	953
222193	235	188608	948	953
202309	235	188011	948	953
209644	235	188387	948	953
241744	235	188315	948	953
301173	235	189569	948	953
207221	235	188058	948	953
216137	235	188765	948	953
196877	235	189018	948	953
229870	235	188171	948	953
210189	235	189371	948	953
205043	235	188261	948	953
209669	235	188246	948	953
198330	235	189149	948	953
298475	235	188577	948	953
196458	235	188214	948	953
197831	235	188228	948	953
207542	235	188298	948	953
198164	235	188904	948	953
223720	235	190154	948	953
209313	235	188517	948	953
195365	235	188001	948	953
235015	235	188568	948	953
197737	235	188110	948	953
228684	235	188649	948	953
231851	235	188514	948	953
205608	235	188154	948	953
207576	235	189001	948	953
199500	235	188261	948	953
208526	235	188480	948	953
189701	254	287209	948	953
214979	235	188844	948	953
237203	235	188569	948	953
244996	235	188955	948	953
311155	235	188955	948	953
199917	235	188122	948	953
206558	235	188903	948	953
211701	235	188172	948	953
213456	235	188365	948	953
236540	235	188167	948	953
232447	235	188318	948	953
232481	235	188116	948	953
249706	235	191758	948	953
216107	235	188606	948	953
280307	235	190302	948	953
249851	235	188134	948	953
205732	235	188533	948	953
220911	235	188384	948	953
270251	235	190046	948	953
214383	235	188440	948	953
208961	235	207261	948	953
269740	235	188615	948	953
189171	254	324201	948	953
201557	235	188007	948	953
263791	235	192535	948	953
259431	235	189362	948	953
195971	235	188146	948	953
194021	235	188075	948	953
215222	235	191981	948	953
208625	235	190403	948	953
208746	235	188152	948	953
228477	235	188146	948	953
198629	235	188147	948	953
226995	235	190221	948	953
194343	235	188001	948	953
224699	235	188921	948	953
220035	235	188130	948	953
225370	235	188141	948	953
234685	235	188228	948	953
227065	235	189419	948	953
224652	235	188014	948	953
197714	235	190123	948	953
213383	235	191126	948	953
202302	235	188050	948	953
239433	235	188243	948	953
230050	235	188007	948	953
267305	235	188059	948	953
239193	235	189388	948	953
216455	235	188439	948	953
202309	235	188033	948	953
198770	289	220801	948	953
240531	235	188462	948	953
195689	235	188507	948	953
216741	235	188820	948	953
271137	273	217602	948	953
227431	235	263040	948	953
226155	235	188154	948	953
220128	235	189855	948	953
194093	235	191778	948	953
265351	235	194439	948	953
249670	235	190778	948	953
232218	235	191109	948	953
299290	235	188805	948	953
338446	42	190539	948	953
212083	235	188565	948	953
202230	235	188457	948	953
246408	235	188893	948	953
220168	235	188180	948	953
273658	235	188870	948	953
208591	235	188828	948	953
234788	235	188171	948	953
200416	235	188016	948	953
192884	235	188029	948	953
226374	235	188166	948	953
195036	235	189741	948	953
224364	235	188065	948	953
219697	235	188439	948	953
202584	235	188032	948	953
217483	235	188406	948	953
197142	235	188119	948	953
215487	235	188024	948	953
215915	235	188040	948	953
212484	235	188088	948	953
248518	235	188128	948	953
188632	267	219918	948	953
195028	235	188017	948	953
201509	235	197099	948	953
217196	235	192726	948	953
208660	235	188035	948	953
206439	235	188626	948	953
220775	235	190318	948	953
189704	254	205489	948	953
239396	235	192417	948	953
232055	235	190778	948	953
233766	235	188491	948	953
211168	235	188152	948	953
252142	235	188893	948	953
205083	235	189291	948	953
195614	235	188041	948	953
212578	235	188121	948	953
221459	235	188458	948	954
203268	235	188338	948	954
268552	235	188483	948	954
235561	235	188532	948	954
332983	289	198029	948	954
198029	289	332983	948	954
203298	235	188824	948	954
212198	235	188149	948	954
230967	235	188719	948	954
195990	235	188052	948	954
213461	235	188101	948	954
207368	235	188757	948	954
209007	235	189664	948	954
200981	235	188686	948	954
206163	235	188088	948	954
206354	235	188527	948	954
240272	235	188096	948	954
198892	235	188140	948	954
213509	235	188574	948	954
197054	235	188231	948	954
221225	235	188487	948	954
201889	235	189081	948	954
280131	235	188828	948	954
194208	235	188324	948	954
201889	235	189362	948	954
199768	235	188023	948	954
195691	235	188037	948	954
215906	235	188183	948	954
327852	235	237470	948	954
254190	235	200257	948	954
206380	235	188732	948	954
212602	235	188038	948	954
208643	235	188904	948	954
248390	235	209496	948	954
200118	235	188063	948	954
202141	235	188098	948	954
232078	235	188315	948	954
200064	235	188010	948	954
358415	176	217723	948	954
196114	235	190101	948	954
204135	235	188291	948	954
266850	235	189362	948	954
270216	235	189921	948	954
262624	235	188524	948	954
207130	235	188028	948	954
226240	235	188096	948	954
211024	235	188222	948	954
192722	235	188291	948	954
195028	235	188481	948	954
196611	235	188063	948	954
208269	235	188300	948	954
248863	235	188198	948	954
297529	235	189062	948	954
221087	235	188123	948	954
197214	235	188024	948	954
274845	235	189122	948	954
211937	235	188078	948	954
206897	235	189006	948	954
234061	235	191778	948	954
248469	235	189666	948	954
218716	235	188282	948	954
206230	235	189119	948	954
239192	235	189907	948	954
215933	235	188276	948	954
204128	235	188032	948	954
221606	235	188018	948	954
222776	235	188273	948	954
212663	235	189388	948	954
257086	235	188774	948	954
195365	235	188038	948	954
228916	235	188256	948	954
193024	235	188052	948	954
212963	235	188416	948	954
203292	235	188142	948	954
306983	49	227930	948	954
230160	235	188029	948	954
232142	235	192051	948	954
216121	235	188121	948	954
207272	235	189511	948	954
215030	235	188152	948	954
219042	235	188131	948	954
233840	235	188464	948	954
203315	235	188157	948	954
240820	235	188146	948	954
210508	235	188065	948	954
193926	235	188059	948	954
254175	235	188178	948	954
218470	235	188175	948	954
204391	235	188036	948	954
203223	235	188130	948	954
222699	235	188149	948	954
201018	235	188056	948	954
232104	235	189803	948	954
194979	235	188032	948	954
198130	235	188029	948	954
216830	235	188078	948	954
216021	235	188146	948	954
268387	235	188512	948	954
229120	235	188667	948	954
224960	235	188101	948	954
220171	235	188610	948	954
266418	235	188005	948	954
210091	235	189093	948	954
285480	235	188240	948	954
258565	235	188128	948	954
223432	235	188171	948	954
219585	235	189023	948	954
239882	235	188209	948	954
280098	235	188798	948	954
280650	235	188805	948	954
227067	235	188364	948	955
326078	235	188479	948	955
198902	235	189122	948	955
188650	254	220505	948	955
239738	235	188394	948	955
235863	235	188122	948	955
209038	235	188055	948	955
244685	235	188772	948	955
213376	235	188904	948	955
287352	235	189679	948	955
247540	235	189091	948	955
212589	235	188063	948	955
215146	235	188527	948	955
216682	235	189581	948	955
195093	235	188085	948	955
213067	235	188610	948	955
332342	235	188856	948	955
261169	235	188457	948	955
209381	235	188214	948	955
210293	235	188742	948	955
220314	235	188163	948	955
212609	235	188183	948	955
229731	235	188310	948	955
199985	235	188400	948	955
198378	235	188093	948	955
202192	235	188482	948	955
266109	235	190672	948	955
268081	235	188382	948	955
224597	235	189151	948	955
232159	235	190946	948	955
232159	235	190052	948	955
272548	235	188768	948	955
242598	235	190085	948	955
211392	235	188082	948	955
245950	292	348025	948	955
223754	235	188573	948	955
295834	273	217602	948	955
224205	235	188379	948	955
215456	235	188152	948	955
202551	235	188290	948	955
199445	235	188113	948	955
201537	235	189108	948	955
263443	235	189153	948	955
196002	235	188411	948	955
213073	235	188786	948	955
195248	235	188254	948	955
213512	235	188606	948	955
234496	235	188474	948	955
270527	235	189681	948	955
208444	235	188165	948	955
344721	235	237470	948	955
259645	235	188458	948	955
196854	235	188741	948	955
211736	235	188118	948	955
204034	235	188183	948	955
210700	235	188615	948	955
197188	235	188047	948	955
314019	245	242186	948	955
204855	235	190569	948	955
231027	235	188404	948	955
215983	235	188204	948	955
262224	235	190896	948	955
261392	235	189507	948	955
298182	235	188433	948	955
240707	235	190719	948	955
188548	254	246908	948	955
234728	235	190408	948	955
245864	235	189524	948	955
243114	235	188490	948	955
325462	235	194650	948	955
204003	235	188474	948	955
226215	235	188386	948	955
223168	235	189496	948	955
218527	235	188474	948	955
219289	235	188785	948	956
263821	235	211830	948	956
228862	235	188980	948	956
199348	235	188458	948	956
239162	235	189062	948	956
213102	235	188192	948	956
227501	235	188065	948	956
288591	235	188255	948	956
211970	235	188928	948	956
211078	235	190690	948	956
226525	235	190828	948	956
257655	235	188783	948	956
223934	235	188440	948	956
219815	235	188458	948	956
308289	292	345149	948	956
240174	235	188384	948	956
188363	267	227612	948	956
197978	235	188039	948	956
224718	235	189775	948	956
195605	235	188147	948	956
217605	235	188284	948	956
201547	235	188323	948	956
206297	235	188527	948	956
210786	235	188016	948	956
207990	235	188318	948	956
205282	235	188355	948	956
248307	235	189104	948	956
298685	235	188742	948	956
217655	235	188314	948	956
187999	267	244275	948	956
247554	235	188085	948	956
205127	235	188255	948	956
209868	235	188247	948	956
247698	235	188204	948	956
247495	235	189240	948	956
235507	235	188119	948	956
289364	235	188479	948	956
218042	235	188065	948	956
210611	235	188101	948	956
257042	235	197589	948	956
207147	235	188541	948	956
214659	235	188089	948	956
294102	235	192074	948	956
196842	47	269062	948	956
205125	235	188171	948	956
205159	235	188065	948	956
323915	235	188736	948	956
200340	235	188016	948	956
199619	235	188527	948	956
214199	235	188204	948	956
222794	235	188006	948	956
239443	235	188227	948	956
187987	267	208498	948	956
207914	235	188507	948	956
235198	235	188330	948	956
226401	235	188590	948	956
210253	235	189657	948	956
239396	235	188217	948	956
221231	235	188040	948	956
210186	235	188208	948	956
223153	235	188035	948	956
205288	235	188689	948	956
207105	235	188053	948	956
209316	235	188003	948	956
221678	235	188061	948	956
291193	235	188706	948	956
283370	235	189754	948	956
251111	235	188261	948	956
233822	235	188987	948	956
369771	42	336506	948	956
213170	235	188185	948	956
269062	47	196842	948	956
205288	235	188215	948	956
249716	235	188430	948	956
235066	235	188534	948	957
225431	235	189015	948	957
275794	235	189015	948	957
196283	235	188001	948	957
206503	235	188649	948	957
205195	235	188415	948	957
221534	235	188411	948	957
358897	235	188609	948	957
217918	235	188019	948	957
311065	235	188838	948	957
220140	235	188812	948	957
195439	235	188451	948	957
231361	235	188145	948	957
239618	235	188658	948	957
232270	235	188214	948	957
199300	235	188335	948	957
249312	235	188127	948	957
193108	289	191769	948	957
226738	235	188753	948	957
245259	235	188440	948	957
195829	235	188263	948	957
245353	235	188609	948	957
196155	235	188068	948	957
235875	235	188255	948	957
230836	235	188214	948	957
242722	235	188474	948	957
324321	235	188865	948	957
207700	235	188377	948	957
203294	235	188383	948	957
197644	235	188047	948	957
356338	235	188189	948	957
259962	235	188648	948	957
198391	235	188410	948	957
191769	289	193108	948	957
279069	235	191693	948	957
280309	235	189122	948	957
224917	289	286570	948	957
274969	235	190857	948	957
208050	235	188211	948	957
200254	235	188006	948	957
347470	235	278918	948	957
272484	235	192985	948	957
341960	235	188899	948	957
216800	235	188903	948	957
200124	235	188254	948	957
229916	235	189037	948	957
222745	235	188166	948	957
230909	235	188998	948	957
252746	235	188167	948	957
209406	235	188609	948	957
284498	235	189269	948	957
204549	235	188127	948	957
221361	235	189815	948	957
219635	235	188108	948	957
286570	289	224917	948	957
240851	235	188255	948	957
275287	273	217602	948	957
211959	235	188655	948	958
209180	289	246999	948	958
231986	235	188822	948	958
297511	235	237470	948	958
199189	235	188458	948	958
223464	235	188770	948	958
297511	235	215447	948	958
223854	235	188307	948	958
188632	254	192672	948	958
309536	235	189411	948	958
204644	235	188492	948	958
213918	235	188367	948	958
374813	235	188518	948	958
214156	235	188186	948	958
246999	289	209180	948	958
258646	235	189666	948	958
188322	254	262432	948	958
305381	235	193638	948	958
212478	235	188476	948	958
247650	235	189119	948	958
243213	235	188235	948	958
239364	235	188655	948	958
234983	235	188167	948	958
222699	235	188193	948	958
216388	235	188094	948	958
208365	235	188310	948	958
212111	235	188215	948	958
221333	235	188957	948	958
265030	235	188262	948	958
192299	235	188263	948	958
299887	235	191626	948	958
208903	235	189287	948	958
189184	267	226960	948	958
338463	235	189193	948	958
340771	235	193638	948	958
331159	235	194354	948	958
243720	235	188314	948	958
241954	42	190539	948	958
233694	235	188938	948	958
205031	235	188497	948	958
216848	235	188411	948	958
224591	235	188318	948	958
194352	235	189122	948	958
314184	235	238144	948	958
231088	235	188842	948	959
205889	235	188451	948	959
215487	235	188047	948	959
225951	235	188819	948	959
198716	235	188537	948	959
223093	235	188193	948	959
195826	235	188021	948	959
222489	235	188879	948	959
226342	235	188231	948	959
213356	235	188736	948	959
239926	235	190132	948	959
288117	289	233244	948	959
195757	235	189122	948	959
305335	263	188632	948	959
218123	42	190008	948	959
245259	235	188595	948	959
253041	235	189507	948	959
210311	235	188537	948	959
252378	235	195647	948	959
318128	287	284921	948	959
232485	235	189496	948	959
233244	289	288117	948	959
247004	238	210227	948	959
263231	235	190828	948	959
229471	235	188023	948	959
206801	235	188204	948	959
257968	235	189362	948	959
320400	42	211585	948	959
268099	235	188312	948	959
258404	235	190825	948	959
199007	235	188009	948	959
267737	235	190964	948	959
258378	235	188353	948	959
239508	235	189629	948	959
197035	235	188527	948	959
260908	235	188461	948	960
271549	289	233353	948	960
211127	235	188507	948	960
195252	235	188171	948	960
191216	267	271560	948	960
247412	235	188911	948	960
211473	235	188231	948	960
214721	235	188072	948	960
270786	235	188400	948	960
224268	235	188003	948	960
216090	235	188171	948	960
217691	235	188090	948	960
216971	235	189400	948	960
277262	76	281406	948	960
208531	235	188215	948	960
229485	235	188167	948	960
233353	289	271549	948	960
214010	235	189122	948	960
203132	235	188171	948	960
213573	235	189062	948	960
221072	235	188090	948	960
220848	235	188355	948	960
211998	235	189907	948	960
240505	235	189395	948	960
191939	37	278180	948	960
209538	235	188007	948	960
217691	235	188513	948	961
248891	289	225935	948	961
225935	289	248891	948	961
200184	235	188440	948	961
195592	235	188163	948	961
252179	235	188132	948	961
214278	235	189264	948	961
234364	235	188822	948	961
218523	235	190971	948	961
342949	235	190527	948	961
226868	235	188440	948	961
283508	235	188746	948	961
320496	235	189801	948	961
211340	235	189033	948	961
196780	235	188492	948	961
316205	235	193720	948	961
196945	235	188093	948	961
208531	235	188655	948	961
210115	235	188335	948	961
200933	235	189491	948	962
229916	235	188130	948	962
325068	101	188287	948	962
233531	235	189801	948	962
338171	235	205224	948	962
233119	235	194354	948	962
229767	235	188602	948	962
189029	267	257931	948	962
203396	235	188310	948	963
204617	76	205946	948	963
208515	235	189180	948	963
228260	235	188573	948	963
196950	235	189122	948	963
242575	235	188161	948	963
214090	235	188822	948	963
213301	235	188256	948	963
216536	235	188122	948	963
269400	235	188139	948	963
198358	235	190094	948	963
276264	245	304023	948	963
236261	273	237219	948	963
330730	273	217602	948	963
270080	235	189801	948	963
270177	73	190349	948	964
231407	289	193328	948	964
203518	235	188256	948	964
296189	235	194354	948	964
198938	235	188458	948	964
285620	42	200464	948	964
301558	289	311439	948	964
269327	273	226581	948	964
311439	289	301558	948	964
312270	235	189491	948	964
193328	289	231407	948	964
201997	235	188019	948	965
216577	235	188772	948	965
315382	58	211928	948	965
207390	235	188440	948	965
201854	235	188471	948	965
195235	235	188944	948	965
196585	76	290168	948	965
211024	235	190825	948	965
232070	235	188497	948	965
240254	235	189250	948	965
194043	235	188492	948	966
211088	235	188032	948	967
188287	254	221668	948	968
206414	235	188030	948	968
222892	289	240067	948	968
188084	267	310381	948	969
194648	235	188458	948	969
204008	235	193150	948	970
240067	289	222892	948	970
217984	235	195884	948	970
216375	235	188058	948	972
302206	273	204386	948	973
362863	290	187987	948	973
188283	106	191604	949	0
195949	106	302479	949	0
352661	262	331470	949	0
194147	104	313771	949	0
274289	235	188106	949	0
253326	106	323184	949	0
188750	262	331470	949	0
192527	264	190349	949	0
190412	106	189261	949	0
270617	42	341863	949	0
187994	264	200203	949	0
193749	106	194137	949	0
191278	106	192292	949	0
219996	290	188071	949	0
195287	106	210111	949	0
189416	106	302335	949	0
258487	273	187996	949	0
188049	106	188002	949	0
333962	262	331470	949	0
308758	262	294859	949	0
189416	106	189127	949	0
191583	264	190349	949	0
304677	289	244179	949	0
197924	76	193702	949	0
193749	106	203214	949	0
189373	106	335685	949	0
207445	289	199808	949	0
302901	106	215503	949	0
226899	106	194137	949	0
251957	289	311576	949	0
190544	106	194137	949	0
210551	262	287201	949	0
265656	106	196986	949	0
197176	76	193702	949	0
220997	235	188630	949	0
335685	106	189373	949	0
188945	262	331470	949	0
228683	235	188051	949	0
204749	76	189572	949	0
190889	264	190349	949	0
233921	235	215779	949	0
333150	106	296586	949	0
232164	235	189501	949	0
197466	106	243925	949	0
246449	262	294859	949	0
199808	289	207445	949	0
308958	289	231573	949	0
196835	235	188033	949	0
191604	106	188283	949	0
208386	106	344522	949	0
190627	262	311985	949	0
190061	106	191862	949	0
215503	106	302901	949	0
340418	132	347370	949	0
303191	262	286440	949	0
189414	106	195932	949	0
307559	106	370584	949	0
188759	106	188174	949	0
191289	106	189437	949	0
204862	235	192512	949	0
189414	106	191006	949	0
193120	264	190349	949	0
192633	262	311985	949	0
252611	262	191653	949	0
188002	106	188199	949	0
203214	106	193749	949	0
188004	106	188372	949	0
240098	106	203587	949	0
199189	235	188038	949	0
296679	106	190904	949	0
199662	106	218287	949	0
193374	264	190349	949	0
356576	167	313535	949	0
271967	262	331470	949	0
188160	106	205704	949	0
202042	76	370460	949	0
189704	264	190349	949	0
189526	106	188002	949	0
194137	106	193749	949	0
188363	262	318606	949	0
196172	262	331470	949	0
317202	106	219096	949	0
331993	262	331470	949	0
333576	262	331470	949	0
222851	290	188071	949	0
192263	106	188002	949	0
334806	106	229519	949	0
350323	42	189624	949	0
190349	264	191583	949	0
191862	106	190061	949	0
323184	106	253326	949	0
250451	289	308726	949	0
188327	106	190450	949	0
212192	235	188097	949	0
191518	106	302901	949	0
336081	106	250297	949	0
292663	289	282489	949	0
337556	42	191431	949	0
331993	106	208386	949	0
204632	289	251199	949	0
203247	290	187987	949	0
208386	106	331993	949	0
190036	106	192805	949	0
188413	264	193766	949	0
189502	106	198401	949	0
218287	106	199662	949	0
192292	106	191278	949	0
252604	262	331470	949	0
200397	106	190036	949	0
371266	262	331470	949	0
231573	289	308958	949	0
212160	106	233176	949	0
191283	37	189545	949	0
192278	264	190349	949	0
262332	262	331470	949	0
195932	106	189414	949	0
190419	264	190349	949	0
190349	264	189704	949	0
332292	262	331470	949	0
190419	254	277982	949	0
261520	235	194961	949	0
192278	264	188548	949	0
190904	106	296679	949	0
188002	106	188049	949	0
194137	106	226899	949	0
367631	264	188548	949	0
188233	262	318606	949	0
232649	235	209899	949	0
308726	289	250451	949	0
200203	264	187994	949	0
253675	235	189727	949	0
201852	106	225474	949	0
200427	289	245831	949	0
293290	106	291315	949	0
191348	262	373157	949	0
188548	264	367631	949	0
188002	106	189526	949	0
291315	106	293290	949	0
311576	289	251957	949	0
195484	106	194137	949	0
190349	264	190419	949	0
190349	264	193120	949	0
204207	235	188215	949	0
211570	76	193702	949	0
332839	76	272807	949	0
282489	289	292663	949	0
264754	235	188491	949	0
191006	106	189414	949	0
196986	106	265656	949	0
203587	106	240098	949	0
303532	273	189313	949	0
344522	106	208386	949	0
213074	235	190991	949	0
221577	235	188565	949	0
190814	106	190036	949	0
296586	106	333150	949	0
190349	264	190058	949	0
370584	106	307559	949	0
243925	106	197466	949	0
194137	106	211330	949	0
193358	262	331470	949	0
227628	289	342413	949	0
342246	262	331470	949	0
188002	106	192263	949	0
190036	106	200397	949	0
365985	106	231451	949	0
194137	106	195484	949	0
194137	106	189859	949	0
256684	42	189024	949	0
253652	262	254854	949	0
193766	264	188413	949	0
231451	106	365985	949	0
223547	289	297457	949	0
244179	289	304677	949	0
266410	235	189806	949	0
308174	106	353129	949	0
189416	106	190238	949	0
358240	262	331470	949	0
279005	106	260443	949	0
205736	106	280720	949	0
328056	106	288494	949	0
297457	289	223547	949	0
227637	235	188856	949	0
353129	106	308174	949	0
217720	262	192539	949	0
190036	106	190814	949	0
188199	106	188002	949	0
212160	106	190081	949	0
211330	106	194137	949	0
188174	106	188759	949	0
342040	262	331470	949	0
192160	76	189572	949	0
368553	97	213008	949	0
373793	262	274499	949	0
260443	106	279005	949	0
229519	106	334806	949	0
190349	264	192527	949	0
245831	289	200427	949	0
270650	262	320348	949	0
192697	61	339633	949	0
335021	262	331470	949	0
190058	264	190349	949	0
199104	106	197594	949	0
190450	106	188327	949	0
189261	106	190412	949	0
288494	106	328056	949	0
189873	262	331470	949	0
360897	262	331470	949	0
210551	262	339394	949	0
189211	262	331470	949	0
192257	262	331470	949	0
190349	264	190889	949	0
302901	106	191518	949	0
197594	106	199104	949	0
189502	106	189261	949	0
292393	262	331470	949	0
343136	42	188293	949	0
301290	42	190008	949	0
251199	289	204632	949	0
203133	262	331470	949	0
192805	106	190036	949	0
280720	106	205736	949	0
190349	264	193374	949	0
205704	106	188160	949	0
225474	106	201852	949	0
238046	262	286828	949	0
191526	128	350731	949	0
266719	235	188334	949	0
190349	264	192278	949	0
198496	76	189572	949	0
247381	235	189593	949	0
334133	262	331470	949	0
193940	262	331470	949	0
196920	262	373157	949	0
302479	106	195949	949	0
282573	262	294859	949	0
329207	47	373127	949	0
210294	76	193702	949	0
232006	235	188886	949	0
359196	262	331470	949	0
189261	106	189502	949	0
241282	262	294859	949	0
202116	235	197711	949	0
188548	264	192278	949	0
360145	42	294350	949	0
194137	106	190544	949	0
230711	37	187993	949	0
188372	106	188004	949	0
194137	106	316373	949	0
275290	282	195572	949	949
206121	235	189506	949	949
296196	139	262036	949	949
231575	282	208058	949	949
214055	235	188337	949	949
209712	282	192227	949	949
246920	235	204053	949	949
203743	235	188145	949	949
193774	235	188490	949	949
191262	282	322420	949	949
234131	282	201664	949	949
243688	52	282774	949	949
232247	235	188067	949	949
281105	235	191627	949	949
196471	235	188121	949	949
230975	52	256770	949	949
354880	282	348751	949	949
203213	235	188047	949	949
219825	235	188121	949	949
347363	52	363648	949	949
298131	273	192647	949	949
238828	282	192069	949	949
200991	235	188064	949	949
226212	235	189596	949	949
194654	235	188003	949	949
375075	49	243644	949	949
204305	235	188018	949	949
194448	235	188444	949	949
199854	235	223708	949	949
209533	235	188876	949	949
200933	235	189499	949	949
315359	282	375634	949	949
193833	235	189105	949	949
261244	282	282774	949	949
324321	235	189528	949	949
221291	282	191784	949	949
197531	235	189555	949	949
198630	282	195077	949	949
274577	235	188045	949	949
255767	282	201301	949	949
207048	235	188375	949	949
255518	282	191595	949	949
205761	235	188621	949	949
193786	235	191252	949	949
352787	235	188263	949	949
241890	52	363553	949	949
238246	235	202668	949	949
225027	235	189912	949	949
193751	52	277186	949	949
373234	139	294913	949	949
195797	235	188487	949	949
195567	235	188490	949	949
257309	282	320810	949	949
354211	139	249867	949	949
215651	235	188699	949	949
200581	235	188312	949	949
226633	235	189186	949	949
222260	139	230815	949	949
204757	235	189062	949	949
260947	282	211512	949	949
312351	52	329616	949	949
233782	235	192204	949	949
253525	235	188482	949	949
309226	282	192266	949	949
204506	235	188689	949	949
209182	235	189562	949	949
275437	273	190618	949	949
204448	235	192625	949	949
197978	235	188499	949	949
198436	235	188348	949	949
191514	139	282488	949	949
290974	235	188657	949	949
331254	139	288281	949	949
196647	235	188053	949	949
216503	235	188048	949	949
242300	52	311993	949	949
344336	282	234846	949	949
232098	235	191270	949	949
198906	235	188351	949	949
372416	282	191470	949	949
274058	235	219306	949	949
196299	235	188094	949	949
255615	282	254862	949	949
210200	235	190610	949	949
210496	52	329616	949	949
207008	235	188640	949	949
212202	235	188090	949	949
268210	235	188248	949	949
203152	235	191673	949	949
220698	235	202123	949	949
338852	52	243804	949	949
204901	235	190969	949	949
280889	282	189436	949	949
260963	235	192855	949	949
194358	235	188210	949	949
277448	52	361667	949	949
255182	282	195170	949	949
322922	139	264014	949	949
195689	235	188516	949	949
225027	235	189446	949	949
209949	52	307706	949	949
209841	235	188122	949	949
278793	235	189095	949	949
203230	235	190082	949	949
192213	282	333239	949	949
284347	139	308492	949	949
218560	235	188068	949	949
201794	235	188097	949	949
325387	282	200627	949	949
216008	235	194538	949	949
264434	282	336786	949	949
228762	76	188083	949	949
317102	282	191595	949	949
199386	235	194164	949	949
253615	235	188510	949	949
249398	235	217551	949	949
193595	235	236592	949	949
338852	52	356277	949	949
196764	139	366830	949	949
282607	235	202609	949	949
231298	235	188598	949	949
288040	52	296968	949	949
337170	282	190374	949	949
283372	280	346928	949	949
194477	235	190978	949	949
247800	235	188776	949	949
208555	235	188842	949	949
198777	235	188056	949	949
331958	139	315273	949	949
202638	235	189396	949	949
248056	235	190475	949	949
289671	235	188058	949	949
270284	235	204130	949	949
198403	235	192093	949	949
223020	235	189604	949	949
277790	235	189248	949	949
194104	235	189986	949	949
193121	52	313793	949	949
208691	235	188231	949	949
218343	235	191584	949	949
288093	235	188043	949	949
209857	235	188876	949	949
371885	49	235577	949	949
352374	139	263155	949	949
332873	282	193292	949	949
299290	235	188665	949	949
308331	282	261308	949	949
346254	282	367556	949	949
201322	235	188235	949	949
204978	235	188644	949	949
204406	235	188393	949	949
258779	235	325400	949	949
246430	235	189098	949	949
209312	235	189100	949	949
369947	282	226761	949	949
311503	235	190027	949	949
219337	282	190599	949	949
188769	139	339239	949	949
204812	235	188074	949	949
264329	235	189062	949	949
218252	235	189047	949	949
235169	235	188041	949	949
264558	235	198637	949	949
222419	235	189496	949	949
272684	52	329616	949	949
274219	282	190355	949	949
212670	235	188510	949	949
303530	282	192073	949	949
231771	33	188758	949	949
239948	52	209610	949	949
261555	235	195372	949	949
280658	235	188663	949	949
199904	235	188402	949	949
227699	235	188041	949	949
279009	282	190364	949	949
230975	282	286689	949	949
231744	282	373945	949	949
375593	139	198304	949	949
193327	235	188003	949	949
335478	139	245427	949	949
282275	235	261942	949	949
246183	235	189531	949	949
231059	235	188171	949	949
212714	235	188501	949	949
191834	282	241487	949	949
195309	235	188215	949	949
208637	282	366647	949	949
195114	235	188175	949	949
356041	37	188412	949	949
241822	76	188083	949	949
219186	235	188773	949	949
247648	235	188340	949	949
196070	235	189100	949	949
221535	235	188228	949	949
290229	235	188808	949	949
241959	235	188471	949	949
209049	235	188610	949	949
192646	235	188173	949	949
354306	282	320542	949	949
200398	235	188499	949	949
314668	235	189241	949	949
257243	235	188171	949	949
263814	235	188398	949	949
273099	235	188893	949	949
191098	139	252611	949	949
308044	273	190618	949	949
230975	52	286689	949	949
199604	235	188098	949	949
219168	235	188415	949	949
281964	282	193292	949	949
282703	235	261942	949	949
251411	282	191157	949	949
246210	282	188295	949	949
198026	52	328752	949	949
195534	235	188551	949	949
222472	235	189284	949	949
253044	235	188152	949	949
267885	282	308161	949	949
196012	235	188805	949	949
268816	235	189248	949	949
194263	235	190122	949	949
197155	235	189061	949	949
197708	235	188260	949	949
271297	235	189417	949	949
243688	282	356206	949	949
318160	282	365014	949	949
248934	282	189654	949	949
192437	282	329616	949	949
241991	235	192855	949	949
222449	235	188143	949	949
235701	235	188106	949	949
192641	235	188771	949	949
200653	235	202088	949	949
205636	235	188164	949	949
302376	282	190811	949	949
242846	282	218854	949	949
201209	235	189295	949	949
196615	235	188163	949	949
199372	235	189593	949	949
195186	52	366035	949	949
195426	235	188977	949	949
212735	235	188121	949	949
210727	235	188073	949	949
194072	52	367484	949	949
209610	139	309312	949	949
195584	235	188097	949	949
364978	282	355308	949	949
193060	235	188858	949	949
193610	235	235137	949	949
245214	235	189482	949	949
247087	235	188480	949	949
298205	235	363016	949	949
323209	282	199839	949	949
241637	235	188153	949	949
193954	235	188960	949	949
192272	235	188226	949	949
241483	235	210556	949	949
211843	235	195846	949	949
297053	282	189654	949	949
307125	282	351373	949	949
270240	49	188046	949	949
367161	282	260659	949	949
211190	235	189423	949	949
260336	235	190850	949	949
195338	235	189396	949	949
308889	235	188628	949	949
277949	235	192174	949	949
261356	76	188083	949	949
231774	235	188560	949	949
198436	235	189558	949	949
219438	235	188332	949	949
306885	282	308161	949	949
204448	235	188574	949	949
193619	235	188468	949	949
329248	235	188058	949	949
207849	235	193772	949	949
206894	235	188669	949	949
284614	139	256497	949	949
268936	235	188106	949	949
192489	282	244757	949	949
207888	235	188335	949	949
191050	139	199837	949	949
199084	235	299397	949	949
199326	235	189417	949	949
214663	282	191098	949	949
196624	235	189351	949	949
271087	282	192128	949	949
270817	235	190818	949	949
344216	282	322422	949	949
268125	235	188032	949	949
219693	235	188633	949	949
204937	235	188072	949	949
207649	235	188003	949	949
339239	282	188769	949	949
192301	139	233700	949	949
232208	235	188386	949	949
228928	235	188568	949	949
360314	282	191335	949	949
196596	235	188030	949	949
226816	235	188086	949	949
202719	235	188560	949	949
281499	282	297633	949	949
247272	282	191042	949	949
202863	235	188104	949	949
189432	139	224491	949	949
199540	235	190019	949	949
230975	52	362460	949	949
307565	139	283687	949	949
238147	52	190247	949	949
331784	52	338889	949	949
281401	235	189070	949	949
214185	235	198596	949	949
222180	282	190770	949	949
211710	235	188308	949	949
220897	235	190850	949	949
197270	235	188073	949	949
296196	139	190774	949	949
194366	235	188688	949	949
236130	235	189143	949	949
259611	235	188260	949	949
196880	282	205915	949	949
291946	235	190944	949	949
193451	235	189191	949	949
297689	235	190205	949	949
197382	235	191154	949	949
196636	282	198956	949	949
204686	235	188556	949	949
195143	235	206071	949	949
294751	235	206748	949	949
339530	235	188524	949	949
352885	139	263232	949	949
197105	76	188083	949	949
231477	282	331374	949	949
217779	235	192204	949	949
374982	139	271475	949	949
196320	235	188070	949	949
193380	235	188066	949	949
196945	235	191048	949	949
202217	235	204130	949	949
226035	235	189295	949	949
249181	235	203224	949	949
344880	139	193121	949	949
211298	52	313793	949	949
269485	235	261942	949	949
250170	282	200860	949	949
203237	235	192917	949	949
302799	235	188153	949	949
211922	235	205870	949	949
329616	139	192437	949	949
236539	235	189275	949	949
328033	282	224682	949	949
204958	235	205941	949	949
205052	235	192859	949	949
206301	52	349078	949	949
302799	235	188074	949	949
211949	235	189679	949	949
256507	235	188066	949	949
190870	235	188030	949	949
192846	235	189552	949	949
262373	235	189649	949	949
296877	52	317111	949	949
201477	235	191194	949	949
211420	235	188499	949	949
202800	235	206388	949	949
199015	235	188079	949	949
222763	235	188497	949	949
230437	52	322965	949	949
235182	282	193680	949	949
192425	235	188155	949	949
291778	235	188510	949	949
216889	235	238189	949	949
190870	235	188318	949	949
207836	235	188011	949	949
219693	235	190123	949	949
352755	235	200965	949	949
236208	235	203517	949	949
224451	282	370647	949	949
192846	235	188162	949	949
200917	52	244757	949	949
208556	235	188919	949	949
310230	235	189370	949	949
320523	282	192811	949	949
285077	49	188354	949	949
200296	235	188375	949	949
217997	235	188610	949	949
195314	235	188607	949	949
271817	282	332391	949	949
207607	235	188767	949	949
217511	235	190459	949	949
291763	282	363409	949	949
256594	235	189772	949	949
190929	52	338690	949	949
206385	235	338408	949	949
221974	235	219987	949	949
198887	235	188392	949	949
209375	235	188510	949	949
322626	282	189773	949	949
199326	235	188636	949	949
194324	235	192093	949	949
221213	235	188145	949	949
199743	235	190092	949	949
279450	282	190788	949	949
195266	48	270201	949	949
217296	235	189099	949	949
208491	76	188083	949	949
267739	235	198475	949	949
204129	235	190114	949	949
215502	235	191159	949	949
196304	235	191711	949	949
238870	282	370647	949	949
193663	235	188054	949	949
262405	235	195372	949	949
217826	52	241487	949	949
205682	235	189070	949	949
210498	235	188348	949	949
195898	235	237098	949	949
293869	282	220607	949	949
209633	235	189920	949	949
279486	282	188930	949	949
262405	235	258278	949	949
342172	282	323293	949	949
197448	139	326451	949	949
192646	235	188067	949	949
195975	235	189948	949	949
237987	235	190655	949	949
213202	235	188497	949	949
195564	235	188772	949	949
199582	235	188768	949	949
270761	282	189856	949	949
195043	235	188348	949	949
213303	235	188294	949	949
216575	235	188348	949	949
200917	52	267546	949	949
193680	139	235182	949	949
250858	282	190909	949	949
194263	235	189575	949	949
219152	235	188058	949	949
195802	235	188064	949	949
367146	282	336324	949	949
361734	282	190973	949	949
199937	235	200091	949	949
290302	49	297329	949	949
355425	139	340509	949	949
345407	139	279220	949	949
369459	37	189049	949	949
347239	282	327700	949	949
220950	235	192167	949	949
341458	52	261308	949	949
190870	235	188737	949	949
195644	235	189145	949	949
192285	235	189372	949	949
245554	235	188592	949	949
347863	52	346702	949	949
195189	235	188026	949	949
210189	235	188337	949	949
351948	139	198609	949	949
254764	235	198642	949	949
217097	76	188083	949	949
208956	235	188034	949	949
194007	282	307706	949	949
283570	235	190881	949	949
199904	235	189269	949	949
211081	235	188699	949	949
200614	52	314753	949	949
195387	235	188051	949	949
262879	282	192301	949	949
335452	235	190818	949	949
235292	235	191400	949	949
222785	235	188970	949	949
198076	235	188154	949	949
204937	235	188059	949	949
207244	235	188537	949	949
248985	282	191098	949	949
200045	235	188147	949	949
226530	235	188382	949	949
196303	235	188048	949	949
248181	139	290408	949	949
237212	235	188630	949	949
234111	235	188510	949	949
198039	282	375123	949	949
234822	235	189866	949	949
374813	235	188163	949	949
206068	235	188113	949	949
226201	235	189705	949	949
219876	235	188597	949	949
205181	235	188426	949	949
196284	52	299467	949	949
195679	235	188030	949	949
192297	76	188083	949	949
259248	235	189012	949	949
194324	235	189020	949	949
198257	235	189669	949	949
341893	273	344930	949	949
299607	282	199826	949	949
228179	235	192551	949	949
192605	235	191557	949	949
204705	235	188417	949	949
198394	235	190188	949	949
291661	49	190107	949	949
302128	282	192589	949	949
284468	235	190829	949	949
277706	282	194292	949	949
208785	235	188454	949	949
202063	52	338690	949	949
288182	235	192855	949	949
193827	235	188375	949	949
197284	235	191995	949	949
288900	282	188930	949	949
295023	235	190850	949	949
195644	235	190763	949	949
370741	282	343549	949	949
230919	282	331038	949	949
244164	282	324521	949	949
209254	235	188921	949	949
343576	139	306885	949	949
205832	282	191708	949	949
204406	235	189001	949	949
232985	282	331254	949	949
236723	235	189248	949	949
351555	37	197615	949	949
263482	235	189358	949	949
206915	282	189856	949	949
262746	282	190951	949	949
201708	235	188522	949	949
201710	235	188499	949	949
200655	235	188073	949	949
256497	282	286038	949	949
208825	235	190881	949	949
230060	235	189679	949	949
366613	139	192740	949	949
290923	235	188101	949	949
262818	235	188458	949	949
191896	52	261332	949	949
240693	235	189679	949	949
197832	235	189001	949	949
196517	235	188399	949	949
201321	235	205130	949	949
331038	139	230919	949	949
200092	235	188006	949	949
210017	235	188663	949	949
197283	235	188153	949	949
201903	235	188118	949	949
311694	282	361065	949	949
336827	52	196752	949	949
292993	282	189204	949	949
298331	235	190197	949	949
213539	235	189547	949	949
290408	282	248181	949	949
366035	139	306306	949	949
192301	139	262879	949	949
211294	235	189562	949	949
200140	52	299467	949	949
201022	235	188390	949	949
193009	235	188088	949	949
334887	235	188979	949	949
282449	139	281191	949	949
233856	52	329616	949	949
200791	235	188073	949	949
195644	235	189396	949	949
200383	235	188290	949	949
247487	235	190950	949	949
270846	52	363648	949	949
232615	282	195992	949	949
249172	235	189153	949	949
250098	235	220142	949	949
232115	235	188375	949	949
227448	235	189531	949	949
315813	282	310705	949	949
265553	282	188889	949	949
243521	235	207357	949	949
355676	139	192489	949	949
343990	52	251837	949	949
300655	282	190783	949	949
204207	235	189248	949	949
224802	235	188402	949	949
200100	235	188166	949	949
256670	235	188059	949	949
361233	52	298157	949	949
316655	235	202014	949	949
217669	282	194381	949	949
249903	52	317111	949	949
192957	52	313793	949	949
229996	235	188092	949	949
203776	235	189104	949	949
202911	235	188122	949	949
257808	235	188865	949	949
248321	235	189658	949	949
192602	235	189780	949	949
220896	235	191295	949	949
252374	49	258522	949	949
194716	235	188175	949	949
214841	235	188426	949	949
243180	282	220607	949	949
270674	235	188067	949	949
197826	76	188083	949	949
210383	235	189083	949	949
205271	235	192236	949	949
190404	139	277411	949	949
235292	235	189370	949	949
327700	139	347239	949	949
241634	282	191885	949	949
200929	235	188152	949	949
227186	235	189252	949	949
226459	235	188206	949	949
232194	235	188088	949	949
214924	235	188011	949	949
199147	235	189803	949	949
213170	235	189273	949	949
200124	235	188786	949	949
296196	139	284988	949	949
366669	282	190128	949	949
220014	282	203087	949	949
200124	235	188722	949	949
194978	235	189714	949	949
210971	235	189372	949	949
208530	235	192661	949	949
227059	282	190128	949	949
198749	235	188276	949	949
196478	235	188104	949	949
208084	235	189241	949	949
241339	235	188655	949	949
248944	49	296332	949	949
198494	235	188011	949	949
225570	282	188295	949	949
206380	235	188665	949	949
196149	235	188203	949	949
210114	52	343681	949	949
258567	235	201701	949	949
200917	52	351948	949	949
203391	235	190402	949	949
210060	282	243095	949	949
288372	139	204946	949	949
235796	235	188558	949	949
276763	235	188067	949	949
219166	235	188510	949	949
234343	235	188348	949	949
232448	235	188252	949	949
342636	235	188768	949	949
222052	235	189726	949	949
212422	235	189065	949	949
216131	52	362460	949	949
228763	282	285112	949	949
206157	235	189816	949	949
200917	52	241487	949	949
323595	282	214572	949	949
317523	235	242035	949	949
204911	235	189514	949	949
261771	235	188074	949	949
249441	235	188348	949	949
248245	52	347585	949	949
193659	235	188812	949	949
241239	235	191673	949	949
195946	235	189562	949	949
292658	235	188891	949	949
212714	235	189714	949	949
214544	235	188001	949	949
210310	76	188083	949	949
357676	52	298157	949	949
245554	235	189070	949	949
200632	235	188019	949	949
221783	235	189167	949	949
200853	235	188249	949	949
198104	235	336970	949	949
221416	235	192093	949	949
199394	235	188529	949	949
208866	235	188732	949	949
196299	235	188098	949	949
266316	49	204510	949	949
209827	235	188921	949	949
230975	282	362460	949	949
197924	76	188083	949	949
196752	139	192489	949	949
218966	235	188304	949	949
278618	49	188272	949	949
221006	235	188499	949	949
197176	76	188083	949	949
226528	235	188183	949	949
218922	235	188070	949	949
301714	235	189003	949	949
191896	52	190418	949	949
333006	282	188295	949	949
271728	235	190367	949	949
361233	282	351948	949	949
372834	139	192595	949	949
237989	235	188066	949	949
200592	235	188893	949	949
236723	235	258278	949	949
193441	235	188252	949	949
275787	235	188113	949	949
232397	235	190501	949	949
195665	235	189047	949	949
195999	235	188423	949	949
192089	235	188206	949	949
201083	235	188949	949	949
219389	282	291840	949	949
209592	235	188486	949	949
195366	235	188244	949	949
218854	139	242846	949	949
219226	235	188154	949	949
213335	235	188996	949	949
203091	235	191807	949	949
285415	282	190128	949	949
307109	282	370938	949	949
191595	139	255518	949	949
206428	235	196649	949	949
194660	282	204634	949	949
257922	282	366151	949	949
194772	235	189562	949	949
314430	139	237559	949	949
363553	139	224153	949	949
194923	235	188206	949	949
205682	235	188806	949	949
196521	235	197801	949	949
256041	52	190284	949	949
354211	139	259887	949	949
311644	235	188452	949	949
198829	235	188725	949	949
329358	282	326034	949	949
219549	235	188162	949	949
198502	235	191372	949	949
192045	52	303505	949	949
298212	235	196310	949	949
200917	52	308274	949	949
210114	282	343681	949	949
339869	282	192128	949	949
331899	235	190196	949	949
267992	235	189449	949	949
258402	235	188396	949	949
280248	235	189449	949	949
256795	235	189427	949	949
268850	235	188747	949	949
290062	235	188510	949	949
213057	235	188514	949	949
222436	235	188279	949	949
244453	235	242718	949	949
193065	235	188039	949	949
193567	235	199756	949	949
226922	235	189341	949	949
315273	282	331958	949	949
192919	235	188499	949	949
193595	235	191087	949	949
254931	282	295555	949	949
342717	282	336786	949	949
194495	235	188107	949	949
195680	235	190323	949	949
240781	235	188389	949	949
199037	235	198986	949	949
200917	52	373722	949	949
271475	282	374982	949	949
293127	282	325536	949	949
217834	52	329616	949	949
229645	52	327700	949	949
209167	235	188390	949	949
350512	282	351373	949	949
350842	139	201719	949	949
253985	273	200229	949	949
214509	235	190732	949	949
209604	235	188480	949	949
201937	235	188398	949	949
256786	282	190128	949	949
230975	52	277186	949	949
332543	282	190128	949	949
257029	235	209395	949	949
331661	235	188335	949	949
310687	235	215322	949	949
276141	282	201403	949	949
194700	139	191088	949	949
200509	235	189001	949	949
232769	52	354473	949	949
211035	235	189099	949	949
224948	282	356277	949	949
226922	235	220731	949	949
356206	139	230165	949	949
242889	235	220967	949	949
226761	139	258094	949	949
201427	235	190978	949	949
203971	235	191679	949	949
194323	235	205478	949	949
218129	235	188326	949	949
248892	235	188527	949	949
246916	235	226070	949	949
247675	235	188699	949	949
268573	235	189581	949	949
207576	235	191610	949	949
306885	282	343576	949	949
350115	282	315916	949	949
348292	282	190128	949	949
200171	139	346212	949	949
214134	235	188552	949	949
216719	235	190680	949	949
215069	235	188798	949	949
333599	282	190713	949	949
200564	235	189315	949	949
194426	235	188076	949	949
233416	235	188132	949	949
211526	235	188592	949	949
327071	282	190575	949	949
219120	282	220621	949	949
279895	52	317111	949	949
246407	76	188083	949	949
285095	52	191572	949	949
192411	139	338784	949	949
250881	235	188215	949	949
279895	282	317111	949	949
233700	282	192301	949	949
202980	235	250272	949	949
204210	235	190467	949	949
248245	282	347585	949	949
322261	282	188431	949	949
221020	235	188036	949	949
193292	139	281964	949	949
216683	235	188237	949	949
196144	235	189687	949	949
213206	235	188437	949	949
212662	235	198475	949	949
191652	282	370362	949	949
252448	49	203874	949	949
272584	235	190818	949	949
212598	235	188208	949	949
276541	235	188337	949	949
209763	235	188045	949	949
192534	235	239161	949	949
194267	52	299467	949	949
192531	235	188499	949	949
216501	235	189429	949	949
216776	235	189100	949	949
204834	235	188154	949	949
309312	282	209610	949	949
256011	235	188149	949	949
256833	282	315978	949	949
243354	52	299467	949	949
200254	235	188499	949	949
199547	235	188067	949	949
191652	282	190247	949	949
234009	235	264086	949	949
355308	139	364978	949	949
196647	235	188011	949	949
195087	235	188109	949	949
220528	282	195077	949	949
353136	235	357690	949	949
199485	235	195778	949	949
258121	235	192204	949	949
309892	282	370116	949	949
200008	235	188020	949	949
354473	139	223782	949	949
193087	235	188259	949	949
212577	235	188009	949	949
202669	235	188147	949	949
263761	235	192093	949	949
351504	282	195042	949	949
195797	235	189218	949	949
293840	235	188225	949	949
244405	235	207569	949	949
194351	235	188893	949	949
203049	235	191419	949	949
263232	282	352885	949	949
218611	52	329616	949	949
204493	235	188648	949	949
255325	235	191254	949	949
326090	282	234000	949	949
190951	139	262746	949	949
254530	52	319261	949	949
239324	235	188451	949	949
223366	235	189153	949	949
319261	139	328421	949	949
249215	235	194121	949	949
254881	282	264606	949	949
314444	282	301764	949	949
251721	235	189099	949	949
208597	235	189121	949	949
244662	52	356277	949	949
196517	235	189011	949	949
303505	139	194127	949	949
226518	235	188306	949	949
308237	282	373861	949	949
237240	235	188358	949	949
197731	52	261308	949	949
241575	235	188415	949	949
361233	52	373722	949	949
258487	273	187995	949	949
199994	235	188018	949	949
259887	282	354211	949	949
248576	235	213240	949	949
191267	139	330602	949	949
275647	235	189990	949	949
198241	235	189014	949	949
208326	235	188092	949	949
244088	282	188889	949	949
214318	235	195620	949	949
219176	235	188655	949	949
230975	282	328752	949	949
268989	235	219306	949	949
239428	235	190689	949	949
296196	139	312176	949	949
305401	52	346702	949	949
303180	282	189365	949	949
201063	235	188056	949	949
279584	52	370415	949	949
215422	235	189058	949	949
270785	282	189365	949	949
254928	52	267546	949	949
199838	235	188130	949	949
317410	235	190318	949	949
354473	139	210595	949	949
195034	235	189517	949	949
303787	282	190776	949	949
211217	235	188967	949	949
356206	139	243688	949	949
196147	235	188514	949	949
258094	52	191572	949	949
199872	235	188024	949	949
207040	235	190850	949	949
356573	139	327378	949	949
215172	282	307030	949	949
300288	235	189016	949	949
343681	139	210114	949	949
237135	235	260557	949	949
205835	52	243804	949	949
266413	235	213250	949	949
196339	235	188415	949	949
192842	235	188454	949	949
203098	235	188113	949	949
196205	235	188053	949	949
254285	235	200965	949	949
219996	290	211661	949	949
347183	282	196265	949	949
241557	235	188228	949	949
232649	235	193172	949	949
227444	235	192311	949	949
197348	235	188348	949	949
290408	282	308970	949	949
210737	235	188190	949	949
207294	235	188163	949	949
311129	52	349167	949	949
330864	282	326862	949	949
199387	235	189392	949	949
358079	52	324352	949	949
200177	235	188499	949	949
336787	282	190128	949	949
239610	235	189236	949	949
192553	235	188039	949	949
308530	282	221755	949	949
198026	282	328752	949	949
243686	235	190098	949	949
267218	235	188805	949	949
246092	235	235137	949	949
226409	235	193939	949	949
327902	282	190342	949	949
195366	235	188285	949	949
218300	235	260557	949	949
299607	282	191205	949	949
273230	235	190944	949	949
286568	282	190779	949	949
230751	235	190092	949	949
221285	282	335407	949	949
208007	235	188203	949	949
247836	235	188733	949	949
196148	235	188154	949	949
199689	235	188011	949	949
192553	235	188097	949	949
321433	235	188055	949	949
199728	235	188057	949	949
306306	282	240909	949	949
200637	235	188107	949	949
213339	235	188960	949	949
193455	235	188109	949	949
205181	235	188070	949	949
197246	235	188073	949	949
196195	235	188003	949	949
204902	235	189047	949	949
350435	139	243688	949	949
275322	235	190041	949	949
356383	139	191932	949	949
254460	282	367484	949	949
203386	235	188097	949	949
200773	235	189237	949	949
193340	235	188097	949	949
242128	282	213605	949	949
192385	52	298692	949	949
317942	235	188250	949	949
210660	235	188234	949	949
192001	235	188026	949	949
265728	282	197704	949	949
210294	76	188083	949	949
202791	235	189100	949	949
321689	282	191784	949	949
369602	52	349167	949	949
256446	282	188295	949	949
306007	235	188391	949	949
240650	235	193126	949	949
210785	235	189070	949	949
209891	235	188099	949	949
217669	282	191646	949	949
342592	282	208125	949	949
309312	52	209610	949	949
224955	235	195372	949	949
280568	235	188649	949	949
197492	235	189298	949	949
203857	235	190505	949	949
227709	235	249762	949	949
220287	235	188348	949	949
301108	282	197256	949	949
220149	235	210415	949	949
241934	235	242718	949	949
196721	235	188133	949	949
275202	282	260659	949	949
301726	235	189062	949	949
257029	235	189647	949	949
209568	235	189465	949	949
216973	235	188499	949	949
207804	235	189569	949	949
280224	235	188743	949	949
259690	235	188592	949	949
237629	282	318680	949	949
197822	235	194368	949	949
196760	235	188920	949	949
191519	282	196764	949	949
194407	235	190659	949	949
225185	235	188812	949	949
201836	235	188072	949	949
191595	139	317102	949	949
203644	235	190353	949	949
272187	139	196686	949	949
206759	235	188314	949	949
247770	282	318439	949	949
258094	282	308970	949	949
199854	235	191711	949	949
190774	282	296196	949	949
202719	235	188657	949	949
199353	235	189036	949	949
269472	235	249762	949	949
195552	235	190746	949	949
199428	235	188499	949	949
199189	235	188323	949	949
197057	235	188250	949	949
201177	235	188275	949	949
191881	139	196636	949	949
195269	235	188109	949	949
206223	235	188048	949	949
232234	235	189275	949	949
198974	235	188010	949	949
296948	49	227470	949	949
205053	235	188252	949	949
211902	235	189057	949	949
373945	139	231744	949	949
196097	235	191048	949	949
285812	235	188941	949	949
200655	235	188173	949	949
226579	235	192180	949	949
200403	235	188499	949	949
268805	282	260659	949	949
196399	235	188560	949	949
359232	235	192882	949	949
246356	235	188113	949	949
361233	52	351948	949	949
242673	282	305853	949	949
193567	235	188148	949	949
306007	235	188465	949	949
196872	235	188076	949	949
200886	235	188044	949	949
302333	235	190113	949	949
282866	235	219805	949	949
191896	282	261332	949	949
190870	235	188200	949	949
297689	235	188640	949	949
281619	282	188295	949	949
223513	235	194368	949	949
200917	52	370362	949	949
201403	139	276141	949	949
203087	139	220014	949	949
291392	282	370647	949	949
269754	282	370647	949	949
211873	76	188083	949	949
277332	235	188768	949	949
250470	235	188523	949	949
372834	139	192096	949	949
207501	235	242035	949	949
339791	235	237258	949	949
196392	235	188499	949	949
219888	282	259131	949	949
195685	235	188073	949	949
202571	235	213240	949	949
365194	282	192224	949	949
194393	235	188075	949	949
203226	235	188348	949	949
195338	235	190827	949	949
234017	49	190099	949	949
321983	139	286260	949	949
235325	235	242718	949	949
197077	235	192911	949	949
201794	235	188121	949	949
200954	139	248647	949	949
352905	282	325751	949	949
203177	235	188097	949	949
190870	235	188276	949	949
230975	52	328752	949	949
278949	235	188152	949	949
219164	282	191364	949	949
207587	235	188058	949	949
330602	282	191267	949	949
195285	235	188334	949	949
197903	235	188815	949	949
271521	235	188514	949	949
238628	282	195170	949	949
224206	235	188439	949	949
312830	52	366035	949	949
230815	282	222260	949	949
192895	235	188152	949	949
252463	235	188426	949	949
252611	282	191098	949	949
214136	235	191730	949	949
224682	139	328033	949	949
247297	235	189098	949	949
248193	282	370647	949	949
200670	235	188925	949	949
286297	235	188348	949	949
250823	235	188645	949	949
326451	282	197448	949	949
194711	282	270293	949	949
267043	282	189330	949	949
230062	282	358007	949	949
205628	235	188226	949	949
296692	52	356277	949	949
196383	235	188057	949	949
226059	235	188829	949	949
223220	235	196713	949	949
216801	235	192085	949	949
219046	42	200502	949	949
207523	235	188147	949	949
198366	235	188020	949	949
361233	282	313793	949	949
289534	49	189668	949	949
284988	282	189365	949	949
252386	235	189370	949	949
198978	235	188207	949	949
264970	37	192764	949	949
271435	282	322422	949	949
328384	235	189028	949	949
366647	139	208637	949	949
215396	235	189047	949	949
281128	235	188203	949	949
208699	235	188106	949	949
209735	235	188352	949	949
295555	139	254931	949	949
283622	235	188579	949	949
210218	235	188410	949	949
278836	235	188355	949	949
204536	235	188938	949	949
206445	235	207569	949	949
330302	52	370116	949	949
201664	139	234131	949	949
198026	52	331254	949	949
204015	49	194622	949	949
250235	235	188118	949	949
195143	235	192601	949	949
220183	235	188118	949	949
198378	235	188663	949	949
271555	235	188296	949	949
211822	235	190114	949	949
211570	76	188083	949	949
200917	52	190247	949	949
239172	235	188171	949	949
265779	282	193302	949	949
232985	52	331254	949	949
254553	235	188127	949	949
293840	235	188154	949	949
338784	282	192411	949	949
296514	282	370647	949	949
355478	139	339443	949	949
206475	235	190372	949	949
197717	235	190866	949	949
233085	235	189078	949	949
250099	235	207060	949	949
309086	282	214186	949	949
258094	282	226761	949	949
310687	235	190950	949	949
193087	235	189621	949	949
197270	235	188276	949	949
198124	235	188237	949	949
332391	139	271817	949	949
290410	235	189070	949	949
277186	139	191834	949	949
199520	235	188486	949	949
259131	139	219888	949	949
201477	235	197113	949	949
219168	235	188464	949	949
206393	235	188881	949	949
193054	235	188960	949	949
205982	235	196649	949	949
229433	273	190618	949	949
215013	235	207395	949	949
262732	235	188332	949	949
197551	235	188473	949	949
204015	273	190618	949	949
198554	235	188079	949	949
319503	52	366035	949	949
307096	282	301764	949	949
234424	235	188075	949	949
196054	235	188499	949	949
196120	235	188058	949	949
194959	235	188872	949	949
232058	235	188148	949	949
197443	235	191883	949	949
208571	282	329461	949	949
194382	235	188076	949	949
199945	235	188026	949	949
214043	235	188768	949	949
194321	235	188276	949	949
280039	282	318439	949	949
370116	139	309892	949	949
205761	235	188519	949	949
200917	52	355676	949	949
203455	235	189826	949	949
224514	235	188037	949	949
209408	235	188042	949	949
237271	235	189362	949	949
214544	235	188499	949	949
191098	139	248985	949	949
204705	235	188190	949	949
196835	235	188072	949	949
199514	235	188679	949	949
268715	235	238885	949	949
217045	235	190944	949	949
235904	235	190314	949	949
203960	282	333239	949	949
290414	282	308161	949	949
207957	235	209395	949	949
203027	235	188132	949	949
197501	235	188533	949	949
223439	235	189766	949	949
196764	139	295884	949	949
229647	235	188171	949	949
198609	282	313793	949	949
321078	52	338690	949	949
266487	282	195170	949	949
211889	235	189293	949	949
204014	235	188055	949	949
198975	235	188730	949	949
216910	235	189659	949	949
291219	49	296332	949	949
203964	235	189110	949	949
198901	235	188628	949	949
229803	282	195330	949	949
298176	235	200965	949	949
203761	235	188488	949	949
219184	235	188086	949	949
210200	235	188725	949	949
272422	235	188096	949	949
229426	235	189006	949	949
193567	235	188064	949	949
243688	282	350435	949	949
200003	235	188391	949	949
215819	282	191042	949	949
333212	52	284614	949	949
220531	235	188167	949	949
212116	235	189685	949	949
251818	235	188415	949	949
194482	235	191048	949	949
279419	235	191200	949	949
205092	235	188657	949	949
197345	235	188034	949	949
297529	235	188248	949	949
196732	235	272395	949	949
195132	235	188072	949	949
335478	139	263522	949	949
212553	235	190850	949	949
205443	52	343681	949	949
307974	282	191470	949	949
198124	235	188324	949	949
205962	235	188259	949	949
242939	235	188399	949	949
227050	76	188083	949	949
203987	235	188961	949	949
222032	282	267546	949	949
207081	235	188055	949	949
210897	235	189150	949	949
199236	235	189047	949	949
259975	235	188805	949	949
199194	235	188069	949	949
207116	235	188067	949	949
191735	235	188326	949	949
209688	235	192093	949	949
193480	52	313793	949	949
211436	235	238885	949	949
311638	235	188592	949	949
189856	139	270761	949	949
259162	235	188667	949	949
202669	235	188010	949	949
268850	235	189824	949	949
313602	282	192224	949	949
332518	139	192076	949	949
259920	235	190509	949	949
223074	235	189039	949	949
199838	235	188143	949	949
235964	282	320542	949	949
196134	235	188040	949	949
193751	52	277186	949	949
322420	139	191262	949	949
192175	52	329616	949	949
237934	235	188691	949	949
204644	235	188389	949	949
267187	235	188344	949	949
270646	235	192736	949	949
195692	235	188499	949	949
198575	235	188534	949	949
197192	235	188034	949	949
216624	235	191419	949	949
201620	235	188960	949	949
194292	139	277706	949	949
206146	235	188904	949	949
217296	235	189047	949	949
268800	235	188956	949	949
315989	282	191364	949	949
294913	282	373234	949	949
347987	49	189743	949	949
309892	52	370116	949	949
216800	235	189047	949	949
200917	282	361572	949	949
216203	235	188040	949	949
369351	282	217552	949	949
196180	235	188041	949	949
299131	282	361667	949	949
209717	235	188686	949	949
191098	139	299529	949	949
278787	235	207397	949	949
199904	235	188203	949	949
217834	282	356463	949	949
238828	282	193882	949	949
331160	282	338690	949	949
189856	139	206915	949	949
308221	273	344930	949	949
325946	282	188431	949	949
284988	282	296196	949	949
258444	49	188325	949	949
196389	235	188043	949	949
327378	282	356573	949	949
264905	235	188991	949	949
211217	235	188302	949	949
346238	282	198404	949	949
293459	235	188410	949	949
354473	139	191262	949	949
218262	235	188894	949	949
292772	52	192086	949	949
202576	235	190696	949	949
267211	289	309896	949	949
219375	235	189121	949	949
267712	235	203559	949	949
286568	282	190779	949	949
250907	235	188444	949	949
236037	282	197707	949	949
358079	52	284347	949	949
194634	235	188104	949	949
290503	282	191515	949	949
305788	235	189358	949	949
197256	139	301108	949	949
190783	139	300655	949	949
200148	235	188437	949	949
205961	235	192784	949	949
239875	282	191488	949	949
199072	235	188655	949	949
280855	235	189482	949	949
289641	235	189284	949	949
309896	289	267211	949	949
347315	226	190495	949	949
212568	235	195494	949	949
349306	282	220238	949	949
209520	235	194925	949	949
215648	235	189250	949	949
195702	235	188352	949	949
288040	282	296968	949	949
258617	235	192855	949	949
195118	235	188139	949	949
197619	235	192387	949	949
331872	282	292123	949	949
244659	235	188471	949	949
287943	282	192030	949	949
199547	235	188226	949	949
373097	282	190374	949	949
256670	235	188066	949	949
300901	49	191352	949	949
236928	282	237294	949	949
286707	52	331038	949	949
313611	49	213566	949	949
198829	235	188612	949	949
257024	235	188951	949	949
195381	235	188036	949	949
355380	139	191652	949	949
219378	235	188106	949	949
198496	76	188083	949	949
196839	235	206226	949	949
222597	235	188440	949	949
199489	235	198112	949	949
200917	282	355676	949	949
286856	235	197036	949	949
221962	235	189047	949	949
283659	282	194297	949	949
236774	235	189073	949	949
373711	282	205892	949	949
238565	282	227017	949	949
227053	282	195170	949	949
265393	235	191086	949	949
266410	235	194419	949	949
198744	235	193085	949	949
203123	235	209395	949	949
232893	235	189943	949	949
198680	235	188636	949	949
222205	235	188211	949	949
197547	235	188203	949	949
202872	235	188118	949	949
273342	235	227436	949	949
199334	235	188044	949	949
266804	235	188461	949	949
241453	235	188534	949	949
194167	235	189918	949	949
309376	49	225857	949	949
268636	52	329616	949	949
241427	282	193882	949	949
199923	235	190719	949	949
274660	282	190128	949	949
204387	235	188073	949	949
214659	235	188092	949	949
215701	235	188055	949	949
367484	139	254460	949	949
210974	235	189263	949	949
204179	235	189008	949	949
317111	139	279895	949	949
205652	52	307706	949	949
210242	235	188417	949	949
373981	235	214305	949	949
295756	282	349167	949	949
211775	235	203513	949	949
216094	235	188219	949	949
203659	235	188111	949	949
204305	235	188078	949	949
280507	235	192914	949	949
201691	235	188226	949	949
193833	235	212507	949	949
246048	235	188119	949	949
289137	235	188820	949	949
264613	235	188203	949	949
232448	235	188097	949	949
226277	235	189584	949	949
285512	282	190770	949	949
313793	139	198609	949	949
205068	235	188437	949	949
205547	235	188294	949	949
226761	139	369947	949	949
198749	235	188298	949	949
363676	235	199729	949	949
206075	235	188085	949	949
279989	235	188185	949	949
192375	235	188624	949	949
279109	282	346946	949	949
218161	235	189400	949	949
307706	139	194007	949	949
289247	235	237190	949	949
208800	235	189562	949	949
347626	52	299467	949	949
280452	235	191419	949	949
276606	282	370647	949	949
314000	235	203517	949	949
193292	139	332873	949	949
222851	290	211661	949	949
203601	235	189669	949	949
261308	139	308331	949	949
201063	235	188098	949	949
234937	235	188054	949	949
193629	235	188027	949	949
216768	235	188031	949	949
299529	282	191098	949	949
204134	235	197990	949	949
227926	235	189826	949	949
275801	235	189153	949	949
219364	235	188665	949	949
197669	235	189562	949	949
200169	235	188862	949	949
296196	139	334454	949	949
308758	282	354580	949	949
192458	235	188175	949	949
288776	282	221755	949	949
220966	235	191372	949	949
204749	76	188083	949	949
270491	282	318439	949	949
194022	235	188389	949	949
203519	235	188246	949	949
271529	282	221755	949	949
200917	282	224797	949	949
193087	235	188061	949	949
256018	273	195756	949	949
199327	235	188996	949	949
256041	282	190284	949	949
241890	282	332518	949	949
196517	235	188203	949	949
210863	235	189001	949	949
255182	282	189693	949	949
257727	235	193018	949	949
197299	235	189861	949	949
237559	282	314430	949	949
326776	282	192224	949	949
297284	282	195077	949	949
196205	235	188029	949	949
211363	282	190355	949	949
205444	235	189009	949	949
191098	139	214663	949	949
219342	52	366035	949	949
264509	282	227272	949	949
193455	235	188173	949	949
228683	235	192018	949	949
205647	235	188725	949	949
196550	282	231319	949	949
261375	235	261942	949	949
232544	235	188337	949	949
264014	282	322922	949	949
260847	235	188561	949	949
372842	139	370330	949	949
287049	235	188610	949	949
206516	235	188499	949	949
193574	235	188094	949	949
241890	52	332518	949	949
208056	235	190190	949	949
203386	235	188259	949	949
331247	139	253607	949	949
196537	235	188139	949	949
204419	235	201950	949	949
373981	235	195149	949	949
196922	235	188418	949	949
212005	235	188804	949	949
198198	235	190850	949	949
240909	139	306306	949	949
203998	235	189562	949	949
198067	235	189021	949	949
215705	235	188417	949	949
231708	235	191567	949	949
235812	235	191372	949	949
240627	235	188337	949	949
195864	235	188173	949	949
208084	235	188649	949	949
281401	235	191312	949	949
209939	235	191222	949	949
226074	235	188503	949	949
268912	235	188225	949	949
217678	235	193467	949	949
223013	235	191581	949	949
199861	235	188101	949	949
350482	282	333801	949	949
214136	235	189658	949	949
256079	235	188636	949	949
211841	235	194011	949	949
233675	235	188688	949	949
195072	235	188031	949	949
218875	235	188560	949	949
298145	235	188402	949	949
189416	282	364396	949	949
214572	139	323595	949	949
260513	235	188162	949	949
295023	235	189890	949	949
218321	235	189265	949	949
322983	282	370647	949	949
346601	139	243961	949	949
338852	282	192128	949	949
267314	235	189093	949	949
334187	49	188861	949	949
220910	235	188417	949	949
209458	235	188223	949	949
199121	235	188382	949	949
248725	235	204392	949	949
262729	282	327741	949	949
219977	52	327196	949	949
192160	76	188083	949	949
202651	235	188951	949	949
213976	235	189496	949	949
201836	235	188059	949	949
243688	282	311993	949	949
193196	235	188011	949	949
258094	282	191572	949	949
290033	139	368090	949	949
198436	235	188462	949	949
237311	235	189070	949	949
198039	282	190225	949	949
354605	49	191717	949	949
199327	235	190734	949	949
224491	282	189432	949	949
196156	235	188048	949	949
306306	282	366035	949	949
229591	235	189338	949	949
198618	235	189108	949	949
205443	52	335478	949	949
288752	235	188950	949	949
215186	235	190719	949	949
200917	52	332808	949	949
246521	235	189182	949	949
229996	235	188345	949	949
305120	282	191488	949	949
326034	139	329358	949	949
251282	235	188137	949	949
253695	282	318439	949	949
245980	282	238184	949	949
234541	52	366613	949	949
309376	49	244130	949	949
298205	235	192298	949	949
364240	49	190294	949	949
317593	282	370647	949	949
198780	235	188034	949	949
202723	235	188378	949	949
349775	139	258172	949	949
270897	235	189538	949	949
231869	235	188252	949	949
199386	235	189621	949	949
199999	235	188610	949	949
333801	139	350482	949	949
352851	235	189247	949	949
199718	235	189546	949	949
246390	235	189912	949	949
265045	282	193363	949	949
372046	235	188153	949	949
198508	282	191044	949	949
195775	235	188001	949	949
196746	235	188059	949	949
204812	235	188153	949	949
244478	235	304737	949	949
196024	235	188126	949	949
293954	235	190372	949	949
196803	235	198407	949	949
200564	235	188305	949	949
202498	235	193747	949	949
297523	49	189025	949	949
195529	235	188685	949	949
232394	235	188045	949	949
204954	235	188285	949	949
362151	52	361667	949	949
193633	139	207473	949	949
193335	235	188037	949	949
275724	235	192246	949	949
257922	52	366151	949	949
202385	235	188163	949	949
287347	235	188519	949	949
280522	282	346702	949	949
362460	139	224674	949	949
193276	235	189538	949	949
256605	235	188228	949	949
361233	52	244757	949	949
205892	139	373711	949	949
251494	235	188093	949	949
204834	235	188248	949	949
199027	235	188015	949	949
220238	139	349306	949	949
249129	235	188370	949	949
194275	235	188375	949	949
243688	52	350435	949	949
206037	235	204432	949	949
192856	235	188087	949	949
233085	235	189621	949	949
231477	52	331374	949	949
215525	235	227436	949	949
200254	235	188011	949	949
197475	235	189325	949	949
353903	282	371977	949	949
199099	282	189856	949	949
215588	235	188352	949	949
189856	139	199099	949	949
220842	235	188045	949	949
361233	52	260879	949	949
262697	235	188592	949	949
219290	235	188519	949	949
262262	235	188596	949	949
198592	235	188030	949	949
233686	282	188295	949	949
196553	235	188240	949	949
207698	235	188106	949	949
197707	139	236037	949	949
195236	235	228556	949	949
203456	235	188207	949	949
197382	235	192085	949	949
371611	282	370647	949	949
193567	235	189958	949	949
216911	235	192661	949	949
243688	52	356206	949	949
272601	235	237098	949	949
220014	282	191076	949	949
207691	235	188393	949	949
202289	235	188332	949	949
196517	235	189971	949	949
321738	52	299467	949	949
237546	235	189275	949	949
196359	235	188043	949	949
192437	52	329616	949	949
205298	235	190092	949	949
192272	235	188067	949	949
242300	52	356206	949	949
198172	235	190533	949	949
193923	235	188043	949	949
363205	49	256740	949	949
196054	235	188001	949	949
193112	235	188324	949	949
192489	282	224797	949	949
310912	282	211512	949	949
253432	235	188783	949	949
217814	235	189423	949	949
296528	235	189939	949	950
252433	235	189920	949	950
195489	235	188069	949	950
199860	235	189100	949	950
234376	235	189628	949	950
206856	235	188823	949	950
237711	235	253460	949	950
200296	235	188881	949	950
197659	235	188375	949	950
199874	235	191394	949	950
194006	235	190720	949	950
203189	235	188217	949	950
215810	235	188615	949	950
226635	235	193467	949	950
197254	235	189649	949	950
215852	235	189534	949	950
210919	235	188241	949	950
206112	235	189581	949	950
200886	235	188051	949	950
227973	235	190363	949	950
258138	235	188659	949	950
204688	235	188054	949	950
280048	235	191008	949	950
217928	235	191122	949	950
208875	235	188130	949	950
254456	235	191758	949	950
197145	235	188795	949	950
199923	235	188602	949	950
194300	235	188875	949	950
236813	235	188108	949	950
214265	235	188509	949	950
199300	235	188426	949	950
209797	235	188326	949	950
200414	235	189028	949	950
225948	235	188178	949	950
203433	235	188912	949	950
204346	235	188226	949	950
263830	235	191105	949	950
242800	235	188161	949	950
268554	235	189188	949	950
204010	235	188085	949	950
200811	235	188273	949	950
199819	235	188781	949	950
216741	235	188171	949	950
214021	235	189720	949	950
230693	235	189241	949	950
200702	235	188924	949	950
257238	235	188601	949	950
258032	235	188630	949	950
192458	235	188162	949	950
192299	235	190177	949	950
217026	235	188443	949	950
194449	235	189071	949	950
222328	235	188706	949	950
215284	235	191159	949	950
194879	235	188685	949	950
212672	235	205768	949	950
206034	235	188252	949	950
195285	235	208476	949	950
202622	235	188326	949	950
194243	235	188070	949	950
222159	235	188465	949	950
193715	235	189006	949	950
284685	235	189069	949	950
193455	235	188109	949	950
194846	235	188015	949	950
245987	235	194505	949	950
215098	235	188921	949	950
204935	235	190122	949	950
207711	235	188406	949	950
222942	235	188574	949	950
188608	239	226908	949	950
247749	235	188701	949	950
199996	235	188479	949	950
261522	235	189008	949	950
210235	235	188516	949	950
205017	235	188491	949	950
236093	235	189129	949	950
207112	235	189463	949	950
230284	235	188417	949	950
241905	235	188183	949	950
217357	235	188532	949	950
199642	235	188416	949	950
215186	235	189541	949	950
200161	235	189298	949	950
196887	235	188893	949	950
195583	235	188175	949	950
344092	235	189001	949	950
214242	235	188859	949	950
218154	235	188911	949	950
197051	235	188108	949	950
210727	235	189021	949	950
209222	235	189041	949	950
239748	235	188025	949	950
198050	235	189685	949	950
212903	235	188912	949	950
197477	235	189063	949	950
198115	235	205130	949	950
328332	235	189379	949	950
208982	235	188032	949	950
230620	235	193653	949	950
193087	235	189021	949	950
216442	235	188677	949	950
263846	235	188445	949	950
281666	235	189451	949	950
200686	235	188006	949	950
271827	235	188608	949	950
194150	235	188626	949	950
229987	235	188877	949	950
254261	235	188705	949	950
257598	235	190139	949	950
220983	235	188190	949	950
239772	235	188168	949	950
215257	235	189323	949	950
198939	235	188163	949	950
192285	235	188793	949	950
269763	235	201944	949	950
194331	235	190936	949	950
212616	235	188015	949	950
206475	235	190372	949	950
194161	235	188454	949	950
201145	235	188279	949	950
203404	235	188142	949	950
256159	235	188779	949	950
196019	235	190145	949	950
194642	235	188564	949	950
202625	235	188082	949	950
211032	235	188242	949	950
228187	235	188118	949	950
230234	235	188551	949	950
192641	235	189296	949	950
197475	235	189325	949	950
246502	235	218704	949	950
207726	235	188086	949	950
206627	235	188040	949	950
218733	235	188483	949	950
239048	42	188910	949	950
203256	235	188186	949	950
297224	235	189325	949	950
202644	235	193100	949	950
295442	235	189796	949	950
200896	235	188116	949	950
259162	235	188760	949	950
193478	235	188011	949	950
199166	235	188222	949	950
359232	235	204691	949	950
198258	235	189137	949	950
195238	235	190164	949	950
196709	235	188833	949	950
265461	235	188628	949	950
200871	235	188411	949	950
201819	235	188068	949	950
199906	235	188030	949	950
260671	235	189083	949	950
190990	235	188076	949	950
195830	235	188486	949	950
221347	235	188057	949	950
224234	235	188622	949	950
199671	235	188668	949	950
234950	235	189818	949	950
194110	235	191122	949	950
208186	235	188426	949	950
238834	235	194538	949	950
197665	235	188119	949	950
292716	235	188794	949	950
204644	235	188389	949	950
239801	235	188856	949	950
232837	235	189846	949	950
205754	235	188207	949	950
213827	235	188872	949	950
205714	235	188141	949	950
199536	235	188082	949	950
247029	235	189082	949	950
198257	235	189538	949	950
216320	235	189857	949	950
228553	235	188019	949	950
200942	235	188206	949	950
224482	235	190287	949	950
197054	235	188620	949	950
251850	235	188260	949	950
221910	235	188207	949	950
209488	235	188280	949	950
239198	235	188577	949	950
191659	235	188078	949	950
315945	235	192847	949	950
198160	235	188645	949	950
234660	235	189277	949	950
198749	235	189087	949	950
267919	235	188242	949	950
201621	235	188097	949	950
214334	235	188655	949	950
225387	235	188480	949	950
251847	235	190049	949	950
199717	235	188442	949	950
223449	235	189866	949	950
201046	235	189800	949	950
211150	235	191222	949	950
195341	235	188242	949	950
234615	235	188185	949	950
222256	235	188422	949	950
202280	235	190756	949	950
200063	235	190297	949	950
285342	235	191849	949	950
283197	235	189109	949	950
219612	235	190400	949	950
202895	235	188192	949	950
205374	235	192716	949	950
197659	235	188003	949	950
210303	235	188547	949	950
219708	235	188456	949	950
197057	235	189010	949	950
206591	235	189658	949	950
228723	235	209230	949	950
209167	235	188192	949	950
290087	235	188109	949	950
351371	123	350824	949	950
367124	235	188136	949	950
280650	235	188665	949	950
201606	235	188134	949	950
201071	235	188118	949	950
341683	235	189043	949	950
248500	235	189818	949	950
251992	235	189956	949	950
195496	235	191537	949	950
271805	235	328234	949	950
207169	235	188294	949	950
194652	235	188054	949	950
222217	235	188599	949	950
288183	235	190799	949	950
207244	235	188537	949	950
209814	235	189095	949	950
198400	235	188348	949	950
206420	235	188120	949	950
215913	235	188278	949	950
218882	235	194211	949	950
200451	235	188185	949	950
220308	235	191806	949	950
203475	235	189284	949	950
199015	235	188040	949	950
289671	235	188241	949	950
211135	235	188032	949	950
247427	235	189399	949	950
246920	235	189372	949	950
203353	235	191138	949	950
206051	235	188433	949	950
202369	235	188732	949	950
205342	235	190372	949	950
216299	235	189598	949	950
199232	235	188342	949	950
234196	235	188345	949	950
197345	235	188033	949	950
217155	235	191123	949	950
280203	235	190562	949	950
200383	235	196525	949	950
222491	235	191122	949	950
203027	235	188596	949	950
197981	235	188356	949	950
221327	235	188691	949	950
250767	235	190827	949	950
200455	235	190700	949	950
337888	235	188568	949	950
234519	235	188067	949	950
193136	235	191340	949	950
239052	235	189732	949	950
204531	235	188338	949	950
204705	235	188426	949	950
205620	235	189102	949	950
206529	235	189295	949	950
219867	235	188858	949	950
204453	235	188348	949	950
195773	235	188252	949	950
244711	235	193453	949	950
263070	235	188132	949	950
249172	235	188941	949	950
215611	235	204053	949	950
196411	235	191866	949	950
307363	235	189125	949	950
193162	235	188056	949	950
193506	235	189306	949	950
196615	235	188785	949	950
215734	235	188404	949	950
276543	235	189162	949	950
204949	235	188267	949	950
191930	235	188018	949	950
197385	235	188111	949	950
198378	235	188663	949	950
192023	235	188089	949	950
235107	235	188491	949	950
275806	235	202184	949	950
278340	235	194881	949	950
200637	235	188067	949	950
215747	235	189462	949	950
244747	235	189882	949	950
204045	235	188596	949	950
229987	235	189638	949	950
238006	235	188706	949	950
228419	235	188985	949	950
269060	235	189073	949	950
203514	235	188129	949	950
216631	235	188005	949	950
197033	235	190968	949	950
256734	235	189248	949	950
232813	235	189427	949	950
207008	235	188877	949	950
209015	235	189031	949	950
197638	235	189284	949	950
254470	235	191296	949	950
275724	235	189662	949	950
206354	235	188275	949	950
240349	235	188076	949	950
212016	235	188038	949	950
275723	235	189524	949	950
198218	235	188070	949	950
197525	235	188015	949	950
221593	235	192221	949	950
196215	235	188020	949	950
257426	235	188128	949	950
197806	235	188569	949	950
272904	235	194925	949	950
194959	235	190799	949	950
204238	235	188101	949	950
207391	235	201150	949	950
196373	235	188089	949	950
195016	235	191422	949	950
194182	235	188510	949	950
205000	235	189718	949	950
238332	235	188120	949	950
307462	235	190408	949	950
257593	235	188344	949	950
205759	235	188399	949	950
259645	235	188220	949	950
228421	235	189291	949	950
187998	267	195915	949	950
214109	235	188577	949	950
199121	235	189315	949	950
195731	235	188207	949	950
222491	235	188824	949	950
277724	235	188086	949	950
320474	235	188396	949	950
198868	235	188541	949	950
208110	235	190422	949	950
202445	235	211551	949	950
233545	235	188893	949	950
229632	235	191905	949	950
204613	235	188659	949	950
243305	235	189118	949	950
200929	235	188437	949	950
206996	235	189427	949	950
203819	235	188209	949	950
208556	235	190306	949	950
210199	235	188188	949	950
241943	235	190979	949	950
201543	235	189514	949	950
195787	235	188275	949	950
201820	289	213767	949	950
243067	235	188976	949	950
261963	235	189666	949	950
219519	235	188898	949	950
270903	235	189106	949	950
210646	235	188340	949	950
238018	235	188835	949	950
223813	235	188602	949	950
198465	235	188364	949	950
242217	235	188108	949	950
201181	235	194307	949	950
235330	235	188198	949	950
198805	235	188109	949	950
203507	235	188576	949	950
251453	235	193075	949	950
199292	235	190302	949	950
299101	235	255921	949	950
206842	235	189262	949	950
204954	235	188538	949	950
197123	235	188179	949	950
199067	235	188192	949	950
202321	235	188066	949	950
206875	235	191758	949	950
204657	235	188126	949	950
257336	235	189217	949	950
277862	235	188485	949	950
198239	235	188795	949	950
204709	235	197349	949	950
202979	235	264222	949	950
269549	235	191422	949	950
253342	235	189248	949	950
192347	235	188478	949	950
196478	235	188096	949	950
204054	235	188781	949	950
200384	235	190159	949	950
194008	235	189822	949	950
270577	235	195017	949	950
212536	235	188955	949	950
207220	235	188340	949	950
202069	235	189099	949	950
246092	235	188665	949	950
203215	235	212507	949	950
216768	235	188226	949	950
250213	235	189106	949	950
203763	235	190550	949	950
198958	235	188391	949	950
262807	235	189098	949	950
216248	235	188087	949	950
201903	235	188633	949	950
210939	235	190113	949	950
219773	235	188057	949	950
351507	235	189098	949	950
197495	235	188351	949	950
221520	235	188556	949	950
241577	235	194420	949	950
199327	235	189131	949	950
203091	235	196009	949	950
206492	235	188198	949	950
201688	235	190377	949	950
228843	235	215779	949	950
197170	235	188418	949	950
254826	235	189883	949	950
230028	235	188070	949	950
195348	235	188056	949	950
208056	235	188162	949	950
194875	235	188389	949	950
216575	235	189558	949	950
207888	235	188048	949	950
280257	235	219306	949	950
234021	235	190594	949	950
207904	235	192512	949	950
205093	235	188192	949	950
224021	235	188909	949	950
213354	235	190318	949	950
190870	235	188006	949	950
220062	235	188249	949	950
210699	235	189280	949	950
320474	235	188086	949	950
203222	235	188406	949	950
206814	235	189060	949	950
260027	235	196999	949	950
208780	235	189387	949	950
247525	235	188881	949	950
203036	235	188347	949	950
228419	235	188558	949	950
220979	235	188017	949	950
205361	235	188249	949	950
226201	235	190053	949	950
207623	235	188180	949	950
214448	235	188188	949	950
255598	235	188186	949	950
197141	235	188686	949	950
192559	235	188126	949	950
254342	235	189308	949	950
198606	235	195712	949	950
226628	235	188312	949	950
196778	235	188225	949	950
205338	235	192187	949	950
214567	235	188620	949	950
240525	235	188979	949	950
282734	235	189658	949	950
333626	235	188038	949	950
225219	235	190254	949	950
204258	235	203473	949	950
209566	235	188345	949	950
203944	235	188590	949	950
271956	235	213240	949	950
231298	235	190150	949	950
269873	235	189326	949	950
198971	235	193419	949	950
251107	235	190888	949	950
228179	235	191198	949	950
195048	235	188044	949	950
224539	235	189016	949	950
193636	235	188026	949	950
197433	235	189569	949	950
203388	235	188037	949	950
193071	235	192079	949	950
209435	235	190074	949	950
199182	235	188626	949	950
211731	235	188111	949	950
196845	235	191161	949	950
195297	235	190403	949	950
250265	235	188146	949	950
371808	235	302754	949	950
245430	235	189321	949	950
201507	235	188123	949	950
230032	235	188659	949	950
196768	235	233570	949	950
203491	235	188226	949	950
204665	235	189121	949	950
217863	235	189453	949	950
259611	235	206950	949	950
214103	235	195844	949	950
197691	235	188493	949	950
197582	235	189740	949	950
228469	235	190755	949	950
218321	235	188385	949	950
249599	235	188656	949	950
246163	235	188168	949	950
202139	235	189246	949	950
199728	235	188426	949	950
198164	235	188829	949	950
217319	235	188054	949	950
211581	235	199763	949	950
200200	235	188621	949	950
228769	235	191105	949	950
235609	235	189194	949	950
196129	235	211569	949	950
197628	235	189194	949	950
255118	235	202547	949	950
244361	235	189905	949	950
222678	235	190588	949	950
207747	235	188350	949	950
200477	235	188031	949	950
205462	235	188464	949	950
257907	235	191109	949	950
195437	235	188614	949	950
198390	235	188829	949	950
206034	235	188546	949	950
199353	235	190991	949	950
209098	235	188429	949	950
199649	235	188486	949	950
194979	235	188821	949	950
199757	235	196009	949	950
210566	235	188350	949	950
276735	289	301073	949	950
299720	235	188517	949	950
271709	235	200091	949	950
208755	235	188386	949	950
198935	235	189249	949	950
197698	235	188443	949	950
212666	235	197735	949	950
281050	235	191326	949	950
193474	235	188099	949	950
203639	235	189124	949	950
193521	235	189956	949	950
208142	235	188490	949	950
202135	235	188284	949	950
231313	235	188074	949	950
231578	235	188153	949	950
203648	235	188284	949	950
289798	235	188442	949	950
263163	235	188919	949	950
228602	235	197947	949	950
215969	235	188086	949	950
260434	235	188596	949	950
195674	235	205686	949	950
211109	235	188973	949	950
198659	235	189095	949	950
267314	235	188228	949	950
225829	235	188317	949	950
290923	235	191629	949	950
229545	235	189104	949	950
222817	235	188682	949	950
277623	235	188592	949	950
198461	235	188010	949	950
203947	235	192170	949	950
262084	235	189620	949	950
221085	235	191349	949	950
244253	235	190715	949	950
205962	235	194547	949	950
213190	235	188718	949	950
238413	235	188153	949	950
220089	235	188018	949	950
213030	235	190864	949	950
211001	235	188001	949	950
209571	235	188418	949	950
213071	235	189882	949	950
243040	235	191509	949	950
204260	235	188567	949	950
205917	235	189037	949	950
226639	235	188168	949	950
252279	235	189449	949	950
213976	235	189657	949	950
200510	235	188719	949	950
246409	235	188280	949	950
264340	235	189463	949	950
195203	235	188217	949	950
338277	235	189165	949	950
195553	235	188119	949	950
216132	235	188608	949	950
196491	235	188294	949	950
267766	235	251998	949	950
303504	235	189695	949	950
215968	235	188280	949	950
221715	235	188265	949	950
196232	235	188242	949	950
197614	235	189121	949	950
251334	235	189691	949	950
194845	235	188190	949	950
259473	235	193467	949	950
294934	235	189062	949	950
222597	235	188595	949	950
193529	235	188054	949	950
194606	235	189129	949	950
217448	235	213250	949	950
217376	235	189060	949	950
205117	235	188465	949	950
196591	235	188880	949	950
203999	235	191610	949	950
279479	235	191046	949	950
196012	235	188963	949	950
197152	235	204392	949	950
224811	235	190009	949	950
310450	235	188868	949	950
264613	235	188812	949	950
234910	235	190014	949	950
337825	235	188821	949	950
197915	235	188105	949	950
193683	235	188200	949	950
226633	235	188148	949	950
233675	235	188242	949	950
196535	235	189732	949	950
291318	235	191122	949	950
232526	235	203517	949	950
205777	235	210713	949	950
194050	235	193808	949	950
271492	235	188031	949	950
200104	235	188278	949	950
212070	235	188316	949	950
232524	235	191711	949	950
220826	235	188051	949	950
268125	235	188070	949	950
316900	289	225879	949	950
196166	235	188089	949	950
248918	235	188798	949	950
194482	235	190422	949	950
268257	235	289630	949	950
194702	235	188192	949	950
200942	235	188182	949	950
202508	235	188391	949	950
245496	235	193249	949	950
194047	235	190427	949	950
224236	235	189116	949	950
262702	235	190649	949	950
200071	235	188239	949	950
196134	235	188029	949	950
220001	235	192340	949	950
196696	235	188574	949	950
220766	235	188918	949	950
276541	235	188951	949	950
193890	235	188886	949	950
200383	235	193808	949	950
211077	235	189427	949	950
223608	235	190019	949	950
228442	235	192171	949	950
244209	235	194446	949	950
226527	235	188886	949	950
196872	235	188043	949	950
211802	235	188079	949	950
242175	235	198112	949	950
229647	235	188249	949	950
215254	235	189118	949	950
264058	235	193747	949	950
191776	235	188173	949	950
258077	235	192636	949	950
208169	235	188317	949	950
227086	235	188099	949	950
255115	235	188592	949	950
234963	235	189388	949	950
213110	235	188063	949	950
242857	235	188744	949	950
211011	235	188540	949	950
212503	235	188302	949	950
199681	235	188445	949	950
238136	235	191340	949	950
199872	235	188116	949	950
288446	235	189311	949	950
203376	42	200920	949	950
196088	235	188387	949	950
205156	235	191758	949	950
194996	235	188243	949	950
200183	235	188323	949	950
202418	235	192768	949	950
235270	235	188964	949	950
226327	235	188291	949	950
201098	235	188422	949	950
223942	235	190159	949	950
192622	235	193943	949	950
290624	289	315912	949	950
214895	235	190427	949	950
233983	235	188947	949	950
246240	235	190013	949	950
232486	235	188248	949	950
323833	235	188057	949	950
231869	235	188165	949	950
205429	235	190164	949	950
195734	235	189001	949	950
195198	235	189230	949	950
252124	235	189250	949	950
243692	235	190676	949	950
198831	235	188011	949	950
254615	235	192890	949	950
192935	235	188276	949	950
245272	235	191038	949	950
192118	235	188498	949	950
305000	235	189154	949	950
193610	235	188226	949	950
205376	235	225266	949	950
214334	235	188152	949	950
210498	235	191034	949	950
214983	235	188157	949	950
217117	235	188636	949	950
301073	289	276735	949	950
276738	235	188577	949	950
199463	235	188110	949	950
219360	235	188562	949	950
208825	235	188386	949	950
193761	235	188461	949	950
213214	235	188320	949	950
310469	235	188340	949	950
199540	235	188614	949	950
249586	235	188502	949	950
220205	235	188973	949	950
291655	235	191673	949	950
278774	235	189569	949	950
260977	235	188260	949	950
200210	235	189552	949	950
241982	235	188358	949	950
225956	235	188152	949	950
268850	235	189217	949	950
215681	235	188209	949	950
203821	235	188387	949	950
196273	235	188512	949	950
242179	235	188707	949	950
284701	235	189818	949	950
197602	235	192168	949	950
217712	235	188086	949	950
206767	235	194368	949	950
225879	289	316900	949	950
200768	235	188626	949	950
194911	235	188173	949	950
252988	235	190159	949	950
219810	235	188620	949	950
261375	235	189423	949	950
254207	235	188880	949	950
217641	235	189200	949	950
198680	235	188486	949	950
213057	235	188514	949	950
202616	235	188029	949	950
201762	235	188240	949	950
195829	235	188168	949	950
234357	235	191610	949	950
214145	235	192399	949	950
315912	289	290624	949	950
215422	235	188558	949	950
199503	235	188468	949	950
206196	235	190073	949	950
197233	235	193606	949	950
310455	235	194591	949	950
289935	235	188302	949	950
198172	235	189645	949	950
347595	235	188714	949	950
262578	235	189645	949	950
207039	235	188239	949	950
203030	235	188302	949	950
194802	235	188630	949	950
204227	235	189645	949	950
194662	235	188007	949	950
224593	235	188994	949	950
203940	235	189427	949	950
192721	235	188089	949	950
280968	235	189910	949	950
261744	235	189465	949	950
302301	235	188608	949	950
194413	235	189386	949	950
194352	235	188178	949	950
207553	235	190799	949	950
310560	235	189307	949	950
200805	235	190022	949	950
280815	235	189333	949	950
204719	235	230761	949	950
214185	235	190586	949	950
246146	235	192661	949	950
207654	235	191125	949	950
198356	235	188119	949	950
222705	235	189107	949	950
226099	235	189558	949	950
247960	235	188601	949	950
194269	235	188104	949	950
312994	235	280378	949	950
219876	235	188589	949	950
210400	235	188208	949	950
215993	235	188612	949	950
195850	235	189516	949	950
272124	235	189326	949	950
198403	235	188594	949	950
200680	235	188130	949	950
217063	235	190734	949	950
207717	235	188167	949	950
230595	235	189118	949	950
282477	235	189745	949	950
204471	235	190434	949	950
232473	235	189463	949	950
219034	235	188398	949	950
200194	235	192952	949	950
226922	235	195277	949	950
207748	235	188260	949	950
264318	235	190818	949	950
192337	235	188092	949	950
209482	235	188398	949	950
202111	235	188208	949	950
198228	235	189407	949	950
320511	235	193453	949	950
201173	235	190550	949	950
197107	235	196426	949	950
266660	235	188005	949	950
201334	235	188221	949	950
195072	235	188031	949	950
223617	235	190638	949	950
201004	235	188166	949	950
199425	235	188168	949	950
257955	235	188323	949	950
231361	235	189372	949	950
218483	235	196009	949	950
209106	235	188729	949	950
199191	235	220771	949	950
267335	235	271633	949	950
225189	235	189367	949	950
207928	235	188318	949	950
203495	235	189072	949	950
263482	235	204432	949	950
236491	235	195277	949	950
226568	235	189315	949	950
196984	235	188576	949	950
207630	235	188268	949	950
208970	235	266877	949	950
193515	235	188569	949	950
245228	235	189639	949	950
208222	235	188913	949	950
201505	235	189522	949	950
210964	235	188132	949	950
193477	235	188014	949	950
282534	235	188058	949	950
274562	235	188417	949	950
197278	235	188035	949	950
301620	235	189248	949	950
195199	235	191048	949	950
200554	235	189338	949	950
225070	235	195193	949	950
250910	235	190221	949	950
201296	235	188924	949	950
218675	235	189534	949	950
206746	235	188596	949	950
198390	235	188316	949	950
254553	235	191400	949	950
194213	235	192636	949	950
199822	235	189372	949	950
206716	235	190850	949	950
275195	235	189165	949	950
211922	235	194138	949	950
292630	235	189419	949	950
200945	235	205639	949	950
252109	235	189812	949	950
199464	235	191296	949	950
222908	235	188577	949	950
210814	235	188073	949	950
231453	235	188291	949	950
195366	235	189146	949	950
201550	235	198174	949	950
198181	235	189100	949	950
212868	235	188250	949	950
202429	235	192506	949	950
209785	235	188886	949	950
209165	235	192172	949	950
203878	235	189169	949	950
195981	235	188152	949	950
213821	235	189756	949	950
191639	235	191252	949	950
199612	235	189603	949	950
197283	235	188129	949	950
261955	235	188185	949	950
206689	235	188242	949	950
196749	235	188501	949	950
219734	235	188913	949	950
197712	235	189121	949	950
196508	235	188063	949	950
214981	235	188597	949	950
195469	235	188068	949	950
288994	235	189110	949	950
209075	235	188242	949	950
192842	235	188454	949	950
210476	235	203849	949	950
198564	235	188243	949	950
210883	235	188399	949	950
195667	235	188056	949	950
265996	235	188833	949	950
227445	235	193709	949	950
245104	235	188886	949	950
220825	235	188300	949	950
249641	235	188395	949	950
210737	235	188190	949	950
302333	235	190014	949	950
229675	235	191433	949	950
198902	235	188178	949	950
188122	239	210582	949	950
247024	235	188661	949	950
244816	235	230140	949	950
258805	235	188491	949	950
193846	235	189088	949	950
205602	235	189005	949	950
256318	235	188247	949	950
205496	235	188241	949	950
203601	235	188186	949	950
247700	235	189404	949	950
207899	235	192859	949	950
210450	235	198820	949	950
243188	235	189906	949	950
210368	235	188685	949	950
258267	235	197036	949	950
195172	235	190818	949	950
219058	235	188057	949	950
200092	235	188395	949	950
195235	235	188772	949	950
234160	235	188331	949	950
226470	235	188201	949	950
195248	235	188502	949	950
207468	235	191477	949	950
194702	235	188086	949	950
193335	235	188037	949	950
194286	235	189082	949	950
282382	235	194054	949	950
213841	235	189018	949	950
207590	235	189128	949	950
199672	235	188246	949	950
199698	235	188005	949	950
210705	235	188090	949	950
241504	235	189358	949	950
193568	235	189146	949	950
211849	235	188253	949	950
259630	235	198100	949	950
211784	235	191048	949	950
197470	235	188026	949	950
249391	235	190854	949	950
214649	235	190456	949	950
227056	235	188612	949	950
206939	235	190523	949	950
195236	235	228556	949	950
199649	235	190794	949	950
282471	235	188242	949	950
204839	235	188055	949	950
212612	235	189531	949	950
193817	235	188155	949	950
198558	235	188404	949	950
199422	235	188092	949	950
201409	235	188315	949	950
202698	235	190586	949	950
241361	235	188665	949	950
211066	235	188442	949	950
202703	235	194346	949	950
211381	235	188317	949	950
218368	235	188185	949	950
206034	235	188326	949	950
199686	235	189205	949	950
335558	235	189248	949	950
196080	235	188220	949	950
215603	235	189270	949	950
196904	235	188516	949	950
232234	235	188732	949	950
198727	235	188903	949	950
273867	235	189114	949	950
196246	235	189088	949	950
252690	235	189140	949	950
204921	235	188970	949	950
210437	235	188183	949	950
204030	235	190680	949	950
316135	235	245054	949	950
207774	235	188345	949	950
193028	235	188021	949	950
232104	235	190850	949	950
199171	235	188133	949	950
220476	235	188242	949	950
225133	235	189151	949	950
265943	235	189338	949	950
358385	235	190623	949	950
194716	235	188087	949	950
226816	235	188070	949	950
209596	235	188667	949	950
196632	235	188735	949	950
223564	235	189128	949	950
246866	235	188757	949	950
205344	235	188780	949	950
280579	235	190113	949	950
239826	235	212379	949	950
206929	235	189658	949	950
227595	235	257631	949	950
198746	235	189011	949	950
227993	235	188351	949	950
224469	235	190829	949	950
257816	235	194368	949	950
193239	235	188097	949	950
194071	235	188393	949	950
203337	235	188488	949	950
250637	235	189684	949	950
284102	235	188906	949	950
195088	235	188767	949	950
237307	235	189517	949	950
206490	235	189121	949	950
199861	235	188426	949	950
193200	235	288074	949	950
259521	235	192124	949	950
230265	235	191655	949	950
227546	235	188454	949	950
215862	235	188227	949	950
198140	235	188032	949	950
202130	235	188023	949	950
219264	235	188785	949	950
248389	235	188510	949	950
266721	235	188069	949	950
313873	235	267180	949	950
199328	235	189022	949	950
237177	235	230014	949	950
241531	235	188005	949	950
227398	235	189131	949	950
271222	235	190009	949	950
198780	235	188020	949	950
197756	235	188032	949	950
214841	235	188106	949	950
199273	235	189555	949	950
219372	235	191857	949	950
268936	235	188269	949	950
210515	235	195011	949	950
211702	235	189739	949	950
205273	235	188420	949	950
213611	235	189248	949	950
246340	235	190159	949	950
200529	235	188547	949	950
226863	235	188429	949	950
192622	235	188694	949	950
269422	235	193235	949	950
214267	235	189441	949	950
204313	235	189555	949	950
227734	235	189064	949	950
200274	235	188340	949	950
208470	235	188893	949	950
256225	235	191394	949	950
198712	235	188706	949	950
222291	235	188307	949	950
304932	235	189202	949	950
193314	235	188383	949	950
243168	235	189173	949	950
222491	235	214957	949	950
255247	235	189370	949	950
195746	235	188025	949	950
213335	235	190734	949	950
245338	235	188881	949	950
281779	235	188768	949	950
220147	235	193808	949	950
206562	235	189254	949	950
209469	235	189824	949	950
212630	235	188064	949	950
207673	235	188332	949	950
203213	235	188086	949	950
252433	235	188471	949	950
231907	235	188877	949	950
196100	235	188042	949	950
205232	235	188044	949	950
209722	235	188445	949	950
204305	235	188044	949	950
219404	235	188016	949	950
257734	235	220076	949	950
274454	235	189449	949	950
222419	235	188911	949	950
213349	235	190376	949	950
220147	235	196525	949	950
204274	235	189135	949	950
266386	235	188410	949	950
195352	235	189071	949	950
274291	235	206248	949	950
199795	235	188157	949	950
210468	235	227984	949	950
198680	235	189197	949	950
204380	235	188402	949	950
200773	235	189718	949	950
193375	235	192221	949	950
201134	235	188009	949	950
203697	235	188197	949	950
201742	235	190649	949	950
192048	235	188011	949	950
246689	235	191154	949	950
194351	235	188491	949	950
198739	235	189000	949	950
211998	235	188394	949	950
193095	235	188018	949	950
256079	235	189125	949	950
216577	235	189018	949	950
200732	235	189081	949	950
213071	235	188622	949	950
204998	235	188332	949	950
193060	235	191087	949	950
276539	235	188442	949	950
236930	235	189083	949	950
286682	235	189541	949	950
200480	235	188189	949	950
196177	235	189543	949	950
240531	235	189558	949	950
193275	235	189376	949	950
237816	235	195546	949	950
209961	235	189522	949	950
213555	235	190638	949	950
212731	235	188491	949	950
199263	235	188222	949	950
245447	235	189036	949	950
198654	235	188203	949	950
269958	235	237258	949	950
266418	235	192506	949	950
194782	235	188166	949	950
236605	235	188120	949	950
228822	235	194505	949	950
212954	235	188461	949	950
207657	235	189921	949	950
196372	235	188533	949	950
194706	235	214957	949	950
219473	235	188434	949	950
236339	235	220320	949	950
251717	235	188700	949	950
212552	235	188019	949	950
195420	235	202608	949	950
199919	235	189080	949	950
237011	235	203385	949	950
259756	235	192985	949	950
237240	235	188358	949	950
196147	235	190764	949	950
202137	235	189018	949	950
210561	235	188214	949	950
294026	235	292553	949	950
217601	235	188404	949	950
195218	235	188606	949	950
264768	235	191213	949	950
195525	235	188426	949	950
258117	235	188225	949	950
195087	235	188109	949	950
224059	235	196009	949	950
260990	235	189593	949	950
197670	235	188054	949	950
329108	235	188647	949	950
316808	235	188556	949	950
200012	235	193784	949	950
208956	235	188121	949	950
208145	235	188128	949	950
205733	235	188439	949	950
204865	235	188701	949	950
251119	235	201562	949	950
257198	235	188736	949	950
205995	235	190799	949	950
207920	235	188185	949	950
199325	235	188006	949	950
209709	235	188556	949	950
222486	235	188653	949	950
202464	235	188429	949	950
203885	235	188206	949	950
193705	235	188259	949	950
298327	235	194971	949	950
195779	235	188045	949	950
278165	235	188943	949	950
213325	235	188547	949	950
216911	235	188434	949	950
253923	235	189082	949	950
193284	235	188029	949	950
259207	235	188180	949	950
297664	235	189326	949	950
258442	235	189132	949	950
199321	235	188027	949	950
236535	235	188868	949	950
217311	235	189194	949	950
261945	235	188904	949	950
196153	235	188978	949	950
209947	235	188041	949	950
296282	235	190019	949	950
196120	235	188128	949	950
224325	235	190246	949	950
198911	235	204924	949	950
217899	235	188700	949	950
270466	235	189558	949	950
194321	235	188148	949	950
293529	235	189057	949	950
195864	235	188173	949	950
197145	235	192168	949	950
208080	235	188496	949	950
200496	235	188069	949	950
209706	235	254061	949	950
258348	235	190914	949	950
188910	239	239048	949	950
205277	235	188038	949	950
199191	235	189062	949	950
215270	235	188544	949	950
241637	235	190376	949	950
197282	235	188685	949	950
205389	235	188242	949	950
197614	235	188470	949	950
295991	235	188596	949	950
213842	235	189392	949	950
207804	235	189295	949	950
209259	235	188510	949	950
233810	235	188829	949	950
239285	235	188116	949	950
196476	235	189121	949	950
199459	235	188147	949	950
211313	235	188653	949	950
264217	235	190769	949	950
217376	235	188375	949	950
194245	235	188146	949	950
255330	235	188512	949	950
200004	235	223154	949	950
202868	235	188493	949	950
199619	235	192298	949	950
203055	235	188771	949	950
294875	235	188070	949	950
202228	235	188113	949	950
194231	235	192661	949	950
202980	235	188294	949	950
202212	235	188198	949	950
269404	235	220989	949	950
220508	235	188032	949	950
205712	235	194463	949	950
268951	235	193752	949	950
203519	235	188198	949	950
193626	235	188677	949	950
204361	235	191795	949	950
197231	235	188375	949	950
196820	235	188109	949	950
206034	235	188285	949	950
194134	235	188148	949	950
241162	235	189552	949	950
232818	235	191655	949	950
259730	235	189031	949	950
251234	235	188735	949	950
196003	235	189100	949	950
233972	235	188178	949	950
234414	235	188005	949	950
225448	235	189169	949	950
202666	235	188005	949	950
213543	235	188602	949	950
191659	235	188003	949	950
232735	235	188881	949	950
204032	235	188207	949	950
229733	235	198051	949	950
245597	235	188326	949	950
196088	235	188168	949	950
207787	235	188208	949	950
291919	235	189060	949	950
203592	235	190968	949	950
270577	235	200654	949	950
213767	289	201820	949	950
198884	235	188285	949	950
197375	235	188821	949	950
198328	235	190084	949	950
204049	235	225075	949	950
216606	235	188143	949	950
209201	235	189080	949	950
199397	235	192251	949	950
297477	235	188436	949	950
327302	235	189011	949	950
233059	235	188047	949	950
216460	235	189315	949	950
234023	235	188461	949	950
254154	235	194593	949	950
196397	235	188044	949	950
214216	235	189245	949	950
200240	235	210729	949	950
240797	235	188145	949	950
197817	235	188331	949	950
213009	235	190441	949	950
227990	235	188480	949	950
196945	235	188209	949	950
198906	235	188767	949	950
226526	235	189558	949	950
253571	235	193606	949	950
219473	235	188041	949	950
205879	235	188338	949	950
265342	235	188728	949	950
263814	235	204130	949	950
246920	235	202088	949	950
218846	235	188317	949	950
211702	235	188348	949	950
345350	235	189446	949	950
197653	235	188391	949	950
195051	235	188247	949	950
280097	235	192374	949	950
200707	235	223683	949	950
199072	235	189161	949	950
213273	235	188805	949	950
267674	235	188024	949	950
208885	235	190403	949	950
207059	235	190377	949	950
200487	235	188821	949	950
194682	235	190080	949	950
298010	235	188865	949	950
200236	235	192756	949	950
198462	235	189712	949	950
198921	235	188599	949	950
215582	235	191349	949	950
195585	235	188175	949	950
207855	235	188192	949	950
206202	235	191110	949	950
209704	235	188312	949	950
217063	235	188996	949	950
193805	235	190763	949	950
282270	235	189121	949	950
194633	235	188599	949	950
207715	235	189071	949	950
221171	235	188031	949	950
255537	235	188424	949	950
281105	235	188539	949	950
207864	235	188198	949	950
201022	235	188667	949	950
223013	235	242035	949	950
194303	235	189569	949	950
211659	235	188260	949	950
257142	235	188197	949	950
197685	235	188278	949	950
239930	235	188061	949	950
198444	235	188003	949	950
208530	235	188865	949	950
264645	235	188579	949	950
206591	235	190304	949	950
195979	235	189102	949	950
209408	235	188042	949	950
209553	235	190201	949	950
204570	235	188183	949	950
196303	235	188078	949	950
219860	235	190704	949	950
241234	235	188647	949	950
212444	235	188045	949	950
235353	235	188190	949	950
206183	235	193235	949	950
222449	235	189939	949	950
198914	235	188382	949	950
197380	235	188491	949	950
259780	235	189281	949	950
266002	235	189419	949	950
216903	235	191164	949	950
265863	235	188032	949	950
244659	235	190669	949	950
220853	235	189657	949	950
217374	235	190588	949	950
200194	235	188348	949	950
219884	235	188358	949	950
198909	235	188018	949	950
195988	235	188276	949	950
215916	235	191724	949	950
233259	235	188242	949	950
216686	235	188985	949	950
317440	235	190968	949	950
203720	235	188219	949	950
195273	235	189648	949	950
253690	235	188021	949	950
192580	235	190165	949	950
237677	235	190022	949	950
195938	235	188215	949	950
233997	235	188338	949	950
197888	235	191854	949	950
252746	235	189121	949	950
235953	235	188604	949	950
211116	235	188153	949	950
205559	235	189323	949	950
210904	235	188512	949	950
238972	235	189087	949	950
195745	235	191222	949	950
229115	235	240089	949	950
201386	235	188608	949	950
195005	235	189707	949	950
226658	235	188057	949	950
240623	235	191733	949	950
203272	235	188382	949	950
199384	235	189284	949	950
257611	235	189358	949	950
198636	235	188011	949	950
260371	235	189569	949	950
230669	235	188249	949	950
193423	235	188220	949	950
322370	235	247840	949	950
252325	235	204053	949	950
199896	235	188520	949	950
200097	235	195506	949	950
194466	235	190445	949	950
228821	235	220967	949	950
217930	235	188014	949	950
245589	235	188510	949	950
272640	235	292553	949	950
199762	235	190673	949	950
202289	235	188332	949	950
334887	235	188331	949	950
268578	235	190082	949	950
192052	235	188259	949	950
194275	235	189463	949	950
195610	235	188168	949	950
219355	235	189595	949	950
246521	235	188364	949	950
239488	235	189073	949	950
261555	235	188592	949	950
216559	235	288074	949	950
199253	235	188024	949	950
201669	235	188316	949	950
194336	235	188134	949	950
201563	235	190434	949	950
276937	235	189269	949	950
368714	235	190829	949	950
204658	235	188979	949	950
234728	235	188116	949	950
194393	235	188061	949	950
201832	235	188037	949	950
367176	49	202953	949	950
195003	235	189325	949	950
231568	235	189121	949	950
206586	235	188074	949	950
199135	235	189555	949	950
201322	235	188235	949	950
204110	235	188118	949	950
221674	235	195664	949	950
207629	235	188943	949	950
196430	235	190827	949	950
196213	235	188097	949	950
234346	235	189372	949	950
223439	235	188404	949	950
315402	235	189576	949	950
213169	235	188090	949	950
198558	235	190188	949	950
216123	235	188108	949	950
201563	235	190991	949	950
216602	235	188551	949	950
195525	235	188106	949	950
209803	235	188516	949	950
203177	235	188276	949	950
221665	235	191296	949	950
234363	235	188250	949	950
317573	235	191625	949	950
235268	235	188680	949	950
196768	235	191610	949	950
233380	235	191156	949	950
249011	235	188092	949	950
196428	235	188060	949	950
194268	235	188880	949	950
200295	235	188391	949	950
258142	235	253876	949	950
281543	235	190696	949	950
231974	235	188153	949	950
205287	235	188161	949	950
201407	235	190545	949	950
239109	235	191160	949	950
200462	235	188262	949	950
196553	235	189648	949	950
266728	235	195011	949	950
192794	235	188541	949	950
239388	235	192251	949	950
234358	235	189296	949	950
207908	235	188023	949	950
198997	235	206745	949	950
261545	235	190244	949	950
244104	235	190667	949	950
193314	235	188584	949	950
203386	235	188134	949	950
206618	235	188024	949	950
194213	235	188375	949	950
210956	235	188261	949	950
197583	235	188298	949	950
226212	235	189596	949	950
247403	235	188997	949	950
309410	235	191263	949	950
205299	235	188551	949	950
199796	235	188157	949	950
194874	235	190984	949	950
215791	235	188167	949	950
207145	235	188464	949	950
208725	235	202976	949	950
228321	235	188053	949	950
206045	235	190372	949	950
257480	235	191619	949	950
197832	235	189018	949	950
226277	235	189358	949	950
233078	235	193617	949	950
193587	235	189336	949	950
195850	235	191400	949	950
203962	235	191192	949	950
192089	235	188056	949	950
201941	235	189882	949	950
233883	235	188055	949	950
199394	235	188242	949	950
332790	235	189648	949	950
246655	235	188048	949	950
208655	235	188597	949	950
207935	235	189576	949	950
255772	235	188707	949	950
216973	235	188030	949	950
194043	235	188118	949	950
196104	235	188067	949	950
282030	235	191633	949	950
279715	235	188808	949	950
199522	235	188107	949	950
196280	235	188828	949	950
254779	235	189095	949	950
195321	235	233570	949	950
247087	235	188963	949	950
214841	235	188219	949	950
331753	235	193419	949	950
196304	235	191198	949	950
210067	235	188126	949	950
214066	235	192342	949	950
226924	235	188961	949	950
213926	235	188436	949	950
246244	235	189558	949	950
250062	235	190509	949	950
192932	235	188883	949	950
217045	235	188828	949	950
196831	235	188357	949	950
193415	235	188517	949	950
255161	235	276091	949	950
239689	235	188821	949	950
283158	235	188183	949	950
222118	235	188352	949	950
212959	235	189514	949	950
257298	235	188964	949	950
212526	235	188540	949	950
222437	235	188744	949	950
229371	235	188294	949	950
232293	235	188469	949	950
194407	235	265193	949	950
217814	235	188844	949	950
263886	235	191711	949	950
205080	235	188441	949	950
199062	235	188056	949	950
197857	235	188315	949	950
241959	235	191387	949	950
193833	235	188540	949	950
200394	235	188105	949	950
199827	235	188025	949	950
249361	235	188120	949	950
204558	235	188133	949	950
292884	235	189812	949	950
197324	235	188391	949	950
194119	235	188246	949	950
207191	235	190254	949	950
196929	235	188646	949	950
275418	235	190818	949	950
219440	235	189169	949	950
191988	235	190649	949	950
207136	235	189960	949	950
288134	235	191060	949	950
200951	235	206693	949	950
201083	235	192601	949	950
211276	235	189005	949	950
216875	235	189905	949	950
207298	235	188480	949	950
255336	235	188928	949	950
220266	235	188669	949	950
201304	235	188306	949	950
300232	235	192387	949	950
200421	235	201393	949	950
257649	235	188154	949	950
207943	235	188099	949	950
200677	235	188491	949	950
255145	235	189087	949	950
200253	235	188265	949	950
194470	235	188023	949	950
234937	235	190020	949	950
210349	235	188192	949	951
266413	235	190828	949	951
214335	235	190183	949	951
251305	235	188918	949	951
210376	235	188573	949	951
196417	235	188282	949	951
247415	235	188436	949	951
217256	235	189394	949	951
214070	235	188064	949	951
254685	235	188976	949	951
219776	235	190009	949	951
265259	235	188024	949	951
212660	235	188134	949	951
248060	235	188445	949	951
212076	235	188003	949	951
199069	235	188109	949	951
241746	235	188026	949	951
196202	235	188014	949	951
202000	235	188018	949	951
222916	235	220320	949	951
248243	235	188054	949	951
196805	235	188968	949	951
221154	235	188300	949	951
210311	235	188228	949	951
289052	235	189517	949	951
205236	235	188741	949	951
298286	235	188862	949	951
196097	235	191711	949	951
202584	235	188106	949	951
200697	235	188324	949	951
246356	235	188173	949	951
212598	235	188244	949	951
250086	235	188269	949	951
192750	47	196504	949	951
244753	235	188483	949	951
200813	235	188308	949	951
198236	235	192885	949	951
203525	235	188234	949	951
226636	235	191025	949	951
277261	235	188733	949	951
204265	235	188173	949	951
259684	235	188443	949	951
217816	235	192716	949	951
245297	235	188813	949	951
205441	235	189846	949	951
203085	235	188338	949	951
220357	235	189818	949	951
195682	235	188298	949	951
188370	239	215795	949	951
196628	235	190739	949	951
207161	235	188106	949	951
234676	235	189759	949	951
208377	235	188223	949	951
197730	235	188017	949	951
234840	235	188267	949	951
199214	235	189200	949	951
269994	235	188537	949	951
266772	235	188162	949	951
192455	235	188418	949	951
194115	235	188728	949	951
192429	235	188014	949	951
198076	235	188172	949	951
306278	235	189062	949	951
193924	235	188076	949	951
203672	235	188445	949	951
202140	235	193772	949	951
211920	235	188207	949	951
209461	235	188267	949	951
202944	235	190114	949	951
196950	235	188082	949	951
225343	235	188030	949	951
239953	235	190009	949	951
218041	235	210574	949	951
193542	235	188075	949	951
320415	235	192676	949	951
204173	235	188133	949	951
246600	235	188067	949	951
198858	289	244939	949	951
200553	235	188108	949	951
215826	235	190579	949	951
257981	235	188387	949	951
264715	235	191758	949	951
226728	235	188620	949	951
194594	235	188370	949	951
210051	235	189210	949	951
204008	235	188578	949	951
198716	235	188228	949	951
207099	235	188296	949	951
267077	235	195208	949	951
215493	235	188333	949	951
214981	235	188323	949	951
216143	235	188108	949	951
230477	235	188051	949	951
207390	235	193467	949	951
319351	273	253916	949	951
217810	235	188480	949	951
191779	235	188003	949	951
228469	235	188785	949	951
230008	235	189394	949	951
205799	235	188718	949	951
242418	235	193152	949	951
195689	235	188188	949	951
245659	235	188310	949	951
206172	235	188019	949	951
275995	235	190732	949	951
203021	235	188398	949	951
201730	235	188340	949	951
217308	235	188961	949	951
196756	235	188074	949	951
193976	235	188072	949	951
213860	235	193158	949	951
208621	235	191096	949	951
267816	235	188180	949	951
235674	235	188220	949	951
205195	235	188167	949	951
192646	235	188113	949	951
193631	235	189837	949	951
195477	235	188032	949	951
260624	235	189045	949	951
198777	235	188244	949	951
203283	235	188027	949	951
199980	235	189110	949	951
263886	235	191048	949	951
264382	235	188280	949	951
193276	235	189818	949	951
233146	235	188483	949	951
210540	235	188088	949	951
222157	235	188061	949	951
194683	235	188305	949	951
279807	235	188096	949	951
241318	235	190159	949	951
270459	235	188870	949	951
257048	235	190125	949	951
202678	235	190669	949	951
205234	235	188034	949	951
197143	235	188300	949	951
223384	235	190264	949	951
202255	235	189082	949	951
207082	235	188089	949	951
275350	235	188921	949	951
230515	235	188007	949	951
209688	235	189249	949	951
232255	235	188928	949	951
205306	235	193932	949	951
199004	235	188082	949	951
239708	235	188610	949	951
193696	235	188182	949	951
239546	235	188188	949	951
211276	235	188398	949	951
238963	235	189601	949	951
197327	235	196853	949	951
221912	235	188352	949	951
236130	235	188398	949	951
196504	47	192750	949	951
280510	235	189429	949	951
229876	235	188918	949	951
192299	235	188613	949	951
199804	235	193808	949	951
194229	235	188333	949	951
202669	235	188182	949	951
214155	235	188718	949	951
193881	235	190084	949	951
207290	235	188223	949	951
229747	235	188026	949	951
273749	235	188812	949	951
259965	235	195211	949	951
195225	235	188067	949	951
205926	235	188228	949	951
213607	235	188171	949	951
232625	235	188270	949	951
205219	235	188182	949	951
201177	235	188123	949	951
216111	235	188168	949	951
202497	235	189818	949	951
212440	235	188707	949	951
290527	235	192115	949	951
299887	235	201078	949	951
194789	235	188244	949	951
225698	235	188041	949	951
241339	235	188404	949	951
204231	235	192908	949	951
347315	226	188080	949	951
301082	235	188768	949	951
230085	235	191009	949	951
211260	235	188574	949	951
229066	235	188262	949	951
218304	235	189131	949	951
199220	235	188229	949	951
259576	235	190065	949	951
267674	235	189121	949	951
224502	235	188968	949	951
199456	235	195743	949	951
196197	235	188097	949	951
206410	235	190514	949	951
213128	235	188094	949	951
224347	235	188621	949	951
198180	235	188030	949	951
209519	235	188594	949	951
206516	235	188039	949	951
248579	235	188078	949	951
200415	235	188569	949	951
193629	235	188033	949	951
194293	235	188239	949	951
197706	235	188624	949	951
221890	235	188073	949	951
274838	235	189294	949	951
265170	235	190676	949	951
239681	235	188559	949	951
200474	235	188211	949	951
207698	235	188101	949	951
228690	235	188348	949	951
277865	235	194811	949	951
278904	235	188155	949	951
192562	235	188606	949	951
207173	235	193081	949	951
198068	235	189246	949	951
226342	235	189658	949	951
204184	235	189953	949	951
254842	235	189690	949	951
247897	235	188658	949	951
247479	235	188402	949	951
194731	235	188185	949	951
207048	235	188859	949	951
220159	235	188962	949	951
197534	235	188614	949	951
188289	267	227528	949	951
251433	235	192342	949	951
219735	235	198112	949	951
207408	235	189208	949	951
273413	235	188190	949	951
203844	235	190749	949	951
204665	235	188143	949	951
290551	235	190540	949	951
228260	235	188268	949	951
262373	235	188390	949	951
199225	235	189126	949	951
279968	235	188173	949	951
260161	235	190400	949	951
206722	235	188023	949	951
213038	235	189666	949	951
249006	235	188173	949	951
196295	235	189824	949	951
214892	235	188011	949	951
367869	176	364282	949	951
280313	235	188903	949	951
235427	235	190123	949	951
216452	235	188491	949	951
214608	235	189392	949	951
208247	235	188398	949	951
229104	235	189128	949	951
214278	235	189146	949	951
264941	235	189423	949	951
197298	235	188088	949	951
195589	235	188244	949	951
357904	176	265799	949	951
220700	235	188510	949	951
206948	235	188421	949	951
275838	235	189216	949	951
208310	235	188120	949	951
196925	235	188741	949	951
236010	235	188947	949	951
290087	235	188182	949	951
219674	235	188590	949	951
221535	235	188462	949	951
243496	235	193808	949	951
205127	235	188347	949	951
203998	235	188003	949	951
239220	235	188078	949	951
222947	235	197036	949	951
233078	235	191743	949	951
206702	235	188434	949	951
198358	235	188543	949	951
193869	235	190569	949	951
198157	235	188014	949	951
198661	235	188025	949	951
199791	235	188493	949	951
194937	235	189797	949	951
277830	235	188955	949	951
203284	235	189427	949	951
224172	235	188099	949	951
264887	235	195211	949	951
241520	235	189407	949	951
313979	235	189200	949	951
191642	235	188107	949	951
256062	235	189780	949	951
309732	235	189081	949	951
228947	235	188722	949	951
209386	235	188057	949	951
196241	235	188649	949	951
270982	235	188480	949	951
236654	235	188344	949	951
374300	235	188828	949	951
208492	235	209287	949	951
221157	235	190564	949	951
200008	235	188048	949	951
338248	235	188991	949	951
199621	235	188275	949	951
209983	235	188302	949	951
206676	235	188186	949	951
245823	235	189082	949	951
203257	235	188529	949	951
200085	235	188331	949	951
203251	235	188090	949	951
195101	235	189920	949	951
226595	235	188964	949	951
303189	235	189237	949	951
200698	235	188157	949	951
192991	235	188067	949	951
199062	235	188011	949	951
294920	235	188003	949	951
228978	235	188173	949	951
192503	235	188048	949	951
210520	235	193062	949	951
201878	235	188479	949	951
265119	235	192551	949	951
213094	235	188786	949	951
280953	235	194010	949	951
199519	235	188350	949	951
204619	235	188179	949	951
251107	235	190040	949	951
200452	235	188141	949	951
243040	235	188718	949	951
299077	235	189377	949	951
206163	235	188182	949	951
289923	235	189165	949	951
199189	235	188753	949	951
195584	235	188079	949	951
216501	235	189587	949	951
234156	235	188312	949	951
229797	235	188560	949	951
202282	235	188855	949	951
273540	235	225668	949	951
353630	176	252578	949	951
224761	235	188183	949	951
218695	235	188865	949	951
200133	235	196525	949	951
215076	235	188065	949	951
232326	235	188041	949	951
289812	235	188157	949	951
206984	235	188053	949	951
221590	235	188027	949	951
208001	235	188041	949	951
194901	235	188087	949	951
206127	235	189055	949	951
199027	235	188017	949	951
207764	235	188786	949	951
245906	235	191608	949	951
218743	235	188166	949	951
197451	235	188140	949	951
251842	235	276131	949	951
260215	235	189517	949	951
244939	289	198858	949	951
226162	235	189357	949	951
195702	235	188119	949	951
199937	235	189744	949	951
253178	235	189039	949	951
203170	235	188507	949	951
200249	235	188015	949	951
218922	235	188192	949	951
219017	235	188133	949	951
235793	235	188290	949	951
205629	235	188027	949	951
212677	235	188015	949	951
193911	235	188123	949	951
215124	235	189009	949	951
201252	235	191629	949	951
218914	235	188201	949	951
222291	235	188851	949	951
238097	235	197068	949	951
241501	235	191851	949	951
293052	235	188154	949	951
341293	235	189882	949	951
282911	235	194620	949	951
228250	235	188217	949	951
199086	235	188173	949	951
210699	235	190192	949	951
195497	235	188028	949	951
196570	235	188066	949	951
204700	235	188089	949	951
329819	235	188686	949	951
257359	235	188207	949	951
194462	235	188048	949	951
196374	235	188043	949	951
264398	235	188067	949	951
260245	235	189188	949	951
202815	235	188111	949	951
264844	235	189962	949	951
236444	235	188058	949	951
261166	235	188158	949	951
201184	235	188718	949	951
241810	235	188116	949	951
219841	235	188718	949	951
204204	235	189721	949	951
288394	235	190085	949	951
215945	235	188398	949	951
198417	235	188105	949	951
209275	235	188076	949	951
344830	235	196395	949	951
211117	235	188679	949	951
245258	235	190313	949	951
198457	235	188162	949	951
221524	235	188423	949	951
201355	235	188323	949	951
197260	235	191131	949	951
199284	235	216666	949	951
192714	235	188285	949	951
221837	235	189832	949	951
199820	235	188685	949	951
188080	270	237970	949	951
227077	235	188228	949	951
195545	235	188367	949	951
261771	235	188059	949	951
200133	235	193808	949	951
245446	235	188804	949	951
208954	235	188855	949	951
265389	235	188259	949	951
232664	235	188015	949	951
278094	235	188828	949	951
226424	235	188368	949	951
218310	235	188106	949	951
247279	235	188398	949	951
193947	235	188025	949	951
195206	235	188040	949	951
228594	235	191926	949	951
222937	235	189427	949	951
223354	235	188242	949	951
201921	235	189455	949	951
202958	235	190098	949	951
209100	235	189146	949	951
241763	235	188513	949	951
219562	235	188201	949	951
286823	49	190077	949	951
227177	235	189999	949	951
200460	235	188142	949	951
252730	235	189936	949	951
248215	235	192859	949	951
197800	235	188128	949	951
280790	235	205739	949	951
232390	235	188366	949	951
197681	235	188116	949	951
196876	235	189552	949	951
200675	235	189754	949	951
193874	235	188048	949	951
200564	235	188119	949	951
227063	235	188086	949	951
221184	235	189628	949	951
246643	235	188658	949	951
203178	235	188054	949	951
232403	235	188576	949	951
219166	235	189023	949	951
196375	235	188120	949	951
236685	235	191998	949	951
214300	235	188967	949	951
266697	235	190087	949	951
215719	235	190222	949	951
225412	235	188624	949	951
214795	235	188886	949	951
200588	235	188192	949	951
195905	235	190704	949	951
230464	235	188010	949	951
302945	235	188546	949	951
226810	235	188718	949	951
309872	235	202890	949	951
195115	235	188532	949	951
271892	235	189371	949	951
198432	235	188522	949	951
207593	235	188087	949	951
207683	235	188851	949	951
239907	235	308300	949	951
249011	235	188134	949	951
203168	235	188999	949	951
211548	235	195011	949	951
270477	235	188104	949	951
210164	235	188208	949	951
195025	235	188247	949	951
208903	235	190598	949	951
198643	235	188118	949	951
298837	235	189161	949	951
226948	235	188516	949	951
211342	235	188044	949	951
225414	235	188037	949	951
211540	235	188317	949	951
213074	235	190434	949	951
241769	235	188669	949	951
205496	235	188167	949	951
215683	235	188166	949	951
288144	235	239005	949	951
224806	235	188620	949	951
226354	235	188957	949	951
215428	235	188217	949	951
205636	235	188011	949	951
200951	235	191611	949	951
192971	235	188018	949	951
266599	235	194811	949	951
271684	235	188379	949	951
269824	235	189153	949	951
241905	235	190732	949	951
199505	235	188806	949	951
279394	235	189225	949	951
226059	235	191213	949	951
291831	235	189947	949	951
252417	235	189882	949	951
279070	235	194620	949	951
236779	235	188121	949	951
236797	235	188389	949	951
234950	235	188443	949	951
204489	235	188119	949	951
212864	235	188622	949	951
243651	235	189558	949	951
193522	235	188153	949	951
200337	235	188606	949	951
206015	235	190897	949	951
210922	235	188441	949	951
196721	235	188688	949	951
222788	235	189169	949	951
271363	235	188326	949	951
256519	235	188211	949	951
196279	235	188003	949	951
201346	235	188069	949	951
212656	235	188041	949	951
225000	235	189031	949	951
236076	235	188458	949	951
212574	235	188148	949	951
257368	235	194867	949	951
210194	235	190159	949	951
284695	235	188070	949	951
206798	235	192797	949	951
246209	235	188045	949	951
213372	235	188333	949	951
193505	235	188017	949	951
200541	235	189744	949	951
201398	235	188086	949	951
256366	235	188055	949	951
230987	235	188943	949	951
193441	235	189524	949	951
211282	235	188511	949	951
204568	235	188182	949	951
194747	235	188738	949	951
241239	235	188417	949	951
200400	235	188364	949	951
203659	235	188620	949	951
270798	235	189857	949	951
211594	235	188677	949	951
220800	235	192315	949	951
208146	235	188158	949	951
200420	235	188222	949	951
367176	108	246903	949	951
235935	235	188365	949	951
225054	235	188835	949	951
228886	235	190074	949	951
195614	235	188201	949	951
193504	235	190403	949	951
212600	235	188862	949	951
316955	235	189154	949	951
209441	235	188043	949	951
230011	235	189507	949	951
226172	235	188883	949	951
218105	235	188583	949	951
199789	235	189517	949	951
201513	235	188059	949	951
238705	235	188661	949	951
211528	235	188225	949	951
196772	235	188636	949	951
269055	235	188290	949	951
289927	235	189563	949	951
229060	235	192859	949	951
211475	235	188783	949	951
216685	235	188398	949	951
203551	235	188268	949	951
243897	235	188997	949	951
199219	235	188490	949	951
230729	235	188163	949	951
214003	235	188068	949	951
207218	235	188111	949	951
203002	235	189028	949	951
195906	235	188450	949	951
222052	235	188624	949	951
243834	235	189344	949	951
243191	235	189254	949	951
280547	235	189291	949	951
218129	235	188104	949	951
202051	235	188086	949	951
241607	235	188658	949	951
216619	235	189851	949	951
192720	235	188072	949	951
240044	235	191295	949	951
199387	235	188370	949	951
197584	235	188602	949	951
200165	235	188340	949	951
200184	235	188595	949	951
287170	235	189191	949	951
220827	235	188218	949	951
197405	235	188106	949	951
216955	235	188308	949	951
226358	235	188057	949	951
213409	235	189732	949	951
253685	235	189387	949	951
267817	235	192124	949	951
260513	235	188155	949	951
201010	235	188315	949	951
238973	235	189427	949	951
218222	235	188682	949	951
210810	235	189631	949	951
208650	235	222537	949	951
202821	235	189063	949	951
215603	235	188510	949	951
243485	235	188175	949	951
200785	235	188048	949	951
199407	235	191749	949	951
243277	235	244470	949	951
239739	235	188239	949	951
219922	235	188034	949	951
207108	235	188066	949	951
248389	235	188284	949	951
210229	235	188383	949	951
215055	235	188351	949	951
226636	235	190028	949	951
200463	235	189314	949	951
213897	235	188903	949	951
195965	235	188023	949	951
216840	235	189596	949	951
212765	235	188500	949	951
217526	235	191194	949	951
209021	235	188035	949	951
206729	235	193396	949	951
223808	235	188021	949	951
199311	235	188037	949	951
197627	235	189427	949	951
222785	235	193645	949	951
356607	273	260882	949	951
226530	235	188201	949	951
194495	235	188048	949	951
212419	235	188886	949	951
226076	235	188365	949	951
298062	235	189358	949	951
211692	235	194212	949	951
193994	235	188956	949	951
237249	235	193077	949	951
213129	235	188197	949	951
197273	235	188448	949	951
223250	235	188214	949	951
222777	235	221719	949	951
226639	235	188451	949	951
202791	235	188186	949	951
198802	235	190739	949	951
204763	235	189358	949	951
298013	235	188010	949	951
254440	235	191164	949	951
222064	235	190244	949	951
252455	235	190422	949	951
200764	235	188133	949	951
199589	235	188200	949	951
220805	235	188520	949	951
195454	235	188560	949	951
259684	235	188090	949	951
217763	235	191405	949	951
203964	235	188522	949	951
217137	235	188630	949	951
201958	235	190322	949	951
204248	235	188099	949	951
191973	235	188647	949	951
259523	49	190111	949	951
262861	235	189399	949	951
200436	235	188017	949	951
348117	235	288732	949	951
219893	235	188680	949	951
197568	235	188615	949	951
283001	235	188154	949	951
210977	235	188411	949	951
250534	235	189649	949	951
216518	235	188306	949	951
208713	235	188398	949	951
211474	235	188314	949	951
209841	235	188312	949	951
215805	235	189912	949	951
218817	235	188055	949	951
274901	235	189897	949	951
203650	235	189005	949	951
254736	235	188089	949	951
201444	235	188020	949	951
212970	235	188368	949	951
215697	235	195193	949	951
195959	235	188207	949	951
197092	235	189118	949	951
192895	235	188437	949	951
225310	235	189929	949	951
202619	235	188123	949	951
195999	235	192908	949	951
195368	235	188107	949	951
235939	235	188175	949	951
196812	235	188276	949	951
305702	235	349560	949	951
207449	235	188143	949	951
260662	235	188374	949	951
196709	235	188027	949	951
245791	235	188059	949	951
223627	235	188855	949	951
213242	235	188253	949	951
196901	235	188940	949	951
200536	235	188060	949	951
201186	235	188107	949	951
207161	235	188132	949	951
210545	235	188005	949	951
202881	235	188741	949	951
239246	235	188226	949	951
258949	235	189946	949	951
212652	235	188614	949	951
198969	235	191758	949	951
212609	235	190172	949	951
206511	235	188415	949	951
230616	235	188279	949	951
219852	235	188661	949	951
267031	235	189197	949	951
277919	235	188085	949	951
193451	235	188056	949	951
209182	235	188076	949	951
230684	235	189920	949	951
301304	235	188005	949	951
224946	235	188462	949	951
197375	235	188106	949	951
203163	235	188110	949	951
205039	235	188041	949	951
218970	235	188324	949	951
287313	235	189435	949	951
243766	235	188955	949	951
202054	235	191733	949	951
193774	235	188596	949	951
251494	235	189427	949	951
200545	235	188053	949	951
357735	235	188185	949	951
212735	235	188056	949	951
315890	235	189161	949	951
197045	235	188307	949	951
257686	235	188669	949	951
230070	235	188228	949	951
221948	235	188067	949	951
203702	235	188260	949	951
196246	235	188228	949	951
203147	235	188200	949	951
217453	235	189427	949	951
202508	235	188061	949	951
195009	235	188024	949	951
229962	235	188120	949	951
202878	235	188110	949	951
262471	235	188043	949	951
202610	235	188685	949	951
198196	235	188060	949	951
195765	235	188078	949	951
318799	42	188484	949	951
198705	235	205188	949	951
207568	235	188218	949	951
195550	235	188067	949	951
211203	235	188110	949	951
235082	235	190113	949	951
192622	235	188120	949	951
200085	235	189403	949	951
239377	235	188686	949	951
200524	235	188232	949	951
215843	235	188595	949	951
260362	235	188988	949	951
207308	235	190114	949	951
223914	235	188964	949	951
252506	235	188312	949	951
207916	235	207917	949	951
193521	235	188596	949	951
221505	235	188126	949	951
196006	235	189517	949	951
199744	235	188417	949	951
195429	235	189124	949	951
196390	235	188617	949	951
265395	235	189284	949	951
193327	235	188076	949	951
293696	235	190530	949	951
229330	235	188533	949	951
334502	235	317434	949	951
195103	235	188111	949	951
261231	235	188331	949	951
215072	235	188139	949	951
217297	235	191313	949	951
214369	235	188416	949	951
202670	235	188479	949	951
197395	235	189140	949	951
215767	235	188034	949	951
201555	235	188048	949	951
204868	235	189431	949	951
239891	235	189656	949	951
239341	235	188962	949	951
212511	235	188017	949	951
215154	235	189920	949	951
208975	235	188141	949	951
213022	235	190914	949	951
196661	235	188480	949	951
236814	235	188644	949	951
215805	235	188493	949	951
199891	235	188011	949	951
194251	235	188054	949	951
237557	235	190680	949	951
213841	235	188019	949	951
208015	235	190680	949	951
215884	235	188141	949	951
286314	235	188886	949	951
229797	235	189329	949	951
194469	235	188961	949	951
259690	235	223532	949	951
250912	235	188555	949	951
197558	235	188091	949	951
230905	235	188595	949	951
252371	235	188057	949	951
208566	235	190586	949	951
255413	235	188398	949	951
196601	235	189218	949	951
239907	235	188353	949	951
237738	235	188883	949	951
219981	235	190638	949	951
208237	235	188140	949	951
237041	235	190894	949	951
212722	235	188086	949	951
215281	235	188855	949	951
272606	235	189117	949	951
228965	235	188985	949	951
201294	235	188900	949	951
277826	235	189269	949	951
228615	235	188175	949	951
284192	235	189795	949	951
220267	235	188417	949	951
197078	235	190696	949	951
321013	49	279966	949	951
215525	235	202123	949	951
200968	235	188375	949	951
211291	235	189131	949	951
208863	235	188223	949	951
255293	235	188568	949	951
196132	235	189161	949	951
193595	235	189058	949	951
273394	235	188254	949	951
203833	235	188844	949	951
264991	235	188943	949	951
213456	235	188223	949	951
239416	235	188207	949	951
216661	235	189143	949	951
205069	235	188486	949	951
208923	235	189832	949	951
205444	235	193213	949	951
204978	235	188386	949	951
204441	235	188607	949	951
196742	235	189423	949	951
194978	235	188064	949	951
217915	235	188771	949	951
221353	235	188101	949	951
198156	235	188583	949	951
233272	235	188656	949	951
196708	235	189990	949	951
197499	235	188619	949	951
299385	235	188086	949	951
289605	235	188398	949	951
202563	235	188093	949	951
224815	235	188070	949	951
274415	235	188143	949	951
278377	235	189082	949	951
212337	235	188374	949	951
227380	235	188162	949	951
226828	235	189278	949	951
212216	235	188608	949	951
196957	235	188098	949	951
209483	235	188718	949	951
248620	235	189125	949	951
224815	235	188106	949	951
192208	235	188052	949	952
214543	235	194805	949	952
228230	235	188529	949	952
215508	235	188615	949	952
204286	235	188067	949	952
218392	235	188924	949	952
221083	235	189098	949	952
228200	235	188067	949	952
196474	235	188015	949	952
212987	235	188149	949	952
215756	235	188952	949	952
214609	235	188870	949	952
242180	235	189286	949	952
208026	235	188123	949	952
199377	235	189037	949	952
196731	235	188037	949	952
219015	235	188709	949	952
213219	235	190183	949	952
211517	235	188133	949	952
196383	235	188142	949	952
296973	235	188237	949	952
258890	235	188265	949	952
271104	235	188442	949	952
229439	235	189135	949	952
203692	235	188029	949	952
198423	235	188480	949	952
202886	235	192019	949	952
198846	235	188017	949	952
215977	235	188842	949	952
201041	235	188064	949	952
198064	235	188368	949	952
202575	235	188053	949	952
208654	235	188851	949	952
198502	235	188284	949	952
374665	235	189588	949	952
194046	235	188065	949	952
218304	235	188665	949	952
207143	235	188014	949	952
220046	235	188044	949	952
271120	235	188226	949	952
199714	235	188043	949	952
232572	235	188517	949	952
290746	235	188805	949	952
228333	235	188146	949	952
238741	235	188699	949	952
297031	235	189512	949	952
280023	235	188434	949	952
192722	235	188294	949	952
240583	235	190735	949	952
361777	235	188284	949	952
222115	235	188223	949	952
217081	235	188058	949	952
203792	235	188319	949	952
300363	176	239701	949	952
197201	235	188128	949	952
239638	235	189044	949	952
194184	235	188042	949	952
198214	235	188812	949	952
250923	235	188267	949	952
228511	235	188513	949	952
228472	235	188367	949	952
212604	235	189581	949	952
249499	235	189465	949	952
220700	235	188626	949	952
218546	235	189010	949	952
203264	235	188273	949	952
255754	235	188614	949	952
236276	235	192171	949	952
227506	235	188246	949	952
211002	235	188127	949	952
373565	235	277419	949	952
199848	235	188082	949	952
194723	235	188043	949	952
261844	235	190123	949	952
200528	235	188139	949	952
198012	235	189246	949	952
198932	235	188559	949	952
200314	235	188321	949	952
214442	235	188479	949	952
249025	235	189093	949	952
219386	235	190827	949	952
224686	235	189371	949	952
231592	235	188655	949	952
203654	235	188164	949	952
212830	235	202123	949	952
264276	235	195743	949	952
265563	235	188416	949	952
196076	235	188294	949	952
268897	292	335767	949	952
200442	235	188612	949	952
205397	235	188221	949	952
203166	235	188060	949	952
236130	235	189732	949	952
214509	235	188486	949	952
208902	235	256162	949	952
265598	235	189116	949	952
217856	235	247306	949	952
209017	235	188127	949	952
271111	235	189125	949	952
375176	42	188046	949	952
203250	235	192238	949	952
197973	235	188089	949	952
244404	235	188422	949	952
266260	235	188248	949	952
280858	235	188520	949	952
300589	289	284475	949	952
219695	235	188812	949	952
198083	235	188097	949	952
227291	235	188007	949	952
213649	235	188268	949	952
270062	235	188068	949	952
232509	235	188357	949	952
222183	235	191673	949	952
229463	235	189956	949	952
207204	235	189427	949	952
199209	235	188129	949	952
258623	235	188356	949	952
318478	235	191096	949	952
222772	235	188217	949	952
213968	235	190248	949	952
200015	235	188164	949	952
234649	235	188925	949	952
225241	235	188665	949	952
196767	235	188078	949	952
265865	235	189400	949	952
208952	235	189451	949	952
275520	235	189827	949	952
208143	235	188597	949	952
232448	235	188113	949	952
197115	235	188485	949	952
262657	235	189214	949	952
241615	235	188502	949	952
240845	235	189616	949	952
201237	235	189202	949	952
221019	235	188904	949	952
252379	235	244830	949	952
202853	235	188680	949	952
201011	235	188387	949	952
193546	235	188010	949	952
219674	235	188122	949	952
227829	235	189073	949	952
267011	235	188079	949	952
227455	235	188129	949	952
226477	235	190701	949	952
211981	235	188707	949	952
240599	235	213459	949	952
206926	235	188058	949	952
251944	235	209287	949	952
202553	235	190459	949	952
209367	235	188146	949	952
272655	235	188188	949	952
249846	235	188143	949	952
284475	289	300589	949	952
290746	235	188665	949	952
194687	235	188016	949	952
210485	235	188722	949	952
212856	235	192019	949	952
217353	235	189435	949	952
259915	235	188029	949	952
203516	235	200297	949	952
203812	235	188047	949	952
199986	235	189742	949	952
223170	235	188241	949	952
198887	235	188173	949	952
224914	235	188058	949	952
203432	235	188059	949	952
223923	235	188058	949	952
237200	235	189962	949	952
222960	235	188398	949	952
255584	235	188976	949	952
204569	235	188188	949	952
195700	235	188268	949	952
216448	235	188043	949	952
201164	235	188773	949	952
219871	235	192952	949	952
215356	235	188532	949	952
235032	235	188058	949	952
292780	235	245171	949	952
208251	235	188072	949	952
196153	235	188398	949	952
220728	235	192151	949	952
255756	235	189023	949	952
199692	235	190314	949	952
220568	235	188123	949	952
203226	235	189739	949	952
200672	235	188243	949	952
232034	235	188426	949	952
199994	235	188051	949	952
272332	235	189031	949	952
222253	235	191905	949	952
202520	235	188781	949	952
244194	235	188944	949	952
234887	235	192165	949	952
232776	235	188443	949	952
224073	235	188663	949	952
269461	235	188588	949	952
246783	235	189690	949	952
223367	235	191192	949	952
301617	235	188668	949	952
202964	235	188023	949	952
267854	235	188197	949	952
194635	235	188006	949	952
196105	235	188610	949	952
226055	235	188052	949	952
193355	235	188104	949	952
300437	235	189292	949	952
197712	235	188396	949	952
196596	235	188040	949	952
197653	235	188050	949	952
241537	235	188608	949	952
249494	235	188897	949	952
206230	235	188247	949	952
275520	235	190085	949	952
200116	235	188020	949	952
232291	235	191645	949	952
210084	235	188951	949	952
265950	235	200091	949	952
195448	235	188061	949	952
203790	235	188085	949	952
219573	235	189080	949	952
200364	235	188471	949	952
221114	235	188145	949	952
199584	235	188527	949	952
262348	235	189146	949	952
241483	235	192908	949	952
213876	235	188342	949	952
203348	235	188085	949	952
196869	235	188259	949	952
229076	235	188099	949	952
203170	235	188238	949	952
268733	235	188020	949	952
242380	235	188736	949	952
233216	235	188044	949	952
209594	235	189431	949	952
312012	235	189062	949	952
194219	235	188234	949	952
217417	235	188570	949	952
257053	235	188921	949	952
271858	235	188768	949	952
249088	235	190667	949	952
267569	235	188547	949	952
274059	235	189815	949	952
254308	235	188087	949	952
213177	235	188887	949	952
226234	235	188157	949	952
222489	235	188398	949	952
244568	235	188267	949	952
219084	235	188048	949	952
203987	235	188747	949	952
199685	235	188323	949	952
206255	235	188068	949	952
210240	235	188253	949	952
264901	235	236798	949	952
207767	235	188038	949	952
214053	235	188106	949	952
277761	273	253916	949	952
194140	235	188072	949	952
201666	235	189262	949	952
209514	235	188358	949	952
251934	235	188665	949	952
196156	235	188072	949	952
223574	235	188201	949	952
299571	235	194968	949	952
205654	235	188057	949	952
284096	235	188387	949	952
220419	235	188881	949	952
202989	235	188396	949	952
203162	235	189019	949	952
209939	235	189001	949	952
201446	235	188023	949	952
195979	235	188149	949	952
194615	235	188011	949	952
215705	235	188278	949	952
239391	235	189791	949	952
227022	235	189073	949	952
235562	235	188704	949	952
192741	235	192221	949	952
245214	235	188352	949	952
218059	235	188493	949	952
196404	235	188094	949	952
220856	235	188218	949	952
223960	235	188321	949	952
200745	235	188122	949	952
212703	235	188142	949	952
201498	235	203446	949	952
206917	235	188862	949	952
229566	235	189605	949	952
259910	235	191805	949	952
192119	235	188261	949	952
202670	235	188510	949	952
247604	235	188330	949	952
266404	235	189039	949	952
197445	235	189744	949	952
234685	235	188785	949	952
203612	235	188058	949	952
215509	235	189824	949	952
196455	235	188146	949	952
326249	235	188943	949	952
209485	235	188490	949	952
210962	235	188893	949	952
272385	235	188090	949	952
226408	235	188658	949	952
247665	235	188485	949	952
224752	235	188119	949	952
213649	235	188722	949	952
216694	235	188379	949	952
201096	235	188486	949	952
200042	235	190221	949	952
293933	235	215938	949	952
194065	235	188015	949	952
253136	235	188416	949	952
213745	235	188888	949	952
211884	235	188201	949	952
253428	235	189826	949	952
221173	235	188533	949	952
200800	235	188137	949	952
218137	235	188323	949	952
210886	235	188073	949	952
202219	235	190579	949	952
225849	235	188315	949	952
216503	235	188043	949	952
201933	235	190828	949	952
199916	235	188424	949	952
228690	235	192952	949	952
200791	235	188038	949	952
195456	235	188259	949	952
200276	235	188026	949	952
200205	235	188015	949	952
199984	235	188030	949	952
193970	235	189451	949	952
258717	235	197589	949	952
206759	235	188180	949	952
196017	235	188149	949	952
205232	235	188773	949	952
197664	235	188383	949	952
339537	235	189491	949	952
207980	235	190322	949	952
208013	235	188367	949	952
201728	235	188089	949	952
192667	235	188003	949	952
232315	235	192952	949	952
198124	235	188015	949	952
221980	235	190114	949	952
253887	235	189124	949	952
205779	235	188595	949	952
200312	235	188246	949	952
203120	235	188441	949	952
199573	235	188318	949	952
197822	235	190828	949	952
222943	235	188120	949	952
196048	235	209287	949	952
298253	235	189028	949	952
198952	235	190667	949	952
205400	235	188635	949	952
204214	235	188464	949	952
217954	235	188179	949	952
206863	235	188921	949	952
253822	235	188087	949	952
204783	235	188149	949	952
251855	235	191254	949	952
197727	235	188439	949	952
201342	235	188050	949	952
207298	235	188284	949	952
248084	235	188951	949	952
265599	235	192219	949	952
212233	235	189057	949	952
259070	235	188086	949	952
226019	235	189146	949	952
195764	235	188050	949	952
205764	235	189399	949	952
282299	235	189009	949	952
217752	235	188527	949	952
215324	235	188180	949	952
209000	235	188464	949	952
198023	235	188735	949	952
199630	235	189104	949	952
194323	235	198518	949	952
205365	235	189106	949	952
292276	235	189028	949	952
218191	235	188679	949	952
206808	235	188305	949	952
245589	235	188479	949	952
198599	235	188243	949	952
339629	235	194368	949	952
195350	235	189270	949	952
229427	235	189091	949	952
211226	235	188347	949	952
226074	235	190345	949	952
198604	235	188456	949	952
221328	235	188085	949	952
216719	235	189446	949	952
280985	235	239723	949	952
230642	235	189371	949	952
199798	235	189723	949	952
206444	235	188771	949	952
206871	235	188056	949	952
196663	235	188374	949	952
221652	235	188188	949	952
199807	235	188533	949	952
250458	235	188529	949	952
281352	235	188736	949	952
199165	235	188244	949	952
197648	235	188129	949	952
197086	235	188146	949	952
214729	235	189126	949	952
273768	235	189279	949	952
196680	235	188688	949	952
211843	235	188992	949	952
233093	235	188315	949	952
200594	235	188318	949	952
202230	235	188705	949	952
203953	235	188129	949	952
199601	235	188246	949	952
207905	235	188126	949	952
200265	235	188099	949	952
252247	235	189073	949	952
197634	235	190422	949	952
204654	235	188130	949	952
234255	235	188097	949	952
222721	235	189666	949	952
210485	235	188268	949	952
248131	235	192506	949	952
193529	235	188420	949	952
252482	235	189081	949	952
199334	235	188044	949	952
266827	235	190287	949	952
221822	235	188365	949	952
195381	235	188036	949	952
208182	235	197036	949	952
264901	235	188962	949	952
203882	235	188105	949	952
207740	235	191778	949	952
242703	235	188541	949	952
197401	235	188480	949	952
234828	235	188534	949	952
199547	235	188165	949	952
235601	235	188576	949	952
218430	235	188479	949	952
195127	235	188298	949	952
233486	235	188153	949	952
205423	235	188183	949	952
223750	235	203517	949	952
238038	235	190512	949	952
209194	235	188337	949	952
230460	235	188371	949	952
193927	235	188219	949	952
217339	235	189449	949	952
220216	235	188353	949	952
201793	235	188306	949	952
217778	235	189140	949	952
221538	235	189669	949	952
201842	235	189986	949	952
202702	235	188404	949	952
208456	235	188326	949	952
258107	235	188511	949	952
200143	235	189451	949	952
201458	235	200000	949	952
236636	235	188713	949	952
210443	235	188179	949	952
202385	235	188108	949	952
197595	235	188290	949	952
215888	235	188946	949	952
200058	235	189575	949	952
354566	235	212287	949	952
272385	235	188443	949	952
228023	235	191694	949	952
199035	235	188347	949	952
214899	235	188235	949	952
215973	235	188025	949	952
199335	235	188244	949	952
226271	235	188726	949	952
235618	235	190009	949	952
209630	235	189923	949	952
206425	235	188951	949	952
224344	235	188786	949	952
217105	235	188028	949	952
216606	235	188106	949	952
241084	235	188699	949	952
192719	235	188261	949	952
216027	235	188318	949	952
219152	235	188005	949	952
199290	235	189087	949	952
202296	235	190749	949	952
269658	235	188105	949	952
194513	235	188003	949	952
241557	235	188518	949	952
313881	235	208553	949	952
233221	235	190400	949	952
254557	235	188373	949	952
193907	235	188044	949	952
203860	235	188157	949	952
200548	235	189230	949	952
226099	235	188462	949	952
196634	235	188059	949	952
253208	235	188278	949	952
279467	235	188010	949	952
200719	235	188085	949	952
255013	235	188655	949	952
262091	235	188217	949	952
199242	235	188147	949	952
228182	235	188356	949	952
217831	235	188128	949	952
215136	235	188602	949	952
325086	235	191187	949	952
357262	49	189402	949	952
272325	235	188154	949	952
289167	235	188519	949	952
228845	235	189509	949	952
199304	235	188018	949	952
201736	235	188026	949	952
196072	235	197879	949	952
277490	235	189095	949	952
242121	235	190328	949	952
213673	235	189106	949	952
198979	235	188396	949	952
200587	235	188058	949	952
209263	235	188880	949	952
210107	235	188118	949	952
201691	235	188051	949	952
212457	235	188121	949	952
245174	235	189911	949	952
216501	235	188479	949	952
202782	235	190040	949	952
196073	235	188155	949	952
233569	235	188608	949	952
299911	235	190263	949	952
225307	235	188626	949	952
212005	235	190287	949	952
226729	235	188168	949	952
193281	235	188029	949	952
212826	235	188480	949	952
287585	235	189161	949	952
207780	235	188009	949	952
202076	235	188188	949	952
217106	235	188323	949	952
204258	235	189280	949	952
219433	235	196575	949	952
284468	235	189095	949	952
241062	235	188206	949	952
216487	235	189890	949	952
207447	235	188050	949	952
196180	235	188133	949	952
209091	235	188732	949	952
194019	235	188066	949	952
211368	235	222767	949	952
295644	235	188768	949	952
237586	235	188221	949	952
200042	235	190227	949	952
202651	235	189270	949	952
197689	235	188760	949	952
246890	235	188538	949	952
221955	235	188232	949	952
194390	235	188214	949	952
265977	235	189093	949	952
208173	235	190769	949	952
280263	235	189512	949	952
203823	235	190422	949	952
310244	273	253916	949	952
205937	235	189953	949	952
202997	235	188247	949	952
279503	235	188350	949	952
195692	235	188006	949	952
224159	235	190328	949	952
208242	235	189095	949	952
273820	235	188636	949	953
204863	235	188019	949	953
197997	235	191192	949	953
211561	235	188120	949	953
205253	235	188132	949	953
194418	235	188063	949	953
223159	235	189827	949	953
198536	235	188377	949	953
203265	235	188118	949	953
217498	235	189237	949	953
233043	235	188186	949	953
198223	235	188093	949	953
221935	235	188043	949	953
236995	235	188179	949	953
208683	235	188024	949	953
210059	235	188040	949	953
235960	235	189162	949	953
211166	235	188510	949	953
218359	235	188033	949	953
224945	235	189956	949	953
197286	235	188023	949	953
211517	235	188041	949	953
216585	235	188094	949	953
199898	235	188206	949	953
226773	235	188119	949	953
197241	235	188003	949	953
289133	235	189216	949	953
328305	235	188596	949	953
221001	235	188742	949	953
202176	235	188439	949	953
223691	235	188164	949	953
193276	235	189538	949	953
232215	235	188143	949	953
230124	235	189082	949	953
198066	235	188471	949	953
269124	235	188951	949	953
261792	235	188032	949	953
205655	235	188057	949	953
236998	235	197099	949	953
204702	235	188409	949	953
200101	176	340803	949	953
214052	235	188204	949	953
246390	235	188938	949	953
200556	235	188068	949	953
257673	235	188353	949	953
208625	235	189269	949	953
201531	235	191106	949	953
196146	235	189951	949	953
219304	235	190237	949	953
283570	235	188761	949	953
199743	235	188918	949	953
197251	235	189232	949	953
257653	235	188073	949	953
214641	235	189423	949	953
244264	235	188920	949	953
244753	235	188141	949	953
196652	235	195017	949	953
216070	235	188480	949	953
206552	235	188110	949	953
223639	235	188636	949	953
239466	235	188142	949	953
248039	235	188037	949	953
265101	235	188742	949	953
201704	235	188768	949	953
196925	235	188163	949	953
312064	49	188196	949	953
282016	235	188312	949	953
199080	235	188020	949	953
194077	235	190866	949	953
272003	235	188127	949	953
210061	235	188179	949	953
271521	235	188482	949	953
203558	235	188021	949	953
194895	235	188851	949	953
217566	235	189953	949	953
209827	235	189936	949	953
200814	235	188179	949	953
218694	235	190237	949	953
210069	235	188050	949	953
228975	235	188426	949	953
214676	235	188383	949	953
255700	235	188844	949	953
217918	235	188167	949	953
212618	235	188072	949	953
254280	235	188489	949	953
280564	235	188053	949	953
199247	235	190769	949	953
213230	235	189077	949	953
271026	235	188143	949	953
192903	235	188006	949	953
352273	235	188656	949	953
232288	235	188130	949	953
204179	235	188173	949	953
216423	235	188200	949	953
199876	235	188218	949	953
288989	235	189326	949	953
216998	235	188488	949	953
216735	235	189325	949	953
216776	235	188261	949	953
225120	235	188146	949	953
216087	235	188147	949	953
194172	235	191383	949	953
277454	235	188604	949	953
202132	235	188426	949	953
297173	235	188273	949	953
205812	235	191156	949	953
221366	235	189044	949	953
205746	235	188026	949	953
203465	235	188105	949	953
198485	235	188056	949	953
209447	235	188020	949	953
227976	235	190441	949	953
247587	235	189266	949	953
195457	235	188218	949	953
211737	235	188220	949	953
215158	235	189936	949	953
197143	235	188415	949	953
241511	235	188856	949	953
205302	235	188215	949	953
217116	235	188066	949	953
202836	235	191805	949	953
224354	235	188122	949	953
209512	235	188928	949	953
215588	235	188166	949	953
243521	235	188180	949	953
216416	235	188132	949	953
223020	235	191912	949	953
213384	235	188770	949	953
196707	235	188368	949	953
271980	235	188461	949	953
215248	235	188089	949	953
193961	235	188072	949	953
202276	235	188335	949	953
211669	235	189254	949	953
243680	235	188368	949	953
211748	235	188476	949	953
277259	235	189109	949	953
199142	235	188025	949	953
219661	235	188140	949	953
200294	235	188240	949	953
246098	235	189183	949	953
203970	235	188153	949	953
263361	235	188146	949	953
276373	235	189783	949	953
271813	235	188147	949	953
197775	235	188726	949	953
200458	235	189245	949	953
208836	235	188501	949	953
203216	235	195378	949	953
200326	235	188526	949	953
194576	235	189350	949	953
304488	42	217575	949	953
194615	235	188027	949	953
249748	235	188139	949	953
224311	49	191166	949	953
211930	235	188200	949	953
269121	235	189062	949	953
292964	235	188304	949	953
210422	235	188487	949	953
204262	235	188620	949	953
264768	235	195743	949	953
210277	235	188131	949	953
251759	235	188497	949	953
226523	235	195623	949	953
194745	235	188443	949	953
204521	235	188064	949	953
205588	235	188279	949	953
247705	235	188819	949	953
214634	235	188152	949	953
230903	235	189968	949	953
282040	235	188061	949	953
216774	235	190704	949	953
209557	235	192238	949	953
199956	235	188516	949	953
301070	49	191887	949	953
195939	235	188044	949	953
224514	235	188037	949	953
209279	235	188235	949	953
225512	235	188085	949	953
188833	239	199558	949	953
288093	235	188059	949	953
207796	235	188055	949	953
215623	235	188307	949	953
226420	235	204734	949	953
241435	235	189283	949	953
217498	235	188565	949	953
289122	235	189165	949	953
210063	235	188480	949	953
192437	47	201719	949	953
206433	235	188079	949	953
209715	235	188955	949	953
216154	235	188366	949	953
204864	235	189269	949	953
216833	235	191905	949	953
247648	235	188804	949	953
262322	235	199105	949	953
197619	235	189517	949	953
205109	235	191625	949	953
257682	235	202123	949	953
210358	235	188028	949	953
196491	235	188394	949	953
206389	235	188275	949	953
209520	235	188173	949	953
270671	235	188808	949	953
238257	235	188409	949	953
227273	235	190503	949	953
311267	49	189090	949	953
197335	235	188079	949	953
230905	235	188440	949	953
288223	287	296318	949	953
255118	235	189536	949	953
244895	235	188262	949	953
209568	235	188121	949	953
293954	235	188982	949	953
199428	235	188001	949	953
215049	235	188249	949	953
209446	235	188503	949	953
255242	235	191851	949	953
200955	235	188546	949	953
329215	235	188655	949	953
274429	235	195208	949	953
212977	235	188440	949	953
194409	235	188383	949	953
206820	235	188533	949	953
235904	235	190202	949	953
268346	235	188247	949	953
223381	235	188265	949	953
214669	235	188122	949	953
244872	235	188805	949	953
199689	235	188499	949	953
321433	235	188167	949	953
202750	235	188076	949	953
193942	235	188735	949	953
199596	235	189462	949	953
206121	235	188208	949	953
210440	235	188968	949	953
202256	235	192736	949	953
210299	235	189468	949	953
229752	235	193100	949	953
202611	235	193467	949	953
205458	235	189451	949	953
198007	235	188437	949	953
205776	235	188881	949	953
195395	235	188089	949	953
205470	235	188437	949	953
193610	235	189759	949	953
193925	235	188481	949	953
203358	235	188128	949	953
368633	235	212088	949	953
195823	235	188020	949	953
204184	235	188238	949	953
214175	235	188026	949	953
198769	235	188782	949	953
272693	235	190367	949	953
201854	235	188222	949	953
203767	235	188323	949	953
239618	235	188384	949	953
191670	47	351906	949	953
311267	49	195417	949	953
231311	235	188059	949	953
209947	235	188209	949	953
253364	235	198331	949	953
215456	235	188437	949	953
251209	235	188057	949	953
209715	235	190237	949	953
194263	235	192890	949	953
199908	235	188518	949	953
217816	235	188817	949	953
254470	235	189427	949	953
370630	290	188413	949	953
214221	235	191905	949	953
212297	235	188104	949	953
199254	235	188145	949	953
217444	235	188082	949	953
213220	235	189897	949	953
249276	235	188198	949	953
316664	235	188317	949	953
249488	235	188308	949	953
230810	235	188499	949	953
209397	235	188089	949	953
202264	235	188030	949	953
201695	235	188120	949	953
276093	235	189907	949	953
210128	235	188235	949	953
223654	235	188424	949	953
197999	235	188261	949	953
218984	235	188514	949	953
201915	235	188667	949	953
222257	235	192985	949	953
206184	235	188505	949	953
294222	235	189183	949	953
195975	235	189371	949	953
232194	235	188018	949	953
196760	235	188368	949	953
230944	235	188630	949	953
196529	235	188179	949	953
210152	235	188009	949	953
202132	235	188437	949	953
204829	235	188063	949	953
194389	235	188310	949	953
202982	235	188496	949	953
198394	235	188386	949	953
209429	235	188056	949	953
206449	235	215765	949	953
293749	235	188005	949	953
197030	235	188145	949	953
273668	235	188273	949	953
223061	235	188418	949	953
223159	235	190085	949	953
199587	235	188393	949	953
221493	235	188141	949	953
196380	235	189593	949	953
204031	235	188116	949	953
208049	235	189627	949	953
245603	235	215035	949	953
216529	235	190828	949	953
244240	235	188352	949	953
200233	235	188499	949	953
253052	235	188036	949	953
195663	235	188007	949	953
217346	235	188232	949	953
216691	235	188034	949	954
359932	49	325093	949	954
269503	235	188185	949	954
252105	235	190009	949	954
252876	235	188122	949	954
204927	235	188088	949	954
217459	235	189575	949	954
210078	235	188021	949	954
252375	235	188143	949	954
213636	235	188396	949	954
208653	235	188110	949	954
195118	235	188091	949	954
209201	235	188513	949	954
216688	235	188765	949	954
268876	235	189060	949	954
231059	235	188171	949	954
215168	235	188609	949	954
211129	235	188061	949	954
239114	235	188178	949	954
214574	235	188620	949	954
232703	235	188093	949	954
205072	235	188039	949	954
210007	235	188017	949	954
208382	235	189400	949	954
196113	235	188302	949	954
206021	235	188133	949	954
198548	235	188109	949	954
193054	235	190866	949	954
225926	235	191912	949	954
244228	235	188005	949	954
203626	235	188464	949	954
279083	235	200902	949	954
215030	235	188437	949	954
224685	235	188430	949	954
272176	235	188079	949	954
273099	235	189327	949	954
201620	235	190866	949	954
226022	235	188093	949	954
208696	235	188243	949	954
315301	47	335016	949	954
220531	235	188192	949	954
217183	235	188967	949	954
217170	235	192268	949	954
300470	235	188308	949	954
212556	235	188733	949	954
217870	235	188072	949	954
204420	235	188518	949	954
307786	235	188304	949	954
278391	235	189816	949	954
218276	235	188020	949	954
206031	235	188350	949	954
188032	239	203988	949	954
250336	235	188206	949	954
278598	235	188132	949	954
331426	235	188796	949	954
203662	235	188319	949	954
199800	235	189098	949	954
202285	235	188185	949	954
371036	101	189498	949	954
276378	235	188078	949	954
235958	235	189427	949	954
234220	235	188168	949	954
196241	235	188458	949	954
244761	235	188140	949	954
204210	235	189442	949	954
199989	235	188032	949	954
196469	235	188007	949	954
276550	289	246812	949	954
215015	235	188513	949	954
218339	235	188377	949	954
226883	235	188123	949	954
212078	235	188290	949	954
227345	235	189890	949	954
225301	235	188019	949	954
198366	235	188035	949	954
268658	235	188633	949	954
283861	235	188542	949	954
229824	235	188306	949	954
295259	235	189046	949	954
200539	235	188167	949	954
195634	235	188085	949	954
215724	235	188247	949	954
232073	235	188424	949	954
204859	235	188377	949	954
239122	235	188938	949	954
207294	235	188741	949	954
217606	235	188129	949	954
198132	235	188082	949	954
197651	235	188481	949	954
267329	235	189225	949	954
218070	235	188030	949	954
198974	235	190866	949	954
200231	235	188526	949	954
213930	235	188722	949	954
236539	235	189275	949	954
214312	235	188262	949	954
203301	235	201701	949	954
194306	235	188514	949	954
264262	235	188464	949	954
213202	235	189149	949	954
250881	235	188655	949	954
216664	235	188240	949	954
335965	235	188509	949	954
203000	235	188366	949	954
210475	235	189069	949	954
339781	235	189930	949	954
227085	235	189110	949	954
226831	235	188043	949	954
371036	101	220606	949	954
208047	235	190667	949	954
272770	235	188273	949	954
192763	235	188011	949	954
342398	235	202550	949	954
208277	235	189081	949	954
201224	235	188556	949	954
216708	235	188221	949	954
228352	235	188382	949	954
226324	235	188612	949	954
197779	235	189640	949	954
352686	49	188376	949	954
218842	235	188088	949	954
229987	235	188215	949	954
277606	235	194542	949	954
247221	235	188186	949	954
247788	235	188442	949	954
265410	235	188786	949	954
196929	235	188142	949	954
206337	235	189163	949	954
269246	235	189153	949	954
231012	235	188218	949	954
287121	235	189870	949	954
196478	235	188018	949	954
240305	235	188279	949	954
199260	235	188082	949	954
206172	235	188351	949	954
260652	235	189180	949	954
231734	235	190855	949	954
362818	235	335547	949	954
222061	235	188501	949	954
218181	235	188509	949	954
263263	235	188063	949	954
226008	235	188079	949	954
228044	235	188229	949	954
207918	235	188656	949	954
192377	235	188039	949	954
205257	235	190436	949	954
221599	235	188862	949	954
236684	235	188027	949	954
235092	235	188573	949	954
211771	235	188153	949	954
197831	235	188682	949	954
210586	235	189388	949	954
226392	235	188480	949	954
195503	235	188862	949	954
226035	235	188619	949	954
227660	235	189597	949	954
216676	235	189575	949	954
219512	235	188291	949	954
222893	235	189815	949	954
236813	235	192417	949	954
202276	235	188383	949	954
237197	235	188644	949	954
206488	235	188973	949	954
219382	235	188663	949	954
211953	235	188076	949	954
246256	235	188052	949	954
192001	235	188061	949	954
232135	235	189252	949	954
211358	235	188237	949	954
213871	235	189257	949	954
187994	254	226993	949	954
197867	235	188261	949	954
188062	267	320418	949	954
199458	235	188130	949	954
285850	235	192130	949	954
199533	235	188393	949	954
211161	235	188089	949	954
247628	235	188237	949	954
196392	235	188038	949	954
236756	235	188342	949	954
282758	235	189165	949	954
209604	235	188284	949	954
246812	289	276550	949	954
197725	235	188027	949	954
293762	235	188733	949	954
224943	235	188060	949	954
224929	235	188091	949	954
193509	47	194903	949	954
209633	235	188240	949	954
335016	47	315301	949	954
212842	235	188156	949	954
243084	235	188577	949	955
215837	235	188992	949	955
197406	235	188624	949	955
258333	235	188820	949	955
203862	235	188039	949	955
224712	235	189824	949	955
223324	235	188204	949	955
276679	235	188949	949	955
201546	235	188033	949	955
217962	235	189293	949	955
228623	235	188018	949	955
234602	235	189751	949	955
263457	235	188487	949	955
202079	235	188104	949	955
259428	235	189863	949	955
198173	235	188214	949	955
205882	235	188474	949	955
208267	235	189815	949	955
215838	235	188130	949	955
200721	235	188040	949	955
208806	235	188621	949	955
233882	235	188133	949	955
247101	235	191611	949	955
208516	235	188529	949	955
247280	235	189488	949	955
194951	235	189010	949	955
235280	235	189427	949	955
230751	235	188943	949	955
265603	235	188828	949	955
207135	235	191905	949	955
218570	235	188741	949	955
255364	209	289328	949	955
220312	235	190132	949	955
194861	235	188320	949	955
252974	235	188130	949	955
226051	235	188312	949	955
210757	235	188001	949	955
210077	235	188580	949	955
227281	235	188282	949	955
195606	235	188649	949	955
206610	235	189846	949	955
236357	235	188901	949	955
200678	235	188211	949	955
209164	235	188038	949	955
199569	235	188439	949	955
197781	235	188629	949	955
216700	235	188122	949	955
255364	180	337992	949	955
209094	235	189266	949	955
339353	37	189571	949	955
252146	235	189512	949	955
275690	235	188249	949	955
314323	235	215417	949	955
239162	235	188154	949	955
209743	235	188291	949	955
205124	235	188706	949	955
362639	49	312820	949	955
212500	235	188040	949	955
221010	235	188110	949	955
214155	235	189057	949	955
199491	235	188031	949	955
232307	235	188119	949	955
219480	235	188263	949	955
208944	235	188035	949	955
229449	235	188655	949	955
200853	235	188171	949	955
235558	235	188246	949	955
221563	235	188175	949	955
287411	235	188474	949	955
244853	235	188156	949	955
218127	235	190221	949	955
218937	235	188486	949	955
188703	233	255364	949	955
225836	235	188086	949	955
219905	235	188109	949	955
218827	235	188480	949	955
268435	235	189165	949	955
239850	235	188035	949	955
199604	235	188121	949	955
208367	47	314957	949	955
203852	235	188510	949	955
259982	235	188404	949	955
232502	235	188063	949	955
353015	49	295662	949	955
199603	235	188967	949	955
208174	235	188099	949	955
220333	235	188166	949	955
212609	235	188486	949	955
220890	235	188813	949	955
193354	235	188068	949	955
208588	235	188282	949	955
353370	235	197213	949	955
204227	235	188804	949	955
205698	235	188214	949	955
194648	235	188220	949	955
199940	235	188804	949	955
269936	235	188688	949	955
198657	235	188029	949	955
262450	235	190514	949	955
210174	235	188365	949	955
298932	235	189931	949	955
226538	235	188382	949	955
239733	235	188221	949	955
241453	235	188304	949	955
209013	235	188141	949	955
215186	235	189866	949	955
268216	235	189536	949	955
249585	235	188609	949	955
202710	235	194009	949	955
212866	235	188338	949	955
205527	235	188551	949	955
229485	235	188055	949	955
205206	235	188513	949	955
233732	235	188907	949	955
214065	235	188094	949	955
283603	235	189303	949	955
280858	235	188609	949	955
202069	235	188486	949	955
274532	235	207426	949	955
234368	235	188055	949	955
242619	235	189260	949	955
230772	235	194009	949	955
200688	235	188368	949	955
221601	235	188606	949	955
206687	235	188219	949	955
272075	235	191648	949	955
209091	235	188355	949	955
203324	235	189242	949	955
202846	235	188090	949	955
250676	235	188753	949	955
226238	235	189851	949	955
206596	235	188172	949	955
235812	235	188978	949	955
203785	235	188924	949	955
220208	235	188314	949	955
219398	235	188061	949	955
218215	235	188130	949	955
200807	235	188410	949	955
259382	235	189183	949	955
208292	235	188218	949	955
221995	235	188510	949	955
227875	235	191625	949	955
370078	235	280544	949	955
233882	235	189421	949	955
215772	235	188024	949	955
307047	235	189936	949	955
232135	235	188225	949	955
224997	235	188399	949	955
307063	235	192261	949	955
317203	235	188060	949	955
218725	235	188468	949	955
193923	235	188043	949	956
284811	235	191022	949	956
217006	235	188003	949	956
187991	267	244024	949	956
210536	235	188307	949	956
237556	235	188347	949	956
206987	235	188321	949	956
249922	235	188441	949	956
198242	235	188480	949	956
232191	235	189744	949	956
229223	235	190916	949	956
216398	235	188099	949	956
200193	235	188609	949	956
195874	235	188445	949	956
214200	183	290787	949	956
205889	235	188101	949	956
353534	235	188350	949	956
282607	235	190125	949	956
249312	235	188193	949	956
217877	235	189069	949	956
201263	235	188060	949	956
200745	235	188157	949	956
280624	235	188513	949	956
204549	235	188480	949	956
201937	235	188480	949	956
271020	235	189431	949	956
200070	235	188383	949	956
261149	235	188262	949	956
209570	235	188006	949	956
227012	235	190408	949	956
229663	235	188423	949	956
204336	235	188480	949	956
242546	235	188488	949	956
326078	235	188510	949	956
198160	235	188527	949	956
239269	235	188713	949	956
210166	235	188876	949	956
231499	235	188451	949	956
211627	235	188225	949	956
266109	235	189015	949	956
317575	37	187994	949	956
219393	235	189750	949	956
193009	235	188018	949	956
204360	235	189191	949	956
341134	47	201272	949	956
299584	235	188609	949	956
206552	235	188480	949	956
201272	47	341134	949	956
236430	235	189951	949	956
239215	235	188093	949	956
215023	235	188480	949	956
229449	235	188215	949	956
269890	235	188218	949	956
230153	235	188379	949	956
214496	235	188370	949	956
256736	235	188719	949	956
289876	235	188127	949	956
238986	235	188001	949	956
211856	235	188302	949	956
212571	235	188445	949	956
280316	235	189377	949	956
232550	235	188151	949	956
200802	235	188200	949	956
223359	235	189371	949	956
247169	235	188578	949	956
215023	235	188127	949	956
206111	235	189093	949	956
205715	235	188001	949	956
242701	235	188595	949	956
213877	235	188702	949	956
221331	235	188225	949	956
223131	235	189597	949	956
212097	235	188129	949	956
219256	235	189108	949	956
313119	235	188663	949	956
217609	235	188079	949	956
235883	235	188222	949	956
271321	42	208455	949	956
221189	235	189283	949	956
208974	235	188451	949	956
203484	235	188238	949	956
211732	235	194591	949	956
201941	235	189252	949	956
242632	235	189615	949	956
287290	235	189721	949	956
238691	235	188951	949	956
194577	245	218706	949	956
224006	235	188955	949	956
287296	235	188658	949	956
257086	235	188204	949	956
230714	235	190094	949	956
216199	235	188040	949	956
194028	235	188038	949	956
222641	235	188510	949	956
206691	235	188047	949	957
245344	235	189311	949	957
308044	273	198028	949	957
233690	235	188253	949	957
211294	235	188383	949	957
224151	235	190192	949	957
206539	235	189421	949	957
215780	235	188507	949	957
212248	289	211983	949	957
222880	235	188141	949	957
258378	235	188534	949	957
262682	235	189015	949	957
313305	235	302754	949	957
295949	235	191625	949	957
246956	235	188392	949	957
212814	235	188265	949	957
219959	235	188214	949	957
236150	235	188101	949	957
205939	235	188510	949	957
214644	235	188308	949	957
240773	235	188408	949	957
247474	235	188164	949	957
204015	273	198028	949	957
193846	235	188415	949	957
197717	235	188481	949	957
278948	235	189488	949	957
214422	235	188551	949	957
199597	235	188256	949	957
224761	235	188415	949	957
224206	235	188804	949	957
213954	235	188928	949	957
223190	235	189973	949	957
251654	235	192074	949	957
235556	235	190197	949	957
210078	235	188110	949	957
208882	235	188785	949	957
228752	235	188335	949	957
208804	235	189963	949	957
273605	235	189110	949	957
203862	235	188210	949	957
369889	42	265509	949	957
226687	235	188944	949	957
219635	235	188163	949	957
207135	235	188440	949	957
210922	235	189062	949	957
253377	235	188619	949	957
214341	235	188025	949	957
204909	235	188221	949	957
222491	235	188904	949	957
258347	235	189270	949	957
300883	235	191849	949	957
245077	235	188127	949	957
232465	235	188073	949	957
277897	42	188861	949	957
236030	235	188314	949	957
200100	235	188606	949	957
211762	235	188395	949	957
228877	235	188314	949	957
210403	235	188108	949	957
206430	235	188351	949	957
247398	235	188609	949	957
299896	235	188399	949	957
223190	235	189973	949	957
190878	267	295763	949	957
208703	235	188162	949	957
211983	289	212248	949	957
230983	235	188120	949	957
229371	235	188316	949	957
246358	235	188655	949	957
247700	235	190619	949	957
211475	235	188904	949	957
256108	235	202934	949	957
245326	235	188507	949	957
195938	235	188655	949	957
269921	235	190064	949	957
231180	235	188798	949	957
201359	235	188480	949	957
210749	235	188510	949	957
188177	267	219941	949	957
220138	235	189581	949	957
218947	235	189515	949	957
233294	235	188862	949	958
211438	235	188277	949	958
316733	235	214279	949	958
213883	289	271775	949	958
227619	235	188497	949	958
199601	235	188214	949	958
210107	235	188019	949	958
212423	235	188321	949	958
215260	235	188122	949	958
277887	235	188944	949	958
204637	289	210874	949	958
227356	235	188517	949	958
228983	235	188355	949	958
196879	235	189287	949	958
229298	235	189666	949	958
196050	235	188204	949	958
207928	235	188635	949	958
361399	235	188518	949	958
203443	235	188310	949	958
217567	235	188310	949	958
239953	235	188856	949	958
194802	235	188713	949	958
287501	235	199176	949	958
249612	235	188355	949	958
356261	273	190999	949	958
276297	235	188655	949	958
247959	235	188019	949	958
221087	235	188019	949	958
230984	235	189963	949	958
213223	235	189257	949	958
359740	235	189801	949	958
213356	235	188437	949	958
206234	235	188017	949	958
304619	235	190719	949	958
199326	235	188904	949	958
231180	235	188122	949	958
216692	235	188033	949	958
200913	235	188648	949	958
226535	235	188510	949	958
215619	235	188433	949	958
298101	235	209342	949	958
280893	235	188879	949	958
198714	235	190085	949	958
342177	235	190027	949	958
271775	289	213883	949	958
215452	235	188024	949	958
222517	235	188027	949	958
249127	235	188007	949	958
237705	235	190476	949	958
210874	289	204637	949	958
277606	235	192765	949	958
218813	235	188648	949	958
224140	235	188415	949	958
248810	235	192789	949	958
214316	235	188481	949	958
313873	235	193645	949	958
209633	235	188471	949	958
198461	235	188234	949	958
193319	235	188120	949	958
205608	235	188437	949	958
244313	235	190476	949	958
217824	235	189263	949	958
214067	235	188682	949	959
219727	235	188804	949	959
199741	235	188093	949	959
204977	235	188193	949	959
212660	235	188635	949	959
211972	235	192268	949	959
196000	235	188056	949	959
248056	235	189269	949	959
196017	235	188193	949	959
254357	235	190054	949	959
219014	235	188055	949	959
199514	235	188321	949	959
228161	235	189317	949	959
205694	235	188507	949	959
308358	101	189498	949	959
205546	235	192417	949	959
296029	235	188161	949	959
270168	235	188180	949	959
215882	235	188310	949	959
208800	235	188210	949	959
268143	235	188387	949	959
216838	235	188404	949	959
211452	235	189400	949	959
209828	235	189252	949	959
250105	235	188757	949	959
206191	235	188254	949	959
205837	235	188214	949	959
217650	235	188256	949	959
226257	235	188730	949	959
308358	101	220606	949	959
195238	235	188513	949	959
267380	235	188796	949	959
232940	235	189191	949	959
235962	235	188757	949	959
202955	235	188193	949	959
225073	235	190094	949	959
212786	235	188218	949	959
208037	235	188335	949	959
198132	235	188021	949	959
229898	235	188451	949	959
199863	235	188415	949	959
244895	235	188534	949	959
211345	235	188904	949	959
215044	235	189270	949	959
202722	235	188262	949	959
231757	235	188032	949	960
197690	235	189362	949	960
350124	235	290019	949	960
257611	235	188822	949	960
284865	235	189536	949	960
225322	235	188158	949	960
205527	235	188384	949	960
321757	273	268680	949	960
196250	235	188193	949	960
282075	235	198779	949	960
267314	235	188518	949	960
244436	235	188143	949	960
208014	235	188218	949	960
210213	235	188203	949	960
233639	235	194591	949	960
188413	254	229095	949	960
268992	235	188655	949	960
343017	235	188143	949	960
208154	235	189062	949	960
213230	235	188497	949	960
317369	235	190358	949	960
229044	235	189371	949	960
282663	235	190521	949	960
234428	235	188794	949	960
203120	235	189062	949	960
204310	235	188214	949	960
213046	235	188822	949	960
286829	235	188116	949	960
203459	235	188904	949	960
283546	235	190221	949	960
220889	235	189237	949	960
221361	235	190028	949	960
324318	235	189695	949	960
209893	235	189362	949	960
224352	235	188122	949	960
219429	235	188256	949	960
197980	235	188122	949	961
211736	235	188019	949	961
206021	235	188093	949	961
230669	235	269266	949	961
233639	235	188944	949	961
220869	235	188796	949	961
216607	235	188314	949	961
199848	235	188263	949	961
207970	235	188047	949	961
205602	235	188480	949	961
221711	235	188534	949	961
228564	235	188888	949	961
229423	235	194591	949	961
207861	235	188471	949	961
208911	235	188437	949	961
214022	235	188310	949	961
209104	235	189062	949	961
196901	235	188093	949	961
219340	235	188047	949	961
199891	235	188499	949	961
274897	235	189257	949	961
208482	235	188480	949	961
221538	235	189122	949	961
247874	235	189371	949	961
188915	224	289469	949	961
214717	235	190192	949	961
221737	235	188014	949	961
223647	235	189515	949	961
213381	235	188355	949	962
201507	235	188019	949	962
322896	235	193638	949	962
241649	289	303250	949	962
232124	235	188384	949	962
337418	235	190408	949	962
217483	235	188534	949	962
277385	235	196140	949	962
312814	273	211241	949	962
277385	235	195331	949	962
272651	235	189929	949	962
205253	235	188254	949	962
277120	235	192765	949	962
303250	289	241649	949	962
214022	235	188316	949	962
214053	235	188032	949	962
339144	273	220459	949	962
310206	235	214279	949	962
203200	235	188535	949	963
203651	235	188507	949	963
258892	235	189371	949	963
214457	235	188193	949	963
233456	235	189269	949	963
270960	235	189930	949	963
235414	235	188047	949	963
201618	235	188944	949	963
203300	235	188055	949	963
228571	235	189801	949	963
268208	235	188090	949	963
201339	235	189419	949	963
193954	235	188481	949	963
325311	267	337388	949	963
224428	235	189269	949	963
298131	273	195756	949	964
287670	235	188304	949	964
196105	235	188527	949	964
200003	235	188097	949	964
192385	289	194203	949	964
254282	289	241329	949	964
289472	273	195756	949	964
294206	289	307647	949	964
307647	289	294206	949	964
194203	289	192385	949	964
229433	273	195756	949	964
217425	273	195756	949	964
241329	289	254282	949	964
275437	273	195756	949	964
195915	273	195756	949	964
248700	235	188161	949	964
219385	235	188310	949	965
203844	235	189165	949	965
196459	235	188713	949	965
269061	235	189629	949	965
239960	235	192350	949	965
199518	235	188944	949	965
193120	254	217715	949	966
222083	235	188019	949	966
260875	289	305932	949	966
233766	235	189801	949	966
204527	235	188335	949	966
305932	289	260875	949	966
197627	235	188093	949	966
216848	235	188310	949	967
190837	267	246605	949	968
247936	235	194354	949	968
332847	235	219224	949	968
318356	289	316080	949	971
316080	289	318356	949	971
188012	267	339992	949	973
342413	289	227628	949	973
369365	273	256271	949	974
188230	262	305335	950	0
340673	97	213008	950	0
201613	262	286440	950	0
312432	289	236784	950	0
237989	235	188420	950	0
200914	106	342594	950	0
301793	262	331470	950	0
220442	289	231684	950	0
305335	263	209608	950	0
189416	106	188174	950	0
188548	262	325589	950	0
205084	106	321310	950	0
189502	106	267948	950	0
188125	262	325589	950	0
189171	61	198908	950	0
356706	262	331470	950	0
323406	262	331470	950	0
253385	262	192539	950	0
265423	106	194790	950	0
291315	106	196833	950	0
361378	262	331470	950	0
217748	106	194710	950	0
194335	262	325589	950	0
314792	106	220673	950	0
192440	262	331470	950	0
202284	106	189373	950	0
189850	262	325589	950	0
224935	235	188318	950	0
340552	289	212401	950	0
267948	106	189502	950	0
197825	106	225740	950	0
305335	61	188642	950	0
188233	262	325589	950	0
188336	262	325589	950	0
289716	262	331470	950	0
194739	106	194187	950	0
194790	106	265423	950	0
225740	106	197825	950	0
298785	106	190036	950	0
220059	262	331470	950	0
266517	262	331470	950	0
189328	262	325589	950	0
212402	244	336522	950	0
342594	106	200914	950	0
251277	289	248125	950	0
244793	106	271848	950	0
187994	262	325589	950	0
301664	235	188950	950	0
367709	262	192539	950	0
224262	235	189146	950	0
190036	106	191662	950	0
360266	242	263265	950	0
194739	106	189771	950	0
225474	106	194739	950	0
364754	262	331470	950	0
206472	235	191392	950	0
341966	262	331470	950	0
224998	106	217133	950	0
197288	235	190614	950	0
188531	106	188327	950	0
269524	287	372981	950	0
191282	262	325589	950	0
187997	106	193940	950	0
271848	106	244793	950	0
202004	106	322336	950	0
215760	76	201299	950	0
305335	257	329354	950	0
346172	262	331470	950	0
195858	106	197466	950	0
256963	42	188196	950	0
212401	289	340552	950	0
190495	262	373157	950	0
317074	262	331470	950	0
188639	106	198048	950	0
199468	235	189628	950	0
247729	289	254724	950	0
214280	106	297335	950	0
188363	262	325589	950	0
324795	262	331470	950	0
191789	106	253341	950	0
231041	262	331470	950	0
348752	262	331470	950	0
194137	106	192031	950	0
321310	106	205084	950	0
197466	106	195858	950	0
321861	262	331470	950	0
305335	257	330912	950	0
187990	262	325589	950	0
189527	262	331470	950	0
195333	106	196483	950	0
231684	289	220442	950	0
327927	42	206534	950	0
193316	262	331470	950	0
313450	235	188515	950	0
346200	262	331470	950	0
353423	262	331470	950	0
263541	273	187996	950	0
198048	106	188639	950	0
357933	262	331470	950	0
190036	106	220626	950	0
190061	106	196745	950	0
350934	262	331470	950	0
305335	263	188080	950	0
310033	106	346016	950	0
191727	262	325589	950	0
232644	49	269374	950	0
209852	289	291124	950	0
357030	262	331470	950	0
247076	262	331470	950	0
351399	289	352411	950	0
308928	262	331470	950	0
271602	289	208280	950	0
288474	262	286440	950	0
290683	235	190434	950	0
192185	106	191604	950	0
254724	289	247729	950	0
193958	262	320818	950	0
335666	262	331470	950	0
189933	262	331470	950	0
204954	235	194544	950	0
188114	262	325589	950	0
193322	262	325589	950	0
227302	280	333058	950	0
247300	235	188574	950	0
240868	289	253366	950	0
188931	262	325589	950	0
318313	282	195992	950	0
374175	262	331470	950	0
223905	235	197068	950	0
191248	106	188062	950	0
189373	106	202284	950	0
193257	106	312629	950	0
308711	262	331470	950	0
305335	263	188233	950	0
344182	262	331470	950	0
204677	262	331470	950	0
210722	106	258605	950	0
210722	106	192975	950	0
352411	289	351399	950	0
250284	273	189313	950	0
250331	262	331470	950	0
196833	106	291315	950	0
252307	262	294859	950	0
287329	106	249220	950	0
192031	106	194137	950	0
189171	61	246965	950	0
267132	235	189820	950	0
207673	235	191154	950	0
194442	262	325281	950	0
189171	61	230698	950	0
309434	262	192539	950	0
188289	262	318606	950	0
248125	289	251277	950	0
294109	267	326264	950	0
253366	289	240868	950	0
208280	289	271602	950	0
194710	106	217748	950	0
310208	106	189416	950	0
297335	106	214280	950	0
254576	287	375292	950	0
264458	106	189873	950	0
224269	267	303669	950	0
279969	273	187996	950	0
191660	262	311985	950	0
297744	273	187996	950	0
189873	106	264458	950	0
187992	262	325589	950	0
191583	264	188413	950	0
188642	262	305335	950	0
217679	289	194773	950	0
189771	106	194739	950	0
291124	289	209852	950	0
193940	106	187997	950	0
372863	282	189961	950	0
196483	106	195333	950	0
188184	106	188002	950	0
255740	235	188419	950	0
194739	106	225474	950	0
188289	262	305335	950	0
305335	61	188289	950	0
193841	264	190349	950	0
188549	262	325589	950	0
190872	262	331470	950	0
225881	262	331470	950	0
188339	262	325589	950	0
194773	289	217679	950	0
191085	106	192296	950	0
189171	61	199268	950	0
192286	262	325589	950	0
291256	289	236997	950	0
190042	262	331470	950	0
198476	106	192344	950	0
220626	106	190036	950	0
213392	262	331470	950	0
188174	106	189416	950	0
194137	106	195470	950	0
220673	106	314792	950	0
188698	106	190460	950	0
197472	264	190349	950	0
188715	267	213244	950	0
196745	106	190061	950	0
236784	289	312432	950	0
346444	262	331470	950	0
194187	106	194739	950	0
189171	61	233176	950	0
218634	289	321032	950	0
373505	262	331470	950	0
191662	106	190036	950	0
238302	262	192539	950	0
347611	262	331470	950	0
305335	61	188230	950	0
187998	256	325589	950	0
210551	262	358074	950	0
363939	106	233347	950	0
192344	106	198476	950	0
188642	262	325589	950	0
235518	262	331470	950	0
189878	262	331470	950	0
321032	289	218634	950	0
190996	106	189599	950	0
236997	289	291256	950	0
255740	235	190375	950	0
319282	245	293123	950	0
259785	262	331470	950	0
201613	262	325589	950	0
281010	290	187992	950	0
211801	235	189488	950	0
197087	262	325589	950	0
189416	106	203026	950	0
190036	106	298785	950	0
195080	262	331470	950	0
190460	106	188698	950	0
287190	235	189013	950	0
196449	106	238028	950	0
188289	262	325589	950	0
273179	262	294859	950	0
213368	235	189994	950	0
282956	273	190918	950	0
191604	106	192185	950	0
190163	262	325589	950	0
188062	106	191248	950	0
344215	262	331470	950	0
188327	106	188531	950	0
188926	262	331470	950	0
207149	235	189063	950	0
201386	235	188217	950	0
220997	235	188500	950	0
197466	106	189027	950	0
190349	264	193841	950	0
188650	262	325589	950	0
190419	257	199939	950	0
219106	42	227952	950	0
319382	262	331470	950	0
191216	106	216311	950	0
188002	106	188184	950	0
252996	262	192539	950	0
344290	262	235200	950	0
188413	262	267379	950	0
190349	264	197472	950	0
336868	289	263539	950	0
238028	106	196449	950	0
188205	262	325589	950	0
360266	58	187992	950	0
233347	106	363939	950	0
189829	262	318606	950	0
189171	61	201852	950	0
362544	290	188363	950	0
262208	262	331470	950	0
352208	262	331470	950	0
188413	264	191583	950	0
263539	289	336868	950	0
301876	273	189144	950	0
189120	106	294180	950	0
189027	106	197466	950	0
220275	262	331470	950	0
358224	278	373583	950	0
208753	262	331470	950	0
373119	262	331470	950	0
217133	106	224998	950	0
194079	262	327698	950	0
193664	235	200654	950	0
192296	106	191085	950	0
342902	76	235430	950	0
327138	262	331470	950	0
195470	106	194137	950	0
312629	106	193257	950	0
352251	273	190480	950	0
214867	262	331470	950	0
249220	106	287329	950	0
189914	262	331470	950	0
320747	262	331470	950	0
189599	106	190996	950	0
332060	262	331470	950	0
199463	235	188590	950	941
214961	235	190441	950	949
249153	235	292553	950	950
210321	235	188165	950	950
207764	235	188254	950	950
296196	139	335822	950	950
214669	235	188509	950	950
354085	282	250562	950	950
250562	139	354085	950	950
194041	52	365234	950	950
193024	235	188126	950	950
207970	235	210574	950	950
210828	235	190223	950	950
340223	282	305160	950	950
209212	235	188001	950	950
207682	282	190128	950	950
366095	101	188002	950	950
228724	235	195058	950	950
292866	235	188628	950	950
199255	235	188461	950	950
204009	235	189647	950	950
210498	235	188473	950	950
246512	282	189856	950	950
346863	49	249041	950	950
236352	235	188192	950	950
253488	235	243851	950	950
232893	235	192661	950	950
192265	52	307706	950	950
198228	235	204234	950	950
218241	235	188007	950	950
346182	139	300198	950	950
263207	235	190857	950	950
265679	235	188154	950	950
245585	282	188295	950	950
319378	282	195077	950	950
263207	235	191452	950	950
194965	235	218080	950	950
200194	235	188627	950	950
208368	235	188050	950	950
197284	235	189293	950	950
200871	235	188273	950	950
268501	282	210090	950	950
224491	282	191488	950	950
199373	235	189455	950	950
219615	235	188059	950	950
196236	235	191198	950	950
314787	282	190393	950	950
291264	235	188378	950	950
347284	235	188355	950	950
205682	235	190019	950	950
344880	139	330191	950	950
190637	52	367484	950	950
321078	52	338690	950	950
255461	282	195077	950	950
221675	52	267546	950	950
365234	139	219028	950	950
275916	235	189326	950	950
194352	235	190739	950	950
348678	282	191831	950	950
318249	282	188431	950	950
208456	235	188558	950	950
355308	139	335711	950	950
285836	235	190027	950	950
199204	235	189538	950	950
364958	282	190393	950	950
257611	235	194357	950	950
194460	235	188153	950	950
198618	235	189679	950	950
192458	235	188173	950	950
216624	235	191807	950	950
196028	235	188454	950	950
240799	235	188906	950	950
217381	235	188203	950	950
194127	282	338690	950	950
204448	235	192625	950	950
196270	235	188044	950	950
279012	235	188744	950	950
195714	235	188244	950	950
217626	282	190982	950	950
216833	235	191713	950	950
253923	235	189082	950	950
236774	235	189091	950	950
206301	282	322420	950	950
252886	235	190115	950	950
281964	282	354580	950	950
234519	235	191434	950	950
202723	235	230140	950	950
267323	282	260659	950	950
365234	139	231966	950	950
290480	235	188592	950	950
211185	235	189070	950	950
200427	52	313793	950	950
242420	282	327741	950	950
196507	52	190418	950	950
194267	282	189693	950	950
211192	282	190909	950	950
278949	235	188655	950	950
284352	235	189070	950	950
224180	235	189166	950	950
215019	235	196210	950	950
367075	282	195170	950	950
331147	282	373234	950	950
200480	235	188172	950	950
195163	235	190680	950	950
197403	235	193747	950	950
220031	235	188098	950	950
338952	52	371651	950	950
315338	49	190428	950	950
332391	139	204796	950	950
196195	235	188109	950	950
297515	52	309306	950	950
352885	139	344216	950	950
216274	235	223683	950	950
281076	235	240089	950	950
194423	235	188966	950	950
196405	235	188033	950	950
196904	235	189194	950	950
216001	235	188249	950	950
218884	235	189986	950	950
198774	235	192551	950	950
239479	235	189517	950	950
313389	282	370647	950	950
196676	235	197034	950	950
203475	235	194387	950	950
201071	235	188118	950	950
347771	282	310275	950	950
289202	235	188955	950	950
330771	235	188123	950	950
194708	235	188622	950	950
273105	235	189146	950	950
203123	235	189647	950	950
193870	235	188492	950	950
217826	52	277186	950	950
214459	235	191611	950	950
339200	235	205916	950	950
217997	235	189289	950	950
224277	235	190084	950	950
274583	235	188068	950	950
195117	235	188027	950	950
195143	235	191106	950	950
204472	282	211512	950	950
242575	235	188041	950	950
196537	235	188226	950	950
204694	235	195712	950	950
194366	235	188085	950	950
313663	235	192290	950	950
342727	282	191042	950	950
291667	282	323293	950	950
245597	235	191354	950	950
202625	235	190172	950	950
276770	282	189365	950	950
211789	235	196210	950	950
195297	235	191724	950	950
192455	235	192182	950	950
223617	235	189691	950	950
251717	235	188449	950	950
195489	235	188107	950	950
211049	235	218365	950	950
365075	235	238189	950	950
246092	235	189496	950	950
206393	235	188426	950	950
278662	282	352203	950	950
261179	235	220967	950	950
221675	52	332808	950	950
224527	235	188051	950	950
254065	282	221621	950	950
287170	235	188064	950	950
190797	282	275663	950	950
223392	235	188096	950	950
256044	52	370415	950	950
199030	235	188028	950	950
339895	282	190779	950	950
221459	235	189296	950	950
200592	235	189131	950	950
199196	282	293347	950	950
227291	235	188383	950	950
246183	235	188649	950	950
231237	52	354473	950	950
324877	235	195407	950	950
210101	235	188901	950	950
217779	235	194368	950	950
209466	235	189649	950	950
202489	235	189139	950	950
204056	235	188364	950	950
220089	235	188045	950	950
242969	282	331038	950	950
257168	235	189205	950	950
249424	235	188263	950	950
196717	235	188405	950	950
198903	235	188060	950	950
205233	235	189803	950	950
219335	52	335478	950	950
205628	235	188173	950	950
268989	235	190818	950	950
212358	235	190680	950	950
198239	235	188462	950	950
209653	235	188011	950	950
197282	235	189145	950	950
289625	282	191364	950	950
196237	282	365014	950	950
192655	282	346702	950	950
337042	282	189773	950	950
191896	52	366647	950	950
334553	282	189365	950	950
191642	235	190720	950	950
198078	235	188556	950	950
209664	235	188003	950	950
202827	235	191138	950	950
220151	282	224797	950	950
344016	282	320542	950	950
354473	139	354472	950	950
270466	235	188348	950	950
190951	139	276557	950	950
194413	235	189386	950	950
214045	235	188153	950	950
296470	235	189003	950	950
261532	235	189153	950	950
203572	235	188048	950	950
237255	235	189355	950	950
261398	282	190779	950	950
205443	282	335478	950	950
201451	235	189732	950	950
197707	139	343181	950	950
262373	235	188171	950	950
344216	282	352885	950	950
202298	235	189921	950	950
196337	235	189006	950	950
214496	235	188617	950	950
295153	282	324521	950	950
281105	235	190903	950	950
346182	139	271644	950	950
364484	282	370647	950	950
331367	282	192073	950	950
204937	235	188109	950	950
365315	282	190713	950	950
195881	235	188567	950	950
208110	235	190827	950	950
252568	235	191242	950	950
222053	235	189028	950	950
196628	235	189818	950	950
311507	235	188003	950	950
307565	139	312946	950	950
278867	282	192266	950	950
191595	139	290126	950	950
242800	235	188485	950	950
352374	139	234499	950	950
243533	235	196440	950	950
279964	235	189070	950	950
193505	235	188079	950	950
194120	52	372834	950	950
200991	235	188079	950	950
217826	282	277186	950	950
289584	235	213240	950	950
372839	282	260659	950	950
209797	235	188162	950	950
331784	52	338889	950	950
292325	282	322197	950	950
207856	235	188038	950	950
191639	235	194547	950	950
259431	235	195149	950	950
201096	235	190172	950	950
213442	235	189139	950	950
212948	52	343681	950	950
237315	235	189679	950	950
199243	235	188214	950	950
214134	235	189121	950	950
232000	52	313793	950	950
192337	235	188139	950	950
194502	235	189069	950	950
223250	235	188556	950	950
275752	235	220967	950	950
207032	235	188486	950	950
227503	49	188861	950	950
201664	139	224519	950	950
194918	235	209395	950	950
197205	52	313793	950	950
196554	235	189427	950	950
192458	235	188134	950	950
259462	235	189108	950	950
349775	139	271247	950	950
191692	282	296196	950	950
271247	282	349775	950	950
215622	235	188718	950	950
238498	282	189654	950	950
296793	235	189260	950	950
209814	235	188260	950	950
207501	235	242035	950	950
199003	235	238735	950	950
193947	235	188145	950	950
318912	235	189044	950	950
215095	282	323869	950	950
248725	235	189762	950	950
193567	235	189372	950	950
231744	282	372325	950	950
274069	52	329616	950	950
219884	235	188970	950	950
240156	52	331038	950	950
196471	235	189697	950	950
202061	235	188449	950	950
208785	235	188894	950	950
198621	235	188121	950	950
203391	235	191426	950	950
205318	235	275780	950	950
264731	235	265428	950	950
194460	235	191340	950	950
259257	235	189732	950	950
195298	235	190903	950	950
266487	282	192411	950	950
207040	235	190538	950	950
305808	235	189484	950	950
193284	235	189100	950	950
194682	235	190080	950	950
196686	282	298692	950	950
220899	282	195572	950	950
224682	139	234216	950	950
328723	282	365014	950	950
198893	235	188334	950	950
222506	235	188552	950	950
231093	282	192039	950	950
255340	42	188910	950	950
207748	235	189121	950	950
279097	52	329616	950	950
220896	235	188482	950	950
204701	52	327700	950	950
204757	235	188248	950	950
298126	282	189432	950	950
221675	52	260879	950	950
212701	235	188533	950	950
197098	235	188127	950	950
238006	235	265428	950	950
213179	235	189522	950	950
268573	235	189057	950	950
190783	139	238498	950	950
215993	235	189970	950	950
198462	235	189749	950	950
254207	235	188991	950	950
276223	235	219306	950	950
196399	235	188596	950	950
208785	235	190871	950	950
213381	235	188003	950	950
193990	235	188107	950	950
256299	235	283722	950	950
202961	235	189001	950	950
223043	235	244676	950	950
374442	235	188492	950	950
272187	139	191102	950	950
201409	235	192093	950	950
212774	235	189284	950	950
265485	52	286689	950	950
260336	235	190538	950	950
191652	282	370362	950	950
230067	282	194381	950	950
215879	235	188426	950	950
195850	235	190172	950	950
198594	235	190696	950	950
268733	235	188208	950	950
360001	52	371651	950	950
195380	235	188386	950	950
220639	289	296986	950	950
207649	235	188259	950	950
245707	139	225912	950	950
331958	139	355568	950	950
200249	235	188324	950	950
296365	235	188619	950	950
212395	282	191044	950	950
265743	235	189449	950	950
224802	235	188378	950	950
208589	235	188917	950	950
193451	235	188105	950	950
297380	235	188395	950	950
199861	235	188101	950	950
226802	235	188099	950	950
216197	235	189173	950	950
193170	235	190520	950	950
312830	52	209610	950	950
214981	235	188473	950	950
298655	235	188290	950	950
203027	235	189105	950	950
200491	235	188019	950	950
193990	235	188165	950	950
302333	235	189217	950	950
292745	235	207397	950	950
192375	235	188318	950	950
212670	235	189429	950	950
191735	235	188145	950	950
272178	52	190447	950	950
204425	235	189754	950	950
290126	282	191595	950	950
211598	282	192253	950	950
249441	235	188473	950	950
212948	52	335478	950	950
204939	235	213250	950	950
326797	273	236695	950	950
317962	282	189432	950	950
237455	235	191820	950	950
242128	282	193292	950	950
229996	235	189803	950	950
213215	139	201349	950	950
346608	282	195515	950	950
263820	235	191851	950	950
201506	235	188193	950	950
206983	235	188706	950	950
203230	235	200987	950	950
344469	282	192128	950	950
230669	235	189041	950	950
207719	235	188310	950	950
250244	282	195330	950	950
201888	235	191711	950	950
238135	235	188348	950	950
242939	235	194011	950	950
227448	235	190373	950	950
195476	235	191138	950	950
211945	235	191365	950	950
258152	282	318439	950	950
277826	235	189484	950	950
214319	235	188622	950	950
218560	235	188345	950	950
191676	235	188009	950	950
220883	235	188072	950	950
197590	235	190143	950	950
345850	139	256316	950	950
275610	235	189121	950	950
202638	235	189663	950	950
351158	282	243203	950	950
261610	282	209610	950	950
234963	235	188812	950	950
219734	235	188217	950	950
261711	282	224957	950	950
266418	235	188442	950	950
203857	235	190505	950	950
198902	235	190739	950	950
276557	282	190951	950	950
321530	282	354094	950	950
327086	139	245816	950	950
221398	282	297885	950	950
335711	282	355308	950	950
194303	235	188924	950	950
244820	235	188378	950	950
240044	235	188204	950	950
264613	235	188203	950	950
356206	139	229041	950	950
243180	282	213925	950	950
249593	235	190422	950	950
201606	235	190763	950	950
371050	282	189607	950	950
201836	235	188206	950	950
203503	235	188017	950	950
195987	235	201950	950	950
234357	235	188275	950	950
231708	235	195078	950	950
249129	235	189166	950	950
214727	235	195149	950	950
196372	235	188302	950	950
324512	235	189165	950	950
207836	235	188036	950	950
314826	235	191962	950	950
221572	282	215177	950	950
282030	235	272395	950	950
256694	235	191677	950	950
335758	282	370938	950	950
256299	235	202439	950	950
199837	282	191050	950	950
193657	235	188054	950	950
202569	235	188182	950	950
229647	235	272395	950	950
346182	139	255896	950	950
199668	235	190123	950	950
328112	52	190811	950	950
235325	235	207397	950	950
350842	139	209135	950	950
245593	235	191452	950	950
213057	235	189679	950	950
231456	282	191421	950	950
202571	235	188399	950	950
216863	235	188909	950	950
213926	235	188167	950	950
256607	282	188295	950	950
211526	235	188203	950	950
257276	235	210556	950	950
366498	37	187988	950	950
243040	235	188497	950	950
237546	235	188045	950	950
228193	235	190150	950	950
316142	235	190027	950	950
288040	282	296968	950	950
287909	282	190128	950	950
206414	235	188026	950	950
347521	235	190809	950	950
346182	139	365268	950	950
271799	282	301373	950	950
245532	52	372834	950	950
344253	282	193363	950	950
216910	235	189638	950	950
206649	235	188699	950	950
255145	235	188477	950	950
194269	235	188033	950	950
201446	235	188040	950	950
268901	282	365014	950	950
194477	235	188838	950	950
196148	235	188152	950	950
195093	235	188226	950	950
308058	139	197731	950	950
267548	282	275059	950	950
221675	52	351948	950	950
238757	282	191470	950	950
219780	235	189028	950	950
202800	235	188556	950	950
257029	235	188552	950	950
204686	235	188492	950	950
327490	49	216333	950	950
327017	49	331190	950	950
288093	235	188515	950	950
196113	235	188405	950	950
288213	52	370415	950	950
199141	235	188079	950	950
204170	235	189293	950	950
225113	282	188889	950	950
197211	235	188490	950	950
206413	235	188370	950	950
257457	235	189205	950	950
204502	235	188613	950	950
193829	235	188302	950	950
353150	282	190374	950	950
251261	235	206748	950	950
249153	235	190602	950	950
225495	235	188337	950	950
221252	235	191254	950	950
194757	235	189627	950	950
224142	235	188795	950	950
193857	235	188104	950	950
195794	235	188206	950	950
215947	235	192551	950	950
223045	235	189250	950	950
221438	235	188340	950	950
227583	235	191105	950	950
192265	282	308274	950	950
202000	235	188064	950	950
235858	235	192168	950	950
265607	235	188298	950	950
200917	52	328752	950	950
198893	235	188015	950	950
354827	282	350555	950	950
284493	33	188625	950	950
214422	235	190223	950	950
312176	282	191011	950	950
201352	235	188879	950	950
278867	282	195077	950	950
243473	282	370415	950	950
199062	235	188056	950	950
222689	235	188552	950	950
212774	235	192551	950	950
212395	282	191076	950	950
214039	235	188026	950	950
191881	139	220868	950	950
199850	235	188429	950	950
