59928	259	56815	2001.0108	2011.063
46475	261	45576	2001.0112	2001.0112
77576	265	60775	2001.0118	2001.0118
71366	261	65290	2001.0122	2001.0122
50637	259	44390	2001.0122	2003.0127
83344	273	55041	2001.0126	2001.0126
53853	259	44020	2001.0201	2001.0301
47618	272	58049	2001.0203	2004.0901
48145	261	43971	2001.0207	2001.0207
77213	263	53456	2001.0227	2001.0318
45307	268	82151	2001.0318	2015.0101
81130	261	44804	2001.033	2001.033
48617	261	44394	2001.0412	2001.0412
48245	259	44689	2001.0416	2002.0101
51635	273	48427	2001.0501	2011.1104
65039	272	65040	2001.0506	2007.0101
65040	272	65039	2001.0506	2007.0101
73438	259	53484	2001.0516	2001.0831
45575	261	45576	2001.0517	2001.0517
77679	261	65290	2001.0518	2001.0518
81688	261	44804	2001.0611	2001.0611
83768	261	85795	2001.0611	2001.0611
60411	261	85795	2001.0611	2001.0611
44767	259	56815	2001.0618	2008.0418
66309	259	51238	2001.062	2004.1218
50111	273	64781	2001.0621	2001.0621
68904	259	51238	2001.0626	2012.1212
50111	261	44804	2001.0629	2001.0629
53853	259	50245	2001.0701	2002.0101
76563	259	74787	2001.0701	2003.063
63088	259	56077	2001.0702	2012.1004
54385	261	47777	2001.0719	2001.0719
59087	272	51879	2001.0721	2020.0101
48096	273	61721	2001.0723	2001.0723
43661	259	53129	2001.0727	2002.0405
48371	259	46275	2001.0819	2005.122
74347	261	44804	2001.0827	2001.0827
73529	259	81356	2001.0901	2001.1231
58548	265	44971	2001.0901	2005.0101
49567	261	65290	2001.0903	2001.0903
47782	261	44394	2001.0906	2001.0906
58861	261	72994	2001.1001	2001.1001
52446	261	85390	2001.1001	2001.1001
51274	261	44394	2001.1011	2001.1011
62293	261	60453	2001.1019	2001.1019
67043	265	75110	2001.1024	2001.1024
44649	261	44394	2001.1101	2001.1101
74347	273	54771	2001.1103	2007.0808
66377	259	48446	2001.1117	2015.1031
61834	259	53125	2001.1126	2002.0328
49927	261	78351	2001.1203	2001.1203
58188	261	78351	2001.1203	2001.1203
45560	261	60453	2001.1212	2001.1212
80223	259	52737	2002.0101	1996.0101
43980	261	43981	2002.0101	2002.0101
44972	259	44973	2002.0101	2002.0101
45170	261	45171	2002.0101	2002.0101
46209	261	44059	2002.0101	2002.0101
46800	259	43898	2002.0101	2002.0101
47595	259	47596	2002.0101	2002.0101
47859	259	47860	2002.0101	2002.0101
48875	259	48876	2002.0101	2002.0101
49521	259	49522	2002.0101	2002.0101
51873	261	51874	2002.0101	2002.0101
53486	259	53487	2002.0101	2002.0101
53608	262	43687	2002.0101	2002.0101
53810	261	53359	2002.0101	2002.0101
54010	259	54011	2002.0101	2002.0101
54273	259	54274	2002.0101	2002.0101
54818	259	54819	2002.0101	2002.0101
44407	261	54976	2002.0101	2002.0101
44044	261	47936	2002.0101	2002.0101
55454	259	53024	2002.0101	2002.0101
55992	261	50498	2002.0101	2002.0101
56173	259	56174	2002.0101	2002.0101
49987	261	56956	2002.0101	2002.0101
57548	261	54782	2002.0101	2002.0101
45586	259	55155	2002.0101	2002.0101
59981	261	59982	2002.0101	2002.0101
60564	259	60565	2002.0101	2002.0101
60346	261	60663	2002.0101	2002.0101
60433	261	60780	2002.0101	2002.0101
60895	261	60896	2002.0101	2002.0101
46927	261	61535	2002.0101	2002.0101
62281	265	44738	2002.0101	2002.0101
57789	261	56738	2002.0101	2002.0101
61402	259	56365	2002.0101	2002.0101
63055	259	43898	2002.0101	2002.0101
63509	259	63510	2002.0101	2002.0101
59342	261	47777	2002.0101	2002.0101
64143	259	43898	2002.0101	2002.0101
64192	261	44326	2002.0101	2002.0101
64243	261	48095	2002.0101	2002.0101
64252	259	64253	2002.0101	2002.0101
54880	259	51850	2002.0101	2002.0101
65288	261	48957	2002.0101	2002.0101
59449	259	43898	2002.0101	2002.0101
66008	261	66009	2002.0101	2002.0101
58682	259	49799	2002.0101	2002.0101
56137	261	43630	2002.0101	2002.0101
66641	261	44326	2002.0101	2002.0101
60906	259	66768	2002.0101	2002.0101
47832	259	46622	2002.0101	2002.0101
67214	261	47179	2002.0101	2002.0101
53576	261	47338	2002.0101	2002.0101
47438	259	45472	2002.0101	2002.0101
63622	259	48103	2002.0101	2002.0101
67562	261	45115	2002.0101	2002.0101
60267	261	51871	2002.0101	2002.0101
52877	261	68194	2002.0101	2002.0101
62614	261	60321	2002.0101	2002.0101
62871	261	56358	2002.0101	2002.0101
54521	259	69290	2002.0101	2002.0101
69491	261	44394	2002.0101	2002.0101
69728	265	50897	2002.0101	2002.0101
56218	259	50007	2002.0101	2002.0101
70022	265	48820	2002.0101	2002.0101
70047	265	64928	2002.0101	2002.0101
70153	261	43981	2002.0101	2002.0101
70238	265	70239	2002.0101	2002.0101
49712	261	62906	2002.0101	2002.0101
58196	259	71086	2002.0101	2002.0101
45861	261	45115	2002.0101	2002.0101
59136	261	44394	2002.0101	2002.0101
57720	261	72149	2002.0101	2002.0101
71650	261	61503	2002.0101	2002.0101
46814	259	50041	2002.0101	2002.0101
66193	259	67163	2002.0101	2002.0101
47033	261	63334	2002.0101	2002.0101
59811	261	60663	2002.0101	2002.0101
57377	261	45681	2002.0101	2002.0101
57316	265	45135	2002.0101	2002.0101
64716	259	70309	2002.0101	2002.0101
74569	259	52938	2002.0101	2002.0101
63452	259	60223	2002.0101	2002.0101
57132	259	52260	2002.0101	2002.0101
62934	259	57363	2002.0101	2002.0101
74873	259	47267	2002.0101	2002.0101
74662	261	52683	2002.0101	2002.0101
52227	259	48876	2002.0101	2002.0101
64359	261	44108	2002.0101	2002.0101
62357	259	53651	2002.0101	2002.0101
55965	261	48419	2002.0101	2002.0101
60495	259	68294	2002.0101	2002.0101
50034	261	48913	2002.0101	2002.0101
51556	261	54178	2002.0101	2002.0101
76189	261	51938	2002.0101	2002.0101
75171	259	49634	2002.0101	2002.0101
51749	261	76707	2002.0101	2002.0101
70649	259	76842	2002.0101	2002.0101
50532	259	68938	2002.0101	2002.0101
69062	261	56278	2002.0101	2002.0101
55992	261	70375	2002.0101	2002.0101
50615	261	76308	2002.0101	2002.0101
49303	261	57914	2002.0101	2002.0101
68180	259	58200	2002.0101	2002.0101
61178	261	47508	2002.0101	2002.0101
76055	259	49522	2002.0101	2002.0101
44594	261	58053	2002.0101	2002.0101
65960	261	50841	2002.0101	2002.0101
61982	259	62362	2002.0101	2002.0101
48754	259	60565	2002.0101	2002.0101
53116	259	62763	2002.0101	2002.0101
73457	259	47953	2002.0101	2002.0101
47494	261	45115	2002.0101	2002.0101
50827	261	55375	2002.0101	2002.0101
69048	261	44463	2002.0101	2002.0101
72021	259	67928	2002.0101	2002.0101
75720	259	49293	2002.0101	2002.0101
66298	259	48700	2002.0101	2002.0101
76571	261	46905	2002.0101	2002.0101
60098	259	49034	2002.0101	2002.0101
66570	261	74122	2002.0101	2002.0101
77101	265	56637	2002.0101	2002.0101
72437	259	60228	2002.0101	2002.0101
56211	259	67618	2002.0101	2002.0101
68208	259	74239	2002.0101	2002.0101
75725	259	50679	2002.0101	2002.0101
55679	259	59809	2002.0101	2002.0101
66574	259	49900	2002.0101	2002.0101
60405	261	78871	2002.0101	2002.0101
78883	259	68748	2002.0101	2002.0101
77331	261	45115	2002.0101	2002.0101
45487	261	55285	2002.0101	2002.0101
57742	259	61427	2002.0101	2002.0101
58995	259	46091	2002.0101	2002.0101
75798	259	47410	2002.0101	2002.0101
67006	259	62504	2002.0101	2002.0101
77170	259	63723	2002.0101	2002.0101
45597	261	66579	2002.0101	2002.0101
79878	259	49015	2002.0101	2002.0101
79967	265	44626	2002.0101	2002.0101
48336	259	46460	2002.0101	2002.0101
66529	259	43898	2002.0101	2002.0101
80214	261	44463	2002.0101	2002.0101
47633	259	53694	2002.0101	2002.0101
54361	259	51944	2002.0101	2002.0101
46350	259	49741	2002.0101	2002.0101
43939	259	48947	2002.0101	2002.0101
80692	259	61125	2002.0101	2002.0101
61870	261	51905	2002.0101	2002.0101
75454	259	64926	2002.0101	2002.0101
44594	261	45066	2002.0101	2002.0101
60624	259	45324	2002.0101	2002.0101
80181	261	60282	2002.0101	2002.0101
51458	259	51679	2002.0101	2002.0101
75289	261	64601	2002.0101	2002.0101
61574	264	44963	2002.0101	2002.0101
64140	259	57151	2002.0101	2002.0101
81119	259	54230	2002.0101	2002.0101
64018	261	78142	2002.0101	2002.0101
81221	259	60900	2002.0101	2002.0101
80979	261	77455	2002.0101	2002.0101
57946	259	64935	2002.0101	2002.0101
53163	259	49817	2002.0101	2002.0101
44353	259	53878	2002.0101	2002.0101
74794	261	48461	2002.0101	2002.0101
78264	259	48346	2002.0101	2002.0101
49144	261	44016	2002.0101	2002.0101
67022	259	44882	2002.0101	2002.0101
62768	261	44834	2002.0101	2002.0101
71515	261	48095	2002.0101	2002.0101
61063	286	79988	2002.0101	2002.0101
69441	261	50592	2002.0101	2002.0101
57012	259	43898	2002.0101	2002.0101
49303	261	50967	2002.0101	2002.0101
73782	259	50056	2002.0101	2002.0101
66151	261	66601	2002.0101	2002.0101
65076	261	50170	2002.0101	2002.0101
73074	265	44738	2002.0101	2002.0101
70194	261	54447	2002.0101	2002.0101
55241	259	44257	2002.0101	2002.0101
48830	261	51373	2002.0101	2002.0101
70106	259	81356	2002.0101	2002.0101
58082	259	46186	2002.0101	2002.0101
46185	259	56476	2002.0101	2002.0101
74636	259	58586	2002.0101	2002.0101
58130	261	48437	2002.0101	2002.0101
60070	259	52920	2002.0101	2002.0101
51240	259	57611	2002.0101	2002.0101
79803	265	60360	2002.0101	2002.0101
51084	265	57334	2002.0101	2002.0101
77993	261	63520	2002.0101	2002.0101
53031	261	47338	2002.0101	2002.0101
47328	261	60663	2002.0101	2002.0101
81616	261	56791	2002.0101	2002.0101
59602	259	73514	2002.0101	2002.0101
57864	261	83264	2002.0101	2002.0101
48893	261	83304	2002.0101	2002.0101
62420	261	83315	2002.0101	2002.0101
76841	259	58785	2002.0101	2002.0101
44407	261	62716	2002.0101	2002.0101
68460	259	72747	2002.0101	2002.0101
70475	261	65307	2002.0101	2002.0101
80398	259	44639	2002.0101	2002.0101
48956	265	55712	2002.0101	2002.0101
54896	259	48947	2002.0101	2002.0101
63344	261	43626	2002.0101	2002.0101
61171	259	75786	2002.0101	2002.0101
62658	259	50909	2002.0101	2002.0101
58458	259	59022	2002.0101	2002.0101
63678	261	45115	2002.0101	2002.0101
55241	259	49549	2002.0101	2002.0101
65276	261	69891	2002.0101	2002.0101
66542	261	44059	2002.0101	2002.0101
83959	261	80086	2002.0101	2002.0101
67050	259	44808	2002.0101	2002.0101
65084	259	77614	2002.0101	2002.0101
50938	259	44674	2002.0101	2002.0101
57456	259	45947	2002.0101	2002.0101
57115	261	75857	2002.0101	2002.0101
49854	261	57701	2002.0101	2002.0101
44085	263	53526	2002.0101	2002.0101
82867	259	56794	2002.0101	2002.0101
53733	259	70734	2002.0101	2002.0101
78577	261	57400	2002.0101	2002.0101
56024	261	63458	2002.0101	2002.0101
57606	261	44326	2002.0101	2002.0101
46843	261	53153	2002.0101	2002.0101
58835	259	67737	2002.0101	2002.0101
70717	259	67141	2002.0101	2002.0101
61926	261	64239	2002.0101	2002.0101
59082	259	57927	2002.0101	2002.0101
53783	261	43636	2002.0101	2002.0101
49097	259	45206	2002.0101	2002.0101
68434	261	82552	2002.0101	2002.0101
63108	259	50041	2002.0101	2002.0101
73235	261	59982	2002.0101	2002.0101
52871	261	50498	2002.0101	2002.0101
72351	265	60961	2002.0101	2002.0101
54321	261	53814	2002.0101	2002.0101
78292	261	71381	2002.0101	2002.0101
61145	261	71566	2002.0101	2002.0101
62972	259	83393	2002.0101	2002.0101
76536	259	43697	2002.0101	2002.0101
56599	261	45115	2002.0101	2002.0101
81726	259	46170	2002.0101	2002.0101
67581	259	43898	2002.0101	2002.0101
65205	261	67972	2002.0101	2002.0101
70438	261	84634	2002.0101	2002.0101
69140	259	81527	2002.0101	2002.0101
69423	259	47518	2002.0101	2002.0101
63056	261	64938	2002.0101	2002.0101
46618	261	45066	2002.0101	2002.0101
68027	259	79293	2002.0101	2002.0101
79047	261	50466	2002.0101	2002.0101
59106	259	55771	2002.0101	2002.0101
69347	259	60344	2002.0101	2002.0101
49405	261	84842	2002.0101	2002.0101
67688	259	47267	2002.0101	2002.0101
44246	261	78142	2002.0101	2002.0101
49778	261	46491	2002.0101	2002.0101
81541	265	71606	2002.0101	2002.0101
54949	261	54178	2002.0101	2002.0101
50243	259	57034	2002.0101	2002.0101
70681	261	56358	2002.0101	2002.0101
49579	259	81527	2002.0101	2002.0101
53555	259	43898	2002.0101	2002.0101
61277	259	71996	2002.0101	2002.0101
75815	259	48629	2002.0101	2002.0101
66298	259	63811	2002.0101	2002.0101
43939	259	54011	2002.0101	2002.0101
62466	261	49118	2002.0101	2002.0101
45265	259	52054	2002.0101	2002.0101
79034	265	50645	2002.0101	2002.0101
79101	265	44715	2002.0101	2002.0101
71219	259	65526	2002.0101	2002.0101
54079	261	65891	2002.0101	2002.0101
78477	265	59190	2002.0101	2002.0101
78700	259	59237	2002.0101	2002.0101
72836	261	67400	2002.0101	2002.0101
75669	259	50603	2002.0101	2002.0101
73078	261	59442	2002.0101	2002.0101
55084	261	85223	2002.0101	2002.0101
57138	261	59573	2002.0101	2002.0101
45326	261	45382	2002.0101	2002.0101
84991	261	48598	2002.0101	2002.0101
47568	265	45416	2002.0101	2002.0101
63137	261	64300	2002.0101	2002.0101
49521	259	49034	2002.0101	2002.0101
64683	261	85240	2002.0101	2002.0101
57450	261	47777	2002.0101	2002.0101
62248	259	44912	2002.0101	2002.0101
50725	261	61523	2002.0101	2002.0101
59440	259	47113	2002.0101	2002.0101
70649	259	64070	2002.0101	2002.0101
60630	259	51296	2002.0101	2002.0101
66536	261	62408	2002.0101	2002.0101
59440	259	46802	2002.0101	2002.0101
47935	265	73333	2002.0101	2002.0101
67196	261	45115	2002.0101	2002.0101
76493	259	46418	2002.0101	2002.0101
60818	259	46059	2002.0101	2002.0101
50920	259	78420	2002.0101	2002.0101
67022	259	55570	2002.0101	2002.0101
44223	259	53674	2002.0101	2002.0101
72403	261	44601	2002.0101	2002.0101
52204	261	49735	2002.0101	2002.0101
73600	261	44732	2002.0101	2002.0101
69754	261	85388	2002.0101	2002.0101
57426	261	48461	2002.0101	2002.0101
53488	261	53359	2002.0101	2002.0101
57931	261	48461	2002.0101	2002.0101
64412	261	48461	2002.0101	2002.0101
55176	259	49015	2002.0101	2002.0101
51666	261	79532	2002.0101	2002.0101
51689	261	83680	2002.0101	2002.0101
54570	261	45704	2002.0101	2002.0101
65682	259	55312	2002.0101	2002.0101
75829	259	43898	2002.0101	2002.0101
55805	261	45681	2002.0101	2002.0101
70226	261	43981	2002.0101	2002.0101
59416	261	50437	2002.0101	2002.0101
52650	259	43898	2002.0101	2002.0101
68082	259	44307	2002.0101	2002.0101
46073	259	48071	2002.0101	2002.0101
52053	261	48095	2002.0101	2002.0101
50293	259	43898	2002.0101	2002.0101
63647	261	56358	2002.0101	2002.0101
71211	265	46359	2002.0101	2002.0101
67681	259	46412	2002.0101	2002.0101
49855	259	53024	2002.0101	2002.0101
73442	261	85476	2002.0101	2002.0101
57910	261	85506	2002.0101	2002.0101
50709	261	50434	2002.0101	2002.0101
63493	259	50357	2002.0101	2002.0101
71549	261	53297	2002.0101	2002.0101
73585	259	44257	2002.0101	2002.0101
47084	265	45623	2002.0101	2002.0101
75711	261	44386	2002.0101	2002.0101
83330	261	59982	2002.0101	2002.0101
51495	259	55849	2002.0101	2002.0101
60331	261	70621	2002.0101	2002.0101
78264	259	48738	2002.0101	2002.0101
54108	261	85571	2002.0101	2002.0101
76896	259	70963	2002.0101	2002.0101
65956	261	80060	2002.0101	2002.0101
70884	261	55375	2002.0101	2002.0101
66743	259	55843	2002.0101	2002.0101
53923	261	53935	2002.0101	2002.0101
78674	261	45945	2002.0101	2002.0101
62512	261	53698	2002.0101	2002.0101
77170	259	53443	2002.0101	2002.0101
63357	261	48433	2002.0101	2002.0101
60915	261	49514	2002.0101	2002.0101
60545	259	53852	2002.0101	2002.0101
66147	259	48370	2002.0101	2002.0101
78012	261	55505	2002.0101	2002.0101
60257	259	72886	2002.0101	2002.0101
52654	259	60625	2002.0101	2002.0101
79911	261	47549	2002.0101	2002.0101
55176	259	54286	2002.0101	2002.0101
65844	261	46326	2002.0101	2002.0101
61178	261	62323	2002.0101	2002.0101
54040	261	78351	2002.0101	2002.0101
44441	261	46964	2002.0101	2002.0101
74022	261	70856	2002.0101	2002.0101
51398	259	45963	2002.0101	2002.0101
65930	259	71996	2002.0101	2002.0101
70304	261	56270	2002.0101	2002.0101
69474	261	44326	2002.0101	2002.0101
55992	261	45117	2002.0101	2002.0101
52935	261	44839	2002.0101	2002.0101
43931	259	44446	2002.0101	2002.0101
46745	259	46277	2002.0101	2002.0101
62054	261	44326	2002.0101	2002.0101
45575	261	84300	2002.0101	2002.0101
74067	261	46516	2002.0101	2002.0101
47517	259	57501	2002.0101	2002.0101
77637	300	85756	2002.0101	2002.0101
74569	259	52302	2002.0101	2002.0101
64032	261	85762	2002.0101	2002.0101
63719	259	46053	2002.0101	2002.0101
77784	259	83027	2002.0101	2002.0101
57869	259	47596	2002.0101	2002.0101
66008	261	53841	2002.0101	2002.0101
52656	261	55285	2002.0101	2002.0101
63051	259	56221	2002.0101	2002.0101
73842	259	61238	2002.0101	2002.0101
62679	259	60532	2002.0101	2002.0101
52739	261	46687	2002.0101	2002.0101
67736	259	69741	2002.0101	2002.0101
71757	259	48103	2002.0101	2002.0101
76222	261	77030	2002.0101	2002.0101
72907	261	64239	2002.0101	2002.0101
51666	261	55593	2002.0101	2002.0101
46313	259	46314	2002.0101	2003.0101
48604	259	47716	2002.0101	2003.0101
49715	259	43991	2002.0101	2003.0101
52270	265	52271	2002.0101	2003.0101
52523	259	45122	2002.0101	2003.0101
54091	259	47911	2002.0101	2003.0101
55634	259	55635	2002.0101	2003.0101
55894	259	46302	2002.0101	2003.0101
57368	259	57369	2002.0101	2003.0101
57813	259	57814	2002.0101	2003.0101
57222	259	46144	2002.0101	2003.0101
58807	259	52389	2002.0101	2003.0101
59346	259	57393	2002.0101	2003.0101
50397	259	49477	2002.0101	2003.0101
50143	259	43827	2002.0101	2003.0101
53071	259	45648	2002.0101	2003.0101
60797	259	49477	2002.0101	2003.0101
62884	259	62885	2002.0101	2003.0101
62897	259	60575	2002.0101	2003.0101
58563	259	63144	2002.0101	2003.0101
59174	259	45358	2002.0101	2003.0101
64224	259	59002	2002.0101	2003.0101
64373	259	63538	2002.0101	2003.0101
52716	259	64473	2002.0101	2003.0101
62904	259	46599	2002.0101	2003.0101
54908	259	43991	2002.0101	2003.0101
64819	259	45823	2002.0101	2003.0101
51693	263	64574	2002.0101	2003.0101
45757	259	63629	2002.0101	2003.0101
61621	259	66249	2002.0101	2003.0101
46350	259	67141	2002.0101	2003.0101
60876	259	55337	2002.0101	2003.0101
47903	259	43640	2002.0101	2003.0101
54493	259	52389	2002.0101	2003.0101
68785	259	49834	2002.0101	2003.0101
55679	259	68928	2002.0101	2003.0101
65482	259	48346	2002.0101	2003.0101
64991	259	59912	2002.0101	2003.0101
69836	259	47812	2002.0101	2003.0101
46965	259	52233	2002.0101	2003.0101
50733	259	66642	2002.0101	2003.0101
46745	259	50041	2002.0101	2003.0101
53262	259	63857	2002.0101	2003.0101
58062	259	50808	2002.0101	2003.0101
70920	272	70921	2002.0101	2003.0101
65054	259	69848	2002.0101	2003.0101
67571	259	58385	2002.0101	2003.0101
71514	273	43580	2002.0101	2003.0101
72032	259	59909	2002.0101	2003.0101
48484	259	45212	2002.0101	2003.0101
51921	259	58170	2002.0101	2003.0101
54561	259	57311	2002.0101	2003.0101
63444	259	56297	2002.0101	2003.0101
51119	259	61030	2002.0101	2003.0101
73719	272	58096	2002.0101	2003.0101
74644	259	59734	2002.0101	2003.0101
74730	259	46181	2002.0101	2003.0101
63490	259	44457	2002.0101	2003.0101
75067	259	49834	2002.0101	2003.0101
68101	259	43796	2002.0101	2003.0101
44972	259	47327	2002.0101	2003.0101
75741	259	54728	2002.0101	2003.0101
49740	259	64240	2002.0101	2003.0101
75815	259	52980	2002.0101	2003.0101
44182	259	43796	2002.0101	2003.0101
54082	259	49015	2002.0101	2003.0101
62731	259	49628	2002.0101	2003.0101
67460	259	48688	2002.0101	2003.0101
65462	259	76837	2002.0101	2003.0101
44353	259	68470	2002.0101	2003.0101
58246	259	46487	2002.0101	2003.0101
47087	259	50041	2002.0101	2003.0101
58340	259	55253	2002.0101	2003.0101
60624	259	60565	2002.0101	2003.0101
55176	259	57572	2002.0101	2003.0101
72475	259	51141	2002.0101	2003.0101
67805	259	63595	2002.0101	2003.0101
53853	259	43884	2002.0101	2003.0101
59313	259	54867	2002.0101	2003.0101
64618	259	58149	2002.0101	2003.0101
78106	259	74439	2002.0101	2003.0101
63202	259	63689	2002.0101	2003.0101
54933	259	59595	2002.0101	2003.0101
53609	259	70722	2002.0101	2003.0101
58358	259	74888	2002.0101	2003.0101
61817	259	43730	2002.0101	2003.0101
70959	259	54136	2002.0101	2003.0101
52160	259	68076	2002.0101	2003.0101
51413	259	65423	2002.0101	2003.0101
57710	259	51698	2002.0101	2003.0101
48791	259	44680	2002.0101	2003.0101
59044	265	45453	2002.0101	2003.0101
47585	259	79804	2002.0101	2003.0101
70339	259	47198	2002.0101	2003.0101
59236	259	51256	2002.0101	2003.0101
71347	259	59002	2002.0101	2003.0101
61713	259	48412	2002.0101	2003.0101
78502	259	71206	2002.0101	2003.0101
55244	259	48337	2002.0101	2003.0101
80519	259	45313	2002.0101	2003.0101
62658	259	50660	2002.0101	2003.0101
52202	259	76518	2002.0101	2003.0101
44621	259	45876	2002.0101	2003.0101
73495	259	43796	2002.0101	2003.0101
44323	259	53598	2002.0101	2003.0101
63196	259	55381	2002.0101	2003.0101
70832	259	49968	2002.0101	2003.0101
56350	259	48876	2002.0101	2003.0101
48813	259	45408	2002.0101	2003.0101
52430	259	44641	2002.0101	2003.0101
58271	259	81907	2002.0101	2003.0101
47633	259	43734	2002.0101	2003.0101
75855	259	45995	2002.0101	2003.0101
52227	259	47412	2002.0101	2003.0101
57202	259	57700	2002.0101	2003.0101
66937	259	49686	2002.0101	2003.0101
81343	259	66642	2002.0101	2003.0101
55287	259	61593	2002.0101	2003.0101
68180	259	58091	2002.0101	2003.0101
56377	259	46450	2002.0101	2003.0101
69142	259	56324	2002.0101	2003.0101
51495	259	47812	2002.0101	2003.0101
59082	259	43653	2002.0101	2003.0101
76525	259	72930	2002.0101	2003.0101
69235	259	67579	2002.0101	2003.0101
61775	259	49396	2002.0101	2003.0101
73457	259	47911	2002.0101	2003.0101
60906	259	48073	2002.0101	2003.0101
59602	259	49642	2002.0101	2003.0101
53738	259	47953	2002.0101	2003.0101
43799	259	65117	2002.0101	2003.0101
78176	259	50386	2002.0101	2003.0101
83150	259	76257	2002.0101	2003.0101
62474	259	58297	2002.0101	2003.0101
54429	259	71174	2002.0101	2003.0101
53080	259	58064	2002.0101	2003.0101
61837	259	47586	2002.0101	2003.0101
51329	259	46198	2002.0101	2003.0101
78887	259	58142	2002.0101	2003.0101
71985	259	63505	2002.0101	2003.0101
47112	259	44018	2002.0101	2003.0101
52437	259	65423	2002.0101	2003.0101
46340	259	43806	2002.0101	2003.0101
66735	259	55819	2002.0101	2003.0101
71347	259	62920	2002.0101	2003.0101
81558	259	57748	2002.0101	2003.0101
54316	259	80286	2002.0101	2003.0101
46745	259	68470	2002.0101	2003.0101
59440	259	53546	2002.0101	2003.0101
60797	259	50398	2002.0101	2003.0101
54495	259	47893	2002.0101	2003.0101
44708	259	55337	2002.0101	2003.0101
56835	259	63125	2002.0101	2003.0101
60690	259	58451	2002.0101	2003.0101
66429	259	59334	2002.0101	2003.0101
81243	259	69918	2002.0101	2003.0101
64651	259	55775	2002.0101	2003.0101
76846	259	45189	2002.0101	2003.0101
53251	259	62504	2002.0101	2003.0101
56200	259	54533	2002.0101	2003.0101
52434	259	44595	2002.0101	2003.0101
60146	259	67498	2002.0101	2003.0101
70218	259	63961	2002.0101	2003.0101
53001	259	60871	2002.0101	2003.0101
66655	259	59807	2002.0101	2003.0101
57752	259	53983	2002.0101	2003.0101
61909	259	50876	2002.0101	2003.0101
49270	259	71996	2002.0101	2003.0101
69094	259	85058	2002.0101	2003.0101
54539	259	81544	2002.0101	2003.0101
76814	259	62003	2002.0101	2003.0101
64384	259	61584	2002.0101	2003.0101
62648	259	65754	2002.0101	2003.0101
50280	259	44111	2002.0101	2003.0101
58096	272	73719	2002.0101	2003.0101
70946	259	69918	2002.0101	2003.0101
59756	259	47088	2002.0101	2003.0101
45819	259	45688	2002.0101	2003.0101
53233	259	73301	2002.0101	2003.0101
81362	259	56885	2002.0101	2003.0101
67970	259	54211	2002.0101	2003.0101
48207	259	49068	2002.0101	2003.0101
48106	259	49861	2002.0101	2003.0101
68211	259	44701	2002.0101	2003.0101
54896	259	44043	2002.0101	2003.0101
55874	259	60611	2002.0101	2003.0101
61751	259	52948	2002.0101	2003.0101
63897	259	71016	2002.0101	2003.0101
53760	259	59909	2002.0101	2003.0101
65913	259	44043	2002.0101	2003.0101
57845	259	49642	2002.0101	2003.0101
45698	259	48842	2002.0101	2003.0101
53074	259	67048	2002.0101	2003.0101
46605	259	45001	2002.0101	2003.0101
66926	259	45122	2002.0101	2003.0101
71514	265	53872	2002.0101	2003.0101
79720	259	54999	2002.0101	2003.0101
49520	259	45796	2002.0101	2003.0101
71211	263	46359	2002.0101	2003.0101
69608	259	78081	2002.0101	2003.0101
49748	259	50357	2002.0101	2003.0101
55957	259	50078	2002.0101	2003.0101
49244	259	48700	2002.0101	2003.0101
66312	259	82622	2002.0101	2003.0101
49753	259	67875	2002.0101	2003.0101
54664	259	45838	2002.0101	2003.0101
48510	259	52635	2002.0101	2003.0101
68739	259	73706	2002.0101	2003.0101
61277	259	64588	2002.0101	2003.0101
75122	259	44507	2002.0101	2003.0101
44401	259	55200	2002.0101	2003.0101
66298	259	75452	2002.0101	2003.0101
75877	259	49204	2002.0101	2003.0101
66804	259	68470	2002.0101	2003.0101
57055	259	78791	2002.0101	2003.0101
48607	259	78791	2002.0101	2003.0101
80745	259	45099	2002.0101	2003.0101
67726	259	53965	2002.0101	2003.0101
47852	259	47225	2002.0101	2003.0101
60164	259	50041	2002.0101	2003.0101
46965	259	50041	2002.0101	2003.0101
65355	259	58705	2002.0101	2003.0101
52192	259	45995	2002.0101	2003.0101
70040	259	70592	2002.0101	2003.0101
64096	259	50092	2002.0101	2003.0101
52722	259	66293	2002.0101	2003.0101
58455	259	44801	2002.0101	2003.0101
67699	259	59405	2002.0101	2003.0101
75624	259	46779	2002.0101	2003.0101
47136	259	80276	2002.0101	2003.0101
48338	259	53906	2002.0101	2003.0101
84733	259	55771	2002.0101	2003.0101
46689	259	48639	2002.0101	2004.0101
50036	259	45947	2002.0101	2004.0101
51180	259	51181	2002.0101	2004.0101
49480	259	52635	2002.0101	2004.0101
55149	259	48135	2002.0101	2004.0101
56942	259	56943	2002.0101	2004.0101
57825	259	52100	2002.0101	2004.0101
58141	259	58142	2002.0101	2004.0101
58299	259	47153	2002.0101	2004.0101
62079	259	56943	2002.0101	2004.0101
62319	259	44047	2002.0101	2004.0101
63628	259	63629	2002.0101	2004.0101
64032	259	43745	2002.0101	2004.0101
53044	259	44128	2002.0101	2004.0101
48199	259	47690	2002.0101	2004.0101
62204	259	65140	2002.0101	2004.0101
65375	259	65376	2002.0101	2004.0101
65402	259	65403	2002.0101	2004.0101
66269	259	60262	2002.0101	2004.0101
60123	259	65117	2002.0101	2004.0101
53962	259	57503	2002.0101	2004.0101
46090	259	48738	2002.0101	2004.0101
60010	259	45774	2002.0101	2004.0101
59915	259	46680	2002.0101	2004.0101
50067	259	49343	2002.0101	2004.0101
48752	259	64276	2002.0101	2004.0101
71350	259	71351	2002.0101	2004.0101
57301	259	54310	2002.0101	2004.0101
72523	259	71625	2002.0101	2004.0101
72542	265	62558	2002.0101	2004.0101
69423	259	46831	2002.0101	2004.0101
66317	259	72909	2002.0101	2004.0101
71350	259	66609	2002.0101	2004.0101
63482	259	66873	2002.0101	2004.0101
65385	259	52458	2002.0101	2004.0101
52441	259	45076	2002.0101	2004.0101
52803	259	66169	2002.0101	2004.0101
61206	259	52712	2002.0101	2004.0101
69134	259	77374	2002.0101	2004.0101
67124	259	65467	2002.0101	2004.0101
59244	259	44446	2002.0101	2004.0101
45447	259	62288	2002.0101	2004.0101
54721	259	57781	2002.0101	2004.0101
66214	259	44662	2002.0101	2004.0101
67271	259	43641	2002.0101	2004.0101
79624	259	48549	2002.0101	2004.0101
57323	259	54211	2002.0101	2004.0101
70009	259	52926	2002.0101	2004.0101
45837	259	47153	2002.0101	2004.0101
79225	259	47794	2002.0101	2004.0101
49970	262	43596	2002.0101	2004.0101
43931	259	49496	2002.0101	2004.0101
47488	259	50885	2002.0101	2004.0101
59174	259	45319	2002.0101	2004.0101
66072	259	52539	2002.0101	2004.0101
44499	259	52389	2002.0101	2004.0101
80899	259	43968	2002.0101	2004.0101
61444	259	49837	2002.0101	2004.0101
61314	259	52508	2002.0101	2004.0101
54675	259	51830	2002.0101	2004.0101
73160	259	65604	2002.0101	2004.0101
73776	259	54423	2002.0101	2004.0101
54373	259	44641	2002.0101	2004.0101
64783	259	43730	2002.0101	2004.0101
63345	259	44402	2002.0101	2004.0101
56835	259	63286	2002.0101	2004.0101
72318	259	52948	2002.0101	2004.0101
60134	259	50743	2002.0101	2004.0101
52227	259	44120	2002.0101	2004.0101
43725	259	59912	2002.0101	2004.0101
47903	259	50078	2002.0101	2004.0101
65743	259	69290	2002.0101	2004.0101
64517	259	49837	2002.0101	2004.0101
57751	259	62489	2002.0101	2004.0101
59445	259	48160	2002.0101	2004.0101
68101	259	50041	2002.0101	2004.0101
47441	259	51181	2002.0101	2004.0101
83320	259	60611	2002.0101	2004.0101
49028	259	72328	2002.0101	2004.0101
76028	259	75924	2002.0101	2004.0101
47087	259	52233	2002.0101	2004.0101
64678	259	72251	2002.0101	2004.0101
44064	259	47770	2002.0101	2004.0101
80225	259	46332	2002.0101	2004.0101
63452	259	48639	2002.0101	2004.0101
51458	259	54430	2002.0101	2004.0101
52698	259	61424	2002.0101	2004.0101
65091	259	45498	2002.0101	2004.0101
80271	259	43640	2002.0101	2004.0101
74034	265	44536	2002.0101	2004.0101
44563	259	54830	2002.0101	2004.0101
49635	265	44536	2002.0101	2004.0101
64080	259	55614	2002.0101	2004.0101
58835	259	48988	2002.0101	2004.0101
81480	259	47546	2002.0101	2004.0101
45015	259	52641	2002.0101	2004.0101
54924	259	45001	2002.0101	2004.0101
65415	259	63819	2002.0101	2004.0101
58140	259	55470	2002.0101	2004.0101
54373	259	66922	2002.0101	2004.0101
68166	259	57211	2002.0101	2004.0101
60545	259	79169	2002.0101	2004.0101
72394	259	48688	2002.0101	2004.0101
84897	259	74589	2002.0101	2004.0101
56867	263	85209	2002.0101	2004.0101
51119	259	46579	2002.0101	2004.0101
79144	259	60908	2002.0101	2004.0101
56111	259	46606	2002.0101	2004.0101
63233	259	70722	2002.0101	2004.0101
62597	259	56015	2002.0101	2004.0101
80511	259	51296	2002.0101	2004.0101
43818	259	46074	2002.0101	2004.0101
77224	259	44333	2002.0101	2004.0101
61481	259	46074	2002.0101	2004.0101
68479	259	45212	2002.0101	2004.0101
44966	259	47153	2002.0101	2004.0101
66750	259	43796	2002.0101	2004.0101
50040	259	47153	2002.0101	2004.0101
57911	259	52539	2002.0101	2004.0101
63437	259	46460	2002.0101	2004.0101
66079	259	56418	2002.0101	2004.0101
77123	259	63132	2002.0101	2004.0101
63489	259	43915	2002.0101	2004.0101
59756	259	48909	2002.0101	2004.0101
77793	259	47456	2002.0101	2004.0101
44302	259	75786	2002.0101	2004.0101
76499	259	47225	2002.0101	2004.0101
49425	259	51644	2002.0101	2004.0101
73874	259	51647	2002.0101	2004.0101
80508	259	44802	2002.0101	2004.0101
68200	259	49062	2002.0101	2004.0101
61444	259	45880	2002.0101	2004.0101
61161	259	44303	2002.0101	2004.0101
79503	259	43745	2002.0101	2004.0101
56743	259	44697	2002.0101	2005.0101
59954	259	59955	2002.0101	2005.0101
62679	259	45982	2002.0101	2005.0101
63884	259	45212	2002.0101	2005.0101
64505	259	47225	2002.0101	2005.0101
54053	259	66336	2002.0101	2005.0101
66567	259	56463	2002.0101	2005.0101
68525	259	63720	2002.0101	2005.0101
66002	265	70132	2002.0101	2005.0101
70450	259	69111	2002.0101	2005.0101
45962	259	44882	2002.0101	2005.0101
57456	259	43800	2002.0101	2005.0101
44304	259	50386	2002.0101	2005.0101
60811	259	46673	2002.0101	2005.0101
73599	259	44526	2002.0101	2005.0101
55241	259	50890	2002.0101	2005.0101
75605	259	43808	2002.0101	2005.0101
75850	259	52751	2002.0101	2005.0101
73081	259	52525	2002.0101	2005.0101
76027	259	48947	2002.0101	2005.0101
50641	259	46395	2002.0101	2005.0101
48835	259	43989	2002.0101	2005.0101
58995	259	51249	2002.0101	2005.0101
79889	259	62150	2002.0101	2005.0101
55059	259	55933	2002.0101	2005.0101
57142	259	51249	2002.0101	2005.0101
70557	259	66996	2002.0101	2005.0101
81300	259	79184	2002.0101	2005.0101
69140	259	47916	2002.0101	2005.0101
63604	259	57819	2002.0101	2005.0101
70234	259	65983	2002.0101	2005.0101
65645	259	76858	2002.0101	2005.0101
58468	259	73162	2002.0101	2005.0101
72518	259	59637	2002.0101	2005.0101
62683	259	45878	2002.0101	2005.0101
67070	259	83467	2002.0101	2005.0101
62248	259	47963	2002.0101	2005.0101
59735	259	51483	2002.0101	2005.0101
52702	259	71736	2002.0101	2005.0101
52407	259	84271	2002.0101	2005.0101
50742	259	43827	2002.0101	2005.0101
82223	259	51999	2002.0101	2005.0101
44244	259	44402	2002.0101	2005.0101
49459	259	55098	2002.0101	2005.0101
73338	259	43628	2002.0101	2005.0101
47985	259	47770	2002.0101	2005.0101
69842	259	54211	2002.0101	2005.0101
81854	259	62003	2002.0101	2005.0101
84679	259	68676	2002.0101	2005.0101
56879	259	44245	2002.0101	2005.0101
51048	259	46254	2002.0101	2005.0101
77488	265	58831	2002.0101	2005.0101
52616	259	45813	2002.0101	2005.0101
54010	259	43989	2002.0101	2005.0101
56622	259	49595	2002.0101	2005.0101
53451	259	51999	2002.0101	2005.0101
43707	259	48071	2002.0101	2005.0101
59617	259	51181	2002.0101	2005.0101
74904	259	55288	2002.0101	2005.0101
57110	259	52389	2002.0101	2005.0101
65016	259	74126	2002.0101	2005.0101
50491	259	57814	2002.0101	2005.0101
52164	259	55849	2002.0101	2005.0101
71670	259	57748	2002.0101	2005.0101
78640	259	60638	2002.0101	2005.0101
70441	259	45827	2002.0101	2005.0101
77522	263	47645	2002.0101	2005.0101
44872	259	56949	2002.0101	2005.0101
44831	259	44832	2002.0101	2006.0101
51266	259	49105	2002.0101	2006.0101
45463	259	52482	2002.0101	2006.0101
53820	259	53821	2002.0101	2006.0101
47441	259	52389	2002.0101	2006.0101
45234	259	46665	2002.0101	2006.0101
60610	259	60611	2002.0101	2006.0101
54243	259	47546	2002.0101	2006.0101
44999	272	63084	2002.0101	2006.0101
63726	259	45878	2002.0101	2006.0101
55269	259	62003	2002.0101	2006.0101
56189	259	46086	2002.0101	2006.0101
54298	259	50531	2002.0101	2006.0101
47926	259	50507	2002.0101	2006.0101
64716	259	71422	2002.0101	2006.0101
58955	259	67891	2002.0101	2006.0101
72474	259	52637	2002.0101	2006.0101
73032	259	56560	2002.0101	2006.0101
54901	259	58241	2002.0101	2006.0101
52181	259	76705	2002.0101	2006.0101
52925	259	58142	2002.0101	2006.0101
65634	259	59558	2002.0101	2006.0101
53820	259	45813	2002.0101	2006.0101
53693	259	45838	2002.0101	2006.0101
76512	259	79815	2002.0101	2006.0101
64317	259	52926	2002.0101	2006.0101
54298	259	54671	2002.0101	2006.0101
51421	259	51168	2002.0101	2006.0101
76149	259	66627	2002.0101	2006.0101
58196	259	45820	2002.0101	2006.0101
77334	259	50876	2002.0101	2006.0101
77807	259	60200	2002.0101	2006.0101
71392	259	49062	2002.0101	2006.0101
79825	259	57692	2002.0101	2006.0101
65175	259	45880	2002.0101	2006.0101
49014	259	47953	2002.0101	2006.0101
50500	259	56476	2002.0101	2006.0101
46082	263	58772	2002.0101	2006.0101
84115	259	60611	2002.0101	2006.0101
75064	259	46395	2002.0101	2006.0101
65470	259	45228	2002.0101	2006.0101
52807	259	44114	2002.0101	2006.0101
57110	259	49396	2002.0101	2006.0101
83989	259	52034	2002.0101	2006.0101
49003	259	66609	2002.0101	2006.0101
80050	259	47893	2002.0101	2006.0101
70296	259	45394	2002.0101	2006.0101
48414	259	65784	2002.0101	2006.0101
62248	259	57056	2002.0101	2006.0101
63084	272	44999	2002.0101	2006.0101
65470	259	65536	2002.0101	2006.0101
65464	259	67368	2002.0101	2006.0101
53734	259	57700	2002.0101	2006.0101
54521	259	61278	2002.0101	2006.0101
64716	259	50598	2002.0101	2006.0101
72792	259	45878	2002.0101	2006.0101
61561	259	55155	2002.0101	2006.0101
47925	259	67891	2002.0101	2006.0101
54701	259	46395	2002.0101	2006.0101
48754	259	47456	2002.0101	2007.0101
45655	259	46670	2002.0101	2007.0101
68442	259	48710	2002.0101	2007.0101
67805	259	51181	2002.0101	2007.0101
44407	259	44204	2002.0101	2007.0101
74791	259	63942	2002.0101	2007.0101
54869	259	51644	2002.0101	2007.0101
64585	259	57791	2002.0101	2007.0101
65781	259	49396	2002.0101	2007.0101
57845	259	56476	2002.0101	2007.0101
60147	259	47676	2002.0101	2007.0101
74153	259	49496	2002.0101	2007.0101
56328	259	52273	2002.0101	2007.0101
81519	259	74162	2002.0101	2007.0101
72394	259	43745	2002.0101	2007.0101
72896	263	65687	2002.0101	2007.0101
45448	259	63505	2002.0101	2007.0101
81686	259	50871	2002.0101	2007.0101
65969	259	46130	2002.0101	2007.0101
63493	259	56463	2002.0101	2007.0101
74564	259	71597	2002.0101	2007.0101
73788	296	51715	2002.0101	2007.0101
68235	296	51715	2002.0101	2007.0101
53733	259	78456	2002.0101	2007.0101
50678	259	44043	2002.0101	2007.0101
47517	259	51213	2002.0101	2007.0101
76578	259	57803	2002.0101	2007.0101
82876	259	46144	2002.0101	2007.0101
44519	259	47520	2002.0101	2007.0101
54859	259	59459	2002.0101	2007.0101
46578	259	57322	2002.0101	2007.0101
49039	259	47456	2002.0101	2007.0101
72997	259	44446	2002.0101	2007.0101
65658	259	52169	2002.0101	2008.0101
56121	259	47725	2002.0101	2008.0101
64101	259	47602	2002.0101	2008.0101
46414	259	57189	2002.0101	2008.0101
50820	259	62276	2002.0101	2008.0101
68808	259	49562	2002.0101	2008.0101
43805	259	49549	2002.0101	2008.0101
47268	259	55011	2002.0101	2008.0101
59887	259	47676	2002.0101	2008.0101
64922	259	58264	2002.0101	2008.0101
59147	259	66031	2002.0101	2008.0101
74153	259	46680	2002.0101	2008.0101
58808	259	56560	2002.0101	2008.0101
72374	259	44161	2002.0101	2008.0101
55892	259	44802	2002.0101	2008.0701
47913	259	47963	2002.0101	2009.0101
61190	259	46680	2002.0101	2009.0101
67896	259	48518	2002.0101	2009.0101
63810	259	49913	2002.0101	2009.0101
82479	259	58956	2002.0101	2009.0101
83649	259	64826	2002.0101	2009.0101
84528	296	51715	2002.0101	2009.0101
64032	259	53510	2002.0101	2009.0101
64455	265	44231	2002.0101	2009.0101
58062	259	47744	2002.0101	2009.0101
51044	259	54302	2002.0101	2009.0101
45227	259	45228	2002.0101	2010.0101
56906	268	56907	2002.0101	2010.0101
51643	259	47744	2002.0101	2010.0101
65105	263	46094	2002.0101	2010.0101
46462	259	48214	2002.0101	2010.0101
53060	259	49477	2002.0101	2010.0101
76619	259	51922	2002.0101	2010.0101
83577	265	66399	2002.0101	2010.0101
50570	259	52717	2002.0101	2010.0101
47675	259	47676	2002.0101	2011.0101
76866	259	65201	2002.0101	2011.0101
52256	259	48566	2002.0101	2011.0101
52430	259	48566	2002.0101	2011.0101
52295	259	62276	2002.0101	2011.0101
68860	272	63842	2002.0101	2012.0101
67688	259	46130	2002.0101	2012.0101
80820	272	80821	2002.0101	2012.0101
80821	272	80820	2002.0101	2012.0101
75206	259	45838	2002.0101	2012.0101
63842	272	68860	2002.0101	2012.0101
74873	259	46130	2002.0101	2013.0101
60761	259	47744	2002.0101	2013.0101
54053	259	47744	2002.0101	2013.0101
45866	259	50110	2002.0101	2014.0101
54766	259	46130	2002.0101	2014.0101
78339	259	43745	2002.0101	2014.0101
63521	259	46130	2002.0101	2015.0101
66250	259	47546	2002.0101	2015.0101
60289	259	46130	2002.0101	2015.0101
60881	259	46130	2002.0101	2015.0101
66681	259	46130	2002.0101	2015.0101
58920	259	45880	2002.0101	2015.0101
68824	259	61699	2002.0101	2016.0101
79233	259	50256	2002.0101	2016.0101
65777	259	68951	2002.0101	2016.0101
64636	296	51715	2002.0101	2016.0101
64167	259	82497	2002.0101	2016.0101
60786	259	60787	2002.0101	2016.0605
58424	259	45880	2002.0101	2017.0101
58299	259	46460	2002.0101	2017.0701
51356	259	44161	2002.0101	2018.0101
67236	259	47378	2002.0101	2018.0101
73995	296	51715	2002.0101	2018.0101
80001	296	51715	2002.0101	2018.0101
53862	272	72236	2002.0101	2018.0712
72236	272	53862	2002.0101	2018.0712
50766	264	43651	2002.0101	2020.0308
48935	261	45829	2002.0121	2002.0121
62479	261	44394	2002.0131	2002.0131
76704	261	44394	2002.0131	2002.0131
57558	261	56358	2002.0206	2002.0206
60458	261	56358	2002.0206	2002.0206
73935	259	55863	2002.0302	2011.1212
61194	261	85067	2002.0321	2002.0321
55231	259	80914	2002.0324	2002.0324
55231	259	50871	2002.0324	2007.1014
61834	259	45494	2002.0328	2002.1014
43661	259	49184	2002.0405	2002.0614
61344	261	44394	2002.0415	2002.0415
78030	296	79187	2002.0505	2004.0509
85814	261	46977	2002.0509	2002.0509
55545	259	46779	2002.0524	2005.0101
78084	259	50070	2002.0527	2012.113
52834	261	43971	2002.0528	2002.0528
81750	263	44425	2002.0603	2006.0131
81554	261	45115	2002.061	2002.061
60346	261	54061	2002.061	2002.061
72740	259	59929	2002.0612	2008.1103
43661	259	63130	2002.0614	2003.031
65101	259	53125	2002.0619	2009.0729
49142	265	54540	2002.0622	2002.0622
46315	259	47885	2002.0622	2002.0622
81372	259	50782	2002.0622	2005.1126
66819	259	56815	2002.0705	2003.1118
45961	259	56694	2002.0711	2013.1031
58499	259	45494	2002.0713	2010.1219
48615	261	47777	2002.0722	2002.0722
65494	259	53129	2002.0802	2004.073
71838	261	44394	2002.0807	2002.0807
67452	272	49835	2002.081	2004.0524
48121	259	81356	2002.0901	2002.1231
73880	259	54533	2002.0901	2002.1231
51403	259	57223	2002.0922	2002.0922
77485	272	81723	2002.0922	2018.0101
81723	272	77485	2002.0922	2018.0101
50675	261	75167	2002.1001	2002.1001
48935	261	57995	2002.1028	2002.1028
46221	264	43596	2002.1029	2002.1029
60267	261	43869	2002.1111	2002.1111
61131	259	47267	2002.1117	2002.1117
61131	259	46130	2002.1117	2015.053
69050	259	58075	2002.1117	2018.0616
61834	259	56694	2002.112	2003.1015
52090	261	44394	2002.1127	2002.1127
64306	261	63126	2002.1127	2002.1127
52147	261	59740	2002.1203	2002.1203
61911	259	48733	2002.1216	2007.1029
67085	259	49184	2002.122	2004.0403
45784	261	65307	2002.123	2002.123
44294	261	44295	2003.0101	2003.0101
44304	259	44305	2003.0101	2003.0101
45114	261	45115	2003.0101	2003.0101
46027	259	45319	2003.0101	2003.0101
48121	259	48122	2003.0101	2003.0101
48460	261	48461	2003.0101	2003.0101
49485	259	46504	2003.0101	2003.0101
49753	259	49754	2003.0101	2003.0101
50436	261	50437	2003.0101	2003.0101
52817	259	46813	2003.0101	2003.0101
47819	261	53070	2003.0101	2003.0101
53207	259	46893	2003.0101	2003.0101
50560	261	50170	2003.0101	2003.0101
52847	261	45847	2003.0101	2003.0101
45471	259	47181	2003.0101	2003.0101
55014	261	53266	2003.0101	2003.0101
55637	259	52018	2003.0101	2003.0101
55818	259	55819	2003.0101	2003.0101
56779	261	44326	2003.0101	2003.0101
57115	261	53070	2003.0101	2003.0101
54161	261	47275	2003.0101	2003.0101
45908	261	57701	2003.0101	2003.0101
57710	259	44020	2003.0101	2003.0101
55767	259	55440	2003.0101	2003.0101
58063	259	58064	2003.0101	2003.0101
46073	259	58149	2003.0101	2003.0101
53011	259	59022	2003.0101	2003.0101
59384	265	43825	2003.0101	2003.0101
59726	261	45549	2003.0101	2003.0101
59956	265	54620	2003.0101	2003.0101
60318	259	55337	2003.0101	2003.0101
50948	259	44662	2003.0101	2003.0101
61191	261	45115	2003.0101	2003.0101
60533	259	49932	2003.0101	2003.0101
61823	261	44326	2003.0101	2003.0101
62195	261	61002	2003.0101	2003.0101
62440	265	44738	2003.0101	2003.0101
48791	259	51783	2003.0101	2003.0101
59989	261	43626	2003.0101	2003.0101
63220	259	46418	2003.0101	2003.0101
63335	261	51916	2003.0101	2003.0101
63533	261	50712	2003.0101	2003.0101
48767	261	45115	2003.0101	2003.0101
54027	259	63654	2003.0101	2003.0101
53234	259	45608	2003.0101	2003.0101
48554	261	63898	2003.0101	2003.0101
49502	259	64512	2003.0101	2003.0101
58555	261	58690	2003.0101	2003.0101
65123	261	55935	2003.0101	2003.0101
65271	261	44326	2003.0101	2003.0101
60564	259	65655	2003.0101	2003.0101
55465	261	50965	2003.0101	2003.0101
65845	261	45115	2003.0101	2003.0101
66298	259	57363	2003.0101	2003.0101
60127	261	43626	2003.0101	2003.0101
44247	261	65642	2003.0101	2003.0101
64798	259	45324	2003.0101	2003.0101
46565	261	67992	2003.0101	2003.0101
60906	259	68192	2003.0101	2003.0101
68211	259	55471	2003.0101	2003.0101
59307	259	57260	2003.0101	2003.0101
56464	259	47225	2003.0101	2003.0101
68868	259	60494	2003.0101	2003.0101
53283	261	60663	2003.0101	2003.0101
69250	259	60625	2003.0101	2003.0101
69273	259	46445	2003.0101	2003.0101
51398	259	44882	2003.0101	2003.0101
61648	261	45300	2003.0101	2003.0101
59438	261	69959	2003.0101	2003.0101
44966	259	52233	2003.0101	2003.0101
50538	259	45755	2003.0101	2003.0101
70364	261	44813	2003.0101	2003.0101
58362	259	50843	2003.0101	2003.0101
70735	261	47655	2003.0101	2003.0101
51398	259	70740	2003.0101	2003.0101
48442	261	61503	2003.0101	2003.0101
45250	261	45115	2003.0101	2003.0101
57083	261	47508	2003.0101	2003.0101
48607	259	44912	2003.0101	2003.0101
71256	261	49735	2003.0101	2003.0101
57649	261	71494	2003.0101	2003.0101
71552	261	59442	2003.0101	2003.0101
49740	259	58851	2003.0101	2003.0101
64098	261	55389	2003.0101	2003.0101
52517	261	44839	2003.0101	2003.0101
54969	261	52683	2003.0101	2003.0101
50106	259	62276	2003.0101	2003.0101
47859	259	73803	2003.0101	2003.0101
63423	261	47425	2003.0101	2003.0101
59435	261	73892	2003.0101	2003.0101
74024	261	50096	2003.0101	2003.0101
63750	259	63654	2003.0101	2003.0101
50678	259	47440	2003.0101	2003.0101
74583	259	64202	2003.0101	2003.0101
71419	265	44738	2003.0101	2003.0101
54082	259	75238	2003.0101	2003.0101
65501	259	74773	2003.0101	2003.0101
69115	259	75462	2003.0101	2003.0101
61817	259	49754	2003.0101	2003.0101
45034	259	45224	2003.0101	2003.0101
75720	259	54286	2003.0101	2003.0101
76193	261	72029	2003.0101	2003.0101
54662	259	76372	2003.0101	2003.0101
70092	259	67707	2003.0101	2003.0101
64981	261	54489	2003.0101	2003.0101
76581	259	47744	2003.0101	2003.0101
74109	261	43659	2003.0101	2003.0101
46313	259	43991	2003.0101	2003.0101
51149	259	52655	2003.0101	2003.0101
70546	261	75422	2003.0101	2003.0101
49270	259	48558	2003.0101	2003.0101
60564	259	77147	2003.0101	2003.0101
77454	261	77455	2003.0101	2003.0101
73091	261	61198	2003.0101	2003.0101
77694	261	71006	2003.0101	2003.0101
68541	261	48419	2003.0101	2003.0101
77200	261	45115	2003.0101	2003.0101
57115	261	65307	2003.0101	2003.0101
73609	259	60948	2003.0101	2003.0101
59908	259	63899	2003.0101	2003.0101
71094	261	44830	2003.0101	2003.0101
61817	259	55211	2003.0101	2003.0101
61817	259	46802	2003.0101	2003.0101
50920	259	65125	2003.0101	2003.0101
65975	259	53050	2003.0101	2003.0101
46065	261	72149	2003.0101	2003.0101
78534	259	49900	2003.0101	2003.0101
77963	261	45581	2003.0101	2003.0101
67124	259	67798	2003.0101	2003.0101
60366	261	44394	2003.0101	2003.0101
55289	261	46989	2003.0101	2003.0101
58048	261	45115	2003.0101	2003.0101
65808	259	54274	2003.0101	2003.0101
44999	261	74314	2003.0101	2003.0101
44401	259	50144	2003.0101	2003.0101
50166	259	79599	2003.0101	2003.0101
50293	261	51874	2003.0101	2003.0101
75067	259	79713	2003.0101	2003.0101
50532	259	74589	2003.0101	2003.0101
70632	259	48876	2003.0101	2003.0101
63381	261	44016	2003.0101	2003.0101
55637	259	56177	2003.0101	2003.0101
44493	261	45951	2003.0101	2003.0101
79971	259	79972	2003.0101	2003.0101
70011	259	71996	2003.0101	2003.0101
45889	259	44305	2003.0101	2003.0101
55740	259	45845	2003.0101	2003.0101
79357	261	80340	2003.0101	2003.0101
79628	261	77230	2003.0101	2003.0101
58124	261	75167	2003.0101	2003.0101
80064	261	55311	2003.0101	2003.0101
61040	261	66579	2003.0101	2003.0101
53576	261	62338	2003.0101	2003.0101
66151	261	48396	2003.0101	2003.0101
56137	261	80524	2003.0101	2003.0101
73294	265	44080	2003.0101	2003.0101
59979	259	54423	2003.0101	2003.0101
54812	261	78404	2003.0101	2003.0101
64649	259	63654	2003.0101	2003.0101
44197	261	47936	2003.0101	2003.0101
49855	259	72113	2003.0101	2003.0101
60331	261	81093	2003.0101	2003.0101
48118	259	78553	2003.0101	2003.0101
54495	259	74476	2003.0101	2003.0101
58281	259	63505	2003.0101	2003.0101
46249	261	62323	2003.0101	2003.0101
62942	261	54178	2003.0101	2003.0101
51719	261	51938	2003.0101	2003.0101
46475	261	67511	2003.0101	2003.0101
50166	259	53777	2003.0101	2003.0101
57519	261	48487	2003.0101	2003.0101
72582	259	43938	2003.0101	2003.0101
59475	261	44326	2003.0101	2003.0101
63493	259	46879	2003.0101	2003.0101
66193	259	75450	2003.0101	2003.0101
60895	259	43898	2003.0101	2003.0101
47136	259	62489	2003.0101	2003.0101
60906	259	77147	2003.0101	2003.0101
70676	259	81874	2003.0101	2003.0101
63490	259	57639	2003.0101	2003.0101
61430	259	43898	2003.0101	2003.0101
66530	261	54749	2003.0101	2003.0101
62407	261	81891	2003.0101	2003.0101
60751	259	64926	2003.0101	2003.0101
49520	259	63806	2003.0101	2003.0101
75998	259	50529	2003.0101	2003.0101
69972	259	44169	2003.0101	2003.0101
69332	265	44124	2003.0101	2003.0101
53053	259	63832	2003.0101	2003.0101
79336	261	48095	2003.0101	2003.0101
81050	259	54913	2003.0101	2003.0101
50397	259	52950	2003.0101	2003.0101
53699	261	80635	2003.0101	2003.0101
68364	259	43898	2003.0101	2003.0101
63719	259	72886	2003.0101	2003.0101
49483	259	68255	2003.0101	2003.0101
49597	261	79821	2003.0101	2003.0101
52278	259	74534	2003.0101	2003.0101
56046	261	51003	2003.0101	2003.0101
52722	259	46238	2003.0101	2003.0101
59634	261	48437	2003.0101	2003.0101
53080	259	52969	2003.0101	2003.0101
48106	259	44845	2003.0101	2003.0101
59455	261	49170	2003.0101	2003.0101
75291	259	59022	2003.0101	2003.0101
70194	261	80844	2003.0101	2003.0101
81137	265	47818	2003.0101	2003.0101
74333	261	74793	2003.0101	2003.0101
77170	259	49100	2003.0101	2003.0101
80232	259	64772	2003.0101	2003.0101
57818	259	45498	2003.0101	2003.0101
66418	261	46026	2003.0101	2003.0101
80879	259	50539	2003.0101	2003.0101
64456	261	54267	2003.0101	2003.0101
46529	261	47734	2003.0101	2003.0101
61277	259	64772	2003.0101	2003.0101
63203	259	67125	2003.0101	2003.0101
58281	259	54253	2003.0101	2003.0101
72261	261	63126	2003.0101	2003.0101
73668	259	43898	2003.0101	2003.0101
72676	261	61009	2003.0101	2003.0101
50733	259	60565	2003.0101	2003.0101
63770	259	44120	2003.0101	2003.0101
60060	261	50347	2003.0101	2003.0101
45471	259	73149	2003.0101	2003.0101
51348	259	51679	2003.0101	2003.0101
72667	259	45394	2003.0101	2003.0101
58617	261	57067	2003.0101	2003.0101
81513	261	46561	2003.0101	2003.0101
50143	259	49355	2003.0101	2003.0101
70481	261	53070	2003.0101	2003.0101
62159	261	59573	2003.0101	2003.0101
64468	259	55771	2003.0101	2003.0101
76847	265	45519	2003.0101	2003.0101
56743	259	45119	2003.0101	2003.0101
67352	261	44322	2003.0101	2003.0101
54002	259	52213	2003.0101	2003.0101
71164	259	68740	2003.0101	2003.0101
48831	261	71379	2003.0101	2003.0101
66072	259	47352	2003.0101	2003.0101
55723	261	81562	2003.0101	2003.0101
80104	259	82356	2003.0101	2003.0101
52517	261	48419	2003.0101	2003.0101
62136	261	47777	2003.0101	2003.0101
75720	259	57572	2003.0101	2003.0101
84396	261	64239	2003.0101	2003.0101
83991	261	80086	2003.0101	2003.0101
49783	259	53739	2003.0101	2003.0101
54090	259	48876	2003.0101	2003.0101
47954	259	63133	2003.0101	2003.0101
49855	259	55312	2003.0101	2003.0101
47715	259	59591	2003.0101	2003.0101
78321	261	48461	2003.0101	2003.0101
63184	259	60871	2003.0101	2003.0101
75819	261	55209	2003.0101	2003.0101
48338	259	68809	2003.0101	2003.0101
71279	261	70375	2003.0101	2003.0101
50686	261	46142	2003.0101	2003.0101
79683	261	78740	2003.0101	2003.0101
55767	259	57293	2003.0101	2003.0101
67960	259	70987	2003.0101	2003.0101
54090	259	50843	2003.0101	2003.0101
82455	259	64146	2003.0101	2003.0101
76276	261	53841	2003.0101	2003.0101
60201	259	43898	2003.0101	2003.0101
48292	261	45566	2003.0101	2003.0101
61817	259	62554	2003.0101	2003.0101
73593	261	47363	2003.0101	2003.0101
53003	259	52539	2003.0101	2003.0101
69115	259	43789	2003.0101	2003.0101
45388	259	56928	2003.0101	2003.0101
61519	261	56791	2003.0101	2003.0101
56884	259	48026	2003.0101	2003.0101
47214	261	55719	2003.0101	2003.0101
55465	261	63432	2003.0101	2003.0101
68706	261	46728	2003.0101	2003.0101
60346	261	61503	2003.0101	2003.0101
57718	259	46559	2003.0101	2003.0101
63162	259	61288	2003.0101	2003.0101
52227	259	45358	2003.0101	2003.0101
62496	259	48558	2003.0101	2003.0101
67500	259	65259	2003.0101	2003.0101
78330	259	85152	2003.0101	2003.0101
44051	294	68502	2003.0101	2003.0101
66517	259	51241	2003.0101	2003.0101
51975	261	84842	2003.0101	2003.0101
64690	261	50592	2003.0101	2003.0101
48732	261	52903	2003.0101	2003.0101
61870	261	63252	2003.0101	2003.0101
82030	265	44078	2003.0101	2003.0101
58261	261	44981	2003.0101	2003.0101
61325	261	85226	2003.0101	2003.0101
81281	259	60122	2003.0101	2003.0101
69119	265	57018	2003.0101	2003.0101
61145	261	85255	2003.0101	2003.0101
83868	261	48598	2003.0101	2003.0101
67941	261	85255	2003.0101	2003.0101
66856	261	64300	2003.0101	2003.0101
51413	259	75693	2003.0101	2003.0101
49748	259	46879	2003.0101	2003.0101
52193	261	47179	2003.0101	2003.0101
50938	259	45874	2003.0101	2003.0101
49804	259	78456	2003.0101	2003.0101
45193	261	64938	2003.0101	2003.0101
48791	259	45578	2003.0101	2003.0101
74152	261	63420	2003.0101	2003.0101
62181	263	46631	2003.0101	2003.0101
61749	261	85335	2003.0101	2003.0101
53080	259	59022	2003.0101	2003.0101
45477	263	81336	2003.0101	2003.0101
74057	261	45115	2003.0101	2003.0101
70957	259	44880	2003.0101	2003.0101
53071	259	49549	2003.0101	2003.0101
63533	261	45115	2003.0101	2003.0101
65864	261	45115	2003.0101	2003.0101
77453	261	71904	2003.0101	2003.0101
57456	259	44305	2003.0101	2003.0101
61164	261	50967	2003.0101	2003.0101
46462	261	58053	2003.0101	2003.0101
53736	259	51213	2003.0101	2003.0101
60353	259	53507	2003.0101	2003.0101
74608	259	74938	2003.0101	2003.0101
51240	259	60452	2003.0101	2003.0101
57946	259	47911	2003.0101	2003.0101
69775	261	85388	2003.0101	2003.0101
59364	259	65191	2003.0101	2003.0101
61870	261	69917	2003.0101	2003.0101
72485	261	48461	2003.0101	2003.0101
60049	259	70162	2003.0101	2003.0101
73918	259	43898	2003.0101	2003.0101
67271	259	61278	2003.0101	2003.0101
50916	261	45959	2003.0101	2003.0101
66278	261	70233	2003.0101	2003.0101
66127	261	66009	2003.0101	2003.0101
72582	259	62032	2003.0101	2003.0101
67808	261	49623	2003.0101	2003.0101
57897	261	60780	2003.0101	2003.0101
69675	261	48095	2003.0101	2003.0101
59979	259	51698	2003.0101	2003.0101
57241	259	43898	2003.0101	2003.0101
72604	259	43898	2003.0101	2003.0101
72107	259	43898	2003.0101	2003.0101
68270	261	53814	2003.0101	2003.0101
84828	265	50726	2003.0101	2003.0101
44493	261	56358	2003.0101	2003.0101
54163	259	58178	2003.0101	2003.0101
51151	259	64109	2003.0101	2003.0101
64981	261	51428	2003.0101	2003.0101
65781	259	52389	2003.0101	2003.0101
72859	259	68076	2003.0101	2003.0101
84252	261	85476	2003.0101	2003.0101
46552	259	69139	2003.0101	2003.0101
76485	261	48913	2003.0101	2003.0101
49922	261	85476	2003.0101	2003.0101
80502	261	46452	2003.0101	2003.0101
58458	259	64253	2003.0101	2003.0101
76551	261	84670	2003.0101	2003.0101
47859	259	58404	2003.0101	2003.0101
53985	259	43927	2003.0101	2003.0101
50166	259	53004	2003.0101	2003.0101
54826	265	51911	2003.0101	2003.0101
48631	261	47188	2003.0101	2003.0101
77534	261	85542	2003.0101	2003.0101
61448	265	44124	2003.0101	2003.0101
63196	259	57197	2003.0101	2003.0101
58340	259	75073	2003.0101	2003.0101
61277	259	67873	2003.0101	2003.0101
66574	259	44546	2003.0101	2003.0101
64982	261	53957	2003.0101	2003.0101
56321	259	52034	2003.0101	2003.0101
44103	261	46577	2003.0101	2003.0101
53388	261	46577	2003.0101	2003.0101
69050	261	46577	2003.0101	2003.0101
79409	259	47288	2003.0101	2003.0101
64013	261	53682	2003.0101	2003.0101
71975	261	85577	2003.0101	2003.0101
51709	259	64240	2003.0101	2003.0101
59979	259	47586	2003.0101	2003.0101
56017	259	52034	2003.0101	2003.0101
52722	259	47586	2003.0101	2003.0101
52517	261	54567	2003.0101	2003.0101
57102	259	63510	2003.0101	2003.0101
60331	261	77592	2003.0101	2003.0101
46320	261	47290	2003.0101	2003.0101
63345	259	56379	2003.0101	2003.0101
56860	261	53630	2003.0101	2003.0101
43611	261	58262	2003.0101	2003.0101
48351	265	44738	2003.0101	2003.0101
65956	261	85622	2003.0101	2003.0101
59904	259	50007	2003.0101	2003.0101
51696	261	74285	2003.0101	2003.0101
66448	261	85643	2003.0101	2003.0101
79417	261	77230	2003.0101	2003.0101
57455	261	47338	2003.0101	2003.0101
53599	259	53065	2003.0101	2003.0101
58329	261	48433	2003.0101	2003.0101
52006	261	64533	2003.0101	2003.0101
50924	261	53070	2003.0101	2003.0101
68344	259	45099	2003.0101	2003.0101
49285	259	84705	2003.0101	2003.0101
72871	259	46793	2003.0101	2003.0101
72742	259	78444	2003.0101	2003.0101
57358	259	50679	2003.0101	2003.0101
45227	259	60494	2003.0101	2003.0101
47184	261	44055	2003.0101	2003.0101
50182	261	56791	2003.0101	2003.0101
53116	259	46186	2003.0101	2003.0101
60632	259	48333	2003.0101	2003.0101
78598	259	50808	2003.0101	2003.0101
58191	300	85685	2003.0101	2003.0101
76379	261	53858	2003.0101	2003.0101
59709	265	47157	2003.0101	2003.0101
46906	261	49429	2003.0101	2003.0101
60414	259	79818	2003.0101	2003.0101
48126	261	62964	2003.0101	2003.0101
72275	261	85716	2003.0101	2003.0101
47009	261	44326	2003.0101	2003.0101
82047	259	83027	2003.0101	2003.0101
54432	259	47602	2003.0101	2003.0101
77503	261	85762	2003.0101	2003.0101
61164	261	57914	2003.0101	2003.0101
79878	259	57363	2003.0101	2003.0101
52160	259	44071	2003.0101	2003.0101
56727	259	68905	2003.0101	2003.0101
61995	261	57240	2003.0101	2003.0101
46686	261	57067	2003.0101	2003.0101
66991	259	67537	2003.0101	2003.0101
47268	259	67541	2003.0101	2003.0101
65330	265	49527	2003.0101	2003.0101
54093	261	64199	2003.0101	2003.0101
45051	294	79021	2003.0101	2003.0101
58316	261	60321	2003.0101	2003.0101
50289	261	85824	2003.0101	2003.0101
71274	259	67854	2003.0101	2003.0101
52399	261	54390	2003.0101	2003.0101
81119	259	64826	2003.0101	2003.0101
51209	259	46663	2003.0101	2003.0101
75291	259	64926	2003.0101	2003.0101
51208	261	48882	2003.0101	2003.0101
50793	294	85848	2003.0101	2003.0101
81695	294	85848	2003.0101	2003.0101
68208	259	64926	2003.0101	2003.0101
49398	259	62872	2003.0101	2003.0101
45051	294	85848	2003.0101	2003.0101
64838	265	59239	2003.0101	2003.0101
80064	261	65019	2003.0101	2003.0101
76269	259	45608	2003.0101	2003.0101
47441	259	63595	2003.0101	2003.0801
43707	259	43708	2003.0101	2004.0101
47112	259	47113	2003.0101	2004.0101
48207	259	48208	2003.0101	2004.0101
46814	259	47153	2003.0101	2004.0101
50372	259	50373	2003.0101	2004.0101
50397	259	50398	2003.0101	2004.0101
51209	259	51210	2003.0101	2004.0101
51240	259	51241	2003.0101	2004.0101
51793	259	51794	2003.0101	2004.0101
53890	259	45076	2003.0101	2004.0101
45730	259	54048	2003.0101	2004.0101
43931	259	46680	2003.0101	2004.0101
55957	259	55958	2003.0101	2004.0101
51188	259	56264	2003.0101	2004.0101
56377	259	56378	2003.0101	2004.0101
56884	259	56885	2003.0101	2004.0101
53001	259	57473	2003.0101	2004.0101
50397	259	45813	2003.0101	2004.0101
59803	259	58264	2003.0101	2004.0101
47266	259	60200	2003.0101	2004.0101
60630	259	60631	2003.0101	2004.0101
53853	259	50885	2003.0101	2004.0101
65054	259	61207	2003.0101	2004.0101
59979	259	44689	2003.0101	2004.0101
65808	259	65762	2003.0101	2004.0101
65510	259	47602	2003.0101	2004.0101
51330	259	47306	2003.0101	2004.0101
48484	259	47586	2003.0101	2004.0101
67516	259	45224	2003.0101	2004.0101
52457	259	63529	2003.0101	2004.0101
64096	259	50708	2003.0101	2004.0101
68290	259	54759	2003.0101	2004.0101
64991	259	50890	2003.0101	2004.0101
68739	259	59823	2003.0101	2004.0101
69168	259	48499	2003.0101	2004.0101
66567	259	69956	2003.0101	2004.0101
70040	259	70041	2003.0101	2004.0101
70107	259	48381	2003.0101	2004.0101
50873	259	44020	2003.0101	2004.0101
71943	265	44158	2003.0101	2004.0101
51006	265	43825	2003.0101	2004.0101
70548	259	46649	2003.0101	2004.0101
52434	259	48214	2003.0101	2004.0101
64505	259	46817	2003.0101	2004.0101
73457	259	72328	2003.0101	2004.0101
56890	259	49100	2003.0101	2004.0101
73662	259	57828	2003.0101	2004.0101
49579	259	47916	2003.0101	2004.0101
74141	259	48660	2003.0101	2004.0101
53251	259	54473	2003.0101	2004.0101
69198	259	46306	2003.0101	2004.0101
52192	259	64930	2003.0101	2004.0101
46111	259	45995	2003.0101	2004.0101
59766	259	46779	2003.0101	2004.0101
51495	259	44169	2003.0101	2004.0101
52345	259	52458	2003.0101	2004.0101
53163	259	65201	2003.0101	2004.0101
47348	259	46086	2003.0101	2004.0101
66374	259	45324	2003.0101	2004.0101
51709	259	75367	2003.0101	2004.0101
67072	259	46559	2003.0101	2004.0101
46920	259	75657	2003.0101	2004.0101
55679	259	51647	2003.0101	2004.0101
64439	259	46779	2003.0101	2004.0101
77081	259	45593	2003.0101	2004.0101
44972	259	45122	2003.0101	2004.0101
62758	259	63956	2003.0101	2004.0101
49102	259	46680	2003.0101	2004.0101
75365	259	57700	2003.0101	2004.0101
47903	259	53620	2003.0101	2004.0101
52256	259	49040	2003.0101	2004.0101
69476	259	71232	2003.0101	2004.0101
77081	259	59757	2003.0101	2004.0101
48513	259	57418	2003.0101	2004.0101
47882	259	48814	2003.0101	2004.0101
59472	259	47594	2003.0101	2004.0101
56000	259	44446	2003.0101	2004.0101
59756	259	50539	2003.0101	2004.0101
49404	259	75126	2003.0101	2004.0101
63108	259	47153	2003.0101	2004.0101
54027	259	44446	2003.0101	2004.0101
59313	259	73790	2003.0101	2004.0101
54419	259	52034	2003.0101	2004.0101
53071	259	44801	2003.0101	2004.0101
70133	259	66293	2003.0101	2004.0101
51413	259	77527	2003.0101	2004.0101
58948	259	51743	2003.0101	2004.0101
61751	259	70608	2003.0101	2004.0101
50738	259	67388	2003.0101	2004.0101
60752	259	80107	2003.0101	2004.0101
63108	259	48412	2003.0101	2004.0101
80497	259	77606	2003.0101	2004.0101
55634	259	51984	2003.0101	2004.0101
51921	259	70376	2003.0101	2004.0101
62505	259	71755	2003.0101	2004.0101
45698	259	55455	2003.0101	2004.0101
45388	259	50880	2003.0101	2004.0101
48711	259	48122	2003.0101	2004.0101
81249	259	44680	2003.0101	2004.0101
63203	259	65467	2003.0101	2004.0101
55372	259	46170	2003.0101	2004.0101
78218	262	45442	2003.0101	2004.0101
65060	259	69290	2003.0101	2004.0101
46340	259	68084	2003.0101	2004.0101
52430	259	63529	2003.0101	2004.0101
79684	259	43670	2003.0101	2004.0101
66674	259	65017	2003.0101	2004.0101
78032	259	44305	2003.0101	2004.0101
60098	259	53507	2003.0101	2004.0101
52160	259	54473	2003.0101	2004.0101
44934	259	44446	2003.0101	2004.0101
71985	259	45498	2003.0101	2004.0101
62904	259	45972	2003.0101	2004.0101
61837	259	54735	2003.0101	2004.0101
55688	259	51679	2003.0101	2004.0101
69000	259	83060	2003.0101	2004.0101
83129	259	54997	2003.0101	2004.0101
68180	259	72330	2003.0101	2004.0101
62013	259	58149	2003.0101	2004.0101
49753	259	44983	2003.0101	2004.0101
60353	259	53963	2003.0101	2004.0101
62793	259	64717	2003.0101	2004.0101
48119	259	74027	2003.0101	2004.0101
54027	259	48412	2003.0101	2004.0101
58082	259	74842	2003.0101	2004.0101
50538	259	47153	2003.0101	2004.0101
61621	259	47608	2003.0101	2004.0101
79239	259	83533	2003.0101	2004.0101
67726	259	57463	2003.0101	2004.0101
77099	259	52100	2003.0101	2004.0101
77519	259	47378	2003.0101	2004.0101
45757	259	73161	2003.0101	2004.0101
67805	259	45688	2003.0101	2004.0101
71757	259	70307	2003.0101	2004.0101
71058	259	54947	2003.0101	2004.0101
68205	259	82756	2003.0101	2004.0101
65634	259	53443	2003.0101	2004.0101
59346	259	59558	2003.0101	2004.0101
80416	259	45827	2003.0101	2004.0101
48523	263	48013	2003.0101	2004.0101
60341	259	66768	2003.0101	2004.0101
70715	259	46743	2003.0101	2004.0101
50623	259	48573	2003.0101	2004.0101
65020	259	66802	2003.0101	2004.0101
47572	259	54022	2003.0101	2004.0101
58666	259	65309	2003.0101	2004.0101
55880	259	44578	2003.0101	2004.0101
77757	259	44169	2003.0101	2004.0101
54908	259	46673	2003.0101	2004.0101
72520	259	45878	2003.0101	2004.0101
54625	259	50933	2003.0101	2004.0101
62402	259	43827	2003.0101	2004.0101
69534	259	46825	2003.0101	2004.0101
56176	259	57272	2003.0101	2004.0101
48813	259	53963	2003.0101	2004.0101
66771	259	57711	2003.0101	2004.0101
78187	259	57711	2003.0101	2004.0101
67738	265	59220	2003.0101	2004.0101
80523	259	82678	2003.0101	2004.0101
74434	259	54374	2003.0101	2004.0101
79673	259	53598	2003.0101	2004.0101
64188	259	66679	2003.0101	2004.0101
55585	259	54735	2003.0101	2004.0101
70597	259	51015	2003.0101	2004.0101
45118	259	66642	2003.0101	2004.0101
71586	259	66697	2003.0101	2004.0101
78106	259	65125	2003.0101	2004.0101
47994	259	44047	2003.0101	2004.0101
68027	259	52920	2003.0101	2004.0101
47595	259	85185	2003.0101	2004.0101
56784	259	49040	2003.0101	2004.0101
68018	259	49040	2003.0101	2004.0101
47832	259	54867	2003.0101	2004.0101
58271	259	45405	2003.0101	2004.0101
77570	259	52769	2003.0101	2004.0101
46979	259	45745	2003.0101	2004.0101
68538	259	43940	2003.0101	2004.0101
72260	259	46831	2003.0101	2004.0101
64618	259	62973	2003.0101	2004.0101
75171	259	60122	2003.0101	2004.0101
73495	259	62885	2003.0101	2004.0101
71398	259	54211	2003.0101	2004.0101
65501	259	44434	2003.0101	2004.0101
80672	259	47887	2003.0101	2004.0101
73609	259	50703	2003.0101	2004.0101
63610	259	63899	2003.0101	2004.0101
46965	259	45813	2003.0101	2004.0101
66298	259	55211	2003.0101	2004.0101
52716	259	57639	2003.0101	2004.0101
52437	259	49549	2003.0101	2004.0101
77886	259	67579	2003.0101	2004.0101
57851	259	54048	2003.0101	2004.0101
54896	259	45016	2003.0101	2004.0101
54588	259	74938	2003.0101	2004.0101
63838	259	53963	2003.0101	2004.0101
65567	259	50501	2003.0101	2004.0101
47705	259	47812	2003.0101	2004.0101
77784	259	48593	2003.0101	2004.0101
66135	259	52804	2003.0101	2004.0101
63854	259	48071	2003.0101	2004.0101
64672	259	61278	2003.0101	2004.0101
78887	259	48337	2003.0101	2004.0101
47370	259	47520	2003.0101	2004.0101
51401	259	47141	2003.0101	2004.0101
70187	259	74233	2003.0101	2004.0101
60070	259	68076	2003.0101	2004.0101
50281	259	65467	2003.0101	2004.0101
68082	259	66957	2003.0101	2004.0101
82522	259	85503	2003.0101	2004.0101
53693	259	44406	2003.0101	2004.0101
67557	259	49230	2003.0101	2004.0101
75080	259	48122	2003.0101	2004.0101
63746	259	44406	2003.0101	2004.0101
51329	259	47586	2003.0101	2004.0101
62224	259	68741	2003.0101	2004.0101
54432	259	48239	2003.0101	2004.0101
70092	259	57322	2003.0101	2004.0101
62629	259	68741	2003.0101	2004.0101
68101	259	59066	2003.0101	2004.0101
53310	259	54697	2003.0101	2004.0101
60049	259	67875	2003.0101	2004.0101
80950	259	59177	2003.0101	2004.0101
47585	259	45076	2003.0101	2004.0101
48513	259	85602	2003.0101	2004.0101
49273	259	43670	2003.0101	2004.0101
67816	259	62647	2003.0101	2004.0101
58537	259	85602	2003.0101	2004.0101
81260	259	47456	2003.0101	2004.0101
73860	259	69800	2003.0101	2004.0101
61020	259	49522	2003.0101	2004.0101
59001	259	44811	2003.0101	2004.0101
55196	259	71998	2003.0101	2004.0101
55874	259	63168	2003.0101	2004.0101
48510	259	51679	2003.0101	2004.0101
74563	259	59558	2003.0101	2004.0101
80663	259	48333	2003.0101	2004.0101
67283	259	48333	2003.0101	2004.0101
65084	259	49634	2003.0101	2004.0101
57202	259	49496	2003.0101	2004.0101
81406	259	65309	2003.0101	2004.0101
75843	259	54668	2003.0101	2004.0101
77105	259	57819	2003.0101	2004.0101
80950	265	45702	2003.0101	2004.0101
73585	259	44071	2003.0101	2004.0101
61015	259	48365	2003.0101	2004.0101
55637	259	52926	2003.0101	2004.0101
64521	259	44802	2003.0101	2004.0101
59086	259	69509	2003.0101	2004.0101
70560	259	47309	2003.0101	2004.0101
81206	259	73854	2003.0101	2004.0101
68747	259	62150	2003.0101	2004.0101
75877	259	50970	2003.0101	2004.0101
47633	259	70041	2003.0101	2004.0101
44244	259	44245	2003.0101	2005.0101
46301	259	46302	2003.0101	2005.0101
47969	259	47970	2003.0101	2005.0101
51983	259	51984	2003.0101	2005.0101
47852	259	45820	2003.0101	2005.0101
65308	259	65309	2003.0101	2005.0101
54081	259	47621	2003.0101	2005.0101
64229	259	48122	2003.0101	2005.0101
69609	259	54433	2003.0101	2005.0101
70767	259	45498	2003.0101	2005.0101
44401	259	71986	2003.0101	2005.0101
71701	259	50501	2003.0101	2005.0101
72518	259	50698	2003.0101	2005.0101
47544	259	48840	2003.0101	2005.0101
70747	259	72286	2003.0101	2005.0101
65913	259	50078	2003.0101	2005.0101
65327	259	56092	2003.0101	2005.0101
55894	259	59912	2003.0101	2005.0101
63444	259	53515	2003.0101	2005.0101
48825	259	76081	2003.0101	2005.0101
56924	259	62161	2003.0101	2005.0101
45480	259	49329	2003.0101	2005.0101
53992	259	70977	2003.0101	2005.0101
49059	259	44120	2003.0101	2005.0101
72518	259	44709	2003.0101	2005.0101
51774	259	46144	2003.0101	2005.0101
52033	259	54647	2003.0101	2005.0101
50983	259	62205	2003.0101	2005.0101
76536	259	49098	2003.0101	2005.0101
66535	259	72330	2003.0101	2005.0101
53262	259	44406	2003.0101	2005.0101
59086	259	75786	2003.0101	2005.0101
63102	259	61353	2003.0101	2005.0101
59904	259	49913	2003.0101	2005.0101
54916	259	44257	2003.0101	2005.0101
79340	259	57302	2003.0101	2005.0101
80224	263	43607	2003.0101	2005.0101
46566	259	56794	2003.0101	2005.0101
68543	259	66695	2003.0101	2005.0101
58986	259	78767	2003.0101	2005.0101
62832	259	62015	2003.0101	2005.0101
64140	259	46622	2003.0101	2005.0101
80297	259	44446	2003.0101	2005.0101
49848	259	48337	2003.0101	2005.0101
57119	259	55278	2003.0101	2005.0101
63399	259	59633	2003.0101	2005.0101
48301	259	51181	2003.0101	2005.0101
54833	259	83238	2003.0101	2005.0101
58424	259	55278	2003.0101	2005.0101
54156	259	71213	2003.0101	2005.0101
79702	259	80496	2003.0101	2005.0101
59788	259	46254	2003.0101	2005.0101
46252	259	45774	2003.0101	2005.0101
48927	259	78747	2003.0101	2005.0101
81558	259	58170	2003.0101	2005.0101
68186	259	57143	2003.0101	2005.0101
46523	259	58469	2003.0101	2005.0101
61368	259	74680	2003.0101	2005.0101
80010	259	58459	2003.0101	2005.0101
52270	265	44939	2003.0101	2005.0101
61817	259	44518	2003.0101	2005.0101
58868	259	52156	2003.0101	2005.0101
58682	259	52264	2003.0101	2005.0101
84448	259	50138	2003.0101	2005.0101
78640	259	45311	2003.0101	2005.0101
53736	259	59734	2003.0101	2005.0101
66926	259	49105	2003.0101	2005.0101
75783	259	77758	2003.0101	2005.0101
78356	259	47716	2003.0101	2005.0101
61171	259	72498	2003.0101	2005.0101
80879	259	49159	2003.0101	2005.0101
82111	259	72688	2003.0101	2005.0101
58613	259	67891	2003.0101	2005.0101
60256	259	62518	2003.0101	2005.0101
79720	259	46567	2003.0101	2005.0101
63220	259	80496	2003.0101	2005.0101
49833	259	45047	2003.0101	2005.0101
45499	259	45755	2003.0101	2005.0101
59029	259	44709	2003.0101	2005.0101
56592	259	45745	2003.0101	2005.0101
47841	259	54310	2003.0101	2005.0101
80745	259	72930	2003.0101	2005.0101
47913	259	49068	2003.0101	2005.0101
66284	259	47546	2003.0101	2005.0101
57879	259	44333	2003.0101	2005.0101
49398	259	60574	2003.0101	2005.0101
80357	259	63133	2003.0101	2005.0101
43599	259	49549	2003.0101	2005.0101
66312	259	77282	2003.0101	2005.0101
45000	259	46559	2003.0101	2005.0101
62629	259	77477	2003.0101	2005.0101
64384	259	66744	2003.0101	2005.0101
47962	259	52525	2003.0101	2005.0101
76204	259	53777	2003.0101	2005.0101
52198	259	54852	2003.0101	2005.0101
63759	259	49996	2003.0101	2005.0101
70106	259	48122	2003.0101	2005.0101
48875	259	43628	2003.0101	2005.0101
75953	259	50349	2003.0101	2005.0101
49561	259	68938	2003.0101	2005.0101
64409	259	49122	2003.0101	2005.0101
62758	259	46273	2003.0101	2005.0101
77441	259	56928	2003.0101	2005.0101
61092	259	48120	2003.0101	2005.0101
72861	259	50007	2003.0101	2005.0101
58455	259	44595	2003.0101	2005.0101
44500	259	45047	2003.0101	2005.0101
60804	259	45633	2003.0101	2005.0101
64823	259	50890	2003.0101	2005.0101
50143	259	79237	2003.0101	2005.0101
76883	259	56092	2003.0101	2005.0101
63556	259	47923	2003.0101	2005.0101
72042	259	50092	2003.0101	2005.0101
66981	259	66293	2003.0101	2005.0101
71383	259	52041	2003.0101	2005.0101
62707	259	56123	2003.0101	2005.0101
81860	259	46203	2003.0101	2005.0101
63931	259	44020	2003.0101	2005.0101
44070	259	44071	2003.0101	2006.0101
50597	259	50598	2003.0101	2006.0101
52603	259	51743	2003.0101	2006.0101
50650	259	54671	2003.0101	2006.0101
59104	259	43734	2003.0101	2006.0101
60818	259	46802	2003.0101	2006.0101
51917	259	64419	2003.0101	2006.0101
65652	259	45449	2003.0101	2006.0101
49244	259	47953	2003.0101	2006.0101
61402	259	47669	2003.0101	2006.0101
64649	259	45728	2003.0101	2006.0101
60171	259	67891	2003.0101	2006.0101
55161	259	49562	2003.0101	2006.0101
64067	259	60278	2003.0101	2006.0101
44042	259	45319	2003.0101	2006.0101
73782	259	46445	2003.0101	2006.0101
70160	259	72243	2003.0101	2006.0101
72199	259	62205	2003.0101	2006.0101
58440	259	54332	2003.0101	2006.0101
70397	259	43808	2003.0101	2006.0101
51316	259	51485	2003.0101	2006.0101
57055	259	70695	2003.0101	2006.0101
79831	259	79663	2003.0101	2006.0101
70688	259	49837	2003.0101	2006.0101
79544	259	43603	2003.0101	2006.0101
63653	265	46150	2003.0101	2006.0101
49324	259	63819	2003.0101	2006.0101
66226	259	58436	2003.0101	2006.0101
45395	259	59955	2003.0101	2006.0101
80923	259	43927	2003.0101	2006.0101
49340	259	43808	2003.0101	2006.0101
53553	259	50512	2003.0101	2006.0101
53445	259	50256	2003.0101	2006.0101
71576	259	51249	2003.0101	2006.0101
50040	259	45755	2003.0101	2006.0101
60098	259	48688	2003.0101	2006.0101
56967	259	75924	2003.0101	2006.0101
80625	259	84314	2003.0101	2006.0101
60531	259	57524	2003.0101	2006.0101
68576	265	67515	2003.0101	2006.0101
63481	259	50242	2003.0101	2006.0101
47517	259	48103	2003.0101	2006.0101
79534	259	43808	2003.0101	2006.0101
50444	259	49355	2003.0101	2006.0101
59563	259	45755	2003.0101	2006.0101
80725	259	44641	2003.0101	2006.0101
50597	259	71422	2003.0101	2006.0101
46745	259	45755	2003.0101	2006.0101
72582	259	57056	2003.0101	2006.0101
66311	259	54533	2003.0101	2006.0101
52244	259	45648	2003.0101	2006.0101
56097	259	45648	2003.0101	2006.0101
58358	259	53510	2003.0101	2006.0101
63446	259	52962	2003.0101	2006.0101
81793	296	51715	2003.0101	2006.0101
53897	259	57393	2003.0101	2006.0101
44182	259	67579	2003.0101	2006.0101
45875	259	65191	2003.0101	2006.0101
58471	259	44031	2003.0101	2006.0101
45562	259	46460	2003.0101	2006.0101
78790	259	57791	2003.0101	2006.0101
57597	259	50078	2003.0101	2006.0101
54790	259	55615	2003.0101	2006.0101
65001	259	78269	2003.0101	2006.0101
46350	259	48412	2003.0101	2006.0101
49500	259	44672	2003.0101	2006.0101
65381	259	48239	2003.0101	2006.0101
64459	259	70376	2003.0101	2006.0101
74627	265	49373	2003.0101	2006.0101
73202	259	62004	2003.0101	2006.0101
51138	259	70141	2003.0101	2006.0101
72563	259	50092	2003.0101	2006.0101
75454	259	43819	2003.0101	2006.0101
52523	259	50092	2003.0101	2006.0101
45822	259	44772	2003.0101	2006.0101
73842	259	74162	2003.0101	2006.0101
62667	259	52926	2003.0101	2006.0101
55170	259	44303	2003.0101	2006.0101
58018	265	49218	2003.0101	2006.0123
66415	265	80323	2003.0101	2006.0501
70030	273	79147	2003.0101	2006.0831
53607	259	48660	2003.0101	2007.0101
55143	259	55144	2003.0101	2007.0101
55571	259	45755	2003.0101	2007.0101
44411	259	59807	2003.0101	2007.0101
65482	259	72244	2003.0101	2007.0101
53760	259	45718	2003.0101	2007.0101
68371	259	45880	2003.0101	2007.0101
72198	259	45001	2003.0101	2007.0101
60797	259	61587	2003.0101	2007.0101
63233	259	61245	2003.0101	2007.0101
67500	259	54461	2003.0101	2007.0101
79819	259	80062	2003.0101	2007.0101
65974	259	43827	2003.0101	2007.0101
77503	259	61125	2003.0101	2007.0101
68092	259	50167	2003.0101	2007.0101
71828	259	45688	2003.0101	2007.0101
48737	259	44114	2003.0101	2007.0101
46692	272	64376	2003.0101	2007.0101
59448	259	51999	2003.0101	2007.0101
64376	272	46692	2003.0101	2007.0101
50441	265	66472	2003.0101	2007.0101
64769	259	61836	2003.0101	2007.0101
73858	259	60477	2003.0101	2007.0101
56350	259	43940	2003.0101	2007.0101
57752	259	49913	2003.0101	2007.0101
47240	259	53688	2003.0101	2007.0101
79278	259	45408	2003.0101	2007.0101
62562	296	51715	2003.0101	2007.0101
48249	259	44689	2003.0101	2007.0101
65807	259	44128	2003.0101	2007.0101
57222	259	49549	2003.0101	2007.0101
81119	259	50038	2003.0101	2007.0101
48930	259	48346	2003.0101	2007.0101
58392	259	46046	2003.0101	2007.0101
49748	259	52804	2003.0101	2007.0101
67050	259	68084	2003.0101	2007.0101
70957	259	52100	2003.0101	2007.0101
64819	259	54830	2003.0101	2007.0101
58062	259	45324	2003.0101	2007.0101
82495	259	52864	2003.0101	2007.0101
47111	259	47643	2003.0101	2008.0101
52202	259	59459	2003.0101	2008.0101
62789	259	48710	2003.0101	2008.0101
61909	259	61531	2003.0101	2008.0101
68888	259	68889	2003.0101	2008.0101
69562	259	53510	2003.0101	2008.0101
67823	259	54913	2003.0101	2008.0101
73853	259	45838	2003.0101	2008.0101
52457	259	49477	2003.0101	2008.0101
70632	259	44487	2003.0101	2008.0101
76103	259	43745	2003.0101	2008.0101
65714	259	46074	2003.0101	2008.0101
74186	259	45699	2003.0101	2008.0101
53233	259	51633	2003.0101	2008.0101
57869	259	74842	2003.0101	2008.0101
64354	259	71996	2003.0101	2008.0101
63763	259	46649	2003.0101	2008.0101
49656	259	54211	2003.0101	2008.0101
79579	259	43745	2003.0101	2008.0101
69924	259	48518	2003.0101	2008.0101
81457	265	45606	2003.0101	2008.0101
67571	259	59459	2003.0101	2008.0101
59598	259	44697	2003.0101	2008.0101
66496	259	47744	2003.0101	2008.0101
76334	259	55144	2003.0101	2008.0101
58181	296	51715	2003.0101	2008.0101
64587	259	44402	2003.0101	2008.0101
62242	259	49834	2003.0101	2008.0101
73189	259	52070	2003.0101	2008.0101
64468	259	51139	2003.0101	2008.0101
54091	259	50741	2003.0101	2008.0101
55688	259	48103	2003.0101	2008.0101
67284	259	46395	2003.0101	2008.0101
45034	259	45035	2003.0101	2009.0101
46597	259	51137	2003.0101	2009.0101
53583	259	53584	2003.0101	2009.0101
55119	259	48979	2003.0101	2009.0101
60632	259	71646	2003.0101	2009.0101
49049	259	48521	2003.0101	2009.0101
63509	259	57211	2003.0101	2009.0101
48607	259	51335	2003.0101	2009.0101
52340	259	46680	2003.0101	2009.0101
78534	259	56928	2003.0101	2009.0101
78032	259	59558	2003.0101	2009.0101
54484	259	44390	2003.0101	2009.0101
60798	259	60799	2003.0101	2010.0101
54083	259	54735	2003.0101	2010.0101
68868	259	46673	2003.0101	2010.0101
64067	259	56668	2003.0101	2010.0101
47793	259	61908	2003.0101	2010.0101
60690	259	49672	2003.0101	2010.0101
68270	259	44746	2003.0101	2010.0101
60630	259	52264	2003.0101	2010.0101
53060	259	46680	2003.0101	2010.0101
62290	259	49293	2003.0101	2010.0101
52617	259	48381	2003.0101	2010.0101
62228	259	48236	2003.0101	2010.0101
75796	259	55614	2003.0101	2010.0101
79557	259	55933	2003.0101	2010.0101
80692	259	63132	2003.0101	2010.0101
66342	259	74551	2003.0101	2010.0101
46205	268	45856	2003.0101	2010.1231
63679	259	57711	2003.0101	2011.0101
59610	259	80142	2003.0101	2011.0101
60752	259	69369	2003.0101	2011.0101
71938	259	44200	2003.0101	2011.0101
63434	259	48518	2003.0101	2011.0101
53783	259	66919	2003.0101	2011.0101
76812	259	51104	2003.0101	2011.0202
44160	259	44161	2003.0101	2012.0101
57951	259	47261	2003.0101	2012.0101
49568	259	68942	2003.0101	2012.0101
54163	259	46024	2003.0101	2012.0101
71758	259	43968	2003.0101	2012.0101
76040	259	51984	2003.0101	2012.0101
64655	259	45673	2003.0101	2012.0101
70873	259	81306	2003.0101	2012.0101
80416	259	44094	2003.0101	2013.0101
67418	259	51311	2003.0101	2013.0101
60318	259	60239	2003.0101	2013.0101
60876	259	47676	2003.0101	2014.0101
76948	259	50070	2003.0101	2014.0101
66699	259	55278	2003.0101	2014.0101
48655	262	85259	2003.0101	2015.0101
75109	259	46261	2003.0101	2015.0101
44752	272	49368	2003.0101	2016.0101
67882	259	45039	2003.0101	2016.0101
80802	296	51715	2003.0101	2016.0101
47213	296	51715	2003.0101	2016.0101
61632	296	51715	2003.0101	2016.0101
81905	265	43865	2003.0101	2016.0101
69902	259	45076	2003.0101	2016.0101
76948	296	65088	2003.0101	2017.0101
62063	296	51715	2003.0101	2017.0101
83617	265	61205	2003.0101	2017.0101
78883	259	48122	2003.0101	2017.041
70721	259	54164	2003.0101	2017.0704
66105	259	44161	2003.0101	2018.0101
59174	259	44449	2003.0101	2018.0101
75757	296	51715	2003.0101	2018.0101
63462	264	44148	2003.0101	2020.0101
47661	276	57598	2003.0101	2022.0101
56063	263	53456	2003.0111	2003.0314
45908	261	57250	2003.0112	2003.0112
80163	261	44804	2003.0126	2003.0126
85086	261	85795	2003.0126	2003.0126
67008	261	85795	2003.0126	2003.0126
57710	259	54423	2003.0201	2003.0101
69971	259	49612	2003.0204	2006.0603
55462	272	84799	2003.0214	2004.0214
84799	272	55462	2003.0214	2004.0214
46319	259	53125	2003.0217	2004.0831
74205	259	74589	2003.0301	2003.1201
43661	259	44996	2003.0314	2003.0507
56901	259	59929	2003.0318	2005.0414
45100	268	62101	2003.0323	2014.0828
52147	261	44105	2003.0326	2003.0326
56233	272	64051	2003.0407	2018.0401
55251	261	57250	2003.0505	2003.0505
43661	259	43837	2003.0507	2003.1003
57435	259	63396	2003.0514	2013.1104
54606	261	85331	2003.0515	2003.0515
61632	259	56087	2003.0522	2009.063
59202	259	48733	2003.0526	2006.0905
62588	261	46977	2003.0529	2003.0529
53173	261	45115	2003.0605	2003.0605
71852	261	85388	2003.0605	2003.0605
54060	261	54061	2003.0609	2003.0609
47227	261	44804	2003.0609	2003.0609
76841	261	85795	2003.0609	2003.0609
44335	259	63396	2003.0611	2011.0426
46088	259	43837	2003.0612	2007.0731
76147	259	51238	2003.0614	2010.1212
57952	259	45494	2003.062	2013.1125
73138	259	56815	2003.0701	2005.1213
76563	259	50056	2003.0701	2006.1001
55862	263	53706	2003.0702	2007.1203
77146	259	46089	2003.0711	2006.0106
47441	259	47442	2003.0801	2004.0801
55050	261	47777	2003.0805	2003.0805
48664	261	51003	2003.0808	2003.0808
49368	272	44752	2003.0829	2016.0729
54657	261	44394	2003.0901	2003.0901
61025	261	63126	2003.0901	2003.0901
67093	259	66020	2003.0901	2003.1231
64030	259	76675	2003.0901	2003.1231
57710	259	50921	2003.0901	2004.0101
64127	265	79424	2003.0913	2007.0424
47814	261	45576	2003.0923	2003.0923
48245	259	50890	2003.0926	2005.0101
71453	273	45348	2003.1009	2003.1009
59125	261	43971	2003.102	2003.102
52303	261	43971	2003.102	2003.102
59579	261	45576	2003.1022	2003.1022
74933	261	54178	2003.1028	2003.1028
66819	259	50360	2003.1118	2006.1031
43661	259	50360	2003.1126	2004.0501
48732	259	48733	2003.1126	2005.1027
58303	261	54388	2003.1127	2003.1127
65903	259	50070	2003.1201	2010.1101
64988	259	46275	2003.1202	2008.103
53128	259	56161	2003.1203	2005.0528
69678	259	55863	2003.1203	2010.1101
82191	261	63126	2003.1204	2003.1204
54623	272	61426	2003.1206	2003.1206
62588	259	43704	2003.1211	2020.1202
69729	261	63126	2003.1226	2003.1226
44407	261	44408	2004.0101	2004.0101
44508	261	44509	2004.0101	2004.0101
44940	259	44941	2004.0101	2004.0101
45889	259	45890	2004.0101	2004.0101
45958	261	45959	2004.0101	2004.0101
46376	259	46377	2004.0101	2004.0101
46578	259	46579	2004.0101	2004.0101
46892	259	46893	2004.0101	2004.0101
46909	259	46910	2004.0101	2004.0101
49014	259	49015	2004.0101	2004.0101
49921	261	48437	2004.0101	2004.0101
51149	259	47914	2004.0101	2004.0101
53417	261	43626	2004.0101	2004.0101
54161	261	54162	2004.0101	2004.0101
54202	265	47553	2004.0101	2004.0101
53003	259	49932	2004.0101	2004.0101
47112	259	49352	2004.0101	2004.0101
54455	261	47777	2004.0101	2004.0101
54896	259	43918	2004.0101	2004.0101
53502	259	49538	2004.0101	2004.0101
55310	261	55311	2004.0101	2004.0101
47182	265	48234	2004.0101	2004.0101
55340	261	44088	2004.0101	2004.0101
55520	259	47539	2004.0101	2004.0101
55740	259	43819	2004.0101	2004.0101
56727	259	46515	2004.0101	2004.0101
57150	261	46577	2004.0101	2004.0101
49347	259	51452	2004.0101	2004.0101
48145	261	53313	2004.0101	2004.0101
57612	259	57613	2004.0101	2004.0101
57752	259	44507	2004.0101	2004.0101
57818	259	57819	2004.0101	2004.0101
57830	261	57831	2004.0101	2004.0101
57946	259	58110	2004.0101	2004.0101
47595	259	57272	2004.0101	2004.0101
57710	259	46198	2004.0101	2004.0101
60331	261	50099	2004.0101	2004.0101
45491	259	60344	2004.0101	2004.0101
60373	261	51029	2004.0101	2004.0101
51061	261	55375	2004.0101	2004.0101
54460	259	60697	2004.0101	2004.0101
52858	259	56764	2004.0101	2004.0101
61448	265	52271	2004.0101	2004.0101
54316	261	54976	2004.0101	2004.0101
62179	261	43626	2004.0101	2004.0101
62322	261	62323	2004.0101	2004.0101
48126	261	48023	2004.0101	2004.0101
61913	261	57328	2004.0101	2004.0101
62566	261	59442	2004.0101	2004.0101
62793	259	62794	2004.0101	2004.0101
51348	259	62288	2004.0101	2004.0101
55516	261	48020	2004.0101	2004.0101
61570	261	61503	2004.0101	2004.0101
56218	259	48700	2004.0101	2004.0101
51392	261	63898	2004.0101	2004.0101
64379	261	64380	2004.0101	2004.0101
54662	259	62778	2004.0101	2004.0101
49128	261	64533	2004.0101	2004.0101
64641	261	46478	2004.0101	2004.0101
59623	259	49394	2004.0101	2004.0101
57257	261	44326	2004.0101	2004.0101
52457	259	44578	2004.0101	2004.0101
55310	261	65019	2004.0101	2004.0101
59756	259	45838	2004.0101	2004.0101
65330	265	45623	2004.0101	2004.0101
65355	259	65356	2004.0101	2004.0101
65501	259	65502	2004.0101	2004.0101
54027	259	44169	2004.0101	2004.0101
65984	261	45681	2004.0101	2004.0101
67022	259	67023	2004.0101	2004.0101
65975	259	45218	2004.0101	2004.0101
67352	261	67353	2004.0101	2004.0101
59082	259	44921	2004.0101	2004.0101
54237	261	57240	2004.0101	2004.0101
66976	261	60321	2004.0101	2004.0101
66132	261	59675	2004.0101	2004.0101
68085	259	46418	2004.0101	2004.0101
62737	273	68117	2004.0101	2004.0101
68964	265	44670	2004.0101	2004.0101
69062	261	48962	2004.0101	2004.0101
48121	259	69392	2004.0101	2004.0101
65975	259	69492	2004.0101	2004.0101
62185	261	62313	2004.0101	2004.0101
51413	259	69985	2004.0101	2004.0101
67418	259	44785	2004.0101	2004.0101
63862	261	69652	2004.0101	2004.0101
70232	261	70233	2004.0101	2004.0101
47787	261	47936	2004.0101	2004.0101
70632	259	47412	2004.0101	2004.0101
59472	259	48700	2004.0101	2004.0101
70850	259	44801	2004.0101	2004.0101
70955	265	57213	2004.0101	2004.0101
46578	259	44126	2004.0101	2004.0101
65060	259	51744	2004.0101	2004.0101
71274	259	67023	2004.0101	2004.0101
49270	259	69123	2004.0101	2004.0101
53077	261	48095	2004.0101	2004.0101
58196	259	48412	2004.0101	2004.0101
71707	261	49592	2004.0101	2004.0101
49753	259	72328	2004.0101	2004.0101
65151	259	48558	2004.0101	2004.0101
67570	261	63126	2004.0101	2004.0101
72529	261	45929	2004.0101	2004.0101
66675	261	72816	2004.0101	2004.0101
64605	261	48419	2004.0101	2004.0101
51546	259	43898	2004.0101	2004.0101
56796	259	53004	2004.0101	2004.0101
73701	261	56791	2004.0101	2004.0101
63686	259	65372	2004.0101	2004.0101
49965	259	43745	2004.0101	2004.0101
74577	259	45531	2004.0101	2004.0101
54458	261	62746	2004.0101	2004.0101
74811	261	61503	2004.0101	2004.0101
74882	259	74901	2004.0101	2004.0101
75195	259	57757	2004.0101	2004.0101
46552	259	64776	2004.0101	2004.0101
74228	261	44699	2004.0101	2004.0101
66072	259	44680	2004.0101	2004.0101
64030	259	64720	2004.0101	2004.0101
75855	259	47914	2004.0101	2004.0101
65704	261	75956	2004.0101	2004.0101
55454	259	72113	2004.0101	2004.0101
67971	259	76014	2004.0101	2004.0101
68994	259	43898	2004.0101	2004.0101
46906	261	47255	2004.0101	2004.0101
57055	259	58404	2004.0101	2004.0101
62319	259	48979	2004.0101	2004.0101
52698	259	54852	2004.0101	2004.0101
64755	264	43596	2004.0101	2004.0101
76846	259	48667	2004.0101	2004.0101
73050	259	77144	2004.0101	2004.0101
48911	259	77357	2004.0101	2004.0101
61837	259	44020	2004.0101	2004.0101
77534	261	68334	2004.0101	2004.0101
77793	259	64146	2004.0101	2004.0101
52434	259	44801	2004.0101	2004.0101
74308	261	50569	2004.0101	2004.0101
60416	259	65469	2004.0101	2004.0101
61314	259	47586	2004.0101	2004.0101
60164	259	47153	2004.0101	2004.0101
72632	259	55771	2004.0101	2004.0101
70698	259	74345	2004.0101	2004.0101
66135	259	62161	2004.0101	2004.0101
63763	259	60494	2004.0101	2004.0101
45962	259	53598	2004.0101	2004.0101
49848	259	47887	2004.0101	2004.0101
78836	261	56831	2004.0101	2004.0101
56821	261	48902	2004.0101	2004.0101
73093	265	44080	2004.0101	2004.0101
52419	265	45169	2004.0101	2004.0101
52457	259	45593	2004.0101	2004.0101
72299	261	51566	2004.0101	2004.0101
47003	261	47777	2004.0101	2004.0101
55740	259	49040	2004.0101	2004.0101
73334	259	43898	2004.0101	2004.0101
55176	259	55591	2004.0101	2004.0101
51921	259	49861	2004.0101	2004.0101
61921	259	73572	2004.0101	2004.0101
78887	259	47887	2004.0101	2004.0101
75205	261	79303	2004.0101	2004.0101
69250	259	52655	2004.0101	2004.0101
54083	261	58053	2004.0101	2004.0101
45819	259	57882	2004.0101	2004.0101
63065	265	46499	2004.0101	2004.0101
64105	259	73299	2004.0101	2004.0101
52434	259	47586	2004.0101	2004.0101
66965	261	47179	2004.0101	2004.0101
57069	261	44463	2004.0101	2004.0101
51634	261	44394	2004.0101	2004.0101
64132	259	58983	2004.0101	2004.0101
46111	259	57392	2004.0101	2004.0101
55848	259	58949	2004.0101	2004.0101
79980	261	53848	2004.0101	2004.0101
49521	261	66579	2004.0101	2004.0101
51892	259	45531	2004.0101	2004.0101
56017	259	79815	2004.0101	2004.0101
70835	261	63432	2004.0101	2004.0101
43696	259	80226	2004.0101	2004.0101
59756	259	48499	2004.0101	2004.0101
80389	261	45171	2004.0101	2004.0101
51240	259	58064	2004.0101	2004.0101
56120	261	65642	2004.0101	2004.0101
50293	261	54168	2004.0101	2004.0101
60533	259	47914	2004.0101	2004.0101
52420	259	69264	2004.0101	2004.0101
47881	259	49522	2004.0101	2004.0101
50932	261	76707	2004.0101	2004.0101
53612	261	73183	2004.0101	2004.0101
59987	259	80914	2004.0101	2004.0101
52033	259	44457	2004.0101	2004.0101
54083	261	45066	2004.0101	2004.0101
81132	261	64239	2004.0101	2004.0101
70107	259	61966	2004.0101	2004.0101
62602	259	69503	2004.0101	2004.0101
64485	259	47518	2004.0101	2004.0101
46027	259	48090	2004.0101	2004.0101
59307	259	63382	2004.0101	2004.0101
72859	259	51414	2004.0101	2004.0101
72871	259	58785	2004.0101	2004.0101
66975	259	80493	2004.0101	2004.0101
67215	259	60799	2004.0101	2004.0101
57403	261	55285	2004.0101	2004.0101
60624	259	53024	2004.0101	2004.0101
70296	259	47789	2004.0101	2004.0101
58965	261	55209	2004.0101	2004.0101
57084	261	53724	2004.0101	2004.0101
63437	259	46680	2004.0101	2004.0101
64252	259	48164	2004.0101	2004.0101
46525	261	44016	2004.0101	2004.0101
61328	259	49336	2004.0101	2004.0101
68200	259	52527	2004.0101	2004.0101
47832	259	56378	2004.0101	2004.0101
68004	261	47777	2004.0101	2004.0101
52935	261	53841	2004.0101	2004.0101
77607	259	46802	2004.0101	2004.0101
63892	261	67199	2004.0101	2004.0101
82047	259	48285	2004.0101	2004.0101
53043	259	49562	2004.0101	2004.0101
53207	259	54647	2004.0101	2004.0101
50868	261	71006	2004.0101	2004.0101
69198	259	60565	2004.0101	2004.0101
79971	259	49281	2004.0101	2004.0101
55932	259	66609	2004.0101	2004.0101
57257	261	44726	2004.0101	2004.0101
48841	259	55455	2004.0101	2004.0101
82443	261	82444	2004.0101	2004.0101
60016	261	70856	2004.0101	2004.0101
64909	259	61882	2004.0101	2004.0101
53424	261	60282	2004.0101	2004.0101
77132	259	47518	2004.0101	2004.0101
65084	259	54647	2004.0101	2004.0101
53071	259	45212	2004.0101	2004.0101
43980	261	49002	2004.0101	2004.0101
48556	261	45117	2004.0101	2004.0101
44323	259	51304	2004.0101	2004.0101
44197	261	78142	2004.0101	2004.0101
63069	259	65372	2004.0101	2004.0101
60329	261	82757	2004.0101	2004.0101
81250	261	46848	2004.0101	2004.0101
53337	259	43983	2004.0101	2004.0101
52322	259	76852	2004.0101	2004.0101
83112	261	62671	2004.0101	2004.0101
74597	259	83060	2004.0101	2004.0101
68027	259	48684	2004.0101	2004.0101
47421	259	52962	2004.0101	2004.0101
59908	259	66338	2004.0101	2004.0101
51793	259	72930	2004.0101	2004.0101
54657	261	48972	2004.0101	2004.0101
52434	259	48625	2004.0101	2004.0101
77371	259	59825	2004.0101	2004.0101
55628	259	43898	2004.0101	2004.0101
59082	259	66293	2004.0101	2004.0101
81228	259	43898	2004.0101	2004.0101
51421	261	51373	2004.0101	2004.0101
80010	259	43938	2004.0101	2004.0101
50644	261	43626	2004.0101	2004.0101
64649	259	51235	2004.0101	2004.0101
57323	259	59382	2004.0101	2004.0101
66132	261	54267	2004.0101	2004.0101
53985	259	54401	2004.0101	2004.0101
77183	261	44326	2004.0101	2004.0101
66193	259	65190	2004.0101	2004.0101
49767	259	59866	2004.0101	2004.0101
69902	261	45066	2004.0101	2004.0101
55029	265	44951	2004.0101	2004.0101
73609	259	57143	2004.0101	2004.0101
53672	261	48598	2004.0101	2004.0101
63892	261	56849	2004.0101	2004.0101
62679	259	73352	2004.0101	2004.0101
63810	259	50679	2004.0101	2004.0101
45438	259	45587	2004.0101	2004.0101
56350	259	47412	2004.0101	2004.0101
76207	261	47255	2004.0101	2004.0101
49183	259	50448	2004.0101	2004.0101
49753	259	44069	2004.0101	2004.0101
74275	261	63295	2004.0101	2004.0101
54657	261	43695	2004.0101	2004.0101
50330	261	59280	2004.0101	2004.0101
56743	259	52539	2004.0101	2004.0101
69301	261	44059	2004.0101	2004.0101
73007	261	59573	2004.0101	2004.0101
55280	261	45115	2004.0101	2004.0101
48754	259	47963	2004.0101	2004.0101
46027	259	53065	2004.0101	2004.0101
49490	261	58262	2004.0101	2004.0101
69058	259	76490	2004.0101	2004.0101
66219	259	43898	2004.0101	2004.0101
83086	261	44108	2004.0101	2004.0101
65151	259	67873	2004.0101	2004.0101
46305	259	56722	2004.0101	2004.0101
49244	259	73814	2004.0101	2004.0101
84440	259	69158	2004.0101	2004.0101
66433	261	49252	2004.0101	2004.0101
74862	261	77455	2004.0101	2004.0101
68829	261	58497	2004.0101	2004.0101
60016	261	59635	2004.0101	2004.0101
49855	259	78444	2004.0101	2004.0101
62629	259	45324	2004.0101	2004.0101
70959	259	48645	2004.0101	2004.0101
62301	261	71006	2004.0101	2004.0101
72076	261	44055	2004.0101	2004.0101
83127	265	54152	2004.0101	2004.0101
69235	259	50301	2004.0101	2004.0101
57178	259	43745	2004.0101	2004.0101
65767	259	46583	2004.0101	2004.0101
59076	261	70854	2004.0101	2004.0101
54933	259	73299	2004.0101	2004.0101
46551	261	44322	2004.0101	2004.0101
57335	259	78259	2004.0101	2004.0101
54060	261	61503	2004.0101	2004.0101
73310	259	51483	2004.0101	2004.0101
53502	259	84953	2004.0101	2004.0101
73310	259	65191	2004.0101	2004.0101
58570	261	80447	2004.0101	2004.0101
84984	259	44855	2004.0101	2004.0101
65986	261	69193	2004.0101	2004.0101
53480	259	54089	2004.0101	2004.0101
60182	259	51104	2004.0101	2004.0101
70946	259	74162	2004.0101	2004.0101
75403	259	45982	2004.0101	2004.0101
62937	259	43766	2004.0101	2004.0101
64649	259	47789	2004.0101	2004.0101
45471	259	52173	2004.0101	2004.0101
47715	259	46332	2004.0101	2004.0101
81362	259	53164	2004.0101	2004.0101
55358	259	69369	2004.0101	2004.0101
49009	261	73525	2004.0101	2004.0101
80143	261	48598	2004.0101	2004.0101
65686	261	46905	2004.0101	2004.0101
50779	261	47777	2004.0101	2004.0101
64026	259	76490	2004.0101	2004.0101
61782	261	47777	2004.0101	2004.0101
65357	259	47088	2004.0101	2004.0101
71136	259	51962	2004.0101	2004.0101
61557	261	64938	2004.0101	2004.0101
65144	261	51871	2004.0101	2004.0101
72203	261	48419	2004.0101	2004.0101
80879	259	45593	2004.0101	2004.0101
53938	263	85316	2004.0101	2004.0101
81594	259	47942	2004.0101	2004.0101
71164	259	46125	2004.0101	2004.0101
58745	259	52024	2004.0101	2004.0101
64981	261	72797	2004.0101	2004.0101
58005	261	45115	2004.0101	2004.0101
49753	259	46059	2004.0101	2004.0101
50675	261	61075	2004.0101	2004.0101
44966	259	45813	2004.0101	2004.0101
50166	259	72396	2004.0101	2004.0101
52931	261	54459	2004.0101	2004.0101
66937	259	52093	2004.0101	2004.0101
62390	261	54459	2004.0101	2004.0101
53467	261	44732	2004.0101	2004.0101
53467	261	54749	2004.0101	2004.0101
83748	265	51227	2004.0101	2004.0101
64468	259	47744	2004.0101	2004.0101
53824	259	49015	2004.0101	2004.0101
48945	261	53814	2004.0101	2004.0101
70011	259	55288	2004.0101	2004.0101
82224	265	80762	2004.0101	2004.0101
59563	259	48337	2004.0101	2004.0101
70500	261	44699	2004.0101	2004.0101
48342	261	45704	2004.0101	2004.0101
75291	259	58983	2004.0101	2004.0101
49273	259	48090	2004.0101	2004.0101
52935	261	66009	2004.0101	2004.0101
52549	259	43898	2004.0101	2004.0101
44759	261	46786	2004.0101	2004.0101
53003	259	50927	2004.0101	2004.0101
65917	259	43898	2004.0101	2004.0101
55289	261	53622	2004.0101	2004.0101
68101	259	47153	2004.0101	2004.0101
54090	259	47412	2004.0101	2004.0101
74492	259	43898	2004.0101	2004.0101
83375	261	45681	2004.0101	2004.0101
47715	259	53024	2004.0101	2004.0101
68655	261	85476	2004.0101	2004.0101
64805	259	52233	2004.0101	2004.0101
60591	261	55209	2004.0101	2004.0101
73475	261	56849	2004.0101	2004.0101
62089	259	52011	2004.0101	2004.0101
80389	261	61526	2004.0101	2004.0101
75998	259	45062	2004.0101	2004.0101
76158	261	69891	2004.0101	2004.0101
63750	259	58949	2004.0101	2004.0101
56734	259	54457	2004.0101	2004.0101
61870	261	85518	2004.0101	2004.0101
49715	259	45531	2004.0101	2004.0101
66204	261	53266	2004.0101	2004.0101
85380	259	44546	2004.0101	2004.0101
61138	261	43626	2004.0101	2004.0101
53693	259	54697	2004.0101	2004.0101
53283	261	79640	2004.0101	2004.0101
49439	261	80060	2004.0101	2004.0101
64981	261	68112	2004.0101	2004.0101
52803	259	48738	2004.0101	2004.0101
54664	259	43991	2004.0101	2004.0101
52807	259	48738	2004.0101	2004.0101
74275	261	71684	2004.0101	2004.0101
64605	261	54567	2004.0101	2004.0101
65743	259	45686	2004.0101	2004.0101
70032	261	48902	2004.0101	2004.0101
45286	261	71684	2004.0101	2004.0101
58172	261	45929	2004.0101	2004.0101
52986	261	69321	2004.0101	2004.0101
59265	261	51547	2004.0101	2004.0101
77228	261	59266	2004.0101	2004.0101
51208	261	44813	2004.0101	2004.0101
68890	261	59266	2004.0101	2004.0101
66799	261	45929	2004.0101	2004.0101
65567	259	51794	2004.0101	2004.0101
53506	259	52950	2004.0101	2004.0101
73573	259	51633	2004.0101	2004.0101
54812	261	85643	2004.0101	2004.0101
54083	261	68410	2004.0101	2004.0101
45370	261	49514	2004.0101	2004.0101
64981	261	71566	2004.0101	2004.0101
69549	261	54752	2004.0101	2004.0101
68017	261	70854	2004.0101	2004.0101
57974	261	81999	2004.0101	2004.0101
71159	261	46326	2004.0101	2004.0101
46340	261	61198	2004.0101	2004.0101
47815	259	71755	2004.0101	2004.0101
75877	259	61127	2004.0101	2004.0101
49450	261	48433	2004.0101	2004.0101
78833	261	77230	2004.0101	2004.0101
58362	259	48876	2004.0101	2004.0101
62742	261	56791	2004.0101	2004.0101
83764	265	44045	2004.0101	2004.0101
70487	259	51050	2004.0101	2004.0101
49520	259	56177	2004.0101	2004.0101
60353	259	51944	2004.0101	2004.0101
70632	259	45358	2004.0101	2004.0101
64537	259	44092	2004.0101	2004.0101
67557	259	50041	2004.0101	2004.0101
50581	259	60494	2004.0101	2004.0101
45856	261	85686	2004.0101	2004.0101
66925	261	46296	2004.0101	2004.0101
76841	261	50112	2004.0101	2004.0101
54435	261	44326	2004.0101	2004.0101
60216	261	50057	2004.0101	2004.0101
78266	261	44326	2004.0101	2004.0101
76819	261	44326	2004.0101	2004.0101
77796	259	59424	2004.0101	2004.0101
66633	259	69392	2004.0101	2004.0101
75403	259	47440	2004.0101	2004.0101
82341	261	44326	2004.0101	2004.0101
45966	261	85713	2004.0101	2004.0101
77183	261	44834	2004.0101	2004.0101
50938	259	85759	2004.0101	2004.0101
77587	261	85762	2004.0101	2004.0101
77711	261	57400	2004.0101	2004.0101
63345	259	44165	2004.0101	2004.0101
74866	261	50980	2004.0101	2004.0101
54657	261	45283	2004.0101	2004.0101
82799	259	63956	2004.0101	2004.0101
59445	259	48173	2004.0101	2004.0101
82540	259	55337	2004.0101	2004.0101
57782	259	45324	2004.0101	2004.0101
72129	261	50170	2004.0101	2004.0101
45641	292	85812	2004.0101	2004.0101
49270	259	48753	2004.0101	2004.0101
72260	259	57186	2004.0101	2004.0101
61913	261	69706	2004.0101	2004.0101
54578	259	44637	2004.0101	2004.0101
77552	259	49343	2004.0101	2004.0101
83879	259	69856	2004.0101	2004.0101
57303	261	45661	2004.0101	2004.0101
66072	259	46001	2004.0101	2004.0101
52791	259	44680	2004.0101	2004.0101
61841	259	65523	2004.0101	2004.0101
64268	259	75448	2004.0101	2004.0101
47497	261	85868	2004.0101	2004.0101
49285	259	75448	2004.0101	2004.0101
78768	259	47893	2004.0101	2004.0101
73523	261	85837	2004.0101	2004.0101
64502	263	43825	2004.0101	2004.1231
43990	259	43991	2004.0101	2005.0101
45530	259	45531	2004.0101	2005.0101
45552	259	45553	2004.0101	2005.0101
44358	259	47288	2004.0101	2005.0101
48199	259	44890	2004.0101	2005.0101
48313	259	48314	2004.0101	2005.0101
49227	259	49228	2004.0101	2005.0101
52434	259	52435	2004.0101	2005.0101
52529	259	53702	2004.0101	2005.0101
46957	259	54022	2004.0101	2005.0101
54924	259	45408	2004.0101	2005.0101
56850	259	56851	2004.0101	2005.0101
47528	259	56996	2004.0101	2005.0101
57362	259	57363	2004.0101	2005.0101
49520	259	52018	2004.0101	2005.0101
58647	259	58648	2004.0101	2005.0101
58709	259	58710	2004.0101	2005.0101
43581	259	59558	2004.0101	2005.0101
58682	259	48753	2004.0101	2005.0101
47527	259	60262	2004.0101	2005.0101
61817	259	52560	2004.0101	2005.0101
62204	259	62205	2004.0101	2005.0101
51893	259	62551	2004.0101	2005.0101
52603	259	44305	2004.0101	2005.0101
62990	259	45165	2004.0101	2005.0101
57323	259	49100	2004.0101	2005.0101
63434	259	55337	2004.0101	2005.0101
58271	259	60631	2004.0101	2005.0101
63693	259	53004	2004.0101	2005.0101
64102	259	48164	2004.0101	2005.0101
61277	259	54647	2004.0101	2005.0101
54322	259	49098	2004.0101	2005.0101
64783	259	50775	2004.0101	2005.0101
46313	259	59382	2004.0101	2005.0101
48336	259	59426	2004.0101	2005.0101
65385	259	48499	2004.0101	2005.0101
65749	259	43878	2004.0101	2005.0101
55130	259	43808	2004.0101	2005.0101
49748	259	66169	2004.0101	2005.0101
62019	259	66366	2004.0101	2005.0101
54940	259	44595	2004.0101	2005.0101
48246	259	52764	2004.0101	2005.0101
47832	259	55205	2004.0101	2005.0101
62701	259	52054	2004.0101	2005.0101
52441	259	52508	2004.0101	2005.0101
46605	259	53510	2004.0101	2005.0101
67980	259	67981	2004.0101	2005.0101
68316	259	48071	2004.0101	2005.0101
53734	259	51986	2004.0101	2005.0101
57502	259	43730	2004.0101	2005.0101
53163	259	56885	2004.0101	2005.0101
69936	259	69937	2004.0101	2005.0101
69972	259	48314	2004.0101	2005.0101
59171	259	60494	2004.0101	2005.0101
57330	259	55449	2004.0101	2005.0101
71058	259	58297	2004.0101	2005.0101
54373	259	46579	2004.0101	2005.0101
51209	259	43726	2004.0101	2005.0101
65328	259	50256	2004.0101	2005.0101
58281	259	57322	2004.0101	2005.0101
57710	259	53036	2004.0101	2005.0101
46953	259	46954	2004.0101	2005.0101
72318	259	44031	2004.0101	2005.0101
68169	259	44526	2004.0101	2005.0101
51273	268	63981	2004.0101	2005.0101
48484	259	46238	2004.0101	2005.0101
58141	259	45995	2004.0101	2005.0101
54816	259	51647	2004.0101	2005.0101
50908	259	56996	2004.0101	2005.0101
49833	259	69369	2004.0101	2005.0101
69142	259	69848	2004.0101	2005.0101
58709	259	67447	2004.0101	2005.0101
63662	259	57336	2004.0101	2005.0101
57769	259	53117	2004.0101	2005.0101
66750	259	44406	2004.0101	2005.0101
60630	259	47927	2004.0101	2005.0101
51413	259	59039	2004.0101	2005.0101
49748	259	74412	2004.0101	2005.0101
49480	259	54626	2004.0101	2005.0101
46745	259	52914	2004.0101	2005.0101
68205	259	66071	2004.0101	2005.0101
53251	259	51397	2004.0101	2005.0101
54795	259	51139	2004.0101	2005.0101
70548	259	62288	2004.0101	2005.0101
53337	259	56722	2004.0101	2005.0101
75295	259	53345	2004.0101	2005.0101
72834	259	57322	2004.0101	2005.0101
48789	259	45099	2004.0101	2005.0101
74649	259	50890	2004.0101	2005.0101
57911	259	49343	2004.0101	2005.0101
65402	259	77606	2004.0101	2005.0101
53520	259	74917	2004.0101	2005.0101
77879	259	46059	2004.0101	2005.0101
56200	259	48712	2004.0101	2005.0101
48994	259	59599	2004.0101	2005.0101
69656	259	66679	2004.0101	2005.0101
68180	259	55958	2004.0101	2005.0101
77607	259	46001	2004.0101	2005.0101
51330	259	78705	2004.0101	2005.0101
59346	259	47914	2004.0101	2005.0101
62638	259	58949	2004.0101	2005.0101
63537	259	45218	2004.0101	2005.0101
68265	259	47309	2004.0101	2005.0101
69157	259	67106	2004.0101	2005.0101
56330	259	45408	2004.0101	2005.0101
46111	259	48107	2004.0101	2005.0101
58835	259	47968	2004.0101	2005.0101
53071	259	53036	2004.0101	2005.0101
78258	259	62710	2004.0101	2005.0101
75403	259	45224	2004.0101	2005.0101
56377	259	72427	2004.0101	2005.0101
79958	259	46170	2004.0101	2005.0101
58271	259	52264	2004.0101	2005.0101
56398	259	49904	2004.0101	2005.0101
48798	259	47046	2004.0101	2005.0101
61621	259	57179	2004.0101	2005.0101
71969	259	54626	2004.0101	2005.0101
80571	259	66713	2004.0101	2005.0101
50067	259	48369	2004.0101	2005.0101
76134	259	67388	2004.0101	2005.0101
52437	259	50603	2004.0101	2005.0101
51012	259	61404	2004.0101	2005.0101
63443	259	78261	2004.0101	2005.0101
58563	259	72244	2004.0101	2005.0101
46165	259	50808	2004.0101	2005.0101
52312	259	57211	2004.0101	2005.0101
80899	259	44487	2004.0101	2005.0101
81480	259	45880	2004.0101	2005.0101
59097	259	45324	2004.0101	2005.0101
66674	259	67106	2004.0101	2005.0101
62402	259	56324	2004.0101	2005.0101
50738	259	47032	2004.0101	2005.0101
52457	259	50041	2004.0101	2005.0101
48683	259	52864	2004.0101	2005.0101
59029	259	44165	2004.0101	2005.0101
57921	259	44169	2004.0101	2005.0101
63375	259	54522	2004.0101	2005.0101
65682	259	53398	2004.0101	2005.0101
46689	259	56299	2004.0101	2005.0101
49740	259	48318	2004.0101	2005.0101
55585	259	48468	2004.0101	2005.0101
54480	259	46144	2004.0101	2005.0101
44972	259	44181	2004.0101	2005.0101
69198	259	72576	2004.0101	2005.0101
77661	259	71590	2004.0101	2005.0101
44499	259	63595	2004.0101	2005.0101
51484	259	72886	2004.0101	2005.0101
46503	259	58559	2004.0101	2005.0101
77796	259	66786	2004.0101	2005.0101
59803	259	49399	2004.0101	2005.0101
70850	259	45651	2004.0101	2005.0101
80416	259	55337	2004.0101	2005.0101
62904	259	62647	2004.0101	2005.0101
67135	265	61205	2004.0101	2005.0101
71757	259	47518	2004.0101	2005.0101
80271	259	50743	2004.0101	2005.0101
56796	259	59503	2004.0101	2005.0101
53824	259	49934	2004.0101	2005.0101
74127	259	48585	2004.0101	2005.0101
74112	259	62150	2004.0101	2005.0101
73585	259	52435	2004.0101	2005.0101
70441	259	55337	2004.0101	2005.0101
65357	259	50539	2004.0101	2005.0101
84059	259	58469	2004.0101	2005.0101
47018	259	46743	2004.0101	2005.0101
55372	259	71086	2004.0101	2005.0101
60545	259	43800	2004.0101	2005.0101
59979	259	49105	2004.0101	2005.0101
63770	259	43641	2004.0101	2005.0101
79534	259	53651	2004.0101	2005.0101
61982	259	45164	2004.0101	2005.0101
60788	259	71063	2004.0101	2005.0101
62731	259	43894	2004.0101	2005.0101
73738	259	46798	2004.0101	2005.0101
64649	259	50020	2004.0101	2005.0101
43733	259	52264	2004.0101	2005.0101
68344	259	72930	2004.0101	2005.0101
65091	259	43601	2004.0101	2005.0101
69168	259	45813	2004.0101	2005.0101
59249	259	69158	2004.0101	2005.0101
73537	259	55958	2004.0101	2005.0101
53741	265	44124	2004.0101	2005.0101
64672	259	55537	2004.0101	2005.0101
52040	259	45035	2004.0101	2005.0101
55762	259	48625	2004.0101	2005.0101
44934	259	44578	2004.0101	2005.0101
74205	259	50533	2004.0101	2005.0101
78106	259	71157	2004.0101	2005.0101
57818	259	73766	2004.0101	2005.0101
53074	259	49396	2004.0101	2005.0101
49855	259	54684	2004.0101	2005.0101
69423	259	59308	2004.0101	2005.0101
52979	259	59308	2004.0101	2005.0101
78804	265	55990	2004.0101	2005.0101
58196	259	48499	2004.0101	2005.0101
67982	259	59223	2004.0101	2005.0101
79673	259	71422	2004.0101	2005.0101
50055	259	81755	2004.0101	2005.0101
62591	259	79311	2004.0101	2005.0101
76204	259	58451	2004.0101	2005.0101
70698	259	65259	2004.0101	2005.0101
72717	259	62003	2004.0101	2005.0101
76581	259	63505	2004.0101	2005.0101
68738	259	66697	2004.0101	2005.0101
79684	259	62489	2004.0101	2005.0101
57202	259	49159	2004.0101	2005.0101
49160	259	55144	2004.0101	2005.0101
61020	259	49034	2004.0101	2005.0101
72027	259	48350	2004.0101	2005.0101
54010	259	44487	2004.0101	2005.0101
75700	259	54728	2004.0101	2005.0101
66070	259	49686	2004.0101	2005.0101
65743	259	46831	2004.0101	2005.0101
51712	259	46387	2004.0101	2005.0101
70009	259	44169	2004.0101	2005.0101
62897	259	47887	2004.0101	2005.0101
54495	259	47914	2004.0101	2005.0101
55679	259	78456	2004.0101	2005.0101
62658	259	47942	2004.0101	2005.0101
50659	259	47942	2004.0101	2005.0101
47705	259	56324	2004.0101	2005.0101
68027	259	51591	2004.0101	2005.0101
85108	259	67579	2004.0101	2005.0101
53480	259	55211	2004.0101	2005.0101
49520	259	57369	2004.0101	2005.0101
60070	259	69492	2004.0101	2005.0101
44064	259	59696	2004.0101	2005.0101
47632	259	50020	2004.0101	2005.0101
69195	259	44539	2004.0101	2005.0101
47087	259	45813	2004.0101	2005.0101
47994	259	57189	2004.0101	2005.0101
50938	259	67259	2004.0101	2005.0101
77123	259	52859	2004.0101	2005.0101
80145	259	49100	2004.0101	2005.0101
63207	259	71042	2004.0101	2005.0101
59445	259	47911	2004.0101	2005.0101
63810	259	50843	2004.0101	2005.0101
70389	259	45947	2004.0101	2005.0101
77081	259	43796	2004.0101	2005.0101
59563	259	44307	2004.0101	2005.0101
56743	259	48124	2004.0101	2005.0101
75067	259	49754	2004.0101	2005.0101
52160	259	44973	2004.0101	2005.0101
66428	259	44204	2004.0101	2005.0101
46965	259	46460	2004.0101	2005.0101
72571	259	57733	2004.0101	2005.0101
67746	259	64253	2004.0101	2005.0101
52722	259	68076	2004.0101	2005.0101
45447	259	49199	2004.0101	2005.0101
54896	259	67912	2004.0101	2005.0101
53609	259	68881	2004.0101	2005.0101
49404	259	78335	2004.0101	2005.0101
54373	259	50507	2004.0101	2005.0101
75877	259	46599	2004.0101	2005.0101
67516	259	45982	2004.0101	2005.0101
55812	259	45838	2004.0101	2005.0101
55358	259	50743	2004.0101	2005.0101
43799	259	48412	2004.0101	2005.0101
47962	259	76376	2004.0101	2005.0101
85504	259	49503	2004.0101	2005.0101
63722	259	53443	2004.0101	2005.0101
82455	259	85058	2004.0101	2005.0101
84733	259	75046	2004.0101	2005.0101
65415	259	47397	2004.0101	2005.0101
46165	259	53959	2004.0101	2005.0101
73932	259	50398	2004.0101	2005.0101
63686	259	75786	2004.0101	2005.0101
77081	259	50041	2004.0101	2005.0101
57946	259	57711	2004.0101	2005.0101
53545	259	50242	2004.0101	2005.0101
45388	259	64995	2004.0101	2005.0101
64194	259	53084	2004.0101	2005.0101
70549	259	57363	2004.0101	2005.0101
70959	259	57363	2004.0101	2005.0101
62658	259	60631	2004.0101	2005.0101
51970	259	48365	2004.0101	2005.0101
69331	259	54466	2004.0101	2005.0101
58954	259	68154	2004.0101	2005.0101
51709	259	58035	2004.0101	2005.0101
65771	259	47558	2004.0101	2005.0101
60123	259	59825	2004.0101	2005.0101
69291	259	46289	2004.0101	2005.0101
46648	259	46649	2004.0101	2006.0101
48383	259	48384	2004.0101	2006.0101
50532	259	50533	2004.0101	2006.0101
50678	259	50679	2004.0101	2006.0101
44454	259	45324	2004.0101	2006.0101
49539	259	50890	2004.0101	2006.0101
44100	259	54845	2004.0101	2006.0101
55582	259	44402	2004.0101	2006.0101
57205	259	49245	2004.0101	2006.0101
51486	259	57890	2004.0101	2006.0101
60414	259	60415	2004.0101	2006.0101
52430	259	46460	2004.0101	2006.0101
53483	259	47690	2004.0101	2006.0101
45015	259	48909	2004.0101	2006.0101
60049	259	67744	2004.0101	2006.0101
67850	259	47667	2004.0101	2006.0101
60010	259	50245	2004.0101	2006.0101
46965	259	47153	2004.0101	2006.0101
51071	259	44333	2004.0101	2006.0101
71164	259	59603	2004.0101	2006.0101
71758	259	54728	2004.0101	2006.0101
51348	259	59962	2004.0101	2006.0101
47087	259	43827	2004.0101	2006.0101
65060	259	52487	2004.0101	2006.0101
71653	259	45498	2004.0101	2006.0101
67080	259	61584	2004.0101	2006.0101
45400	259	43918	2004.0101	2006.0101
63903	259	45648	2004.0101	2006.0101
48791	259	60200	2004.0101	2006.0101
48046	259	74905	2004.0101	2006.0101
50029	259	54332	2004.0101	2006.0101
72518	259	55337	2004.0101	2006.0101
50346	259	62205	2004.0101	2006.0101
50873	259	44257	2004.0101	2006.0101
51520	259	63899	2004.0101	2006.0101
74434	259	61353	2004.0101	2006.0101
55441	259	62489	2004.0101	2006.0101
67147	259	45755	2004.0101	2006.0101
46957	259	44126	2004.0101	2006.0101
63203	259	69148	2004.0101	2006.0101
72518	259	44204	2004.0101	2006.0101
74639	259	43915	2004.0101	2006.0101
67968	259	51081	2004.0101	2006.0101
70785	259	67891	2004.0101	2006.0101
51786	259	69638	2004.0101	2006.0101
58850	259	54717	2004.0101	2006.0101
78887	259	48905	2004.0101	2006.0101
52227	259	59251	2004.0101	2006.0101
54356	259	75786	2004.0101	2006.0101
59911	259	46086	2004.0101	2006.0101
47410	262	43919	2004.0101	2006.0101
66771	259	64331	2004.0101	2006.0101
68300	259	49967	2004.0101	2006.0101
70996	259	51013	2004.0101	2006.0101
52202	259	59595	2004.0101	2006.0101
80104	259	67730	2004.0101	2006.0101
73860	259	43670	2004.0101	2006.0101
58807	259	47669	2004.0101	2006.0101
67147	259	46680	2004.0101	2006.0101
80672	259	69290	2004.0101	2006.0101
45730	259	57852	2004.0101	2006.0101
59244	259	49477	2004.0101	2006.0101
55708	259	70695	2004.0101	2006.0101
60752	259	46606	2004.0101	2006.0101
60414	259	81458	2004.0101	2006.0101
46512	259	78692	2004.0101	2006.0101
68018	259	48107	2004.0101	2006.0101
61206	259	44880	2004.0101	2006.0101
79468	272	77720	2004.0101	2006.0101
81837	259	53598	2004.0101	2006.0101
80879	259	47153	2004.0101	2006.0101
46745	259	47153	2004.0101	2006.0101
55111	259	50078	2004.0101	2006.0101
82579	259	68809	2004.0101	2006.0101
52956	259	53061	2004.0101	2006.0101
67006	259	46238	2004.0101	2006.0101
72322	259	49396	2004.0101	2006.0101
82783	259	47598	2004.0101	2006.0101
67557	259	59757	2004.0101	2006.0101
68538	259	48090	2004.0101	2006.0101
49347	259	64995	2004.0101	2006.0101
70440	259	76842	2004.0101	2006.0101
51458	259	50721	2004.0101	2006.0101
59029	259	55337	2004.0101	2006.0101
52728	259	63133	2004.0101	2006.0101
63628	259	51454	2004.0101	2006.0101
69273	259	71755	2004.0101	2006.0101
80508	259	61125	2004.0101	2006.0101
73776	259	51210	2004.0101	2006.0101
56421	259	44446	2004.0101	2006.0101
51278	259	48753	2004.0101	2006.0101
77720	272	79468	2004.0101	2006.0101
67460	259	48381	2004.0101	2006.0101
68049	259	45995	2004.0101	2006.0101
83046	259	65496	2004.0101	2006.0101
83124	259	61149	2004.0101	2006.0101
76028	259	53081	2004.0101	2006.0101
83347	259	46074	2004.0101	2006.0101
78598	259	45266	2004.0101	2006.0101
53673	259	74616	2004.0101	2006.0101
80454	259	59238	2004.0101	2006.0101
80856	272	72197	2004.0101	2006.0101
48841	259	72576	2004.0101	2006.0101
57225	259	43734	2004.0101	2006.0101
52340	259	45755	2004.0101	2006.0101
77450	259	45774	2004.0101	2006.0101
73160	259	61424	2004.0101	2006.0101
48510	259	50876	2004.0101	2006.0101
63838	259	57503	2004.0101	2006.0101
82479	259	54728	2004.0101	2006.0101
57782	259	57700	2004.0101	2006.0101
63442	259	57639	2004.0101	2006.0101
63162	259	70677	2004.0101	2006.0101
71079	259	74473	2004.0101	2006.0101
47439	259	50843	2004.0101	2006.0101
69279	273	43747	2004.0101	2006.0101
81285	259	53183	2004.0101	2006.0101
74934	259	50573	2004.0101	2006.0101
47087	259	47153	2004.0101	2006.0101
70097	259	52539	2004.0101	2006.0101
70747	259	55849	2004.0101	2006.0101
62553	259	57572	2004.0101	2006.0101
70107	259	85602	2004.0101	2006.0101
45293	259	68748	2004.0101	2006.0101
53310	259	52914	2004.0101	2006.0101
68785	259	71755	2004.0101	2006.0101
77607	259	53065	2004.0101	2006.0101
57526	259	65499	2004.0101	2006.0101
83125	259	65954	2004.0101	2006.0101
67816	259	75367	2004.0101	2006.0101
46552	259	47602	2004.0101	2006.0101
81195	259	44568	2004.0101	2006.0101
48813	259	49062	2004.0101	2006.0101
54328	259	62288	2004.0101	2006.0101
72197	272	80856	2004.0101	2006.0101
78728	259	45324	2004.0101	2006.0101
70832	259	55614	2004.0101	2006.0101
53971	259	45324	2004.0101	2006.0101
47488	259	50009	2004.0101	2006.0101
70156	259	61799	2004.0101	2006.0101
46444	259	46779	2004.0101	2006.0101
43931	259	49968	2004.0101	2006.0101
48659	259	48734	2004.0101	2006.0624
50200	259	50201	2004.0101	2007.0101
51216	259	48124	2004.0101	2007.0101
45636	259	52482	2004.0101	2007.0101
52548	259	45189	2004.0101	2007.0101
54713	259	43819	2004.0101	2007.0101
48930	259	48738	2004.0101	2007.0101
54748	259	43918	2004.0101	2007.0101
60856	263	44760	2004.0101	2007.0101
63826	259	51999	2004.0101	2007.0101
64080	259	46487	2004.0101	2007.0101
64521	259	52864	2004.0101	2007.0101
52388	259	43808	2004.0101	2007.0101
59652	259	66695	2004.0101	2007.0101
67403	259	51999	2004.0101	2007.0101
68104	259	45281	2004.0101	2007.0101
68732	259	48747	2004.0101	2007.0101
54527	259	49968	2004.0101	2007.0101
51793	259	49642	2004.0101	2007.0101
58593	259	51744	2004.0101	2007.0101
56464	259	53183	2004.0101	2007.0101
71682	259	51999	2004.0101	2007.0101
64829	259	53620	2004.0101	2007.0101
69018	259	62620	2004.0101	2007.0101
72394	259	64473	2004.0101	2007.0101
73573	259	55879	2004.0101	2007.0101
53853	259	43915	2004.0101	2007.0101
59859	259	49686	2004.0101	2007.0101
51577	272	76919	2004.0101	2007.0101
54664	259	51539	2004.0101	2007.0101
52992	259	53688	2004.0101	2007.0101
77662	259	47643	2004.0101	2007.0101
65408	259	57803	2004.0101	2007.0101
74608	259	73184	2004.0101	2007.0101
57055	259	52779	2004.0101	2007.0101
65385	259	47690	2004.0101	2007.0101
54027	259	44641	2004.0101	2007.0101
46424	259	68788	2004.0101	2007.0101
68118	259	55011	2004.0101	2007.0101
54561	259	63595	2004.0101	2007.0101
51180	259	47309	2004.0101	2007.0101
57718	259	63806	2004.0101	2007.0101
81331	259	47113	2004.0101	2007.0101
64991	259	44746	2004.0101	2007.0101
77132	259	53456	2004.0101	2007.0101
79239	259	53456	2004.0101	2007.0101
75532	259	47880	2004.0101	2007.0101
75700	259	47974	2004.0101	2007.0101
79624	259	64331	2004.0101	2007.0101
53179	259	51999	2004.0101	2007.0101
72571	259	50349	2004.0101	2007.0101
63051	259	50721	2004.0101	2007.0101
51678	259	57503	2004.0101	2007.0101
69115	259	44639	2004.0101	2007.0101
55688	259	47046	2004.0101	2007.0101
53074	259	52389	2004.0101	2007.0101
71808	259	55849	2004.0101	2007.0101
70441	259	44094	2004.0101	2007.0101
77587	259	43745	2004.0101	2007.0101
68513	263	83755	2004.0101	2007.0101
47646	259	53963	2004.0101	2007.0101
76989	259	60484	2004.0101	2007.0101
80104	259	48518	2004.0101	2007.0101
48709	259	62288	2004.0101	2007.0101
83427	259	47586	2004.0101	2007.0101
55634	259	84818	2004.0101	2007.0101
60788	259	63505	2004.0101	2007.0101
53557	259	46817	2004.0101	2007.0101
65523	262	43919	2004.0101	2007.0101
64439	259	62489	2004.0101	2007.0101
70131	259	54671	2004.0101	2007.0101
53044	259	44245	2004.0101	2007.0101
45837	259	46680	2004.0101	2007.0101
63452	259	63008	2004.0101	2007.0101
58786	259	49291	2004.0101	2007.0101
78768	259	44043	2004.0101	2007.0101
65790	259	55112	2004.0101	2007.0101
55957	259	51682	2004.0101	2007.0101
69523	259	56815	2004.0101	2007.0101
70677	262	43879	2004.0101	2007.0101
53628	259	57189	2004.0101	2007.0101
59806	259	50573	2004.0101	2007.0101
62394	259	51744	2004.0101	2007.0101
46815	259	80042	2004.0101	2007.0101
62319	259	44546	2004.0101	2007.0101
72032	259	56807	2004.0101	2007.0101
78319	259	46086	2004.0101	2007.0101
56682	265	74720	2004.0101	2007.0101
61161	259	48239	2004.0101	2007.0101
51610	259	51633	2004.0101	2007.0101
57673	259	51644	2004.0101	2007.0101
72198	259	50679	2004.0101	2007.0101
55149	259	47225	2004.0101	2007.0101
47882	259	71167	2004.0101	2007.0101
51495	259	46112	2004.0101	2007.0101
45723	259	45827	2004.0101	2007.0101
53693	259	47634	2004.0101	2007.0101
60134	259	63689	2004.0101	2007.0101
67370	259	43753	2004.0101	2007.0616
77466	259	55819	2004.0101	2007.0701
55268	259	54735	2004.0101	2008.0101
61444	259	57828	2004.0101	2008.0101
63746	259	46999	2004.0101	2008.0101
66711	259	62305	2004.0101	2008.0101
59915	259	43827	2004.0101	2008.0101
65422	263	65982	2004.0101	2008.0101
45280	259	56463	2004.0101	2008.0101
46847	265	49240	2004.0101	2008.0101
75303	259	75304	2004.0101	2008.0101
75986	265	58444	2004.0101	2008.0101
45508	259	76223	2004.0101	2008.0101
75948	259	57005	2004.0101	2008.0101
59465	259	48639	2004.0101	2008.0101
61258	259	55098	2004.0101	2008.0101
48760	259	50743	2004.0101	2008.0101
48366	259	59177	2004.0101	2008.0101
51793	259	53117	2004.0101	2008.0101
80950	265	49460	2004.0101	2008.0101
47438	259	60489	2004.0101	2008.0101
74105	259	80226	2004.0101	2008.0101
63058	259	58208	2004.0101	2008.0101
47633	259	44183	2004.0101	2008.0101
47962	259	70695	2004.0101	2008.0101
50661	259	49760	2004.0101	2008.0101
56682	263	74720	2004.0101	2008.0101
70218	259	60097	2004.0101	2008.0101
67681	259	49580	2004.0101	2008.0101
60243	259	84604	2004.0101	2008.0101
67970	259	50935	2004.0101	2008.0101
44940	259	45165	2004.0101	2008.0101
55874	259	66697	2004.0101	2008.0101
45837	259	45755	2004.0101	2008.0101
63108	259	45755	2004.0101	2008.0101
67176	265	85216	2004.0101	2008.0101
59987	259	50871	2004.0101	2008.0101
76023	259	45089	2004.0101	2008.0101
58034	259	45481	2004.0101	2008.0101
56650	259	52323	2004.0101	2008.0101
78223	259	45876	2004.0101	2008.0101
67544	259	59022	2004.0101	2008.0101
71181	259	44128	2004.0101	2008.0101
46411	259	47916	2004.0101	2008.0101
52081	263	43607	2004.0101	2008.0101
46621	259	60200	2004.0101	2008.0101
74227	259	50138	2004.0101	2008.0101
77623	259	48239	2004.0101	2008.0101
60490	259	59177	2004.0101	2008.0101
67671	259	46673	2004.0101	2008.0101
48769	265	67761	2004.0101	2008.0101
65758	259	45878	2004.0101	2008.0101
53377	265	44770	2004.0101	2008.0101
59029	259	49968	2004.0101	2008.0101
80326	259	48734	2004.0101	2008.0509
57993	265	44320	2004.0101	2009.0101
46558	259	43628	2004.0101	2009.0101
61015	259	49672	2004.0101	2009.0101
49398	259	48781	2004.0101	2009.0101
65701	259	57369	2004.0101	2009.0101
67572	259	67573	2004.0101	2009.0101
47620	259	52645	2004.0101	2009.0101
69420	259	46086	2004.0101	2009.0101
50397	259	49968	2004.0101	2009.0101
70416	259	59558	2004.0101	2009.0101
73538	259	59022	2004.0101	2009.0101
73390	259	50531	2004.0101	2009.0101
57299	259	69514	2004.0101	2009.0101
63069	259	55615	2004.0101	2009.0101
56298	259	56885	2004.0101	2009.0101
60876	259	44697	2004.0101	2009.0101
56488	259	44200	2004.0101	2009.0101
83125	259	58142	2004.0101	2009.0101
63345	259	55958	2004.0101	2009.0101
46202	259	53598	2004.0101	2009.0101
45499	259	46680	2004.0101	2009.0101
66496	259	59022	2004.0101	2009.0101
69499	259	44402	2004.0101	2009.0101
57789	263	44760	2004.0101	2009.0101
54578	259	43670	2004.0101	2009.0101
56867	263	85660	2004.0101	2009.0101
52985	259	46238	2004.0101	2009.0101
81692	259	47072	2004.0101	2009.0101
43765	259	48173	2004.0101	2010.0101
61827	259	54211	2004.0101	2010.0101
63622	259	51213	2004.0101	2010.0101
63489	259	46302	2004.0101	2010.0101
49123	259	46606	2004.0101	2010.0101
59261	272	77342	2004.0101	2010.0101
60416	259	53183	2004.0101	2010.0101
70219	259	47643	2004.0101	2010.0101
78549	259	81267	2004.0101	2010.0101
81249	259	47911	2004.0101	2010.0101
63233	259	56379	2004.0101	2010.0101
80519	259	82868	2004.0101	2010.0101
80442	272	63677	2004.0101	2010.0101
69134	259	58705	2004.0101	2010.0101
63677	272	80442	2004.0101	2010.0101
58143	259	83584	2004.0101	2010.0101
45079	259	47914	2004.0101	2010.0101
83320	259	66697	2004.0101	2010.0101
61691	265	50488	2004.0101	2010.0101
56035	259	46738	2004.0101	2010.0101
77342	272	59261	2004.0101	2010.0101
79656	259	46024	2004.0101	2010.0101
44612	259	52635	2004.0101	2011.0101
45723	259	44094	2004.0101	2011.0101
69423	259	48103	2004.0101	2011.0101
68592	259	63805	2004.0101	2011.0101
53890	259	52508	2004.0101	2011.0101
72553	263	57942	2004.0101	2011.0101
50661	259	44766	2004.0101	2011.0101
66250	259	44701	2004.0101	2011.0101
81250	259	64483	2004.0101	2011.0101
73440	259	47911	2004.0101	2011.0101
53819	259	46091	2004.0101	2011.0101
54675	259	56722	2004.0101	2011.0101
74581	273	45679	2004.0101	2011.0101
44800	259	44801	2004.0101	2012.0101
68356	259	59206	2004.0101	2012.0101
59086	259	55615	2004.0101	2012.0101
70634	272	64663	2004.0101	2012.0101
73233	259	48214	2004.0101	2012.0101
66889	259	61259	2004.0101	2012.0101
82847	259	45673	2004.0101	2012.0101
56667	259	73746	2004.0101	2012.0101
79980	259	50600	2004.0101	2012.0101
61696	259	44689	2004.0101	2012.0101
65767	259	54448	2004.0101	2012.0101
71398	259	57700	2004.0101	2012.0101
44302	259	55615	2004.0101	2012.0101
82799	259	45319	2004.0101	2012.0101
64663	272	70634	2004.0101	2012.0101
66937	259	63806	2004.0101	2013.0101
61190	259	43827	2004.0101	2013.0101
72374	259	49672	2004.0101	2013.0101
47136	259	43745	2004.0101	2013.0101
63686	259	45317	2004.0101	2013.0101
67387	259	49503	2004.0101	2013.0101
52616	259	46680	2004.0101	2013.0101
57838	259	62506	2004.0101	2013.0101
45092	259	49343	2004.0101	2013.0101
47494	272	48663	2004.0101	2014.0101
51484	259	58386	2004.0101	2014.0101
74688	272	57388	2004.0101	2014.0101
48663	272	47494	2004.0101	2014.0101
72520	259	46198	2004.0101	2014.0101
66072	259	45189	2004.0101	2014.0101
45092	259	43745	2004.0101	2014.0101
73065	272	73066	2004.0101	2014.1128
73066	272	73065	2004.0101	2014.1128
54834	272	54835	2004.0101	2015.0101
61328	259	61329	2004.0101	2015.0101
71092	272	57446	2004.0101	2015.0101
66655	259	52323	2004.0101	2015.0101
54835	272	54834	2004.0101	2015.0101
62010	259	64875	2004.0101	2015.0101
76169	259	50245	2004.0101	2016.0101
66755	259	53789	2004.0101	2016.0101
63108	259	46680	2004.0101	2017.0101
46814	259	46680	2004.0101	2017.0101
59174	259	44128	2004.0101	2017.0101
79474	259	66506	2004.0101	2018.0101
51356	259	49672	2004.0101	2018.0701
51344	272	77874	2004.0101	2019.0101
71181	259	54337	2004.0101	2019.0101
73202	259	56668	2004.0101	2019.0101
