7481	25	611	1957.092	1957.092
11818	18	19885	1957.0921	1991.0117
22001	41	31212	1957.0921	1991.0117
9865	25	2483	1957.0923	1957.0923
814	25	2483	1957.0926	1957.0926
36336	41	302	1957.0928	1957.1006
613	25	13501	1957.1001	1957.1001
12135	48	39365	1957.1003	1957.1003
14765	19	1555	1957.1011	1959.0422
31370	41	302	1957.1015	1961.1015
26292	41	302	1957.1015	1961.1015
24852	41	302	1957.1015	1961.1015
18297	41	302	1957.1015	1961.1015
18186	41	302	1957.1015	1961.1015
37585	1	73	1957.1031	1991.1231
8233	160	4943	1957.1125	1957.1125
440	22	613	1957.1201	1957.1201
613	22	440	1957.1201	1957.1201
8698	15	197	1957.1202	1957.1202
109	70	3838	1957.1204	1960.1231
19162	15	820	1957.1206	1957.1206
28053	15	197	1957.1206	1957.1206
8538	15	6762	1957.1218	1957.1218
3884	15	6762	1957.1218	1957.1218
2749	15	197	1957.1221	1957.1221
196	15	197	1957.1227	1957.1227
34598	19	36051	1957.1229	2013.081
36051	19	34598	1957.1229	2013.081
6830	4	6831	1958.0	1958.0
9244	3	9245	1958.0	1958.0
4740	30	4571	1958.0	1958.0
5658	17	1709	1958.0	1958.0
17484	3	115	1958.0	1958.0
7638	30	19831	1958.0	1958.0
20001	30	20002	1958.0	1958.0
22413	16	2491	1958.0	1958.0
20910	15	14563	1958.0	1958.0
17457	15	461	1958.0	1958.0
5411	32	9910	1958.0	1958.0
28518	15	2731	1958.0	1958.0
11648	160	4943	1958.0	1958.0
26676	16	1487	1958.0	1958.0
461	30	17457	1958.0	1958.0
25959	3	6449	1958.0	1958.0
10395	15	34776	1958.0	1958.0
31009	15	14389	1958.0	1958.0
8276	15	8277	1958.0	1958.0
21353	3	1017	1958.0	1958.0
18181	16	524	1958.0	1958.0
12493	16	2491	1958.0	1958.0
9173	16	1487	1958.0	1958.0
35690	3	17491	1958.0	1958.0
13276	71	2157	1958.0	1958.0
24573	25	6421	1958.0	1958.0
14245	15	229	1958.0	1958.0
12816	15	40749	1958.0	1958.0
40749	30	12816	1958.0	1958.0
41275	3	36426	1958.0	1958.0
39458	15	13322	1958.0	1958.0
3640	3	1942	1958.0	1958.0
21691	3	2260	1958.0	1958.0
14334	15	3982	1958.0	1958.0
7235	3	4138	1958.0	1958.0
11870	16	2491	1958.0	1958.0
337	30	11870	1958.0	1958.0
22503	3	5038	1958.0	1958.0
11818	15	8004	1958.0	1958.0
27583	15	3034	1958.0	1958.0
4915	25	6421	1958.0	1958.0
335	25	6421	1958.0	1958.0
22011	40	34652	1958.0	1958.0
10884	14	12782	1958.0	1958.0
34565	3	39725	1958.0	1958.0
20002	15	20001	1958.0	1958.0
12638	3	272	1958.0	1958.0
109	32	7148	1958.0	1958.0
8156	3	1017	1958.0	1958.0
39611	19	6348	1958.0	1958.0
12576	32	18665	1958.0	1958.0
5924	15	3034	1958.0	1958.0
14967	3	36406	1958.0	1958.0
30957	3	22664	1958.0	1958.0
14199	3	2260	1958.0	1958.0
21546	21	113	1958.0	1958.0
5739	30	25607	1958.0	1958.0
6348	19	39611	1958.0	1958.0
3064	16	13404	1958.0	1958.0
26767	3	35686	1958.0	1958.0
18744	3	2312	1958.0	1958.0
14130	16	1487	1958.0	1958.0
4783	15	14399	1958.0	1958.0
27657	3	4737	1958.0	1958.0
1471	71	3977	1958.0	1958.0
26761	16	1487	1958.0	1958.0
13219	25	142	1958.0	1958.0
2536	15	792	1958.0	1958.0
40684	3	19964	1958.0	1958.0
6	16	1487	1958.0	1958.0
8364	3	6449	1958.0	1958.0
18372	3	13213	1958.0	1958.0
16230	3	9693	1958.0	1958.0
14433	30	27497	1958.0	1958.0
3911	44	140	1958.0	1958.0
29886	16	19548	1958.0	1958.0
18034	3	3509	1958.0	1958.0
32505	3	1369	1958.0	1958.0
25607	15	5739	1958.0	1958.0
26381	3	5095	1958.0	1958.0
4571	15	3034	1958.0	1958.0
34556	15	1487	1958.0	1958.0
4571	15	4740	1958.0	1958.0
27297	3	4718	1958.0	1958.0
3993	30	2276	1958.0	1958.0
926	15	8314	1958.0	1958.0
1577	15	7209	1958.0	1958.0
19192	14	7044	1958.0	1958.0
281	30	22531	1958.0	1958.0
18140	30	4515	1958.0	1958.0
29111	3	36426	1958.0	1958.0
17462	15	2491	1958.0	1958.0
2019	1	5041	1958.0	1958.0
16644	15	8314	1958.0	1958.0
35444	15	26659	1958.0	1958.0
15108	16	2491	1958.0	1958.0
11023	14	22648	1958.0	1958.0
5260	16	19548	1958.0	1958.0
23700	3	27016	1958.0	1958.0
5175	15	2731	1958.0	1958.0
19547	16	19548	1958.0	1958.0
28463	15	19548	1958.0	1958.0
10433	3	1123	1958.0	1958.0
76	4	17685	1958.0	1958.0
2785	44	4437	1958.0	1958.0
4507	3	11947	1958.0	1958.0
26391	16	1504	1958.0	1958.0
14245	16	1504	1958.0	1958.0
41406	14	16729	1958.0	1958.0
9404	15	3034	1958.0	1958.0
14245	16	229	1958.0	1958.0
18397	15	33003	1958.0	1958.0
44	4	45	1958.0	1959.0
14013	3	2260	1958.0	1959.0
19108	3	13911	1958.0	1959.0
12016	4	3544	1958.0	1959.0
9707	14	427	1958.0	1959.0
5477	41	1339	1958.0	1959.0
3640	14	13437	1958.0	1960.0
42249	3	3968	1958.0	1960.0
1965	33	1966	1958.0	1961.0
25713	19	15795	1958.0	1961.0
15795	19	25713	1958.0	1961.0
35499	3	2171	1958.0	1961.0
9361	3	6449	1958.0	1961.0
31849	4	22572	1958.0	1961.0
18929	33	18091	1958.0	1961.0
7275	14	25056	1958.0	1961.0
15976	4	260	1958.0	1962.0
10711	19	25196	1958.0	1962.0
4544	17	7885	1958.0	1962.0
5039	4	260	1958.0	1962.0
33307	3	31298	1958.0	1962.0
8745	3	38065	1958.0	1962.0
33975	17	14526	1958.0	1962.0
23885	14	22400	1958.0	1962.0
42521	3	1017	1958.0	1962.0
10433	14	41330	1958.0	1962.0
14101	3	4315	1958.0	1963.0
17025	3	5095	1958.0	1963.0
38277	4	13995	1958.0	1963.0
28965	3	5869	1958.0	1963.0
25129	14	14421	1958.0	1963.0
4507	46	9603	1958.0	1964.0
42189	46	8178	1958.0	1964.0
26612	3	13577	1958.0	1964.0
10460	41	718	1958.0	1965.0
5278	19	5277	1958.0	1965.0
5277	19	5278	1958.0	1966.0
15934	17	7885	1958.0	1967.0
17260	17	7885	1958.0	1968.0
13655	19	407	1958.0	1968.0
28104	1	3	1958.0	1970.0
15132	4	1766	1958.0	1970.0
4342	4	1877	1958.0	1971.0
13849	4	816	1958.0	1973.0
11463	17	2321	1958.0	1977.0324
13294	33	37572	1958.0	1980.08
20908	19	34893	1958.0	1984.0
3918	14	12154	1958.0	1985.0
26220	14	15549	1958.0	1986.0
33469	14	400	1958.0	1991.0
32806	19	42318	1958.0	1993.0218
21613	19	19658	1958.0	2007.1227
5124	4	5125	1958.0101	1958.0101
7974	15	655	1958.0101	1958.0101
11319	15	1746	1958.0101	1958.0101
620	29	1247	1958.0101	1958.0101
19800	16	1746	1958.0101	1958.0101
2325	15	20232	1958.0101	1958.0101
18673	16	1746	1958.0101	1958.0101
620	29	113	1958.0101	1958.0101
2757	32	5456	1958.0101	1958.0101
620	29	3	1958.0101	1958.0101
14141	16	1746	1958.0101	1958.0101
12816	16	1746	1958.0101	1958.0101
33566	15	5174	1958.0101	1958.0101
13044	16	337	1958.0101	1958.0101
11646	15	14399	1958.0101	1958.0101
17776	16	503	1958.0101	1958.0101
13004	4	464	1958.0101	1958.0101
1745	16	1746	1958.0101	1958.0101
11362	16	337	1958.0101	1958.0101
11051	4	2135	1958.0101	1958.0101
22463	15	655	1958.0101	1958.0101
5456	32	2757	1958.0101	1958.0101
2817	15	19102	1958.0101	1958.0101
37746	15	13832	1958.0101	1958.0101
4418	16	1746	1958.0101	1958.0101
20081	15	4363	1958.0101	1958.0101
19552	4	260	1958.0101	1958.0101
18665	32	12576	1958.0101	1958.0101
12620	15	24110	1958.0101	1958.0101
29522	15	3348	1958.0101	1958.0101
38716	15	14289	1958.0101	1958.0101
8652	16	1746	1958.0101	1958.0101
20047	15	14399	1958.0101	1958.0101
10491	41	5555	1958.0101	1958.0101
32956	15	21403	1958.0101	1958.0101
19382	4	13973	1958.0101	1958.0101
24674	16	1746	1958.0101	1958.0101
28734	4	1362	1958.0101	1958.0101
25469	37	137	1958.0101	1958.0101
17728	15	6846	1958.0101	1958.0101
29344	16	1504	1958.0101	1958.0101
11319	16	1746	1958.0101	1958.0101
27555	15	8277	1958.0101	1958.0101
27475	3	8689	1958.0101	1958.0101
9910	32	5411	1958.0101	1958.0101
12357	37	203	1958.0101	1958.0101
2646	16	503	1958.0101	1958.0101
29141	3	8689	1958.0101	1958.0101
17344	15	2257	1958.0101	1958.0101
18330	4	8426	1958.0101	1958.0101
1504	30	14245	1958.0101	1958.0101
12056	15	5967	1958.0101	1958.0101
18330	4	6044	1958.0101	1958.0101
35081	4	5953	1958.0101	1958.0101
19831	15	4433	1958.0101	1958.0101
13999	15	14399	1958.0101	1958.0101
34530	4	1727	1958.0101	1958.0101
41586	4	1727	1958.0101	1958.0101
11686	15	40135	1958.0101	1958.0101
31931	16	337	1958.0101	1958.0101
6060	16	524	1958.0101	1958.0101
7148	32	109	1958.0101	1958.0101
25082	4	13144	1958.0101	1958.0101
40438	15	14399	1958.0101	1958.0101
15835	16	337	1958.0101	1958.0101
29759	16	1746	1958.0101	1958.0101
4515	15	18140	1958.0101	1958.0101
23997	3	8689	1958.0101	1958.0101
13747	15	8277	1958.0101	1958.0101
25713	3	1942	1958.0101	1958.0101
8906	4	10996	1958.0101	1958.0101
26715	15	655	1958.0101	1958.0101
22531	15	281	1958.0101	1958.0101
22921	16	1746	1958.0101	1958.0101
16030	4	6068	1958.0101	1958.0101
7872	15	19410	1958.0101	1958.0101
39749	15	6058	1958.0101	1958.0101
14517	15	655	1958.0101	1958.0101
27557	16	1746	1958.0101	1958.0101
13022	4	260	1958.0101	1958.0101
2960	3	8689	1958.0101	1958.0101
10890	15	11934	1958.0101	1958.0101
620	29	2647	1958.0101	1958.0101
29950	16	1746	1958.0101	1958.0101
620	29	613	1958.0101	1958.0101
35762	15	1201	1958.0101	1958.0101
16016	16	1746	1958.0101	1958.0101
620	29	488	1958.0101	1958.0101
27732	4	4030	1958.0101	1958.0101
35478	15	8744	1958.0101	1958.0101
27027	15	451	1958.0101	1958.0101
14245	15	1504	1958.0101	1958.0101
16255	4	45	1958.0101	1958.0101
25244	15	3493	1958.0101	1958.0101
18593	3	14683	1958.0101	1958.0101
2371	4	2372	1958.0101	1959.0101
15945	4	10996	1958.0101	1959.0101
7627	4	10996	1958.0101	1959.0101
28987	4	3836	1958.0101	1959.0101
27168	4	1267	1958.0101	1959.0101
27284	4	1120	1958.0101	1959.0101
30019	4	33478	1958.0101	1959.0101
16030	4	8289	1958.0101	1959.0101
19394	4	370	1958.0101	1959.0101
18775	4	4196	1958.0101	1959.0101
14146	4	4499	1958.0101	1959.0101
5039	4	3701	1958.0101	1959.0101
38520	4	260	1958.0101	1959.0101
13327	4	1374	1958.0101	1959.0101
23208	4	9227	1958.0101	1959.0101
37049	4	40079	1958.0101	1959.0101
9998	4	8727	1958.0101	1959.0101
16450	4	11685	1958.0101	1959.0101
29328	4	6068	1958.0101	1959.0101
22263	4	6470	1958.0101	1959.0101
7380	4	6470	1958.0101	1959.0101
10842	4	552	1958.0101	1959.0101
9427	4	13847	1958.0101	1959.0101
10465	4	9113	1958.0101	1959.0101
23880	4	14212	1958.0101	1959.0101
3605	4	8289	1958.0101	1959.0101
10465	4	6405	1958.0101	1959.0101
12003	4	2372	1958.0101	1959.0101
2888	4	4056	1958.0101	1959.0101
19998	4	8907	1958.0101	1959.0101
14113	4	11520	1958.0101	1959.0101
24873	4	9429	1958.0101	1959.0101
32165	4	12011	1958.0101	1959.0101
11657	4	10207	1958.0101	1959.0101
38484	4	5030	1958.0101	1959.0101
19337	4	1267	1958.0101	1959.0101
24334	4	30035	1958.0101	1959.0101
7114	4	5398	1958.0101	1959.0101
21740	4	3135	1958.0101	1959.0101
38711	4	8426	1958.0101	1959.0101
17384	4	15957	1958.0101	1959.0101
31574	4	17056	1958.0101	1959.0101
26635	4	42195	1958.0101	1959.0101
22881	4	4580	1958.0101	1959.0101
31245	4	6044	1958.0101	1959.0101
35227	4	1727	1958.0101	1959.0101
5230	4	1120	1958.0101	1959.0101
16464	4	5440	1958.0101	1959.0101
20827	4	1057	1958.0101	1959.0101
20827	4	39306	1958.0101	1959.0101
27271	4	1197	1958.0101	1959.0101
17966	4	374	1958.0101	1959.0101
10887	4	33656	1958.0101	1959.0101
14895	4	8580	1958.0101	1959.0101
30188	4	27729	1958.0101	1959.0101
42501	4	29223	1958.0101	1959.0101
8902	4	8310	1958.0101	1959.0101
37679	4	42577	1958.0101	1959.0101
35695	4	1920	1958.0101	1959.0101
36518	4	13958	1958.0101	1959.0101
34585	4	2545	1958.0101	1959.0101
9165	33	673	1958.0101	1960.0101
2158	4	6044	1958.0101	1960.0101
22016	3	1548	1958.0101	1960.0101
12987	4	2545	1958.0101	1960.0101
15976	4	889	1958.0101	1960.0101
29611	4	3622	1958.0101	1960.0101
6027	4	6257	1958.0101	1960.0101
17543	4	13643	1958.0101	1960.0101
40704	4	6216	1958.0101	1960.0101
16215	4	429	1958.0101	1960.0101
13664	4	616	1958.0101	1960.0101
29331	4	2435	1958.0101	1960.0101
29091	4	5706	1958.0101	1960.0101
2544	4	41655	1958.0101	1960.0101
22227	4	4056	1958.0101	1960.0101
35837	4	5140	1958.0101	1960.0101
29007	4	18776	1958.0101	1960.0101
30308	3	1548	1958.0101	1960.0101
16510	4	16936	1958.0101	1960.0101
18281	4	13118	1958.0101	1960.0101
643	4	3596	1958.0101	1960.0101
30197	4	15584	1958.0101	1960.0101
8436	4	2133	1958.0101	1960.0101
37082	4	1040	1958.0101	1960.0101
2546	4	1197	1958.0101	1960.0101
42340	4	24211	1958.0101	1960.0101
37044	4	15769	1958.0101	1960.0101
26671	4	889	1958.0101	1960.0101
2137	4	13042	1958.0101	1960.0101
33030	4	11685	1958.0101	1960.0101
22802	4	10296	1958.0101	1960.0101
13682	4	1652	1958.0101	1961.0101
11364	4	11365	1958.0101	1961.0101
21006	4	2133	1958.0101	1961.0101
29227	4	29228	1958.0101	1961.0101
32247	4	15584	1958.0101	1961.0101
9378	4	4728	1958.0101	1961.0101
3594	4	429	1958.0101	1961.0101
6753	4	12407	1958.0101	1961.0101
38392	4	1920	1958.0101	1961.0101
22617	4	3671	1958.0101	1961.0101
41005	4	3729	1958.0101	1961.0101
27081	4	36564	1958.0101	1961.0101
28818	4	19362	1958.0101	1962.0101
28954	19	18320	1958.0101	1962.0101
31828	4	5706	1958.0101	1962.0101
36622	4	8581	1958.0101	1962.0101
15398	4	980	1958.0101	1962.0101
477	3	6449	1958.0101	1962.0101
35468	4	1057	1958.0101	1962.0101
9187	4	3373	1958.0101	1962.0101
34285	4	10779	1958.0101	1962.0101
25196	19	10711	1958.0101	1962.0101
10680	4	1267	1958.0101	1962.0101
29723	4	5881	1958.0101	1962.0101
42604	4	413	1958.0101	1962.0101
4133	19	15831	1958.0101	1963.0101
22105	4	8721	1958.0101	1963.0101
32730	4	8061	1958.0101	1963.0101
467	4	172	1958.0101	1963.0101
15831	19	4133	1958.0101	1963.0101
8704	4	13268	1958.0101	1963.0101
18129	4	6455	1958.0101	1963.0101
19825	4	260	1958.0101	1963.0101
36573	3	1942	1958.0101	1963.0101
34032	4	1510	1958.0101	1963.0101
4727	4	2982	1958.0101	1963.0101
33964	4	13958	1958.0101	1963.0101
13915	4	18344	1958.0101	1964.0
13687	4	29257	1958.0101	1964.0101
19825	4	6405	1958.0101	1964.0101
22448	4	390	1958.0101	1964.0101
5020	4	3671	1958.0101	1965.0101
28029	4	14262	1958.0101	1965.0101
27888	4	8581	1958.0101	1965.0101
4159	4	2443	1958.0101	1966.0101
4573	4	2280	1958.0101	1966.0101
6573	4	260	1958.0101	1966.0101
18176	4	5398	1958.0101	1967.0101
8898	4	39	1958.0101	1967.0101
13927	4	14490	1958.0101	1967.0101
22358	19	23997	1958.0101	1967.0101
27303	4	33438	1958.0101	1967.0101
26040	4	260	1958.0101	1967.0101
407	19	13655	1958.0101	1968.0101
32603	4	1920	1958.0101	1968.0101
18549	78	3207	1958.0101	1968.083
18837	4	616	1958.0101	1969.0101
18724	14	6199	1958.0101	1970.0101
31953	4	15032	1958.0101	1970.0101
32252	4	1374	1958.0101	1970.0101
22105	4	376	1958.0101	1971.0101
35262	4	17750	1958.0101	1971.0101
38680	52	886	1958.0101	1974.0101
7742	4	4108	1958.0101	1974.0101
20424	4	4108	1958.0101	1974.0101
23312	33	8559	1958.0101	1977.0101
2867	19	2868	1958.0101	1981.0101
2868	19	2867	1958.0101	1981.0101
34893	19	20908	1958.0101	1984.0101
42318	19	32806	1958.0101	1993.0101
28202	19	30273	1958.0101	1998.0101
30273	19	28202	1958.0101	1998.0101
19658	19	21613	1958.0101	2007.1227
18404	19	6497	1958.0101	2008.0101
1061	37	203	1958.0101	2008.0101
19522	41	7354	1958.0106	1960.0727
11553	9	4885	1958.0116	1968.0405
26726	15	197	1958.0118	1958.0118
26726	15	336	1958.0118	1958.0118
1242	15	197	1958.0118	1958.0118
365	22	475	1958.012	1958.012
3367	15	562	1958.0201	1958.0201
3367	15	197	1958.0201	1958.0201
12037	15	197	1958.0201	1958.0201
12037	15	1664	1958.0201	1958.0201
12037	15	562	1958.0201	1958.0201
3367	15	1664	1958.0201	1958.0201
6497	19	18404	1958.0202	2008.0926
14301	44	13601	1958.0211	1967.0101
5878	15	197	1958.0215	1958.0215
196	15	6762	1958.0217	1958.0217
10738	15	6762	1958.0217	1958.0217
365	22	814	1958.0223	1958.0223
11844	15	197	1958.0226	1958.0226
13604	15	336	1958.0226	1958.0226
23900	15	197	1958.0226	1958.0226
17102	15	336	1958.0226	1958.0226
34487	15	336	1958.0226	1958.0226
5364	15	197	1958.0226	1958.0226
1997	41	718	1958.0227	1961.1129
3419	57	6246	1958.0303	1969.1231
1776	25	611	1958.0307	1958.0307
9727	15	197	1958.0308	1958.0308
23421	15	1650	1958.032	1958.032
13230	15	1650	1958.032	1958.032
1776	25	2483	1958.032	1958.032
3604	15	197	1958.0327	1958.0327
73	70	1089	1958.0327	1964.1014
716	70	13807	1958.0331	1962.1123
7481	25	2483	1958.0403	1958.0403
7481	25	1577	1958.0411	1958.0411
4010	25	611	1958.0414	1958.0414
12037	15	197	1958.0424	1958.0424
24573	15	197	1958.0517	1958.0517
25089	78	2966	1958.0519	1962.0
18320	19	28954	1958.0524	1962.1122
4544	41	16021	1958.0601	1958.0603
3391	44	11875	1958.0603	1958.0603
25969	15	5058	1958.0612	1958.0612
203	32	2650	1958.0615	1958.0615
2650	32	203	1958.0615	1958.0615
1776	25	1577	1958.0616	1958.0616
10813	15	336	1958.062	1958.062
10813	15	197	1958.062	1958.062
34343	15	1664	1958.0701	1958.0701
4353	41	5046	1958.0704	1964.0113
1158	15	197	1958.0719	1958.0719
542	15	197	1958.0725	1958.0725
542	15	336	1958.0725	1958.0725
27104	15	197	1958.0725	1958.0725
14776	41	1191	1958.0726	1958.0726
18384	4	7484	1958.0726	1959.0418
25225	15	197	1958.0731	1958.0731
13858	1	5041	1958.0814	1958.0814
24724	4	25112	1958.0823	1964.0829
8041	15	197	1958.0901	1958.0901
2714	25	2483	1958.0911	1958.0911
83	25	611	1958.0915	1958.0915
18660	15	197	1958.0917	1958.0917
516	25	611	1958.0917	1958.0917
516	25	2483	1958.0918	1958.0918
4353	40	774	1958.0928	1958.0928
14484	34	83	1958.1001	1958.1001
4010	25	14484	1958.1001	1958.1001
2382	32	7148	1958.1007	1958.1007
7148	32	2382	1958.1007	1958.1007
7148	32	6474	1958.1007	1958.1007
6474	32	7148	1958.1007	1958.1007
3294	19	14750	1958.1011	1994.0814
14750	19	3294	1958.1011	1994.0814
11372	25	1577	1958.1016	1958.1016
2285	32	20855	1958.1026	1958.1026
20855	32	2285	1958.1026	1958.1026
4850	62	4849	1958.1028	1963.0603
4849	41	1160	1958.1028	1963.0603
2749	15	197	1958.1029	1958.1029
40701	41	17071	1958.1101	1959.1031
23997	19	22358	1958.1102	1967.1
37586	41	2006	1958.1103	1964.1103
5927	7	74	1958.1107	1958.1107
11040	15	197	1958.1109	1958.1109
1313	15	197	1958.1122	1958.1122
1313	15	1664	1958.1122	1958.1122
1313	15	562	1958.1122	1958.1122
5604	15	451	1958.1128	1958.1128
4544	41	296	1958.1209	1959.0208
9455	41	296	1958.1209	1959.0715
1004	41	296	1958.1209	1962.0515
8299	41	296	1958.1209	1962.0516
703	41	296	1958.1209	1962.1009
29655	41	296	1958.1209	1962.1009
19886	41	296	1958.1209	1962.1009
27263	41	296	1958.1209	1962.1009
15180	41	296	1958.1209	1962.1009
15934	41	296	1958.1209	1986.0401
8662	25	333	1958.1212	1958.1212
26603	41	6751	1958.1215	1963.0621
1403	3	1404	1959.0	1959.0
2349	15	1650	1959.0	1959.0
5606	14	5607	1959.0	1959.0
6633	15	1487	1959.0	1959.0
461	30	4571	1959.0	1959.0
9665	15	8314	1959.0	1959.0
7037	17	728	1959.0	1959.0
6461	3	16147	1959.0	1959.0
16644	25	3689	1959.0	1959.0
7814	3	11350	1959.0	1959.0
337	30	1505	1959.0	1959.0
23434	3	939	1959.0	1959.0
7335	3	27307	1959.0	1959.0
22951	15	2193	1959.0	1959.0
607	15	451	1959.0	1959.0
14416	16	524	1959.0	1959.0
29713	14	12782	1959.0	1959.0
4637	30	4977	1959.0	1959.0
30747	3	115	1959.0	1959.0
17742	3	31316	1959.0	1959.0
4342	15	4570	1959.0	1959.0
20991	15	4859	1959.0	1959.0
15014	3	14546	1959.0	1959.0
2233	3	1369	1959.0	1959.0
8761	32	1561	1959.0	1959.0
7959	32	837	1959.0	1959.0
19307	71	856	1959.0	1959.0
3946	3	886	1959.0	1959.0
29062	3	30065	1959.0	1959.0
10098	3	16600	1959.0	1959.0
25288	15	2980	1959.0	1959.0
18744	3	11947	1959.0	1959.0
8512	15	8314	1959.0	1959.0
34737	16	3815	1959.0	1959.0
8397	32	1623	1959.0	1959.0
9760	3	27375	1959.0	1959.0
25860	14	3971	1959.0	1959.0
3604	15	8314	1959.0	1959.0
1606	15	22110	1959.0	1959.0
19269	12	1234	1959.0	1959.0
7304	3	29920	1959.0	1959.0
34737	16	229	1959.0	1959.0
4570	30	4342	1959.0	1959.0
16550	3	18961	1959.0	1959.0
5528	14	7044	1959.0	1959.0
9064	3	24675	1959.0	1959.0
34737	15	3815	1959.0	1959.0
20001	30	20002	1959.0	1959.0
15206	17	728	1959.0	1959.0
14359	16	2491	1959.0	1959.0
21786	3	24686	1959.0	1959.0
6971	3	115	1959.0	1959.0
24655	30	23293	1959.0	1959.0
5606	14	28071	1959.0	1959.0
17239	4	19024	1959.0	1959.0
4359	30	17392	1959.0	1959.0
18895	14	12154	1959.0	1959.0
18125	3	16758	1959.0	1959.0
17457	15	3034	1959.0	1959.0
20002	15	20001	1959.0	1959.0
10596	3	35450	1959.0	1959.0
2839	25	142	1959.0	1959.0
11870	15	337	1959.0	1959.0
41914	3	939	1959.0	1959.0
8314	30	9665	1959.0	1959.0
16175	15	3982	1959.0	1959.0
3657	15	503	1959.0	1959.0
14172	15	8314	1959.0	1959.0
37715	15	19027	1959.0	1959.0
10476	15	7218	1959.0	1959.0
20002	15	7638	1959.0	1959.0
14909	25	897	1959.0	1959.0
1505	15	337	1959.0	1959.0
5923	15	36040	1959.0	1959.0
5924	15	3034	1959.0	1959.0
6938	32	31872	1959.0	1959.0
31973	3	115	1959.0	1959.0
34790	16	1487	1959.0	1959.0
10632	3	8852	1959.0	1959.0
26835	3	3152	1959.0	1959.0
4453	15	8314	1959.0	1959.0
18493	17	728	1959.0	1959.0
9509	3	15324	1959.0	1959.0
22391	16	1487	1959.0	1959.0
32756	16	19548	1959.0	1959.0
37251	3	19352	1959.0	1959.0
17143	3	36064	1959.0	1959.0
42134	3	115	1959.0	1959.0
7984	16	1487	1959.0	1959.0
9570	3	2260	1959.0	1959.0
6448	15	820	1959.0	1959.0
17147	3	7141	1959.0	1959.0
24698	15	16240	1959.0	1959.0
18395	15	8365	1959.0	1959.0
36669	41	5485	1959.0	1959.0
5723	3	2260	1959.0	1959.0
14208	3	25131	1959.0	1959.0
21304	16	7487	1959.0	1959.0
176	15	2193	1959.0	1959.0
3993	30	29994	1959.0	1959.0
4571	15	3034	1959.0	1959.0
18982	3	9738	1959.0	1959.0
4571	15	4740	1959.0	1959.0
1089	15	14389	1959.0	1959.0
4571	15	461	1959.0	1959.0
4325	32	6791	1959.0	1959.0
29593	15	17460	1959.0	1959.0
3430	3	2260	1959.0	1959.0
15835	16	2491	1959.0	1959.0
23885	3	939	1959.0	1959.0
4740	30	4342	1959.0	1959.0
8074	21	13	1959.0	1959.0
27360	3	1319	1959.0	1959.0
39109	3	18639	1959.0	1959.0
19192	15	8314	1959.0	1959.0
125	16	503	1959.0	1959.0
37950	16	3982	1959.0	1959.0
4090	16	2491	1959.0	1959.0
13143	59	1275	1959.0	1959.0
17239	4	7602	1959.0	1959.0
28871	16	2491	1959.0	1959.0
22187	3	23242	1959.0	1959.0
42510	38	973	1959.0	1959.0
4545	32	4332	1959.0	1959.0
5222	15	792	1959.0	1959.0
2902	30	34737	1959.0	1959.0
19547	15	19548	1959.0	1959.0
2349	25	142	1959.0	1959.0
8180	30	11444	1959.0	1959.0
8427	3	13474	1959.0	1959.0
2201	15	14980	1959.0	1959.0
22259	3	20585	1959.0	1959.0
23022	3	5177	1959.0	1959.0
9404	15	3034	1959.0	1959.0
7022	3	5038	1959.0	1959.0
4342	15	3034	1959.0	1959.0
4342	15	4740	1959.0	1959.0
24655	30	15445	1959.0	1959.0
37140	31	17886	1959.0	1959.0
20213	32	25447	1959.0	1959.0
34317	3	40538	1959.0	1960.0
10192	3	9788	1959.0	1961.0
39461	4	4755	1959.0	1961.0
23564	41	35801	1959.0	1961.0
35801	80	23564	1959.0	1961.0
1536	70	23564	1959.0	1961.0
29742	3	18956	1959.0	1961.0
2495	41	1339	1959.0	1961.0
8427	3	11028	1959.0	1961.0
21786	46	4793	1959.0	1961.0
17607	4	2922	1959.0	1961.0
2495	41	1339	1959.0	1962.0
24701	3	23328	1959.0	1962.0
12130	46	2014	1959.0	1962.0
19237	14	3079	1959.0	1962.0
31830	14	5038	1959.0	1962.0
38933	4	12893	1959.0	1962.0
4766	41	11812	1959.0	1962.0
27697	19	16396	1959.0	1963.0
9361	19	27587	1959.0	1963.0
15375	3	7023	1959.0	1963.0
27587	19	9361	1959.0	1963.0
42341	3	408	1959.0	1963.0
16396	19	27697	1959.0	1963.0
39109	14	12154	1959.0	1963.0
9064	3	6449	1959.0	1964.0
14593	41	1954	1959.0	1964.0
28673	41	27311	1959.0	1964.0
31894	3	8970	1959.0	1964.0
16371	38	207	1959.0	1965.0
29655	41	4912	1959.0	1965.0
12016	4	11043	1959.0	1965.0
19902	17	32381	1959.0	1965.0
38933	4	12450	1959.0	1966.0
35130	14	11390	1959.0	1967.0
4544	41	4912	1959.0	1968.0
30654	43	30160	1959.0	1968.0
25369	19	11354	1959.0	1969.0
20014	19	8207	1959.0	1969.0
44	4	3432	1959.0	1969.0
5960	60	5433	1959.0	1970.0
25622	41	23009	1959.0	1972.0
8994	14	1017	1959.0	1972.0
13540	9	11225	1959.0	1972.0
42423	41	1339	1959.0	1972.0
7022	14	7276	1959.0	1972.0
13449	78	10758	1959.0	1974.0
11442	19	18678	1959.0	1974.0101
7776	14	15549	1959.0	1979.0
19846	21	75	1959.0	1990.0
20117	46	4793	1959.0	1990.0
3409	19	3410	1959.0	1994.102
3410	19	3409	1959.0	1994.102
17406	33	21214	1959.0	1995.0308
38159	19	42519	1959.0	2010.0425
28334	17	21611	1959.01	1959.01
1745	16	1746	1959.0101	1959.0101
2574	15	2575	1959.0101	1959.0101
6711	16	503	1959.0101	1959.0101
4396	15	1086	1959.0101	1959.0101
13114	3	13115	1959.0101	1959.0101
14141	16	1746	1959.0101	1959.0101
4288	16	1746	1959.0101	1959.0101
3197	15	12160	1959.0101	1959.0101
17108	15	1201	1959.0101	1959.0101
17188	16	1504	1959.0101	1959.0101
18330	4	18331	1959.0101	1959.0101
22921	16	1746	1959.0101	1959.0101
3282	15	21856	1959.0101	1959.0101
17711	16	1746	1959.0101	1959.0101
5281	16	1746	1959.0101	1959.0101
22220	4	2545	1959.0101	1959.0101
21422	15	24940	1959.0101	1959.0101
26892	15	2575	1959.0101	1959.0101
30331	15	655	1959.0101	1959.0101
14005	16	1746	1959.0101	1959.0101
25433	4	33478	1959.0101	1959.0101
34038	15	14555	1959.0101	1959.0101
36884	4	1741	1959.0101	1959.0101
1623	32	8397	1959.0101	1959.0101
14665	15	13120	1959.0101	1959.0101
30448	4	5946	1959.0101	1959.0101
23781	15	655	1959.0101	1959.0101
7974	16	1504	1959.0101	1959.0101
10465	4	10996	1959.0101	1959.0101
502	3	8689	1959.0101	1959.0101
1504	30	26761	1959.0101	1959.0101
14113	4	11247	1959.0101	1959.0101
16255	4	3432	1959.0101	1959.0101
32534	16	1746	1959.0101	1959.0101
30964	15	8277	1959.0101	1959.0101
17574	15	8277	1959.0101	1959.0101
9711	15	6058	1959.0101	1959.0101
4418	15	18534	1959.0101	1959.0101
27557	16	1746	1959.0101	1959.0101
17824	15	18534	1959.0101	1959.0101
23270	37	4405	1959.0101	1959.0101
3862	15	35167	1959.0101	1959.0101
25266	16	337	1959.0101	1959.0101
6791	32	4325	1959.0101	1959.0101
1196	4	5145	1959.0101	1959.0101
29636	15	5967	1959.0101	1959.0101
39781	15	4771	1959.0101	1959.0101
1561	32	8761	1959.0101	1959.0101
12047	16	1746	1959.0101	1959.0101
29691	15	34693	1959.0101	1959.0101
18330	4	12098	1959.0101	1959.0101
13346	15	22760	1959.0101	1959.0101
30771	4	6436	1959.0101	1959.0101
40658	3	8689	1959.0101	1959.0101
16714	40	11649	1959.0101	1959.0101
4332	32	4545	1959.0101	1959.0101
26761	15	1504	1959.0101	1959.0101
18673	16	1746	1959.0101	1959.0101
25761	16	1746	1959.0101	1959.0101
24674	16	1746	1959.0101	1959.0101
29760	16	1746	1959.0101	1959.0101
23208	4	5145	1959.0101	1959.0101
39813	4	9785	1959.0101	1959.0101
14156	4	632	1959.0101	1959.0101
32956	15	21403	1959.0101	1959.0101
21817	15	655	1959.0101	1959.0101
25383	16	1746	1959.0101	1959.0101
29970	15	655	1959.0101	1959.0101
26635	4	9429	1959.0101	1959.0101
8479	4	26287	1959.0101	1959.0101
7954	15	27294	1959.0101	1959.0101
31872	32	6938	1959.0101	1959.0101
4418	16	1746	1959.0101	1959.0101
42243	15	5058	1959.0101	1959.0101
6787	4	9997	1959.0101	1959.0101
29522	15	3348	1959.0101	1959.0101
35227	4	14650	1959.0101	1959.0101
8823	15	14289	1959.0101	1959.0101
26669	15	655	1959.0101	1959.0101
40438	15	6058	1959.0101	1959.0101
35178	15	3493	1959.0101	1959.0101
25447	32	20213	1959.0101	1959.0101
13013	16	1746	1959.0101	1959.0101
8488	16	524	1959.0101	1959.0101
34027	4	5145	1959.0101	1959.0101
23044	15	24634	1959.0101	1959.0101
42344	15	24634	1959.0101	1959.0101
7715	15	11934	1959.0101	1959.0101
29759	16	1746	1959.0101	1959.0101
20867	16	503	1959.0101	1959.0101
26671	4	260	1959.0101	1959.0101
42426	15	655	1959.0101	1959.0101
27102	15	15428	1959.0101	1959.0101
7872	15	19410	1959.0101	1959.0101
11444	15	8180	1959.0101	1959.0101
29785	15	4363	1959.0101	1959.0101
31724	33	4437	1959.0101	1959.0101
27294	30	7954	1959.0101	1959.0101
1187	15	24634	1959.0101	1959.0101
26103	4	9	1959.0101	1959.0101
8955	3	550	1959.0101	1959.0101
23197	16	1746	1959.0101	1959.0101
7509	15	5048	1959.0101	1959.0101
16016	16	1746	1959.0101	1959.0101
837	32	7959	1959.0101	1959.0101
11540	4	464	1959.0101	1959.0101
2423	123	33898	1959.0101	1959.0331
8906	4	8907	1959.0101	1960.0101
9171	4	9172	1959.0101	1960.0101
9411	4	1744	1959.0101	1960.0101
9548	4	9	1959.0101	1960.0101
8902	4	10938	1959.0101	1960.0101
16464	4	15276	1959.0101	1960.0101
18817	4	15957	1959.0101	1960.0101
9537	4	15584	1959.0101	1960.0101
22712	4	22713	1959.0101	1960.0101
15945	4	8289	1959.0101	1960.0101
881	4	4376	1959.0101	1960.0101
9011	4	3135	1959.0101	1960.0101
17966	4	1267	1959.0101	1960.0101
9771	19	1503	1959.0101	1960.0101
20968	4	5191	1959.0101	1960.0101
3120	4	16168	1959.0101	1960.0101
23082	4	33478	1959.0101	1960.0101
36938	4	1477	1959.0101	1960.0101
10125	4	26288	1959.0101	1960.0101
21687	4	15584	1959.0101	1960.0101
24873	4	4390	1959.0101	1960.0101
38711	4	13118	1959.0101	1960.0101
25611	4	1741	1959.0101	1960.0101
37278	4	18428	1959.0101	1960.0101
22263	4	889	1959.0101	1960.0101
7627	4	3836	1959.0101	1960.0101
31574	4	9926	1959.0101	1960.0101
3120	4	41742	1959.0101	1960.0101
19394	4	13886	1959.0101	1960.0101
24825	4	1727	1959.0101	1960.0101
14647	4	16936	1959.0101	1960.0101
23880	4	33	1959.0101	1960.0101
19998	4	1374	1959.0101	1960.0101
19361	4	1727	1959.0101	1960.0101
14113	4	33478	1959.0101	1960.0101
2371	4	1565	1959.0101	1960.0101
32165	4	15584	1959.0101	1960.0101
37457	4	3263	1959.0101	1960.0101
18600	4	6636	1959.0101	1960.0101
35883	4	10996	1959.0101	1960.0101
17384	4	3836	1959.0101	1960.0101
360	4	21266	1959.0101	1960.0101
34784	4	14212	1959.0101	1960.0101
1503	19	9771	1959.0101	1960.0101
30442	4	18554	1959.0101	1960.0101
11623	4	2334	1959.0101	1960.0101
33258	4	1741	1959.0101	1960.0101
26735	4	8721	1959.0101	1960.0101
17099	4	6470	1959.0101	1960.0101
32244	4	6068	1959.0101	1960.0101
29986	4	40559	1959.0101	1960.0101
19673	4	889	1959.0101	1960.0101
29699	4	3900	1959.0101	1960.0101
14895	4	13886	1959.0101	1960.0101
2112	4	6470	1959.0101	1960.0101
32612	4	42558	1959.0101	1960.0101
36134	4	3135	1959.0101	1960.0101
37796	4	319	1959.0101	1960.0101
8902	4	6172	1959.0101	1960.0101
20156	4	15584	1959.0101	1960.0101
615	4	5706	1959.0101	1961.0101
21757	4	8721	1959.0101	1961.0101
26103	4	5440	1959.0101	1961.0101
10921	4	9785	1959.0101	1961.0101
34027	4	3135	1959.0101	1961.0101
34496	4	8289	1959.0101	1961.0101
24790	4	27343	1959.0101	1961.0101
36518	4	889	1959.0101	1961.0101
31770	4	2545	1959.0101	1961.0101
5124	4	21538	1959.0101	1961.0101
29836	4	33478	1959.0101	1961.0101
31326	4	19762	1959.0101	1961.0101
21910	4	5118	1959.0101	1961.0101
34940	4	9258	1959.0101	1961.0101
10465	4	18607	1959.0101	1961.0101
20674	4	5875	1959.0101	1961.0101
25233	4	6068	1959.0101	1961.0101
12953	3	1548	1959.0101	1961.0101
26496	4	2133	1959.0101	1961.0101
29650	4	3857	1959.0101	1961.0101
27786	4	14025	1959.0101	1961.0101
31536	3	1548	1959.0101	1961.0101
8377	4	15584	1959.0101	1961.0101
25446	4	390	1959.0101	1961.0101
2697	4	6732	1959.0101	1961.0101
23208	4	6405	1959.0101	1961.0101
38083	4	4152	1959.0101	1961.0101
3424	4	429	1959.0101	1961.0101
34417	4	1374	1959.0101	1961.0101
20827	4	39306	1959.0101	1961.0101
32602	4	6934	1959.0101	1961.0101
13646	4	4202	1959.0101	1961.0101
9300	4	42405	1959.0101	1961.0101
5550	4	2545	1959.0101	1961.0101
35695	4	2427	1959.0101	1961.0101
27168	4	1920	1959.0101	1961.0101
18779	4	29273	1959.0101	1961.0101
14257	4	11685	1959.0101	1961.0101
18775	4	25	1959.0101	1962.0101
14146	4	5958	1959.0101	1962.0101
21933	19	5070	1959.0101	1962.0101
26024	4	12362	1959.0101	1962.0101
35234	4	3729	1959.0101	1962.0101
28009	4	370	1959.0101	1962.0101
33317	3	5177	1959.0101	1962.0101
5070	19	21933	1959.0101	1962.0101
37001	4	6479	1959.0101	1962.0101
18646	4	6178	1959.0101	1962.0101
39000	4	9584	1959.0101	1962.0101
35008	4	12011	1959.0101	1962.0101
7380	4	1267	1959.0101	1962.0101
35588	4	26288	1959.0101	1962.0101
37893	4	11020	1959.0101	1963.0101
24870	4	23991	1959.0101	1963.0101
633	4	5953	1959.0101	1963.0101
11051	4	15670	1959.0101	1963.0101
4081	4	1952	1959.0101	1963.0101
15449	43	20421	1959.0101	1963.0101
7114	4	6470	1959.0101	1963.0101
615	4	5145	1959.0101	1963.0101
8479	4	1263	1959.0101	1963.0101
27281	4	2547	1959.0101	1963.0101
37704	3	18639	1959.0101	1963.0101
11144	4	9549	1959.0101	1963.0101
15038	4	23976	1959.0101	1963.0101
7142	38	6806	1959.0101	1963.0711
90	4	91	1959.0101	1964.0101
11657	4	9591	1959.0101	1964.0101
37263	4	1321	1959.0101	1964.0101
39392	19	21569	1959.0101	1964.0101
14997	4	41856	1959.0101	1964.0101
14667	4	2028	1959.0101	1965.0101
29328	4	5706	1959.0101	1965.0101
15333	4	172	1959.0101	1965.0101
30396	4	260	1959.0101	1965.0101
24135	19	38872	1959.0101	1965.0101
24223	4	5660	1959.0101	1965.0101
30771	4	2982	1959.0101	1965.0101
38872	19	24135	1959.0101	1965.0101
12721	4	10584	1959.0101	1966.0101
38399	4	5706	1959.0101	1966.0101
5039	4	6405	1959.0101	1966.0101
30188	4	2334	1959.0101	1966.0101
32504	19	24362	1959.0101	1967.0101
19706	4	260	1959.0101	1967.0101
25361	4	8328	1959.0101	1967.0101
10842	4	4152	1959.0101	1967.0101
16200	4	11239	1959.0101	1967.0101
38484	4	1792	1959.0101	1967.0101
19831	4	4402	1959.0101	1967.0101
24362	19	32504	1959.0101	1967.0101
35718	4	12414	1959.0101	1967.0101
10704	4	17724	1959.0101	1968.0101
22388	4	374	1959.0101	1968.0101
11354	19	25369	1959.0101	1969.0101
19570	4	8475	1959.0101	1969.0101
39118	14	4522	1959.0101	1969.0101
8207	19	20014	1959.0101	1969.0101
6287	4	13847	1959.0101	1970.0101
7727	4	14955	1959.0101	1971.0101
25587	4	2949	1959.0101	1972.0101
4634	14	4522	1959.0101	1972.0101
8101	17	11261	1959.0101	1972.0109
38818	19	33193	1959.0101	1973.0101
33193	19	38818	1959.0101	1973.0101
13156	4	374	1959.0101	1975.0101
12003	4	2545	1959.0101	1975.0101
19916	4	14955	1959.0101	1975.0101
32186	4	6455	1959.0101	1976.0101
25675	19	17614	1959.0101	1978.0101
42458	4	2560	1959.0101	1978.0101
17614	19	25675	1959.0101	1978.0101
21790	19	6650	1959.0101	1979.0101
42458	4	10958	1959.0101	1980.0101
17699	14	4522	1959.0101	1982.0101
11917	19	29174	1959.0101	1989.0101
29174	19	11917	1959.0101	1989.0101
6233	19	34315	1959.0101	1990.0101
34315	19	6233	1959.0101	1990.0101
5066	19	30434	1959.0101	1992.0101
30434	19	5066	1959.0101	1992.0101
34865	19	9174	1959.0101	2000.0101
9174	19	34865	1959.0101	2000.0101
34667	37	630	1959.0101	2007.0101
42519	19	38159	1959.0101	2010.0425
13	29	14180	1959.0103	1959.0103
22254	34	14180	1959.0103	1959.0103
9625	15	2257	1959.0103	1959.0103
5701	123	12190	1959.0115	1959.0415
17638	4	1550	1959.0117	1962.012
23136	19	30054	1959.0126	2007.0618
30054	19	23136	1959.0126	2007.0618
3	70	33489	1959.0215	1960.0325
25987	41	4254	1959.0218	1966.1024
17748	41	4912	1959.0314	1983.0306
3016	41	4912	1959.032	1970.0613
6189	70	3016	1959.032	1970.0613
140	32	4834	1959.0401	1959.0401
4834	32	140	1959.0401	1959.0401
2423	123	40453	1959.0401	1959.1031
31402	21	75	1959.041	1990.1002
5701	123	19017	1959.0415	1959.1231
29593	25	652	1959.0416	1959.0416
8440	41	11316	1959.0422	1961.012
6653	70	39339	1959.0427	1967.0422
641	62	21030	1959.0427	1968.1031
1845	70	14026	1959.043	1979.0626
4302	15	197	1959.0504	1959.0504
17105	15	7851	1959.0504	1959.0504
9720	15	451	1959.0509	1959.0509
5927	7	113	1959.052	1959.052
9134	25	652	1959.0521	1959.0521
10149	44	11426	1959.0521	1959.0521
18038	44	11426	1959.0521	1959.0521
9455	41	12236	1959.0522	1960.1231
11385	25	652	1959.0528	1959.0528
15804	3	29149	1959.06	1959.06
10676	15	197	1959.062	1959.062
147	32	2650	1959.0624	1959.0624
2650	32	147	1959.0624	1959.0624
16423	19	423	1959.0626	1959.0626
423	19	16423	1959.0626	1959.0626
10579	15	197	1959.0626	1959.0626
21569	19	39392	1959.0628	1964.1208
8268	123	19695	1959.0703	1959.0703
4793	50	31523	1959.072	1959.072
13091	15	197	1959.0723	1959.0723
29658	19	4745	1959.0801	1968.0101
4745	19	29658	1959.0801	1968.0101
16644	15	197	1959.082	1959.082
13	29	19269	1959.0821	1959.0821
22038	44	19269	1959.0821	1959.0821
34607	41	3443	1959.09	1960.02
18304	3	6631	1959.09	1960.05
30571	15	197	1959.0908	1959.0908
613	62	21272	1959.0913	1969.063
4984	80	21272	1959.0913	1969.063
21272	41	4984	1959.0913	1969.063
10509	15	820	1959.0915	1959.0915
12564	19	14801	1959.0915	2014.0909
14801	19	12564	1959.0915	2014.0909
3158	3	15629	1959.1	1962.0
13093	38	5387	1959.1001	1959.1001
223	25	2483	1959.1013	1959.1013
9153	40	774	1959.1101	1959.1101
3419	38	25938	1959.1101	1959.1101
2423	123	19253	1959.1101	1960.0331
14026	41	17071	1959.1101	1960.1031
24147	15	1112	1959.1103	1959.1103
21682	19	34020	1959.1107	1970.0727
9163	38	5387	1959.1113	1980.1206
7584	41	1954	1959.1126	1961.1221
6650	19	21790	1959.12	1979.0814
7327	155	9931	1959.1217	1960.0214
24429	25	4054	1959.1217	1961.122
5878	15	1501	1959.1225	1959.1225
17102	15	1501	1959.1225	1959.1225
12516	15	1501	1959.1225	1959.1225
23900	15	1501	1959.1225	1959.1225
11844	15	1501	1959.1225	1959.1225
26726	15	1501	1959.1225	1959.1225
32670	15	1501	1959.1225	1959.1225
12745	19	41315	1959.1231	1965.0625
41315	19	12745	1959.1231	1965.0625
1895	32	6480	1960.0	1960.0
420	15	8314	1960.0	1960.0
9658	30	9659	1960.0	1960.0
11047	41	4374	1960.0	1960.0
8873	18	11517	1960.0	1960.0
12493	16	4131	1960.0	1960.0
4888	32	3190	1960.0	1960.0
12007	17	11261	1960.0	1960.0
16542	3	1017	1960.0	1960.0
18863	14	18864	1960.0	1960.0
12016	15	3034	1960.0	1960.0
6480	32	1895	1960.0	1960.0
3640	14	10308	1960.0	1960.0
4131	30	5027	1960.0	1960.0
2850	15	22385	1960.0	1960.0
22272	14	16729	1960.0	1960.0
1379	15	486	1960.0	1960.0
15835	16	2491	1960.0	1960.0
6746	15	28684	1960.0	1960.0
6884	30	21356	1960.0	1960.0
12827	15	9957	1960.0	1960.0
20815	17	1037	1960.0	1960.0
4342	15	3034	1960.0	1960.0
31635	25	897	1960.0	1960.0
20408	3	2403	1960.0	1960.0
33941	14	15808	1960.0	1960.0
21230	14	19852	1960.0	1960.0
16525	3	939	1960.0	1960.0
4570	30	12016	1960.0	1960.0
6118	15	820	1960.0	1960.0
35325	15	1650	1960.0	1960.0
26208	15	3034	1960.0	1960.0
35938	3	37389	1960.0	1960.0
7638	30	32543	1960.0	1960.0
16644	25	897	1960.0	1960.0
2912	3	9738	1960.0	1960.0
4637	30	13346	1960.0	1960.0
3410	15	8314	1960.0	1960.0
461	30	12016	1960.0	1960.0
12121	3	5177	1960.0	1960.0
11270	30	21269	1960.0	1960.0
29886	15	17682	1960.0	1960.0
18660	15	18869	1960.0	1960.0
20944	15	451	1960.0	1960.0
21680	3	1341	1960.0	1960.0
4740	30	12016	1960.0	1960.0
337	30	788	1960.0	1960.0
20001	30	4159	1960.0	1960.0
29009	44	4397	1960.0	1960.0
39934	3	29957	1960.0	1960.0
26777	15	21884	1960.0	1960.0
37090	3	115	1960.0	1960.0
2850	15	2980	1960.0	1960.0
8077	14	5626	1960.0	1960.0
10596	3	6631	1960.0	1960.0
40617	3	15016	1960.0	1960.0
22308	16	2491	1960.0	1960.0
24196	3	2078	1960.0	1960.0
13947	15	2578	1960.0	1960.0
28063	16	17682	1960.0	1960.0
10235	3	2260	1960.0	1960.0
41923	16	1746	1960.0	1960.0
34083	3	939	1960.0	1960.0
2646	16	1487	1960.0	1960.0
20584	3	825	1960.0	1960.0
20254	14	9278	1960.0	1960.0
20254	3	427	1960.0	1960.0
18530	3	2260	1960.0	1960.0
39664	14	10196	1960.0	1960.0
7959	32	3784	1960.0	1960.0
5924	15	3034	1960.0	1960.0
7959	32	6531	1960.0	1960.0
13860	14	10308	1960.0	1960.0
21992	16	3982	1960.0	1960.0
13860	3	1942	1960.0	1960.0
28621	3	115	1960.0	1960.0
5923	15	8314	1960.0	1960.0
28537	15	3982	1960.0	1960.0
18561	3	1317	1960.0	1960.0
5739	30	2072	1960.0	1960.0
36681	3	115	1960.0	1960.0
8582	32	11224	1960.0	1960.0
6633	16	1487	1960.0	1960.0
22660	41	4374	1960.0	1960.0
28308	3	2059	1960.0	1960.0
21356	15	6884	1960.0	1960.0
12016	15	4740	1960.0	1960.0
761	30	18714	1960.0	1960.0
42146	3	13883	1960.0	1960.0
12016	15	461	1960.0	1960.0
12016	15	4570	1960.0	1960.0
12816	15	14385	1960.0	1960.0
17143	3	8653	1960.0	1960.0
17073	17	728	1960.0	1960.0
5567	15	1487	1960.0	1960.0
18372	38	368	1960.0	1960.0
3190	32	4888	1960.0	1960.0
4571	15	3034	1960.0	1960.0
10676	15	8314	1960.0	1960.0
868	15	1249	1960.0	1960.0
18181	16	524	1960.0	1960.0
34737	16	7487	1960.0	1960.0
2357	15	57	1960.0	1960.0
15607	14	19964	1960.0	1960.0
7974	16	1487	1960.0	1960.0
12068	3	37500	1960.0	1960.0
2578	30	13947	1960.0	1960.0
5563	16	2491	1960.0	1960.0
281	30	29378	1960.0	1960.0
30787	16	17682	1960.0	1960.0
11849	15	8314	1960.0	1960.0
2072	15	5739	1960.0	1960.0
1406	66	211	1960.0	1960.0
17476	3	17491	1960.0	1960.0
26998	16	57	1960.0	1960.0
21876	15	2257	1960.0	1960.0
13482	16	2491	1960.0	1960.0
25960	3	2260	1960.0	1960.0
13143	15	524	1960.0	1960.0
22463	16	3982	1960.0	1960.0
14517	15	2491	1960.0	1960.0
2902	30	9173	1960.0	1960.0
30125	40	2916	1960.0	1960.0
28684	30	6746	1960.0	1960.0
28463	16	57	1960.0	1960.0
19547	16	17682	1960.0	1960.0
3873	3	40673	1960.0	1960.0
20692	3	17649	1960.0	1960.0
23022	14	1123	1960.0	1960.0
620	22	211	1960.0	1960.0
3490	3	8804	1960.0	1960.0
12553	3	10196	1960.0	1960.0
6375	14	12782	1960.0	1960.0
23098	14	939	1960.0	1961.0
27083	4	4755	1960.0	1961.0
24196	3	23907	1960.0	1961.0
38933	4	6831	1960.0	1962.0
11818	3	3318	1960.0	1962.0
34083	46	8178	1960.0	1962.0
31025	33	83	1960.0	1962.0
33514	3	5026	1960.0	1962.0
35892	46	8178	1960.0	1962.0
22469	14	12625	1960.0	1963.0
2586	14	6697	1960.0	1963.0
42007	3	8970	1960.0	1963.0
22492	14	6280	1960.0	1963.0
22576	33	2343	1960.0	1964.0
28949	19	28948	1960.0	1964.0
15715	3	31719	1960.0	1964.0
20217	3	408	1960.0	1964.0
34861	19	20263	1960.0	1964.0
20263	19	34861	1960.0	1964.0
1655	3	1656	1960.0	1965.0
7287	3	2403	1960.0	1965.0
29110	14	21555	1960.0	1965.0
19339	4	15244	1960.0	1965.0
14558	3	452	1960.0	1965.0
39005	18	1448	1960.0	1966.0
34565	4	8654	1960.0	1966.0
34565	14	8654	1960.0	1966.0
34565	37	705	1960.0	1966.0
22020	3	25472	1960.0	1966.0
35898	14	38433	1960.0	1967.0
17830	151	3367	1960.0	1967.0412
26209	14	16119	1960.0	1968.0
31204	19	28355	1960.0	1968.0
3715	14	3716	1960.0	1968.0
28355	19	31204	1960.0	1968.0
2943	14	6498	1960.0	1969.0
33834	84	10223	1960.0	1969.0
18978	14	2863	1960.0	1970.0
16986	84	10223	1960.0	1970.0
10223	50	33834	1960.0	1970.0
6627	4	26850	1960.0	1970.0
31941	14	2863	1960.0	1970.0
36414	41	4374	1960.0	1970.0
33122	37	1462	1960.0	1970.0
10223	50	16986	1960.0	1970.0
12072	14	40926	1960.0	1970.0
3947	14	16729	1960.0	1970.0
8161	33	6557	1960.0	1970.0
30790	182	4815	1960.0	1970.0
34587	14	2863	1960.0	1970.0101
28072	14	16729	1960.0	1971.0
29987	3	40509	1960.0	1971.0
16525	14	939	1960.0	1972.0
36393	4	830	1960.0	1973.0
22446	19	30702	1960.0	1973.0
17705	19	16497	1960.0	1973.0204
16497	19	17705	1960.0	1973.0204
17047	4	1877	1960.0	1974.0
42104	17	59	1960.0	1976.0
9775	19	29712	1960.0	1976.0
29712	19	9775	1960.0	1976.0
24157	14	13437	1960.0	1978.0
8873	18	11517	1960.0	1980.0
8873	14	23948	1960.0	1980.0
13449	25	804	1960.0	1980.0
14857	14	472	1960.0	1982.0
11027	41	3698	1960.0	1982.0
36273	21	75	1960.0	1990.0
35258	19	31079	1960.0	1991.0
31079	19	35258	1960.0	1991.0
4345	18	1448	1960.0	1995.0
26835	19	12638	1960.0	1997.1028
33655	14	16729	1960.0	2001.0
3748	70	18537	1960.01	1961.0301
38248	84	10223	1960.01	1961.07
613	22	7027	1960.0101	1960.0101
7027	22	613	1960.0101	1960.0101
18850	4	15706	1960.0101	1960.0101
21398	15	13120	1960.0101	1960.0101
12816	16	1746	1960.0101	1960.0101
11532	16	1746	1960.0101	1960.0101
3784	32	7959	1960.0101	1960.0101
23408	3	3002	1960.0101	1960.0101
25946	15	16797	1960.0101	1960.0101
10932	3	2365	1960.0101	1960.0101
15945	4	2372	1960.0101	1960.0101
20999	15	655	1960.0101	1960.0101
21687	4	5145	1960.0101	1960.0101
26777	16	1746	1960.0101	1960.0101
3380	22	613	1960.0101	1960.0101
19800	16	1746	1960.0101	1960.0101
13156	4	5145	1960.0101	1960.0101
27102	15	34050	1960.0101	1960.0101
5143	16	1746	1960.0101	1960.0101
613	22	2143	1960.0101	1960.0101
36341	15	8314	1960.0101	1960.0101
32684	15	655	1960.0101	1960.0101
20968	4	13878	1960.0101	1960.0101
15063	16	1746	1960.0101	1960.0101
1745	16	1746	1960.0101	1960.0101
25383	16	1746	1960.0101	1960.0101
2143	22	613	1960.0101	1960.0101
17711	16	1746	1960.0101	1960.0101
29907	15	3577	1960.0101	1960.0101
16802	15	655	1960.0101	1960.0101
29532	15	5058	1960.0101	1960.0101
14156	4	25759	1960.0101	1960.0101
33258	4	11638	1960.0101	1960.0101
18673	15	1746	1960.0101	1960.0101
27557	16	1746	1960.0101	1960.0101
26663	15	655	1960.0101	1960.0101
27578	16	1746	1960.0101	1960.0101
29792	4	2216	1960.0101	1960.0101
29950	16	1746	1960.0101	1960.0101
26444	15	655	1960.0101	1960.0101
12003	4	5145	1960.0101	1960.0101
18714	15	761	1960.0101	1960.0101
12292	15	655	1960.0101	1960.0101
12047	16	1746	1960.0101	1960.0101
33357	16	337	1960.0101	1960.0101
613	22	3380	1960.0101	1960.0101
15935	37	9249	1960.0101	1960.0101
17344	15	1501	1960.0101	1960.0101
949	32	4888	1960.0101	1960.0101
5027	16	337	1960.0101	1960.0101
12056	15	5967	1960.0101	1960.0101
40742	15	13832	1960.0101	1960.0101
211	22	620	1960.0101	1960.0101
20081	15	4363	1960.0101	1960.0101
24913	16	503	1960.0101	1960.0101
24674	16	1746	1960.0101	1960.0101
4888	32	949	1960.0101	1960.0101
18673	16	1746	1960.0101	1960.0101
3262	4	178	1960.0101	1960.0101
32956	15	21403	1960.0101	1960.0101
8233	15	12386	1960.0101	1960.0101
29378	15	281	1960.0101	1960.0101
29378	15	32064	1960.0101	1960.0101
32817	15	8277	1960.0101	1960.0101
19589	15	1201	1960.0101	1960.0101
24284	3	1030	1960.0101	1960.0101
18660	15	9753	1960.0101	1960.0101
24181	15	655	1960.0101	1960.0101
24608	16	1746	1960.0101	1960.0101
15975	15	655	1960.0101	1960.0101
41595	15	36670	1960.0101	1960.0101
17498	16	337	1960.0101	1960.0101
32397	16	524	1960.0101	1960.0101
31635	15	6058	1960.0101	1960.0101
19421	15	3348	1960.0101	1960.0101
12493	16	337	1960.0101	1960.0101
25611	4	662	1960.0101	1960.0101
11224	32	8582	1960.0101	1960.0101
22921	16	1746	1960.0101	1960.0101
39317	15	10687	1960.0101	1960.0101
7872	15	19410	1960.0101	1960.0101
5222	15	6865	1960.0101	1960.0101
19051	3	3041	1960.0101	1960.0101
13156	4	8637	1960.0101	1960.0101
11491	15	32064	1960.0101	1960.0101
4288	16	1746	1960.0101	1960.0101
16016	16	1746	1960.0101	1960.0101
14416	15	524	1960.0101	1960.0101
20156	4	2545	1960.0101	1960.0101
1961	4	5290	1960.0101	1961.0101
4238	4	5398	1960.0101	1961.0101
19998	4	5145	1960.0101	1961.0101
8902	4	20851	1960.0101	1961.0101
13022	4	3479	1960.0101	1961.0101
17099	4	1267	1960.0101	1961.0101
2546	4	17056	1960.0101	1961.0101
26930	4	2133	1960.0101	1961.0101
17663	4	8148	1960.0101	1961.0101
26896	4	616	1960.0101	1961.0101
13327	4	15032	1960.0101	1961.0101
10125	4	2545	1960.0101	1961.0101
32165	4	14579	1960.0101	1961.0101
25418	4	15584	1960.0101	1961.0101
9427	4	32985	1960.0101	1961.0101
34958	4	6068	1960.0101	1961.0101
37082	4	100	1960.0101	1961.0101
31574	4	1816	1960.0101	1961.0101
21734	4	11365	1960.0101	1961.0101
11507	4	25913	1960.0101	1961.0101
38025	4	8238	1960.0101	1961.0101
6173	4	2545	1960.0101	1961.0101
18039	4	12703	1960.0101	1961.0101
14113	4	13042	1960.0101	1961.0101
19361	4	13878	1960.0101	1961.0101
13664	4	1267	1960.0101	1961.0101
21716	4	8099	1960.0101	1961.0101
19394	4	22162	1960.0101	1961.0101
37278	4	31997	1960.0101	1961.0101
40704	4	4206	1960.0101	1961.0101
27958	4	1766	1960.0101	1961.0101
24130	4	6827	1960.0101	1961.0101
18116	4	2028	1960.0101	1961.0101
19998	4	2427	1960.0101	1961.0101
23292	4	10779	1960.0101	1961.0101
21687	4	6405	1960.0101	1961.0101
2371	4	9926	1960.0101	1961.0101
35837	4	15769	1960.0101	1961.0101
15495	4	1866	1960.0101	1961.0101
30052	4	9347	1960.0101	1961.0101
19552	4	2545	1960.0101	1961.0101
21740	4	13958	1960.0101	1961.0101
360	4	15584	1960.0101	1961.0101
12588	4	2427	1960.0101	1961.0101
1637	4	8148	1960.0101	1961.0101
42340	4	14212	1960.0101	1961.0101
14895	4	42436	1960.0101	1961.0101
13972	4	13878	1960.0101	1961.0101
8906	4	3425	1960.0101	1961.0101
35693	4	3223	1960.0101	1961.0101
34076	4	1920	1960.0101	1961.0101
8691	4	3701	1960.0101	1961.0101
8375	4	6436	1960.0101	1961.0101
36134	4	9555	1960.0101	1961.0101
19420	4	13886	1960.0101	1961.0101
37104	4	9555	1960.0101	1961.0101
2544	4	11365	1960.0101	1961.0101
19014	4	3496	1960.0101	1961.0101
10223	50	38248	1960.0101	1961.0701
1990	4	1197	1960.0101	1962.0101
8579	4	8580	1960.0101	1962.0101
10630	4	1197	1960.0101	1962.0101
25701	4	882	1960.0101	1962.0101
10698	4	15032	1960.0101	1962.0101
26674	4	9682	1960.0101	1962.0101
29699	4	15448	1960.0101	1962.0101
20156	4	429	1960.0101	1962.0101
38938	4	12874	1960.0101	1962.0101
29091	4	1267	1960.0101	1962.0101
17543	4	9896	1960.0101	1962.0101
22712	4	6934	1960.0101	1962.0101
18281	4	34395	1960.0101	1962.0101
9011	4	15584	1960.0101	1962.0101
7830	4	3746	1960.0101	1962.0101
21165	19	1555	1960.0101	1962.0101
12987	4	2427	1960.0101	1962.0101
1555	19	21165	1960.0101	1962.0101
35373	4	10466	1960.0101	1962.0101
30396	4	1374	1960.0101	1962.0101
35883	4	5145	1960.0101	1962.0101
16215	4	1652	1960.0101	1962.0101
30197	4	8727	1960.0101	1962.0101
41013	4	1197	1960.0101	1962.0101
32049	4	429	1960.0101	1962.0101
14225	4	6405	1960.0101	1962.0101
19673	4	13958	1960.0101	1962.0101
5701	123	12190	1960.0101	1962.1203
17767	4	2480	1960.0101	1963.0101
11049	4	18344	1960.0101	1963.0101
31600	4	5191	1960.0101	1963.0101
33634	4	20328	1960.0101	1963.0101
27691	4	5208	1960.0101	1963.0101
15350	4	260	1960.0101	1963.0101
7627	4	12426	1960.0101	1963.0101
37796	4	1510	1960.0101	1963.0101
6573	4	5706	1960.0101	1963.0101
27613	4	3768	1960.0101	1963.0101
16374	4	889	1960.0101	1964.0101
17055	4	17056	1960.0101	1964.0101
28948	19	28949	1960.0101	1964.0101
12479	4	1477	1960.0101	1964.0101
40163	4	25913	1960.0101	1964.0101
4530	4	33	1960.0101	1964.0101
26671	4	429	1960.0101	1964.0101
10607	4	29273	1960.0101	1964.0101
5625	4	5398	1960.0101	1964.0101
15976	4	5706	1960.0101	1965.0101
14463	4	29830	1960.0101	1965.0101
9171	4	8475	1960.0101	1965.0101
18817	4	14579	1960.0101	1965.0101
11623	4	581	1960.0101	1966.0101
18138	4	8289	1960.0101	1966.0101
14095	4	25111	1960.0101	1966.0101
5393	4	2545	1960.0101	1966.0101
2112	4	5398	1960.0101	1966.0101
9537	4	429	1960.0101	1967.0101
35060	4	8426	1960.0101	1967.0101
10063	43	24327	1960.0101	1967.0101
37848	4	5660	1960.0101	1967.0101
37672	4	2275	1960.0101	1967.0101
37457	4	3671	1960.0101	1967.0101
12740	4	1945	1960.0101	1968.0101
3981	19	1973	1960.0101	1968.0101
1973	19	3981	1960.0101	1968.0101
10800	19	11438	1960.0101	1969.0101
29641	19	37448	1960.0101	1969.0101
26735	4	15764	1960.0101	1969.0101
37448	19	29641	1960.0101	1969.0101
21290	4	4152	1960.0101	1969.0101
11438	19	10800	1960.0101	1969.0101
40834	4	13847	1960.0101	1970.0101
31828	4	260	1960.0101	1970.0101
29362	4	12715	1960.0101	1971.0101
15643	4	17750	1960.0101	1971.0101
22544	19	34518	1960.0101	1971.0101
3438	4	8974	1960.0101	1972.0101
25067	19	30696	1960.0101	1973.0101
10190	4	7207	1960.0101	1973.0101
30696	19	25067	1960.0101	1973.0101
37159	19	6888	1960.0101	1974.0101
6888	19	37159	1960.0101	1974.0101
17966	4	374	1960.0101	1974.0101
10627	4	429	1960.0101	1977.0101
27543	4	7109	1960.0101	1977.0101
8159	19	8160	1960.0101	1978.0101
19787	19	18395	1960.0101	1978.0101
18395	19	19787	1960.0101	1978.0101
8160	19	8159	1960.0101	1978.0101
28691	4	429	1960.0101	1978.0101
35883	4	5706	1960.0101	1979.0101
34527	19	38618	1960.0101	1980.0101
23160	14	3023	1960.0101	1986.0101
36304	19	30000	1960.0101	1987.0101
30000	19	36304	1960.0101	1987.0101
34518	19	22544	1960.0101	1987.0101
18772	14	18773	1960.0101	1990.0101
19021	17	5911	1960.0101	1991.0203
6278	21	2176	1960.0101	1992.0101
3579	33	8559	1960.0101	1994.0101
20418	19	16496	1960.0101	1994.0101
12638	19	26835	1960.0101	1997.1028
29292	33	119	1960.0101	2001.0101
2568	19	9565	1960.0101	2006.0101
9565	19	2568	1960.0101	2006.0101
37584	19	18181	1960.0101	2007.0101
2550	15	820	1960.0112	1960.0112
6531	32	7959	1960.0112	1960.0112
41921	4	7554	1960.0116	1967.1104
3174	22	613	1960.012	1960.012
613	22	3174	1960.012	1960.012
2036	14	98	1960.02	1962.0
8662	25	1577	1960.0202	1960.0202
8797	15	197	1960.0211	1960.0211
796	70	2288	1960.0221	1962.0903
7327	155	8818	1960.0226	1960.0414
673	32	6653	1960.0229	1960.0229
6653	32	673	1960.0229	1960.0229
37340	33	11902	1960.0304	1960.0304
8225	15	1501	1960.0307	1960.0307
18202	15	1501	1960.0307	1960.0307
13529	32	12383	1960.0314	1960.0314
12383	32	13529	1960.0314	1960.0314
15063	25	652	1960.0324	1960.0324
83	25	2483	1960.0324	1960.0324
3	70	36054	1960.0325	1960.0726
14002	15	2750	1960.0408	1960.0408
211	27	5	1960.0422	1960.0422
211	27	1406	1960.0422	1960.0422
4100	44	19560	1960.0501	1960.0501
2932	44	19560	1960.0501	1960.0501
553	29	35380	1960.0501	1960.0501
2932	66	19560	1960.0501	1960.0501
553	29	19560	1960.0501	1960.0501
38119	44	35380	1960.0501	1960.0501
18773	154	15513	1960.0501	1961.0701
36309	32	515	1960.0503	1960.0503
515	32	36309	1960.0503	1960.0503
19514	19	14472	1960.0504	1971.0318
14472	19	19514	1960.0504	1971.0318
10738	15	197	1960.0507	1960.0507
10738	15	336	1960.0507	1960.0507
21774	44	15613	1960.0512	1961.1006
4453	15	336	1960.0514	1960.0514
11038	21	715	1960.0528	1960.0528
11038	21	13	1960.0528	2012.0101
24122	25	652	1960.0602	1960.0602
14843	32	3358	1960.061	1960.061
3358	32	14843	1960.061	1960.061
16127	32	9120	1960.0612	1960.0612
9120	32	17156	1960.0612	1960.0612
17156	32	9120	1960.0612	1960.0612
15639	41	11837	1960.062	1970.0318
4157	19	303	1960.0627	2001.0705
303	19	4157	1960.0627	2001.0705
8233	15	22369	1960.0628	1960.0628
7177	32	7178	1960.0629	2015.1231
7178	32	7177	1960.0629	2015.1231
613	22	1442	1960.063	1960.063
1442	22	613	1960.063	1960.063
21242	38	6932	1960.0701	1960.0701
2423	123	33898	1960.0701	1963.063
1805	93	11005	1960.0703	1982.121
4237	19	32688	1960.0712	1961.04
32688	19	4237	1960.0712	1961.04
5927	7	590	1960.0718	1960.0718
18181	19	37584	1960.0723	2007.1016
13331	15	336	1960.0729	1960.0729
2985	22	613	1960.0801	1960.0801
613	22	2985	1960.0801	1960.0801
9455	41	25329	1960.0801	1963.1027
30702	19	22446	1960.0806	1973.051
10223	50	31150	1960.0812	1962.0816
31150	84	10223	1960.0812	1962.0816
25321	44	3127	1960.0818	2005.1231
613	22	2429	1960.082	1960.082
2429	22	613	1960.082	1960.082
23619	15	1501	1960.0829	1960.0829
2317	3	472	1960.09	1963.09
613	22	11143	1960.0901	1960.0901
11143	22	613	1960.0901	1960.0901
75	62	12273	1960.0912	1973.0801
2985	25	333	1960.092	1960.092
7027	25	333	1960.092	1960.092
1443	25	333	1960.092	1960.092
2429	25	333	1960.092	1960.092
9264	25	333	1960.092	1960.092
9020	25	333	1960.092	1960.092
2482	25	333	1960.092	1960.092
3380	25	333	1960.092	1960.092
1442	25	333	1960.092	1960.092
2143	25	333	1960.092	1960.092
1776	25	1559	1960.0924	1960.0924
613	25	1559	1960.0924	1960.0924
364	25	1559	1960.0924	1960.0924
84	25	1559	1960.0924	1960.0924
3	25	1559	1960.0924	1960.0924
553	25	1559	1960.0924	1960.0924
641	25	1559	1960.0924	1960.0924
637	25	1559	1960.0924	1960.0924
2056	25	1559	1960.0924	1960.0924
13	25	1559	1960.0924	1960.0924
18660	15	1501	1960.0926	1960.0926
5927	7	488	1960.0927	1960.0927
11143	25	333	1960.0928	1960.0928
6102	25	333	1960.0928	1960.0928
8650	12	6601	1960.1001	1960.1001
484	25	333	1960.1007	1960.1007
36591	48	17950	1960.1009	1960.1009
2558	25	1559	1960.101	1960.101
862	25	1559	1960.1012	1960.1012
828	32	6778	1960.1015	1960.1015
6778	32	828	1960.1015	1960.1015
2985	25	1577	1960.1018	1960.1018
83	25	1559	1960.1018	1960.1018
16496	19	20418	1960.102	1994.0206
84	25	2483	1960.1021	1960.1021
1443	25	1577	1960.1024	1960.1024
440	25	1559	1960.1026	1960.1026
9020	25	1577	1960.1027	1960.1027
47	25	1559	1960.1028	1960.1028
414	25	1559	1960.1028	1960.1028
4339	12	12059	1960.1101	1960.1101
5745	12	12059	1960.1101	1960.1101
36803	12	12059	1960.1101	1960.1101
38618	19	34527	1960.1101	1977.0
11143	25	1577	1960.1107	1960.1107
9264	25	1577	1960.111	1960.111
6102	25	1577	1960.111	1960.111
2482	25	1577	1960.1111	1960.1111
7027	25	1577	1960.1114	1960.1114
484	25	1577	1960.1114	1960.1114
2143	25	1577	1960.1116	1960.1116
11441	25	1577	1960.1118	1960.1118
21332	15	20262	1960.1123	1960.1123
1442	25	1577	1960.1125	1960.1125
796	25	1559	1960.113	1960.113
796	25	611	1960.113	1960.113
25396	40	14266	1960.12	1982.0
3547	76	17810	1960.1203	1960.1203
42287	19	42288	1960.1207	1960.1207
42288	19	42287	1960.1207	1960.1207
13494	48	3912	1960.1216	1960.1216
3380	25	1577	1960.1219	1960.1219
29662	161	8373	1960.1219	1960.1219
11564	161	8373	1960.1219	1960.1219
5040	25	1559	1960.1222	1960.1222
235	25	1559	1960.1222	1960.1222
2714	25	1559	1960.1222	1960.1222
3174	25	1559	1960.1223	1960.1223
475	25	1559	1960.1227	1960.1227
5041	25	1559	1960.1229	1960.1229
7481	25	1559	1960.1229	1960.1229
32109	19	20522	1960.1229	1960.1229
20522	19	32109	1960.1229	1960.1229
1462	25	1559	1960.1229	1960.1229
113	25	1559	1960.123	1960.123
1736	25	1559	1960.123	1960.123
4010	25	1559	1960.123	1960.123
4581	71	856	1961.0	1961.0
6086	25	6087	1961.0	1961.0
8184	3	1123	1961.0	1961.0
10117	25	8031	1961.0	1961.0
2147	32	1461	1961.0	1961.0
16101	3	4248	1961.0	1961.0
17457	15	461	1961.0	1961.0
15592	3	8653	1961.0	1961.0
18078	21	641	1961.0	1961.0
7638	30	19538	1961.0	1961.0
7298	16	2980	1961.0	1961.0
22299	3	13540	1961.0	1961.0
6884	30	22001	1961.0	1961.0
3	84	7864	1961.0	1961.0
25807	15	2491	1961.0	1961.0
2578	30	27337	1961.0	1961.0
15587	3	2746	1961.0	1961.0
27138	3	10393	1961.0	1961.0
365	22	2386	1961.0	1961.0
4637	30	4906	1961.0	1961.0
36700	3	28795	1961.0	1961.0
1313	15	13097	1961.0	1961.0
31329	3	115	1961.0	1961.0
5115	3	115	1961.0	1961.0
30201	16	3982	1961.0	1961.0
20911	3	11768	1961.0	1961.0
10091	15	820	1961.0	1961.0
17237	15	451	1961.0	1961.0
25378	3	18961	1961.0	1961.0
38386	21	13	1961.0	1961.0
37317	16	2491	1961.0	1961.0
35345	40	7333	1961.0	1961.0
4570	30	6627	1961.0	1961.0
35690	3	1017	1961.0	1961.0
37465	3	115	1961.0	1961.0
34565	3	39725	1961.0	1961.0
16436	15	9443	1961.0	1961.0
244	32	9059	1961.0	1961.0
5346	15	17682	1961.0	1961.0
8761	32	4014	1961.0	1961.0
9861	3	1942	1961.0	1961.0
10855	15	1249	1961.0	1961.0
35224	3	5607	1961.0	1961.0
22138	3	18819	1961.0	1961.0
4977	15	792	1961.0	1961.0
9861	14	10308	1961.0	1961.0
39208	71	856	1961.0	1961.0
32250	3	115	1961.0	1961.0
37548	3	41463	1961.0	1961.0
7421	15	24526	1961.0	1961.0
28626	32	28513	1961.0	1961.0
4757	3	9343	1961.0	1961.0
26676	15	3982	1961.0	1961.0
24010	3	5980	1961.0	1961.0
19108	3	6631	1961.0	1961.0
337	30	21143	1961.0	1961.0
20675	3	408	1961.0	1961.0
41914	3	11947	1961.0	1961.0
12318	3	8937	1961.0	1961.0
1746	30	16016	1961.0	1961.0
32190	16	57	1961.0	1961.0
5924	15	3034	1961.0	1961.0
12263	15	22698	1961.0	1961.0
461	30	17457	1961.0	1961.0
12638	3	8048	1961.0	1961.0
19437	15	1487	1961.0	1961.0
12504	3	6449	1961.0	1961.0
26418	3	2025	1961.0	1961.0
7589	3	16913	1961.0	1961.0
30205	3	1682	1961.0	1961.0
14367	44	553	1961.0	1961.0
4131	30	21143	1961.0	1961.0
28889	15	9957	1961.0	1961.0
10509	25	897	1961.0	1961.0
4453	17	728	1961.0	1961.0
3123	15	36485	1961.0	1961.0
14793	17	728	1961.0	1961.0
12016	15	3034	1961.0	1961.0
28688	3	5038	1961.0	1961.0
11454	16	3982	1961.0	1961.0
29886	16	17682	1961.0	1961.0
2295	3	2296	1961.0	1961.0
16822	25	864	1961.0	1961.0
13477	3	15324	1961.0	1961.0
244	32	37728	1961.0	1961.0
11019	3	32068	1961.0	1961.0
12037	15	13097	1961.0	1961.0
26226	3	5391	1961.0	1961.0
34737	15	7487	1961.0	1961.0
40459	3	2078	1961.0	1961.0
29877	25	897	1961.0	1961.0
20947	3	5026	1961.0	1961.0
7956	16	1487	1961.0	1961.0
34737	16	7487	1961.0	1961.0
4571	15	3034	1961.0	1961.0
40459	3	23570	1961.0	1961.0
406	15	820	1961.0	1961.0
4325	32	1560	1961.0	1961.0
27337	15	2578	1961.0	1961.0
23434	3	939	1961.0	1961.0
23366	3	6944	1961.0	1961.0
1272	17	728	1961.0	1961.0
31635	25	3689	1961.0	1961.0
19274	3	19614	1961.0	1961.0
10522	16	4131	1961.0	1961.0
10522	15	8697	1961.0	1961.0
727	3	2260	1961.0	1961.0
6550	15	35189	1961.0	1961.0
19538	15	7638	1961.0	1961.0
19995	3	14123	1961.0	1961.0
20001	30	4159	1961.0	1961.0
4740	30	6627	1961.0	1961.0
4581	15	7429	1961.0	1961.0
7487	30	34737	1961.0	1961.0
10522	16	8697	1961.0	1961.0
15819	16	229	1961.0	1961.0
6303	3	2613	1961.0	1961.0
30285	16	2491	1961.0	1961.0
12087	3	36410	1961.0	1961.0
35056	15	57	1961.0	1961.0
22001	15	6884	1961.0	1961.0
2902	30	30201	1961.0	1961.0
196	15	13097	1961.0	1961.0
34984	3	408	1961.0	1961.0
1978	32	1639	1961.0	1961.0
3490	3	1983	1961.0	1961.0
31376	15	31851	1961.0	1961.0
4342	15	3034	1961.0	1961.0
6627	15	4570	1961.0	1961.0
6627	15	3034	1961.0	1961.0
6627	15	4740	1961.0	1961.0
10681	15	17460	1961.0	1961.0
18078	21	13	1961.0	1961.0
26418	46	8178	1961.0	1962.0
2595	123	12079	1961.0	1962.0
126	3	13540	1961.0	1962.0
17539	3	35256	1961.0	1962.0
12079	4	2595	1961.0	1962.0
20860	3	6462	1961.0	1962.0
6303	14	939	1961.0	1962.0
32862	3	10434	1961.0	1962.0
10440	3	5869	1961.0	1963.0
11019	14	462	1961.0	1963.0
17821	3	10434	1961.0	1963.0
23182	3	5607	1961.0	1963.0
30507	3	13969	1961.0	1963.0
6027	170	20177	1961.0	1963.0
32544	19	20075	1961.0	1963.0
28308	14	20988	1961.0	1964.0
42591	43	18304	1961.0	1964.0
7275	14	40836	1961.0	1964.0
7718	14	15549	1961.0	1965.0
32671	3	7041	1961.0	1965.0
21353	14	939	1961.0	1965.0
17880	3	42314	1961.0	1965.0
38884	14	18845	1961.0	1966.0
12025	18	455	1961.0	1967.0
36864	46	9603	1961.0	1967.0
3490	14	24901	1961.0	1967.0
22660	41	16805	1961.0	1968.0
32496	4	2092	1961.0	1968.0
11095	4	3570	1961.0	1969.0
31541	17	12707	1961.0	1969.0
19274	46	19698	1961.0	1969.0
14287	19	38235	1961.0	1972.0
1420	14	8084	1961.0	1972.0
15423	46	3699	1961.0	1972.0
30705	19	24867	1961.0	1974.0
24867	19	30705	1961.0	1974.0
23491	41	3069	1961.0	1974.0101
1761	33	8417	1961.0	1975.0
26226	18	1007	1961.0	1975.0
34380	4	12450	1961.0	1975.0
6122	41	302	1961.0	1976.0
26958	17	9081	1961.0	1981.0
34607	33	13	1961.0	1981.0925
9457	14	657	1961.0	1982.0
32496	4	107	1961.0	1983.0
32947	78	3369	1961.0	1984.0
8523	14	2403	1961.0	1987.0
33790	14	17491	1961.0	1989.0
7294	14	9001	1961.0	1989.0
28199	21	75	1961.0	1990.0
25968	18	61	1961.0	1990.0
5365	70	1728	1961.0	1991.0
1728	41	947	1961.0	1991.0
16298	14	9906	1961.0	1991.0
40373	76	3407	1961.0	1992.0
6687	25	804	1961.0	1993.0
6563	19	12926	1961.0	1995.0
12926	19	6563	1961.0	1995.0
24114	14	12741	1961.0	2001.0
2946	3	1942	1961.0101	1961.0101
4358	15	655	1961.0101	1961.0101
5023	15	5024	1961.0101	1961.0101
13483	15	13484	1961.0101	1961.0101
2337	16	1746	1961.0101	1961.0101
13972	4	13973	1961.0101	1961.0101
17711	16	1746	1961.0101	1961.0101
14113	4	4728	1961.0101	1961.0101
12083	134	5630	1961.0101	1961.0101
22438	4	11632	1961.0101	1961.0101
23160	40	11649	1961.0101	1961.0101
23997	15	655	1961.0101	1961.0101
6463	15	3493	1961.0101	1961.0101
25969	15	29388	1961.0101	1961.0101
12816	16	1746	1961.0101	1961.0101
20427	19	28164	1961.0101	1961.0101
11730	33	13	1961.0101	1961.0101
32817	15	11934	1961.0101	1961.0101
705	32	4104	1961.0101	1961.0101
28537	16	1504	1961.0101	1961.0101
17254	15	8277	1961.0101	1961.0101
34511	15	10284	1961.0101	1961.0101
4014	32	8761	1961.0101	1961.0101
29938	15	655	1961.0101	1961.0101
21562	15	14223	1961.0101	1961.0101
7384	25	3338	1961.0101	1961.0101
1461	32	2147	1961.0101	1961.0101
1560	32	4325	1961.0101	1961.0101
19313	15	5967	1961.0101	1961.0101
20081	15	4363	1961.0101	1961.0101
29114	4	1766	1961.0101	1961.0101
1961	4	1744	1961.0101	1961.0101
26777	16	1746	1961.0101	1961.0101
10522	16	337	1961.0101	1961.0101
24674	16	1746	1961.0101	1961.0101
13438	4	3108	1961.0101	1961.0101
5015	16	1746	1961.0101	1961.0101
19972	15	28438	1961.0101	1961.0101
1745	16	1746	1961.0101	1961.0101
2697	4	4728	1961.0101	1961.0101
9059	32	244	1961.0101	1961.0101
16016	15	1746	1961.0101	1961.0101
17662	4	260	1961.0101	1961.0101
18304	37	673	1961.0101	1961.0101
12047	16	1746	1961.0101	1961.0101
11925	16	1746	1961.0101	1961.0101
18116	4	23467	1961.0101	1961.0101
24130	4	178	1961.0101	1961.0101
19313	15	3348	1961.0101	1961.0101
34964	15	20665	1961.0101	1961.0101
3978	15	3577	1961.0101	1961.0101
37457	4	178	1961.0101	1961.0101
40627	16	1746	1961.0101	1961.0101
37641	4	178	1961.0101	1961.0101
22358	15	655	1961.0101	1961.0101
386	16	1746	1961.0101	1961.0101
8514	14	2365	1961.0101	1961.0101
8343	4	23865	1961.0101	1961.0101
10491	15	336	1961.0101	1961.0101
38397	4	5660	1961.0101	1961.0101
28164	19	20427	1961.0101	1961.0101
37082	4	1263	1961.0101	1961.0101
4126	16	1746	1961.0101	1961.0101
42340	4	25794	1961.0101	1961.0101
21349	4	8637	1961.0101	1961.0101
33720	15	1201	1961.0101	1961.0101
26072	16	1746	1961.0101	1961.0101
13289	3	8689	1961.0101	1961.0101
4104	32	705	1961.0101	1961.0101
32591	15	36206	1961.0101	1961.0101
12106	16	337	1961.0101	1961.0101
4123	71	34055	1961.0101	1961.0101
7384	16	1746	1961.0101	1961.0101
16070	3	3041	1961.0101	1961.0101
5020	4	9258	1961.0101	1961.0101
20846	40	11649	1961.0101	1961.0101
22921	16	1746	1961.0101	1961.0101
23614	15	2257	1961.0101	1961.0101
7872	15	19410	1961.0101	1961.0101
1639	32	1978	1961.0101	1961.0101
27557	16	1746	1961.0101	1961.0101
8375	4	4580	1961.0101	1961.0101
36134	4	1652	1961.0101	1961.0101
29950	16	1746	1961.0101	1961.0101
16016	16	1746	1961.0101	1961.0101
4288	16	1746	1961.0101	1961.0101
9378	4	8170	1961.0101	1961.0101
19976	15	36357	1961.0101	1961.0101
14141	16	1746	1961.0101	1961.0101
28513	32	28626	1961.0101	1961.0101
6065	15	8314	1961.0101	1961.0101
18190	4	12556	1961.0101	1961.0101
9408	15	655	1961.0101	1961.0101
41005	4	1068	1961.0101	1961.0101
27433	15	13120	1961.0101	1961.0101
37728	32	244	1961.0101	1961.0101
19720	15	16240	1961.0101	1961.0101
37104	4	1920	1961.0101	1961.0101
2544	4	1321	1961.0101	1962.0101
17919	4	17920	1961.0101	1962.0101
19538	4	260	1961.0101	1962.0101
21925	4	6470	1961.0101	1962.0101
26010	4	89	1961.0101	1962.0101
10921	4	634	1961.0101	1962.0101
20827	4	29504	1961.0101	1962.0101
9411	4	6477	1961.0101	1962.0101
18779	4	30352	1961.0101	1962.0101
32589	4	9113	1961.0101	1962.0101
1675	4	6044	1961.0101	1962.0101
6826	4	18659	1961.0101	1962.0101
4123	14	20161	1961.0101	1962.0101
36518	4	21266	1961.0101	1962.0101
37278	4	5875	1961.0101	1962.0101
14113	4	14650	1961.0101	1962.0101
27387	4	29221	1961.0101	1962.0101
32165	4	3425	1961.0101	1962.0101
21740	4	3836	1961.0101	1962.0101
615	4	1920	1961.0101	1962.0101
6173	4	5706	1961.0101	1962.0101
25446	4	3216	1961.0101	1962.0101
35837	4	11413	1961.0101	1962.0101
19552	4	9926	1961.0101	1962.0101
3594	4	13643	1961.0101	1962.0101
11507	4	552	1961.0101	1962.0101
34496	4	2372	1961.0101	1962.0101
18257	4	2133	1961.0101	1962.0101
26930	4	15	1961.0101	1962.0101
1281	4	1282	1961.0101	1962.0101
29743	4	3135	1961.0101	1962.0101
14647	4	41883	1961.0101	1962.0101
20674	4	38179	1961.0101	1962.0101
4159	4	178	1961.0101	1962.0101
19998	4	1374	1961.0101	1962.0101
21649	4	13142	1961.0101	1962.0101
18039	4	6033	1961.0101	1962.0101
23528	4	1042	1961.0101	1962.0101
23528	4	32128	1961.0101	1962.0101
358	4	17352	1961.0101	1962.0101
30630	4	1565	1961.0101	1962.0101
3293	4	13042	1961.0101	1962.0101
31770	4	3479	1961.0101	1962.0101
11340	4	8727	1961.0101	1962.0101
31574	4	899	1961.0101	1962.0101
22617	4	7344	1961.0101	1962.0101
7612	4	2545	1961.0101	1962.0101
7032	4	25307	1961.0101	1962.0101
32247	4	1374	1961.0101	1962.0101
26896	4	8727	1961.0101	1962.0101
12588	4	1374	1961.0101	1962.0101
29986	4	889	1961.0101	1962.0101
4883	4	260	1961.0101	1962.0101
30505	4	3746	1961.0101	1962.0101
18385	4	5706	1961.0101	1962.0101
30314	4	5192	1961.0101	1962.0101
8691	4	9297	1961.0101	1962.0101
10995	4	429	1961.0101	1962.0101
13682	4	8727	1961.0101	1962.0101
8375	4	4356	1961.0101	1962.0101
13022	4	17056	1961.0101	1962.0101
34958	4	21547	1961.0101	1962.0101
27933	4	6068	1961.0101	1962.0101
37104	4	429	1961.0101	1962.0101
23208	4	13958	1961.0101	1963.0101
27786	4	11594	1961.0101	1963.0101
27168	4	9555	1961.0101	1963.0101
36784	4	4531	1961.0101	1963.0101
26103	4	662	1961.0101	1963.0101
11364	4	1197	1961.0101	1963.0101
32730	4	7196	1961.0101	1963.0101
10465	4	6405	1961.0101	1963.0101
25233	4	3425	1961.0101	1963.0101
21757	4	23074	1961.0101	1963.0101
30970	4	17056	1961.0101	1963.0101
13664	4	6405	1961.0101	1963.0101
17894	4	32419	1961.0101	1963.0101
38399	4	260	1961.0101	1963.0101
10125	4	10466	1961.0101	1963.0101
3424	4	3425	1961.0101	1963.0101
40525	4	7993	1961.0101	1963.0101
37052	4	9429	1961.0101	1963.0101
39840	4	2733	1961.0101	1963.0101
14718	4	1920	1961.0101	1963.0101
37431	4	28367	1961.0101	1963.0101
13915	4	14490	1961.0101	1963.0101
8906	4	12426	1961.0101	1963.0101
20075	19	32544	1961.0101	1963.0101
2546	4	2547	1961.0101	1964.0101
5025	3	5026	1961.0101	1964.0101
24681	4	24682	1961.0101	1964.0101
21687	4	15584	1961.0101	1964.0101
29923	4	4753	1961.0101	1964.0101
36134	4	6172	1961.0101	1964.0101
19697	3	32458	1961.0101	1964.0101
38083	4	4753	1961.0101	1964.0101
19361	4	36437	1961.0101	1964.0101
13260	4	15584	1961.0101	1964.0101
14876	4	35053	1961.0101	1964.0101
17915	4	22216	1961.0101	1964.0101
39224	4	25849	1961.0101	1964.0101
26646	4	3596	1961.0101	1964.0101
32244	4	4056	1961.0101	1964.0101
40816	4	42326	1961.0101	1964.0101
21919	4	21920	1961.0101	1964.0101
21349	4	429	1961.0101	1964.0101
32612	4	6701	1961.0101	1964.0101
14257	4	6044	1961.0101	1964.0101
592	44	9529	1961.0101	1964.0709
20443	19	20444	1961.0101	1965.0101
4883	4	889	1961.0101	1965.0101
34417	4	15584	1961.0101	1965.0101
8377	4	9555	1961.0101	1965.0101
23292	4	662	1961.0101	1965.0101
373	4	9113	1961.0101	1965.0101
17115	4	25728	1961.0101	1965.0101
36808	4	12168	1961.0101	1965.0101
13646	4	10778	1961.0101	1965.0101
35655	4	429	1961.0101	1965.0101
20444	19	20443	1961.0101	1965.0101
21208	3	13805	1961.0101	1966.0101
2371	4	8289	1961.0101	1966.0101
17662	4	13958	1961.0101	1966.0101
31996	4	429	1961.0101	1966.0101
25418	4	889	1961.0101	1966.0101
14156	4	632	1961.0101	1967.0101
21910	4	8548	1961.0101	1967.0101
42010	4	13960	1961.0101	1967.0101
7248	19	33487	1961.0101	1967.0101
33487	19	7248	1961.0101	1967.0101
23653	19	13167	1961.0101	1968.0
8762	4	4108	1961.0101	1968.0101
13114	14	13115	1961.0101	1969.0101
38390	19	24258	1961.0101	1969.0101
24258	19	38390	1961.0101	1969.0101
20634	4	6296	1961.0101	1969.0101
34938	19	21950	1961.0101	1969.0101
24130	4	2443	1961.0101	1969.0101
12785	4	9096	1961.0101	1969.0101
39000	4	178	1961.0101	1969.0101
21950	19	34938	1961.0101	1969.0101
27412	4	27413	1961.0101	1970.0101
34027	4	1374	1961.0101	1970.0101
36138	14	37046	1961.0101	1970.0101
32543	4	429	1961.0101	1970.0101
37949	4	35521	1961.0101	1970.0101
28570	19	24169	1961.0101	1970.0101
19324	18	26094	1961.0101	1970.0101
24169	19	28570	1961.0101	1970.0101
27786	4	16337	1961.0101	1971.0101
40670	4	10515	1961.0101	1971.0101
38235	19	14287	1961.0101	1972.0
38392	4	374	1961.0101	1972.0101
6753	4	4441	1961.0101	1973.0101
9520	4	2094	1961.0101	1974.0101
18231	19	18232	1961.0101	1979.0101
18232	19	18231	1961.0101	1979.0101
14415	19	8883	1961.0101	1984.0101
8883	19	14415	1961.0101	1984.0101
9173	19	25807	1961.0101	1989.0101
25807	19	9173	1961.0101	1989.0101
15890	19	32103	1961.0101	1996.0101
32103	19	15890	1961.0101	1996.0101
1138	15	253	1961.0117	1961.0117
24392	41	30049	1961.012	1963.1122
17652	15	451	1961.0121	1961.0121
630	70	28196	1961.0121	1964.0113
12252	41	7045	1961.0121	1968.0229
9865	25	1559	1961.0202	1961.0202
1528	19	1529	1961.0202	1964.0101
1529	19	1528	1961.0202	1964.0101
10738	15	197	1961.0203	1961.0203
2429	25	1577	1961.0206	1961.0206
554	25	1559	1961.021	1961.021
11009	15	197	1961.0211	1961.0211
12813	41	718	1961.0307	1963.0724
39437	25	142	1961.0316	1961.0316
39437	15	1650	1961.0316	1961.0316
8538	15	13097	1961.0318	1961.0318
1728	41	1933	1961.0319	1961.0319
5489	62	26487	1961.0321	1965.0319
15206	15	451	1961.0328	1961.0328
1286	25	611	1961.0329	1961.0329
484	25	2483	1961.033	1961.033
484	25	611	1961.033	1961.033
5927	7	3	1961.0403	1961.0403
11642	15	1249	1961.0404	1961.0404
7629	25	1559	1961.0411	1961.0411
590	70	36937	1961.0411	1964.0225
10039	93	15274	1961.0421	1964.0801
5364	15	197	1961.0424	1961.0424
16822	12	1345	1961.0427	1961.0427
2385	25	1559	1961.0427	1961.0427
36075	15	451	1961.0428	1961.0428
1331	25	1559	1961.0518	1961.0518
326	25	1559	1961.0519	1961.0519
31690	19	5360	1961.0608	1961.0608
5360	19	31690	1961.0608	1961.0608
10911	4	9975	1961.061	1961.0826
42217	4	9975	1961.061	1968.0615
32937	15	820	1961.0615	1961.0615
11227	25	652	1961.0615	1961.0615
11025	25	1559	1961.0616	1961.0616
3123	15	336	1961.0617	1961.0617
10676	15	197	1961.0617	1961.0617
1089	15	197	1961.0617	1961.0617
2079	15	197	1961.0617	1961.0617
8041	15	336	1961.0617	1961.0617
3123	15	197	1961.0617	1961.0617
2749	15	336	1961.0617	1961.0617
1089	15	336	1961.0617	1961.0617
24573	15	336	1961.0617	1961.0617
10676	15	336	1961.0617	1961.0617
27104	15	197	1961.0617	1961.0617
10579	15	336	1961.0617	1961.0617
10579	15	197	1961.0617	1961.0617
11441	12	1345	1961.0619	1990.0802
642	25	1559	1961.0621	1961.0621
8538	15	13273	1961.0621	1961.0621
105	15	197	1961.0621	1961.0621
1661	25	1559	1961.0627	1961.0627
590	25	1559	1961.0628	1961.0628
1273	25	1559	1961.063	1961.063
7569	25	611	1961.0705	1961.0705
11441	25	14484	1961.072	1961.072
1808	15	197	1961.0722	1961.0722
5473	32	630	1961.0728	1961.0728
630	32	5473	1961.0728	1961.0728
13252	15	2257	1961.0731	1961.0731
516	25	1559	1961.0801	1961.0801
11132	41	1241	1961.0803	1971.0424
1286	25	7864	1961.0804	1961.0804
113	25	7864	1961.0807	1961.0807
2169	19	3036	1961.0809	1969.0
3036	19	2169	1961.0809	1969.0
1331	36	12384	1961.081	1961.081
3085	25	1559	1961.083	1961.083
2003	25	1559	1961.0901	1961.0901
944	25	611	1961.0906	1961.0906
22725	48	25218	1961.0911	1961.0911
32651	78	39424	1961.0911	1979.0
5629	134	5630	1961.0915	1961.0915
1809	25	611	1961.0918	1961.0918
13252	15	36040	1961.0923	1961.0923
613	25	7864	1961.0927	1961.0927
16822	25	333	1961.0927	1961.0927
25521	48	17950	1961.0929	1961.0929
814	25	7864	1961.093	1961.093
13167	19	23653	1961.093	1967.0101
2482	12	1345	1961.1001	1961.1001
23614	41	23009	1961.1001	1970.0401
2714	25	1577	1961.1003	1961.1003
1986	41	279	1961.1011	1965.0311
24266	41	279	1961.1011	1965.0311
883	41	279	1961.1011	1965.0311
39881	41	279	1961.1011	1965.0311
1844	41	279	1961.1011	1965.0311
13533	41	279	1961.1011	1965.0311
25799	41	279	1961.1011	1965.0311
6192	41	279	1961.1011	1965.0311
19110	41	279	1961.1011	1965.0311
23845	59	1423	1961.1016	1961.1016
23845	59	4880	1961.1016	2005.0905
3838	41	302	1961.1017	1965.1017
9973	41	302	1961.1017	1965.1017
38440	41	302	1961.1017	1965.1017
20170	41	302	1961.1017	1965.1017
26398	41	302	1961.1017	1965.1017
16801	41	302	1961.1017	1965.1017
22468	41	302	1961.1017	1965.1017
2520	32	16197	1961.1024	1961.1024
16197	32	2520	1961.1024	1961.1024
3854	25	333	1961.1027	1961.1027
860	25	333	1961.1027	1961.1027
26258	19	16988	1961.1029	1961.1029
16988	19	26258	1961.1029	1961.1029
1809	25	2483	1961.1031	1961.1031
10310	25	1559	1961.1107	1961.1107
5927	7	6246	1961.1107	1961.1107
484	25	1559	1961.1114	1961.1114
12083	40	5680	1961.1115	1961.1115
27234	40	34272	1961.1115	1961.1115
3067	19	3921	1961.1115	1974.0
17771	41	3698	1961.1218	1962.103
24429	25	4054	1961.122	1974.0213
2429	25	611	1961.1221	1961.1221
7584	41	2819	1961.1221	1963.0706
5368	19	25902	1961.1223	1961.1223
25902	19	5368	1961.1223	1961.1223
1636	41	3210	1961.123	1965.123
2730	15	2731	1962.0	1962.0
4067	16	3982	1962.0	1962.0
6461	3	6462	1962.0	1962.0
4122	17	728	1962.0	1962.0
4571	15	3034	1962.0	1962.0
10055	3	3234	1962.0	1962.0
11349	3	11350	1962.0	1962.0
5501	30	11879	1962.0	1962.0
12311	14	12312	1962.0	1962.0
12431	3	939	1962.0	1962.0
3225	16	14844	1962.0	1962.0
5015	25	897	1962.0	1962.0
16592	3	1341	1962.0	1962.0
3190	32	5179	1962.0	1962.0
22259	3	3307	1962.0	1962.0
22463	15	3982	1962.0	1962.0
10942	1	586	1962.0	1962.0
10942	12	7525	1962.0	1962.0
3158	71	5421	1962.0	1962.0
50	3	26837	1962.0	1962.0
27288	3	115	1962.0	1962.0
27587	3	6449	1962.0	1962.0
16850	3	115	1962.0	1962.0
12999	3	8250	1962.0	1962.0
13857	30	9057	1962.0	1962.0
4570	30	28464	1962.0	1962.0
15067	15	2851	1962.0	1962.0
461	30	17457	1962.0	1962.0
4345	21	364	1962.0	1962.0
1932	3	1894	1962.0	1962.0
8180	30	3816	1962.0	1962.0
33997	3	115	1962.0	1962.0
11971	16	1487	1962.0	1962.0
28519	15	10116	1962.0	1962.0
7487	30	20999	1962.0	1962.0
35727	3	115	1962.0	1962.0
24378	3	18132	1962.0	1962.0
16175	16	3982	1962.0	1962.0
35056	16	57	1962.0	1962.0
20931	3	36886	1962.0	1962.0
4342	15	3034	1962.0	1962.0
29599	3	1942	1962.0	1962.0
2902	30	23839	1962.0	1962.0
337	30	15975	1962.0	1962.0
4722	30	6084	1962.0	1962.0
33293	15	14568	1962.0	1962.0
30703	16	2491	1962.0	1962.0
32374	3	13893	1962.0	1962.0
4090	16	2491	1962.0	1962.0
30471	3	38582	1962.0	1962.0
22120	31	9249	1962.0	1962.0
24145	15	451	1962.0	1962.0
14517	16	524	1962.0	1962.0
17047	15	3034	1962.0	1962.0
31681	16	57	1962.0	1962.0
10221	32	3081	1962.0	1962.0
761	30	33677	1962.0	1962.0
18653	32	1172	1962.0	1962.0
2298	17	728	1962.0	1962.0
27587	14	32596	1962.0	1962.0
12816	15	33003	1962.0	1962.0
29877	15	23006	1962.0	1962.0
22184	3	115	1962.0	1962.0
7810	3	32068	1962.0	1962.0
23845	41	36844	1962.0	1962.0
41014	15	17682	1962.0	1962.0
5119	16	3982	1962.0	1962.0
34935	3	20974	1962.0	1962.0
22308	15	2491	1962.0	1962.0
12677	71	6274	1962.0	1962.0
4132	15	4859	1962.0	1962.0
16791	14	6282	1962.0	1962.0
9572	15	8314	1962.0	1962.0
7638	30	2638	1962.0	1962.0
5179	32	3190	1962.0	1962.0
14967	17	728	1962.0	1962.0
29691	16	1746	1962.0	1962.0
25821	21	13	1962.0	1962.0
21577	21	13	1962.0	1962.0
13857	127	9057	1962.0	1962.0
20145	71	25435	1962.0	1962.0
6084	15	4722	1962.0	1962.0
12143	3	1017	1962.0	1962.0
5632	15	24655	1962.0	1962.0
30571	15	12160	1962.0	1962.0
24630	3	11516	1962.0	1962.0
18493	15	1249	1962.0	1962.0
19774	3	21676	1962.0	1962.0
14479	31	4586	1962.0	1962.0
3123	15	30723	1962.0	1962.0
9637	16	1487	1962.0	1962.0
42183	32	15219	1962.0	1962.0
12016	15	3034	1962.0	1962.0
29089	3	42204	1962.0	1962.0
30834	15	13404	1962.0	1962.0
40205	3	28551	1962.0	1962.0
29188	3	1017	1962.0	1962.0
24966	16	17682	1962.0	1962.0
18653	32	6189	1962.0	1962.0
20082	3	32984	1962.0	1962.0
22593	41	3698	1962.0	1962.0
32762	14	472	1962.0	1962.0
24809	14	1942	1962.0	1962.0
26237	3	2078	1962.0	1962.0
2912	3	2763	1962.0	1962.0
4571	15	4740	1962.0	1962.0
3197	25	18615	1962.0	1962.0
33820	17	17843	1962.0	1962.0
29839	3	115	1962.0	1962.0
24238	3	24361	1962.0	1962.0
10942	66	586	1962.0	1962.0
19033	41	1954	1962.0	1962.0
19260	15	7218	1962.0	1962.0
17382	32	17381	1962.0	1962.0
4740	30	4571	1962.0	1962.0
281	30	20166	1962.0	1962.0
10522	16	7487	1962.0	1962.0
9057	64	13857	1962.0	1962.0
14764	3	115	1962.0	1962.0
30787	16	17682	1962.0	1962.0
26715	16	2491	1962.0	1962.0
24301	3	33925	1962.0	1962.0
16644	25	18615	1962.0	1962.0
32050	3	21676	1962.0	1962.0
1213	30	5481	1962.0	1962.0
5481	15	1213	1962.0	1962.0
19159	50	13671	1962.0	1962.0
1403	3	550	1962.0	1962.0
14517	15	524	1962.0	1962.0
18252	3	1017	1962.0	1962.0
23683	3	115	1962.0	1962.0
38931	3	1789	1962.0	1962.0
17457	15	461	1962.0	1962.0
42624	15	5777	1962.0	1962.0
935	15	336	1962.0	1962.0
7275	3	1017	1962.0	1962.0
24655	30	5632	1962.0	1962.0
17513	25	652	1962.0	1962.0
6627	15	3034	1962.0	1962.0
2036	14	16729	1962.0	1963.0
18271	3	756	1962.0	1963.0
126	3	1017	1962.0	1963.0
29367	14	39401	1962.0	1963.0
4754	4	4755	1962.0	1964.0
28211	4	4755	1962.0	1964.0
23460	4	6245	1962.0	1964.0
40962	19	34751	1962.0	1964.0
30248	4	4755	1962.0	1964.0
6818	3	6282	1962.0	1964.0
32414	3	33474	1962.0	1964.0
10963	14	11236	1962.0	1964.0
34751	19	40962	1962.0	1964.0
15592	46	13024	1962.0	1964.0
32637	4	4755	1962.0	1964.0
33122	3	5812	1962.0	1964.0
755	3	756	1962.0	1965.0
1365	41	1366	1962.0	1965.0
1309	14	9964	1962.0	1965.0
34972	46	8178	1962.0	1965.0
36414	41	1339	1962.0	1965.0
10012	3	11954	1962.0	1965.0
10433	14	10434	1962.0	1966.0
30205	46	1183	1962.0	1966.0
5172	14	11236	1962.0	1966.0
817	3	2840	1962.0	1966.0
37662	3	1942	1962.0	1966.0
26418	46	9603	1962.0	1967.0
3444	14	9817	1962.0	1967.0
13317	38	6806	1962.0	1967.0
17420	3	20974	1962.0	1967.0
42521	3	1123	1962.0	1967.0
10082	17	7885	1962.0	1968.0
5173	41	11033	1962.0	1969.0
33224	4	816	1962.0	1969.0
11150	14	16729	1962.0	1969.0
37848	4	6245	1962.0	1970.0
21976	14	29350	1962.0	1970.0
9480	41	947	1962.0	1970.0
31025	33	13	1962.0	1971.0
27600	14	939	1962.0	1972.0
34083	14	13379	1962.0	1972.0
22496	33	2056	1962.0	1975.0
33598	14	4264	1962.0	1975.0
32651	9	14270	1962.0	1976.0
8768	14	939	1962.0	1977.0
4544	17	28685	1962.0	1978.0
37336	14	472	1962.0	1979.0
34196	4	12769	1962.0	1982.0
25089	78	2965	1962.0	1984.0
24656	19	2194	1962.0	1990.1027
2194	19	24656	1962.0	1990.1027
19237	14	41494	1962.0	1995.0
6308	76	18573	1962.0	1999.0
5423	19	8596	1962.0	2010.0
30090	3	8861	1962.01	1962.01
4567	4	4568	1962.0101	1962.0101
5577	16	1504	1962.0101	1962.0101
7384	16	1746	1962.0101	1962.0101
11532	16	1746	1962.0101	1962.0101
13897	3	8689	1962.0101	1962.0101
14953	15	655	1962.0101	1962.0101
17381	32	17382	1962.0101	1962.0101
8514	15	8314	1962.0101	1962.0101
18775	4	18776	1962.0101	1962.0101
4879	15	20665	1962.0101	1962.0101
22438	4	11632	1962.0101	1962.0101
24608	16	1746	1962.0101	1962.0101
2325	15	7955	1962.0101	1962.0101
11879	15	5501	1962.0101	1962.0101
2337	16	1746	1962.0101	1962.0101
27807	15	655	1962.0101	1962.0101
12816	16	1746	1962.0101	1962.0101
31606	4	13958	1962.0101	1962.0101
11925	16	1746	1962.0101	1962.0101
19800	16	1746	1962.0101	1962.0101
613	22	9264	1962.0101	1962.0101
31600	4	3729	1962.0101	1962.0101
613	22	1383	1962.0101	1962.0101
24030	15	32064	1962.0101	1962.0101
4082	14	31257	1962.0101	1962.0101
33677	15	761	1962.0101	1962.0101
1961	4	1744	1962.0101	1962.0101
11469	15	24110	1962.0101	1962.0101
5852	15	21856	1962.0101	1962.0101
6189	32	18653	1962.0101	1962.0101
9264	22	613	1962.0101	1962.0101
4418	16	1746	1962.0101	1962.0101
31939	15	32064	1962.0101	1962.0101
24729	15	40135	1962.0101	1962.0101
32299	15	15428	1962.0101	1962.0101
14141	16	1746	1962.0101	1962.0101
24674	16	1746	1962.0101	1962.0101
22617	4	1220	1962.0101	1962.0101
4029	15	655	1962.0101	1962.0101
4126	16	1746	1962.0101	1962.0101
7872	15	19410	1962.0101	1962.0101
22921	16	1746	1962.0101	1962.0101
17435	15	655	1962.0101	1962.0101
20186	16	524	1962.0101	1962.0101
9427	4	15090	1962.0101	1962.0101
1172	32	18653	1962.0101	1962.0101
3081	32	10221	1962.0101	1962.0101
25969	15	6846	1962.0101	1962.0101
29743	4	260	1962.0101	1962.0101
4135	17	93	1962.0101	1962.0101
18714	15	41646	1962.0101	1962.0101
19705	4	376	1962.0101	1962.0101
16515	15	8277	1962.0101	1962.0101
20081	15	4363	1962.0101	1962.0101
26577	16	1746	1962.0101	1962.0101
22438	4	1866	1962.0101	1962.0101
32165	4	8148	1962.0101	1962.0101
41110	15	37020	1962.0101	1962.0101
8768	40	11649	1962.0101	1962.0101
40627	16	1746	1962.0101	1962.0101
8049	15	35189	1962.0101	1962.0101
32956	15	5967	1962.0101	1962.0101
386	16	1746	1962.0101	1962.0101
32956	15	21403	1962.0101	1962.0101
22617	4	2930	1962.0101	1962.0101
30136	4	6033	1962.0101	1962.0101
6650	16	503	1962.0101	1962.0101
1745	16	1746	1962.0101	1962.0101
34285	4	3562	1962.0101	1962.0101
32666	4	15366	1962.0101	1962.0101
42181	3	8689	1962.0101	1962.0101
6463	15	1201	1962.0101	1962.0101
17099	4	260	1962.0101	1962.0101
502	15	655	1962.0101	1962.0101
26777	16	1746	1962.0101	1962.0101
20166	15	281	1962.0101	1962.0101
6164	16	503	1962.0101	1962.0101
30505	4	11638	1962.0101	1962.0101
19421	15	3348	1962.0101	1962.0101
1383	22	613	1962.0101	1962.0101
14412	15	21856	1962.0101	1962.0101
22018	15	3493	1962.0101	1962.0101
23951	4	13899	1962.0101	1962.0101
15080	37	9120	1962.0101	1962.0101
22907	16	1746	1962.0101	1962.0101
4115	16	1746	1962.0101	1962.0101
26186	15	655	1962.0101	1962.0101
21389	4	9682	1962.0101	1962.0101
3816	15	8180	1962.0101	1962.0101
25882	3	42554	1962.0101	1962.0101
27557	16	1746	1962.0101	1962.0101
8579	4	10779	1962.0101	1962.0101
23197	16	1746	1962.0101	1962.0101
17784	15	2778	1962.0101	1962.0101
29950	16	1746	1962.0101	1962.0101
17711	16	1746	1962.0101	1962.0101
31504	15	21423	1962.0101	1962.0101
22746	15	6058	1962.0101	1962.0101
358	4	359	1962.0101	1963.0101
2544	4	2545	1962.0101	1963.0101
10921	4	7357	1962.0101	1963.0101
12200	4	429	1962.0101	1963.0101
20678	4	5591	1962.0101	1963.0101
22388	4	260	1962.0101	1963.0101
6173	4	2545	1962.0101	1963.0101
1196	4	1197	1962.0101	1963.0101
29986	4	3425	1962.0101	1963.0101
30618	19	30619	1962.0101	1963.0101
34496	4	7832	1962.0101	1963.0101
30619	19	30618	1962.0101	1963.0101
25446	4	499	1962.0101	1963.0101
37001	4	8426	1962.0101	1963.0101
33776	4	10987	1962.0101	1963.0101
31996	4	8289	1962.0101	1963.0101
13022	4	11287	1962.0101	1963.0101
27387	4	36090	1962.0101	1963.0101
8375	4	5191	1962.0101	1963.0101
21349	4	13958	1962.0101	1963.0101
10995	4	2547	1962.0101	1963.0101
15495	4	16023	1962.0101	1963.0101
37604	4	10705	1962.0101	1963.0101
35234	4	8305	1962.0101	1963.0101
2888	4	11287	1962.0101	1963.0101
35468	4	3425	1962.0101	1963.0101
19998	4	5706	1962.0101	1963.0101
35373	4	6172	1962.0101	1963.0101
22500	4	4202	1962.0101	1963.0101
14113	4	42021	1962.0101	1963.0101
42030	37	203	1962.0101	1963.0101
32165	4	10631	1962.0101	1963.0101
21925	4	41883	1962.0101	1963.0101
28009	4	12529	1962.0101	1963.0101
615	4	1374	1962.0101	1963.0101
26581	4	3108	1962.0101	1963.0101
41013	4	13261	1962.0101	1963.0101
38397	4	522	1962.0101	1963.0101
19673	4	7432	1962.0101	1963.0101
29699	4	20642	1962.0101	1963.0101
22784	4	15881	1962.0101	1963.0101
34076	4	9926	1962.0101	1963.0101
29091	4	24875	1962.0101	1963.0101
35695	4	2547	1962.0101	1963.0101
29091	4	35251	1962.0101	1963.0101
33635	4	30928	1962.0101	1963.0101
27933	4	10996	1962.0101	1963.0101
26674	4	32419	1962.0101	1963.0101
16255	4	13563	1962.0101	1963.0101
19014	4	5971	1962.0101	1963.0101
26010	4	5524	1962.0101	1963.0101
8579	4	9347	1962.0101	1964.0101
10174	4	376	1962.0101	1964.0101
10680	4	8588	1962.0101	1964.0101
10698	4	6068	1962.0101	1964.0101
7380	4	8310	1962.0101	1964.0101
14478	4	581	1962.0101	1964.0101
25882	3	16305	1962.0101	1964.0101
14225	4	18607	1962.0101	1964.0101
35588	4	6470	1962.0101	1964.0101
8343	4	13139	1962.0101	1964.0101
19552	4	15032	1962.0101	1964.0101
39985	4	12414	1962.0101	1964.0101
14146	4	36829	1962.0101	1964.0101
2855	4	9926	1962.0101	1964.0101
29577	4	37395	1962.0101	1964.0101
3594	4	3425	1962.0101	1964.0101
22848	4	2133	1962.0101	1964.0101
6823	4	30928	1962.0101	1964.0101
21740	4	9555	1962.0101	1964.0101
222	4	8382	1962.0101	1964.0101
2005	33	1132	1962.0101	1964.0101
20156	4	2547	1962.0101	1964.0101
12987	4	7432	1962.0101	1965.0101
27888	4	376	1962.0101	1965.0101
30556	4	23991	1962.0101	1965.0101
26812	4	4499	1962.0101	1965.0101
18257	4	8426	1962.0101	1965.0101
29743	4	1374	1962.0101	1965.0101
32610	3	22726	1962.0101	1965.0101
39930	19	41925	1962.0101	1965.0101
2960	19	4029	1962.0101	1965.0101
35695	4	429	1962.0101	1965.0101
42604	4	17352	1962.0101	1965.0101
41925	19	39930	1962.0101	1965.0101
36518	4	11793	1962.0101	1965.0101
1675	4	12244	1962.0101	1966.0101
25930	4	1040	1962.0101	1966.0101
32589	4	9469	1962.0101	1966.0101
36359	4	5575	1962.0101	1966.0101
12588	4	8310	1962.0101	1966.0101
32602	4	3135	1962.0101	1966.0101
8669	4	5134	1962.0101	1966.0101
25978	4	980	1962.0101	1966.0101
33317	3	10196	1962.0101	1966.0101
38392	4	260	1962.0101	1966.0101
1990	4	40792	1962.0101	1966.0101
15010	4	15011	1962.0101	1967.0101
3345	4	11658	1962.0101	1967.0101
27958	4	6455	1962.0101	1967.0101
27533	4	14119	1962.0101	1967.0101
26930	4	12529	1962.0101	1967.0101
18489	19	13576	1962.0101	1967.0101
6272	4	5971	1962.0101	1967.0101
16571	4	1652	1962.0101	1967.0101
13576	19	18489	1962.0101	1967.0101
32049	4	13958	1962.0101	1967.0101
18385	4	13268	1962.0101	1967.0101
13156	4	260	1962.0101	1967.0101
12003	4	260	1962.0101	1968.0101
17963	4	15785	1962.0101	1968.0101
40670	4	3889	1962.0101	1968.0101
37278	4	31997	1962.0101	1968.0101
16059	4	612	1962.0101	1968.0101
21649	4	42019	1962.0101	1969.0101
35837	4	1120	1962.0101	1969.0101
30396	4	5706	1962.0101	1969.0101
2381	4	429	1962.0101	1970.0101
27486	4	15805	1962.0101	1970.0101
40354	3	6661	1962.0101	1970.0101
26896	4	616	1962.0101	1970.0101
9011	4	10126	1962.0101	1970.0101
1996	19	21736	1962.0101	1971.0101
30314	4	14167	1962.0101	1971.0101
26884	4	14032	1962.0101	1971.0101
21736	19	1996	1962.0101	1971.0101
14667	4	2000	1962.0101	1972.0101
22712	4	14579	1962.0101	1973.0101
39046	4	8974	1962.0101	1973.0101
39000	4	2443	1962.0101	1974.0101
9187	4	178	1962.0101	1974.0101
31828	4	1374	1962.0101	1974.0101
12351	4	24519	1962.0101	1974.0101
35883	4	260	1962.0101	1975.0101
12454	4	8721	1962.0101	1977.0101
1745	43	15955	1962.0101	1978.0101
15955	43	1745	1962.0101	1978.0101
36381	19	19370	1962.0101	1978.0329
19370	19	36381	1962.0101	1978.0329
23528	4	24519	1962.0101	1980.0101
27232	4	948	1962.0101	1980.0101
31001	17	728	1962.0101	1991.0101
4135	17	95	1962.0101	2004.0
8596	19	5423	1962.0101	2010.0101
35973	37	18877	1962.0101	2013.0101
2114	15	197	1962.0106	1962.0106
17620	19	6641	1962.0106	1988.0327
6641	19	17620	1962.0106	1988.0327
814	25	1559	1962.0109	1962.0109
860	25	1577	1962.011	1962.011
12516	15	197	1962.0111	1962.0111
12994	41	1954	1962.0123	1962.0807
12774	25	652	1962.0125	1962.0125
16372	12	6601	1962.0201	1962.0201
18465	12	6601	1962.0201	1962.0201
37791	12	6601	1962.0201	1962.0201
15504	19	16820	1962.0214	1969.0
16820	19	15504	1962.0214	1969.0
1333	32	264	1962.0219	1962.0219
264	32	1333	1962.0219	1962.0219
33350	41	6751	1962.03	1962.03
2429	25	1559	1962.0302	1962.0302
2429	25	2483	1962.0302	1962.0302
10601	15	197	1962.0307	1962.0307
11223	15	197	1962.0307	1962.0307
16436	25	142	1962.0315	1962.0315
16822	25	1577	1962.0328	1962.0328
3	25	7864	1962.0329	1962.0329
4174	25	1577	1962.0402	1962.0402
1798	25	1559	1962.041	1962.041
17260	41	21204	1962.0414	1968.071
20011	25	1559	1962.0423	1962.0423
8607	32	26449	1962.0423	1962.0423
26449	32	8607	1962.0423	1962.0423
12973	15	14495	1962.0503	1962.0503
3	62	33489	1962.0511	1964.1206
33489	41	20369	1962.0511	1964.1206
27289	19	27686	1962.0514	1962.0514
27686	19	27289	1962.0514	1962.0514
1184	41	35055	1962.0516	1966.0108
14227	15	347	1962.0526	1962.0526
31481	15	5058	1962.0602	1962.0602
31667	32	128	1962.0602	1962.0602
128	32	31667	1962.0602	1962.0602
5927	7	47	1962.0613	1962.0613
2818	41	1954	1962.0615	1962.0615
630	32	928	1962.0625	1962.0625
928	32	630	1962.0625	1962.0625
1960	25	1559	1962.0628	1962.0628
1960	25	2483	1962.0628	1962.0628
13091	25	6421	1962.0629	1962.0629
3854	25	3855	1962.0706	1991.0628
4010	25	2483	1962.0725	1962.0725
223	25	1559	1962.0803	1962.0803
12994	41	21487	1962.0807	1970.121
21182	19	912	1962.0813	2006.1123
912	19	21182	1962.0813	2006.1123
35566	19	19914	1962.0814	1957.0818
586	25	14484	1962.0816	1962.0816
14484	34	11143	1962.0816	1962.0816
24532	84	10223	1962.0816	1970.0
10223	50	24532	1962.0816	1970.0
24584	15	197	1962.082	1962.082
28858	48	3912	1962.0823	1962.0823
6102	25	1559	1962.0831	1962.0831
6102	25	611	1962.0831	1962.0831
6102	25	2483	1962.0831	1962.0831
16745	41	11812	1962.09	1984.1
4029	19	2960	1962.0901	1965.04
128	32	14125	1962.0903	1962.0903
14125	32	128	1962.0903	1962.0903
796	70	33193	1962.0903	1968.0202
16822	25	2483	1962.091	1962.091
16822	25	611	1962.091	1962.091
11441	25	611	1962.0913	1962.0913
11441	25	1559	1962.0913	1962.0913
11441	25	2483	1962.0913	1962.0913
1383	25	333	1962.0918	1962.0918
5927	7	1247	1962.0918	1962.0918
3158	3	11307	1962.1	1966.03
586	25	333	1962.1008	1962.1008
2307	22	613	1962.1009	1962.1009
613	22	2307	1962.1009	1962.1009
12375	19	21245	1962.1009	1963.101
21245	19	12375	1962.1009	1963.101
586	25	1577	1962.1015	1962.1015
3662	19	22984	1962.1016	1970.0
2307	25	333	1962.1025	1962.1025
34511	41	3698	1962.1031	1967.1031
34057	112	10858	1962.11	1962.11
3854	25	1577	1962.1101	1962.1101
7570	25	1559	1962.1105	1962.1105
2307	25	1577	1962.1109	1962.1109
16822	25	1559	1962.1113	1962.1113
1383	25	1577	1962.1116	1962.1116
1809	25	1559	1962.1116	1962.1116
2364	15	336	1962.112	1962.112
2364	15	197	1962.112	1962.112
716	70	26522	1962.1123	1971.0723
1004	41	296	1962.1206	1963.0106
8299	41	296	1962.1206	1963.0107
23124	41	296	1962.1206	1966.0208
19886	41	296	1962.1206	1966.0208
4544	41	296	1962.1206	1967.0402
15180	41	296	1962.1206	1967.0402
8491	48	19442	1962.1208	1962.1208
4084	70	19771	1962.1211	1978.1106
13026	44	29919	1962.1225	1991.1227
450	15	451	1963.0	1963.0
2077	3	2078	1963.0	1963.0
2646	16	503	1963.0	1963.0
10195	3	10196	1963.0	1963.0
11796	15	4637	1963.0	1963.0
13869	3	115	1963.0	1963.0
17516	3	6449	1963.0	1963.0
18960	3	18961	1963.0	1963.0
3064	16	3065	1963.0	1963.0
17457	15	3034	1963.0	1963.0
17914	3	2296	1963.0	1963.0
12638	3	939	1963.0	1963.0
7366	15	820	1963.0	1963.0
28111	15	2913	1963.0	1963.0
21452	30	26154	1963.0	1963.0
5053	3	32262	1963.0	1963.0
20866	25	4798	1963.0	1963.0
33381	14	12312	1963.0	1963.0
17742	3	6944	1963.0	1963.0
18754	30	6081	1963.0	1963.0
26767	3	6961	1963.0	1963.0
18125	3	35124	1963.0	1963.0
17457	15	461	1963.0	1963.0
25378	3	9984	1963.0	1963.0
10117	25	3689	1963.0	1963.0
13981	226	13857	1963.0	1963.0
38857	33	10097	1963.0	1963.0
34057	112	10858	1963.0	1963.0
22544	16	57	1963.0	1963.0
17326	30	20112	1963.0	1963.0
2357	16	17682	1963.0	1963.0
3317	15	3129	1963.0	1963.0
1806	17	21302	1963.0	1963.0
22308	16	2491	1963.0	1963.0
34079	3	115	1963.0	1963.0
2902	30	24913	1963.0	1963.0
13436	3	1942	1963.0	1963.0
27215	16	1487	1963.0	1963.0
41359	17	6882	1963.0	1963.0
2317	71	856	1963.0	1963.0
13546	15	9626	1963.0	1963.0
33514	3	9693	1963.0	1963.0
20001	30	4159	1963.0	1963.0
41681	15	2778	1963.0	1963.0
15410	15	5296	1963.0	1963.0
25266	16	2491	1963.0	1963.0
25969	15	24526	1963.0	1963.0
16064	3	3971	1963.0	1963.0
16984	25	3760	1963.0	1963.0
337	30	37968	1963.0	1963.0
2646	15	503	1963.0	1963.0
15207	3	21676	1963.0	1963.0
1838	15	2491	1963.0	1963.0
24575	3	36301	1963.0	1963.0
12292	43	11192	1963.0	1963.0
1019	30	30248	1963.0	1963.0
8892	33	364	1963.0	1963.0
23781	18	17023	1963.0	1963.0
461	30	17457	1963.0	1963.0
21852	3	2746	1963.0	1963.0
16785	3	3498	1963.0	1963.0
19437	15	3982	1963.0	1963.0
4570	30	32014	1963.0	1963.0
7638	30	7637	1963.0	1963.0
12824	3	2581	1963.0	1963.0
4881	16	14844	1963.0	1963.0
13857	30	13981	1963.0	1963.0
27652	16	1487	1963.0	1963.0
20655	3	6449	1963.0	1963.0
4881	16	22928	1963.0	1963.0
24815	25	3689	1963.0	1963.0
30957	3	4516	1963.0	1963.0
38857	33	14180	1963.0	1963.0
12616	15	978	1963.0	1963.0
1313	15	36485	1963.0	1963.0
33224	15	5184	1963.0	1963.0
9628	3	34596	1963.0	1963.0
14793	14	15130	1963.0	1963.0
5546	3	19852	1963.0	1963.0
11629	15	20051	1963.0	1963.0
5833	3	550	1963.0	1963.0
542	15	8314	1963.0	1963.0
28688	3	5038	1963.0	1963.0
8146	3	1232	1963.0	1963.0
4637	30	11796	1963.0	1963.0
30581	25	142	1963.0	1963.0
9707	15	28839	1963.0	1963.0
30834	16	14844	1963.0	1963.0
1177	15	1090	1963.0	1963.0
4947	15	17682	1963.0	1963.0
25925	15	1772	1963.0	1963.0
954	3	13577	1963.0	1963.0
5346	16	17682	1963.0	1963.0
10098	3	37827	1963.0	1963.0
24809	14	5626	1963.0	1963.0
12017	32	4281	1963.0	1963.0
15253	3	23328	1963.0	1963.0
29006	3	8769	1963.0	1963.0
4571	15	3034	1963.0	1963.0
9589	14	24226	1963.0	1963.0
8662	25	14824	1963.0	1963.0
19180	16	3982	1963.0	1963.0
20182	15	22261	1963.0	1963.0
2357	15	57	1963.0	1963.0
19180	16	14844	1963.0	1963.0
36296	3	38032	1963.0	1963.0
35499	3	12129	1963.0	1963.0
4740	30	17457	1963.0	1963.0
1606	15	3726	1963.0	1963.0
17047	15	3034	1963.0	1963.0
17476	3	24004	1963.0	1963.0
17686	71	5555	1963.0	1963.0
36504	3	115	1963.0	1963.0
7487	30	20999	1963.0	1963.0
40258	15	39142	1963.0	1963.0
6511	71	10213	1963.0	1963.0
18893	15	2778	1963.0	1963.0
27900	3	1942	1963.0	1963.0
1403	3	550	1963.0	1963.0
36749	15	25034	1963.0	1963.0
5785	32	11437	1963.0	1963.0
42504	15	14980	1963.0	1963.0
3477	32	4281	1963.0	1963.0
6081	15	18754	1963.0	1963.0
39442	3	5026	1963.0	1963.0
3945	16	503	1963.0	1963.0
20265	3	550	1963.0	1963.0
26391	16	229	1963.0	1963.0
17457	15	4740	1963.0	1963.0
20213	32	1927	1963.0	1963.0
22171	33	2347	1963.0	1963.0
4342	15	3034	1963.0	1963.0
6627	15	3034	1963.0	1963.0
12616	33	203	1963.0	1964.0
13436	14	27364	1963.0	1964.0
41635	4	4755	1963.0	1964.0
15375	3	42525	1963.0	1964.0
6303	14	550	1963.0	1965.0
5053	18	6919	1963.0	1965.0
5554	3	418	1963.0	1965.0
21852	46	8178	1963.0	1965.0
4163	14	4164	1963.0	1965.0
17997	3	2171	1963.0	1965.0
42232	3	4315	1963.0	1965.0
36394	19	24159	1963.0	1965.0
3820	41	4626	1963.0	1965.0
23366	46	8178	1963.0	1965.0
31830	14	42400	1963.0	1965.0
15835	19	15836	1963.0	1966.0
36571	18	1339	1963.0	1966.0
16785	46	4793	1963.0	1967.0
30507	3	13969	1963.0	1967.0
8934	3	6449	1963.0	1967.0
33331	3	1017	1963.0	1967.0
39461	4	27326	1963.0	1967.0
6960	46	8178	1963.0	1968.0
8146	14	427	1963.0	1968.0
19783	9	26420	1963.0	1969.0
30004	46	19698	1963.0	1969.0
33855	19	18849	1963.0	1969.0
19274	18	1007	1963.0	1969.0
8745	33	7214	1963.0	1969.0
23952	4	3570	1963.0	1969.0
18849	19	33855	1963.0	1969.0
2	1	3	1963.0	1969.0
41447	46	9603	1963.0	1969.0
12087	46	4793	1963.0	1969.0
35972	170	6257	1963.0	1970.0
42232	3	5812	1963.0	1970.0
39631	19	31550	1963.0	1971.0
42125	4	7872	1963.0	1971.0
11529	3	2167	1963.0	1972.0
1010	14	12925	1963.0	1972.0
16243	3	550	1963.0	1972.0
35965	41	20831	1963.0	1976.0
36673	17	18015	1963.0	1978.0
12817	4	29830	1963.0	1978.0
32268	14	23548	1963.0	1979.0
1567	4	1568	1963.0	1982.0
2586	14	3307	1963.0	1984.0
10855	14	25893	1963.0	1984.0
29333	14	29633	1963.0	1988.0
17613	19	9151	1963.0	1988.0202
1961	4	1962	1963.0101	1963.0101
4418	16	1746	1963.0101	1963.0101
10125	4	5145	1963.0101	1963.0101
18077	15	7434	1963.0101	1963.0101
613	22	1777	1963.0101	1963.0101
16179	15	655	1963.0101	1963.0101
24643	15	6058	1963.0101	1963.0101
15063	16	1746	1963.0101	1963.0101
386	16	1746	1963.0101	1963.0101
16949	15	655	1963.0101	1963.0101
29896	15	3493	1963.0101	1963.0101
14699	16	1504	1963.0101	1963.0101
1996	16	503	1963.0101	1963.0101
5015	16	1746	1963.0101	1963.0101
31400	16	337	1963.0101	1963.0101
14141	16	1746	1963.0101	1963.0101
20885	15	8303	1963.0101	1963.0101
9779	32	9652	1963.0101	1963.0101
9665	15	37030	1963.0101	1963.0101
22921	16	1746	1963.0101	1963.0101
7666	16	1746	1963.0101	1963.0101
2337	15	1746	1963.0101	1963.0101
1745	16	1746	1963.0101	1963.0101
12056	15	5967	1963.0101	1963.0101
9411	4	1744	1963.0101	1963.0101
4126	16	1746	1963.0101	1963.0101
13374	15	12160	1963.0101	1963.0101
2337	16	1746	1963.0101	1963.0101
12816	16	1746	1963.0101	1963.0101
17711	16	1746	1963.0101	1963.0101
8051	15	6045	1963.0101	1963.0101
32532	15	3577	1963.0101	1963.0101
24761	71	6274	1963.0101	1963.0101
26761	16	1504	1963.0101	1963.0101
40627	16	1746	1963.0101	1963.0101
11437	32	5785	1963.0101	1963.0101
15874	4	13563	1963.0101	1963.0101
36007	15	24110	1963.0101	1963.0101
14315	16	503	1963.0101	1963.0101
12220	4	8989	1963.0101	1963.0101
28851	16	1746	1963.0101	1963.0101
32730	4	20064	1963.0101	1963.0101
14857	15	8744	1963.0101	1963.0101
31600	4	1130	1963.0101	1963.0101
9411	4	20387	1963.0101	1963.0101
39542	4	10779	1963.0101	1963.0101
5104	15	655	1963.0101	1963.0101
16002	15	8365	1963.0101	1963.0101
30248	15	4433	1963.0101	1963.0101
16511	16	1746	1963.0101	1963.0101
10262	16	1746	1963.0101	1963.0101
22500	4	15156	1963.0101	1963.0101
12056	15	3348	1963.0101	1963.0101
1504	30	5567	1963.0101	1963.0101
17746	15	6865	1963.0101	1963.0101
22438	4	1785	1963.0101	1963.0101
20112	15	17326	1963.0101	1963.0101
24674	16	1746	1963.0101	1963.0101
17137	16	1746	1963.0101	1963.0101
25796	15	6846	1963.0101	1963.0101
30934	15	35627	1963.0101	1963.0101
5567	15	1504	1963.0101	1963.0101
40956	16	337	1963.0101	1963.0101
22671	16	337	1963.0101	1963.0101
26024	4	32077	1963.0101	1963.0101
1777	22	613	1963.0101	1963.0101
27853	15	14223	1963.0101	1963.0101
4849	15	2913	1963.0101	1963.0101
6463	15	1201	1963.0101	1963.0101
16505	15	40135	1963.0101	1963.0101
21919	4	6068	1963.0101	1963.0101
12774	16	1746	1963.0101	1963.0101
10271	15	36357	1963.0101	1963.0101
18135	15	12160	1963.0101	1963.0101
4281	32	12017	1963.0101	1963.0101
4281	32	3477	1963.0101	1963.0101
10362	15	36958	1963.0101	1963.0101
14381	16	1746	1963.0101	1963.0101
7384	16	1746	1963.0101	1963.0101
29574	15	655	1963.0101	1963.0101
9652	32	9779	1963.0101	1963.0101
4358	15	22385	1963.0101	1963.0101
35626	15	655	1963.0101	1963.0101
14463	3	41391	1963.0101	1963.0101
2292	15	19410	1963.0101	1963.0101
13198	4	6827	1963.0101	1963.0101
34694	16	1746	1963.0101	1963.0101
3793	15	25594	1963.0101	1963.0101
4288	16	1746	1963.0101	1963.0101
2850	16	1504	1963.0101	1963.0101
24525	15	4363	1963.0101	1963.0101
10681	15	32064	1963.0101	1963.0101
22105	4	889	1963.0101	1963.0101
15368	15	655	1963.0101	1963.0101
3262	4	3263	1963.0101	1964.0101
6826	4	6827	1963.0101	1964.0101
8147	4	8148	1963.0101	1964.0101
14718	4	16936	1963.0101	1964.0101
19998	4	2372	1963.0101	1964.0101
31996	4	31997	1963.0101	1964.0101
22105	4	4056	1963.0101	1964.0101
15734	4	429	1963.0101	1964.0101
5393	4	5145	1963.0101	1964.0101
37604	4	37547	1963.0101	1964.0101
33964	4	9555	1963.0101	1964.0101
1196	4	429	1963.0101	1964.0101
34940	4	20505	1963.0101	1964.0101
18449	4	25977	1963.0101	1964.0101
17894	4	3622	1963.0101	1964.0101
8479	4	10779	1963.0101	1964.0101
31600	4	25817	1963.0101	1964.0101
39589	4	15769	1963.0101	1964.0101
22438	4	7344	1963.0101	1964.0101
12200	4	2547	1963.0101	1964.0101
31553	4	18607	1963.0101	1964.0101
21925	4	6470	1963.0101	1964.0101
19337	4	8310	1963.0101	1964.0101
27691	4	3263	1963.0101	1964.0101
30970	4	5145	1963.0101	1964.0101
34285	4	16300	1963.0101	1964.0101
3424	4	1652	1963.0101	1964.0101
19673	4	5875	1963.0101	1964.0101
21349	4	5145	1963.0101	1964.0101
36622	4	30620	1963.0101	1964.0101
34076	4	31660	1963.0101	1964.0101
33635	4	33501	1963.0101	1964.0101
27933	4	2372	1963.0101	1964.0101
13198	4	178	1963.0101	1964.0101
15038	4	8836	1963.0101	1964.0101
26010	4	12098	1963.0101	1964.0101
2544	4	1321	1963.0101	1964.0101
8268	123	23963	1963.0101	1964.1001
211	25	16870	1963.0101	1964.1231
358	4	5958	1963.0101	1965.0101
13661	3	1548	1963.0101	1965.0101
23687	4	23688	1963.0101	1965.0101
11049	4	14490	1963.0101	1965.0101
945	4	1267	1963.0101	1965.0101
10921	4	9785	1963.0101	1965.0101
19051	3	1548	1963.0101	1965.0101
36784	4	21308	1963.0101	1965.0101
19758	3	1548	1963.0101	1965.0101
22500	4	17558	1963.0101	1965.0101
10125	4	2372	1963.0101	1965.0101
633	4	10281	1963.0101	1965.0101
25305	3	1548	1963.0101	1965.0101
41672	4	7398	1963.0101	1965.0101
35234	4	1620	1963.0101	1965.0101
1961	4	1962	1963.0101	1965.0101
32730	4	370	1963.0101	1965.0101
10465	4	9113	1963.0101	1965.0101
7114	4	26288	1963.0101	1965.0101
6173	4	13958	1963.0101	1965.0101
29721	4	1676	1963.0101	1965.0101
23208	4	6405	1963.0101	1965.0101
13664	4	429	1963.0101	1965.0101
37417	4	8437	1963.0101	1965.0101
24159	19	36394	1963.0101	1965.0101
29986	4	1267	1963.0101	1965.0101
17919	4	5937	1963.0101	1965.0101
39631	3	22726	1963.0101	1965.0101
6573	4	616	1963.0101	1965.0101
27613	4	20954	1963.0101	1965.0101
28412	3	1548	1963.0101	1965.0101
5199	4	5200	1963.0101	1966.0101
10995	4	10996	1963.0101	1966.0101
4727	4	6252	1963.0101	1966.0101
2755	4	11043	1963.0101	1966.0101
25586	4	2949	1963.0101	1966.0101
746	4	8289	1963.0101	1966.0101
35373	4	10466	1963.0101	1966.0101
31606	4	6068	1963.0101	1966.0101
15780	4	1766	1963.0101	1966.0101
32876	4	13862	1963.0101	1966.0101
11702	19	24124	1963.0101	1966.0101
39542	4	12529	1963.0101	1966.0101
19705	4	10410	1963.0101	1966.0101
42000	4	889	1963.0101	1966.0101
15836	19	15835	1963.0101	1966.0101
24124	19	11702	1963.0101	1966.0101
27281	4	5706	1963.0101	1966.0101
8906	4	36973	1963.0101	1966.0101
557	4	558	1963.0101	1967.0101
7741	4	17558	1963.0101	1967.0101
27705	4	3015	1963.0101	1967.0101
467	4	1727	1963.0101	1967.0101
615	4	5706	1963.0101	1967.0101
34032	4	12931	1963.0101	1967.0101
35913	4	4807	1963.0101	1967.0101
11051	4	5706	1963.0101	1967.0101
30970	4	4056	1963.0101	1967.0101
38520	4	9555	1963.0101	1967.0101
39840	4	7207	1963.0101	1967.0101
7416	4	1920	1963.0101	1967.0101
27000	4	8581	1963.0101	1967.0101
13198	4	3671	1963.0101	1967.0101
6753	4	376	1963.0101	1968.0101
10162	3	31257	1963.0101	1968.0101
12134	14	4522	1963.0101	1968.0101
19706	4	429	1963.0101	1968.0101
17767	4	4125	1963.0101	1969.0101
5199	4	103	1963.0101	1969.0101
11364	4	6405	1963.0101	1970.0101
38938	4	8382	1963.0101	1970.0101
7032	4	3432	1963.0101	1970.0101
29723	4	7993	1963.0101	1970.0101
18440	4	980	1963.0101	1971.0101
34552	4	17507	1963.0101	1971.0101
1107	154	28630	1963.0101	1971.0101
28630	41	1092	1963.0101	1971.0101
27786	4	14025	1963.0101	1971.0101
10295	4	3389	1963.0101	1971.0101
31550	19	39631	1963.0101	1971.0101
3371	19	10268	1963.0101	1971.0101
10268	19	3371	1963.0101	1971.0101
40625	4	6405	1963.0101	1972.0101
5625	4	260	1963.0101	1972.0101
4081	4	14668	1963.0101	1973.0101
35019	4	3015	1963.0101	1973.0101
31916	19	26707	1963.0101	1973.0101
22108	19	39705	1963.0101	1973.0101
39705	19	22108	1963.0101	1973.0101
37893	4	10883	1963.0101	1973.0101
28957	4	4108	1963.0101	1974.0101
10627	4	260	1963.0101	1974.0101
12454	4	376	1963.0101	1974.0101
21716	4	2545	1963.0101	1975.0101
12494	19	12493	1963.0101	1975.0101
10933	4	3462	1963.0101	1976.0101
33776	4	14579	1963.0101	1976.0101
5099	19	5100	1963.0101	1977.0101
5100	19	5099	1963.0101	1977.0101
28691	4	260	1963.0101	1977.0101
19014	4	14490	1963.0101	1977.0101
25944	4	8721	1963.0101	1978.0101
39197	4	2074	1963.0101	1979.0101
27546	19	21933	1963.0101	1980.0101
8375	4	1620	1963.0101	1980.0101
21933	19	27546	1963.0101	1980.0101
24285	19	18380	1963.0101	1983.0101
18380	19	24285	1963.0101	1983.0101
10163	19	20999	1963.0101	1984.0101
20999	19	10163	1963.0101	1984.0101
29970	19	13482	1963.0101	1987.0101
13482	19	29970	1963.0101	1987.0101
9151	19	17613	1963.0101	1988.0202
19878	19	18538	1963.0101	2002.0101
8827	32	19156	1963.0101	2009.0101
19156	32	8827	1963.0101	2009.0101
12792	60	1570	1963.0101	2018.0
5259	21	73	1963.012	1990.0311
25373	21	73	1963.0122	1991.1224
6702	15	197	1963.013	1963.013
2860	33	8027	1963.02	1963.02
12614	41	19739	1963.0211	1965.122
12614	41	21487	1963.0211	1978.0526
4453	15	197	1963.0212	1963.0212
11844	15	197	1963.0216	1963.0216
7177	32	11969	1963.0222	1963.0222
11969	32	7177	1963.0222	1963.0222
17737	32	12359	1963.0228	1963.0228
12359	32	17737	1963.0228	1963.0228
3884	15	197	1963.0306	1963.0306
944	25	1559	1963.0306	1963.0306
9020	25	611	1963.0311	1963.0311
9020	25	2483	1963.0311	1963.0311
9020	25	1559	1963.0311	1963.0311
211	25	1559	1963.0315	1963.0315
2473	15	36040	1963.0316	1963.0316
32881	32	28335	1963.0328	1963.0328
12424	32	28335	1963.0328	1963.0328
28335	32	32881	1963.0328	1963.0328
28335	32	12424	1963.0328	1963.0328
8779	19	2459	1963.0403	1967.02
2459	19	8779	1963.0403	1967.02
27298	40	5504	1963.041	1963.041
12493	19	12494	1963.0413	1975.0403
24147	15	197	1963.0416	1963.0416
24575	15	820	1963.0416	1963.0416
9264	25	1559	1963.0424	1963.0424
12037	15	562	1963.0424	1963.0424
12037	15	1664	1963.0424	1963.0424
9264	25	611	1963.0424	1963.0424
8500	15	336	1963.0428	1963.0428
2806	15	197	1963.0428	1963.0428
8500	15	197	1963.0428	1963.0428
7027	25	611	1963.0502	1963.0502
1927	32	20213	1963.0503	1963.0503
128	32	7943	1963.0507	1963.0507
7943	32	128	1963.0507	1963.0507
9153	41	1954	1963.051	1978.1118
4849	15	7072	1963.0511	1963.0511
7027	25	1559	1963.0513	1963.0513
11441	25	333	1963.0514	1963.0514
586	25	14824	1963.0525	1963.0525
860	25	14824	1963.0525	1963.0525
1383	25	14824	1963.0525	1963.0525
2650	32	2540	1963.0529	1963.0529
2540	32	2650	1963.0529	1963.0529
5673	116	10324	1963.0606	1963.0606
37277	41	5418	1963.0621	1969.0226
26603	41	1160	1963.0621	1978.0806
235	70	37277	1963.0626	1969.0226
2423	123	19253	1963.0701	1964.0831
2482	25	611	1963.071	1963.071
1443	25	611	1963.071	1963.071
3380	25	611	1963.071	1963.071
2985	25	611	1963.071	1963.071
7142	38	1467	1963.0711	1965.0101
40438	48	35219	1963.0801	1963.0801
18538	19	19878	1963.0903	2002.1125
860	25	1559	1963.091	1963.091
860	25	611	1963.091	1963.091
2143	25	611	1963.091	1963.091
2985	25	1559	1963.0916	1963.0916
586	25	1559	1963.0926	1963.0926
586	25	611	1963.0926	1963.0926
11143	25	611	1963.0927	1963.0927
2307	25	2483	1963.0927	1963.0927
11143	25	1559	1963.0927	1963.0927
2307	25	611	1963.0927	1963.0927
2307	25	1559	1963.0927	1963.0927
8662	25	611	1963.0928	1963.0928
1383	25	1559	1963.0928	1963.0928
1383	25	611	1963.0928	1963.0928
1442	25	1559	1963.0928	1963.0928
1442	25	611	1963.0928	1963.0928
12461	19	16179	1963.093	1978.0118
16179	19	12461	1963.093	1978.0118
9216	46	4793	1963.1	1963.1
9216	14	4793	1963.1	1963.1
24706	41	6452	1963.1012	1966.0628
21245	40	5504	1963.1014	1963.1014
3367	15	197	1963.1015	1963.1015
22984	19	3662	1963.1016	1970.0101
19679	41	6775	1963.1019	1964.1016
11234	32	11164	1963.1022	1963.1022
11164	32	11234	1963.1022	1963.1022
32766	15	1772	1963.1023	1963.1023
27988	41	2604	1963.1025	1974.0106
15010	4	25112	1963.1026	1970.0829
26707	19	31916	1963.1026	1973.0101
7569	25	1559	1963.1028	1963.1028
28794	41	3443	1963.1101	1963.1217
8454	23	660	1963.1101	1965.1018
28770	52	34894	1963.1101	1983.0101
2143	25	1559	1963.1104	1963.1104
3380	25	1559	1963.1107	1963.1107
1443	25	1559	1963.1108	1963.1108
24391	41	5154	1963.1122	1969.012
13	70	24392	1963.1122	1969.012
24392	41	6709	1963.1122	1969.012
9675	41	33446	1963.1129	1967.063
8346	21	113	1963.1201	1963.1201
3	70	5778	1963.1204	1964.0722
17579	25	4054	1963.1205	1981.0507
23900	15	197	1963.1208	1963.1208
1777	25	864	1963.1212	1963.1212
26138	1	1777	1963.1212	1963.1212
1777	25	14824	1963.1213	1963.1213
23298	15	820	1963.1214	1963.1214
1777	25	333	1963.1216	1963.1216
16386	41	4466	1963.1217	1972.1227
1331	62	16386	1963.1217	1979.1026
33494	3	272	1964.0	1960.0
1411	3	1412	1964.0	1964.0
2754	30	2755	1964.0	1964.0
6633	16	1487	1964.0	1964.0
4623	15	1487	1964.0	1964.0
52	16	53	1964.0	1964.0
2912	3	2763	1964.0	1964.0
15178	15	2913	1964.0	1964.0
15216	3	15217	1964.0	1964.0
2727	3	15242	1964.0	1964.0
16944	3	886	1964.0	1964.0
18809	3	3498	1964.0	1964.0
16802	15	4359	1964.0	1964.0
7487	30	18094	1964.0	1964.0
4299	1	4299	1964.0	1964.0
1089	15	17795	1964.0	1964.0
24196	3	24197	1964.0	1964.0
3945	16	1487	1964.0	1964.0
13454	3	16889	1964.0	1964.0
26835	3	939	1964.0	1964.0
4571	15	3034	1964.0	1964.0
6650	16	503	1964.0	1964.0
27697	3	1942	1964.0	1964.0
19129	16	3982	1964.0	1964.0
29599	14	12782	1964.0	1964.0
17251	41	10775	1964.0	1964.0
23480	15	31805	1964.0	1964.0
24274	21	113	1964.0	1964.0
6273	71	5421	1964.0	1964.0
26577	15	17753	1964.0	1964.0
17047	15	3034	1964.0	1964.0
31213	3	5038	1964.0	1964.0
15781	15	1249	1964.0	1964.0
28308	14	11216	1964.0	1964.0
6627	15	3034	1964.0	1964.0
21452	30	14699	1964.0	1964.0
10503	16	2491	1964.0	1964.0
19322	3	16865	1964.0	1964.0
13546	15	9626	1964.0	1964.0
26821	15	24526	1964.0	1964.0
18108	71	856	1964.0	1964.0
36414	41	4374	1964.0	1964.0
30812	3	408	1964.0	1964.0
15253	3	5552	1964.0	1964.0
28227	15	36790	1964.0	1964.0
4740	30	6627	1964.0	1964.0
34598	16	3982	1964.0	1964.0
22544	16	3982	1964.0	1964.0
18310	32	2520	1964.0	1964.0
37849	3	115	1964.0	1964.0
26455	3	14123	1964.0	1964.0
25753	3	5038	1964.0	1964.0
38601	3	18639	1964.0	1964.0
23416	3	408	1964.0	1964.0
16274	3	408	1964.0	1964.0
4570	30	23952	1964.0	1964.0
20944	14	20988	1964.0	1964.0
2755	15	2754	1964.0	1964.0
34935	25	18350	1964.0	1964.0
39078	3	115	1964.0	1964.0
23098	14	1017	1964.0	1964.0
381	15	1664	1964.0	1964.0
6627	15	4740	1964.0	1964.0
30939	15	2578	1964.0	1964.0
22680	3	40040	1964.0	1964.0
401	15	451	1964.0	1964.0
25298	15	26104	1964.0	1964.0
14619	15	28243	1964.0	1964.0
17503	15	2731	1964.0	1964.0
27652	15	3982	1964.0	1964.0
25725	32	6480	1964.0	1964.0
5037	14	9906	1964.0	1964.0
4342	15	3034	1964.0	1964.0
23360	3	20974	1964.0	1964.0
21230	14	25113	1964.0	1964.0
11040	15	2750	1964.0	1964.0
32659	3	5038	1964.0	1964.0
41808	3	115	1964.0	1964.0
6480	32	25725	1964.0	1964.0
26676	16	1487	1964.0	1964.0
3526	44	3850	1964.0	1964.0
7591	3	2260	1964.0	1964.0
35474	16	57	1964.0	1964.0
3526	12	129	1964.0	1964.0
18611	15	655	1964.0	1964.0
23952	15	4570	1964.0	1964.0
26911	3	115	1964.0	1964.0
2249	3	5038	1964.0	1964.0
9658	30	41941	1964.0	1964.0
23952	15	5184	1964.0	1964.0
18714	15	10841	1964.0	1964.0
23298	15	1249	1964.0	1964.0
21332	17	95	1964.0	1964.0
3225	15	14844	1964.0	1964.0
9760	3	22523	1964.0	1964.0
36210	15	451	1964.0	1964.0
18108	3	1017	1964.0	1964.0
461	30	6627	1964.0	1964.0
34380	15	5690	1964.0	1964.0
5194	3	1942	1964.0	1964.0
34659	15	2913	1964.0	1964.0
5739	30	15781	1964.0	1964.0
8713	15	1772	1964.0	1964.0
4029	16	2491	1964.0	1964.0
32961	15	451	1964.0	1964.0
16244	76	17487	1964.0	1964.0
12016	15	3034	1964.0	1964.0
18374	15	792	1964.0	1964.0
17143	3	19691	1964.0	1964.0
9546	32	1818	1964.0	1964.0
24698	15	2913	1964.0	1964.0
22769	3	5844	1964.0	1964.0
7366	15	8314	1964.0	1964.0
29398	3	14123	1964.0	1964.0
18722	52	5630	1964.0	1964.0
7082	3	19956	1964.0	1964.0
20525	3	472	1964.0	1964.0
28334	3	15855	1964.0	1964.0
4947	16	17682	1964.0	1964.0
244	32	5411	1964.0	1964.0
18082	3	452	1964.0	1964.0
17635	3	12741	1964.0	1964.0
1089	15	13097	1964.0	1964.0
1089	15	41544	1964.0	1964.0
3197	15	8871	1964.0	1964.0
1089	15	6617	1964.0	1964.0
1089	15	3186	1964.0	1964.0
1089	15	2750	1964.0	1964.0
868	15	820	1964.0	1964.0
9855	15	5184	1964.0	1964.0
2578	30	30939	1964.0	1964.0
10666	3	33453	1964.0	1964.0
17266	15	524	1964.0	1964.0
33381	19	27697	1964.0	1964.0
3717	15	8314	1964.0	1964.0
24584	15	8314	1964.0	1964.0
38422	15	12358	1964.0	1964.0
2072	15	24655	1964.0	1964.0
20001	30	4159	1964.0	1964.0
41447	3	42408	1964.0	1964.0
10522	16	7487	1964.0	1964.0
52	15	53	1964.0	1964.0
15446	15	41646	1964.0	1964.0
4929	15	13273	1964.0	1964.0
35056	15	57	1964.0	1964.0
26715	16	2491	1964.0	1964.0
2962	17	728	1964.0	1964.0
2902	30	13797	1964.0	1964.0
23531	31	203	1964.0	1964.0
33027	15	19427	1964.0	1964.0
5175	15	14446	1964.0	1964.0
6038	32	12455	1964.0	1964.0
39977	3	35686	1964.0	1964.0
4299	12	1345	1964.0	1964.0
1664	30	381	1964.0	1964.0
28601	3	9490	1964.0	1964.0
18638	14	7044	1964.0	1964.0
18809	3	2543	1964.0	1964.0
22596	19	41913	1964.0	1964.0
25392	3	1942	1964.0	1964.0
15781	15	5739	1964.0	1964.0
24255	3	33671	1964.0	1964.0
24655	30	2072	1964.0	1964.0
1653	25	4798	1964.0	1964.0
21865	71	24320	1964.0	1964.0
6627	15	461	1964.0	1964.0
22177	3	1942	1964.0	1964.0
12079	4	2595	1964.0	1965.0
12079	14	2595	1964.0	1965.0
2595	123	12079	1964.0	1965.0
126	14	1412	1964.0	1965.0
23791	3	7276	1964.0	1965.0
13915	4	7993	1964.0	1965.0
3483	4	3484	1964.0	1966.0
18093	19	10898	1964.0	1966.0
6818	3	5038	1964.0	1966.0
35793	3	1548	1964.0	1966.0
40459	46	8178	1964.0	1966.0
31593	14	17857	1964.0	1966.0
10898	19	18093	1964.0	1966.0
10048	14	19765	1964.0	1966.0
7275	14	13570	1964.0	1966.0
30399	18	16805	1964.0	1966.0
14814	43	27524	1964.0	1967.0
22576	3	32170	1964.0	1967.0
24196	18	1007	1964.0	1967.0
17771	41	1092	1964.0	1967.0
42578	23	660	1964.0	1967.0
6597	19	6596	1964.0	1968.0
37081	46	3699	1964.0	1968.0
22878	3	6280	1964.0	1968.0
918	14	8844	1964.0	1969.0
33302	3	31282	1964.0	1969.0
33302	33	1833	1964.0	1969.0
16779	41	26438	1964.0	1969.0
29429	3	14587	1964.0	1970.0
75	70	7546	1964.0	1973.0
5025	19	28559	1964.0	1973.072
28559	19	5025	1964.0	1973.072
3748	70	18537	1964.0	1974.0
27697	19	33381	1964.0	1974.0
5477	14	3645	1964.0	1974.0
5147	4	782	1964.0	1974.0
22177	14	12782	1964.0	1974.0
21343	4	12450	1964.0	1979.0
2036	14	38433	1964.0	1980.0
4036	4	3955	1964.0	1980.0
35817	14	38433	1964.0	1980.0
32688	19	14050	1964.0	1981.0
14050	19	32688	1964.0	1981.0
34515	33	7919	1964.0	1981.0
73	62	3123	1964.0	1982.0
18818	19	7496	1964.0	1983.0101
21260	19	21259	1964.0	1985.0
25706	46	1183	1964.0	1988.0
31622	14	3863	1964.0	1989.0
7295	14	9001	1964.0	1989.0
2633	21	73	1964.0	1990.0
17143	46	28395	1964.0	1992.0
27360	14	16600	1964.0	1995.0
12638	18	2157	1964.0	1996.0
16721	35	16720	1964.0	2018.0701
8442	15	6865	1964.0101	1964.0101
5685	32	4913	1964.0101	1964.0101
10813	15	8314	1964.0101	1964.0101
4126	16	1746	1964.0101	1964.0101
16796	15	16797	1964.0101	1964.0101
13547	16	1746	1964.0101	1964.0101
4782	22	137	1964.0101	1964.0101
23693	19	22141	1964.0101	1964.0101
2698	16	1746	1964.0101	1964.0101
7872	15	19410	1964.0101	1964.0101
30513	4	30514	1964.0101	1964.0101
16511	16	1746	1964.0101	1964.0101
32999	15	655	1964.0101	1964.0101
17197	15	28397	1964.0101	1964.0101
6434	16	1746	1964.0101	1964.0101
29950	16	1746	1964.0101	1964.0101
35772	15	10687	1964.0101	1964.0101
25251	15	1201	1964.0101	1964.0101
32820	16	1746	1964.0101	1964.0101
28495	16	1746	1964.0101	1964.0101
22206	15	3348	1964.0101	1964.0101
33498	15	5058	1964.0101	1964.0101
10627	4	5145	1964.0101	1964.0101
38083	4	39349	1964.0101	1964.0101
36595	4	9469	1964.0101	1964.0101
10262	16	1746	1964.0101	1964.0101
5281	16	1746	1964.0101	1964.0101
27691	18	194	1964.0101	1964.0101
28508	16	1746	1964.0101	1964.0101
5015	16	1746	1964.0101	1964.0101
2371	4	5145	1964.0101	1964.0101
31458	15	22760	1964.0101	1964.0101
34488	4	33107	1964.0101	1964.0101
25979	3	5626	1964.0101	1964.0101
26577	16	1746	1964.0101	1964.0101
8479	4	468	1964.0101	1964.0101
20885	15	41408	1964.0101	1964.0101
986	15	9753	1964.0101	1964.0101
17741	15	655	1964.0101	1964.0101
26812	4	178	1964.0101	1964.0101
137	22	4782	1964.0101	1964.0101
12455	32	6038	1964.0101	1964.0101
30513	4	8170	1964.0101	1964.0101
11925	16	1746	1964.0101	1964.0101
683	4	36342	1964.0101	1964.0101
12239	3	11710	1964.0101	1964.0101
1818	32	9546	1964.0101	1964.0101
40627	16	1746	1964.0101	1964.0101
21398	15	12160	1964.0101	1964.0101
6084	15	29117	1964.0101	1964.0101
6084	15	6694	1964.0101	1964.0101
12200	4	429	1964.0101	1964.0101
24674	16	1746	1964.0101	1964.0101
20057	15	7523	1964.0101	1964.0101
386	16	1746	1964.0101	1964.0101
4913	32	5685	1964.0101	1964.0101
17137	16	1746	1964.0101	1964.0101
4418	16	1746	1964.0101	1964.0101
13664	4	260	1964.0101	1964.0101
1177	15	28448	1964.0101	1964.0101
15063	16	1746	1964.0101	1964.0101
222	4	33954	1964.0101	1964.0101
18879	16	503	1964.0101	1964.0101
22469	25	26983	1964.0101	1964.0101
5346	16	1504	1964.0101	1964.0101
1745	16	1746	1964.0101	1964.0101
24514	15	3493	1964.0101	1964.0101
28691	4	5145	1964.0101	1964.0101
14478	4	15710	1964.0101	1964.0101
21557	15	5967	1964.0101	1964.0101
21272	15	31140	1964.0101	1964.0101
12774	16	1746	1964.0101	1964.0101
14412	15	486	1964.0101	1964.0101
796	15	36357	1964.0101	1964.0101
20380	32	15798	1964.0101	1964.0101
5625	4	5145	1964.0101	1964.0101
8155	16	1504	1964.0101	1964.0101
22921	16	1746	1964.0101	1964.0101
14517	16	524	1964.0101	1964.0101
7384	16	1746	1964.0101	1964.0101
18932	3	6498	1964.0101	1964.0101
17711	16	1746	1964.0101	1964.0101
387	32	949	1964.0101	1964.0101
24525	15	4363	1964.0101	1964.0101
36963	16	1746	1964.0101	1964.0101
1861	3	136	1964.0101	1964.0101
27027	15	1772	1964.0101	1964.0101
15798	32	20380	1964.0101	1964.0101
7612	4	1057	1964.0101	1965.0101
13198	4	9584	1964.0101	1965.0101
15038	4	15039	1964.0101	1965.0101
1196	4	4056	1964.0101	1965.0101
15495	4	13307	1964.0101	1965.0101
24249	4	6934	1964.0101	1965.0101
26671	4	4056	1964.0101	1965.0101
9684	4	27729	1964.0101	1965.0101
14192	4	17152	1964.0101	1965.0101
21919	4	25580	1964.0101	1965.0101
14718	4	1652	1964.0101	1965.0101
35059	19	20992	1964.0101	1965.0101
21740	4	3135	1964.0101	1965.0101
7380	4	22713	1964.0101	1965.0101
16255	4	6271	1964.0101	1965.0101
19825	4	1920	1964.0101	1965.0101
15918	4	2480	1964.0101	1965.0101
32244	4	22667	1964.0101	1965.0101
10607	4	7227	1964.0101	1965.0101
11144	4	32729	1964.0101	1965.0101
7380	4	9297	1964.0101	1965.0101
10680	4	23383	1964.0101	1965.0101
2883	4	6405	1964.0101	1965.0101
27933	4	21694	1964.0101	1965.0101
7627	4	39762	1964.0101	1965.0101
13260	4	9113	1964.0101	1965.0101
15291	4	6405	1964.0101	1965.0101
22848	4	1727	1964.0101	1965.0101
2888	4	33928	1964.0101	1965.0101
21716	4	6068	1964.0101	1965.0101
19998	4	3135	1964.0101	1965.0101
1061	37	821	1964.0101	1965.0101
39224	4	39879	1964.0101	1965.0101
19337	4	1267	1964.0101	1965.0101
31553	4	32043	1964.0101	1965.0101
21925	4	2372	1964.0101	1965.0101
360	4	4056	1964.0101	1965.0101
3262	4	8836	1964.0101	1965.0101
16374	4	616	1964.0101	1965.0101
20992	19	35059	1964.0101	1965.0101
26646	4	1741	1964.0101	1965.0101
15734	4	13420	1964.0101	1965.0101
21349	4	5398	1964.0101	1965.0101
5874	4	5706	1964.0101	1965.0101
4123	14	8388	1964.0101	1965.0101
24249	4	4056	1964.0101	1965.0101
8147	4	429	1964.0101	1965.0101
8579	4	2471	1964.0101	1965.0101
25882	3	5177	1964.0101	1965.0101
15038	4	23976	1964.0101	1965.0101
15874	4	16705	1964.0101	1965.0101
29923	4	24211	1964.0101	1965.0101
22105	4	889	1964.0101	1965.0101
20156	4	15584	1964.0101	1965.0101
2544	4	9555	1964.0101	1965.0101
26476	4	13042	1964.0101	1966.0101
20002	4	7344	1964.0101	1966.0101
34294	4	4728	1964.0101	1966.0101
35588	4	1920	1964.0101	1966.0101
10174	4	20954	1964.0101	1966.0101
24808	4	3135	1964.0101	1966.0101
33634	4	2949	1964.0101	1966.0101
41854	3	1548	1964.0101	1966.0101
2855	4	1321	1964.0101	1966.0101
683	4	9038	1964.0101	1966.0101
35011	3	1548	1964.0101	1966.0101
11657	4	16267	1964.0101	1966.0101
17767	4	3541	1964.0101	1966.0101
30722	19	22246	1964.0101	1966.0101
40816	4	5398	1964.0101	1966.0101
14225	4	8289	1964.0101	1966.0101
1637	4	38658	1964.0101	1966.0101
22246	19	30722	1964.0101	1966.0101
34007	4	41742	1964.0101	1966.0101
26927	4	2471	1964.0101	1966.0101
22448	4	3216	1964.0101	1966.0101
3424	4	3425	1964.0101	1967.0101
26024	4	12362	1964.0101	1967.0101
21687	4	10126	1964.0101	1967.0101
12976	19	31559	1964.0101	1967.0101
27524	43	14814	1964.0101	1967.0101
5451	4	30022	1964.0101	1967.0101
31559	19	12976	1964.0101	1967.0101
2468	4	2138	1964.0101	1967.0101
10698	4	2545	1964.0101	1967.0101
4530	4	11413	1964.0101	1967.0101
31550	3	22726	1964.0101	1967.0101
36595	4	8325	1964.0101	1967.0101
12220	4	8475	1964.0101	1967.0101
26159	4	25977	1964.0101	1967.0101
2546	4	3135	1964.0101	1967.0101
25876	4	15584	1964.0101	1967.0101
36134	4	2503	1964.0101	1967.0101
29590	4	42563	1964.0101	1967.0101
15328	4	1766	1964.0101	1967.0101
6596	19	6597	1964.0101	1968.0101
19697	3	34241	1964.0101	1968.0101
19673	4	566	1964.0101	1968.0101
14261	4	28024	1964.0101	1968.0101
36622	4	6603	1964.0101	1968.0101
2667	4	1040	1964.0101	1968.0101
9537	4	260	1964.0101	1968.0101
33801	4	1945	1964.0101	1968.0101
39985	4	41794	1964.0101	1968.0101
5625	4	429	1964.0101	1969.0101
24066	4	8108	1964.0101	1969.0101
38397	4	8548	1964.0101	1969.0101
3594	4	1565	1964.0101	1969.0101
34496	4	13420	1964.0101	1969.0101
6823	4	8265	1964.0101	1969.0101
31311	4	29700	1964.0101	1969.0101
8403	4	29612	1964.0101	1969.0101
17915	4	4202	1964.0101	1970.0101
20909	4	8581	1964.0101	1970.0101
8704	4	13847	1964.0101	1970.0101
23448	4	321	1964.0101	1971.0101
4498	4	2094	1964.0101	1973.0101
25483	4	2334	1964.0101	1973.0101
12256	4	12362	1964.0101	1973.0101
23951	4	390	1964.0101	1973.0101
13687	4	4125	1964.0101	1974.0101
25944	4	376	1964.0101	1974.0101
35234	4	2000	1964.0101	1974.0101
12200	4	3135	1964.0101	1974.0101
33635	4	8265	1964.0101	1974.0101
23528	4	178	1964.0101	1976.0101
28989	4	948	1964.0101	1977.0101
7504	4	948	1964.0101	1979.0101
16336	4	2204	1964.0101	1981.0101
7496	19	18818	1964.0101	1983.0101
38019	19	22604	1964.0101	1985.0
21259	19	21260	1964.0101	1985.0101
22604	19	38019	1964.0101	1985.0101
4082	41	1092	1964.0101	1986.0101
9062	14	4522	1964.0101	1988.0101
26982	25	26983	1964.0101	1992.0101
30336	19	37910	1964.0101	2012.0101
37910	19	30336	1964.0101	2012.0101
41913	19	22596	1964.0101	2013.0
26601	19	2490	1964.0122	1972.0101
2490	19	26601	1964.0122	1972.0101
27763	19	39093	1964.0125	1964.0125
39093	19	27763	1964.0125	1964.0125
2543	161	8373	1964.0129	1964.0129
5199	4	1550	1964.0201	1970.0314
1777	25	1559	1964.0203	1964.0203
1777	25	2483	1964.0203	1964.0203
1777	25	611	1964.0203	1964.0203
630	70	40527	1964.0217	1967.1116
8921	15	197	1964.022	1964.022
8921	15	336	1964.022	1964.022
11223	15	197	1964.0227	1964.0227
21837	21	73	1964.0228	1991.1017
26676	19	13143	1964.0315	1974.0626
13143	19	26676	1964.0315	1974.0626
35035	48	3912	1964.0316	1964.0316
1331	25	2483	1964.0316	1964.0316
37521	25	142	1964.0319	1964.0319
37521	15	1650	1964.0319	1964.0319
10830	17	11261	1964.0401	1964.0401
590	70	36117	1964.0402	1970.0303
1777	25	1577	1964.0407	1964.0407
2482	25	1559	1964.041	1964.041
1089	15	1664	1964.0416	1964.0416
1089	15	197	1964.0416	1964.0416
5927	7	2647	1964.042	1964.042
819	15	197	1964.0425	1964.0425
31252	41	19739	1964.0503	1970.0616
33489	15	7851	1964.0507	1964.0507
1926	32	1927	1964.051	1964.051
1927	32	1926	1964.051	1964.051
5604	15	1772	1964.0526	1964.0526
1313	15	36816	1964.0527	1964.0527
420	15	336	1964.053	1964.053
949	32	387	1964.053	1964.053
420	15	197	1964.053	1964.053
9869	3	886	1964.06	1964.06
2647	25	1559	1964.0604	1964.0604
326	25	1577	1964.0608	1964.0608
553	70	17838	1964.0609	1966.0111
17838	41	7095	1964.0609	1966.0111
17035	112	18789	1964.0612	1964.0612
10421	15	451	1964.0612	1964.0612
14920	76	11639	1964.0616	1964.0616
22141	19	23693	1964.0627	1965.0525
23442	15	1772	1964.063	1964.063
1247	25	1559	1964.0702	1964.0702
4017	25	7465	1964.0703	1967.1115
1536	29	3526	1964.0704	1964.0704
3197	15	197	1964.0709	1964.0709
3	70	5778	1964.0722	1966.0223
6743	15	820	1964.073	1964.073
17287	3	2025	1964.08	1966.0
2473	15	197	1964.0821	1964.0821
2473	15	1664	1964.0821	1964.0821
2473	15	562	1964.0821	1964.0821
5911	93	33207	1964.0822	1972.0317
1464	76	6089	1964.0828	1964.0828
2423	123	31767	1964.0901	1966.0831
18310	32	16197	1964.0903	1964.0903
16197	32	18310	1964.0903	1964.0903
440	25	578	1964.091	1964.091
14983	48	3912	1964.0913	1964.0913
28053	15	197	1964.0917	1964.0917
8268	123	24963	1964.1003	1966.0907
73	70	8921	1964.1015	1980.1023
613	22	4782	1964.1024	1964.1024
4782	22	613	1964.1024	1964.1024
7943	32	12296	1964.1024	1964.1024
12296	32	7943	1964.1024	1964.1024
5644	15	820	1964.1029	1964.1029
5015	15	23930	1964.1029	1964.1029
26943	41	12784	1964.1102	1975.0325
3884	15	9626	1964.1105	1964.1105
4782	25	1577	1964.1109	1964.1109
33454	41	26639	1964.1109	1972.0707
16854	42	11836	1964.1112	2000.1007
11836	80	16854	1964.1112	2000.1007
4870	15	197	1964.1126	1964.1126
4782	25	333	1964.1201	1964.1201
4299	25	333	1964.1201	1964.1201
3999	15	197	1964.1209	1964.1209
27948	25	7667	1964.1212	1986.0115
4019	41	4020	1964.1228	1967.1021
3	62	10893	1964.1229	1971.1229
10893	41	20369	1964.1229	1971.1229
3981	16	3982	1965.0	1965.0
4088	30	4089	1965.0	1965.0
8682	16	57	1965.0	1965.0
9176	3	550	1965.0	1965.0
4570	30	5147	1965.0	1965.0
11704	16	2491	1965.0	1965.0
17821	3	310	1965.0	1965.0
10738	15	1825	1965.0	1965.0
2194	16	13404	1965.0	1965.0
3317	15	20051	1965.0	1965.0
4131	30	20656	1965.0	1965.0
14400	17	728	1965.0	1965.0
23952	15	3034	1965.0	1965.0
8940	32	24491	1965.0	1965.0
24515	3	27375	1965.0	1965.0
27510	3	14339	1965.0	1965.0
11998	16	1746	1965.0	1965.0
28560	3	21676	1965.0	1965.0
2256	15	1772	1965.0	1965.0
11107	3	32477	1965.0	1965.0
32637	4	5064	1965.0	1965.0
19192	15	1249	1965.0	1965.0
34030	3	28071	1965.0	1965.0
30902	3	550	1965.0	1965.0
14169	3	23388	1965.0	1965.0
3197	15	2700	1965.0	1965.0
461	30	17457	1965.0	1965.0
5147	15	4570	1965.0	1965.0
5147	15	5184	1965.0	1965.0
14491	3	6449	1965.0	1965.0
35938	3	7023	1965.0	1965.0
28381	3	550	1965.0	1965.0
2902	30	34790	1965.0	1965.0
30315	15	14980	1965.0	1965.0
12213	3	1123	1965.0	1965.0
16785	3	5177	1965.0	1965.0
9944	3	8261	1965.0	1965.0
22915	3	16744	1965.0	1965.0
3640	17	728	1965.0	1965.0
8761	32	1648	1965.0	1965.0
3262	18	194	1965.0	1965.0
16796	15	1650	1965.0	1965.0
28794	38	207	1965.0	1965.0
34865	15	1487	1965.0	1965.0
15179	15	11254	1965.0	1965.0
40037	15	1249	1965.0	1965.0
40204	16	229	1965.0	1965.0
19679	17	277	1965.0	1965.0
8500	15	8314	1965.0	1965.0
34202	15	5184	1965.0	1965.0
17457	15	461	1965.0	1965.0
14181	15	2731	1965.0	1965.0
19078	3	9506	1965.0	1965.0
41029	15	22261	1965.0	1965.0
9034	30	1177	1965.0	1965.0
15781	15	8314	1965.0	1965.0
948	60	1570	1965.0	1965.0
18812	15	792	1965.0	1965.0
12022	14	11216	1965.0	1965.0
8647	3	939	1965.0	1965.0
19108	3	3307	1965.0	1965.0
337	30	1505	1965.0	1965.0
22584	14	9931	1965.0	1965.0
2293	15	1825	1965.0	1965.0
16511	15	17753	1965.0	1965.0
15207	3	39826	1965.0	1965.0
23952	15	4740	1965.0	1965.0
4088	30	8207	1965.0	1965.0
10884	15	451	1965.0	1965.0
19791	15	1249	1965.0	1965.0
12638	3	939	1965.0	1965.0
1505	15	337	1965.0	1965.0
28812	32	32193	1965.0	1965.0
19437	15	3982	1965.0	1965.0
4881	15	14844	1965.0	1965.0
5739	30	3491	1965.0	1965.0
21149	3	1942	1965.0	1965.0
22299	3	550	1965.0	1965.0
1471	71	10213	1965.0	1965.0
38458	3	7005	1965.0	1965.0
2259	15	1664	1965.0	1965.0
6633	16	1487	1965.0	1965.0
31438	17	1037	1965.0	1965.0
32326	15	14389	1965.0	1965.0
41055	15	451	1965.0	1965.0
761	30	17728	1965.0	1965.0
542	15	869	1965.0	1965.0
19679	17	9460	1965.0	1965.0
33538	3	6241	1965.0	1965.0
27727	14	3232	1965.0	1965.0
29089	3	756	1965.0	1965.0
3491	15	5739	1965.0	1965.0
10195	3	10196	1965.0	1965.0
20082	3	4516	1965.0	1965.0
5346	16	1487	1965.0	1965.0
32762	15	39203	1965.0	1965.0
37103	3	2078	1965.0	1965.0
4947	16	17682	1965.0	1965.0
10024	15	14844	1965.0	1965.0
10223	15	22385	1965.0	1965.0
18910	30	986	1965.0	1965.0
9589	3	3002	1965.0	1965.0
27033	30	23125	1965.0	1965.0
26593	16	2491	1965.0	1965.0
17516	14	11216	1965.0	1965.0
19180	16	57	1965.0	1965.0
29371	3	6282	1965.0	1965.0
32101	15	3129	1965.0	1965.0
5563	15	2491	1965.0	1965.0
10853	32	26283	1965.0	1965.0
2909	3	2763	1965.0	1965.0
17047	15	3034	1965.0	1965.0
4740	30	23952	1965.0	1965.0
26998	15	57	1965.0	1965.0
19476	160	726	1965.0	1965.0
1213	30	30156	1965.0	1965.0
41681	15	2778	1965.0	1965.0
18280	3	34675	1965.0	1965.0
24157	15	451	1965.0	1965.0
9950	3	14956	1965.0	1965.0
29574	16	2491	1965.0	1965.0
16796	25	142	1965.0	1965.0
31593	3	1319	1965.0	1965.0
196	15	1825	1965.0	1965.0
35639	3	13570	1965.0	1965.0
17742	3	6944	1965.0	1965.0
1978	32	3817	1965.0	1965.0
19347	3	15629	1965.0	1965.0
8180	30	30978	1965.0	1965.0
159	3	3645	1965.0	1965.0
19843	3	19852	1965.0	1965.0
33953	25	18350	1965.0	1965.0
17457	15	3034	1965.0	1965.0
6627	15	3034	1965.0	1965.0
2473	38	368	1965.0	1965.0
8207	15	4088	1965.0	1965.0
4342	15	3034	1965.0	1965.0
13856	25	804	1965.0	1965.0
29555	3	17836	1965.0	1966.0
23791	3	36909	1965.0	1966.0
36111	3	31859	1965.0	1966.0
37570	3	9693	1965.0	1966.0
41635	4	5064	1965.0	1966.0
30248	4	5064	1965.0	1966.0
28211	4	5064	1965.0	1966.0
12827	14	35529	1965.0	1966.0
15949	3	17076	1965.0	1966.0
32332	4	42142	1965.0	1966.0
22035	135	5255	1965.0	1966.0
755	3	756	1965.0	1966.0
23327	3	23328	1965.0	1967.0
32460	19	1226	1965.0	1967.0
126	3	1017	1965.0	1967.0
8228	4	11043	1965.0	1967.0
40263	3	23103	1965.0	1967.0
31697	18	6919	1965.0	1967.0
32671	3	5328	1965.0	1967.0
9944	46	1183	1965.0	1967.0
17997	3	3041	1965.0	1967.0
30657	3	472	1965.0	1967.0
18053	41	302	1965.0	1967.0717
10666	46	13024	1965.0	1968.0
16476	4	782	1965.0	1968.0
12239	14	11710	1965.0	1968.0
19339	4	4753	1965.0	1968.0
37925	3	2403	1965.0	1968.0
12016	4	816	1965.0	1968.0
16371	38	6932	1965.0	1968.0
19902	17	17575	1965.0	1968.0
35639	46	8178	1965.0	1968.0
29777	4	32484	1965.0	1968.0
32976	3	4097	1965.0	1969.0
37282	4	37654	1965.0	1969.0
11864	4	33482	1965.0	1969.0
35405	3	6449	1965.0	1969.0
7938	3	427	1965.0	1969.0
3158	14	7151	1965.0	1969.0
7020	3	25472	1965.0	1970.0
22503	14	6724	1965.0	1970.0
12139	14	1319	1965.0	1970.0
40041	3	24614	1965.0	1970.0
29893	46	4793	1965.0	1971.0
4072	143	4073	1965.0	1971.0
1089	19	26849	1965.0	1971.0911
26849	19	1089	1965.0	1971.0911
28765	4	27326	1965.0	1972.0
22584	14	19236	1965.0	1972.0
25587	19	31464	1965.0	1973.0
31464	19	25587	1965.0	1973.0
27727	14	6469	1965.0	1975.0
19108	18	1007	1965.0	1976.0
8299	41	4912	1965.0	1977.0
4683	9	23337	1965.0	1977.0
5713	14	5714	1965.0	1980.0
3408	43	4963	1965.0	1980.0522
4963	43	3408	1965.0	1980.0522
33174	41	1339	1965.0	1981.0
25196	19	38560	1965.0	1983.0
1997	41	302	1965.0	1987.0
20191	19	417	1965.0	1992.0
2131	70	17752	1965.0	1993.0
32439	33	17246	1965.0	2013.0328
19368	17	11904	1965.0	2018.0
2641	32	2642	1965.0101	1965.0101
4782	22	2714	1965.0101	1965.0101
9134	16	1746	1965.0101	1965.0101
11383	19	11384	1965.0101	1965.0101
5015	16	1746	1965.0101	1965.0101
145	15	2851	1965.0101	1965.0101
17728	15	761	1965.0101	1965.0101
18332	15	6058	1965.0101	1965.0101
16255	4	11822	1965.0101	1965.0101
4089	15	4088	1965.0101	1965.0101
21524	3	16703	1965.0101	1965.0101
17179	15	2487	1965.0101	1965.0101
9401	15	26309	1965.0101	1965.0101
27294	30	324	1965.0101	1965.0101
28658	16	1746	1965.0101	1965.0101
26283	32	10853	1965.0101	1965.0101
14619	15	6846	1965.0101	1965.0101
32193	32	28812	1965.0101	1965.0101
24525	15	4363	1965.0101	1965.0101
26577	16	1746	1965.0101	1965.0101
2325	15	20113	1965.0101	1965.0101
22206	15	3348	1965.0101	1965.0101
7384	16	1746	1965.0101	1965.0101
29923	4	15769	1965.0101	1965.0101
24491	32	8940	1965.0101	1965.0101
12223	15	655	1965.0101	1965.0101
3817	32	1978	1965.0101	1965.0101
4163	40	2916	1965.0101	1965.0101
36787	16	1746	1965.0101	1965.0101
29688	15	37020	1965.0101	1965.0101
5582	16	1746	1965.0101	1965.0101
6365	15	7853	1965.0101	1965.0101
1745	16	1746	1965.0101	1965.0101
40258	4	4125	1965.0101	1965.0101
324	15	27294	1965.0101	1965.0101
19914	15	1504	1965.0101	1965.0101
15063	16	1746	1965.0101	1965.0101
986	15	28821	1965.0101	1965.0101
1648	32	8761	1965.0101	1965.0101
40627	16	1746	1965.0101	1965.0101
41110	15	6694	1965.0101	1965.0101
22921	16	1746	1965.0101	1965.0101
19421	15	1201	1965.0101	1965.0101
8276	16	1746	1965.0101	1965.0101
30934	15	22551	1965.0101	1965.0101
9427	4	13862	1965.0101	1965.0101
7142	38	5387	1965.0101	1965.0101
6365	15	14289	1965.0101	1965.0101
13824	16	1746	1965.0101	1965.0101
613	22	4299	1965.0101	1965.0101
16511	16	1746	1965.0101	1965.0101
1668	15	19410	1965.0101	1965.0101
30465	15	41990	1965.0101	1965.0101
28621	16	1504	1965.0101	1965.0101
2642	32	2641	1965.0101	1965.0101
1504	30	19914	1965.0101	1965.0101
15858	15	28397	1965.0101	1965.0101
41110	15	20665	1965.0101	1965.0101
32188	15	5834	1965.0101	1965.0101
3796	15	8277	1965.0101	1965.0101
30672	15	655	1965.0101	1965.0101
16105	16	1746	1965.0101	1965.0101
24674	16	1746	1965.0101	1965.0101
3262	4	16427	1965.0101	1965.0101
17137	16	1746	1965.0101	1965.0101
24542	15	40135	1965.0101	1965.0101
17115	4	25728	1965.0101	1965.0101
28314	15	30473	1965.0101	1965.0101
23125	15	27033	1965.0101	1965.0101
20656	16	337	1965.0101	1965.0101
4418	16	1746	1965.0101	1965.0101
222	4	16023	1965.0101	1965.0101
25400	16	524	1965.0101	1965.0101
12976	14	12782	1965.0101	1965.0101
26777	16	1746	1965.0101	1965.0101
12976	15	451	1965.0101	1965.0101
14475	15	655	1965.0101	1965.0101
4126	16	1746	1965.0101	1965.0101
7983	16	337	1965.0101	1965.0101
21557	15	1922	1965.0101	1965.0101
34894	15	8303	1965.0101	1965.0101
12774	16	1746	1965.0101	1965.0101
17266	16	524	1965.0101	1965.0101
19421	15	5967	1965.0101	1965.0101
26738	4	32370	1965.0101	1965.0101
5005	15	451	1965.0101	1965.0101
986	15	18910	1965.0101	1965.0101
20380	32	3783	1965.0101	1965.0101
3783	32	20380	1965.0101	1965.0101
11704	15	655	1965.0101	1965.0101
42519	16	1746	1965.0101	1965.0101
4354	4	6405	1965.0101	1965.0101
11384	19	11383	1965.0101	1965.0101
20583	15	655	1965.0101	1965.0101
30978	15	8180	1965.0101	1965.0101
33027	15	5834	1965.0101	1965.0101
40204	16	1504	1965.0101	1965.0101
17711	16	1746	1965.0101	1965.0101
23197	16	1746	1965.0101	1965.0101
4299	22	613	1965.0101	1965.0101
5849	15	42540	1965.0101	1965.0101
14624	15	12160	1965.0101	1965.0101
29950	16	1746	1965.0101	1965.0101
29114	4	370	1965.0101	1965.0101
2714	22	4782	1965.0101	1965.0101
2719	3	3041	1965.0101	1965.0101
633	4	634	1965.0101	1966.0101
8528	4	4077	1965.0101	1966.0101
10607	4	10608	1965.0101	1966.0101
21919	4	25728	1965.0101	1966.0101
18899	4	25398	1965.0101	1966.0101
32730	4	1510	1965.0101	1966.0101
22500	4	7624	1965.0101	1966.0101
2544	4	889	1965.0101	1966.0101
18449	4	34886	1965.0101	1966.0101
19825	4	19826	1965.0101	1966.0101
4883	4	5706	1965.0101	1966.0101
12987	4	10513	1965.0101	1966.0101
32244	4	36339	1965.0101	1966.0101
29114	4	4796	1965.0101	1966.0101
4354	4	3425	1965.0101	1966.0101
27933	4	22972	1965.0101	1966.0101
15976	4	616	1965.0101	1966.0101
15291	4	2547	1965.0101	1966.0101
21716	4	9297	1965.0101	1966.0101
13260	4	15584	1965.0101	1966.0101
1196	4	1920	1965.0101	1966.0101
22848	4	1952	1965.0101	1966.0101
14997	4	41859	1965.0101	1966.0101
19998	4	36973	1965.0101	1966.0101
10992	4	45	1965.0101	1966.0101
23208	4	889	1965.0101	1966.0101
2883	4	8727	1965.0101	1966.0101
11623	4	2334	1965.0101	1966.0101
4567	4	11157	1965.0101	1966.0101
10125	4	1374	1965.0101	1966.0101
14478	4	6257	1965.0101	1966.0101
35050	4	8078	1965.0101	1966.0101
21349	4	13958	1965.0101	1966.0101
26671	4	6068	1965.0101	1966.0101
8147	4	10126	1965.0101	1966.0101
35695	4	10996	1965.0101	1966.0101
42604	4	25269	1965.0101	1966.0101
26904	4	9740	1965.0101	1966.0101
4238	4	10996	1965.0101	1966.0101
1743	4	1744	1965.0101	1967.0101
29743	4	14579	1965.0101	1967.0101
28029	4	2423	1965.0101	1967.0101
20156	4	7432	1965.0101	1967.0101
30771	4	12529	1965.0101	1967.0101
945	4	2545	1965.0101	1967.0101
6573	4	889	1965.0101	1967.0101
30556	4	22130	1965.0101	1967.0101
8579	4	100	1965.0101	1967.0101
10465	4	1197	1965.0101	1967.0101
37749	4	20403	1965.0101	1967.0101
40169	3	1548	1965.0101	1967.0101
21740	4	1267	1965.0101	1967.0101
24223	4	6436	1965.0101	1967.0101
37604	4	17352	1965.0101	1967.0101
4658	3	1548	1965.0101	1967.0101
34897	3	1548	1965.0101	1967.0101
6826	4	11927	1965.0101	1967.0101
373	4	374	1965.0101	1967.0101
39224	4	38939	1965.0101	1967.0101
29721	4	3562	1965.0101	1967.0101
17115	4	11376	1965.0101	1967.0101
41672	4	9682	1965.0101	1967.0101
30109	4	18194	1965.0101	1967.0101
15734	4	9926	1965.0101	1967.0101
5874	4	1652	1965.0101	1967.0101
27888	4	15805	1965.0101	1967.0101
40545	4	28629	1965.0101	1967.0101
35851	4	17601	1965.0101	1967.0101
2134	4	5290	1965.0101	1967.0101
14192	4	8475	1965.0101	1967.0101
12921	25	5631	1965.0101	1968.0101
19337	4	14579	1965.0101	1968.0101
8377	4	4056	1965.0101	1968.0101
24249	4	4056	1965.0101	1968.0101
25247	4	8325	1965.0101	1968.0101
6173	4	5398	1965.0101	1968.0101
360	4	1197	1965.0101	1968.0101
11088	19	35783	1965.0101	1968.0101
16374	4	12426	1965.0101	1968.0101
29986	4	25339	1965.0101	1968.0101
3727	4	429	1965.0101	1968.0101
24249	4	6934	1965.0101	1968.0101
35783	19	11088	1965.0101	1968.0101
15038	4	22164	1965.0101	1968.0101
18817	4	1374	1965.0101	1968.0101
28464	4	782	1965.0101	1968.0101
21925	4	429	1965.0101	1969.0101
15918	4	2480	1965.0101	1969.0101
36784	4	20064	1965.0101	1969.0101
19538	4	9555	1965.0101	1969.0101
16346	4	25977	1965.0101	1969.0101
14667	4	5118	1965.0101	1970.0101
13687	4	9027	1965.0101	1970.0101
28112	43	8207	1965.0101	1970.0101
25637	4	4094	1965.0101	1970.0101
34488	4	4094	1965.0101	1971.0101
26812	4	2443	1965.0101	1971.0101
23648	4	3889	1965.0101	1971.0101
8343	4	3432	1965.0101	1972.0101
27613	4	13055	1965.0101	1972.0101
32211	4	6455	1965.0101	1972.0101
5393	4	260	1965.0101	1973.0101
9684	4	10883	1965.0101	1973.0101
22105	4	5706	1965.0101	1974.0101
33776	4	260	1965.0101	1974.0101
15709	4	15710	1965.0101	1975.0101
36047	4	9258	1965.0101	1975.0101
35019	4	376	1965.0101	1975.0101
15709	4	24811	1965.0101	1975.0101
23687	4	14982	1965.0101	1975.0101
3935	4	18344	1965.0101	1977.0101
28989	4	376	1965.0101	1977.0101
19889	4	3432	1965.0101	1977.0101
26895	4	15326	1965.0101	1977.0101
3014	4	3015	1965.0101	1979.0101
18644	4	10410	1965.0101	1980.0101
32260	4	28250	1965.0101	1980.0101
21490	19	22850	1965.0101	1981.0101
22850	19	21490	1965.0101	1981.0101
38560	19	25196	1965.0101	1983.0101
1674	41	4912	1965.0101	1983.0101
4123	41	302	1965.0101	1988.0101
417	19	20191	1965.0101	1992.0101
19758	41	4912	1965.0101	2001.0101
9211	19	9212	1965.0101	2009.0101
9212	19	9211	1965.0101	2009.0101
10380	25	864	1965.0101	2013.1001
18276	19	30071	1965.0108	1965.0108
30071	19	18276	1965.0108	1965.0108
15455	19	15456	1965.0118	1975.0705
15456	19	15455	1965.0118	1975.0705
6369	21	2176	1965.0129	1992.1231
1226	19	32460	1965.013	1967.0
1088	32	2103	1965.0208	1965.0208
4299	25	1577	1965.021	1965.021
613	22	10380	1965.0218	1965.0218
10380	22	613	1965.0218	1965.0218
2404	15	562	1965.0218	1965.0218
2404	15	1664	1965.0218	1965.0218
2413	15	197	1965.0301	1965.0301
6743	15	1249	1965.031	1965.031
7699	15	197	1965.031	1965.031
21637	41	279	1965.031	1965.0311
1286	25	1577	1965.0311	1972.1231
1528	19	11993	1965.0315	1980.1105
11993	19	1528	1965.0315	1980.1106
1904	15	20946	1965.0319	1965.0319
19886	41	947	1965.0319	1989.0324
2962	15	820	1965.033	1965.033
14227	38	368	1965.0331	1965.0331
28949	19	9976	1965.04	1971.0
15602	44	15603	1965.0401	1965.0401
16601	32	2362	1965.0401	1965.0401
2362	32	16601	1965.0401	1965.0401
119	44	6793	1965.0401	1965.0401
24284	25	18970	1965.0401	1970.0801
9976	19	28949	1965.0401	1971.0101
681	19	16790	1965.0412	1980.1105
16790	19	681	1965.0412	1980.1105
16344	19	25798	1965.0412	2003.0101
25798	19	16344	1965.0412	2003.0101
34960	41	279	1965.0421	1969.0521
13533	41	279	1965.0421	1969.0521
1986	41	279	1965.0421	1969.0521
39881	41	279	1965.0421	1969.0521
1844	41	279	1965.0421	1969.0521
21637	41	279	1965.0421	1969.0521
24266	41	279	1965.0421	1969.0521
25799	41	279	1965.0421	1969.0521
37649	41	279	1965.0421	1969.0521
28017	41	279	1965.0421	1969.0521
6192	41	279	1965.0421	1969.0521
16634	41	279	1965.0421	1969.0521
19110	41	279	1965.0421	1969.0521
883	41	279	1965.0421	1969.0521
9616	32	10604	1965.0423	1965.0423
4302	15	1664	1965.0507	1965.0507
4302	15	197	1965.0507	1965.0507
4302	15	562	1965.0507	1965.0507
8538	15	1825	1965.0507	1965.0507
3884	15	1825	1965.0507	1965.0507
105	15	562	1965.0508	1965.0508
235	22	613	1965.0512	1965.0512
613	22	235	1965.0512	1965.0512
1158	15	820	1965.0513	1965.0513
22509	9	6750	1965.052	1968.0615
20284	48	3912	1965.0526	1965.0526
23410	15	5058	1965.0604	1965.0604
5927	7	796	1965.0628	1965.0628
17509	15	336	1965.0709	1965.0709
11058	17	17575	1965.0714	196.0123
8233	160	726	1965.0801	1965.0801
5743	15	820	1965.0802	1965.0802
9572	15	197	1965.0804	1965.0804
6268	41	7796	1965.0804	1978.0713
1079	117	215	1965.0809	1965.0809
1079	117	35010	1965.0809	1965.0809
1079	117	11493	1965.0809	1965.0809
1079	117	15100	1965.0809	1965.0809
5474	1	21505	1965.0821	1989.1222
1480	1	21505	1965.0821	1989.1222
3003	1	21505	1965.0821	1989.1225
23	1	21505	1965.0821	1989.1227
17861	25	333	1965.0921	1965.0921
10380	25	333	1965.0921	1965.0921
1079	25	333	1965.0921	1965.0921
4782	25	1559	1965.0923	1965.0923
4782	25	611	1965.0923	1965.0923
4782	25	2483	1965.0923	1965.0923
4468	21	73	1965.0926	1991.0
5830	15	197	1965.0929	1965.0929
5878	15	197	1965.1001	1965.1001
26894	14	26784	1965.1001	1978.0823
38698	48	25218	1965.1004	1965.1004
24222	41	302	1965.1019	1969.1019
9119	41	302	1965.1019	1969.1019
24078	41	302	1965.1019	1969.1019
26420	41	302	1965.1019	1969.1019
19200	38	973	1965.1029	1965.1029
10203	25	4054	1965.1104	1976.0519
13550	15	13551	1965.1111	1965.1111
9003	15	197	1965.1124	1965.1124
17652	15	1772	1965.1126	1965.1126
1248	15	451	1965.1126	1965.1126
36341	15	197	1965.1216	1965.1216
4605	25	4054	1965.1216	1968.0307
22400	161	8373	1965.1221	1965.1221
1932	25	1933	1966.0	1966.0
5327	3	5328	1966.0	1966.0
7786	40	6574	1966.0	1966.0
13143	15	524	1966.0	1966.0
15063	16	1746	1966.0	1966.0
7638	30	15132	1966.0	1966.0
16175	15	3982	1966.0	1966.0
10048	14	10039	1966.0	1966.0
16949	16	503	1966.0	1966.0
10117	25	8084	1966.0	1966.0
19108	3	6631	1966.0	1966.0
7786	160	19511	1966.0	1966.0
15005	64	13857	1966.0	1966.0
2902	30	21531	1966.0	1966.0
3158	15	22803	1966.0	1966.0
17652	15	8314	1966.0	1966.0
26237	3	3498	1966.0	1966.0
3197	15	7610	1966.0	1966.0
5912	3	115	1966.0	1966.0
17047	15	3034	1966.0	1966.0
17145	16	2491	1966.0	1966.0
23197	16	1746	1966.0	1966.0
14728	3	5177	1966.0	1966.0
9711	15	25462	1966.0	1966.0
27498	3	1341	1966.0	1966.0
4570	30	8228	1966.0	1966.0
18251	16	3982	1966.0	1966.0
21175	32	199	1966.0	1966.0
29950	16	1746	1966.0	1966.0
10853	32	2359	1966.0	1966.0
12016	15	461	1966.0	1966.0
11270	30	29045	1966.0	1966.0
461	30	12016	1966.0	1966.0
36963	16	1746	1966.0	1966.0
10055	3	3234	1966.0	1966.0
6689	3	5318	1966.0	1966.0
32522	3	9994	1966.0	1966.0
16774	3	32827	1966.0	1966.0
14433	30	13220	1966.0	1966.0
32937	15	869	1966.0	1966.0
5984	3	2613	1966.0	1966.0
8228	15	5184	1966.0	1966.0
15942	16	2491	1966.0	1966.0
24145	15	1772	1966.0	1966.0
16476	15	5184	1966.0	1966.0
30471	3	6631	1966.0	1966.0
2822	15	4088	1966.0	1966.0
10579	15	8314	1966.0	1966.0
27033	30	1177	1966.0	1966.0
15484	15	197	1966.0	1966.0
8979	15	1772	1966.0	1966.0
32160	3	6724	1966.0	1966.0
36404	3	23743	1966.0	1966.0
24674	16	1746	1966.0	1966.0
24630	3	11516	1966.0	1966.0
8492	32	244	1966.0	1966.0
63	64	13857	1966.0	1966.0
35938	3	19145	1966.0	1966.0
41014	16	17682	1966.0	1966.0
11998	16	1746	1966.0	1966.0
4088	30	2822	1966.0	1966.0
491	3	452	1966.0	1966.0
11369	3	115	1966.0	1966.0
8276	16	1746	1966.0	1966.0
8364	14	9001	1966.0	1966.0
13857	30	63	1966.0	1966.0
21986	16	2980	1966.0	1966.0
40326	15	39995	1966.0	1966.0
20186	16	2491	1966.0	1966.0
21752	3	35124	1966.0	1966.0
2583	16	1487	1966.0	1966.0
27583	15	2754	1966.0	1966.0
4088	30	24122	1966.0	1966.0
41921	4	11017	1966.0	1966.0
12292	43	7948	1966.0	1966.0
23952	15	3034	1966.0	1966.0
401	15	8692	1966.0	1966.0
16511	15	1746	1966.0	1966.0
8682	16	57	1966.0	1966.0
35130	71	2157	1966.0	1966.0
36231	16	3982	1966.0	1966.0
33360	15	28448	1966.0	1966.0
15207	3	25131	1966.0	1966.0
21645	3	5318	1966.0	1966.0
16461	3	550	1966.0	1966.0
10710	30	14699	1966.0	1966.0
24149	3	1654	1966.0	1966.0
24815	15	28523	1966.0	1966.0
36427	3	13113	1966.0	1966.0
3064	16	3065	1966.0	1966.0
13857	127	63	1966.0	1966.0
13857	127	15005	1966.0	1966.0
6136	3	5626	1966.0	1966.0
16105	16	1746	1966.0	1966.0
8228	15	3034	1966.0	1966.0
25761	16	1746	1966.0	1966.0
13454	3	19614	1966.0	1966.0
32937	15	8314	1966.0	1966.0
40475	3	40996	1966.0	1966.0
30571	15	8314	1966.0	1966.0
32414	3	3234	1966.0	1966.0
8228	15	4570	1966.0	1966.0
16802	15	4359	1966.0	1966.0
32961	15	8692	1966.0	1966.0
8364	3	1654	1966.0	1966.0
36673	3	11684	1966.0	1966.0
3123	15	13097	1966.0	1966.0
12016	15	3034	1966.0	1966.0
28688	3	5038	1966.0	1966.0
2147	32	5341	1966.0	1966.0
4359	30	16802	1966.0	1966.0
1226	16	13404	1966.0	1966.0
21439	3	11768	1966.0	1966.0
11315	23	660	1966.0	1966.0
1226	15	5296	1966.0	1966.0
1226	16	5296	1966.0	1966.0
4418	16	1746	1966.0	1966.0
42230	15	10116	1966.0	1966.0
28735	3	115	1966.0	1966.0
28508	16	1746	1966.0	1966.0
24122	15	4088	1966.0	1966.0
5406	3	2296	1966.0	1966.0
15484	15	336	1966.0	1966.0
244	32	8492	1966.0	1966.0
17096	15	8314	1966.0	1966.0
24573	25	6421	1966.0	1966.0
3197	25	1394	1966.0	1966.0
29820	15	30751	1966.0	1966.0
17635	3	11947	1966.0	1966.0
4777	14	1017	1966.0	1966.0
7108	4	5064	1966.0	1966.0
6202	15	792	1966.0	1966.0
19950	15	42356	1966.0	1966.0
8761	32	8821	1966.0	1966.0
18271	3	886	1966.0	1966.0
6353	15	1487	1966.0	1966.0
8761	32	2348	1966.0	1966.0
27154	3	4248	1966.0	1966.0
63	226	13857	1966.0	1966.0
4740	30	11095	1966.0	1966.0
31804	3	168	1966.0	1966.0
28274	15	5296	1966.0	1966.0
11095	15	4740	1966.0	1966.0
29579	15	7429	1966.0	1966.0
4345	3	12306	1966.0	1966.0
16644	25	8084	1966.0	1966.0
21036	3	7683	1966.0	1966.0
14381	16	1746	1966.0	1966.0
5830	15	13097	1966.0	1966.0
22544	16	57	1966.0	1966.0
27012	15	1249	1966.0	1966.0
27871	16	3982	1966.0	1966.0
22921	16	1746	1966.0	1966.0
17883	15	2491	1966.0	1966.0
11149	3	14919	1966.0	1966.0
26317	3	3232	1966.0	1966.0
10809	3	18784	1966.0	1966.0
28364	15	17493	1966.0	1966.0
17711	16	1746	1966.0	1966.0
30004	3	40451	1966.0	1966.0
5729	3	5026	1966.0	1966.0
2754	30	27583	1966.0	1966.0
40239	46	8178	1966.0	1966.0
6627	15	3034	1966.0	1966.0
25378	46	3699	1966.0	1967.0
4754	4	28104	1966.0	1967.0
35396	4	35952	1966.0	1967.0
28103	4	27326	1966.0	1967.0
2598	4	71	1966.0	1967.0
24295	41	1339	1966.0	1967.0
12553	18	11517	1966.0	1967.0
24255	25	6919	1966.0	1967.0
6303	14	2613	1966.0	1968.0
17896	14	3736	1966.0	1968.0
23368	46	8178	1966.0	1968.0
24857	25	24858	1966.0	1968.0
23791	46	8178	1966.0	1968.0
23360	14	2403	1966.0	1968.0
10256	14	2735	1966.0	1968.0
11946	25	6919	1966.0	1968.0
30399	41	1092	1966.0	1968.0
17287	3	20639	1966.0	1968.05
755	3	550	1966.0	1969.0
31593	14	1319	1966.0	1969.0
40385	19	6163	1966.0	1969.0
2919	19	2920	1966.0	1970.0
30437	3	19964	1966.0	1970.0
2920	19	2919	1966.0	1970.0
23241	3	3234	1966.0	1970.0
7275	14	7880	1966.0	1971.0
4036	4	4037	1966.0	1972.0
10433	14	9127	1966.0	1972.0
6614	19	4029	1966.0	1972.0
32062	41	22861	1966.0	1972.0
19087	3	32827	1966.0	1973.0
24032	4	16159	1966.0	1973.0
19847	33	2056	1966.0	1973.0
9846	4	3312	1966.0	1975.0
5896	19	33829	1966.0	1975.0
16384	9	11188	1966.0	1976.0
35820	150	18602	1966.0	1977.0
26340	4	20324	1966.0	1980.0
5383	19	36214	1966.0	1980.0
32862	41	4374	1966.0	1984.0
18108	14	5177	1966.0	1984.0
17914	14	1341	1966.0	1988.0
14514	41	20831	1966.0	1989.0
10012	25	18350	1966.0	1991.0
21889	25	804	1966.0	1994.0
15985	25	27045	1966.0	1998.0
9642	17	4046	1966.0	1998.0
5475	46	5476	1966.0	2005.0
1030	25	33299	1966.0	2011.0
1360	32	6927	1966.0	2015.0201
9219	15	655	1966.0101	1966.0101
10899	15	655	1966.0101	1966.0101
12494	16	1504	1966.0101	1966.0101
21422	15	21423	1966.0101	1966.0101
23048	37	3417	1966.0101	1966.0101
19421	15	5967	1966.0101	1966.0101
25231	15	25232	1966.0101	1966.0101
27871	15	655	1966.0101	1966.0101
15749	16	337	1966.0101	1966.0101
143	32	4104	1966.0101	1966.0101
3309	32	9120	1966.0101	1966.0101
2757	32	596	1966.0101	1966.0101
16644	15	27294	1966.0101	1966.0101
34562	15	655	1966.0101	1966.0101
19421	15	3348	1966.0101	1966.0101
24049	3	15324	1966.0101	1966.0101
5199	4	11017	1966.0101	1966.0101
29731	15	3493	1966.0101	1966.0101
3929	16	503	1966.0101	1966.0101
5341	32	2147	1966.0101	1966.0101
20491	15	5834	1966.0101	1966.0101
34928	15	40135	1966.0101	1966.0101
20294	15	6846	1966.0101	1966.0101
31939	15	30184	1966.0101	1966.0101
30855	18	876	1966.0101	1966.0101
2724	15	655	1966.0101	1966.0101
3280	3	5177	1966.0101	1966.0101
2755	4	3312	1966.0101	1966.0101
2371	4	260	1966.0101	1966.0101
18138	4	260	1966.0101	1966.0101
11364	4	260	1966.0101	1966.0101
34294	4	41804	1966.0101	1966.0101
24702	15	6865	1966.0101	1966.0101
23472	3	6449	1966.0101	1966.0101
24296	15	655	1966.0101	1966.0101
34813	15	8303	1966.0101	1966.0101
8276	15	1746	1966.0101	1966.0101
11870	16	337	1966.0101	1966.0101
36787	15	18534	1966.0101	1966.0101
40466	15	15428	1966.0101	1966.0101
1504	30	34865	1966.0101	1966.0101
7633	16	1504	1966.0101	1966.0101
42000	4	8637	1966.0101	1966.0101
19324	15	24526	1966.0101	1966.0101
27594	17	4046	1966.0101	1966.0101
22438	4	11632	1966.0101	1966.0101
6163	16	524	1966.0101	1966.0101
23835	4	5125	1966.0101	1966.0101
20057	15	9753	1966.0101	1966.0101
324	15	35662	1966.0101	1966.0101
2348	32	8761	1966.0101	1966.0101
17838	15	14223	1966.0101	1966.0101
7954	15	7618	1966.0101	1966.0101
1177	15	27033	1966.0101	1966.0101
28314	15	6694	1966.0101	1966.0101
596	32	2757	1966.0101	1966.0101
13220	15	14433	1966.0101	1966.0101
3024	15	24441	1966.0101	1966.0101
2381	4	260	1966.0101	1966.0101
24514	15	4363	1966.0101	1966.0101
28153	4	11692	1966.0101	1966.0101
8821	32	8761	1966.0101	1966.0101
3727	4	5145	1966.0101	1966.0101
34027	4	260	1966.0101	1966.0101
28486	41	455	1966.0101	1966.0101
32624	155	673	1966.0101	1966.0101
17108	15	1201	1966.0101	1966.0101
24991	3	8689	1966.0101	1966.0101
5010	15	22385	1966.0101	1966.0101
27102	15	6694	1966.0101	1966.0101
14287	15	6865	1966.0101	1966.0101
17966	4	260	1966.0101	1966.0101
4104	32	143	1966.0101	1966.0101
15098	4	8368	1966.0101	1966.0101
27294	30	16644	1966.0101	1966.0101
37444	15	5834	1966.0101	1966.0101
11906	15	32064	1966.0101	1966.0101
7872	15	19410	1966.0101	1966.0101
16796	15	29881	1966.0101	1966.0101
34865	15	1504	1966.0101	1966.0101
27296	15	2257	1966.0101	1966.0101
36451	15	655	1966.0101	1966.0101
8147	4	8637	1966.0101	1966.0101
8161	16	503	1966.0101	1966.0101
9120	32	3309	1966.0101	1966.0101
38095	15	5048	1966.0101	1966.0101
2201	15	2851	1966.0101	1966.0101
32297	15	28214	1966.0101	1966.0101
36786	16	1504	1966.0101	1966.0101
15904	15	655	1966.0101	1966.0101
32252	4	260	1966.0101	1966.0101
16255	4	2949	1966.0101	1966.0101
7931	123	34462	1966.0101	1966.0101
2359	32	10853	1966.0101	1966.0101
10698	4	260	1966.0101	1967.0101
4567	4	20165	1966.0101	1967.0101
21389	4	13899	1966.0101	1967.0101
4354	4	8727	1966.0101	1967.0101
14478	4	848	1966.0101	1967.0101
27933	4	6068	1966.0101	1967.0101
4883	4	1652	1966.0101	1967.0101
2855	4	3606	1966.0101	1967.0101
14225	4	31997	1966.0101	1967.0101
13664	4	29390	1966.0101	1967.0101
10174	4	15805	1966.0101	1967.0101
15350	4	2545	1966.0101	1967.0101
35588	4	6405	1966.0101	1967.0101
39542	4	5030	1966.0101	1967.0101
26669	19	39436	1966.0101	1967.0101
39436	19	26669	1966.0101	1967.0101
35454	4	1429	1966.0101	1967.0101
27281	4	1652	1966.0101	1967.0101
22848	4	8437	1966.0101	1967.0101
13260	4	10996	1966.0101	1967.0101
22128	4	8610	1966.0101	1967.0101
12291	4	6178	1966.0101	1967.0101
21716	4	31997	1966.0101	1967.0101
15291	4	35251	1966.0101	1967.0101
15291	4	24875	1966.0101	1967.0101
11623	4	6257	1966.0101	1967.0101
30018	4	4917	1966.0101	1967.0101
15976	4	10996	1966.0101	1967.0101
31606	4	429	1966.0101	1967.0101
30188	4	11084	1966.0101	1967.0101
41395	4	6455	1966.0101	1967.0101
6386	4	10513	1966.0101	1967.0101
42604	4	32371	1966.0101	1967.0101
40892	4	9155	1966.0101	1967.0101
2544	4	22972	1966.0101	1967.0101
5306	4	5307	1966.0101	1968.0101
10125	4	10126	1966.0101	1968.0101
11951	3	1548	1966.0101	1968.0101
14606	4	3462	1966.0101	1968.0101
2371	4	1374	1966.0101	1968.0101
16051	3	1548	1966.0101	1968.0101
15089	4	5722	1966.0101	1968.0101
24808	4	8289	1966.0101	1968.0101
26738	4	35149	1966.0101	1968.0101
2755	4	816	1966.0101	1968.0101
3227	19	145	1966.0101	1968.0101
21349	4	6068	1966.0101	1968.0101
35373	4	7832	1966.0101	1968.0101
25930	4	321	1966.0101	1968.0101
16959	4	7008	1966.0101	1968.0101
32048	4	6827	1966.0101	1968.0101
36359	4	9350	1966.0101	1968.0101
35913	4	15845	1966.0101	1968.0101
25604	3	1548	1966.0101	1968.0101
23664	3	1548	1966.0101	1968.0101
41899	41	455	1966.0101	1968.0101
8528	4	6890	1966.0101	1968.0101
22500	4	9591	1966.0101	1968.0101
25361	4	91	1966.0101	1968.0101
11657	4	10883	1966.0101	1968.0101
18763	3	1548	1966.0101	1968.0101
23208	4	9113	1966.0101	1968.0101
21919	4	41902	1966.0101	1968.0101
5039	4	1920	1966.0101	1968.0101
3625	3	1548	1966.0101	1968.0101
2112	4	10996	1966.0101	1968.0101
18899	4	5701	1966.0101	1968.0101
6499	4	117	1966.0101	1969.0101
30188	4	15754	1966.0101	1969.0101
10465	4	5398	1966.0101	1969.0101
38399	4	2545	1966.0101	1969.0101
8669	4	11520	1966.0101	1969.0101
32023	4	7008	1966.0101	1969.0101
32730	4	522	1966.0101	1969.0101
9510	4	7432	1966.0101	1969.0101
37641	4	4960	1966.0101	1969.0101
17767	4	2480	1966.0101	1969.0101
4727	4	1510	1966.0101	1970.0101
25418	4	616	1966.0101	1970.0101
19794	4	10410	1966.0101	1970.0101
23835	4	21538	1966.0101	1970.0101
2883	4	15584	1966.0101	1970.0101
11049	4	9508	1966.0101	1970.0101
8147	4	1374	1966.0101	1970.0101
34294	4	499	1966.0101	1971.0101
17919	4	16475	1966.0101	1971.0101
19705	4	8581	1966.0101	1971.0101
19227	4	8721	1966.0101	1971.0101
38285	4	3389	1966.0101	1971.0101
18138	4	9555	1966.0101	1971.0101
9427	4	13847	1966.0101	1971.0101
42000	4	374	1966.0101	1971.0101
38170	4	288	1966.0101	1971.0101
4081	4	2000	1966.0101	1972.0101
17662	4	374	1966.0101	1972.0101
22642	19	23207	1966.0101	1972.0101
1196	4	9113	1966.0101	1972.0101
31996	4	2372	1966.0101	1972.0101
39065	4	684	1966.0101	1972.0101
32602	4	6934	1966.0101	1972.0101
25078	4	4030	1966.0101	1972.0101
23207	19	22642	1966.0101	1972.0101
29114	4	8548	1966.0101	1972.0101
22448	4	2435	1966.0101	1973.0101
15904	19	29938	1966.0101	1973.0101
5393	4	5706	1966.0101	1973.0101
35234	4	4901	1966.0101	1973.0101
29938	19	15904	1966.0101	1973.0101
7504	4	376	1966.0101	1974.0101
15874	4	2949	1966.0101	1974.0101
6464	19	37606	1966.0101	1974.0101
18644	4	376	1966.0101	1974.0101
41349	4	27572	1966.0101	1974.0101
37606	19	6464	1966.0101	1974.0101
15450	19	15449	1966.0101	1975.0101
20678	4	5591	1966.0101	1975.0101
33829	19	5896	1966.0101	1975.0101
13915	4	18344	1966.0101	1976.0
21907	4	6296	1966.0101	1976.0101
28930	4	588	1966.0101	1976.0101
30759	4	3110	1966.0101	1976.0101
32774	123	32773	1966.0101	1976.0101
1371	19	40795	1966.0101	1977.0101
19675	19	38872	1966.0101	1977.0101
8938	4	35671	1966.0101	1977.0101
38872	19	19675	1966.0101	1977.0101
40816	4	5706	1966.0101	1977.0101
40795	19	1371	1966.0101	1977.0101
12439	19	12440	1966.0101	1978.0101
12440	19	12439	1966.0101	1978.0101
28153	4	28206	1966.0101	1978.0101
28153	4	5701	1966.0101	1978.0101
27232	4	376	1966.0101	1979.0101
7389	4	25398	1966.0101	1980.0101
2960	19	2961	1966.0101	1982.0101
34007	4	12725	1966.0101	1982.0101
2478	70	35841	1966.0101	1982.0101
27799	17	9246	1966.0101	1982.0101
2961	19	2960	1966.0101	1983.0101
21675	4	35289	1966.0101	1983.0101
19243	25	19783	1966.0101	1984.0
11362	19	2513	1966.0101	1986.0101
2513	19	11362	1966.0101	1986.0101
12554	19	21531	1966.0101	1986.0101
20444	19	30372	1966.0101	1987.0101
30372	19	20444	1966.0101	1987.0101
21531	19	12554	1966.0101	1989.0101
16160	19	32483	1966.0101	1990.0101
32483	19	16160	1966.0101	1990.0101
3503	41	6768	1966.0101	1991.0101
18880	19	16161	1966.0101	2001.0101
12845	37	6778	1966.0101	2003.0101
7098	44	7099	1966.0101	2011.0101
944	25	2483	1966.0107	1966.0107
4634	25	652	1966.0113	1966.0113
542	15	197	1966.0115	1966.0115
553	70	16130	1966.0124	1977.0324
16130	41	7095	1966.0124	1977.0324
5236	134	14521	1966.0203	1987.0101
23900	15	197	1966.0208	1966.0208
11609	19	6699	1966.021	1981.0511
6699	19	11609	1966.021	1981.0511
40762	21	73	1966.0218	1991.1224
39912	48	25218	1966.0219	2017.0
3	70	5778	1966.0223	1968.0624
3158	71	3977	1966.0301	1966.0301
7989	41	17749	1966.0307	1969.0311
14145	19	26672	1966.031	2002.1006
26672	19	14145	1966.031	2002.1006
7715	15	1650	1966.0317	1966.0317
7715	25	142	1966.0317	1966.0317
17102	15	820	1966.0322	1966.0322
26726	15	197	1966.0322	1966.0322
21017	32	17409	1966.0325	1966.0325
17409	32	21017	1966.0325	1966.0325
19195	48	3912	1966.0405	1966.0405
10117	15	336	1966.0414	1966.0414
10117	15	197	1966.0414	1966.0414
10676	15	197	1966.0415	1966.0415
4029	19	6614	1966.0417	1972.0228
6778	32	1355	1966.0419	1966.0419
1355	32	6778	1966.0419	1966.0419
6163	19	40385	1966.042	1969.0316
14172	15	820	1966.043	1966.043
24719	15	2257	1966.043	1966.043
8225	15	820	1966.043	1966.043
32397	19	18922	1966.0518	1994.0306
18922	19	32397	1966.0518	1994.0306
33193	15	7851	1966.0519	1966.0519
5127	197	31942	1966.0531	1969.1219
28685	9	7850	1966.0601	1974.0
17668	25	652	1966.0602	1966.0602
11400	15	197	1966.0614	1966.0614
22035	135	3055	1966.07	1969.0
542	25	6421	1966.0701	1966.0701
32937	25	6421	1966.0701	1966.0701
5701	123	28439	1966.0701	1969.063
1286	25	2483	1966.0708	1966.0708
15449	19	15450	1966.0715	1975.0708
145	19	3227	1966.0719	1968.0816
7037	15	820	1966.0722	1966.0722
15550	15	336	1966.0722	1966.0722
15550	15	197	1966.0722	1966.0722
10579	15	197	1966.0726	1966.0726
27104	15	197	1966.0726	1966.0726
24584	15	197	1966.0728	1966.0728
24584	15	336	1966.0728	1966.0728
1079	25	611	1966.0803	1966.0803
24147	15	336	1966.0815	1966.0815
24147	15	197	1966.0815	1966.0815
16161	19	18880	1966.0901	2001.0219
9727	15	197	1966.0907	1966.0907
9727	15	336	1966.0907	1966.0907
14265	25	333	1966.092	1966.092
14265	25	611	1966.0926	1966.0926
365	25	333	1966.0928	1966.0928
29670	27	385	1966.1001	1966.1001
13	25	85	1966.1014	1966.1014
1443	25	85	1966.1014	1966.1014
7027	25	85	1966.1014	1966.1014
484	25	85	1966.1014	1966.1014
9020	25	85	1966.1014	1966.1014
860	25	85	1966.1014	1966.1014
2307	25	85	1966.1014	1966.1014
16822	25	85	1966.1014	1966.1014
326	25	85	1966.1014	1966.1014
4010	25	85	1966.1014	1966.1014
1776	25	85	1966.1014	1966.1014
3380	25	85	1966.1014	1966.1014
7481	25	85	1966.1014	1966.1014
2985	25	85	1966.1014	1966.1014
2143	25	85	1966.1014	1966.1014
2901	25	85	1966.1015	1966.1015
6657	25	333	1966.1017	1966.1017
32937	15	197	1966.1029	1966.1029
6657	25	14824	1966.1031	1966.1031
42096	92	98	1966.11	1966.11
98	52	42096	1966.11	1967.0715
553	29	26955	1966.1101	1966.1101
31173	15	197	1966.1128	1966.1128
383	70	21320	1966.1201	1967.1019
19918	25	652	1966.1208	1966.1208
5078	25	333	1966.1209	1966.1209
32001	41	999	1966.1212	1967.1027
9264	25	85	1966.1214	1966.1214
25225	15	197	1966.1217	1966.1217
3123	15	1664	1966.1218	1966.1218
3123	15	562	1966.1218	1966.1218
3123	15	197	1966.1218	1966.1218
8538	15	197	1966.122	1966.122
2429	25	85	1966.1225	1966.1225
11009	15	197	1966.1231	1966.1231
868	15	869	1967.0	1967.0
2979	16	2980	1967.0	1967.0
4721	15	4722	1967.0	1967.0
337	30	5104	1967.0	1967.0
2077	3	5113	1967.0	1967.0
4342	15	3034	1967.0	1967.0
8568	15	451	1967.0	1967.0
379	15	9443	1967.0	1967.0
4562	15	820	1967.0	1967.0
10855	15	820	1967.0	1967.0
12130	15	8004	1967.0	1967.0
159	3	9693	1967.0	1967.0
4740	30	8228	1967.0	1967.0
16026	15	16027	1967.0	1967.0
13857	127	16096	1967.0	1967.0
9361	19	11349	1967.0	1967.0
18226	3	14894	1967.0	1967.0
16096	64	13857	1967.0	1967.0
6884	30	14270	1967.0	1967.0
5739	30	23054	1967.0	1967.0
24363	3	4248	1967.0	1967.0
17047	15	3034	1967.0	1967.0
2754	30	11139	1967.0	1967.0
19322	3	14438	1967.0	1967.0
14208	71	3977	1967.0	1967.0
18638	14	21377	1967.0	1967.0
29740	14	8844	1967.0	1967.0
22969	21	13	1967.0	1967.0
30129	15	655	1967.0	1967.0
9846	15	5184	1967.0	1967.0
24809	15	197	1967.0	1967.0
13857	30	16096	1967.0	1967.0
34565	3	21173	1967.0	1967.0
2550	15	869	1967.0	1967.0
35828	15	820	1967.0	1967.0
36158	3	22467	1967.0	1967.0
7956	16	1487	1967.0	1967.0
8741	15	17493	1967.0	1967.0
2939	3	25131	1967.0	1967.0
12095	3	19852	1967.0	1967.0
36488	3	5245	1967.0	1967.0
36930	3	11720	1967.0	1967.0
7742	15	7638	1967.0	1967.0
24573	15	869	1967.0	1967.0
244	32	1927	1967.0	1967.0
27012	15	820	1967.0	1967.0
32684	16	1487	1967.0	1967.0
19535	3	2078	1967.0	1967.0
19774	3	38049	1967.0	1967.0
35056	16	57	1967.0	1967.0
3208	15	27903	1967.0	1967.0
28470	3	24568	1967.0	1967.0
18117	16	2491	1967.0	1967.0
22825	3	4762	1967.0	1967.0
5775	16	4131	1967.0	1967.0
1474	15	524	1967.0	1967.0
10395	15	23335	1967.0	1967.0
19791	15	820	1967.0	1967.0
36571	3	26648	1967.0	1967.0
4722	30	4721	1967.0	1967.0
7995	21	2176	1967.0	1967.0
14334	15	3982	1967.0	1967.0
