203764	235	197798	964	965
360373	235	310069	964	965
209540	235	188628	964	965
267673	235	188019	964	965
274364	235	194067	964	965
194099	235	193958	964	965
278624	235	189605	964	965
302262	235	199131	964	965
195383	235	189009	964	965
197294	235	190377	964	965
208787	235	188497	964	965
191818	235	188285	964	965
224670	235	188147	964	965
205061	235	188430	964	965
258985	235	191452	964	965
205765	235	188242	964	965
218053	235	189520	964	965
244651	235	188621	964	965
255942	235	188482	964	965
299568	235	188706	964	965
206053	235	188739	964	965
284713	235	188141	964	965
203411	235	188129	964	965
240229	235	193216	964	965
235585	235	188270	964	965
256300	235	224875	964	965
196531	235	188164	964	965
258758	235	190053	964	965
214942	235	190410	964	965
241138	235	190525	964	965
215789	235	190775	964	965
282814	235	192168	964	965
318449	235	189278	964	965
228476	235	192618	964	965
228723	235	188998	964	965
192871	235	189751	964	965
216472	235	189815	964	965
257082	235	191171	964	965
246221	235	188558	964	965
210202	235	189972	964	965
274637	235	189229	964	965
296626	235	191764	964	965
205699	235	188178	964	965
194142	235	221362	964	965
295021	235	188842	964	965
212751	235	189549	964	965
255003	235	189614	964	965
195561	235	188543	964	965
292476	235	197713	964	965
192913	235	188392	964	965
225904	235	189320	964	965
207117	235	191463	964	965
238132	235	193785	964	965
312937	235	191629	964	965
251514	235	199092	964	965
222221	235	188179	964	965
219723	235	188032	964	965
204308	235	189054	964	965
194031	235	188422	964	965
260827	235	188074	964	965
214011	235	189017	964	965
266868	235	191291	964	965
268130	235	191368	964	965
220223	235	188110	964	965
210431	235	190096	964	965
302940	235	188773	964	965
203347	235	199124	964	965
263494	235	205811	964	965
204284	235	189322	964	965
208124	235	188385	964	965
256279	235	220925	964	965
278787	235	193049	964	965
299757	235	192144	964	965
262679	235	190176	964	965
252478	235	191982	964	965
194247	235	191063	964	965
268725	235	189072	964	965
271948	235	226875	964	965
267995	235	194976	964	965
203059	235	192318	964	965
246987	235	188924	964	965
241031	235	188918	964	965
199776	235	188541	964	965
257028	235	201822	964	965
224455	235	191467	964	965
218167	235	188139	964	965
250709	235	188097	964	965
257622	235	190140	964	965
216594	235	188091	964	965
232815	235	191209	964	965
203370	235	188568	964	965
225940	235	189219	964	965
210549	235	189686	964	965
264133	235	189847	964	965
261694	235	189736	964	965
313810	235	190959	964	965
287627	235	194620	964	965
199049	235	188875	964	965
232016	235	189738	964	965
197119	235	188145	964	965
283026	235	188381	964	965
317551	235	200453	964	965
298294	235	189587	964	965
233926	235	188673	964	965
264274	235	202910	964	965
218988	235	189299	964	965
247299	235	190129	964	965
311594	235	189201	964	965
304790	235	192754	964	965
262957	235	190367	964	965
210405	235	188819	964	965
198428	235	188835	964	965
196235	235	188330	964	965
267946	235	190312	964	965
206967	235	188121	964	965
197943	235	188490	964	965
221045	235	188472	964	965
193080	235	188544	964	965
205899	235	189758	964	965
290521	235	188835	964	965
316042	235	189256	964	965
236102	235	189746	964	965
204024	235	188617	964	965
257196	235	188884	964	965
188910	239	222110	964	965
218853	235	189798	964	965
204500	235	188107	964	965
210137	235	188595	964	965
257211	235	188076	964	965
265874	235	189973	964	965
233614	235	188597	964	965
317688	235	297116	964	965
247112	235	192754	964	965
202271	235	188211	964	965
200487	235	191125	964	965
202583	235	188367	964	965
197516	235	188058	964	965
278231	235	189095	964	965
296075	235	190174	964	965
193734	235	188878	964	965
234719	235	188198	964	965
206483	235	188469	964	965
223527	235	193431	964	965
205611	235	188785	964	965
217956	235	188406	964	965
220116	235	188594	964	965
211484	235	189282	964	965
208629	235	188342	964	965
295367	235	191512	964	965
212775	235	189395	964	965
297086	235	192575	964	965
245287	235	188690	964	965
202888	235	188432	964	965
295705	235	190946	964	965
264956	235	189539	964	965
258661	235	188106	964	965
214841	235	189921	964	965
201729	235	244542	964	965
246070	235	188476	964	965
208904	235	192853	964	965
235178	235	190946	964	965
275320	235	188746	964	965
221521	235	193456	964	965
246133	235	254444	964	965
203204	235	188403	964	965
244276	235	189278	964	965
224925	235	188278	964	965
196874	235	189375	964	965
228754	235	188281	964	965
251109	235	189985	964	965
290655	235	189896	964	965
198197	235	188417	964	965
197008	235	188226	964	965
228363	235	192186	964	965
266176	235	189975	964	965
226393	235	188725	964	965
276389	235	191989	964	965
216475	235	189041	964	965
205699	235	188041	964	965
286982	235	191982	964	965
226975	235	189921	964	965
229740	235	188812	964	965
266963	235	191112	964	965
205584	235	189861	964	965
200552	235	188353	964	965
192310	235	191875	964	965
242501	235	188778	964	965
210780	235	221517	964	965
199517	235	189905	964	965
197394	235	189646	964	965
220106	235	188223	964	965
197362	235	188308	964	965
239807	235	189869	964	965
263790	235	195398	964	965
194570	235	188173	964	965
282234	235	264732	964	965
198812	235	188111	964	965
267533	235	188223	964	965
233645	235	190298	964	965
270996	235	190711	964	965
232189	235	188389	964	965
195770	235	188315	964	965
209816	235	188745	964	965
196891	235	189000	964	965
212269	235	189123	964	965
213209	235	188223	964	965
242750	235	209474	964	965
229206	235	199411	964	965
206971	235	188437	964	965
220917	235	188342	964	965
302949	235	256000	964	965
251666	235	189193	964	965
192454	235	188298	964	965
276113	235	193386	964	965
215979	235	189275	964	965
246355	235	188646	964	965
214362	235	190345	964	965
226194	235	189766	964	965
291184	235	190185	964	965
245119	235	189183	964	965
210219	235	189141	964	965
249771	235	188557	964	965
236027	235	190952	964	965
280804	235	189083	964	965
196608	235	188029	964	965
244011	235	188201	964	965
211303	235	201755	964	965
227708	235	188479	964	965
213999	235	189146	964	965
277682	235	190454	964	965
299028	235	201831	964	965
205007	235	188779	964	965
210068	235	189093	964	965
232455	235	188607	964	965
212780	235	204584	964	965
203977	235	188035	964	965
257138	235	189449	964	965
270277	235	193958	964	965
271241	235	188064	964	965
200103	235	188265	964	965
207665	235	188422	964	965
258411	235	189870	964	965
280616	235	188660	964	965
219905	235	240664	964	965
239609	235	188127	964	965
199971	235	188279	964	965
217019	235	189386	964	965
278017	235	210018	964	965
295091	235	191981	964	965
200049	235	189973	964	965
197612	235	188995	964	965
215880	235	189116	964	965
244586	235	197165	964	965
219352	235	188622	964	965
224791	235	190439	964	965
274251	235	188345	964	965
213282	235	196485	964	965
212570	235	188617	964	965
211844	235	188035	964	965
311207	235	206640	964	965
260488	235	189749	964	965
231965	235	189500	964	965
213845	235	188799	964	965
227686	235	189454	964	965
293829	235	188557	964	965
237623	235	188029	964	965
253182	235	188909	964	965
226943	235	197165	964	965
266732	235	189742	964	965
201246	235	188489	964	965
201298	235	188342	964	965
313078	235	190749	964	965
260499	235	189117	964	965
323911	235	229372	964	965
294721	235	190102	964	965
277498	235	192853	964	965
214571	235	189919	964	965
246221	235	188028	964	965
207109	235	191541	964	965
287127	235	189061	964	965
214025	235	189874	964	965
200955	235	193181	964	965
204442	235	189131	964	965
232201	235	191090	964	965
203533	235	190114	964	965
202290	235	189292	964	965
197040	235	188490	964	965
262888	235	189102	964	965
271169	235	188592	964	965
208208	235	188225	964	965
197378	235	188415	964	965
236797	235	188118	964	965
224405	235	189215	964	965
258219	235	189237	964	965
342678	235	190515	964	965
202245	235	188997	964	965
251567	235	190711	964	965
196416	235	188088	964	965
258175	235	188242	964	965
273164	235	199975	964	965
267036	235	189134	964	965
215744	235	189195	964	965
195025	235	189444	964	965
199320	235	189343	964	965
254522	235	189696	964	965
228278	235	296699	964	965
209569	235	191135	964	965
208528	235	214355	964	965
200522	235	191890	964	965
219934	235	192079	964	965
259873	235	189202	964	965
211182	235	189208	964	965
291979	235	211098	964	965
278671	235	189031	964	965
195497	235	188206	964	965
193336	235	188206	964	965
235558	235	188246	964	965
291644	235	189071	964	965
193817	235	188558	964	965
279336	235	189630	964	965
314226	235	191436	964	965
266518	235	189647	964	965
234375	235	189041	964	965
229434	235	189220	964	965
219837	235	188612	964	965
294029	235	188729	964	965
188024	239	213038	964	965
228075	235	196650	964	965
290299	235	190891	964	965
282814	235	189718	964	965
224676	235	189205	964	965
275455	235	188743	964	965
219119	235	188826	964	965
253586	235	189385	964	965
209775	235	188029	964	965
293619	235	188433	964	965
194057	235	188899	964	965
226966	235	192977	964	965
208638	235	189308	964	965
225770	235	188118	964	965
196494	235	189718	964	965
258878	235	189198	964	965
215900	235	189494	964	965
292072	235	189501	964	965
212080	235	189550	964	965
266350	235	189783	964	965
219790	235	188541	964	965
246270	235	189939	964	965
315538	235	189972	964	965
200527	235	190023	964	965
197273	235	192965	964	965
324542	235	189523	964	965
193319	235	188267	964	965
275210	235	203382	964	965
215776	235	188694	964	965
310974	235	188249	964	965
264727	235	188633	964	965
288823	235	189220	964	965
194051	235	188290	964	965
227584	235	190585	964	965
253614	235	188158	964	965
215475	235	189142	964	965
252560	235	189095	964	965
239954	235	190949	964	965
196621	235	188226	964	965
198531	235	189645	964	965
229003	235	190184	964	965
225157	235	188344	964	965
236708	235	189322	964	965
287645	235	189854	964	965
292535	235	192566	964	965
303034	235	188220	964	965
277800	235	191162	964	965
197593	235	188107	964	965
293484	235	188638	964	965
247430	235	188660	964	965
224218	235	188050	964	965
222154	235	188014	964	965
233789	235	188410	964	965
268109	235	189465	964	965
208461	235	189381	964	965
251565	235	188246	964	965
282378	235	189584	964	965
232864	235	192318	964	965
212207	235	189636	964	965
283620	235	188959	964	965
216493	235	188078	964	965
308699	235	189991	964	965
202553	235	190953	964	965
194234	235	189040	964	965
258870	235	223735	964	965
265947	235	188859	964	965
327519	235	267180	964	965
274369	235	189040	964	965
281211	235	191060	964	965
223300	235	188355	964	965
211267	235	192550	964	965
257013	235	207471	964	965
208394	235	197798	964	965
223571	235	193233	964	965
224288	235	188765	964	965
204416	235	189470	964	965
239598	235	188522	964	965
284527	235	190336	964	965
201788	235	188489	964	965
209203	235	188011	964	965
207667	235	189019	964	965
324821	235	189924	964	965
225348	235	189809	964	965
211604	235	188468	964	965
312105	235	189256	964	965
193226	235	213547	964	965
226094	235	189006	964	965
208119	235	188284	964	965
232979	235	190775	964	965
313903	235	188347	964	965
196441	235	189793	964	965
211464	235	189789	964	965
254218	235	256882	964	965
240400	235	188418	964	965
257297	235	189910	964	965
251320	235	190890	964	965
203967	235	188371	964	965
212964	235	188604	964	965
300506	235	190610	964	965
224273	235	188482	964	965
195704	235	190307	964	965
195015	235	188155	964	965
216528	235	188494	964	965
198741	235	189267	964	965
235627	235	191000	964	965
203549	235	188001	964	965
239395	235	195164	964	965
218413	235	214121	964	965
266553	235	196800	964	965
207942	235	189262	964	965
276799	235	189397	964	965
221354	235	188562	964	965
204480	235	188168	964	965
226186	235	188265	964	965
197039	235	189124	964	965
234793	235	188801	964	965
214884	235	188147	964	965
193119	235	188091	964	965
278093	235	189628	964	965
240848	235	191538	964	965
275062	235	190891	964	965
208238	235	189321	964	965
258793	235	188824	964	965
275891	235	188796	964	965
219627	235	188515	964	965
205285	235	191471	964	965
207230	235	188491	964	965
194088	235	188408	964	965
314730	235	188054	964	965
280179	235	190833	964	965
296292	235	189114	964	965
241466	235	189638	964	965
200661	235	189068	964	965
207416	235	189630	964	965
200386	235	231910	964	965
200105	235	191984	964	965
251362	235	231107	964	965
193905	235	210768	964	965
213270	235	188994	964	965
198541	235	188498	964	965
336090	235	194003	964	965
203010	235	190267	964	965
198789	235	190523	964	965
246036	235	190009	964	965
212149	235	188105	964	965
201153	235	191613	964	965
235724	235	188779	964	965
273875	235	188200	964	965
197741	235	188719	964	965
217977	235	188267	964	965
228840	235	188954	964	965
210022	235	190087	964	965
197271	235	188324	964	965
206725	235	188771	964	965
219624	235	189952	964	965
235744	235	193652	964	965
225664	235	189170	964	965
259301	235	189225	964	965
253813	235	214261	964	965
188143	239	234368	964	965
343266	235	262493	964	965
205873	235	188088	964	965
213534	235	188175	964	965
297866	235	188055	964	965
271161	235	209124	964	965
334572	235	188265	964	965
214340	235	188067	964	965
205999	235	188371	964	965
216234	235	188419	964	965
333593	235	297325	964	965
226609	235	191209	964	965
316008	47	198823	964	965
194982	235	188027	964	965
208335	235	188565	964	965
198527	235	188555	964	965
217609	235	188164	964	965
215348	235	188333	964	965
202645	235	191126	964	965
248351	235	190682	964	965
296449	235	208928	964	965
251920	235	189753	964	965
218789	235	189994	964	965
238087	235	189611	964	965
196862	235	188584	964	965
265560	235	189103	964	965
221594	235	189182	964	965
264149	235	193757	964	965
229681	235	188673	964	965
209751	235	188646	964	965
237266	235	189267	964	965
213559	235	190794	964	965
253013	235	188712	964	965
198909	235	192230	964	965
223989	235	188883	964	965
267383	235	189379	964	965
220637	235	189114	964	965
262777	235	188317	964	965
220334	235	193407	964	965
199542	235	188007	964	965
237067	235	188381	964	965
215550	235	188443	964	965
249001	235	190490	964	965
209562	235	189772	964	965
232527	235	189824	964	965
281862	235	191532	964	965
208137	235	188498	964	965
195089	235	190023	964	965
281007	235	189078	964	965
308756	235	190092	964	965
193369	235	191645	964	965
201804	235	239038	964	965
296183	235	194991	964	965
199920	235	188407	964	965
243513	235	189471	964	965
247724	235	188433	964	965
270896	235	190976	964	965
213377	235	188776	964	965
276850	235	188474	964	965
202253	235	188789	964	965
278645	235	189886	964	965
232722	235	188070	964	965
314185	235	190991	964	965
203498	235	188197	964	965
200501	235	188097	964	965
195893	235	188200	964	965
201639	235	190307	964	965
301228	235	188773	964	965
206015	235	188207	964	965
214526	235	291285	964	965
203708	235	189530	964	965
244382	235	188290	964	965
229520	235	192311	964	965
285537	235	189370	964	965
264892	235	190171	964	965
205717	235	188132	964	965
257188	235	189041	964	965
236094	235	190949	964	965
208963	235	188276	964	965
196394	235	192828	964	965
233849	235	189326	964	965
213969	235	188388	964	965
228151	235	189103	964	965
281940	235	190398	964	965
197845	235	188370	964	965
224299	235	192920	964	965
274110	235	188190	964	965
275927	235	188496	964	965
205611	235	188108	964	965
261891	235	188116	964	965
218435	235	190134	964	965
264522	235	220108	964	965
200138	235	188078	964	965
205029	235	188162	964	965
248487	235	190801	964	965
194623	235	188839	964	965
213766	235	190538	964	965
212298	235	189974	964	965
214974	235	190771	964	965
264290	235	189182	964	965
215664	235	188737	964	965
307577	235	189150	964	965
276183	235	189071	964	965
236778	235	188113	964	965
232689	235	188238	964	965
266033	235	188690	964	965
262374	235	188599	964	965
207840	235	188011	964	965
344030	235	190070	964	965
311733	235	188297	964	965
263476	235	196044	964	965
205919	235	189747	964	965
205487	235	190161	964	965
223251	235	190891	964	965
292937	235	209992	964	965
196828	235	189064	964	965
264716	235	191754	964	965
277864	235	189241	964	965
307755	235	188167	964	965
202252	235	190880	964	965
241751	235	189514	964	965
226109	235	188617	964	965
226045	235	188756	964	965
195344	235	191135	964	965
199018	235	188452	964	965
206749	235	188448	964	965
215675	235	188232	964	965
212061	235	190499	964	965
188146	239	199219	964	965
218777	235	189094	964	965
270257	235	188579	964	965
197366	235	188033	964	965
299611	235	207079	964	965
211717	235	191000	964	965
237636	235	197363	964	965
221104	235	189834	964	965
193242	235	188085	964	965
244922	235	189282	964	965
305763	235	190467	964	965
219067	235	189280	964	965
212968	235	191433	964	965
264957	235	191624	964	965
236016	235	188847	964	965
239541	235	259893	964	965
354446	235	188557	964	965
283986	235	202775	964	965
206861	235	189370	964	965
235813	235	189854	964	965
207863	235	188770	964	965
208140	235	303215	964	965
216711	235	189224	964	965
214095	235	191471	964	965
208898	235	188605	964	965
268496	235	188727	964	965
221481	235	188341	964	965
196116	235	188107	964	965
220923	235	189077	964	965
275561	235	189659	964	965
294301	235	229227	964	965
229576	235	188539	964	965
235696	235	196942	964	965
209225	235	188589	964	965
193654	235	342345	964	965
202174	235	188059	964	965
228239	235	188094	964	965
239360	235	190322	964	965
227075	235	188630	964	965
252442	235	189137	964	965
237863	235	188268	964	965
197660	235	188107	964	965
295119	235	188936	964	965
199718	235	190914	964	965
209449	235	188858	964	965
327136	235	191138	964	965
288908	235	189921	964	965
228690	235	189088	964	965
205464	235	190073	964	965
225199	235	189124	964	965
267017	235	189479	964	965
359913	235	188469	964	965
245003	235	191151	964	965
260866	235	190854	964	965
265038	235	188482	964	965
232655	235	195888	964	965
279686	235	193341	964	965
202957	235	188486	964	965
205212	235	188829	964	965
220396	235	188003	964	965
205301	235	189318	964	965
229894	235	188519	964	965
218086	235	190125	964	965
224383	235	188494	964	965
202455	235	189299	964	965
211891	235	190699	964	965
203119	235	189218	964	965
206033	235	188496	964	965
243382	235	188126	964	965
208144	235	193922	964	965
264602	235	191403	964	965
202901	235	188742	964	965
258600	235	193617	964	965
205923	235	268429	964	965
244149	235	188746	964	965
202359	235	189753	964	965
198169	235	189068	964	965
263796	235	190984	964	965
295066	235	188375	964	965
212716	235	188308	964	965
207476	235	188269	964	965
220792	235	188473	964	965
200506	235	188739	964	965
194532	235	189849	964	965
250041	235	188551	964	965
199168	235	188106	964	965
207591	235	188406	964	965
196917	235	188307	964	965
246142	235	189806	964	965
204869	235	189069	964	965
268014	235	189685	964	965
289016	235	188940	964	965
219275	235	189782	964	965
262342	235	190267	964	965
206039	235	188706	964	965
278993	235	189788	964	965
257261	235	194750	964	965
198370	235	188745	964	965
228303	235	188064	964	965
200699	235	188279	964	965
211301	235	189678	964	965
272112	235	191584	964	965
206864	235	189404	964	965
287481	235	188859	964	965
338828	235	190295	964	965
203111	235	193110	964	965
194897	235	189065	964	965
317232	235	188154	964	965
252697	235	192796	964	965
218646	235	223899	964	965
197387	235	199634	964	965
290877	235	194067	964	965
196730	235	188341	964	965
225932	235	190317	964	965
300911	235	189659	964	965
286811	235	189546	964	965
229043	235	193614	964	965
256817	235	190707	964	965
205452	235	188342	964	965
205989	235	188544	964	965
241842	235	189121	964	965
199055	235	189142	964	965
197218	235	188420	964	965
333654	235	196510	964	965
293470	235	190760	964	965
226088	235	189861	964	965
206419	235	189067	964	965
220855	235	192958	964	965
204620	235	189002	964	965
227357	235	190772	964	965
248412	235	203070	964	965
245661	235	188074	964	965
280237	235	188506	964	965
289053	235	192255	964	965
258006	235	189017	964	965
205830	235	189075	964	965
225341	235	189103	964	965
215675	235	189397	964	965
216885	235	188884	964	965
210079	235	189137	964	965
290712	235	190217	964	965
204202	235	189098	964	965
360172	235	310069	964	965
221846	235	188456	964	965
201668	235	189718	964	965
217900	235	188386	964	965
204823	235	189020	964	965
277653	235	190794	964	965
277209	235	188147	964	965
234668	235	188604	964	965
242833	235	189495	964	965
222268	235	190171	964	965
242892	235	190530	964	965
306870	235	190676	964	965
269473	235	188780	964	965
192679	235	188044	964	965
204906	235	188817	964	965
280412	235	188532	964	965
212549	235	191855	964	965
211037	235	189760	964	965
279828	235	189397	964	965
222127	235	208476	964	965
213436	235	188320	964	965
200851	235	189385	964	965
210433	235	188803	964	965
327231	235	188979	964	965
222743	235	190432	964	965
240429	235	193854	964	965
311443	235	316299	964	965
206743	235	188238	964	965
236243	235	188220	964	965
225226	235	188297	964	965
212691	235	188999	964	965
317112	235	224231	964	965
223623	235	188636	964	965
198205	235	188394	964	965
250153	235	188037	964	965
217409	235	188146	964	965
210689	235	188954	964	965
241639	235	188315	964	965
218171	235	189318	964	965
228481	235	188385	964	965
250189	235	188994	964	965
196678	235	191163	964	965
248061	235	189320	964	965
211774	235	189327	964	965
211954	235	188145	964	965
312754	235	190653	964	965
252958	235	192259	964	965
196390	235	188014	964	965
306865	235	189075	964	965
273173	235	198861	964	965
233368	235	190775	964	965
216727	235	188158	964	965
217266	235	204552	964	965
234141	235	188878	964	965
206244	235	190734	964	965
212111	235	188386	964	965
301130	235	190526	964	965
199238	235	188300	964	965
265429	235	189383	964	965
267708	235	201594	964	965
222080	235	189289	964	965
260621	235	188068	964	965
283369	235	189924	964	965
195062	235	189470	964	965
226118	235	189421	964	965
204759	235	188345	964	965
204695	235	188120	964	965
263890	235	192818	964	965
196361	235	195651	964	965
204795	235	188161	964	965
191496	235	189501	964	965
204428	235	189407	964	965
215175	235	188282	964	965
205718	235	189013	964	965
278712	235	189717	964	965
236058	235	189985	964	965
248385	235	188746	964	965
311756	235	188604	964	965
197503	235	189168	964	965
290873	235	188773	964	965
221589	235	191454	964	965
215613	235	189069	964	965
205863	235	188010	964	965
202292	235	188031	964	965
194656	235	188826	964	965
241387	235	190636	964	965
221159	235	190888	964	965
194616	235	188015	964	965
243011	235	189638	964	965
254551	235	188282	964	965
266299	235	190679	964	965
283875	235	188835	964	965
193713	235	248349	964	965
293353	235	188847	964	965
228662	235	258992	964	965
207075	235	188483	964	965
313641	235	196355	964	965
238179	235	188901	964	965
199118	235	188263	964	965
219002	235	188901	964	965
250839	235	189659	964	965
245848	235	188705	964	965
210770	235	188190	964	965
255959	235	190134	964	965
202607	235	188148	964	965
231019	235	190519	964	965
287071	235	372489	964	965
256927	235	190444	964	965
196130	235	189167	964	965
268115	235	190519	964	965
261355	235	189151	964	965
247757	235	188936	964	965
195035	235	189396	964	965
252568	235	193198	964	965
205637	235	188402	964	965
247783	235	188270	964	965
204642	235	189240	964	965
244214	235	188838	964	965
196895	235	188003	964	965
232432	235	190874	964	965
194646	235	193134	964	965
194302	235	189727	964	965
200706	235	192091	964	965
215817	235	189319	964	965
214311	235	189939	964	965
208322	235	188619	964	965
195283	235	188155	964	965
257751	235	188275	964	965
205401	235	188033	964	965
241141	235	188106	964	965
231980	235	189641	964	965
277482	235	188197	964	965
202977	235	188685	964	965
224184	235	188604	964	965
231997	235	188659	964	965
253168	235	208297	964	965
213933	235	190183	964	965
374873	235	188465	964	965
201453	235	188774	964	965
215639	235	188394	964	965
264379	235	190663	964	965
284801	235	219227	964	965
220347	235	190833	964	965
354797	235	193213	964	965
252954	235	189070	964	965
267596	235	201594	964	965
213018	235	188285	964	965
202572	235	204400	964	965
217253	235	188638	964	965
200188	235	188720	964	965
287145	235	188226	964	965
331487	235	188991	964	965
230720	235	189224	964	965
193069	235	199161	964	965
230134	235	188779	964	965
317551	235	254547	964	965
227051	235	188522	964	965
206175	235	188244	964	965
206447	235	189323	964	965
283446	235	189789	964	965
351688	235	188923	964	965
213998	235	190311	964	965
207592	235	188146	964	965
243736	235	189488	964	965
222469	235	189869	964	965
213549	235	189397	964	965
197210	235	188562	964	965
205051	235	192328	964	965
234638	235	240699	964	965
361040	289	361041	964	965
246194	235	188063	964	965
243971	235	189479	964	965
217146	235	188173	964	965
268400	235	190467	964	965
257427	235	194591	964	965
194518	235	188091	964	965
288512	235	190191	964	965
239097	235	189228	964	965
213131	235	188276	964	965
197488	235	188374	964	965
259704	235	190214	964	965
244973	235	188110	964	965
211801	235	188712	964	965
202427	235	188172	964	965
198482	235	190381	964	965
204474	235	188408	964	965
213940	235	189316	964	965
256988	235	189277	964	965
233487	235	188021	964	965
278435	235	189086	964	965
203797	235	193235	964	965
265320	235	191135	964	965
209507	235	188390	964	965
337057	235	188143	964	965
253793	235	188979	964	965
200941	235	188993	964	965
228921	235	188491	964	965
204216	235	188895	964	965
264684	235	190079	964	965
207229	235	188644	964	965
230561	235	191966	964	965
363372	235	190095	964	965
337800	235	328602	964	965
213298	235	190289	964	965
211143	235	188776	964	965
199416	235	188375	964	965
236215	235	190196	964	965
202142	235	188472	964	965
244836	235	192550	964	965
244354	235	189114	964	965
217592	235	188760	964	965
314976	235	189041	964	965
269032	235	189758	964	965
204704	235	188560	964	965
205911	235	191908	964	965
193910	235	193777	964	965
208910	235	188816	964	965
198522	235	188018	964	965
215800	235	189557	964	965
211714	235	189603	964	965
211387	235	188153	964	965
287582	235	190335	964	965
222744	235	188503	964	965
205516	235	188827	964	965
224610	235	189407	964	965
289357	235	190584	964	965
282533	235	287045	964	965
295243	235	189189	964	965
241040	235	188225	964	965
226585	235	188747	964	965
274681	235	233502	964	965
213342	235	188198	964	965
251526	235	188445	964	965
281844	235	189117	964	965
216527	235	194394	964	965
284945	235	188141	964	965
309847	235	192197	964	965
203760	235	188710	964	965
206405	235	188067	964	965
199592	235	188529	964	965
213081	235	188395	964	965
255274	235	188300	964	965
286682	235	190439	964	965
282522	235	199975	964	965
299077	235	209539	964	965
214891	235	325400	964	965
257660	235	191143	964	965
200952	235	189276	964	965
197217	235	188614	964	965
195122	235	188909	964	965
194850	235	188511	964	965
240219	235	190288	964	965
220754	235	189445	964	965
263919	235	189295	964	965
308357	235	192005	964	965
200705	235	188730	964	965
311234	235	191156	964	965
227402	235	190564	964	965
223727	235	188747	964	965
218064	235	190646	964	965
199087	235	193164	964	965
195963	235	188261	964	965
254476	235	189444	964	965
225382	235	188370	964	965
274555	235	188659	964	965
227894	235	193057	964	965
207041	235	188356	964	965
199417	235	188198	964	965
258807	235	189921	964	965
196439	235	189189	964	965
216804	235	189753	964	965
319902	235	189630	964	965
227723	235	189398	964	965
294418	235	189563	964	965
289278	235	206640	964	965
229699	235	188308	964	965
196463	235	205974	964	965
362664	235	315241	964	965
204146	235	188622	964	965
224894	235	188735	964	965
224655	235	188198	964	965
234577	235	189758	964	965
241839	235	191038	964	965
225658	235	188107	964	965
276212	235	188254	964	965
201883	235	188220	964	965
201329	235	188667	964	965
215429	235	188617	964	965
198850	235	188786	964	965
204041	235	189555	964	965
225494	235	188875	964	965
226258	235	188332	964	965
239240	235	188983	964	965
197740	235	188747	964	965
192755	235	188420	964	965
244969	235	189646	964	965
193455	235	188048	964	965
258409	235	188519	964	965
250624	235	189382	964	965
209092	235	188872	964	965
292313	235	202604	964	965
247340	235	190378	964	965
201421	235	188753	964	965
200685	235	193468	964	965
227064	235	189256	964	965
230651	235	188954	964	965
201880	235	188982	964	965
293076	235	189256	964	965
276217	235	189386	964	965
222309	235	189758	964	965
235352	235	189225	964	965
193739	235	189361	964	965
232790	235	188438	964	965
195096	235	191737	964	965
197895	235	190895	964	965
190983	235	188392	964	965
341780	235	211939	964	965
202452	235	188394	964	965
222552	235	188394	964	965
192972	235	188126	964	965
233514	235	218552	964	965
260260	235	188041	964	965
205175	235	188294	964	965
236658	235	189009	964	965
202045	235	189540	964	965
269968	235	207389	964	965
276273	235	190100	964	965
223253	235	189639	964	965
222726	235	190171	964	965
202128	235	355821	964	965
237045	235	188482	964	965
215005	235	190646	964	965
218783	235	188959	964	965
200228	235	188668	964	965
215581	235	188878	964	965
259503	235	188101	964	965
247691	235	188242	964	965
197074	235	188582	964	965
205269	235	188874	964	965
288449	235	190410	964	965
203001	235	188025	964	965
200393	235	257618	964	965
275341	235	188249	964	965
203461	235	188567	964	965
209451	235	197407	964	965
207698	235	188917	964	965
212069	235	189605	964	965
276030	235	189818	964	965
282578	235	190185	964	965
217976	235	189789	964	965
212029	235	202604	964	965
306516	235	190118	964	965
222262	235	188344	964	965
286151	235	218535	964	965
196173	235	188544	964	965
274520	235	188646	964	965
198209	235	188507	964	965
197761	235	188270	964	965
199068	235	188353	964	965
314912	235	189107	964	965
203095	235	188338	964	965
374066	235	194826	964	965
210999	235	192256	964	965
194762	235	188461	964	965
280625	235	189994	964	965
217102	235	188014	964	965
262733	235	191982	964	965
222578	235	188486	964	965
194521	235	188087	964	965
202047	235	188414	964	965
204683	235	188319	964	965
217486	235	191454	964	965
276014	235	244443	964	965
276555	235	218463	964	965
209567	235	189653	964	965
325908	235	189614	964	965
205702	235	190171	964	965
195307	235	188104	964	965
212713	235	188817	964	965
230497	235	189883	964	965
288053	235	190959	964	965
239365	235	189039	964	965
220243	235	190711	964	965
207372	235	188621	964	965
192993	235	188546	964	965
229570	235	190667	964	965
223077	235	188624	964	965
203074	235	189398	964	965
294757	235	207079	964	965
215587	235	189344	964	965
256250	235	188601	964	965
217215	235	190882	964	965
214313	235	189168	964	965
280988	235	189343	964	965
219305	235	189814	964	965
288587	235	189121	964	965
224022	235	188429	964	965
195970	235	261578	964	965
239222	235	188656	964	965
258264	235	188358	964	965
232969	235	188107	964	965
199443	235	189534	964	965
269537	235	189400	964	965
209742	235	189322	964	965
207981	235	188813	964	965
195766	235	204392	964	965
366462	235	191598	964	965
293430	235	191823	964	965
241818	235	188599	964	965
210128	235	188332	964	965
194508	235	188420	964	965
245280	235	191046	964	965
257713	235	190106	964	965
210186	235	190280	964	965
288840	235	189348	964	965
212470	235	188247	964	965
232591	235	188280	964	965
217768	235	191531	964	965
202182	235	189323	964	965
260548	235	188026	964	965
249091	235	191000	964	965
257957	235	193147	964	965
227656	235	189629	964	965
193978	235	191406	964	965
202633	235	188202	964	965
207989	235	188056	964	965
224622	235	189408	964	965
201428	235	188341	964	965
258050	235	189064	964	965
219748	235	190146	964	965
248413	235	189218	964	965
188632	267	251443	964	965
196852	235	192781	964	965
202190	235	195354	964	965
237487	235	188265	964	965
214018	235	189640	964	965
296045	235	189104	964	965
249816	235	188520	964	965
241784	235	191374	964	965
194183	235	188104	964	965
263691	235	188690	964	965
248950	235	211835	964	965
239512	235	188241	964	965
232271	235	190594	964	965
325567	235	190112	964	965
238368	235	190665	964	965
194113	235	188432	964	965
228884	235	189921	964	965
206881	235	189154	964	965
240755	235	189861	964	965
217325	235	192035	964	965
202497	235	188043	964	965
193768	235	188498	964	965
217540	235	189411	964	965
298835	235	188489	964	965
248383	235	189749	964	965
226020	235	189153	964	965
240102	235	189851	964	965
194190	235	190555	964	965
198000	235	190109	964	965
221879	235	244771	964	965
348114	235	310069	964	965
245894	235	188780	964	965
373473	235	237105	964	965
219617	235	189597	964	965
220933	235	188649	964	965
210516	235	189880	964	965
243802	235	190325	964	965
206211	235	189516	964	965
200925	235	190102	964	965
232148	235	188342	964	965
245984	235	189004	964	965
216484	235	188140	964	965
219297	235	188745	964	965
254988	235	191531	964	965
258665	235	189911	964	965
217414	235	189358	964	965
278749	235	188792	964	965
204943	235	192314	964	965
196346	235	188415	964	965
251628	235	188532	964	965
318904	235	188069	964	965
255805	235	189775	964	965
200366	235	189655	964	965
194253	235	188137	964	965
237515	235	188379	964	965
237055	235	190682	964	965
208658	235	188584	964	965
204459	235	188941	964	965
242932	235	220613	964	965
294731	235	189664	964	965
256657	235	191373	964	965
217126	235	190408	964	965
193409	235	188617	964	965
221027	235	189689	964	965
213096	235	188783	964	965
316800	235	204063	964	965
248076	235	189220	964	965
220282	235	188883	964	965
192915	235	188368	964	965
218001	235	188669	964	965
196244	235	188386	964	965
208109	235	188357	964	965
293075	235	192236	964	965
204778	235	191601	964	965
213285	235	189587	964	965
215312	235	188701	964	965
238971	235	188869	964	965
248455	235	189156	964	965
267876	235	189905	964	965
236641	235	190035	964	965
203360	235	188729	964	965
237866	235	191512	964	965
203183	235	188614	964	965
209452	235	188291	964	965
210412	235	188344	964	965
345769	235	190984	964	965
236338	235	188054	964	965
193354	235	188738	964	965
263206	235	188802	964	965
288296	235	190184	964	965
218362	235	190039	964	965
238525	235	188253	964	965
214837	235	188830	964	965
230596	235	189278	964	965
267743	235	188980	964	965
214260	235	188304	964	965
298561	235	188005	964	965
333489	235	193638	964	965
204629	235	188132	964	965
275450	235	190183	964	965
212217	235	188319	964	965
260382	235	189114	964	965
289260	235	188143	964	965
294389	235	192618	964	965
215241	235	188883	964	965
202989	235	209992	964	965
199087	235	188121	964	965
276974	235	190454	964	965
216459	235	190159	964	965
215854	235	190538	964	965
200830	235	188253	964	965
267689	235	208917	964	965
253625	235	197363	964	965
197372	235	190594	964	965
215170	235	188496	964	965
240799	235	191116	964	965
229855	235	189454	964	965
298402	235	190824	964	965
195908	235	188238	964	965
207063	235	190234	964	965
285150	235	201594	964	965
319721	235	189454	964	965
213461	235	188192	964	965
190157	239	194108	964	965
206048	235	188394	964	965
206219	235	189306	964	965
220831	235	192256	964	965
203069	235	188901	964	965
238351	235	190118	964	965
222917	235	189195	964	965
227826	235	188881	964	965
195393	235	189820	964	965
215211	235	229021	964	965
199897	235	188068	964	965
209784	235	188186	964	965
198784	235	188706	964	965
194431	235	232139	964	965
313360	235	191936	964	965
232597	235	190795	964	965
197091	235	188052	964	965
219222	235	203079	964	965
198795	235	191795	964	965
237202	235	230677	964	965
205999	235	190134	964	965
197679	235	188105	964	965
269604	235	189043	964	965
223263	235	189137	964	965
281338	235	190754	964	965
263206	235	188105	964	965
233476	235	192038	964	965
198203	235	234713	964	965
288064	235	189281	964	965
224922	235	188086	964	965
232709	235	190549	964	965
220167	235	188993	964	965
277417	235	189386	964	965
206378	235	188374	964	965
193389	235	188583	964	965
203238	235	289077	964	965
245257	235	189045	964	965
200941	235	188874	964	965
226757	235	188555	964	965
236355	235	190803	964	965
206473	235	189019	964	965
199950	235	188739	964	965
192667	235	219675	964	965
205421	235	188055	964	965
225412	235	189726	964	965
204880	235	188468	964	965
221660	235	189041	964	965
249187	235	198299	964	965
224439	235	188567	964	965
195175	235	188543	964	965
221078	235	188543	964	965
206513	235	189789	964	965
195040	235	188706	964	965
196203	235	188368	964	965
296989	235	188929	964	965
261698	235	190223	964	965
220693	235	188966	964	965
196989	235	192166	964	965
196981	235	188636	964	965
370572	235	189587	964	965
203365	235	189371	964	965
255654	235	190595	964	965
245409	235	190753	964	965
208635	235	190090	964	965
200538	235	214865	964	965
277059	235	189766	964	965
206684	235	189821	964	965
203436	235	189354	964	965
213715	235	188394	964	965
268121	235	240306	964	965
239629	235	191733	964	965
214320	235	189929	964	965
282967	235	191271	964	965
269160	235	191726	964	965
224670	235	188109	964	965
250835	235	188768	964	965
239601	235	200923	964	965
212513	235	188596	964	965
217189	235	188961	964	965
278458	235	189121	964	965
198972	235	188079	964	965
257646	235	189863	964	965
230299	235	190490	964	965
198150	235	188782	964	965
230684	235	188532	964	965
234686	235	188542	964	965
197184	235	189452	964	965
345556	235	206571	964	965
207206	235	190946	964	965
201246	235	188298	964	965
247390	235	188211	964	965
244065	235	190950	964	965
201183	235	189064	964	965
195838	235	189760	964	965
269894	235	197349	964	965
223212	235	188567	964	965
250673	235	191087	964	965
276203	235	201991	964	965
194775	235	188778	964	965
220250	235	188341	964	965
233177	235	188726	964	965
270223	235	188469	964	965
242755	235	188017	964	965
200504	235	188344	964	965
213351	235	189022	964	965
270960	235	191209	964	965
197700	235	282048	964	965
257567	235	189454	964	965
239880	235	191982	964	965
222638	235	188469	964	965
239066	235	189109	964	965
264506	235	188440	964	965
347200	235	194385	964	965
215256	235	188010	964	965
260471	235	188119	964	965
208551	235	191986	964	965
278802	235	268429	964	965
228414	235	188189	964	965
248097	235	188542	964	965
221452	235	201663	964	965
201718	235	199411	964	965
213063	235	188705	964	965
259642	235	259579	964	965
230202	235	188607	964	965
213926	235	190171	964	965
197360	235	189862	964	965
232148	235	188973	964	965
222557	235	189775	964	965
280559	235	188767	964	965
310531	235	188442	964	965
239347	235	189399	964	965
220763	235	188052	964	965
231030	235	188472	964	965
283080	235	195070	964	965
198560	235	188490	964	965
193056	235	188438	964	965
361080	235	223448	964	965
225326	235	190288	964	965
294925	235	189226	964	965
269544	235	191051	964	965
276439	235	193181	964	965
219500	235	189870	964	965
205786	235	355821	964	965
228201	235	189454	964	965
218880	235	188822	964	965
201883	235	188579	964	965
238431	235	189319	964	965
228491	235	191065	964	965
296825	235	189452	964	965
218751	235	189985	964	965
277679	235	188876	964	965
229093	235	188957	964	965
216999	235	189636	964	965
205959	235	191403	964	965
245417	235	189067	964	965
197860	235	188140	964	965
259211	235	188333	964	965
218912	235	190321	964	965
302515	235	189321	964	965
281077	235	188964	964	965
206076	235	188605	964	965
295971	235	192261	964	965
199478	235	188483	964	965
258794	235	190880	964	965
250644	235	189540	964	965
231680	235	188337	964	965
191533	235	189138	964	965
197837	235	188107	964	965
194756	235	225266	964	965
212871	235	189017	964	965
198729	235	188512	964	965
343093	235	188219	964	965
273800	235	343837	964	965
209282	235	188178	964	965
223057	235	188253	964	965
218281	235	189072	964	965
232941	235	188119	964	965
362107	235	288947	964	965
212455	235	189718	964	965
220295	235	188223	964	965
232418	235	188964	964	965
217905	235	188878	964	965
212229	235	188562	964	965
273016	235	188884	964	965
203732	235	188729	964	965
239674	235	189133	964	965
198745	235	189742	964	965
217173	235	188690	964	965
196919	235	189520	964	965
236537	235	189058	964	965
247683	235	191291	964	965
216379	235	190174	964	965
212101	235	189329	964	965
254368	235	189397	964	965
212614	235	188964	964	965
226792	235	188061	964	965
241362	235	188110	964	965
197153	235	188658	964	965
222582	235	189967	964	965
193149	235	188780	964	965
214004	235	190421	964	965
215898	235	188660	964	965
287976	235	188577	964	965
263411	235	189320	964	965
198985	235	190925	964	965
201975	235	193637	964	965
207486	235	188294	964	965
216753	235	188542	964	965
193238	235	204552	964	965
192309	235	188155	964	965
281528	235	192255	964	965
208929	235	189510	964	965
201746	235	188358	964	965
232197	235	190104	964	965
208287	235	188610	964	965
204630	235	189939	964	965
202786	235	188017	964	965
198671	235	188109	964	965
313633	235	188868	964	965
234832	235	188896	964	965
261435	235	190141	964	965
275813	235	190410	964	965
244752	235	188868	964	965
265170	235	193456	964	965
278379	235	191752	964	965
209147	235	188190	964	965
215580	235	188726	964	965
251061	235	189375	964	965
375358	235	364286	964	965
210145	235	188310	964	965
214210	235	188999	964	965
252053	235	189319	964	965
188082	239	204447	964	965
356954	235	188474	964	965
258558	235	196355	964	965
284683	235	192669	964	965
266246	235	204541	964	965
205711	235	192142	964	965
234842	235	190186	964	965
276008	235	189659	964	965
247214	235	216781	964	965
245448	235	188395	964	965
271937	235	190850	964	965
240980	235	189738	964	965
307621	235	189209	964	965
297117	235	191119	964	965
255816	235	188155	964	965
196126	235	188584	964	965
230691	235	188897	964	965
201372	235	189921	964	965
198384	235	188060	964	965
223758	235	188465	964	965
213494	235	189238	964	965
222627	235	191879	964	965
253169	235	191422	964	965
233033	235	188994	964	965
219295	235	188220	964	965
234914	235	188515	964	965
240931	235	189308	964	965
197296	235	188121	964	965
197206	235	188624	964	965
290338	235	188899	964	965
250901	235	197125	964	965
199228	235	188318	964	965
328456	235	190928	964	965
194784	235	188219	964	965
272921	235	189410	964	965
317888	235	189146	964	965
198326	235	188558	964	965
255060	235	190988	964	965
210862	235	235598	964	965
275972	235	191879	964	965
302941	235	188098	964	965
204260	235	188189	964	965
261245	235	189403	964	965
206174	235	188774	964	965
253730	235	196152	964	965
311047	235	196227	964	965
196611	235	191103	964	965
266843	235	189137	964	965
285824	235	210909	964	965
200753	235	191208	964	965
200662	235	188073	964	965
254383	235	188290	964	965
268411	235	191208	964	965
199527	235	189396	964	965
201740	235	189361	964	965
226608	235	188281	964	965
240649	235	195717	964	965
194574	235	188488	964	965
236339	235	191271	964	965
228409	235	189312	964	965
195456	235	188432	964	965
295140	235	224130	964	965
271571	235	189740	964	965
196728	235	188710	964	965
227327	235	246867	964	965
224241	235	188364	964	965
299403	235	192214	964	965
231872	235	189319	964	965
206601	235	188570	964	965
196487	235	190141	964	965
248270	235	193075	964	965
204363	235	188096	964	965
208613	235	188128	964	965
225423	235	188887	964	965
202923	235	188247	964	965
260335	235	191452	964	965
197870	235	188307	964	965
207327	235	188029	964	965
207839	235	189471	964	965
220881	235	189677	964	965
275132	235	190669	964	965
237389	235	188407	964	965
277494	235	189698	964	965
301897	235	189611	964	965
264860	235	191629	964	965
289528	235	189225	964	965
222592	235	188647	964	965
208331	235	189840	964	965
207409	235	188010	964	965
214826	235	188324	964	965
236543	235	189102	964	965
308832	235	189423	964	965
210951	235	189289	964	965
193530	235	191103	964	965
195665	235	188428	964	965
283326	235	189048	964	965
203081	235	188570	964	965
223736	235	190435	964	965
194983	235	190153	964	965
255627	235	191452	964	965
244301	235	200255	964	965
263689	235	191548	964	965
247307	235	191454	964	965
282351	235	218814	964	965
212436	235	188660	964	965
216818	235	189267	964	965
228864	235	188983	964	965
197293	235	188829	964	965
211244	235	188315	964	965
219688	235	188386	964	965
200357	235	188164	964	965
244994	235	191737	964	965
276634	235	266376	964	965
199047	235	188229	964	965
370703	235	364172	964	965
202113	235	188308	964	965
213646	235	189319	964	965
195870	235	201831	964	965
310871	235	189604	964	965
251679	235	191661	964	965
271181	235	343837	964	965
252949	235	198779	964	965
197739	235	189037	964	965
201558	235	189750	964	965
243046	235	189067	964	965
202224	235	190961	964	965
195686	235	188059	964	965
234402	235	189390	964	965
244493	235	191112	964	965
229865	235	190545	964	965
218672	235	188093	964	965
205867	235	188179	964	965
205797	235	189540	964	965
288034	235	190340	964	965
199947	235	188901	964	965
251186	235	191936	964	965
216582	235	188168	964	965
238083	235	188107	964	965
306491	235	190663	964	965
207205	235	189998	964	965
318854	235	190585	964	965
238775	235	190368	964	965
276287	235	246078	964	965
296415	235	189201	964	965
261148	235	190049	964	965
203630	235	189352	964	965
254438	235	190886	964	965
195745	235	190655	964	965
194847	235	188050	964	965
227593	235	189103	964	965
231723	235	204769	964	965
252565	235	189121	964	965
216219	235	191780	964	965
281162	235	298509	964	965
247378	235	188116	964	965
195811	235	189689	964	965
271166	235	188119	964	965
197006	235	188254	964	965
208240	235	188888	964	965
198243	235	188149	964	965
237696	235	190066	964	965
204643	235	188010	964	965
211681	235	188438	964	965
207110	235	188397	964	965
203161	235	189835	964	965
207637	235	188491	964	965
329950	235	192872	964	965
248912	235	191370	964	965
255764	235	189142	964	965
212699	235	188660	964	965
198823	47	316008	964	965
291208	235	189972	964	965
249858	235	231107	964	965
196621	235	188281	964	965
197910	235	189075	964	965
247709	235	188253	964	965
199210	235	191409	964	965
240553	235	189749	964	965
218520	235	188388	964	965
340598	235	191821	964	965
280052	235	245171	964	965
209875	235	189166	964	965
216959	235	188815	964	965
217365	235	190134	964	965
214169	235	190734	964	965
359932	42	309204	964	965
232347	235	194141	964	965
209898	235	188381	964	965
226381	235	192538	964	965
255068	235	188386	964	965
227559	235	221870	964	965
196977	235	188202	964	965
235880	235	189045	964	965
200808	235	188432	964	965
289683	235	188646	964	965
295040	235	191194	964	965
223414	235	191629	964	965
207629	235	190443	964	965
198624	235	188613	964	965
225303	235	189500	964	965
205838	235	189149	964	965
247318	235	188048	964	965
199512	235	189685	964	965
254339	235	191998	964	965
214206	235	188660	964	965
197530	235	188379	964	965
235037	235	192726	964	965
273761	235	190530	964	965
219999	235	196152	964	965
223286	235	188626	964	965
219772	235	191701	964	965
214766	235	191401	964	965
197936	235	188307	964	965
290157	235	189230	964	965
214169	235	188996	964	965
211300	235	191374	964	965
207046	235	188025	964	965
333125	235	190646	964	965
316587	235	188469	964	965
233158	235	188982	964	965
210441	235	188033	964	965
197652	235	189811	964	965
271440	235	193181	964	965
197132	235	193181	964	965
219302	235	192130	964	965
201699	235	189431	964	965
215215	235	190289	964	965
195097	235	188875	964	965
198838	235	189107	964	965
219360	235	214700	964	965
323035	235	189431	964	965
209928	235	188910	964	965
296125	235	190953	964	965
200347	235	188152	964	965
250774	235	188868	964	965
199211	235	188946	964	965
202099	235	191161	964	965
249715	235	188345	964	965
194677	235	190045	964	965
268293	235	189124	964	965
270619	235	188093	964	965
230364	235	188583	964	965
218454	235	189645	964	965
211035	235	188565	964	965
268031	235	189088	964	965
217140	235	192397	964	965
289540	235	191849	964	965
230856	235	188898	964	965
236887	235	188079	964	965
275099	235	189883	964	965
234851	235	188981	964	965
215834	235	242088	964	965
214044	235	189740	964	965
197245	235	189921	964	965
268221	235	192350	964	965
200386	235	189932	964	965
277682	235	189391	964	965
204219	235	188445	964	965
210466	235	193648	964	965
203193	235	190871	964	965
196749	235	192390	964	965
220055	235	189605	964	965
214216	235	188218	964	965
218050	235	197363	964	965
271380	235	192269	964	965
290744	235	189289	964	965
317900	235	189596	964	965
254150	235	237312	964	965
230328	235	203201	964	965
294675	235	190663	964	965
247632	235	189263	964	965
257301	235	189781	964	965
196196	235	188710	964	965
215195	235	188126	964	965
238539	235	188567	964	965
229276	235	190749	964	965
274922	235	189277	964	965
193063	235	188034	964	965
223470	235	188917	964	965
224295	235	190775	964	965
204692	235	188403	964	965
200552	235	308300	964	965
224774	235	190946	964	965
195406	235	188128	964	965
214577	235	189921	964	965
192478	235	188668	964	965
209467	235	199277	964	965
201517	47	192450	964	965
208687	235	188657	964	965
203062	235	188539	964	965
235417	235	202985	964	965
261498	235	189453	964	965
198839	235	192314	964	965
203887	235	189179	964	965
316503	235	189648	964	965
198990	235	188108	964	965
210683	235	203382	964	965
213582	235	189276	964	965
249805	235	190595	964	965
263031	235	196355	964	965
236174	235	188478	964	965
204021	235	189466	964	965
203770	235	188023	964	965
266027	235	274300	964	965
339465	235	206350	964	965
224348	235	188700	964	965
214324	235	191163	964	965
203805	235	188221	964	965
267596	235	188493	964	965
196066	235	188610	964	965
214377	235	190171	964	965
299793	235	190066	964	965
201926	235	188387	964	965
195612	235	188237	964	965
199251	235	188277	964	965
202726	235	188574	964	965
225786	235	188469	964	965
269275	235	200641	964	965
217326	235	188851	964	965
213862	235	190040	964	965
236680	235	188544	964	965
222968	235	188373	964	965
206440	235	188198	964	965
227951	235	189397	964	965
226619	235	189403	964	965
202440	235	188567	964	965
197779	235	196525	964	965
201103	235	188483	964	965
245448	235	190321	964	965
276315	235	188225	964	965
214797	235	189092	964	965
220079	235	189312	964	965
261794	235	189826	964	965
230029	235	198900	964	965
188304	239	263106	964	965
236604	235	188634	964	965
294771	235	189601	964	965
205787	235	188218	964	965
266265	235	189194	964	965
216644	235	189228	964	965
199639	235	188853	964	965
195555	235	188606	964	965
205621	235	189293	964	965
206383	235	188461	964	965
214832	235	188149	964	965
213978	235	188496	964	965
225056	235	190118	964	965
229317	235	189421	964	965
215476	235	188538	964	965
244860	235	190307	964	965
233843	235	199275	964	965
199290	235	188330	964	965
281124	235	191792	964	965
217796	235	191548	964	965
211677	235	188463	964	965
243343	235	193785	964	965
267749	235	188917	964	965
240172	235	188041	964	965
197243	235	188347	964	965
207735	235	188219	964	965
213000	235	188728	964	965
199733	235	188657	964	965
211958	235	188995	964	965
284965	235	190408	964	965
250015	235	190775	964	965
230814	235	188072	964	965
284143	235	192383	964	965
205171	235	189117	964	965
207478	235	220731	964	965
260612	235	190636	964	965
213028	235	188956	964	965
257369	235	188217	964	965
314864	235	191123	964	965
250330	235	189230	964	965
267557	235	188706	964	965
196262	235	189791	964	965
200354	235	188565	964	965
198683	235	210992	964	965
253402	235	188223	964	965
203857	235	191989	964	965
197682	235	217837	964	965
196249	235	188388	964	965
204354	235	188876	964	965
232308	235	188324	964	965
261558	235	188806	964	965
207276	235	188897	964	965
236513	235	188899	964	965
221209	235	188561	964	965
217711	235	188567	964	965
302661	235	191373	964	965
266790	235	189048	964	965
281952	235	188557	964	965
194640	235	191586	964	965
226958	235	195851	964	965
219104	235	190064	964	965
218834	235	188555	964	965
224204	235	196429	964	965
227983	235	189320	964	965
196859	235	188267	964	965
206407	235	190465	964	965
197667	235	189303	964	965
212288	235	209124	964	965
300783	235	192055	964	965
272319	235	189121	964	965
271822	235	189638	964	965
254674	235	189338	964	965
206843	235	189266	964	965
200712	235	189156	964	965
210043	235	188434	964	965
212644	235	188876	964	965
196581	235	189470	964	965
248017	235	189758	964	965
263287	235	189921	964	965
194944	235	188066	964	965
203030	235	190968	964	965
317231	235	195104	964	965
292512	235	189614	964	965
241736	235	188075	964	965
213825	235	188305	964	965
253351	235	188201	964	965
202151	235	191079	964	965
200215	235	188264	964	965
284031	235	202090	964	965
198883	235	188524	964	965
223094	235	189040	964	965
226434	235	188185	964	965
206158	235	189981	964	965
247510	235	188227	964	965
266441	235	192581	964	965
205363	235	207389	964	965
198240	235	189452	964	965
249503	235	189121	964	965
197272	235	188014	964	965
223870	235	188995	964	965
248412	235	188282	964	965
298672	235	189092	964	965
206695	235	190775	964	965
218657	235	188465	964	965
199825	235	188851	964	965
191997	235	218989	964	965
240573	235	190213	964	965
212719	235	189163	964	965
214110	235	188659	964	965
215401	235	192745	964	965
221980	235	188247	964	965
322827	235	188669	964	965
224368	235	188927	964	965
269607	235	189583	964	965
195380	235	188619	964	965
211780	235	191947	964	965
197416	235	188556	964	965
199369	235	189303	964	965
317094	235	190037	964	965
211640	235	190846	964	965
268913	235	191112	964	965
329071	235	188009	964	965
277338	235	188898	964	965
262648	235	188545	964	965
223030	235	189659	964	965
197937	235	188710	964	965
224879	235	188126	964	965
201279	235	188477	964	965
211879	235	191907	964	965
230266	235	188680	964	965
207050	235	188975	964	965
266023	235	188952	964	965
268259	235	214865	964	965
237613	235	188183	964	965
257131	235	188219	964	965
195677	235	188515	964	965
205516	235	188291	964	965
277996	235	189902	964	965
201053	239	329065	964	965
220319	235	188498	964	965
194026	235	188079	964	965
305940	235	190100	964	965
216567	235	188070	964	965
203118	235	191093	964	965
236427	235	188106	964	965
270992	235	188118	964	965
328529	235	188483	964	965
205395	235	189179	964	965
214515	235	188912	964	965
199377	235	192628	964	965
272299	235	189267	964	965
228153	235	188429	964	965
212201	235	188470	964	965
193915	235	188140	964	965
261492	235	188988	964	965
202823	235	191754	964	965
199618	235	188207	964	965
207188	235	188712	964	965
226912	235	191420	964	965
220635	235	191584	964	965
251389	235	190833	964	965
217409	235	188276	964	965
249226	235	191341	964	965
242432	235	189307	964	965
212429	235	188567	964	965
232376	235	188133	964	965
193867	235	190640	964	965
191861	235	188438	964	965
196799	235	188096	964	965
210156	235	188605	964	965
206025	235	188070	964	965
275210	235	207936	964	965
212922	235	188356	964	965
274107	235	190009	964	965
199094	235	189435	964	965
324348	235	188158	964	965
324339	235	189082	964	965
194188	235	193015	964	965
283676	235	189454	964	965
326818	235	189047	964	965
251997	235	200634	964	965
291677	235	189587	964	965
260745	235	188451	964	965
265529	235	188088	964	965
219388	235	192261	964	965
203359	235	191512	964	965
243579	235	188947	964	965
279230	235	189675	964	965
235782	235	188583	964	965
283091	235	189099	964	965
215513	235	189116	964	965
281558	235	188148	964	965
196302	235	188010	964	965
205798	235	189005	964	965
231482	235	188824	964	965
236670	235	189303	964	965
222997	235	191255	964	965
203028	235	188232	964	965
272491	235	189071	964	965
217352	235	189738	964	965
221885	235	188480	964	965
273023	235	189854	964	965
194201	235	188206	964	965
286589	235	189678	964	965
231542	235	189246	964	965
249725	235	189012	964	965
216649	235	188781	964	965
258333	235	189985	964	965
284295	235	189338	964	965
219133	235	188966	964	965
208862	235	190439	964	965
204485	235	188543	964	965
192967	235	188061	964	965
255996	235	198037	964	965
198730	235	188126	964	965
202541	235	188697	964	965
209390	235	188422	964	965
192232	235	188097	964	965
214680	235	191324	964	965
219935	235	189098	964	965
198623	235	188079	964	965
201829	235	188166	964	965
256639	235	188936	964	965
348974	235	188891	964	965
251660	235	188776	964	965
264148	235	189102	964	965
203668	235	188393	964	965
255120	235	188087	964	965
200551	235	188034	964	965
213422	235	188771	964	965
282425	235	191989	964	965
291983	235	189252	964	965
248734	235	188344	964	965
264199	235	190830	964	965
210945	235	188543	964	965
254465	235	228001	964	965
198259	235	190171	964	965
272285	235	189749	964	965
210639	235	188092	964	965
206252	235	188026	964	965
305224	235	191439	964	965
204259	235	188206	964	965
232640	235	189102	964	965
258252	235	191687	964	965
215115	235	192186	964	965
195298	235	188145	964	965
194911	235	192461	964	965
253320	235	190229	964	965
207453	235	188377	964	965
311575	235	189939	964	965
208899	235	188883	964	965
357588	235	188449	964	965
251950	235	191946	964	965
200559	235	189262	964	965
365253	235	188388	964	965
259503	235	190171	964	965
228960	235	188654	964	965
194145	235	188324	964	965
283289	235	189164	964	965
206874	235	188874	964	965
207402	235	188097	964	965
202682	235	188585	964	965
205936	235	189610	964	965
196438	235	188226	964	965
223146	235	189793	964	965
222574	235	194516	964	965
203210	235	193967	964	965
217409	235	189728	964	965
248681	235	190551	964	965
223168	235	189250	964	965
252267	235	191254	964	965
276171	235	189014	964	965
214823	235	189164	964	965
202324	235	189369	964	965
234281	235	188219	964	965
201568	235	188388	964	965
295784	235	188784	964	965
198666	235	188031	964	965
223349	235	190217	964	965
250265	235	191601	964	965
249452	235	190171	964	965
196042	235	188276	964	965
200192	235	190285	964	965
239073	235	190642	964	965
218740	235	189301	964	965
217490	235	190138	964	965
206849	235	188186	964	965
301557	235	198344	964	965
221296	235	189240	964	965
206022	235	189870	964	965
274837	235	188733	964	965
202161	235	188132	964	965
194576	235	188394	964	965
224555	235	188773	964	965
266325	235	188469	964	965
200548	235	191981	964	965
206130	235	188034	964	965
223330	235	189452	964	965
192829	235	188173	964	965
194680	235	188388	964	965
198229	235	188119	964	965
205137	235	188487	964	965
250403	235	188041	964	965
241676	235	191454	964	965
192021	235	190824	964	965
218328	235	188132	964	965
261739	235	192924	964	965
266544	235	189053	964	965
212925	235	189510	964	965
201987	235	189407	964	965
230689	235	188844	964	965
218845	235	190891	964	965
322491	235	189604	964	965
237378	235	188388	964	965
274960	235	192914	964	965
255069	235	205510	964	965
259611	235	188436	964	965
224628	235	191194	964	965
279481	235	190271	964	965
206635	235	188706	964	965
219613	235	188614	964	965
324408	235	194989	964	965
227201	235	188490	964	965
195369	235	189770	964	965
192930	235	188162	964	965
200096	235	188317	964	965
197630	235	188789	964	965
262971	235	193066	964	965
199465	235	188737	964	965
203697	235	193386	964	965
311759	235	188332	964	965
298775	235	189514	964	965
203843	235	191917	964	965
306773	235	189454	964	965
213873	235	188780	964	965
194964	235	188570	964	965
298317	235	189433	964	965
248324	235	191401	964	965
214562	235	188649	964	965
241612	235	188876	964	965
231287	235	189071	964	965
207094	235	189022	964	965
250690	235	190454	964	965
208542	235	232301	964	965
227433	235	189312	964	965
210417	235	189753	964	965
207783	235	189411	964	965
231843	235	188870	964	965
231934	235	235598	964	965
268575	235	189749	964	965
195615	235	189327	964	965
214875	235	191324	964	965
200032	235	188320	964	965
199494	235	188065	964	965
195422	235	221927	964	965
248479	235	189605	964	965
194541	235	189221	964	965
206546	235	188373	964	965
284851	235	189230	964	965
194310	235	189512	964	965
270285	235	189071	964	965
312079	235	189452	964	965
204347	235	188794	964	965
201521	235	190289	964	965
271545	235	190057	964	965
213455	235	189949	964	965
297866	235	188470	964	965
265785	235	189894	964	965
208171	235	188275	964	965
226487	235	199411	964	965
228857	235	188464	964	965
213438	235	188900	964	965
220864	235	188743	964	965
220674	235	194551	964	965
238101	235	189010	964	965
243214	235	190686	964	965
225424	235	190213	964	965
209557	235	188302	964	965
212086	235	189338	964	965
214914	235	188338	964	965
196043	235	189123	964	965
246620	235	188622	964	965
259716	235	189048	964	965
314506	235	189712	964	965
196795	235	191512	964	965
239550	235	188509	964	965
220992	235	188660	964	965
205898	235	188865	964	965
271809	235	189529	964	965
196159	235	188285	964	965
238436	235	192362	964	965
201218	235	188059	964	965
350591	235	192618	964	965
194157	235	189173	964	965
240466	235	190353	964	965
216567	235	188999	964	965
311080	235	189098	964	965
247231	235	189854	964	965
225349	235	189973	964	965
213382	235	188853	964	965
206876	235	188691	964	965
265059	235	190191	964	965
257131	235	189117	964	965
193259	235	189291	964	965
203104	235	189070	964	965
306226	235	189117	964	965
214696	235	189150	964	965
218910	235	188555	964	965
291043	235	189031	964	965
243696	235	188041	964	965
302338	235	193895	964	965
194065	235	188126	964	965
262514	235	201594	964	965
250964	235	188634	964	965
263449	235	188473	964	965
262972	235	188729	964	965
200715	235	188156	964	965
239676	235	188539	964	965
230763	235	189463	964	965
282156	235	190321	964	965
221832	235	189075	964	965
271214	235	224107	964	965
250667	235	188101	964	965
201324	235	191400	964	965
249212	235	189242	964	965
245217	235	189636	964	965
229999	235	191171	964	965
275107	235	190955	964	965
242032	235	188683	964	965
205491	235	188567	964	965
205897	235	191179	964	965
285256	235	188782	964	965
202462	235	188098	964	965
195603	235	190129	964	965
207605	235	190891	964	965
203364	235	188545	964	965
221458	235	192311	964	965
201715	235	190384	964	965
200496	235	192219	964	965
268517	235	189007	964	965
228295	235	188021	964	965
236782	235	188280	964	965
259139	235	189455	964	965
252948	235	190789	964	965
252534	235	189994	964	965
217984	235	191209	964	965
211361	235	201712	964	965
249821	235	190310	964	965
194769	235	188640	964	965
195951	235	188606	964	965
195930	235	190699	964	965
196167	235	188740	964	965
250580	235	189017	964	965
282530	235	189318	964	965
307333	235	189967	964	965
200330	235	188480	964	965
226513	235	199444	964	965
294116	235	201264	964	965
296459	235	195105	964	965
196990	235	189648	964	965
195655	235	188910	964	965
204803	235	188118	964	965
196385	235	189463	964	965
202617	235	189443	964	965
274557	235	192974	964	965
195065	235	189142	964	965
292290	235	190095	964	965
262128	235	189134	964	965
248576	235	192592	964	965
202328	235	189518	964	965
198159	235	188806	964	965
203403	235	188262	964	965
218230	235	188113	964	965
281514	235	250388	964	965
222668	235	190321	964	965
236934	235	193958	964	965
198644	235	188158	964	965
264728	235	189563	964	965
282049	235	189286	964	965
200265	235	193212	964	965
210204	235	188979	964	965
237333	235	193262	964	965
215999	235	192397	964	965
198415	235	188502	964	965
195666	235	188201	964	965
279811	235	193453	964	965
260295	235	189742	964	965
266429	235	190432	964	965
250440	235	189899	964	965
200050	235	188029	964	965
255557	235	190139	964	965
206118	235	190265	964	965
230402	235	192034	964	965
244382	235	189391	964	965
219973	235	188429	964	965
207997	235	188872	964	965
198323	235	188113	964	965
217879	235	188522	964	965
272258	235	189638	964	965
257211	235	188388	964	965
211587	235	188161	964	965
206520	235	188143	964	965
222698	235	188899	964	965
192000	235	188538	964	965
234099	235	206608	964	965
221395	235	188792	964	965
231981	235	189169	964	965
198947	235	188031	964	965
200892	235	188731	964	965
238055	235	265451	964	965
196612	235	188225	964	965
193699	235	188345	964	965
214692	235	189910	964	965
203077	235	189981	964	965
209360	235	192710	964	965
207957	235	190171	964	965
230372	235	197363	964	965
195713	235	188277	964	965
222825	235	188320	964	965
192209	235	188420	964	965
320046	235	189047	964	965
231166	235	188555	964	965
267583	235	189134	964	965
258124	235	188129	964	965
290951	235	191116	964	965
266126	235	189963	964	965
201331	235	188264	964	965
258257	235	189221	964	965
266840	235	190176	964	965
212097	235	188075	964	965
232223	289	339997	964	965
208931	235	188035	964	965
236776	235	189220	964	965
249093	235	188973	964	965
300318	235	191879	964	965
291085	235	220963	964	965
252291	235	188464	964	965
226158	235	191420	964	965
244521	235	189781	964	965
197715	235	210415	964	965
195654	235	190468	964	965
214687	235	189386	964	965
198776	235	188118	964	965
275182	235	188830	964	965
202023	235	256771	964	965
193082	235	191161	964	965
369981	235	296699	964	965
274966	235	189659	964	965
225503	235	189381	964	965
252711	235	188628	964	965
208844	235	192259	964	965
206011	235	188281	964	965
300710	235	207100	964	965
204564	235	219380	964	965
223524	235	203382	964	965
276022	235	189205	964	965
211938	235	188273	964	965
221966	235	190307	964	965
362022	235	310069	964	965
222819	235	188870	964	965
245334	235	190171	964	965
248819	235	240260	964	965
200372	235	188294	964	965
276478	235	198178	964	965
236006	235	189429	964	965
317502	235	191726	964	965
255309	235	188705	964	965
261393	235	189544	964	965
217615	235	188043	964	965
246070	235	188661	964	965
232224	235	189195	964	965
202542	235	189299	964	965
272050	235	188231	964	965
284106	235	190538	964	965
226621	235	189822	964	965
202133	235	189952	964	965
211418	235	190515	964	965
212638	235	189798	964	965
293748	235	193270	964	965
218397	235	189159	964	965
291792	235	189728	964	965
225246	235	190183	964	965
226402	235	208297	964	965
243489	235	188388	964	965
321057	235	190311	964	965
194424	235	188037	964	965
202711	235	189169	964	965
289101	235	189967	964	965
303804	235	190619	964	965
192782	235	188868	964	965
263574	235	192231	964	965
223441	235	188294	964	965
194884	235	188107	964	965
210572	235	189350	964	965
230044	235	188041	964	965
272170	235	188302	964	965
315221	235	191374	964	965
220137	235	189050	964	965
264981	235	188707	964	965
204190	235	189381	964	965
194168	235	188069	964	965
221087	235	188123	964	965
202196	235	188306	964	965
214657	235	190880	964	965
197793	235	189014	964	965
260143	235	193110	964	965
240660	235	190183	964	965
221964	235	232935	964	965
220485	235	188268	964	965
297051	235	193262	964	965
324821	235	191324	964	965
293060	235	189013	964	965
213852	235	188878	964	965
272738	235	190321	964	965
208979	235	193772	964	965
256852	235	190134	964	965
221864	235	188250	964	965
220316	235	188496	964	965
295716	235	189068	964	965
217257	235	190059	964	965
207963	235	190171	964	965
194058	235	188628	964	965
247680	235	188677	964	965
207368	235	189613	964	965
203907	235	188774	964	965
313822	235	189454	964	965
228047	235	188202	964	965
315421	235	192231	964	965
298806	235	188557	964	965
224452	235	188300	964	965
216215	235	188294	964	965
206438	235	189102	964	965
214455	235	189323	964	965
270931	235	188673	964	965
224583	235	189708	964	965
216865	235	189064	964	965
193109	235	188107	964	965
201408	235	188964	964	965
214936	235	198866	964	965
268970	235	188088	964	965
208761	235	188830	964	965
198701	235	188977	964	965
203069	235	189697	964	965
239893	235	190408	964	965
193945	235	188264	964	965
232401	235	188003	964	965
214043	235	191795	964	965
268589	235	190350	964	965
287377	235	188438	964	965
277742	235	189597	964	965
225098	235	188756	964	965
200093	235	188823	964	965
232357	235	188386	964	965
229847	235	189149	964	965
249907	235	189908	964	965
203114	235	189422	964	965
206772	235	189028	964	965
206791	235	248349	964	965
228469	235	188604	964	965
200322	235	189613	964	965
235435	235	190090	964	965
313743	235	297325	964	965
294977	235	189837	964	965
243190	235	188552	964	965
330607	235	190981	964	965
200087	235	188105	964	965
200953	235	188408	964	965
321557	235	190490	964	965
194977	235	188438	964	965
242405	235	189298	964	965
211562	235	188068	964	965
216106	235	191135	964	965
202205	235	188599	964	965
198788	235	188594	964	965
294156	235	191645	964	965
210655	235	188694	964	965
300650	235	198677	964	965
232715	235	188175	964	965
203496	235	190595	964	965
256616	235	188469	964	965
211345	235	189417	964	965
222906	235	188070	964	965
326168	235	191310	964	965
196350	235	189821	964	965
223700	235	190133	964	965
210941	235	188059	964	965
218033	235	188567	964	965
254070	235	189118	964	965
361041	289	361040	964	965
208905	235	188110	964	965
246374	235	188997	964	965
277657	235	189151	964	965
203218	235	192214	964	965
276059	235	190104	964	965
198917	235	188899	964	965
208023	235	191754	964	965
232398	235	189253	964	965
202518	235	188307	964	965
284713	235	191209	964	965
242678	235	189585	964	965
253888	235	206693	964	965
231870	235	189883	964	965
226609	235	372489	964	965
216039	235	189134	964	965
198374	235	188754	964	965
219619	235	189164	964	965
205359	235	189797	964	965
223393	235	195085	964	965
207382	235	192133	964	965
256367	235	189664	964	965
230770	235	188613	964	965
211012	235	188765	964	965
275074	235	249071	964	965
196781	235	188538	964	965
197748	235	188137	964	965
211278	235	188226	964	965
239841	235	188223	964	965
197227	235	188970	964	965
232650	235	191045	964	965
213278	235	188543	964	965
200993	235	188192	964	965
199253	235	190171	964	965
196190	235	188399	964	965
215860	235	204400	964	965
193376	235	189389	964	965
209658	235	189182	964	965
203880	235	191000	964	965
253278	235	189006	964	965
242511	235	189099	964	965
222313	235	190439	964	965
220709	235	193076	964	965
204582	235	189095	964	965
195868	235	188827	964	965
242469	235	190325	964	965
202140	235	193772	964	965
281340	235	190679	964	965
200102	235	191116	964	965
290482	235	190076	964	965
262399	235	189099	964	965
203531	235	189351	964	965
245551	235	189678	964	965
257864	235	235839	964	965
285882	235	192255	964	965
198558	235	188628	964	965
212763	235	192885	964	965
202742	235	205545	964	965
199696	235	193407	964	965
247793	235	188423	964	965
225622	235	188331	964	965
205861	235	191737	964	965
342502	235	188365	964	965
216079	235	190153	964	965
209721	235	190435	964	965
272065	235	189854	964	965
225289	235	188630	964	965
208893	235	188017	964	965
282030	235	193039	964	965
277995	235	188229	964	965
208901	235	189086	964	965
201572	235	189853	964	965
214472	235	188595	964	965
216531	235	225145	964	965
215404	235	188030	964	965
197455	235	188158	964	965
235954	235	189709	964	965
288942	235	224804	964	965
207022	235	188770	964	965
253176	235	190298	964	965
232031	235	188601	964	965
213171	235	189639	964	965
242778	235	188036	964	965
218141	235	188617	964	965
203820	235	188193	964	965
283694	235	189718	964	965
215036	235	188480	964	965
304454	235	190946	964	965
240325	235	188308	964	965
222076	235	188532	964	965
223931	235	200787	964	965
194322	235	188173	964	965
194352	235	215120	964	965
197266	235	188307	964	965
268665	235	188799	964	965
238672	235	190914	964	965
229381	235	188970	964	965
211244	235	188790	964	965
252297	235	190246	964	965
259371	235	188944	964	965
195772	235	188198	964	965
194417	235	188342	964	965
280728	235	223744	964	965
275906	235	188524	964	965
261722	235	190333	964	965
247816	235	188679	964	965
194089	235	188364	964	965
303483	235	190092	964	965
188032	239	231757	964	965
216761	235	190090	964	965
247546	235	189061	964	965
229351	235	188419	964	965
265120	235	188145	964	965
220993	235	190684	964	965
197484	235	189103	964	965
211346	235	188065	964	965
196379	235	188906	964	965
199393	235	188237	964	965
239168	235	191454	964	965
196970	235	188515	964	965
193935	235	188300	964	965
211898	235	190007	964	965
219467	235	189341	964	965
192787	235	188394	964	965
311082	235	212508	964	965
206747	235	189301	964	965
206000	235	188090	964	965
225734	235	190594	964	965
197095	235	189821	964	965
220947	235	194976	964	965
223045	235	192867	964	965
242724	235	189193	964	965
306289	235	211331	964	965
241219	235	192906	964	965
293606	235	201594	964	965
231046	235	189067	964	965
226345	235	229163	964	965
200279	235	188173	964	965
239558	235	188496	964	965
215929	235	189369	964	965
273058	235	189520	964	965
221349	235	188829	964	965
217432	235	188649	964	965
221473	235	188952	964	965
200302	235	188260	964	965
218615	235	191982	964	965
199218	235	188385	964	965
265629	235	193230	964	965
215183	235	189292	964	965
220709	235	190833	964	965
196534	235	206606	964	965
233669	235	188539	964	965
219974	235	188746	964	965
260315	235	188032	964	965
244397	235	191977	964	965
193143	235	188298	964	965
199008	235	189136	964	965
225146	235	189102	964	965
209176	235	188050	964	965
195856	235	189854	964	965
365815	235	189454	964	965
318189	235	189099	964	965
299505	235	255005	964	965
240510	235	203624	964	965
310536	235	192618	964	965
284558	235	221979	964	965
220949	235	199975	964	965
195613	235	196227	964	965
202071	235	188746	964	965
249223	235	194556	964	965
204219	235	188342	964	965
266712	235	196152	964	965
211584	235	188875	964	965
258283	235	188442	964	965
295738	235	188660	964	965
221920	235	190076	964	965
199231	235	188865	964	965
275156	235	201338	964	965
252403	235	190101	964	965
269815	235	190054	964	965
217143	235	189133	964	965
259927	235	189596	964	965
265490	235	189544	964	965
195808	235	188416	964	965
206973	235	188480	964	965
198060	235	188878	964	965
307890	235	193617	964	965
245465	235	189389	964	965
195953	235	188488	964	965
216581	235	188815	964	965
235771	235	188981	964	965
215644	235	193233	964	965
212426	235	190395	964	965
301450	235	188197	964	965
274605	235	189117	964	965
203440	235	188381	964	965
294493	235	190891	964	965
195728	235	188285	964	965
208865	235	188681	964	965
195400	235	189417	964	965
258249	235	188395	964	965
204026	235	188116	964	965
299939	235	188183	964	965
205081	235	192190	964	965
217758	235	188394	964	965
205358	235	188514	964	965
216548	235	189542	964	965
217281	235	191694	964	965
244400	235	190183	964	965
199829	235	190803	964	965
234243	235	188182	964	965
232069	235	190953	964	965
220129	235	188481	964	965
336547	235	206578	964	965
230539	235	189028	964	965
207157	235	210005	964	965
197677	235	188092	964	965
320276	235	188522	964	965
209033	235	188683	964	965
281109	235	211299	964	965
271070	235	190669	964	965
226216	235	189259	964	965
193109	235	188544	964	965
273363	235	189834	964	965
287955	235	190037	964	965
222980	235	188610	964	965
245967	235	188773	964	965
251937	235	188403	964	965
218177	235	189559	964	965
268521	235	188218	964	965
239104	235	188178	964	965
210568	235	188356	964	965
235957	235	188132	964	965
214365	235	190134	964	965
271891	235	188793	964	965
202144	235	188029	964	965
228542	235	192611	964	965
324593	235	188488	964	965
276781	235	188037	964	965
208635	235	190595	964	965
214519	235	188557	964	965
225250	235	189012	964	965
277813	235	189638	964	965
295051	235	194538	964	965
201871	235	188140	964	965
282984	235	188557	964	965
203435	235	188183	964	965
194242	239	270957	964	965
200553	235	189815	964	965
268974	235	188877	964	965
200182	235	188541	964	965
239164	235	192576	964	965
270317	235	190325	964	965
348698	235	188188	964	965
263893	235	189391	964	965
299865	235	209230	964	965
298185	235	189401	964	965
207433	235	188126	964	965
216321	235	188403	964	965
288264	235	188817	964	965
208981	235	189125	964	965
267105	235	189150	964	965
204345	235	188014	964	965
202143	235	188209	964	965
225079	235	188567	964	965
215966	235	188094	964	965
193278	235	189298	964	965
215630	235	191802	964	965
229912	235	189517	964	965
204394	235	200878	964	965
260650	235	190504	964	965
291992	235	196216	964	965
200566	235	188390	964	965
249299	235	188514	964	965
315902	235	189047	964	965
266763	235	189817	964	965
217660	235	191773	964	965
216558	235	188305	964	965
214784	235	188201	964	965
222547	235	190874	964	965
253215	235	188106	964	965
215367	235	188823	964	965
218333	235	188982	964	965
200380	235	188538	964	965
251958	235	193922	964	965
199955	235	188730	964	965
220792	235	188449	964	965
197427	235	188061	964	965
242417	235	188790	964	965
213728	235	189318	964	965
297770	235	226978	964	965
192835	235	188107	964	965
270098	235	189320	964	965
210955	235	192390	964	965
218632	235	189981	964	965
299457	235	188690	964	965
267698	235	190439	964	965
237948	235	189626	964	965
201327	235	188817	964	965
294580	235	189031	964	965
240418	235	189117	964	965
204516	235	188799	964	965
194334	235	188029	964	965
300405	235	189921	964	965
213711	235	189121	964	965
242849	235	189048	964	965
223460	235	188773	964	965
218803	235	188742	964	965
243627	235	189972	964	965
279395	235	209684	964	965
307968	235	190886	964	965
297642	235	190037	964	965
275597	235	190772	964	965
282883	235	196065	964	965
270978	235	188388	964	965
198652	235	188542	964	965
203075	235	188997	964	965
201847	235	188037	964	965
198225	235	188610	964	965
231113	235	188385	964	965
243510	235	189048	964	965
224333	235	188229	964	965
246844	235	189818	964	965
286366	235	188773	964	965
210068	235	188449	964	965
195223	235	188584	964	965
256086	235	188881	964	965
210433	235	189208	964	965
203709	235	190038	964	965
264488	235	191726	964	965
257260	235	189820	964	965
194651	235	189717	964	965
202120	235	189664	964	965
233669	235	188738	964	965
274372	235	201264	964	965
204196	235	190427	964	965
207253	235	188098	964	965
213639	235	188317	964	965
263968	235	188585	964	965
240613	235	188106	964	965
193119	235	188419	964	965
273971	235	190653	964	965
214248	235	188515	964	965
203484	235	188578	964	965
222142	235	188801	964	965
196827	235	188997	964	965
217272	235	188045	964	965
224952	235	188816	964	965
193597	235	188491	964	965
227178	235	188394	964	965
193631	235	188599	964	965
244951	235	190174	964	965
196563	235	188842	964	965
198210	235	192726	964	965
197017	235	189451	964	965
202667	235	188584	964	965
283393	235	188520	964	965
218335	235	189896	964	965
216826	235	189756	964	965
295875	235	189246	964	965
209929	235	188227	964	965
273014	235	190835	964	965
244612	235	190531	964	965
240501	235	188332	964	965
195956	235	190129	964	965
330121	235	189103	964	965
210640	235	188116	964	965
201655	235	191161	964	965
211425	235	188906	964	965
208721	235	188036	964	965
271797	235	188633	964	965
233549	235	195785	964	965
213954	235	190377	964	965
228032	235	189055	964	965
222529	235	188041	964	965
202283	235	188140	964	965
200018	235	189789	964	965
268351	235	188370	964	965
199356	235	188747	964	965
206040	235	189282	964	965
233090	235	190171	964	965
195180	235	189860	964	965
268432	235	188729	964	965
244921	235	188265	964	965
207892	235	188113	964	965
367414	235	203468	964	965
261800	235	192197	964	965
308604	235	194538	964	965
254306	235	189034	964	965
201326	235	189011	964	965
192695	235	189055	964	965
213884	235	188596	964	965
358554	235	190888	964	965
269216	235	188665	964	965
201726	235	188024	964	965
296952	235	188255	964	965
202885	235	188086	964	965
282425	235	206693	964	965
272017	235	190562	964	965
208219	235	188995	964	965
216024	235	189939	964	965
229735	235	189575	964	965
219191	235	188352	964	965
268838	235	189712	964	965
233878	235	188462	964	965
229028	235	188282	964	965
225473	235	188473	964	965
238192	235	189201	964	965
198830	235	189910	964	965
226164	235	188353	964	965
248246	235	193840	964	965
211406	235	188599	964	965
228656	235	188506	964	965
216092	235	190775	964	965
232456	235	189686	964	965
248191	235	190469	964	965
197597	235	188899	964	965
269118	235	192044	964	965
224071	235	188883	964	965
197894	235	189354	964	965
249072	235	195955	964	965
309747	235	189452	964	965
193838	235	188972	964	965
201809	235	188275	964	965
249735	235	188938	964	965
210025	235	188223	964	965
260723	235	190700	964	965
260337	235	188646	964	965
221436	235	189720	964	965
295382	235	190602	964	965
201640	235	188457	964	965
204211	235	188681	964	965
203395	235	188929	964	965
233852	235	193958	964	965
203307	235	188446	964	965
227853	235	189036	964	965
231868	235	188472	964	965
199918	235	189906	964	965
260244	235	188705	964	965
269351	235	188707	964	965
263532	235	201712	964	965
237743	235	188054	964	965
200599	235	188579	964	965
289554	235	258238	964	965
247303	235	191045	964	965
242000	235	206571	964	965
215316	235	195980	964	965
194918	235	188262	964	965
222038	235	189542	964	965
240153	235	188935	964	965
294114	235	188231	964	965
245791	235	229021	964	965
227508	235	309150	964	965
274228	235	192100	964	965
218942	235	190311	964	965
268754	235	190841	964	965
226952	235	189641	964	965
233639	235	214261	964	965
220296	235	200454	964	965
204767	235	188985	964	965
208039	235	188298	964	965
313634	235	188302	964	965
202102	235	189001	964	965
201485	235	188024	964	965
198287	235	191186	964	965
200374	235	188087	964	965
201245	235	191360	964	965
212522	235	206571	964	965
318038	235	189781	964	965
259234	235	189442	964	965
225273	235	189067	964	965
241288	235	217002	964	965
260966	235	189326	964	965
230074	235	190184	964	965
236922	235	190775	964	965
198187	235	188206	964	965
203526	235	191409	964	965
245319	235	192311	964	965
274171	235	194291	964	965
215244	235	192484	964	965
216633	235	189905	964	965
197722	235	191229	964	965
245815	235	189018	964	965
283036	235	188403	964	965
199233	235	189004	964	965
215224	235	190129	964	965
243537	235	191928	964	965
202937	235	188094	964	965
222123	235	188076	964	965
267569	235	189451	964	965
240901	235	188066	964	965
279420	235	188036	964	965
250384	235	189461	964	965
337017	235	189041	964	965
265402	235	189465	964	965
209162	235	188410	964	965
201480	235	192467	964	965
224284	235	188033	964	965
250829	235	246131	964	965
217708	235	189329	964	965
198300	235	188126	964	965
270819	235	191365	964	965
201807	235	188491	964	965
207525	235	191126	964	965
206679	235	194036	964	965
198286	235	188875	964	965
234140	235	199975	964	965
215730	235	188909	964	965
199533	235	189899	964	965
305789	235	188452	964	965
195125	235	188050	964	965
243043	235	189587	964	965
260814	235	274151	964	965
282671	235	188469	964	965
206918	235	188757	964	965
245389	235	188317	964	965
197048	235	188061	964	965
247838	235	188507	964	965
225399	235	188792	964	965
278929	235	189322	964	965
296821	235	189610	964	965
238924	235	188565	964	965
264892	235	188101	964	965
221662	235	188896	964	965
255836	235	188373	964	965
277319	235	193094	964	965
216579	235	189197	964	965
258684	235	206693	964	965
238850	235	189045	964	965
226017	235	189292	964	965
202301	235	189318	964	965
215892	235	189753	964	965
229224	235	188419	964	965
269310	235	188855	964	965
224973	235	192231	964	965
202603	235	188190	964	965
311320	235	193263	964	965
214517	235	188246	964	965
260472	235	192142	964	965
214399	235	194551	964	965
212631	235	191209	964	965
212995	235	189221	964	965
267955	235	188294	964	965
252842	235	194766	964	965
282891	235	190711	964	965
247528	235	188781	964	965
225269	235	188357	964	965
205344	235	188599	964	965
205426	235	188059	964	965
265709	235	260599	964	965
236046	235	190115	964	965
267458	235	189375	964	965
259916	235	188557	964	965
212220	235	188954	964	965
242507	235	205425	964	965
224046	235	189318	964	965
263520	235	188388	964	965
199291	235	188088	964	965
248899	235	188808	964	965
211164	235	189319	964	965
230552	235	188547	964	965
199715	235	188249	964	965
199546	235	189501	964	965
254060	235	188088	964	965
212422	235	197407	964	965
194384	235	194968	964	965
244669	235	189972	964	965
202270	235	189195	964	965
211312	235	188261	964	965
348263	235	194650	964	965
279959	235	188305	964	965
195225	235	189622	964	965
196837	235	193181	964	965
194461	235	189286	964	965
211022	235	205071	964	965
318566	235	192475	964	965
198430	235	189369	964	965
201031	235	188585	964	965
227554	235	200701	964	965
207133	235	188470	964	965
230570	235	189157	964	965
299884	235	189734	964	965
223370	235	190775	964	965
207023	235	204650	964	965
208096	235	194551	964	965
207510	235	188085	964	965
195969	235	191625	964	965
254667	235	197396	964	965
220322	235	189011	964	965
270965	235	191752	964	965
207300	235	189017	964	965
210666	235	188489	964	965
226710	235	189697	964	965
237802	235	189910	964	965
212835	235	188472	964	965
249646	235	188668	964	965
215069	235	195620	964	965
375527	235	310069	964	965
235464	235	190367	964	965
288818	235	188551	964	965
215243	235	216936	964	965
265349	235	188493	964	965
200993	235	188106	964	965
207393	235	188690	964	965
193409	235	188747	964	965
298425	235	188898	964	965
235965	235	207146	964	965
202403	235	191000	964	965
204325	235	202413	964	965
197110	235	188108	964	965
267387	235	189350	964	965
294132	235	189781	964	965
193607	235	188761	964	965
193733	235	192315	964	965
244505	235	189819	964	965
302709	235	189006	964	965
204125	235	190871	964	965
195024	235	189321	964	965
217881	235	188679	964	965
226149	235	191142	964	965
245572	235	207146	964	965
242997	235	188284	964	965
205370	235	188408	964	965
243425	235	188898	964	965
296030	235	191805	964	965
239491	235	191890	964	965
201291	235	191532	964	965
193113	235	188897	964	965
254717	235	188681	964	965
196606	235	188048	964	965
197871	235	188659	964	965
199865	235	188491	964	965
328529	235	188483	964	965
204331	235	189105	964	965
221050	235	190045	964	965
196468	235	188589	964	965
215608	235	190895	964	965
285472	235	188178	964	965
295132	235	190833	964	965
224778	235	188864	964	965
226252	235	188450	964	965
245813	235	188438	964	965
248599	235	193407	964	965
311018	235	190968	964	965
297294	235	188868	964	965
215074	235	188567	964	965
206185	235	189740	964	965
278875	235	188778	964	965
223877	235	189040	964	965
226019	235	197798	964	965
231014	235	188473	964	965
280005	235	189718	964	965
315915	235	189417	964	965
235544	235	189408	964	965
282751	235	188120	964	965
228897	235	189307	964	965
213795	235	188697	964	965
213352	235	188941	964	965
223494	235	188952	964	965
220867	235	215418	964	965
281078	235	191336	964	965
215994	292	363954	964	965
230695	235	188827	964	965
264418	235	193780	964	965
201413	235	188982	964	965
214317	235	189641	964	965
198116	235	188005	964	965
238433	235	190113	964	965
256020	235	194529	964	965
231057	235	254700	964	965
225225	235	188910	964	965
253773	235	190727	964	965
206168	235	243874	964	965
244667	235	198087	964	965
227654	235	190432	964	965
204332	235	188691	964	965
211904	235	188599	964	965
259121	235	189539	964	965
281042	235	188389	964	965
215264	235	188456	964	965
260152	235	192496	964	965
213984	235	189840	964	965
198833	235	189315	964	965
213699	235	188061	964	965
251588	235	188421	964	965
237027	235	188614	964	965
213651	235	188949	964	965
277080	235	189687	964	965
304711	235	201800	964	965
213659	235	189219	964	965
246403	235	189911	964	965
271199	235	190789	964	965
238753	235	188617	964	965
248023	235	188104	964	965
274676	235	190334	964	965
222417	235	189254	964	965
193796	235	189970	964	965
257250	235	188423	964	965
192861	235	194394	964	965
210058	235	188899	964	965
247932	235	190680	964	965
235597	235	210334	964	965
207010	235	188730	964	965
194295	235	189224	964	965
225625	235	189354	964	965
206130	235	188567	964	965
226090	235	188927	964	965
205519	235	188958	964	965
196917	235	189241	964	965
196472	235	229878	964	965
194249	235	189620	964	965
234382	235	188121	964	965
203897	235	188661	964	965
298175	235	189640	964	965
221544	235	189262	964	965
271506	235	188532	964	965
193897	235	188136	964	965
235827	235	188367	964	965
196221	235	189513	964	965
256924	235	201991	964	965
194676	235	188010	964	965
197979	235	188092	964	965
259487	235	189848	964	965
229069	235	188835	964	965
217541	235	189216	964	965
236900	235	201319	964	965
239856	235	188385	964	965
239503	235	188128	964	965
226298	235	188158	964	965
219526	235	188300	964	965
232889	235	188294	964	965
217698	235	188306	964	965
374601	235	188621	964	965
217993	235	193958	964	965
208079	235	188276	964	965
217593	235	189267	964	965
250389	235	191501	964	965
204056	235	188067	964	965
229858	235	190020	964	965
226091	235	188250	964	965
341324	235	188917	964	965
209556	235	189109	964	965
204295	235	189125	964	965
193281	235	188061	964	965
202693	235	188568	964	965
244694	235	188222	964	965
257240	235	188972	964	965
202633	235	188388	964	965
232436	235	188458	964	965
212120	235	235043	964	965
197591	235	189361	964	965
193934	235	189531	964	965
207546	235	188703	964	965
202484	235	189002	964	965
216160	235	188674	964	965
260168	235	189209	964	965
228717	235	194291	964	965
217207	235	188726	964	965
208894	235	188051	964	965
243402	235	188434	964	965
201213	235	189105	964	965
230603	235	188300	964	965
217781	235	190684	964	965
196674	235	188079	964	965
241722	235	188342	964	965
245497	235	188884	964	965
205700	235	189086	964	965
201945	235	188072	964	965
219377	235	191907	964	965
274484	235	188784	964	965
243440	235	188669	964	965
199886	235	232935	964	965
257373	235	188870	964	965
197684	235	188678	964	965
220864	235	188743	964	965
210054	235	189397	964	965
282610	235	190037	964	965
280860	235	190059	964	965
288543	235	191204	964	965
237391	235	200454	964	965
216148	235	188719	964	965
240685	235	206606	964	965
282812	235	191821	964	965
208416	235	190953	964	965
247627	235	191687	964	965
217676	235	188816	964	965
227207	235	189179	964	965
365526	235	188210	964	965
314276	235	202810	964	965
200399	235	188633	964	965
263643	235	188978	964	965
210034	235	189479	964	965
214926	235	204541	964	965
215419	235	188294	964	965
248617	235	188141	964	965
243257	235	224130	964	965
192815	235	191829	964	965
252221	235	188971	964	965
225965	235	192927	964	965
268535	235	188344	964	965
198387	235	189699	964	965
211130	235	189714	964	965
228925	235	188470	964	965
192517	235	189145	964	965
298654	235	188023	964	965
256489	235	226875	964	965
347100	235	188705	964	965
373964	235	229372	964	965
287422	235	191110	964	965
195837	235	188048	964	965
195107	235	188066	964	965
211343	235	189134	964	965
205217	235	194591	964	965
222321	235	190395	964	965
220326	235	188308	964	965
197400	235	188388	964	965
228881	235	189819	964	965
195735	235	188498	964	965
265292	235	194534	964	965
251261	235	249541	964	965
247981	235	188874	964	965
193945	235	189501	964	965
194337	235	188839	964	965
209420	235	188091	964	965
330987	235	188719	964	965
249268	235	189422	964	965
200740	235	188275	964	965
263451	235	191046	964	965
253514	235	189442	964	965
278505	235	188250	964	965
199307	235	188148	964	965
212927	235	189775	964	965
281435	235	188403	964	965
262811	235	188727	964	965
219589	235	189323	964	965
232143	235	189102	964	965
371688	235	231960	964	965
298125	235	191375	964	965
195347	235	189950	964	965
291073	235	188260	964	965
269671	235	191835	964	965
308053	235	189256	964	965
226500	235	202810	964	965
277417	235	188456	964	965
244909	235	188206	964	965
349353	235	191928	964	965
232160	235	188394	964	965
197101	235	200379	964	965
223698	235	189819	964	965
219636	235	190540	964	965
231533	235	188126	964	965
194414	235	188864	964	965
233504	235	191436	964	965
314990	235	193386	964	965
213294	235	189585	964	965
273674	235	207079	964	965
196533	235	188085	964	965
235384	235	189790	964	965
205695	235	188357	964	965
196514	235	188153	964	965
232637	235	189099	964	965
234651	235	190143	964	965
278822	235	188813	964	965
272988	235	206571	964	965
193962	235	189209	964	965
226120	235	188065	964	965
251248	235	188621	964	965
207797	235	189319	964	965
198204	235	188059	964	965
202435	235	188883	964	965
203515	235	188192	964	965
302745	235	190988	964	965
338255	235	188146	964	965
213956	235	189492	964	965
296173	235	188416	964	965
365253	235	188014	964	965
288963	235	189950	964	965
256868	235	188171	964	965
204164	235	188166	964	965
220005	235	188677	964	965
214163	235	188189	964	965
211774	235	188773	964	965
199676	235	188729	964	965
229195	235	189312	964	965
206646	235	188608	964	965
216642	235	188302	964	965
242366	235	189500	964	965
201904	235	188981	964	965
199416	235	189142	964	965
271171	235	201094	964	965
221021	235	189327	964	965
298760	235	188782	964	965
374072	235	188560	964	965
204042	235	188388	964	965
194638	235	188129	964	965
202297	235	191947	964	965
283567	235	188261	964	965
238529	235	188706	964	965
207315	235	188445	964	965
196968	235	189040	964	965
221009	235	189509	964	965
281328	235	191406	964	965
244417	235	188503	964	965
211888	235	191945	964	965
200550	235	188547	964	965
201077	235	188073	964	965
210675	235	192004	964	965
209034	235	192459	964	965
212541	235	188524	964	965
206335	235	188613	964	965
212865	235	189542	964	965
206895	235	188772	964	965
194275	235	189060	964	965
224610	235	189749	964	965
308552	235	188874	964	965
268362	235	188470	964	965
208535	235	188920	964	965
269773	235	188469	964	965
243725	235	192255	964	965
205263	235	189068	964	965
272121	235	202107	964	965
243363	235	188703	964	965
216730	235	190952	964	965
193816	235	188556	964	965
260048	235	188473	964	965
215254	235	196942	964	965
209197	235	193194	964	965
192574	235	188109	964	965
194936	235	262493	964	965
276489	235	246078	964	965
288193	235	190092	964	965
199903	235	188441	964	965
192898	235	188899	964	965
230801	235	188582	964	965
236233	235	188844	964	965
238537	235	188449	964	965
195750	235	190307	964	965
243944	235	188604	964	965
290430	235	190444	964	965
201652	235	188967	964	965
209730	235	189389	964	965
209555	235	188157	964	965
206337	235	189018	964	965
201833	235	188816	964	965
207345	235	200257	964	965
258568	235	237570	964	965
212418	235	193386	964	965
225998	235	188555	964	965
236363	235	188706	964	965
194890	235	189905	964	965
305697	235	189728	964	965
317254	235	189256	964	965
330332	235	192618	964	965
194758	235	188935	964	965
211614	235	190038	964	965
232311	235	189055	964	965
196709	235	188010	964	965
273741	235	189840	964	965
216967	235	188048	964	965
207753	235	188842	964	965
262180	235	188393	964	965
257354	235	188223	964	965
227871	235	189140	964	965
206000	235	188443	964	965
294072	235	188646	964	965
208544	235	189471	964	965
338012	235	188106	964	965
212751	235	291285	964	965
345862	235	191665	964	965
230078	235	189708	964	965
292958	235	188773	964	965
229044	235	191390	964	965
246983	235	191890	964	965
313002	235	190464	964	965
233693	235	191305	964	965
263730	235	188351	964	965
302282	235	191274	964	965
269757	235	190476	964	965
219848	235	192328	964	965
195098	235	190303	964	965
361080	235	295347	964	965
244655	235	191416	964	965
261090	235	191200	964	965
193533	235	188324	964	965
255249	235	188026	964	965
202611	235	190112	964	965
266216	235	211940	964	965
198493	235	189228	964	965
274436	235	237651	964	965
192763	235	188034	964	965
209774	235	189316	964	965
206148	235	192328	964	965
275212	235	201594	964	965
260536	235	189398	964	965
277786	235	189097	964	965
207758	235	188029	964	965
235447	235	189102	964	965
195179	235	189148	964	965
208007	235	189326	964	965
260174	235	235043	964	965
232089	235	189159	964	965
204355	235	190172	964	965
255185	235	188647	964	965
230042	235	263040	964	965
253612	235	191162	964	965
193904	235	188780	964	965
206773	235	191981	964	965
224545	235	188101	964	965
265383	235	190261	964	965
354099	235	189230	964	965
221509	235	188567	964	965
207505	235	190963	964	965
283399	235	188250	964	965
226853	235	188324	964	965
204221	235	188730	964	965
322364	235	189860	964	965
213272	235	188029	964	965
208779	235	188542	964	965
254111	235	190049	964	965
224066	235	188496	964	965
203742	235	189923	964	965
321709	235	190054	964	965
271553	235	246483	964	965
193478	235	202177	964	965
230710	235	190595	964	965
197657	235	189462	964	965
206960	235	188409	964	965
263382	235	190427	964	965
218332	235	188660	964	965
359261	235	202090	964	965
247312	235	189117	964	965
208336	235	188402	964	965
195774	235	208834	964	965
323120	235	189221	964	965
203871	235	193249	964	965
197493	235	189132	964	965
246310	235	188091	964	965
254486	235	188403	964	965
290533	235	189883	964	965
199193	235	202635	964	965
196113	235	188729	964	965
203582	235	188089	964	965
268764	235	189370	964	965
226823	235	188294	964	965
202342	235	190588	964	965
198232	235	197721	964	965
207835	235	188645	964	965
221707	235	190846	964	965
206625	235	259893	964	965
201445	235	190074	964	965
211453	235	188771	964	965
255312	235	188875	964	965
262191	235	190531	964	965
195668	235	188491	964	965
199726	235	193772	964	965
231009	235	188826	964	965
231536	235	189304	964	965
196295	235	189657	964	965
291293	235	190137	964	965
211674	235	188232	964	965
242563	235	188051	964	965
205526	235	191162	964	965
195872	235	189019	964	965
221000	235	188878	964	965
239656	235	197453	964	965
241222	235	190794	964	965
244271	235	188189	964	965
208573	235	189390	964	965
232051	235	188826	964	965
204944	235	189319	964	965
205992	235	188929	964	965
232243	235	189299	964	965
207797	235	190846	964	965
197599	235	194394	964	965
280609	235	188496	964	965
201171	235	188913	964	965
222809	235	190363	964	965
198349	235	189125	964	965
226036	235	188079	964	965
214297	235	189320	964	965
228238	235	189563	964	965
194217	235	189125	964	965
195861	235	189892	964	965
217214	235	189332	964	965
263401	235	189095	964	965
230507	235	188146	964	965
274385	235	190037	964	965
216393	235	188878	964	965
213497	235	189009	964	965
200568	235	188853	964	965
244863	235	189615	964	965
199524	235	189555	964	965
239832	235	190399	964	965
243884	235	201338	964	965
258495	235	189444	964	965
236975	235	188883	964	965
291087	235	188727	964	965
202535	235	188079	964	965
245260	235	190167	964	965
208344	235	189077	964	965
215423	235	191890	964	965
273679	235	190009	964	965
201830	235	189150	964	965
213722	235	189221	964	965
286685	235	192075	964	965
259130	235	190171	964	965
211510	235	189355	964	965
274598	235	190095	964	965
224978	235	188394	964	965
283098	235	189312	964	965
263379	235	190353	964	965
288790	235	189587	964	965
278674	235	192144	964	965
196376	235	236844	964	965
249310	235	189277	964	965
263143	235	188516	964	965
220210	235	191529	964	965
375275	235	189010	964	965
201451	235	188868	964	965
201491	235	189908	964	965
203509	235	193777	964	965
254085	235	189522	964	965
195706	235	188815	964	965
208661	235	243727	964	965
260422	235	189085	964	965
354621	235	198681	964	965
200657	235	189404	964	965
247146	235	188294	964	965
296636	235	189423	964	965
199443	235	188660	964	965
209874	235	188045	964	965
239777	235	189454	964	965
224838	235	188260	964	965
198200	235	188851	964	965
276707	235	188211	964	965
278801	235	188403	964	965
203384	235	189075	964	965
203642	235	188746	964	965
239287	235	189659	964	965
252576	235	188464	964	965
219436	235	188060	964	965
211713	235	190778	964	965
281861	235	190564	964	965
202241	235	188105	964	965
278739	235	188186	964	965
196468	235	194244	964	965
222411	235	200405	964	965
199276	235	199277	964	965
196684	235	188474	964	965
226668	235	191090	964	965
213367	235	191217	964	965
232388	235	189708	964	965
268764	235	192965	964	965
267847	235	191061	964	965
360569	235	310069	964	965
226511	235	190167	964	965
233964	235	188229	964	965
206910	235	188421	964	965
218062	235	189068	964	965
216593	235	189585	964	965
246109	235	196185	964	965
257944	235	189449	964	965
204468	235	190307	964	965
240911	235	189630	964	965
243920	235	193030	964	965
261240	235	190059	964	965
241498	235	190572	964	965
282336	235	189201	964	965
210973	235	188496	964	965
245536	235	188667	964	965
193612	235	188109	964	965
276931	235	209124	964	965
220327	235	188320	964	965
261609	235	188954	964	965
260578	235	188137	964	965
263995	235	191452	964	965
194524	235	188920	964	965
315636	235	191310	964	965
232449	235	191754	964	965
223544	235	188776	964	965
196787	235	188353	964	965
266542	235	188705	964	965
267068	235	195651	964	965
222687	235	188238	964	965
340848	235	193958	964	965
220580	235	188653	964	965
229914	235	188478	964	965
194632	235	202433	964	965
203637	235	190215	964	965
213994	235	189628	964	965
275720	235	191254	964	965
210702	235	191548	964	965
264343	235	190183	964	965
294046	235	216718	964	965
323061	235	191310	964	965
222465	235	199682	964	965
196647	235	217518	964	965
226550	235	190132	964	965
237678	235	189182	964	965
212387	235	190321	964	965
202733	235	188910	964	965
194220	235	192036	964	965
229935	235	189319	964	965
213755	235	190410	964	965
272645	235	234883	964	965
197558	235	188544	964	965
199402	235	189462	964	965
223166	235	188979	964	965
215309	235	190772	964	965
199496	235	188429	964	965
207966	235	189067	964	965
288644	235	190174	964	965
204145	235	188906	964	965
261556	235	190196	964	965
206011	235	188069	964	965
206244	235	188996	964	965
281511	235	190205	964	965
207626	235	188317	964	965
243789	235	255296	964	965
206014	235	188909	964	965
208763	235	189973	964	965
257987	235	188265	964	965
206207	235	207079	964	965
222008	235	189319	964	965
213127	235	188901	964	965
205959	235	188253	964	965
193838	235	188126	964	965
208024	235	188182	964	965
197265	235	192327	964	965
202973	235	188041	964	965
210885	235	188943	964	965
259574	47	324996	964	965
295505	235	190242	964	965
325862	235	189894	964	965
199646	235	188069	964	965
202333	235	188900	964	965
197797	235	188244	964	965
285396	235	189821	964	965
199627	235	190453	964	965
217737	235	189121	964	965
251023	235	189479	964	965
294020	235	189303	964	965
221037	235	188015	964	965
208230	235	188878	964	965
234598	235	188375	964	965
201271	235	189135	964	965
242973	235	214865	964	965
257904	235	191846	964	965
237547	235	188918	964	965
229481	235	188068	964	965
234567	235	188666	964	965
227651	235	188450	964	965
203151	235	188599	964	965
216656	235	355821	964	965
205074	235	188066	964	965
226312	235	188496	964	965
195923	235	190381	964	965
225402	235	188454	964	965
276138	235	193656	964	965
257507	235	194976	964	965
202762	235	188010	964	965
200049	235	189973	964	965
316742	235	188315	964	965
209438	235	188746	964	965
266999	235	189501	964	965
265911	235	188999	964	965
271350	235	197569	964	965
203649	235	188616	964	965
194928	235	190750	964	965
328278	235	191310	964	965
197373	235	188589	964	965
304206	235	188633	964	965
262353	235	189613	964	965
243387	235	188394	964	965
255520	235	242487	964	965
260613	235	190276	964	965
213583	235	190554	964	965
194345	235	188515	964	965
215975	235	188276	964	965
214374	235	188003	964	966
270478	235	192831	964	966
219201	235	188474	964	966
197752	235	188085	964	966
232696	235	188389	964	966
245425	235	188705	964	966
267808	235	226546	964	966
306286	235	196046	964	966
223225	235	188827	964	966
265062	235	190760	964	966
229857	235	188209	964	966
272556	235	192707	964	966
196110	235	188136	964	966
262021	235	189772	964	966
253776	235	188070	964	966
249360	235	188396	964	966
216081	235	188335	964	966
315855	235	190039	964	966
221068	235	189399	964	966
198672	235	191375	964	966
255731	235	193810	964	966
198758	235	188396	964	966
306082	235	188891	964	966
197988	235	188790	964	966
231438	235	189770	964	966
210344	235	189030	964	966
281571	235	188817	964	966
211160	235	191067	964	966
230990	235	193744	964	966
236133	235	188162	964	966
220072	235	188478	964	966
204633	235	188394	964	966
211847	235	191079	964	966
276198	235	191846	964	966
284579	235	188179	964	966
215066	235	188464	964	966
198154	235	188702	964	966
218004	235	188584	964	966
227247	235	188774	964	966
215283	235	188149	964	966
245111	235	188050	964	966
276309	235	188820	964	966
242545	235	188739	964	966
265931	235	188279	964	966
327960	235	188128	964	966
230872	235	189094	964	966
209561	235	188035	964	966
200220	235	188262	964	966
227839	235	189696	964	966
201194	235	189168	964	966
224941	235	189715	964	966
221055	235	188702	964	966
230087	235	189153	964	966
203424	235	188250	964	966
193113	235	188897	964	966
238484	235	189304	964	966
205665	235	189296	964	966
225682	235	188127	964	966
221268	235	188096	964	966
219401	235	189540	964	966
210050	235	188268	964	966
284668	235	188146	964	966
304438	235	188820	964	966
261614	235	190589	964	966
271068	235	189557	964	966
354328	235	220963	964	966
249668	235	191436	964	966
212999	235	188495	964	966
269985	235	188347	964	966
242502	235	188493	964	966
260863	235	189487	964	966
288378	235	190901	964	966
214211	235	188149	964	966
258890	235	189114	964	966
271431	235	199079	964	966
229722	235	188773	964	966
197175	235	188179	964	966
227858	235	188732	964	966
223895	235	189021	964	966
272310	235	229614	964	966
283512	235	189973	964	966
214451	235	189107	964	966
224940	235	188877	964	966
217647	235	188131	964	966
196258	235	190023	964	966
193260	235	188315	964	966
208743	235	188087	964	966
211471	235	204307	964	966
221288	235	188228	964	966
251138	235	188584	964	966
269353	235	189798	964	966
213201	235	188139	964	966
267847	235	188097	964	966
196117	235	188543	964	966
279116	235	188914	964	966
198787	235	188619	964	966
203250	235	188220	964	966
331756	235	188658	964	966
297642	235	189712	964	966
193569	235	188839	964	966
256871	235	191375	964	966
208113	235	188421	964	966
217815	235	188342	964	966
205138	235	189075	964	966
265797	235	188667	964	966
215554	235	189382	964	966
255281	235	189326	964	966
199143	235	188039	964	966
274092	235	188786	964	966
248577	235	188543	964	966
238052	235	191046	964	966
235076	235	188522	964	966
207815	235	188099	964	966
247505	235	190515	964	966
202416	235	188145	964	966
250710	235	189641	964	966
225882	235	189114	964	966
202759	235	188221	964	966
223174	235	188373	964	966
278093	235	189264	964	966
228919	235	188677	964	966
212943	235	188139	964	966
224627	235	203279	964	966
311599	235	190686	964	966
261397	235	188042	964	966
206113	235	188019	964	966
257915	289	318138	964	966
194563	235	188993	964	966
188363	267	238277	964	966
255155	235	192573	964	966
250874	235	188851	964	966
256473	235	189250	964	966
270782	235	188557	964	966
193287	235	189501	964	966
202490	235	189332	964	966
295704	235	215657	964	966
231924	235	191403	964	966
192983	235	188105	964	966
287445	235	189894	964	966
289607	235	189348	964	966
208710	235	188776	964	966
258055	235	198586	964	966
202529	235	188075	964	966
212946	235	189862	964	966
215863	235	188249	964	966
261510	235	189538	964	966
298282	235	195342	964	966
204627	235	188876	964	966
233317	235	188161	964	966
243151	235	188740	964	966
199741	235	188506	964	966
334115	235	191103	964	966
217514	235	188927	964	966
242141	235	190039	964	966
245915	235	188518	964	966
203794	235	189385	964	966
282984	235	188241	964	966
260309	235	190778	964	966
297077	235	189083	964	966
232122	235	189568	964	966
198832	235	188393	964	966
194028	235	188164	964	966
287921	235	189454	964	966
211250	235	196440	964	966
201217	235	188155	964	966
318652	235	203914	964	966
215614	235	188402	964	966
222034	235	188043	964	966
196567	235	188190	964	966
297596	235	199317	964	966
218319	235	189111	964	966
313743	235	196810	964	966
232090	235	197914	964	966
292558	235	188999	964	966
282918	235	188817	964	966
283822	235	190104	964	966
269933	235	190636	964	966
232137	235	189319	964	966
278290	235	188727	964	966
197913	235	189905	964	966
311846	235	191187	964	966
213336	235	189538	964	966
272774	235	188512	964	966
236635	235	191327	964	966
213639	235	188106	964	966
265592	235	188998	964	966
197556	235	188061	964	966
198603	235	188826	964	966
196646	235	188870	964	966
244527	235	189312	964	966
209519	235	188110	964	966
198012	235	188602	964	966
207990	235	189019	964	966
206103	235	188108	964	966
197259	235	188406	964	966
239499	235	190523	964	966
215235	235	188622	964	966
293573	235	189718	964	966
201424	235	188226	964	966
200773	235	269886	964	966
284668	235	189391	964	966
332714	235	189925	964	966
207647	235	188147	964	966
200137	235	192133	964	966
258967	235	190589	964	966
226934	235	189720	964	966
224325	235	190096	964	966
245262	235	188051	964	966
229058	235	188099	964	966
202546	235	188410	964	966
224256	235	188189	964	966
283688	235	188149	964	966
199484	235	188864	964	966
199042	235	189301	964	966
256392	235	189020	964	966
274489	235	188935	964	966
255775	235	189289	964	966
292313	235	189304	964	966
310190	235	188396	964	966
232684	235	188060	964	966
283259	235	192197	964	966
230803	235	188398	964	966
214662	235	188161	964	966
199190	235	188406	964	966
252883	235	188542	964	966
193955	235	188139	964	966
234117	235	188995	964	966
253265	235	188718	964	966
210497	235	188886	964	966
226585	235	195710	964	966
215675	235	188957	964	966
234789	235	188019	964	966
292201	235	189031	964	966
204791	235	189973	964	966
213724	235	188223	964	966
264134	235	189408	964	966
209245	235	188489	964	966
213173	235	189793	964	966
217779	235	190278	964	966
269241	235	189613	964	966
285471	235	188943	964	966
197354	235	188054	964	966
329378	235	188773	964	966
279852	235	189148	964	966
210892	235	188893	964	966
268812	235	189454	964	966
304033	235	191140	964	966
238496	235	188773	964	966
234020	235	189766	964	966
203174	235	188010	964	966
196901	235	188506	964	966
216513	235	188720	964	966
232283	235	188409	964	966
235139	235	188630	964	966
219534	235	189854	964	966
213929	235	188512	964	966
219839	235	188011	964	966
224718	235	189775	964	966
298348	235	189719	964	966
232102	235	189123	964	966
211156	235	188888	964	966
224254	235	188929	964	966
236219	235	188789	964	966
322448	235	188426	964	966
198080	235	196032	964	966
196473	235	188202	964	966
243164	235	191390	964	966
202812	235	189552	964	966
223259	235	188237	964	966
220068	235	189037	964	966
222556	235	189403	964	966
210544	235	188011	964	966
207403	235	189037	964	966
227870	235	189385	964	966
201030	235	188123	964	966
219880	235	198505	964	966
208549	235	191701	964	966
319846	235	189454	964	966
268517	235	201899	964	966
232846	235	188350	964	966
305215	235	189283	964	966
244999	235	188146	964	966
218352	235	188485	964	966
206794	235	189348	964	966
210929	235	189054	964	966
236760	235	188398	964	966
275896	235	189020	964	966
213655	235	188994	964	966
214511	235	188365	964	966
229162	235	188612	964	966
218838	235	192707	964	966
222934	235	193637	964	966
293812	235	190104	964	966
262113	235	188756	964	966
243434	235	189301	964	966
256755	235	188221	964	966
237272	235	188897	964	966
215232	235	188464	964	966
203479	235	188949	964	966
197038	235	188357	964	966
207554	235	190139	964	966
253082	235	189892	964	966
300208	235	192024	964	966
283171	235	188486	964	966
207324	235	188069	964	966
204931	235	189507	964	966
230003	235	190490	964	966
242034	235	189604	964	966
201225	235	189327	964	966
232235	235	189689	964	966
201546	235	188079	964	966
222385	235	188989	964	966
257025	235	189772	964	966
213923	235	189906	964	966
206351	235	188498	964	966
206122	235	188260	964	966
204139	235	189019	964	966
208993	235	189177	964	966
282312	235	188557	964	966
326912	235	258757	964	966
232362	235	189167	964	966
232048	235	189062	964	966
232521	235	190049	964	966
204808	235	189114	964	966
223694	235	188242	964	966
296977	235	188268	964	966
204969	235	188993	964	966
201734	235	188879	964	966
282874	235	197666	964	966
247641	235	188312	964	966
296350	235	188514	964	966
228406	235	189411	964	966
242851	235	188579	964	966
208447	235	188636	964	966
218092	235	191713	964	966
253988	235	188462	964	966
213538	235	188584	964	966
280840	235	189254	964	966
343716	289	278191	964	966
224508	235	189142	964	966
271005	235	188061	964	966
222635	235	189858	964	966
216048	235	188155	964	966
226044	235	212118	964	966
267212	235	188604	964	966
205299	235	232301	964	966
190443	239	229389	964	966
307126	235	189998	964	966
224338	235	188007	964	966
249448	235	188782	964	966
275052	235	188665	964	966
207111	235	188131	964	966
241147	235	188522	964	966
225715	235	189938	964	966
342214	235	196049	964	966
229505	235	194242	964	966
349179	235	334604	964	966
193380	235	190647	964	966
243220	235	191756	964	966
225205	235	188069	964	966
195075	235	188092	964	966
215562	235	188422	964	966
218898	235	188479	964	966
266715	235	188824	964	966
235816	235	190846	964	966
207252	235	188153	964	966
262464	235	195559	964	966
211813	235	188246	964	966
200020	235	189240	964	966
227968	235	191928	964	966
267070	235	192371	964	966
288840	235	193167	964	966
201738	235	188228	964	966
216905	235	188839	964	966
218585	235	195412	964	966
194398	235	189513	964	966
287724	235	189712	964	966
206675	235	188839	964	966
258050	235	188175	964	966
275927	235	189468	964	966
203234	235	188496	964	966
242526	235	188052	964	966
216290	235	189496	964	966
270506	235	191598	964	966
267998	235	188217	964	966
202862	235	188495	964	966
280245	235	190989	964	966
299540	235	189129	964	966
214653	235	189680	964	966
254844	235	190152	964	966
283453	235	188446	964	966
213220	235	190955	964	966
304251	235	188872	964	966
199778	235	188392	964	966
245504	235	190264	964	966
285472	235	190464	964	966
194682	235	188501	964	966
209048	235	188094	964	966
207688	235	188011	964	966
255421	235	189499	964	966
192896	235	188087	964	966
210583	235	188993	964	966
212687	235	189666	964	966
300887	235	188997	964	966
291150	235	189803	964	966
233888	235	189137	964	966
225421	235	188583	964	966
242343	235	190191	964	966
227388	235	189346	964	966
213773	235	191578	964	966
325576	235	194516	964	966
204917	235	188229	964	966
222605	235	190930	964	966
205551	235	188393	964	966
208640	235	188927	964	966
247204	235	189640	964	966
202836	235	191928	964	966
222738	235	188856	964	966
218066	235	188970	964	966
229796	235	188143	964	966
196039	235	188452	964	966
215566	235	188920	964	966
216863	235	188243	964	966
241531	235	188442	964	966
205566	235	188029	964	966
193938	235	188107	964	966
196000	235	188073	964	966
271759	235	189315	964	966
208992	235	188421	964	966
222940	235	189114	964	966
225372	235	189790	964	966
211826	235	188179	964	966
276302	235	188794	964	966
211248	235	188605	964	966
217630	235	190289	964	966
291773	235	188663	964	966
312588	235	188658	964	966
196158	235	188060	964	966
210643	235	190083	964	966
296361	235	189799	964	966
288278	235	188543	964	966
227942	235	188727	964	966
223327	235	191103	964	966
233349	235	190930	964	966
216793	235	188050	964	966
235580	235	188142	964	966
217205	235	189640	964	966
209515	235	189699	964	966
282336	235	188316	964	966
238211	235	188051	964	966
203633	235	188017	964	966
276224	235	192665	964	966
249771	235	188032	964	966
272533	235	189932	964	966
222780	235	188141	964	966
216572	235	188960	964	966
329600	235	188878	964	966
210982	235	188316	964	966
214719	235	188898	964	966
194475	235	188020	964	966
205102	235	189429	964	966
209498	235	188183	964	966
223810	235	188306	964	966
238501	235	188782	964	966
257107	235	189809	964	966
220132	235	189321	964	966
216877	235	190118	964	966
192451	235	189361	964	966
238966	235	194097	964	966
248165	235	188386	964	966
245128	235	190469	964	966
216133	235	188262	964	966
216516	235	191103	964	966
256105	235	188493	964	966
212002	235	188556	964	966
194752	235	188786	964	966
198809	235	189050	964	966
230449	235	188957	964	966
229894	235	190115	964	966
199677	235	188463	964	966
269304	235	190592	964	966
207588	235	188491	964	966
283512	235	189973	964	966
203726	235	188157	964	966
255979	235	190139	964	966
211151	235	189953	964	966
205947	235	188334	964	966
214864	235	188827	964	966
249876	235	189494	964	966
194941	235	188168	964	966
258892	235	189028	964	966
215344	235	188702	964	966
231341	235	188561	964	966
223884	235	189696	964	966
221433	235	191112	964	966
296500	235	189534	964	966
245738	235	190470	964	966
218435	235	188294	964	966
280964	235	194750	964	966
205495	235	188019	964	966
300127	235	229783	964	966
301626	235	188957	964	966
211324	235	189767	964	966
267229	235	189692	964	966
209436	235	188264	964	966
194092	235	188304	964	966
268127	235	189549	964	966
257274	235	188538	964	966
207224	235	189770	964	966
249258	235	189083	964	966
263004	235	189208	964	966
263438	235	188034	964	966
264201	235	188341	964	966
231977	235	188894	964	966
246904	235	188862	964	966
194532	235	188070	964	966
204851	235	188483	964	966
225892	235	188443	964	966
214306	235	188562	964	966
246714	235	188261	964	966
200791	235	188006	964	966
366804	235	193753	964	966
205453	235	188355	964	966
284550	235	188120	964	966
291506	235	193709	964	966
219823	235	188029	964	966
250483	235	188545	964	966
300050	235	191255	964	966
199538	235	188132	964	966
206014	235	188132	964	966
282132	235	188773	964	966
309799	235	210147	964	966
239978	235	189136	964	966
326263	235	188824	964	966
209263	235	188099	964	966
244680	235	188495	964	966
281511	235	189544	964	966
204910	235	188411	964	966
270873	235	188063	964	966
237272	235	190351	964	966
263015	235	188357	964	966
260302	235	189519	964	966
195443	235	188691	964	966
199751	235	188319	964	966
212264	235	188706	964	966
232244	235	190289	964	966
193963	235	189657	964	966
251993	235	188542	964	966
214662	235	189322	964	966
216329	235	188277	964	966
202159	235	188243	964	966
215415	235	190930	964	966
276492	235	190711	964	966
256345	235	190467	964	966
273637	235	188829	964	966
202531	235	188200	964	966
227868	235	190859	964	966
271244	235	189092	964	966
265105	235	192161	964	966
203472	235	188202	964	966
297161	235	188166	964	966
199876	235	188036	964	966
240944	235	188610	964	966
251924	235	191067	964	966
286340	235	189938	964	966
197306	235	188158	964	966
194738	235	189035	964	966
200422	235	230132	964	966
258303	235	188712	964	966
221238	235	188028	964	966
228064	235	189292	964	966
247915	235	189280	964	966
298085	235	188828	964	966
221880	235	189350	964	966
217171	235	188483	964	966
226304	235	201755	964	966
196788	235	190410	964	966
198029	273	187996	964	966
258008	235	190176	964	966
202239	235	188694	964	966
278131	235	189387	964	966
203485	235	190101	964	966
251684	235	190595	964	966
284564	235	189555	964	966
258589	235	190090	964	966
233840	235	200313	964	966
244534	235	188941	964	966
223826	235	188583	964	966
229637	235	188129	964	966
201775	235	188239	964	966
200157	235	188720	964	966
216650	235	188338	964	966
193437	235	192756	964	966
194106	235	188107	964	966
283314	235	189277	964	966
196043	235	188335	964	966
262735	235	189343	964	966
282559	235	189043	964	966
264506	235	188595	964	966
197471	235	188423	964	966
341024	235	199059	964	966
312695	235	194005	964	966
208695	235	188630	964	966
283664	235	188898	964	966
200474	235	188300	964	966
234885	235	190801	964	966
274391	235	188542	964	966
229690	235	188503	964	966
232005	235	188900	964	966
274343	235	218450	964	966
204942	235	188091	964	966
266393	235	189226	964	966
203236	235	190952	964	966
260048	235	188627	964	966
203505	235	189636	964	966
223150	235	189962	964	966
213048	235	188067	964	966
226279	235	188489	964	966
215786	235	189209	964	966
272778	235	191071	964	966
195350	235	189214	964	966
237425	235	190538	964	966
295266	235	188347	964	966
215612	235	188596	964	966
240250	235	188923	964	966
207030	235	188110	964	966
201371	235	188827	964	966
254416	235	191382	964	966
240701	235	190729	964	966
221482	235	188911	964	966
234790	235	190473	964	966
276789	235	247840	964	966
258563	235	189061	964	966
239844	235	190778	964	966
207866	235	188321	964	966
268335	235	195149	964	966
331825	235	188405	964	966
194073	235	189641	964	966
201823	235	188015	964	966
228760	235	188923	964	966
218472	235	188106	964	966
199127	235	189219	964	966
260565	235	189037	964	966
225373	235	188830	964	966
226762	235	189407	964	966
195482	235	188031	964	966
240667	235	214542	964	966
241687	235	188556	964	966
211402	235	189742	964	966
205061	235	190864	964	966
216945	235	188356	964	966
200533	235	189483	964	966
264158	235	188298	964	966
196640	235	190405	964	966
294343	235	189821	964	966
205762	235	188446	964	966
277267	235	190083	964	966
217098	235	190261	964	966
291447	235	188222	964	966
246022	235	189345	964	966
203012	235	188737	964	966
306091	235	236945	964	966
249941	235	188291	964	966
210532	235	188830	964	966
317790	235	189377	964	966
195636	235	188025	964	966
206829	235	188590	964	966
192305	235	188546	964	966
214142	235	188483	964	966
259889	235	188595	964	966
295760	235	188024	964	966
282187	235	205050	964	966
250828	235	189921	964	966
288141	235	193932	964	966
215454	235	188186	964	966
239407	235	188073	964	966
230553	235	188190	964	966
240187	235	189020	964	966
226396	235	188753	964	966
214038	235	188999	964	966
212617	235	189543	964	966
207332	235	189346	964	966
194248	235	189092	964	966
247564	235	189507	964	966
295581	235	188960	964	966
215482	235	188193	964	966
244031	235	189167	964	966
228545	235	188792	964	966
213545	235	189823	964	966
270076	235	195177	964	966
218235	235	188747	964	966
203086	235	188279	964	966
213247	235	188110	964	966
365911	235	190984	964	966
198128	235	189689	964	966
209019	235	189798	964	966
195632	235	188774	964	966
260200	235	189604	964	966
199652	235	188985	964	966
204597	235	188634	964	966
202602	235	188164	964	966
205568	235	189621	964	966
227742	235	212088	964	966
306722	235	188495	964	966
226753	235	188179	964	966
228902	235	188555	964	966
263375	235	189894	964	966
267166	235	190564	964	966
253239	235	188907	964	966
205775	235	189699	964	966
241661	235	189114	964	966
238537	235	188374	964	966
200590	235	188140	964	966
239036	235	188491	964	966
274466	235	263954	964	966
198930	235	188864	964	966
207318	235	189958	964	966
310630	235	191971	964	966
213199	235	189085	964	966
239900	235	190174	964	966
244604	235	189329	964	966
206336	235	188819	964	966
200448	235	189655	964	966
199070	235	199053	964	966
195262	235	190410	964	966
221519	235	190880	964	966
281232	235	188060	964	966
203977	235	188034	964	966
314994	292	367965	964	966
232194	235	191068	964	966
201465	235	188805	964	966
203186	235	188042	964	966
218631	235	188999	964	966
205066	235	189921	964	966
287688	235	188127	964	966
204271	235	188238	964	966
207137	235	190184	964	966
216967	235	188281	964	966
340990	235	188917	964	966
217247	235	192034	964	966
205413	235	189193	964	966
226305	235	188817	964	966
196057	235	188006	964	966
209236	235	188171	964	966
250103	235	190147	964	966
209592	235	189125	964	966
296820	235	188197	964	966
262962	235	188131	964	966
294280	235	195412	964	966
231115	235	191733	964	966
262396	235	193167	964	966
197359	235	188561	964	966
217563	235	188565	964	966
247413	235	189381	964	966
232259	235	188655	964	966
206030	235	188515	964	966
206662	235	193840	964	966
258177	235	189646	964	966
201008	235	188073	964	966
290455	235	233315	964	966
291403	235	194080	964	966
234515	235	188573	964	966
200872	235	190125	964	966
305976	235	192618	964	966
216950	235	188356	964	966
222459	235	188142	964	966
209885	235	189793	964	966
288802	235	189382	964	966
203372	235	188156	964	966
202436	235	189105	964	966
200642	235	188887	964	966
206172	235	188756	964	966
244581	235	188026	964	966
226661	235	188228	964	966
240563	235	188816	964	966
269540	235	188306	964	966
275798	235	188028	964	966
200600	235	188296	964	966
203859	235	190402	964	966
197304	235	188812	964	966
248481	235	189512	964	966
196155	235	192004	964	966
275188	235	190642	964	966
226446	235	188068	964	966
231068	235	189431	964	966
211065	235	188202	964	966
277345	235	206044	964	966
225002	235	188394	964	966
257084	235	188246	964	966
232970	235	188211	964	966
270782	235	188260	964	966
232050	235	188147	964	966
202461	235	188371	964	966
307986	235	192470	964	966
235808	235	189764	964	966
255714	235	188998	964	966
206452	235	188189	964	966
222356	235	188679	964	966
247788	235	324285	964	966
300310	235	188443	964	966
201721	235	189126	964	966
263872	235	189967	964	966
230154	235	189579	964	966
250140	235	188543	964	966
207646	235	188011	964	966
193384	235	188259	964	966
206192	235	188282	964	966
215482	235	188090	964	966
195224	235	188107	964	966
194230	235	188023	964	966
208967	235	188290	964	966
223455	235	189981	964	966
196108	235	189301	964	966
206735	235	189386	964	966
207927	235	188596	964	966
203661	235	188142	964	966
267476	235	188741	964	966
224302	235	190174	964	966
202220	235	188273	964	966
209388	235	188817	964	966
210134	235	188585	964	966
355956	47	343969	964	966
199065	235	189598	964	966
265726	235	188355	964	966
246522	235	188238	964	966
200718	235	188806	964	966
201252	235	188132	964	966
199286	235	188065	964	966
271966	235	204659	964	966
288646	235	188019	964	966
311656	235	188911	964	966
198915	235	188479	964	966
205954	235	188291	964	966
204420	235	189177	964	966
307319	235	190981	964	966
236499	235	192707	964	966
302959	235	188492	964	966
281633	235	188179	964	966
218979	235	189303	964	966
244141	235	188665	964	966
240390	235	188364	964	966
216118	235	188485	964	966
245004	235	192306	964	966
229677	235	188296	964	966
228257	47	194824	964	966
204141	235	188745	964	966
193658	235	189492	964	966
223795	235	192024	964	966
215277	235	188614	964	966
219313	235	188323	964	966
197449	235	188842	964	966
215507	235	188321	964	966
300180	235	192475	964	966
284338	235	189431	964	966
206196	235	188865	964	966
279292	235	189193	964	966
224555	235	188039	964	966
356893	235	189753	964	966
216595	235	188140	964	966
200668	235	188101	964	966
207452	235	188179	964	966
204407	235	189133	964	966
232923	235	189247	964	966
292613	235	189939	964	966
221028	235	189123	964	966
224313	235	189194	964	966
219539	235	189382	964	966
238360	235	188226	964	966
318221	235	188051	964	966
220959	235	189548	964	966
213191	235	216225	964	966
197579	235	188516	964	966
338869	235	188645	964	966
206013	235	189140	964	966
238969	235	189880	964	966
218727	235	188996	964	966
280268	235	190880	964	966
332912	235	191090	964	966
260429	235	190563	964	966
198443	235	191713	964	966
276021	235	189962	964	966
198467	235	188149	964	966
234172	235	189932	964	966
204378	235	188208	964	966
311751	235	191103	964	966
309845	235	189982	964	966
337813	235	191218	964	966
224886	235	190954	964	966
235218	235	189686	964	966
202643	235	190408	964	966
256714	235	189177	964	966
196135	235	190333	964	966
208907	235	188501	964	966
219692	235	188619	964	966
264099	235	190954	964	966
225151	235	189542	964	966
259251	235	190989	964	966
266729	235	189767	964	966
270605	235	256138	964	966
232354	235	189655	964	966
224826	235	188319	964	966
231924	235	188253	964	966
210872	235	189628	964	966
202274	235	191775	964	966
195960	235	188555	964	966
220723	235	191981	964	966
213256	235	188027	964	966
204275	277	189490	964	966
270965	235	189840	964	966
238496	235	188268	964	966
213710	235	188276	964	966
212140	235	189092	964	966
285257	235	190368	964	966
302765	235	189981	964	966
194803	235	188379	964	966
201149	235	188741	964	966
220845	235	188741	964	966
215410	235	189799	964	966
302585	235	188944	964	966
217041	235	188390	964	966
232740	235	189031	964	966
233889	235	188560	964	966
267831	235	188690	964	966
224856	235	191156	964	966
205815	235	188900	964	966
206753	235	190278	964	966
296488	235	188989	964	966
216514	235	188162	964	966
215083	235	191067	964	966
193542	235	188035	964	966
212674	235	188031	964	966
303032	235	267180	964	966
308365	235	188594	964	966
304536	235	247840	964	966
207003	235	188546	964	966
309446	235	193553	964	966
197765	235	188740	964	966
285464	235	191601	964	966
197536	235	188399	964	966
217875	235	188570	964	966
225453	235	188619	964	966
213660	235	188426	964	966
305889	235	189664	964	966
215512	235	188805	964	966
335476	235	202090	964	966
240216	235	189884	964	966
258055	235	190106	964	966
194846	235	190153	964	966
231478	235	188628	964	966
281021	235	189278	964	966
202240	235	188029	964	966
325661	235	188399	964	966
203021	235	188879	964	966
313742	235	188920	964	966
208005	235	188086	964	966
250671	235	194891	964	966
205576	235	188589	964	966
295581	235	188007	964	966
215376	235	188992	964	966
288426	235	188727	964	966
213560	235	188318	964	966
221256	235	188400	964	966
242546	235	188745	964	966
256140	235	192545	964	966
225814	235	190064	964	966
215771	235	188422	964	966
208486	235	191103	964	966
297365	235	190707	964	966
197258	235	188421	964	966
200503	235	189613	964	966
216323	235	188315	964	966
261847	235	190010	964	966
208644	235	188392	964	966
272213	235	189749	964	966
206093	235	189125	964	966
244018	235	189403	964	966
225149	235	188610	964	966
209590	235	188226	964	966
218815	235	191181	964	966
228691	235	188907	964	966
212182	235	189355	964	966
285130	235	188179	964	966
247218	235	188888	964	966
202875	235	188048	964	966
198245	235	188790	964	966
239869	235	188608	964	966
375241	235	192416	964	966
224105	235	188659	964	966
199186	235	188291	964	966
250422	235	189869	964	966
221729	235	188023	964	966
216468	235	189837	964	966
211137	235	188060	964	966
226147	235	188712	964	966
256638	235	189946	964	966
280265	235	188816	964	966
235900	235	188694	964	966
233611	235	188357	964	966
224101	235	190125	964	966
209006	235	188048	964	966
330689	235	188265	964	966
195871	235	188011	964	966
283679	235	190932	964	966
198944	235	188489	964	966
192622	235	188997	964	966
241054	235	188493	964	966
216750	235	188021	964	966
210113	235	188597	964	966
207599	235	188920	964	966
253090	235	188899	964	966
282671	235	188240	964	966
209094	235	188312	964	966
233712	235	188019	964	966
198084	235	190185	964	966
243585	235	188966	964	966
268927	235	191291	964	966
228627	235	189540	964	966
194325	235	189765	964	966
221349	235	188371	964	966
219009	235	189646	964	966
211269	235	190466	964	966
195136	235	188392	964	966
195047	235	188045	964	966
235338	235	189020	964	966
208444	235	189470	964	966
219288	235	189072	964	966
261507	235	188756	964	966
197171	235	188237	964	966
207744	235	189890	964	966
227570	235	188111	964	966
241549	235	188888	964	966
200766	235	189407	964	966
205955	235	189280	964	966
195220	235	188461	964	966
194522	235	188307	964	966
232530	235	192034	964	966
270978	235	188038	964	966
215246	235	189869	964	966
211550	235	188273	964	966
209521	235	189746	964	966
214787	235	188611	964	966
194373	235	189819	964	966
197678	235	188043	964	966
252133	235	189972	964	966
195229	235	188712	964	966
241849	235	189099	964	966
212814	235	188192	964	966
372562	235	191926	964	966
235264	235	188209	964	966
193114	235	188291	964	966
193660	235	188579	964	966
311881	235	188890	964	966
206424	235	188421	964	966
197465	235	189034	964	966
205041	235	189540	964	966
198516	235	188430	964	966
243163	235	189004	964	966
224294	235	188246	964	966
263296	235	192383	964	966
214439	235	188495	964	966
276008	235	190214	964	966
201249	235	190824	964	966
229667	235	188045	964	966
216746	235	188422	964	966
322745	235	234973	964	966
203758	235	189793	964	966
240502	235	189680	964	966
204610	235	188171	964	966
205611	235	188228	964	966
232650	235	189429	964	966
309343	235	295186	964	966
366984	235	188659	964	966
213032	235	188515	964	966
249962	235	188232	964	966
300909	235	188805	964	966
200370	235	189182	964	966
340280	235	189083	964	966
203502	235	188072	964	966
258266	235	188590	964	966
207851	235	188239	964	966
239442	235	188007	964	966
247495	235	193372	964	966
285799	235	189529	964	966
199362	235	188935	964	966
286814	235	197713	964	966
210663	235	188402	964	966
293284	235	188421	964	966
277174	235	188862	964	966
287967	235	188344	964	966
266860	235	189921	964	966
263574	235	190595	964	966
208275	235	188152	964	966
316118	235	190115	964	966
198589	235	188028	964	966
206123	235	192144	964	966
217318	235	188964	964	966
311435	235	221986	964	966
357480	235	192383	964	966
296527	235	188276	964	966
307979	235	188054	964	966
248872	235	188454	964	966
224425	235	188660	964	966
210430	235	372489	964	966
272254	235	189664	964	966
256062	235	190267	964	966
289220	235	188206	964	966
286443	235	188998	964	966
209586	235	188038	964	966
286613	235	189582	964	966
248238	235	189709	964	966
250515	235	188816	964	966
261219	235	189040	964	966
277771	235	188859	964	966
205784	235	188111	964	966
222689	235	188116	964	966
232435	235	188773	964	966
217546	235	189250	964	966
201600	235	188739	964	966
198351	235	188760	964	966
235119	235	189452	964	966
208819	235	188560	964	966
236413	235	188044	964	966
290877	235	188519	964	966
226735	235	188209	964	966
254689	235	188719	964	966
200079	235	188377	964	966
253665	235	188630	964	966
264760	235	188690	964	966
240969	235	222767	964	966
295635	235	366702	964	966
212891	235	188017	964	966
303807	235	189107	964	966
263367	235	188250	964	966
264137	235	188830	964	966
286254	235	189043	964	966
299226	235	191060	964	966
337642	235	188851	964	966
242937	235	188728	964	966
227781	235	189124	964	966
203303	235	188503	964	966
217044	235	188959	964	966
225053	235	192638	964	966
206685	235	191829	964	966
243963	235	188179	964	966
236087	235	188441	964	966
315451	235	189221	964	966
247203	235	189327	964	966
271735	235	189640	964	966
237346	235	192754	964	966
282253	235	190417	964	966
242104	235	188033	964	966
245090	235	189137	964	966
206901	235	188806	964	966
259382	235	190264	964	966
218912	235	188238	964	966
232200	235	188663	964	966
303621	235	190715	964	966
278179	235	193939	964	966
241255	235	188019	964	966
246754	235	188596	964	966
195418	235	188186	964	966
227317	235	250662	964	966
243215	235	188037	964	966
216353	235	188045	964	966
241843	235	189962	964	966
215667	235	188502	964	966
191973	235	244305	964	966
206556	235	188031	964	966
265420	235	189326	964	966
197037	235	188558	964	966
199799	235	188060	964	966
237630	235	188398	964	966
198357	235	191947	964	966
214648	235	191499	964	966
218608	235	188485	964	966
194202	235	188584	964	966
222091	235	190312	964	966
193913	235	188024	964	966
224371	235	188448	964	966
295630	235	189921	964	966
249706	235	191758	964	966
311978	235	194922	964	966
293652	235	190932	964	966
259419	235	189153	964	966
193112	235	188052	964	966
195020	235	188053	964	966
199130	235	188057	964	966
201244	235	188424	964	966
215419	235	188668	964	966
343075	235	188232	964	966
221111	235	188421	964	966
200610	235	188056	964	966
210767	235	188403	964	966
203622	235	188215	964	966
244752	235	192475	964	966
219321	235	192214	964	966
201695	235	189798	964	966
239848	235	188429	964	966
248361	235	191879	964	966
213182	235	190152	964	966
218468	235	191327	964	966
227459	235	188510	964	966
296468	235	233857	964	966
199288	235	188226	964	966
275212	235	188493	964	966
282759	235	188464	964	966
216055	235	188489	964	966
201559	235	188597	964	966
194688	235	188837	964	966
225273	235	188132	964	966
235122	235	188152	964	966
290089	235	191090	964	966
328652	235	188123	964	966
199617	235	189191	964	966
204302	235	188036	964	966
316289	235	189719	964	966
207165	235	188033	964	966
259211	235	188318	964	966
296468	235	200641	964	966
273806	235	189332	964	966
218496	235	188357	964	966
241243	235	188416	964	966
261756	235	188133	964	966
233797	235	189117	964	966
265392	235	355821	964	966
288598	235	189065	964	966
240842	235	216120	964	966
241054	235	194214	964	966
208291	235	188480	964	966
197300	235	188003	964	966
237404	235	192475	964	966
199237	235	212109	964	966
218551	235	193981	964	966
226509	235	189862	964	966
205340	235	188130	964	966
197135	235	188107	964	966
287837	235	189084	964	966
199573	235	192756	964	966
215083	235	189143	964	966
202825	235	190090	964	966
268812	235	188424	964	966
233225	235	188731	964	966
202186	235	189306	964	966
207728	235	189162	964	966
318956	235	188132	964	966
248488	235	188039	964	966
202770	235	188096	964	966
245279	235	189549	964	966
260627	235	189848	964	966
261790	235	189421	964	966
197587	235	188485	964	966
238516	235	189125	964	966
208610	235	188316	964	966
293107	235	189604	964	966
207156	235	188385	964	966
206887	235	188237	964	966
229138	235	188517	964	966
201516	235	189662	964	966
249393	235	189385	964	966
207825	235	188290	964	966
215385	235	188078	964	966
316549	235	189017	964	966
221178	235	191274	964	966
315712	235	197125	964	966
309542	235	190760	964	966
198873	235	188165	964	966
247917	235	188940	964	966
205205	235	189548	964	966
292961	235	188590	964	966
227623	235	188350	964	966
227107	235	188522	964	966
220134	235	188594	964	966
276439	235	188010	964	966
282944	235	192511	964	966
279838	235	189259	964	966
197137	235	188038	964	966
218705	235	194922	964	966
226613	235	189568	964	966
242855	235	188669	964	966
241037	235	190179	964	966
277800	235	189350	964	966
210370	235	188744	964	966
251306	235	188353	964	966
215684	235	189281	964	966
276671	235	189374	964	966
194843	235	188165	964	966
240057	235	190223	964	966
200445	235	189466	964	966
225103	235	188462	964	966
309093	235	226070	964	966
209900	235	188839	964	966
245199	235	188722	964	966
218198	235	189627	964	966
217705	235	188133	964	966
194824	47	228257	964	966
226557	235	189108	964	966
203020	235	189240	964	966
282739	235	188267	964	966
237754	235	189548	964	966
207739	235	189097	964	966
285758	235	188941	964	966
236441	235	188227	964	966
256681	235	188386	964	966
262872	235	188862	964	966
326285	235	188978	964	966
244204	235	188824	964	966
209340	235	189389	964	966
294856	235	189431	964	966
199077	235	189161	964	966
210904	235	194805	964	966
203747	235	189466	964	966
204255	235	188099	964	966
268578	235	189494	964	966
241978	235	193429	964	966
239889	235	188110	964	966
271291	235	190655	964	966
327177	235	189870	964	966
266003	235	209879	964	966
279396	235	189994	964	966
195317	235	188839	964	966
222979	235	189346	964	966
217517	235	188340	964	966
203452	235	189179	964	966
219401	235	189427	964	966
206797	235	188471	964	966
237959	235	189182	964	966
217615	235	188011	964	966
193979	235	188594	964	966
207053	235	188129	964	966
206411	235	188826	964	966
242594	235	188443	964	966
204923	235	188875	964	966
199134	235	189376	964	966
229091	235	188410	964	966
237597	235	188409	964	966
213163	235	188411	964	966
271160	235	190663	964	966
224677	235	189763	964	966
334296	235	194354	964	966
335040	235	189720	964	966
198343	235	188757	964	966
197111	235	231146	964	966
220671	235	188682	964	966
216360	235	188223	964	966
298021	235	189114	964	966
196329	235	188059	964	966
218858	235	190476	964	966
263373	235	188790	964	966
200370	235	188132	964	966
214204	235	189705	964	966
235448	235	189232	964	966
232400	235	189161	964	966
329135	235	188462	964	966
210803	235	188066	964	966
285643	235	188396	964	966
312461	235	189047	964	966
282990	235	188980	964	966
215465	235	189540	964	966
256249	235	188865	964	966
227529	235	188321	964	966
201201	235	188778	964	966
246883	235	188009	964	966
207741	235	188602	964	966
239556	235	188659	964	966
202404	235	188461	964	966
204279	235	188089	964	966
231151	235	189421	964	966
226154	235	191543	964	966
204488	235	200878	964	966
265632	235	188153	964	966
335959	235	246078	964	966
196710	235	193648	964	966
242818	235	189148	964	966
233634	235	188792	964	966
240999	235	189167	964	966
195214	235	188622	964	966
222084	235	188630	964	966
222442	235	189862	964	966
232999	235	189083	964	966
213019	235	318917	964	966
210366	235	188011	964	966
372890	235	188661	964	966
195444	235	188116	964	966
262552	235	189215	964	966
315702	235	188267	964	966
250499	235	205364	964	966
206731	235	188086	964	966
293197	235	189355	964	966
206772	235	189205	964	966
213176	235	194591	964	966
224712	235	189824	964	966
218438	235	188877	964	966
250267	235	189391	964	966
200915	235	188842	964	966
207235	235	188595	964	966
199977	235	188843	964	966
208299	235	188133	964	966
195891	235	188620	964	966
244947	235	190333	964	966
211059	235	188034	964	966
197663	235	205877	964	966
317623	235	188657	964	966
195428	235	188260	964	966
197545	235	189462	964	966
278948	235	190210	964	966
205320	235	189448	964	966
232435	235	188569	964	966
271758	235	189289	964	966
220374	235	189371	964	966
216760	235	189240	964	966
260417	235	190139	964	966
223706	235	189037	964	966
210305	235	188321	964	966
200696	235	188615	964	966
236154	235	188805	964	966
312056	235	191971	964	966
262569	235	200335	964	966
253514	235	188595	964	966
236939	235	253415	964	966
210445	235	188136	964	966
232429	235	189746	964	966
301598	235	192965	964	966
313093	235	189712	964	966
251478	235	191433	964	966
303197	235	191067	964	966
216454	235	188678	964	966
205237	235	188209	964	966
195759	235	189417	964	966
218838	235	188594	964	966
244041	235	192144	964	966
292995	235	188320	964	966
195349	235	201822	964	966
245028	235	188051	964	966
335515	235	188307	964	966
318138	289	257915	964	966
222954	235	189708	964	966
289395	235	189031	964	966
215089	235	188559	964	966
252733	235	189649	964	966
200390	235	188061	964	966
205837	235	189006	964	966
214012	235	188186	964	966
316849	235	189781	964	966
218135	235	188284	964	966
227603	235	189577	964	966
298882	235	188332	964	966
221500	235	188842	964	966
261640	235	188143	964	966
208748	235	188636	964	966
211409	235	188099	964	966
194361	235	189540	964	966
231409	235	188968	964	966
280587	235	189664	964	966
220833	235	189557	964	966
219788	235	188074	964	966
303940	235	199131	964	966
256427	235	188243	964	966
275668	235	204541	964	966
199058	235	188485	964	966
305529	235	189780	964	966
204532	235	189641	964	966
279957	235	188189	964	966
227570	235	189788	964	966
329090	235	190955	964	966
219159	235	189221	964	966
223339	235	188770	964	966
277572	235	188512	964	966
253329	235	189563	964	966
272749	235	190146	964	966
263684	235	188730	964	966
195119	235	188959	964	966
244378	235	188340	964	966
331406	235	190127	964	966
216732	235	189189	964	966
218727	235	190734	964	966
222060	235	188028	964	966
298315	235	189894	964	966
268962	235	188594	964	966
225315	235	188406	964	966
221879	235	188116	964	966
230803	235	188284	964	966
211000	235	188470	964	966
204936	235	190147	964	966
289945	235	188970	964	966
228631	235	189626	964	966
197533	235	188366	964	966
301409	235	188209	964	966
200447	235	189007	964	966
231053	235	189102	964	966
261537	235	189738	964	966
296714	235	190676	964	966
256758	235	190465	964	966
202254	235	188015	964	966
197061	235	188031	964	966
197231	235	205974	964	966
278191	289	343716	964	966
232969	235	188444	964	966
228330	235	188604	964	966
312466	235	189357	964	966
254183	235	192754	964	966
275997	235	188658	964	966
249770	235	189037	964	966
252791	235	188998	964	966
220079	235	188172	964	966
262110	235	188875	964	966
202486	235	188446	964	966
308389	235	203201	964	966
316515	235	188524	964	966
263273	235	188441	964	966
219099	235	188068	964	966
213929	235	188707	964	966
228686	235	188173	964	966
285295	235	188899	964	966
199845	235	188018	964	966
209845	235	188995	964	966
222912	235	189557	964	966
295496	235	226422	964	966
243756	235	190968	964	966
219451	235	188738	964	966
247276	235	189557	964	966
210367	235	191354	964	966
260583	235	188661	964	966
303696	235	188398	964	966
314644	235	189132	964	966
262969	235	188824	964	966
277703	235	189107	964	966
213465	235	190968	964	966
218746	235	188118	964	966
211194	235	188057	964	966
276833	235	188330	964	966
226101	235	189646	964	966
218597	235	188964	964	966
275933	235	188594	964	966
213217	235	189295	964	966
205415	235	188027	964	966
229064	235	189299	964	966
221869	235	188407	964	966
290104	235	188247	964	966
215836	235	189036	964	966
196078	235	191000	964	966
211965	235	197321	964	966
233411	235	188260	964	966
232841	235	188897	964	966
240541	235	194989	964	966
208906	235	189746	964	966
243111	235	189582	964	966
201582	235	188105	964	966
210759	235	188229	964	966
240495	235	189538	964	966
274451	235	190466	964	966
288635	235	189463	964	966
249393	235	188500	964	966
266688	235	188357	964	966
299158	235	190646	964	966
251265	235	188870	964	966
314956	235	189014	964	966
219681	235	222674	964	966
226911	235	189162	964	966
202596	235	188221	964	966
253394	235	188190	964	966
288707	235	192545	964	966
232454	235	192240	964	966
202901	235	191737	964	966
216430	235	188180	964	966
207476	235	188185	964	966
222163	235	188703	964	966
284531	235	196434	964	966
212471	235	188481	964	966
215602	235	188284	964	966
277677	235	188243	964	966
203540	235	188718	964	966
204550	235	188226	964	966
254151	235	188131	964	966
339969	235	188243	964	966
214560	235	188506	964	966
196024	235	188105	964	966
326809	235	189387	964	966
205498	235	188040	964	966
290521	235	188128	964	966
219809	235	189557	964	966
244865	235	188116	964	966
270501	235	189516	964	966
308768	235	192197	964	966
196755	235	188739	964	966
197469	235	188023	964	966
268207	235	189044	964	966
269922	235	189346	964	966
207893	235	188284	964	966
297350	235	188229	964	966
248149	235	188086	964	966
200943	235	188920	964	966
214362	235	188630	964	966
202508	235	188003	964	966
245090	235	188225	964	966
267951	235	189407	964	966
278961	235	192754	964	966
297638	235	189253	964	966
306887	235	190410	964	966
197490	235	190724	964	966
201781	235	189641	964	966
206720	235	188398	964	966
229850	235	243677	964	966
238537	235	189837	964	966
216937	235	188025	964	966
254041	235	188712	964	966
210446	235	188912	964	966
198226	235	188189	964	966
224725	235	189736	964	966
209379	235	188154	964	966
213399	235	188511	964	966
276190	235	189168	964	966
225641	235	188801	964	966
198427	235	188210	964	966
217595	235	202976	964	966
287154	235	188357	964	966
271844	235	188899	964	966
206499	235	188026	964	966
195004	235	188666	964	966
209050	235	188179	964	966
242511	235	189047	964	966
207941	235	191161	964	966
205868	235	188782	964	966
217818	235	188149	964	966
270501	235	191400	964	966
205692	235	188073	964	966
213196	235	193723	964	966
275756	235	190285	964	966
299118	235	220963	964	966
193488	235	188408	964	966
228872	235	188709	964	966
292361	235	188058	964	966
210756	235	188040	964	966
302380	235	188409	964	966
285157	235	188826	964	966
225182	235	188104	964	966
213119	235	188876	964	966
209322	235	188149	964	966
214885	235	189132	964	966
272804	235	192533	964	966
305953	235	188250	964	966
227900	235	188178	964	966
247541	235	201338	964	966
205641	235	188007	964	966
272102	235	188557	964	966
203461	235	188039	964	966
278935	235	188737	964	966
329673	235	188914	964	966
204689	235	188583	964	966
199324	235	188395	964	966
287605	235	206571	964	966
238984	235	195354	964	966
301292	235	191021	964	966
224054	235	193840	964	966
197532	235	188120	964	966
203895	235	188003	964	966
197338	235	188020	964	966
209439	235	188073	964	966
214618	235	190647	964	966
256233	235	189191	964	966
215194	235	188198	964	966
220384	235	188298	964	966
248978	235	188278	964	966
202533	235	189083	964	966
273374	235	189818	964	966
198276	235	188129	964	966
341587	235	203266	964	966
266873	235	190542	964	966
223355	235	189132	964	966
201240	235	188666	964	966
201866	235	188280	964	966
205913	235	188367	964	966
228500	235	195651	964	966
253643	235	190068	964	966
212984	235	188971	964	966
272556	235	188594	964	966
205581	235	188353	964	966
214115	235	188398	964	966
258254	235	188223	964	966
372651	235	289885	964	966
213294	235	188929	964	966
218750	235	190113	964	966
322059	235	193213	964	966
237065	235	191103	964	966
196516	235	188456	964	966
305426	235	196810	964	966
248775	235	189208	964	966
194567	235	188839	964	966
197112	235	188104	964	966
233006	235	188543	964	966
216113	235	188146	964	966
198104	235	188036	964	966
212921	235	188731	964	966
283021	235	189817	964	966
215165	235	188207	964	966
199418	235	188078	964	966
216782	235	188746	964	966
214347	235	191351	964	966
225985	235	188132	964	966
205215	235	188936	964	966
196850	235	188094	964	966
213521	235	189021	964	966
371588	235	189251	964	966
303933	235	189037	964	966
263372	235	189054	964	966
215545	235	189746	964	966
255698	235	192754	964	966
286625	235	192204	964	966
223158	235	188171	964	966
207906	235	188374	964	966
268426	235	189329	964	966
214534	235	188702	964	966
251747	235	188294	964	966
192866	235	188444	964	966
276603	235	191160	964	966
289434	235	190789	964	966
214556	235	189884	964	966
208496	235	188239	964	966
211047	235	188206	964	966
283132	235	188277	964	966
195703	235	189336	964	966
224238	235	188679	964	966
207535	235	190585	964	966
204052	235	188605	964	966
233382	235	188493	964	966
206343	235	189407	964	966
301725	235	190830	964	966
293749	235	188835	964	966
232032	235	188291	964	966
218708	235	188110	964	966
206504	235	188109	964	966
227720	235	190049	964	966
196083	235	189462	964	966
225082	235	189009	964	966
258415	235	188268	964	966
226869	235	190874	964	966
280648	235	188612	964	966
252167	235	188909	964	966
205590	235	189054	964	966
219572	235	188580	964	966
232230	235	190194	964	966
233830	235	188517	964	966
234864	235	188239	964	966
235036	235	188864	964	966
235276	235	188576	964	966
203253	235	190215	964	966
243482	235	188962	964	966
226067	235	189938	964	966
209707	235	191324	964	966
266252	235	190801	964	966
199866	235	188015	964	966
202676	235	188578	964	966
263619	235	189963	964	966
203902	235	188207	964	966
373885	235	200324	964	966
197823	235	188620	964	966
198092	235	189751	964	966
204997	235	190580	964	966
204254	235	188226	964	966
303567	235	188844	964	966
296183	235	188219	964	966
217184	235	189177	964	966
195210	235	188038	964	966
273537	235	188999	964	966
333450	235	188523	964	966
277260	235	188123	964	966
255055	235	188215	964	966
204618	235	188703	964	966
201129	235	188093	964	966
205410	235	189510	964	966
258727	235	190174	964	966
203511	235	189006	964	966
241773	235	192240	964	966
225317	235	188683	964	966
230879	235	189904	964	966
228673	235	188142	964	966
262063	289	282588	964	966
263044	235	188828	964	966
281437	235	188143	964	966
197505	235	188156	964	966
203865	235	189219	964	966
228462	235	188232	964	966
200126	235	188105	964	966
221618	235	188606	964	966
222686	235	188179	964	966
257049	235	189445	964	966
229412	235	188134	964	966
228143	235	188418	964	966
219846	235	188260	964	966
212368	235	188472	964	966
227130	235	189452	964	966
274402	235	205974	964	966
245409	235	188739	964	966
196263	235	190271	964	966
227348	235	190445	964	966
201616	235	188964	964	966
206781	235	189637	964	966
267713	235	188691	964	966
233463	235	188347	964	966
331940	235	189247	964	966
275938	235	234271	964	966
200271	235	188091	964	966
204044	235	201944	964	966
203433	235	188468	964	966
224912	235	189219	964	966
209674	235	188019	964	966
250543	235	190591	964	966
237017	235	220010	964	966
208680	235	188128	964	966
242765	235	188228	964	966
224979	235	188109	964	966
267138	235	188364	964	966
220074	235	188120	964	966
289387	235	196810	964	966
233949	235	188770	964	966
240005	235	188463	964	966
260164	235	188347	964	966
277172	235	188371	964	966
205894	235	188157	964	966
250143	235	189687	964	966
286478	235	190794	964	966
198702	235	188244	964	966
205583	235	188347	964	966
213558	235	192630	964	966
226135	235	188050	964	966
235425	235	192197	964	966
298958	235	190174	964	966
210319	235	188035	964	966
205438	235	189509	964	966
203508	235	191103	964	966
194029	235	190210	964	966
273016	235	188927	964	966
199019	235	188155	964	966
195026	235	189793	964	966
320224	235	205025	964	966
202544	235	190049	964	966
249109	235	198087	964	966
304375	235	189031	964	966
272914	235	191187	964	966
216390	235	189083	964	966
206208	235	188701	964	966
213318	235	188874	964	966
226134	235	189464	964	966
214994	235	188394	964	966
290857	235	188167	964	966
205848	235	189641	964	966
243551	235	189739	964	966
321654	235	192197	964	966
279171	235	188706	964	966
209166	235	232080	964	966
216652	235	188050	964	966
205778	235	189189	964	966
257395	235	231941	964	966
239742	235	191275	964	966
216031	235	188731	964	966
204928	235	189004	964	966
196883	235	188576	964	966
280926	235	188023	964	966
202959	235	188142	964	966
295250	235	188156	964	966
219461	235	188279	964	966
275933	235	192707	964	966
243382	235	188042	964	966
209693	235	188253	964	966
206256	235	188044	964	966
227963	235	188388	964	966
200535	235	188122	964	966
197921	235	191873	964	966
198602	235	190981	964	966
200708	235	188079	964	966
241243	235	190321	964	966
216798	235	188044	964	966
211013	235	189323	964	966
198560	235	188375	964	966
300301	235	190295	964	966
246062	235	210238	964	966
249941	235	189201	964	966
211678	235	188155	964	966
342333	235	198681	964	966
245412	235	191119	964	966
197144	235	189086	964	966
316959	235	192754	964	966
219861	235	189657	964	966
263499	235	188120	964	966
200695	235	190891	964	966
200199	235	188153	964	966
224695	235	189524	964	966
202933	235	188259	964	966
221157	235	190564	964	966
286664	235	192733	964	966
195973	235	188477	964	966
210493	235	189601	964	966
266328	235	188186	964	966
247025	235	198900	964	966
221151	235	189065	964	966
216685	235	191433	964	966
201709	235	189031	964	966
203739	235	188418	964	966
211450	235	188573	964	966
272120	235	189253	964	966
194393	235	188075	964	966
291376	235	189835	964	966
218872	235	189367	964	966
216377	235	188957	964	966
207955	235	188695	964	966
206020	235	188269	964	966
291102	235	189861	964	966
220061	235	188153	964	966
202327	235	188074	964	966
343824	235	206693	964	966
283688	235	188914	964	966
259379	235	188913	964	966
253596	235	188877	964	966
201881	235	188321	964	966
217656	235	189208	964	966
311356	235	192475	964	966
290040	235	189890	964	966
193574	235	188094	964	966
315911	235	189962	964	966
231030	235	188602	964	966
248038	235	189354	964	966
234348	235	188421	964	966
218524	235	188162	964	966
222880	235	188964	964	966
286398	235	188518	964	966
305845	235	198607	964	966
213972	235	188760	964	966
219897	235	189442	964	966
212134	235	189641	964	966
213308	235	188028	964	966
216507	235	191500	964	966
196040	235	189548	964	966
196994	235	188107	964	966
218971	235	190679	964	966
295904	235	188914	964	966
241892	235	189736	964	966
317463	235	188574	964	966
216773	235	188601	964	966
204193	235	188140	964	966
237776	235	188407	964	966
269051	235	188462	964	966
212164	235	188305	964	966
228204	235	188044	964	966
228580	235	188681	964	966
209799	235	188607	964	966
203754	235	189641	964	966
340289	235	189554	964	966
220172	235	190152	964	966
205581	235	308300	964	966
247351	235	190672	964	966
209477	235	188610	964	966
317312	235	189375	964	966
211552	235	188888	964	966
200222	235	188060	964	966
194759	235	188113	964	966
199914	235	190410	964	966
257719	235	188973	964	966
291978	235	193895	964	966
340065	235	189221	964	966
211120	235	189577	964	966
217706	235	188695	964	966
206669	235	189422	964	966
225958	235	188495	964	966
235198	235	189140	964	966
236359	235	188782	964	966
206787	235	189543	964	966
241516	235	188318	964	966
203311	235	188595	964	966
202358	235	189228	964	966
213234	235	188590	964	966
232845	235	192051	964	966
208592	235	188512	964	966
298650	235	191593	964	966
216697	235	188291	964	966
226860	235	188507	964	966
209484	235	188342	964	966
215840	235	189209	964	966
271496	235	188270	964	966
212340	235	189167	964	966
196954	235	188645	964	966
227427	235	188659	964	966
230876	235	189020	964	966
273350	235	188972	964	966
213292	235	189840	964	966
233573	235	188746	964	966
237440	235	188232	964	966
263599	235	190395	964	966
239576	235	188495	964	966
207881	235	188943	964	966
206305	235	188294	964	966
228174	235	188658	964	966
239568	235	188386	964	966
200744	235	188399	964	966
204645	235	188268	964	966
282588	289	262063	964	966
207424	235	189062	964	966
244750	235	197666	964	966
228721	235	199444	964	966
302787	235	188940	964	966
220987	235	190134	964	966
211727	235	188472	964	966
264231	235	188429	964	966
204656	235	188395	964	966
237113	235	189870	964	966
205669	235	198122	964	966
250070	235	189040	964	966
207544	235	188351	964	966
202021	235	189892	964	966
207441	235	188341	964	966
207319	235	190091	964	966
247847	235	189278	964	966
238307	235	188690	964	966
210581	235	188130	964	966
196311	235	188208	964	966
195292	235	194989	964	966
302532	235	203201	964	966
237404	235	188712	964	966
232433	235	189662	964	966
272426	235	188131	964	966
235860	235	188341	964	966
210978	235	188074	964	966
217262	235	192034	964	966
248370	235	188440	964	966
242413	235	190636	964	966
283530	235	188166	964	966
287584	235	188533	964	966
198163	235	188970	964	966
222010	235	188875	964	966
226347	235	194593	964	966
201770	235	188619	964	966
250279	235	193785	964	966
243943	235	188223	964	966
220832	235	188418	964	966
229589	235	188594	964	966
292652	235	188232	964	966
303847	235	190955	964	966
199786	235	188070	964	966
271998	235	189821	964	966
204008	235	188578	964	966
188090	239	209641	964	966
259479	235	189093	964	966
239223	235	188179	964	966
213355	235	191000	964	966
255217	235	190880	964	966
197242	235	189699	964	966
232216	235	189221	964	966
332802	235	206356	964	966
208647	235	188562	964	966
252115	235	188558	964	966
207713	235	188066	964	966
197889	235	189040	964	966
205933	235	188221	964	966
221026	235	190057	964	966
197627	235	188020	964	966
292721	235	196423	964	966
229505	235	189147	964	966
268888	235	188468	964	966
227604	235	191161	964	966
210701	235	188740	964	966
232921	235	190958	964	966
196672	235	188148	964	966
256523	235	190521	964	966
269027	235	188229	964	966
268664	235	194750	964	966
284372	235	188657	964	966
294028	235	190098	964	966
240844	235	194591	964	966
258695	235	189253	964	966
222447	235	188171	964	966
244942	235	188232	964	966
210548	235	189133	964	966
193607	235	188494	964	966
195832	235	188003	964	966
232379	235	193512	964	966
283710	235	189083	964	966
223676	235	189057	964	966
248673	235	194991	964	966
211027	235	190140	964	966
221696	235	188739	964	966
196026	235	192108	964	966
261116	235	188739	964	966
229627	235	189195	964	966
205501	235	188912	964	966
211734	235	188202	964	966
217899	235	205364	964	966
200739	235	189689	964	966
216744	235	188634	964	966
276918	235	191857	964	966
196706	235	188197	964	966
324150	235	190102	964	966
221058	235	189630	964	966
251771	235	189604	964	966
204355	235	188185	964	966
293249	235	188737	964	966
319790	235	189262	964	966
213468	235	189267	964	966
248024	235	188422	964	966
215709	235	189858	964	966
336159	235	190040	964	966
218604	235	189720	964	966
204815	235	188657	964	966
238949	235	189821	964	966
216477	235	191401	964	966
268829	235	189783	964	966
196635	235	188682	964	966
219391	235	188703	964	966
212963	235	190185	964	966
222103	235	188576	964	966
212009	235	188317	964	966
246024	235	189281	964	966
277504	235	189442	964	966
226144	235	188211	964	966
314419	235	196081	964	966
209457	235	188794	964	966
207164	235	188158	964	966
298726	235	191752	964	966
206844	235	188659	964	966
249449	235	190023	964	966
252354	235	188278	964	966
284081	235	188884	964	966
236983	235	189541	964	966
345769	235	188217	964	966
262676	235	188421	964	966
295994	235	192924	964	966
280095	235	188378	964	966
290061	235	190358	964	966
237779	235	193212	964	966
232576	235	189230	964	966
250201	235	188239	964	966
231413	235	189072	964	966
266220	235	188999	964	966
200024	235	189040	964	966
307166	235	206044	964	966
257888	235	188365	964	966
212746	245	267247	964	966
225238	235	189468	964	966
219822	235	191578	964	966
239260	235	188862	964	966
206130	235	188009	964	966
267727	235	189483	964	966
210293	235	188633	964	966
222296	235	188669	964	966
239944	235	190444	964	966
274276	235	196942	964	966
194699	235	191131	964	966
225989	235	207168	964	966
229189	235	188633	964	966
231086	235	189955	964	966
202347	235	188595	964	966
230099	235	188992	964	966
199780	235	189646	964	966
210269	235	188493	964	966
219747	235	188614	964	966
329522	235	188442	964	966
257502	235	188398	964	966
222624	235	189040	964	966
206103	235	188228	964	966
263498	235	189065	964	966
208957	235	188653	964	966
259698	235	189251	964	966
215856	235	190421	964	966
198733	235	188491	964	966
229593	235	189107	964	966
196367	235	189620	964	966
281387	235	189039	964	966
236055	235	189281	964	966
193024	235	188066	964	966
200815	235	189760	964	966
358681	235	189783	964	966
249634	235	188582	964	966
251306	235	308300	964	966
256029	235	189254	964	966
213363	235	189386	964	966
201636	235	188011	964	966
235307	235	207471	964	966
258055	235	198586	964	966
297876	235	188731	964	966
228019	235	188874	964	966
213104	235	188546	964	966
205405	235	188069	964	966
282676	235	188888	964	966
220703	235	188842	964	966
218976	235	189092	964	966
236896	235	188246	964	966
230459	235	188793	964	966
315292	235	188658	964	966
207900	235	188276	964	966
215881	235	190132	964	966
299800	235	188794	964	966
254058	235	188964	964	966
232636	235	190174	964	966
215406	235	188066	964	966
257735	235	188666	964	966
215572	235	191324	964	966
223686	235	188564	964	966
283698	235	189543	964	966
295121	235	188246	964	966
237440	235	188957	964	966
232723	235	189508	964	966
271891	235	188432	964	966
217854	235	188421	964	966
236947	235	188180	964	966
280777	235	189253	964	966
226009	235	188583	964	966
239431	235	188019	964	966
246619	235	188156	964	966
319263	235	189905	964	966
239075	235	189798	964	966
222208	235	189974	964	966
310789	235	188773	964	966
223882	235	188238	964	966
291578	235	189510	964	966
295916	235	191543	964	966
243624	235	189563	964	966
239793	235	188999	964	966
233911	235	188640	964	966
197378	235	188410	964	966
265716	235	239183	964	966
197292	235	188091	964	966
294386	235	188154	964	966
196264	235	188142	964	966
209856	235	188594	964	966
264389	235	188396	964	966
195763	235	191000	964	966
257780	235	188281	964	966
212031	235	189080	964	966
288172	235	188294	964	966
201485	235	188557	964	966
277897	42	334151	964	966
235922	235	188827	964	966
211856	235	188729	964	966
202198	235	190523	964	966
206835	235	189464	964	966
240527	235	188221	964	966
253598	235	190886	964	966
320648	235	191625	964	966
223829	235	188173	964	966
224348	235	188449	964	966
213905	235	191665	964	966
213759	235	188464	964	966
265566	235	190399	964	966
198049	235	188005	964	966
224325	235	189815	964	966
205460	235	188094	964	966
204384	235	188201	964	966
278162	235	188279	964	966
220335	235	188268	964	966
221162	235	355821	964	966
214949	235	188120	964	966
293101	235	189894	964	966
200834	235	190070	964	966
233117	235	190410	964	966
284100	235	188396	964	966
229514	235	188149	964	966
203401	235	203079	964	966
263137	235	190795	964	966
372420	235	284590	964	966
212594	235	188490	964	966
258694	235	188128	964	966
206269	235	188314	964	966
277385	235	191187	964	966
231970	235	188406	964	966
220134	235	192707	964	966
210026	235	189811	964	966
233412	235	189168	964	966
208410	235	188432	964	966
227330	235	188316	964	966
215075	235	188057	964	966
266067	235	189093	964	966
239868	235	188512	964	966
253993	235	188133	964	966
198535	235	189492	964	966
216868	235	190023	964	966
204662	235	188091	964	966
205619	235	188585	964	966
201703	235	189086	964	966
204132	235	189159	964	966
297157	235	190399	964	966
216534	235	188774	964	966
210533	235	188179	964	966
253048	235	188585	964	966
265716	235	190048	964	966
228995	235	189758	964	966
282135	235	188981	964	966
195680	235	188615	964	966
265947	235	188375	964	966
221288	235	188367	964	966
294576	235	223182	964	966
335716	235	189861	964	966
219560	235	188506	964	966
209611	235	188725	964	966
209361	235	189998	964	966
234777	235	188342	964	966
221471	235	189921	964	966
228032	235	188275	964	966
219771	235	189111	964	966
247408	235	188582	964	966
212084	235	188396	964	966
247284	235	189329	964	966
209506	235	188149	964	966
258872	235	188500	964	966
229838	235	188656	964	966
217951	235	188305	964	966
219499	235	189102	964	966
210959	235	188180	964	966
204791	235	189973	964	966
255881	235	189746	964	966
307484	235	188900	964	966
233524	235	188565	964	966
257404	235	205857	964	966
336973	235	189221	964	966
370247	235	188608	964	966
199039	235	189662	964	966
226464	235	190421	964	966
265108	235	188727	964	966
207430	235	188371	964	966
285964	235	188219	964	966
229159	235	188119	964	966
196489	235	191907	964	966
248546	235	189848	964	966
245724	235	192496	964	966
199716	235	188400	964	966
363865	235	197713	964	966
253159	235	189367	964	966
205819	235	189230	964	966
215028	235	189798	964	966
228742	235	189312	964	966
208460	235	188003	964	966
295822	235	188403	964	966
219779	235	188222	964	966
215514	235	188318	964	966
274274	235	190589	964	966
223204	235	188456	964	966
200264	235	191422	964	966
249962	235	188957	964	966
296972	235	189827	964	966
224660	235	189848	964	966
202322	235	188660	964	966
247922	235	189758	964	966
284173	235	189540	964	966
336730	235	253876	964	966
281952	235	188426	964	966
259469	235	190264	964	966
199707	235	188036	964	966
224588	235	189581	964	966
199259	235	188281	964	966
265521	235	188007	964	966
237039	235	205973	964	966
308586	235	188399	964	966
211865	235	188896	964	966
226075	235	188906	964	966
259036	235	189253	964	966
209811	235	188538	964	966
269563	235	189048	964	966
192321	235	188839	964	966
237703	235	188491	964	966
216621	235	189054	964	966
208427	235	190532	964	966
205227	235	189177	964	966
211509	235	197178	964	966
260763	235	191304	964	966
211410	235	215645	964	966
225819	235	189540	964	966
195788	235	355821	964	966
208340	235	189913	964	966
220338	235	190515	964	966
209465	235	188189	964	966
223568	235	188630	964	966
236760	235	188879	964	966
195531	235	188701	964	966
237132	235	188621	964	966
267514	235	189291	964	966
300161	235	189179	964	966
243765	235	229227	964	966
243395	235	190949	964	966
249893	235	188604	964	966
193083	235	190055	964	966
211875	235	190219	964	966
288773	235	189262	964	966
204497	235	191499	964	966
190990	235	190647	964	966
214545	235	188120	964	966
213051	235	189162	964	966
234453	235	188030	964	966
215950	235	188771	964	966
210813	235	192100	964	966
307898	235	194010	964	966
235762	235	188890	964	966
246133	235	195070	964	966
315421	235	188505	964	966
332088	235	189117	964	966
264023	235	188323	964	966
212635	235	188629	964	966
214573	235	190298	964	966
221361	235	221362	964	966
208742	235	188222	964	966
213113	235	188356	964	966
235275	235	189583	964	966
275004	235	190115	964	966
203756	235	188493	964	966
335327	235	189781	964	966
197645	235	188244	964	966
247754	235	188119	964	966
242850	235	189245	964	966
194487	235	188074	964	966
279801	235	188105	964	966
214005	235	188597	964	966
233530	235	191733	964	966
265837	235	188429	964	966
288884	235	188381	964	966
204941	235	188291	964	966
196314	235	189013	964	966
208890	235	188239	964	966
216105	235	188297	964	966
228388	235	190548	964	966
203913	235	188270	964	966
305554	235	188789	964	966
260936	235	191403	964	967
214620	235	188709	964	967
220946	235	189699	964	967
198059	235	188007	964	967
269923	235	191584	964	967
216572	235	188043	964	967
216175	235	189319	964	967
242433	235	188991	964	967
198209	235	188178	964	967
214205	235	188040	964	967
297527	235	188123	964	967
202672	235	188023	964	967
236556	235	191103	964	967
197869	235	188082	964	967
217532	235	188042	964	967
260530	235	188704	964	967
204470	235	188275	964	967
229802	235	268306	964	967
198400	235	188597	964	967
267731	235	189508	964	967
307166	235	189054	964	967
239908	235	308300	964	967
204033	235	188168	964	967
196612	235	188415	964	967
219782	235	193922	964	967
321187	235	188120	964	967
205143	235	188052	964	967
289910	235	188727	964	967
207004	235	188904	964	967
207655	235	189166	964	967
198711	235	188358	964	967
198954	235	188259	964	967
207715	235	188273	964	967
305703	235	188443	964	967
223350	235	188456	964	967
324331	235	251509	964	967
230635	235	188463	964	967
221048	235	188742	964	967
258108	235	188765	964	967
275695	235	192475	964	967
238713	235	189195	964	967
194569	235	188282	964	967
193613	235	188006	964	967
193704	235	199623	964	967
231975	235	188021	964	967
223310	235	188211	964	967
188703	239	339560	964	967
223031	235	190829	964	967
251167	235	188735	964	967
296220	235	189117	964	967
285244	235	190054	964	967
204344	235	188529	964	967
205406	235	188009	964	967
198317	235	188156	964	967
239840	235	188520	964	967
294183	235	188045	964	967
229839	235	188533	964	967
241888	235	188936	964	967
282002	235	188099	964	967
204175	235	188217	964	967
365253	235	188028	964	967
206488	235	188971	964	967
210958	235	189358	964	967
221898	235	188232	964	967
226864	235	188385	964	967
271009	235	189382	964	967
206318	235	188395	964	967
271948	235	188128	964	967
311140	235	189108	964	967
266559	235	188887	964	967
218624	235	189366	964	967
204383	235	188705	964	967
206067	235	188406	964	967
212165	235	190946	964	967
199515	235	189147	964	967
204348	235	188060	964	967
239434	235	188486	964	967
272428	235	190968	964	967
216563	235	188126	964	967
311068	235	188912	964	967
227019	235	196434	964	967
304423	235	192550	964	967
216009	235	188331	964	967
214828	235	188067	964	967
201060	235	188023	964	967
198813	235	188544	964	967
197893	235	190650	964	967
239523	235	195785	964	967
204729	235	188033	964	967
231259	235	188875	964	967
244988	235	188877	964	967
228397	235	189715	964	967
249651	235	188127	964	967
206269	235	188131	964	967
282018	235	188557	964	967
292566	235	189075	964	967
198339	235	188001	964	967
226877	235	188941	964	967
244476	235	188681	964	967
241083	235	188385	964	967
215321	235	189131	964	967
237425	235	188663	964	967
233756	235	188171	964	967
200829	235	188227	964	967
208840	235	188141	964	967
201968	235	189036	964	967
248212	235	188281	964	967
209144	235	223182	964	967
273872	235	189764	964	967
243736	235	189123	964	967
270557	235	188537	964	967
198898	235	188419	964	967
238891	235	188006	964	967
215227	235	216445	964	967
282578	235	188416	964	967
206796	235	188896	964	967
291362	235	188718	964	967
217568	235	190263	964	967
221921	235	188119	964	967
203869	235	188051	964	967
208092	235	188541	964	967
259482	235	188666	964	967
340712	235	190686	964	967
216352	235	188281	964	967
212462	235	188277	964	967
300070	235	188918	964	967
270932	235	193534	964	967
232136	235	188058	964	967
208442	235	188253	964	967
335548	235	195479	964	967
249242	235	188275	964	967
194043	235	191071	964	967
250731	235	188662	964	967
307307	235	188476	964	967
204160	235	188875	964	967
200879	235	189345	964	967
212228	235	188690	964	967
256067	235	188280	964	967
324749	235	198022	964	967
260356	235	191571	964	967
195703	235	202413	964	967
229963	235	188351	964	967
205159	235	190880	964	967
240908	235	188185	964	967
208493	235	188347	964	967
207815	235	188193	964	967
202389	235	189510	964	967
210577	235	188237	964	967
201849	235	188225	964	967
253455	235	188249	964	967
227917	235	188645	964	967
237324	235	188342	964	967
241614	235	188496	964	967
214504	235	188185	964	967
297539	235	191218	964	967
202537	235	188730	964	967
199812	235	188744	964	967
211189	235	188790	964	967
196602	235	188175	964	967
211936	235	188031	964	967
239095	235	188260	964	967
200057	235	188053	964	967
250619	235	188903	964	967
260936	235	188253	964	967
281729	235	189367	964	967
224048	235	189108	964	967
297315	235	188179	964	967
202948	235	189022	964	967
237134	235	192170	964	967
210723	235	189245	964	967
319655	235	189348	964	967
298944	235	238144	964	967
294655	235	188250	964	967
216104	235	191112	964	967
207446	235	188703	964	967
226390	235	189345	964	967
221796	235	188819	964	967
218630	235	190069	964	967
194960	235	188520	964	967
243383	235	189037	964	967
195444	235	188055	964	967
205322	235	188162	964	967
210313	235	188130	964	967
194513	235	190750	964	967
249245	235	189193	964	967
232482	235	189194	964	967
209087	235	188026	964	967
333734	235	188416	964	967
200391	235	188059	964	967
216575	235	189054	964	967
209170	235	189510	964	967
225136	235	188005	964	967
270334	235	188298	964	967
200990	235	188006	964	967
269476	235	189093	964	967
243359	235	188727	964	967
226228	235	188503	964	967
226222	235	188704	964	967
201568	235	188017	964	967
194962	235	188385	964	967
206089	235	188294	964	967
297444	235	188291	964	967
234725	235	188215	964	967
231138	235	188268	964	967
221236	235	188534	964	967
200175	235	188277	964	967
253683	235	189823	964	967
200549	235	190378	964	967
260583	235	190515	964	967
333649	235	189141	964	967
243313	235	188298	964	967
305615	235	189375	964	967
206799	235	188024	964	967
275492	235	189538	964	967
239893	235	188024	964	967
243065	235	194591	964	967
193444	235	188894	964	967
263996	235	189728	964	967
223793	235	188039	964	967
211002	235	207978	964	967
208299	235	189728	964	967
207717	235	188143	964	967
243693	235	190890	964	967
325848	235	188968	964	967
233724	235	188366	964	967
209508	235	188168	964	967
203355	235	189346	964	967
199470	235	190035	964	967
238174	235	188668	964	967
217425	273	191115	964	967
217948	235	188826	964	967
280545	235	192197	964	967
217554	235	189094	964	967
325550	235	191187	964	967
254273	235	188358	964	967
317189	273	191115	964	967
229987	235	188215	964	967
294442	235	189141	964	967
246805	235	188188	964	967
208311	235	188924	964	967
301000	235	188432	964	967
226998	235	189085	964	967
196472	235	188350	964	967
189872	239	199463	964	967
210423	235	188067	964	967
195656	235	188029	964	967
272102	235	188106	964	967
267932	235	188941	964	967
297740	235	188633	964	967
198651	235	188010	964	967
298224	235	191422	964	967
252062	235	188579	964	967
335329	235	190801	964	967
222637	235	188032	964	967
296463	235	188695	964	967
241080	235	188014	964	967
212387	235	188782	964	967
251365	235	189407	964	967
208910	235	188070	964	967
240474	235	189048	964	967
262638	235	188404	964	967
195708	235	188419	964	967
274747	235	189538	964	967
214666	235	188007	964	967
234948	235	188663	964	967
212593	235	188718	964	967
206140	235	188595	964	967
250992	235	189858	964	967
207058	235	188493	964	967
213586	235	188029	964	967
335997	235	188203	964	967
243324	235	191403	964	967
305923	235	190859	964	967
272526	235	188056	964	967
252287	235	189932	964	967
276190	235	191658	964	967
211427	235	188312	964	967
281608	235	191593	964	967
194598	235	189433	964	967
297370	235	189084	964	967
255562	235	188043	964	967
300106	235	246483	964	967
207988	235	188740	964	967
298620	235	188396	964	967
228206	235	188975	964	967
285320	235	188203	964	967
220746	235	188079	964	967
197668	235	188280	964	967
217883	235	188010	964	967
208183	235	189543	964	967
213568	235	189020	964	967
228028	235	191658	964	967
280450	235	188305	964	967
241491	235	188190	964	967
228646	235	188185	964	967
232661	235	188695	964	967
312320	235	188152	964	967
253529	235	188804	964	967
199100	235	188070	964	967
221007	235	189482	964	967
231749	235	188024	964	967
210763	235	188190	964	967
241153	235	205025	964	967
216038	235	188555	964	967
257660	235	188107	964	967
310517	235	189417	964	967
209713	235	188640	964	967
209952	235	189640	964	967
245146	235	189126	964	967
232097	235	188305	964	967
204369	235	188088	964	967
259824	235	189191	964	967
226475	235	188208	964	967
238563	235	188733	964	967
207299	235	189092	964	967
210124	235	188007	964	967
247121	235	188817	964	967
230483	235	188884	964	967
207162	235	188173	964	967
214830	235	188421	964	967
202642	235	190468	964	967
203180	235	188574	964	967
230236	235	189110	964	967
265370	235	189040	964	967
208276	235	188385	964	967
226440	235	188155	964	967
211641	235	188053	964	967
212606	235	188232	964	967
353166	235	188577	964	967
241849	235	189125	964	967
235426	235	189124	964	967
215831	235	188733	964	967
239261	235	189118	964	967
273285	235	188215	964	967
210527	235	188416	964	967
201956	235	188057	964	967
265777	235	188815	964	967
225291	235	188555	964	967
239078	235	188306	964	967
211708	235	188398	964	967
249583	235	189208	964	967
217925	235	188011	964	967
217979	235	188929	964	967
221509	235	188141	964	967
270228	235	190989	964	967
205774	235	188927	964	967
246966	235	189322	964	967
215817	235	189549	964	967
222132	235	189278	964	967
197999	235	199756	964	967
208152	235	188162	964	967
227908	235	190069	964	967
298596	235	188478	964	967
282189	235	188183	964	967
199295	235	188025	964	967
205785	235	188223	964	967
213952	235	188486	964	967
276174	235	188564	964	967
310280	235	189345	964	967
271057	235	188946	964	967
280709	235	195070	964	967
283487	235	188321	964	967
247205	235	189381	964	967
337695	235	203827	964	967
212147	235	290736	964	967
200396	235	188874	964	967
205142	235	188971	964	967
248572	235	188279	964	967
230871	235	188178	964	967
208309	235	188241	964	967
283676	235	188189	964	967
239699	235	188461	964	967
269056	235	188488	964	967
225973	235	188968	964	967
268459	235	189619	964	967
221156	235	188393	964	967
230425	235	192872	964	967
264582	235	189048	964	967
212518	235	189685	964	967
226010	235	188853	964	967
202394	235	188239	964	967
193916	235	188089	964	967
246188	235	188143	964	967
281647	235	204094	964	967
266605	235	189316	964	967
262174	235	188154	964	967
225209	235	188940	964	967
201488	235	188533	964	967
239129	235	188005	964	967
210472	235	188017	964	967
197736	235	188422	964	967
208002	235	188284	964	967
230915	235	188706	964	967
266180	235	189397	964	967
282861	235	188511	964	967
363003	235	191771	964	967
313189	235	196185	964	967
221015	235	188201	964	967
316391	235	309903	964	967
196620	235	188270	964	967
201055	235	189598	964	967
207808	235	188131	964	967
207862	235	188844	964	967
276799	235	190083	964	967
297851	235	189277	964	967
342694	235	192550	964	967
199476	235	188085	964	967
200117	235	188422	964	967
336815	235	198022	964	967
220230	235	189651	964	967
258655	235	190307	964	967
222859	235	188006	964	967
292225	235	188789	964	967
282172	235	188375	964	967
259467	235	188018	964	967
208442	235	191403	964	967
287130	235	188396	964	967
280940	235	188129	964	967
197509	235	190217	964	967
202637	235	188175	964	967
217780	235	188399	964	967
257170	235	188331	964	967
223143	235	188158	964	967
287068	235	189705	964	967
223581	235	190035	964	967
211746	235	189626	964	967
249900	235	188020	964	967
267549	235	194766	964	967
219656	235	216564	964	967
304537	235	188209	964	967
208372	235	188656	964	967
218175	235	189362	964	967
213431	235	188668	964	967
314564	235	191422	964	967
249333	235	188284	964	967
233748	235	188131	964	967
260117	235	188713	964	967
324408	235	192477	964	967
272856	235	188201	964	967
196124	235	188129	964	967
296761	235	188440	964	967
305045	235	190045	964	967
200795	235	189241	964	967
227567	235	188884	964	967
220281	235	188239	964	967
226165	235	189793	964	967
282836	235	197213	964	967
213353	235	188399	964	967
199207	235	188109	964	967
262399	235	188903	964	967
220996	235	191110	964	967
337030	235	240176	964	967
223777	235	188045	964	967
255654	235	188505	964	967
268979	235	189384	964	967
208067	235	191543	964	967
300592	235	191173	964	967
221869	235	188217	964	967
217711	235	188235	964	967
210498	235	188038	964	967
207401	235	188304	964	967
198648	235	188173	964	967
223517	235	189579	964	967
205555	235	188253	964	967
237306	235	188441	964	967
212775	235	189651	964	967
220292	235	189160	964	967
300725	235	189154	964	967
208413	235	188082	964	967
226544	235	189228	964	967
231717	235	188997	964	967
203992	235	188578	964	967
341882	235	199900	964	967
284563	235	190465	964	967
251196	235	188037	964	967
291007	289	195660	964	967
244546	235	188488	964	967
307378	235	196810	964	967
264520	235	188053	964	967
209833	235	188718	964	967
215713	235	188661	964	967
292555	235	188906	964	967
298425	235	190091	964	967
204573	235	189510	964	967
358478	235	192074	964	967
257328	235	188294	964	967
204777	235	189094	964	967
281624	235	189228	964	967
229282	235	189050	964	967
200116	235	190880	964	967
222248	235	188509	964	967
275344	235	188896	964	967
315335	235	188495	964	967
221005	235	188314	964	967
272802	235	192104	964	967
216540	235	188710	964	967
224696	235	188162	964	967
241705	235	188594	964	967
227392	235	188826	964	967
193211	235	188045	964	967
225786	235	188235	964	967
205563	235	188801	964	967
261553	235	188179	964	967
208077	235	188978	964	967
212152	235	189641	964	967
280316	235	189564	964	967
282211	235	188996	964	967
226382	235	188393	964	967
215159	235	188188	964	967
202905	235	188342	964	967
209190	235	188656	964	967
314348	235	194429	964	967
207493	235	188030	964	967
206797	235	188023	964	967
264017	235	189281	964	967
209579	235	188139	964	967
206090	235	188502	964	967
199347	235	197154	964	967
260057	235	188399	964	967
230524	235	190066	964	967
198924	235	189579	964	967
278680	235	190515	964	967
270801	235	188120	964	967
212121	235	189054	964	967
200088	235	188005	964	967
213803	235	188182	964	967
259497	235	188223	964	967
213199	235	189040	964	967
197089	235	188101	964	967
237410	235	188075	964	967
292941	235	192592	964	967
226182	235	188877	964	967
255777	235	188036	964	967
199852	235	188130	964	967
236408	235	188960	964	967
204466	235	188241	964	967
223502	235	191103	964	967
373052	235	198681	964	967
208620	235	188020	964	967
312782	235	189538	964	967
205426	235	188009	964	967
212145	235	188057	964	967
220128	235	188820	964	967
217801	235	188728	964	967
206637	235	188719	964	967
199201	235	188015	964	967
289312	235	190950	964	967
221477	235	189499	964	967
302262	235	190859	964	967
202874	235	189708	964	967
342667	235	188828	964	967
241532	235	189126	964	967
257741	235	188798	964	967
223914	235	189346	964	967
331458	235	190949	964	967
207911	235	189308	964	967
207977	235	188409	964	967
230180	235	188975	964	967
222827	235	188883	964	967
195386	235	188411	964	967
222420	235	188209	964	967
204323	235	188203	964	967
213513	235	189245	964	967
343318	235	189616	964	967
308681	235	191112	964	967
331973	235	188220	964	967
314514	235	194429	964	967
250250	235	189145	964	967
218260	235	188056	964	967
216293	235	188541	964	967
206247	235	188496	964	967
198221	235	188753	964	967
222662	235	188106	964	967
252149	235	189418	964	967
248328	235	189355	964	967
213784	235	188006	964	967
196127	235	188645	964	967
208558	235	188005	964	967
283103	235	193617	964	967
214550	235	190642	964	967
208656	235	188342	964	967
280133	235	208468	964	967
235479	235	188753	964	967
240629	235	191152	964	967
206375	235	189601	964	967
196404	235	188067	964	967
297609	235	188373	964	967
374393	235	217232	964	967
217732	235	188590	964	967
340848	235	192475	964	967
318252	235	188066	964	967
214184	235	189863	964	967
342954	235	189851	964	967
218109	235	188399	964	967
227819	235	188864	964	967
260827	235	188017	964	967
196992	235	212472	964	967
286010	235	191980	964	967
234732	235	188487	964	967
336423	235	188305	964	967
202049	235	189007	964	967
303367	235	213464	964	967
278881	235	189283	964	967
274722	235	188565	964	967
310517	235	189728	964	967
216125	235	188876	964	967
247931	235	188968	964	967
197056	235	188096	964	967
238014	235	188826	964	967
251203	235	188305	964	967
281661	235	189055	964	967
207585	235	189496	964	967
234497	235	224107	964	967
199066	235	188129	964	967
201790	235	189013	964	967
195066	235	188237	964	967
208186	235	188260	964	967
207385	235	188284	964	967
286830	235	223182	964	967
341897	235	196510	964	967
213147	235	188219	964	967
209352	235	189109	964	967
309853	235	188269	964	967
214080	235	188952	964	967
222552	235	188294	964	967
232091	235	372008	964	967
206423	235	188088	964	967
194619	235	188406	964	967
227898	235	189887	964	967
205445	235	190451	964	967
232125	235	189403	964	967
214498	235	188133	964	967
303933	235	188130	964	967
266514	235	218450	964	967
240900	235	189570	964	967
273642	235	189230	964	967
233621	235	188511	964	967
204736	235	188052	964	967
198176	235	188259	964	967
304258	235	189020	964	967
203362	235	188546	964	967
276207	235	189863	964	967
196411	235	188941	964	967
272102	235	188106	964	967
206452	235	188979	964	967
272651	235	188496	964	967
239520	235	188185	964	967
282930	235	188718	964	967
195841	235	188634	964	967
243696	235	188082	964	967
253409	235	188585	964	967
305703	235	188090	964	967
230469	235	188020	964	967
197357	235	189936	964	967
197538	235	193700	964	967
216215	235	188668	964	967
275420	235	189643	964	967
262948	235	189837	964	967
231897	235	189080	964	967
211245	235	191046	964	967
266701	235	188237	964	967
230710	235	189319	964	967
208305	235	188260	964	967
255633	235	188294	964	967
336672	235	189357	964	967
288227	235	189538	964	967
333379	235	188924	964	967
226961	235	189009	964	967
207307	235	188055	964	967
244694	235	188235	964	967
342138	235	188556	964	967
211062	235	189275	964	967
206047	235	188996	964	967
199164	235	188116	964	967
253653	235	189348	964	967
275367	235	191103	964	967
206481	235	191570	964	967
206941	235	188983	964	967
266615	235	189166	964	967
194075	235	188048	964	967
269773	235	188141	964	967
267890	235	188585	964	967
296071	235	188240	964	967
226428	235	189259	964	967
245483	235	188611	964	967
298520	235	193342	964	967
221021	235	189094	964	967
311732	235	188747	964	967
305052	235	188653	964	967
216496	235	188479	964	967
290122	235	189092	964	967
232490	235	188057	964	967
229065	235	188535	964	967
265890	235	188960	964	967
338210	235	188493	964	967
229375	235	188291	964	967
210925	235	188032	964	967
298355	235	190978	964	967
319140	235	188110	964	967
210398	235	188032	964	967
289163	235	190932	964	967
305215	235	308300	964	967
214432	235	188235	964	967
219937	235	189194	964	967
203234	235	188023	964	967
203535	235	188010	964	967
276008	235	188404	964	967
243255	235	189554	964	967
228127	235	190946	964	967
217990	235	188042	964	967
282636	235	188323	964	967
257085	235	188837	964	967
342302	235	188946	964	967
270875	235	189107	964	967
210899	235	190451	964	967
284683	235	190789	964	967
258431	235	189615	964	967
206355	235	188574	964	967
234977	235	188590	964	967
286349	235	188088	964	967
219637	235	188153	964	967
219178	235	188026	964	967
210016	235	188948	964	967
213114	235	188027	964	967
275209	235	191879	964	967
237593	235	188739	964	967
241559	235	189970	964	967
276177	235	188511	964	967
201406	235	188090	964	967
253335	235	190952	964	967
214458	235	188304	964	967
256926	235	188070	964	967
205176	235	188402	964	967
236305	235	188227	964	967
248386	235	188353	964	967
223541	235	188185	964	967
223958	235	190091	964	967
270041	235	190476	964	967
308766	235	189188	964	967
302998	235	199507	964	967
221699	235	188037	964	967
221718	235	188350	964	967
219040	235	190548	964	967
314604	235	188958	964	967
241426	235	189953	964	967
210115	235	194571	964	967
325237	273	191115	964	967
315177	235	189586	964	967
342785	235	198022	964	967
233210	235	201275	964	967
333666	235	189327	964	967
260574	235	188663	964	967
231845	235	188185	964	967
214068	235	224130	964	967
207529	235	188139	964	967
267094	235	188089	964	967
218144	235	188619	964	967
304357	235	188154	964	967
276744	235	190801	964	967
195660	289	291007	964	967
199800	235	190734	964	967
248023	235	189085	964	967
201650	235	189191	964	967
271911	235	188584	964	967
216511	235	188712	964	967
231841	235	189064	964	967
277209	235	188182	964	967
248018	235	188190	964	967
210586	235	188794	964	967
285457	235	188979	964	967
203287	235	189262	964	967
197610	235	189278	964	967
305015	235	188307	964	967
218018	235	188661	964	967
221040	235	188472	964	967
234641	235	188765	964	967
283073	235	188886	964	967
215107	235	188500	964	967
281373	235	190408	964	967
303150	235	190880	964	967
194723	235	188014	964	967
299640	235	188957	964	967
202646	235	188564	964	967
287805	235	189083	964	967
318931	235	188141	964	967
236801	235	192475	964	967
215791	235	201755	964	967
232694	235	188476	964	967
213579	235	188547	964	967
276936	235	188068	964	967
277521	235	192656	964	967
215515	235	188190	964	967
224991	235	189549	964	967
230536	235	189377	964	967
202236	235	190378	964	967
214059	235	189009	964	967
198126	235	188732	964	967
247825	235	188706	964	967
227657	235	188611	964	967
247034	235	188458	964	967
234914	235	188027	964	967
203594	235	188291	964	967
224854	235	188337	964	967
243382	235	188281	964	967
310040	235	198122	964	967
213967	235	188064	964	967
202197	235	188145	964	967
210356	235	189906	964	967
275437	273	191115	964	967
272495	235	188109	964	967
211126	235	188237	964	967
239306	235	188712	964	967
251016	235	188239	964	967
209725	235	189721	964	967
210640	235	190749	964	967
237618	235	188502	964	967
242071	235	189232	964	967
203935	235	188370	964	967
209446	235	189824	964	967
259075	235	190794	964	967
243837	235	189677	964	967
196333	235	189262	964	967
226663	235	189197	964	967
196466	235	189685	964	967
279464	235	188746	964	967
221641	235	189048	964	967
268834	235	191110	964	967
211010	235	188278	964	967
256428	235	264513	964	967
215008	235	188070	964	967
210927	235	189732	964	967
202218	235	188131	964	967
270042	235	188606	964	967
224139	235	188101	964	967
248824	235	188678	964	967
233149	235	188640	964	967
217343	235	190278	964	967
214406	235	188462	964	967
212973	235	188312	964	967
252312	235	188072	964	967
210554	235	188168	964	967
296348	235	188546	964	967
221565	235	188500	964	967
203219	235	188682	964	967
255513	235	190563	964	967
353127	235	188557	964	967
273925	235	188064	964	967
226890	235	188611	964	967
322918	235	189462	964	967
306518	235	189397	964	967
281731	235	188315	964	967
221375	235	188779	964	967
216725	235	188656	964	967
217198	235	189662	964	967
215102	235	188096	964	967
229312	235	188229	964	967
202685	235	188168	964	967
232396	235	188547	964	967
271357	235	190801	964	967
204224	235	193777	964	967
247439	235	188782	964	967
366793	235	189293	964	967
225017	47	298604	964	967
225264	235	188512	964	967
206772	235	189948	964	967
274900	235	190214	964	967
196684	235	188132	964	967
274905	235	191487	964	967
244734	235	189471	964	967
265184	235	190749	964	967
302460	235	191908	964	967
287076	235	191353	964	967
214154	235	188070	964	967
245223	235	188619	964	967
266458	235	191071	964	967
220012	235	188518	964	967
232979	235	188690	964	967
210894	235	188496	964	967
304106	235	188267	964	967
241697	235	189587	964	967
206614	235	189158	964	967
234285	235	188220	964	967
274900	235	188404	964	967
227369	235	189522	964	967
218088	235	188686	964	967
195449	235	188573	964	967
294339	235	190550	964	967
292608	235	196810	964	967
224001	235	188377	964	967
253817	235	189399	964	967
257491	235	189069	964	967
282156	235	188238	964	967
223483	235	188577	964	967
202221	235	188971	964	967
300336	235	192115	964	967
210453	235	188007	964	967
204916	235	188132	964	967
194280	235	188829	964	967
239287	235	188689	964	967
212676	235	188014	964	967
213284	235	188630	964	967
214514	235	189815	964	967
244556	235	189601	964	967
299533	235	188806	964	967
292403	235	189314	964	967
203295	235	188439	964	967
202673	235	188039	964	967
205651	235	188278	964	967
224810	235	188223	964	967
204747	235	188129	964	967
213590	235	188517	964	967
277622	235	189563	964	967
260995	235	188037	964	967
196037	235	189823	964	967
193200	235	188760	964	967
243655	235	188683	964	967
200213	235	188478	964	967
222428	235	189009	964	967
199661	235	188208	964	967
247569	235	255142	964	967
211211	235	190746	964	967
213581	235	188559	964	967
226856	235	189135	964	967
201955	235	188451	964	967
321137	235	196046	964	967
267801	235	188367	964	967
199491	235	188042	964	967
312033	235	188490	964	967
208624	235	188709	964	967
217896	235	188377	964	967
220667	235	188561	964	967
219117	235	188694	964	967
356556	235	189880	964	967
259708	235	188733	964	967
201235	235	188312	964	967
261156	235	194809	964	967
199167	235	188778	964	967
201143	235	189564	964	967
204548	235	188227	964	967
259849	235	188941	964	967
324066	235	197666	964	967
233692	235	188342	964	967
279669	235	195494	964	967
217020	235	188890	964	967
245319	235	190066	964	967
209874	235	188960	964	967
233442	235	188900	964	967
211966	235	188443	964	967
258536	235	192214	964	967
264978	42	281786	964	967
296184	235	188794	964	967
372164	235	188198	964	967
199800	235	188996	964	967
220335	235	189094	964	967
200683	235	237975	964	967
209476	235	188101	964	967
244219	235	188367	964	967
236932	235	188590	964	967
232229	235	191255	964	967
202374	235	188445	964	967
238501	235	188279	964	967
218518	235	188483	964	967
207348	235	188456	964	967
301754	235	188801	964	967
206851	235	190946	964	967
331828	235	191103	964	967
249376	235	188780	964	967
229722	235	188268	964	967
246844	235	230227	964	967
199366	235	188786	964	967
372506	235	203773	964	967
246892	235	188486	964	967
194451	235	191351	964	967
240339	235	188317	964	967
319642	235	188757	964	967
198992	235	188262	964	967
210809	235	188270	964	967
297444	235	188294	964	967
284756	235	214418	964	967
213231	235	189471	964	967
295132	235	188190	964	967
204524	235	188663	964	967
267024	235	188559	964	967
263520	235	188007	964	967
259989	235	189422	964	967
256708	235	188570	964	967
224173	235	188305	964	967
224533	235	188312	964	967
