205068	235	193735	947	947
203530	235	188018	947	947
369191	235	188307	947	947
244151	235	188165	947	947
206883	235	190200	947	947
210194	235	190963	947	947
356573	139	257922	947	947
195797	235	188123	947	947
233440	235	189826	947	947
188230	263	189592	947	947
219681	235	188473	947	947
360442	282	355308	947	947
364978	282	194109	947	947
199635	235	188057	947	947
291453	235	188513	947	947
349384	49	269395	947	947
313099	235	189277	947	947
217380	235	188415	947	947
206954	235	188038	947	947
231123	52	267546	947	947
203979	235	188097	947	947
255266	235	190422	947	947
250405	235	189895	947	947
323634	235	188158	947	948
265119	235	190422	947	948
205246	235	188110	947	948
213665	235	188036	947	948
245135	235	188186	947	948
252455	235	189744	947	948
234358	235	188649	947	948
195789	235	193747	947	948
207468	235	189435	947	948
245843	235	188426	947	948
207272	235	189824	947	948
226215	235	188744	947	948
258631	235	191198	947	948
212777	235	188168	947	948
208691	235	188178	947	948
197142	235	188502	947	948
210129	235	192636	947	948
204032	235	188316	947	948
196169	235	188113	947	948
294751	235	189690	947	948
209333	235	189718	947	948
271728	235	190019	947	948
195700	235	188773	947	948
205715	235	188011	947	948
215487	235	188057	947	948
251085	235	188163	947	948
198078	235	188487	947	948
215400	235	191296	947	948
234926	235	193249	947	948
229426	235	188433	947	948
210810	235	188580	947	948
200585	235	190725	947	948
219042	235	188038	947	948
266413	235	202549	947	948
200058	235	189575	947	948
233389	235	190183	947	948
198337	235	230142	947	948
221990	235	190422	947	948
219385	235	191977	947	948
192919	235	188072	947	948
239488	235	191477	947	948
232447	235	188140	947	948
192562	235	188437	947	948
212774	235	206054	947	948
217117	235	188903	947	948
200204	235	193747	947	948
209951	235	190127	947	948
208111	235	188222	947	948
247995	235	189884	947	948
236362	235	189326	947	948
216643	235	189658	947	948
320879	289	250866	947	948
233840	235	200313	947	948
192119	235	188182	947	948
193619	235	188707	947	948
199408	235	192636	947	948
206163	235	189475	947	948
289088	235	188058	947	948
222486	235	188239	947	948
211849	235	188702	947	948
267031	235	189273	947	948
193978	235	189980	947	948
194409	235	188028	947	948
194407	235	190436	947	948
226373	235	188353	947	948
198023	235	189712	947	948
220547	235	192170	947	948
337651	235	188924	947	948
195314	235	188418	947	948
200487	235	188116	947	948
195830	235	188267	947	948
195990	235	188145	947	948
254847	235	188976	947	948
220956	235	188030	947	948
199394	235	188426	947	948
257593	235	188344	947	948
209121	235	188540	947	948
203525	235	188704	947	948
203142	235	190638	947	948
227976	235	188383	947	948
235612	235	190002	947	948
219261	235	189070	947	948
303970	235	189203	947	948
245125	235	188119	947	948
240905	235	190695	947	948
236315	235	188478	947	948
215522	235	188001	947	948
195525	235	188024	947	948
209682	235	188189	947	948
193080	235	194191	947	948
202907	235	189744	947	948
294902	235	188821	947	948
191639	235	190455	947	948
196797	235	189628	947	948
215969	235	188158	947	948
235176	235	202549	947	948
197535	235	188263	947	948
222140	235	188055	947	948
193413	235	188047	947	948
204393	235	189585	947	948
282663	235	189311	947	948
227212	235	189245	947	948
208160	235	188500	947	948
203003	235	189132	947	948
264986	235	192424	947	948
199896	235	188279	947	948
256422	235	189596	947	948
232293	235	189071	947	948
209424	235	191357	947	948
194303	235	188161	947	948
221493	235	189071	947	948
239227	235	188277	947	948
227192	235	189229	947	948
274429	235	189122	947	948
196338	235	188324	947	948
192118	235	188014	947	948
204834	235	188203	947	948
196780	235	188220	947	948
274976	235	189326	947	948
208482	235	199766	947	948
223813	235	189385	947	948
197904	235	188514	947	948
198076	235	191008	947	948
215381	235	188182	947	948
207812	235	188569	947	948
201906	235	190433	947	948
247897	235	189055	947	948
231869	235	188140	947	948
228071	235	190614	947	948
318740	235	189326	947	948
203027	235	188111	947	948
227609	235	189691	947	948
197288	235	188126	947	948
198888	235	188844	947	948
240562	235	190523	947	948
207787	235	188105	947	948
226212	235	188746	947	948
215342	235	189923	947	948
201002	235	190328	947	948
259982	235	188689	947	948
246786	235	215300	947	948
220970	235	188976	947	948
216432	235	188228	947	948
243191	235	190490	947	948
195614	235	193158	947	948
232238	235	188040	947	948
206765	235	188489	947	948
233778	235	202549	947	948
215915	235	189361	947	948
206437	235	188392	947	948
265410	235	188773	947	948
215257	235	188409	947	948
247236	235	188279	947	948
252150	235	188673	947	948
287101	235	192156	947	948
256538	235	190085	947	948
242867	235	188215	947	948
262262	235	188736	947	948
196280	235	188382	947	948
260628	235	190017	947	948
271555	235	188209	947	948
222346	235	190318	947	948
212839	235	220155	947	948
220186	235	188146	947	948
196118	235	188092	947	948
247863	235	191313	947	948
238427	235	188252	947	948
252891	235	188273	947	948
246160	235	188565	947	948
259361	235	190132	947	948
203999	235	188633	947	948
324170	235	188433	947	948
200231	235	188051	947	948
248063	235	229163	947	948
317573	235	213240	947	948
253558	235	188743	947	948
199916	235	190769	947	948
193069	235	189060	947	948
207930	235	188357	947	948
193911	235	188220	947	948
221081	235	188564	947	948
233380	235	203304	947	948
198588	235	188211	947	948
197269	235	188003	947	948
201915	235	188667	947	948
295264	235	207569	947	948
212041	235	188239	947	948
200009	235	188437	947	948
194022	235	188178	947	948
304680	235	188805	947	948
206613	235	188382	947	948
238417	235	188198	947	948
220369	235	202549	947	948
188284	239	205038	947	948
257048	235	189135	947	948
207691	235	190382	947	948
223620	235	192170	947	948
195500	235	188003	947	948
201954	235	188089	947	948
196308	235	229345	947	948
354939	235	189270	947	948
196166	235	188208	947	948
249670	235	189092	947	948
287336	235	214050	947	948
312831	235	188631	947	948
232018	235	188006	947	948
318585	235	202549	947	948
243720	235	188979	947	948
224021	235	189281	947	948
232003	235	188011	947	948
204227	235	210556	947	948
292630	235	191673	947	948
253342	235	188736	947	948
243136	235	189179	947	948
334151	245	249973	947	948
206257	235	189552	947	948
260839	235	192290	947	948
211719	235	188098	947	948
278165	235	188943	947	948
271562	235	191198	947	948
201774	235	188374	947	948
227012	235	189921	947	948
226579	235	192180	947	948
229231	235	188307	947	948
199668	235	188220	947	948
253428	235	188613	947	948
195172	235	188761	947	948
195731	235	188122	947	948
214477	235	188276	947	948
283001	235	191008	947	948
203126	235	188074	947	948
196005	235	188101	947	948
200714	235	190271	947	948
243175	235	189133	947	948
215541	235	188565	947	948
198220	235	188244	947	948
192919	235	188011	947	948
194263	235	188068	947	948
202749	235	188786	947	948
202958	235	212489	947	948
202586	235	214513	947	948
207623	235	191405	947	948
196141	235	188140	947	948
211461	235	188158	947	948
287121	235	189923	947	948
195745	235	247227	947	948
233615	235	188237	947	948
225829	235	189031	947	948
200191	235	188038	947	948
197888	235	188539	947	948
221955	235	188021	947	948
234343	235	188449	947	948
223422	235	200654	947	948
202846	235	188041	947	948
199248	235	189012	947	948
254280	235	189087	947	948
214332	235	188417	947	948
226342	235	188090	947	948
202040	235	188370	947	948
299101	235	191123	947	948
196760	235	189974	947	948
202341	235	190433	947	948
224739	235	188707	947	948
226369	235	190183	947	948
228690	235	188700	947	948
205837	235	189780	947	948
201178	235	191192	947	948
193391	235	188056	947	948
239388	235	188490	947	948
246240	235	188031	947	948
290800	235	189295	947	948
194104	235	188645	947	948
361777	235	188978	947	948
221251	235	188270	947	948
196383	235	188516	947	948
249153	235	188761	947	948
205450	235	188682	947	948
254294	235	189645	947	948
261122	235	190455	947	948
210611	235	189095	947	948
254244	235	192221	947	948
220698	235	193754	947	948
191480	235	190720	947	948
352832	292	363954	947	948
199180	235	188189	947	948
247024	235	188228	947	948
218421	235	195446	947	948
235711	235	199756	947	948
192052	235	190032	947	948
193170	235	192182	947	948
212499	235	189208	947	948
206001	235	241124	947	948
226527	235	194593	947	948
200242	235	188326	947	948
203433	235	188615	947	948
199698	235	189031	947	948
199854	235	191711	947	948
211922	235	188909	947	948
256595	235	189070	947	948
205191	235	188533	947	948
304733	235	188433	947	948
200670	235	189008	947	948
225119	235	188469	947	948
334882	235	188530	947	948
226699	235	188032	947	948
282299	235	227391	947	948
199181	235	189361	947	948
204790	235	188779	947	948
280185	235	188595	947	948
246880	235	188096	947	948
215567	235	188391	947	948
311213	235	191198	947	948
285862	235	189438	947	948
201142	235	188018	947	948
195355	235	188145	947	948
211213	235	188041	947	948
196006	235	188396	947	948
192641	235	191610	947	948
245272	235	189579	947	948
246358	235	188950	947	948
206813	235	190304	947	948
218377	235	189118	947	948
188125	267	273895	947	948
195203	235	210574	947	948
246920	235	190376	947	948
203243	235	188056	947	948
252561	235	188677	947	948
199864	235	189152	947	948
219562	235	188421	947	948
202798	235	188039	947	948
209499	235	188188	947	948
227177	235	189999	947	948
197565	235	189021	947	948
195090	235	191758	947	948
262084	235	189109	947	948
203429	235	188244	947	948
245496	235	193249	947	948
291505	235	188246	947	948
197628	235	190680	947	948
213841	235	188533	947	948
297546	235	189534	947	948
195309	235	188402	947	948
222840	235	189117	947	948
216879	235	189377	947	948
224477	235	188201	947	948
218757	235	190434	947	948
194390	235	189780	947	948
214155	235	188914	947	948
281553	235	188744	947	948
194606	235	190229	947	948
199822	235	188045	947	948
226158	235	189294	947	948
270040	235	189286	947	948
192653	235	188490	947	948
214892	235	188391	947	948
200100	235	190113	947	948
223923	235	189031	947	948
204611	235	189232	947	948
252088	235	188987	947	948
288752	235	188950	947	948
194098	235	188962	947	948
224073	235	189890	947	948
209803	235	188382	947	948
195529	235	188134	947	948
201878	235	188870	947	948
198102	235	188382	947	948
195598	235	188419	947	948
194642	235	188560	947	948
204207	235	188154	947	948
222293	235	190659	947	948
194339	235	188076	947	948
200871	235	188573	947	948
227660	235	266871	947	948
195358	235	188051	947	948
257350	235	188821	947	948
268951	235	188728	947	948
236491	235	188558	947	948
213057	235	189974	947	948
199537	235	188129	947	948
194629	235	188241	947	948
285308	235	188078	947	948
221727	235	188396	947	948
196984	235	188617	947	948
197297	235	192860	947	948
255509	235	188409	947	948
200804	235	188374	947	948
239391	235	191960	947	948
206475	235	188357	947	948
216774	235	188673	947	948
214249	235	189895	947	948
268936	235	188219	947	948
226558	235	189514	947	948
253950	235	189980	947	948
227431	235	193122	947	948
204238	235	188128	947	948
231734	235	188296	947	948
236130	235	189143	947	948
206117	235	189082	947	948
203672	235	188707	947	948
194901	235	188074	947	948
225135	235	188928	947	948
203165	235	188067	947	948
229120	235	188249	947	948
209907	235	188409	947	948
202689	235	188391	947	948
216498	235	188695	947	948
249472	235	190855	947	948
246655	235	188067	947	948
195810	235	188134	947	948
194879	235	189575	947	948
195878	235	188173	947	948
296806	235	189065	947	948
214954	235	188090	947	948
249396	235	189639	947	948
199273	235	189358	947	948
196873	235	188464	947	948
199949	235	189986	947	948
200116	235	190763	947	948
196048	235	190513	947	948
209524	235	189254	947	948
248307	235	189923	947	948
200855	235	188310	947	948
244671	235	244470	947	948
208242	235	189095	947	948
198405	235	188746	947	948
289162	235	191349	947	948
200375	235	188923	947	948
223743	235	193747	947	948
192375	235	188155	947	948
200500	235	202549	947	948
211829	235	195570	947	948
276431	235	190562	947	948
209039	235	189938	947	948
234647	235	188175	947	948
220950	235	188665	947	948
215623	235	188118	947	948
248543	235	188344	947	948
198795	235	189081	947	948
219210	235	188541	947	948
326030	292	327178	947	948
294059	235	192251	947	948
204948	235	189118	947	948
255077	235	188134	947	948
196583	235	188326	947	948
242380	235	190818	947	948
204274	235	188351	947	948
203720	235	189121	947	948
232649	235	189923	947	948
198164	235	189417	947	948
313881	235	260590	947	948
224469	235	188470	947	948
240623	235	188695	947	948
196471	235	188901	947	948
196904	235	197990	947	948
244820	235	189362	947	948
201241	235	188629	947	948
262132	235	189081	947	948
202298	235	189095	947	948
210335	235	198631	947	948
223016	235	188500	947	948
251234	235	188727	947	948
196148	235	188437	947	948
198542	235	188699	947	948
209960	235	188406	947	948
202280	235	188351	947	948
226158	235	188622	947	948
257461	235	216185	947	948
245447	235	198663	947	948
264547	235	191008	947	948
228419	235	188075	947	948
310230	235	188703	947	948
212527	235	188285	947	948
272668	235	190013	947	948
215577	235	188158	947	948
198119	235	189377	947	948
235609	235	188514	947	948
204527	235	190242	947	948
198621	235	188050	947	948
264941	235	189116	947	948
226922	235	188270	947	948
210324	235	189043	947	948
194469	235	189315	947	948
212125	235	188005	947	948
193309	235	243048	947	948
199364	235	188189	947	948
197653	235	188465	947	948
211345	235	191857	947	948
192641	235	233570	947	948
214586	235	189726	947	948
197714	235	188220	947	948
221441	235	188312	947	948
300755	235	190588	947	948
213101	235	189890	947	948
200108	235	205130	947	948
234196	235	188140	947	948
216121	235	188056	947	948
256266	235	188569	947	948
214934	235	188207	947	948
223442	235	189308	947	948
195285	235	188053	947	948
200581	235	188110	947	948
213656	235	190222	947	948
193162	235	188003	947	948
237987	235	190659	947	948
199463	235	188520	947	948
288267	235	188215	947	948
315402	235	188514	947	948
203592	235	188433	947	948
198214	235	188812	947	948
239346	235	188656	947	948
237077	235	191820	947	948
211534	235	193249	947	948
216974	235	201159	947	948
205658	235	188165	947	948
264864	235	190623	947	948
253194	235	188689	947	948
209709	235	188551	947	948
224593	235	188099	947	948
196428	235	188011	947	948
198120	235	188017	947	948
252417	235	189347	947	948
203139	235	189169	947	948
209386	235	188448	947	948
296710	235	188941	947	948
307462	235	188396	947	948
264500	235	193005	947	948
237588	235	188799	947	948
197636	235	193100	947	948
234877	235	189045	947	948
203125	235	188558	947	948
198836	235	191056	947	948
214265	235	193122	947	948
222184	235	188735	947	948
289812	235	189084	947	948
236105	235	189126	947	948
264085	235	189575	947	948
209983	235	188247	947	948
197832	235	188767	947	948
223153	235	188116	947	948
211884	235	197990	947	948
202644	235	189062	947	948
197527	235	188036	947	948
238711	235	188305	947	948
197971	235	191871	947	948
205083	235	214770	947	948
194232	235	189945	947	948
253025	235	190048	947	948
240959	235	190297	947	948
238606	235	188032	947	948
194683	235	188161	947	948
213688	235	188320	947	948
206813	235	190002	947	948
194448	235	188067	947	948
246502	235	193933	947	948
239569	235	188133	947	948
329567	235	188595	947	948
202955	235	189245	947	948
320138	235	188158	947	948
245582	235	189031	947	948
282534	235	189534	947	948
216911	235	188312	947	948
240716	235	188270	947	948
221278	235	189225	947	948
226408	235	189546	947	948
207654	235	191125	947	948
215673	235	188018	947	948
230595	235	189118	947	948
235058	235	188434	947	948
204688	235	188056	947	948
228684	235	188647	947	948
194331	235	189552	947	948
193681	235	188319	947	948
205181	235	188070	947	948
282663	235	192997	947	948
285442	235	189358	947	948
216880	235	188131	947	948
200253	235	188128	947	948
228333	235	189974	947	948
206863	235	188133	947	948
209258	235	188099	947	948
211203	235	192170	947	948
193924	235	188043	947	948
209565	235	188423	947	948
207796	235	188570	947	948
204686	235	207261	947	948
221019	235	206049	947	948
220062	235	188192	947	948
216676	235	190441	947	948
256079	235	189273	947	948
209115	235	190002	947	948
198882	235	188946	947	948
284027	235	188113	947	948
196957	235	188121	947	948
205082	235	188556	947	948
257656	235	190423	947	948
197749	235	188620	947	948
198382	235	188126	947	948
200929	235	188461	947	948
193786	235	190210	947	948
283433	235	188153	947	948
222410	235	188728	947	948
225836	235	191820	947	948
204711	235	188914	947	948
206845	235	193653	947	948
202369	235	189098	947	948
271080	235	189951	947	948
203402	235	188126	947	948
235858	235	189718	947	948
268482	235	189064	947	948
213918	235	188367	947	948
200337	235	188417	947	948
193876	235	188728	947	948
215882	235	188728	947	948
217170	235	190096	947	948
238468	235	189603	947	948
194959	235	188307	947	948
206848	235	191038	947	948
196471	235	189697	947	948
193595	235	190763	947	948
259802	235	190602	947	948
204839	235	188426	947	948
240307	235	200654	947	948
205720	235	190372	947	948
258598	235	189265	947	948
202989	235	188197	947	948
289304	235	190732	947	948
208975	235	188273	947	948
201911	235	194191	947	948
208470	235	188569	947	948
209374	235	188614	947	948
232135	235	188154	947	948
238097	235	188747	947	948
217431	235	188270	947	948
195569	235	188120	947	948
247671	235	192621	947	948
212869	235	188700	947	948
278051	235	188106	947	948
209669	235	189780	947	948
198223	235	188092	947	948
196300	235	188478	947	948
270798	235	220155	947	948
289052	235	188379	947	948
213897	235	188636	947	948
295600	235	188725	947	948
203788	235	188512	947	948
208974	235	188512	947	948
251457	235	191375	947	948
278060	235	188332	947	948
212358	235	190002	947	948
194062	235	188043	947	948
334389	235	188070	947	948
259248	235	189097	947	948
209780	235	188388	947	948
198975	235	188137	947	948
197380	235	188242	947	948
236362	235	189137	947	948
250213	235	190680	947	948
193340	235	188059	947	948
199619	235	188645	947	948
236998	235	227436	947	948
214242	235	224456	947	948
201879	235	189797	947	948
210337	235	188773	947	948
199480	235	189060	947	948
262264	235	191711	947	948
235579	235	197863	947	948
221416	235	188093	947	948
251148	235	188041	947	948
250866	289	320879	947	948
241434	235	190367	947	948
194321	235	189357	947	948
251855	235	188736	947	948
226470	235	188423	947	948
309469	235	188565	947	948
275211	235	193062	947	948
192285	235	194419	947	948
247800	235	188776	947	948
202819	235	188278	947	948
195869	235	237098	947	948
201339	235	191673	947	948
195667	235	188067	947	948
233972	235	188178	947	948
200564	235	188072	947	948
258341	235	189286	947	948
198267	235	188434	947	948
198712	235	188812	947	948
223879	235	189060	947	948
198471	235	188134	947	948
200104	235	189417	947	948
344571	235	188951	947	948
195338	235	188345	947	948
208055	235	188488	947	948
197370	235	188269	947	948
206445	235	201402	947	948
237044	235	189131	947	948
217459	235	189575	947	948
195036	235	188108	947	948
200730	235	189056	947	948
254516	235	188126	947	948
255247	235	189311	947	948
196854	235	188599	947	948
193060	235	190763	947	948
278373	235	188026	947	948
253762	235	188371	947	948
213001	235	188833	947	948
200512	235	189273	947	948
219245	235	188318	947	948
209069	235	189265	947	948
242991	235	188498	947	948
208780	235	189387	947	948
215724	235	188767	947	948
233062	235	188904	947	948
248283	235	190372	947	948
203807	235	188010	947	948
203443	235	188294	947	948
194842	235	188391	947	948
259431	235	195149	947	948
202571	235	213240	947	948
264276	235	220989	947	948
193590	235	188066	947	948
206928	235	188291	947	948
211063	235	189229	947	948
215015	235	197990	947	948
187998	267	198953	947	948
196496	235	188014	947	948
202573	235	188003	947	948
253525	235	189568	947	948
248557	235	188370	947	948
243726	235	192314	947	948
211085	235	188166	947	948
261150	235	188558	947	948
230967	235	188017	947	948
201606	235	190763	947	948
210485	235	188268	947	948
210370	235	190881	947	948
197883	235	188599	947	948
216474	235	188663	947	948
216207	235	188041	947	948
195986	235	188107	947	948
209015	235	189031	947	948
266916	235	190602	947	948
260218	235	188214	947	948
268099	235	193933	947	948
198457	235	188056	947	948
223392	235	188069	947	948
260665	235	188404	947	948
198911	235	201743	947	948
260218	235	191610	947	948
195401	235	191363	947	948
242238	235	188026	947	948
195341	235	190002	947	948
246163	235	191192	947	948
225152	235	191263	947	948
218213	235	188011	947	948
255754	235	195446	947	948
264512	235	299314	947	948
269121	235	194538	947	948
218542	235	188250	947	948
196146	235	188340	947	948
195238	235	188086	947	948
202943	235	189923	947	948
279466	235	188816	947	948
212608	235	188601	947	948
210648	235	190434	947	948
195734	235	191479	947	948
231622	235	188021	947	948
279736	235	188101	947	948
264326	235	188700	947	948
194418	235	188101	947	948
193915	235	188324	947	948
211088	235	189121	947	948
194996	235	188057	947	948
217351	235	188465	947	948
217928	235	189370	947	948
237677	235	188226	947	948
199514	235	188179	947	948
227118	235	189884	947	948
217039	235	188222	947	948
207423	235	189846	947	948
203223	235	188005	947	948
201888	235	202549	947	948
208013	235	212329	947	948
206774	235	188180	947	948
205746	235	190129	947	948
243767	235	191198	947	948
248063	235	195446	947	948
229242	235	221719	947	948
199594	235	190756	947	948
300288	235	188631	947	948
205654	235	188088	947	948
210077	235	221913	947	948
245458	235	188697	947	948
205017	235	190420	947	948
320093	235	188201	947	948
240272	235	192920	947	948
192299	235	190610	947	948
227523	42	334151	947	948
197004	235	189509	947	948
200398	235	188011	947	948
203627	235	188395	947	948
201505	235	190422	947	948
205093	235	188396	947	948
278793	235	189031	947	948
244416	235	189541	947	948
217096	235	188897	947	948
193043	235	188133	947	948
204326	235	188088	947	948
198535	235	188061	947	948
201688	235	191856	947	948
195810	235	188324	947	948
275236	235	192139	947	948
204134	235	188335	947	948
201460	235	189541	947	948
238246	235	191174	947	948
253685	235	188410	947	948
280203	235	189671	947	948
239689	235	188106	947	948
204135	235	189387	947	948
285957	235	188451	947	948
196396	235	188503	947	948
242619	235	189294	947	948
208556	235	219296	947	948
204418	235	192974	947	948
227506	235	188123	947	948
217831	235	188746	947	948
230050	235	188391	947	948
258103	235	188390	947	948
212662	235	192170	947	948
248060	235	189295	947	948
247766	235	188389	947	948
366775	235	191610	947	948
212789	235	188377	947	948
199505	235	188655	947	948
250887	235	188688	947	948
202178	235	189322	947	948
222785	235	193645	947	948
208654	235	189717	947	948
313663	235	196412	947	948
212663	235	194139	947	948
200913	235	188707	947	948
210545	235	188241	947	948
207931	235	188806	947	948
207537	235	188540	947	948
212263	235	188145	947	948
334616	176	212056	947	948
215695	235	188842	947	948
215425	235	188673	947	948
209193	235	193163	947	948
251185	235	188270	947	948
199519	235	188142	947	948
288182	235	188154	947	948
212111	235	189347	947	948
200764	235	188041	947	948
196708	235	189990	947	948
199269	235	188386	947	948
270652	235	188058	947	948
208216	235	193645	947	948
192722	235	188410	947	948
259756	235	192985	947	948
217839	235	188009	947	948
211066	235	188116	947	948
198400	235	188700	947	948
209682	235	189648	947	948
203256	235	188182	947	948
207899	235	188707	947	948
193833	235	188503	947	948
193506	235	188044	947	948
198161	235	188940	947	948
258388	235	188087	947	948
216969	235	188669	947	948
214829	235	188959	947	948
200730	235	188411	947	948
206231	235	272395	947	948
201742	235	188307	947	948
206880	235	188599	947	948
255330	235	189723	947	948
212810	235	189304	947	948
201885	235	188252	947	948
208438	235	256295	947	948
193628	235	188078	947	948
297096	235	189023	947	948
229164	235	188332	947	948
218775	235	188689	947	948
226281	235	195446	947	948
196820	235	212489	947	948
192846	235	188089	947	948
206544	235	188123	947	948
208579	235	188175	947	948
196696	235	188574	947	948
271951	235	188126	947	948
201957	235	188056	947	948
272760	235	188391	947	948
230160	235	188616	947	948
204901	235	188851	947	948
283225	235	189232	947	948
310455	235	189398	947	948
298475	235	188756	947	948
309410	235	189753	947	948
337825	235	189095	947	948
202286	235	189399	947	948
280203	235	190427	947	948
234615	235	188142	947	948
202997	235	188347	947	948
267919	235	188099	947	948
293762	235	205857	947	948
279989	235	189822	947	948
221052	235	189744	947	948
239922	235	188209	947	948
202782	235	188493	947	948
193521	235	189280	947	948
203475	235	189541	947	948
203518	235	188862	947	948
213232	235	189630	947	948
202350	235	189367	947	948
205669	235	189691	947	948
267486	235	191313	947	948
240369	42	188046	947	948
195269	235	188182	947	948
212579	235	188186	947	948
280968	235	188072	947	948
291453	235	188921	947	948
212760	235	188999	947	948
223759	235	189161	947	948
199425	235	188183	947	948
236848	235	188252	947	948
198342	235	189712	947	948
204776	235	188515	947	948
199503	235	188441	947	948
192426	235	188388	947	948
204883	235	188732	947	948
208531	235	188640	947	948
198494	235	188162	947	948
232009	235	190984	947	948
241814	235	189023	947	948
227976	235	191456	947	948
268573	235	189149	947	948
217183	235	188967	947	948
337923	235	188599	947	948
199326	235	216185	947	948
263482	235	190900	947	948
194275	235	190979	947	948
207673	235	188411	947	948
216848	235	188294	947	948
206784	235	190769	947	948
234357	235	188247	947	948
241943	235	191154	947	948
257480	235	188087	947	948
195299	235	188048	947	948
206363	235	189322	947	948
195938	235	188248	947	948
199520	235	190771	947	948
215358	235	188055	947	948
234660	235	189277	947	948
210974	235	190237	947	948
216910	235	188640	947	948
252142	235	189614	947	948
200111	235	188396	947	948
199516	235	189435	947	948
207954	235	189541	947	948
205636	235	189797	947	948
284911	235	316616	947	948
200005	235	202549	947	948
211247	235	189008	947	948
242423	235	190074	947	948
203785	235	189350	947	948
265863	235	188132	947	948
194482	235	189541	947	948
212202	235	188086	947	948
239926	235	191643	947	948
198811	235	188088	947	948
222376	235	189327	947	948
235327	235	188636	947	948
216830	235	188208	947	948
197698	235	188500	947	948
203516	235	190855	947	948
204231	235	188300	947	948
199265	235	188157	947	948
241520	235	189639	947	948
252427	235	188250	947	948
229663	235	188385	947	948
194021	235	188145	947	948
213057	235	189377	947	948
209685	235	190002	947	948
213376	235	192997	947	948
196088	235	188057	947	948
227843	235	189071	947	948
266403	235	188255	947	948
197898	235	188626	947	948
259162	235	188249	947	948
233185	235	192502	947	948
241615	235	188228	947	948
211771	235	188153	947	948
253072	235	228801	947	948
202672	235	188106	947	948
211473	235	190002	947	948
261955	235	214513	947	948
208956	235	188045	947	948
258117	235	191400	947	948
205085	235	188165	947	948
219549	235	191627	947	948
287964	235	191422	947	948
211199	235	188085	947	948
284975	235	189921	947	948
266413	235	190725	947	948
210101	235	188183	947	948
280097	235	209496	947	948
238278	235	188700	947	948
212076	235	188069	947	948
215186	235	188543	947	948
215214	235	192115	947	948
192856	235	188277	947	948
237247	235	188599	947	948
248380	235	189022	947	948
202067	235	189691	947	948
213040	235	188883	947	948
212091	235	188320	947	948
200702	235	189005	947	948
194914	235	191135	947	948
207916	235	189554	947	948
257775	235	188070	947	948
281231	235	188697	947	948
215569	235	188192	947	948
209553	235	193122	947	948
205159	235	190129	947	948
201365	235	188173	947	948
199814	235	188087	947	948
206738	235	188239	947	948
292276	235	189044	947	948
195420	235	188706	947	948
195557	235	199529	947	948
215072	235	188031	947	948
213050	235	188127	947	948
271020	235	190363	947	948
205496	235	188086	947	948
205348	235	188149	947	948
255115	235	188154	947	948
220953	235	188227	947	948
200414	235	188351	947	948
253675	235	188153	947	948
281083	235	188950	947	948
329108	235	190520	947	948
195797	235	190184	947	948
193874	235	188134	947	948
195981	235	188225	947	948
199030	235	188140	947	948
210979	235	188345	947	948
204129	235	188198	947	948
211737	235	188695	947	948
213730	235	198450	947	948
210210	235	188168	947	948
224158	235	189107	947	948
248470	235	191832	947	948
228654	235	188735	947	948
226073	235	188082	947	948
199597	235	194114	947	948
309969	235	188917	947	948
211291	235	188663	947	948
234346	235	188066	947	948
213730	235	190706	947	948
221502	235	188665	947	948
218276	235	188182	947	948
347521	235	188061	947	948
201270	235	188127	947	948
200143	235	189714	947	948
321008	235	316178	947	948
287347	235	188923	947	948
217353	235	190222	947	948
372887	292	375733	947	948
262578	235	188439	947	948
273099	235	195354	947	948
208104	235	189462	947	948
216643	235	190002	947	948
208277	235	189081	947	948
216138	235	188182	947	948
247039	235	188579	947	948
196109	235	188011	947	948
197480	235	188111	947	948
196710	235	189118	947	948
199607	235	188447	947	948
205286	235	189912	947	948
212714	235	188416	947	948
214010	235	195208	947	948
245864	235	188067	947	948
208974	235	188375	947	948
232893	235	189639	947	948
243461	235	188253	947	948
210922	235	193100	947	948
274059	235	188997	947	948
237369	235	188149	947	948
289500	235	362560	947	948
247700	235	190950	947	948
196417	235	188192	947	948
273909	235	188067	947	948
281128	235	188203	947	948
251379	235	188418	947	948
218716	235	188502	947	948
233085	235	191204	947	948
205926	235	189579	947	948
214924	235	188432	947	948
191659	235	193545	947	948
199904	235	193249	947	948
197737	235	188367	947	948
212879	235	188221	947	948
206005	235	188044	947	948
215456	235	189438	947	948
208050	235	188879	947	948
216737	235	188661	947	948
214053	235	189121	947	948
226397	235	193235	947	948
208251	235	189091	947	948
266660	235	188436	947	948
208696	235	188163	947	948
198095	235	188326	947	948
261889	235	220155	947	948
204297	235	189558	947	948
221559	235	188640	947	948
199957	235	188340	947	948
211217	235	188967	947	948
223799	49	219092	947	948
204569	235	188142	947	948
205259	235	189407	947	948
204260	235	188567	947	948
203510	235	188131	947	948
265101	235	188742	947	948
223081	235	188503	947	948
209596	235	193225	947	948
197033	235	188347	947	948
200274	235	188312	947	948
218304	235	190850	947	948
252125	235	188943	947	948
209768	235	188082	947	948
200680	235	191707	947	948
205125	235	188690	947	948
197046	235	188005	947	948
210053	235	188238	947	948
275838	235	188656	947	948
196054	235	188023	947	948
206502	235	188107	947	948
254268	235	219853	947	948
216021	235	189375	947	948
205040	235	188662	947	948
240784	235	188198	947	948
204965	235	188073	947	948
278340	235	190055	947	948
235072	235	188285	947	948
211659	235	188005	947	948
195564	235	188214	947	948
216460	235	189315	947	948
241239	235	189528	947	948
279130	235	189370	947	948
301924	235	188619	947	948
207187	235	190844	947	948
193095	235	188065	947	948
241454	235	188132	947	948
210642	235	188279	947	948
193510	235	188134	947	948
208247	235	190638	947	948
277423	235	188127	947	948
222083	235	190756	947	948
221512	235	228701	947	948
204570	235	191400	947	948
246209	235	192828	947	948
298664	235	188817	947	948
207198	235	188252	947	948
251850	235	189121	947	948
198416	235	191003	947	948
230234	235	189055	947	948
297107	235	188161	947	948
201659	235	200321	947	948
318830	235	188736	947	948
217407	235	202549	947	948
199744	235	190372	947	948
199838	235	188143	947	948
249851	235	188074	947	948
214774	235	188992	947	948
196088	235	188057	947	948
205271	235	193535	947	948
197470	235	188010	947	948
202610	235	188277	947	948
253743	235	188126	947	948
210037	235	191296	947	948
202445	235	188580	947	948
194047	235	189021	947	948
247975	235	189200	947	948
194448	235	188107	947	948
198270	235	188026	947	948
216627	235	188968	947	948
223005	235	188575	947	948
247721	235	189057	947	948
193529	235	189910	947	948
210263	235	188620	947	948
234950	235	190084	947	948
209815	235	189338	947	948
214991	235	188207	947	948
202296	235	227436	947	948
249560	235	189042	947	948
204406	235	188599	947	948
200528	235	188051	947	948
351620	292	375733	947	948
215257	235	189601	947	948
230422	235	189084	947	948
227380	235	188079	947	948
205732	235	188302	947	948
224597	235	188307	947	948
231311	235	188051	947	948
196517	235	189971	947	948
255330	235	188375	947	948
274991	235	188185	947	948
271366	235	189286	947	948
200296	235	188927	947	948
300770	235	189326	947	948
219901	235	188059	947	948
223854	235	188487	947	948
196019	235	188280	947	948
200647	235	198986	947	948
246061	235	188886	947	948
208099	235	188917	947	948
197445	235	194620	947	948
197092	235	188589	947	948
220267	235	190372	947	948
228845	235	188886	947	948
202421	235	188140	947	948
206798	235	189648	947	948
235268	235	253460	947	948
219058	235	188057	947	948
218757	235	190991	947	948
356338	235	195446	947	948
192534	235	188483	947	948
194671	235	188001	947	948
253571	235	190287	947	948
283646	235	189370	947	948
217959	235	188298	947	948
274838	235	190014	947	948
221089	235	188630	947	948
195870	235	188377	947	948
209218	235	198747	947	948
230286	235	190968	947	948
210383	235	237098	947	948
191973	235	188395	947	948
202135	235	190680	947	948
192562	235	188152	947	948
194448	235	188319	947	948
232485	235	190850	947	948
229485	235	188192	947	948
194543	235	188089	947	948
202351	235	188078	947	948
202527	235	188011	947	948
202282	235	188041	947	948
195291	235	188489	947	948
196601	235	188726	947	948
197477	235	188143	947	948
283388	235	188260	947	948
233302	235	189280	947	948
221072	235	188242	947	948
278061	235	193653	947	948
199062	235	188391	947	948
219867	235	188206	947	948
282464	235	188592	947	948
197214	235	219751	947	948
199166	235	189091	947	948
237311	235	188478	947	948
304643	49	188196	947	948
194323	235	189281	947	948
195959	235	193291	947	948
199518	235	194591	947	948
195291	235	189087	947	948
306657	235	189326	947	948
196024	235	188281	947	948
191988	235	188851	947	948
194652	235	188052	947	948
276541	235	189161	947	948
242379	235	214513	947	948
257682	235	192188	947	948
289247	235	189803	947	948
204506	235	188579	947	948
263070	235	188241	947	948
282921	235	188562	947	948
215244	235	188024	947	948
218233	235	188421	947	948
298205	235	204734	947	948
257068	235	188921	947	948
246783	235	188225	947	948
202990	235	188375	947	949
206410	235	192997	947	949
198716	235	189739	947	949
229530	235	193808	947	949
220827	235	188090	947	949
252247	235	188048	947	949
212786	235	188576	947	949
211920	235	188130	947	949
197270	235	188088	947	949
194452	289	316384	947	949
196772	235	188183	947	949
244404	235	188188	947	949
198654	235	194963	947	949
199919	235	188578	947	949
220853	235	189078	947	949
193239	235	188074	947	949
200037	235	189322	947	949
265836	235	189643	947	949
233894	235	188183	947	949
231101	235	188415	947	949
256128	235	191008	947	949
193441	235	188326	947	949
223942	235	189033	947	949
193327	235	188018	947	949
209978	235	188655	947	949
234160	235	188105	947	949
275995	235	188636	947	949
245228	235	188461	947	949
234771	235	188471	947	949
235371	235	190503	947	949
229045	235	188203	947	949
199328	235	190318	947	949
225343	235	188395	947	949
274901	235	188920	947	949
223202	235	188613	947	949
200071	235	188222	947	949
203256	235	188063	947	949
239345	235	188055	947	949
219473	235	188110	947	949
197534	235	189069	947	949
194731	235	188366	947	949
201046	235	189620	947	949
242773	235	190422	947	949
198465	235	188686	947	949
205779	235	193467	947	949
194470	235	188142	947	949
203272	235	188357	947	949
209461	235	189974	947	949
210386	235	188239	947	949
301066	235	189371	947	949
223543	235	188928	947	949
203251	235	188024	947	949
193683	235	188052	947	949
201429	235	193922	947	949
230517	235	188633	947	949
198131	235	198694	947	949
205968	235	188171	947	949
251453	235	189295	947	949
265455	235	192997	947	949
215136	235	188576	947	949
246600	235	188056	947	949
234317	235	188558	947	949
353409	289	272510	947	949
201377	235	188987	947	949
198168	235	188483	947	949
244558	235	188037	947	949
219964	235	188280	947	949
203222	235	188238	947	949
198157	235	188073	947	949
199334	235	188276	947	949
220046	235	188383	947	949
233148	235	188595	947	949
193069	235	188168	947	949
243188	235	188273	947	949
196399	235	188881	947	949
194115	235	188491	947	949
279964	235	190353	947	949
248700	235	189322	947	949
235052	235	194055	947	949
198422	235	189060	947	949
215247	235	189396	947	949
227637	235	190273	947	949
232388	235	190603	947	949
223322	235	189895	947	949
199147	235	188722	947	949
212868	235	191387	947	949
213930	235	188039	947	949
201691	235	188147	947	949
205937	235	199670	947	949
316111	289	302708	947	949
285850	235	203567	947	949
278904	235	188020	947	949
197595	235	190335	947	949
197054	235	188166	947	949
217915	235	194618	947	949
198132	235	188382	947	949
281779	235	188761	947	949
245214	235	188352	947	949
198769	235	190321	947	949
269658	235	188065	947	949
198444	235	188153	947	949
264613	235	188203	947	949
354984	235	188577	947	949
197690	235	242035	947	949
232509	235	188207	947	949
208590	235	189108	947	949
210699	235	188490	947	949
204054	235	188577	947	949
193355	235	188044	947	949
351989	101	193361	947	949
203283	235	188094	947	949
202256	235	190525	947	949
201555	235	188017	947	949
310450	235	191109	947	949
209594	235	190700	947	949
232291	235	188980	947	949
199804	235	189281	947	949
247749	235	188392	947	949
213628	235	188433	947	949
254308	235	188003	947	949
264844	235	306147	947	949
197548	235	188279	947	949
212954	235	188323	947	949
207928	235	188003	947	949
210545	235	188106	947	949
234023	235	188282	947	949
256594	235	188744	947	949
262581	235	188738	947	949
195235	235	189767	947	949
235176	235	190725	947	949
200697	235	188105	947	949
214053	235	188143	947	949
246048	235	189240	947	949
233654	235	188128	947	949
224686	235	188005	947	949
199292	235	190588	947	949
211049	235	208517	947	949
208882	235	188152	947	949
305808	235	192855	947	949
195550	235	188043	947	949
200805	235	189465	947	949
263085	235	188197	947	949
226622	235	188267	947	949
283197	235	189465	947	949
204305	235	188003	947	949
257793	235	188756	947	949
201021	235	188132	947	949
212814	235	189781	947	949
251877	235	188152	947	949
200460	235	188300	947	949
214564	235	189387	947	949
272510	289	353409	947	949
251842	235	190464	947	949
292964	235	188534	947	949
200813	235	188583	947	949
220205	235	189169	947	949
200698	235	188340	947	949
210440	235	188034	947	949
195610	235	188058	947	949
203163	235	188961	947	949
201854	235	190696	947	949
273122	235	189137	947	949
196250	235	188472	947	949
201513	235	189911	947	949
201164	235	189256	947	949
263495	235	189135	947	949
263448	289	211388	947	949
246333	235	194665	947	949
216098	235	189709	947	949
195048	235	188017	947	949
211702	235	188700	947	949
196872	235	188023	947	949
254282	289	305828	947	949
209800	235	188227	947	949
235796	235	188014	947	949
213649	235	188773	947	949
220066	235	189448	947	949
191779	235	188134	947	949
197451	235	188244	947	949
215703	235	188887	947	949
213354	235	188122	947	949
205441	235	189846	947	949
205361	235	188794	947	949
224685	235	188424	947	949
215363	235	188375	947	949
249499	235	188515	947	949
199536	235	212088	947	949
193477	235	188108	947	949
196663	235	189837	947	949
221935	235	188075	947	949
209207	235	189055	947	949
201458	235	188419	947	949
205080	235	193100	947	949
209435	235	188352	947	949
195381	235	188042	947	949
198853	235	188443	947	949
210218	235	188868	947	949
236150	235	188106	947	949
256081	235	189073	947	949
200314	235	188209	947	949
277454	235	191222	947	949
203519	235	188086	947	949
226123	235	188168	947	949
305828	289	254282	947	949
218966	235	188353	947	949
239930	235	188059	947	949
200452	235	188273	947	949
223045	235	189666	947	949
302708	289	316111	947	949
193522	235	189369	947	949
270111	235	189193	947	949
207197	235	188011	947	949
196680	235	188127	947	949
195939	235	189671	947	949
197685	235	188190	947	949
198599	235	188374	947	949
212722	235	188058	947	949
216768	235	188040	947	949
230595	235	188375	947	949
259684	235	188981	947	949
202217	235	188978	947	949
255598	235	188244	947	949
189252	239	267723	947	949
237523	235	196023	947	949
255407	235	191254	947	949
239733	235	188340	947	949
228965	235	188701	947	949
208703	235	188052	947	949
214022	235	188371	947	949
206627	235	188059	947	949
227233	235	188352	947	949
279070	235	188365	947	949
262970	235	188534	947	949
196634	235	188074	947	949
222458	235	192168	947	949
257359	235	188855	947	949
253136	235	190201	947	949
217448	235	189284	947	949
202076	235	188517	947	949
212503	235	189001	947	949
204562	235	188267	947	949
204173	235	188057	947	949
247870	235	188396	947	949
217374	235	188317	947	949
200210	235	188526	947	949
232225	235	188626	947	949
248470	235	188904	947	949
196156	235	188034	947	949
214928	235	188865	947	949
231499	235	188375	947	949
201423	235	190773	947	949
219612	235	189226	947	949
247525	235	190435	947	949
301617	235	189648	947	949
300605	235	189419	947	949
196017	235	189102	947	949
215805	235	188606	947	949
240076	235	188120	947	949
225035	235	188028	947	949
233983	235	188653	947	949
202139	235	188149	947	949
207849	235	238189	947	949
203085	235	188678	947	949
198176	235	194212	947	949
223516	235	188173	947	949
269246	235	188157	947	949
200842	235	191912	947	949
232252	235	188268	947	949
285410	235	188904	947	949
242800	235	188688	947	949
220983	235	188732	947	949
278598	235	188086	947	949
249488	235	188883	947	949
201631	235	190101	947	949
207774	235	190159	947	949
221601	235	188620	947	949
220979	235	188573	947	949
188370	239	322313	947	949
206121	235	188208	947	949
206871	235	188155	947	949
236010	235	188350	947	949
263443	235	188497	947	949
204684	235	188315	947	949
257455	235	193467	947	949
202111	235	188105	947	949
193587	235	198407	947	949
215588	235	188127	947	949
201708	235	188119	947	949
203337	235	191608	947	949
210194	235	190340	947	949
280313	235	188636	947	949
204862	235	188155	947	949
211517	235	190855	947	949
225307	235	188240	947	949
216228	235	192290	947	949
296356	235	188161	947	949
232134	235	188658	947	949
227273	235	188485	947	949
219460	235	190119	947	949
198739	235	188045	947	949
193659	235	188437	947	949
276378	235	188137	947	949
212423	235	188131	947	949
312012	235	237098	947	949
201921	235	189018	947	949
205397	235	188583	947	949
260963	235	190881	947	949
234363	235	190039	947	949
200480	235	189195	947	949
206987	235	188161	947	949
196232	235	188099	947	949
206856	235	188276	947	949
209113	235	188210	947	949
197124	235	188490	947	949
206354	235	188843	947	949
202094	235	188872	947	949
223439	235	189895	947	949
206866	235	188220	947	949
267866	235	188262	947	949
219981	235	188284	947	949
211260	235	192625	947	949
241342	235	189358	947	949
250637	235	188186	947	949
218059	235	190680	947	949
277261	235	188952	947	949
205889	235	188375	947	949
219694	235	188516	947	949
218215	235	188592	947	949
210311	235	189739	947	949
203812	235	188223	947	949
195613	235	191242	947	949
239140	235	188979	947	949
200152	235	188154	947	949
209488	235	188047	947	949
213406	235	188928	947	949
241769	235	188658	947	949
205441	235	202890	947	949
250912	235	188744	947	949
211011	235	188615	947	949
194229	235	188318	947	949
197582	235	193075	947	949
194495	235	188026	947	949
208222	235	188913	947	949
235618	235	188941	947	949
210400	235	188015	947	949
271789	235	188185	947	949
196373	235	188097	947	949
280815	235	189065	947	949
213060	235	188722	947	949
201041	235	188200	947	949
215916	235	190459	947	949
247221	235	188063	947	949
210199	235	188516	947	949
199984	235	188034	947	949
196327	235	226449	947	949
353370	235	245054	947	949
208516	235	188120	947	949
254470	235	190422	947	949
289935	235	189278	947	949
201296	235	188211	947	949
277865	235	213614	947	949
200421	235	189377	947	949
198156	235	188921	947	949
265679	235	189383	947	949
225275	235	188569	947	949
295179	235	188879	947	949
353630	176	269842	947	949
216833	235	188595	947	949
215371	235	189284	947	949
201342	235	188200	947	949
243897	235	188886	947	949
220357	235	190084	947	949
196374	235	188044	947	949
199569	235	189379	947	949
235270	235	225668	947	949
195114	235	188844	947	949
206112	235	191295	947	949
216518	235	188424	947	949
239953	235	188941	947	949
219708	235	188342	947	949
199598	235	188228	947	949
238973	235	191198	947	949
206234	235	188073	947	949
205236	235	188389	947	949
312444	235	188507	947	949
209440	235	188118	947	949
219661	235	188244	947	949
252226	235	188073	947	949
232034	235	188024	947	949
203644	235	189438	947	949
197822	235	189857	947	949
199522	235	188054	947	949
244430	235	189534	947	949
204613	235	188461	947	949
193568	235	188126	947	949
202797	235	188242	947	949
272358	235	188202	947	949
297891	235	188063	947	949
205546	235	189093	947	949
252088	235	189106	947	949
204179	235	188155	947	949
318368	235	190585	947	949
235330	235	189714	947	949
215826	235	188511	947	949
247417	235	188812	947	949
197689	235	190631	947	949
223548	235	189697	947	949
218148	235	192367	947	949
253208	235	189104	947	949
297499	235	188950	947	949
195366	235	188097	947	949
200686	235	188029	947	949
210485	235	188218	947	949
198868	235	188228	947	949
199035	235	188240	947	949
308428	235	198112	947	949
198929	235	188445	947	949
207136	235	188240	947	949
239659	235	188904	947	949
194019	235	188270	947	949
201209	235	188154	947	949
230903	235	189358	947	949
207244	235	188243	947	949
374300	235	193235	947	949
212005	235	188365	947	949
213778	235	188883	947	949
239517	235	189023	947	949
218309	235	191982	947	949
194351	235	188227	947	949
217376	235	204924	947	949
199540	235	188225	947	949
205208	235	191312	947	949
229989	235	188321	947	949
206562	235	188146	947	949
302799	235	188383	947	949
215517	235	188121	947	949
208310	235	189827	947	949
249008	235	188228	947	949
203650	235	189429	947	949
208696	235	188599	947	949
201132	235	188655	947	949
199284	235	189124	947	949
205106	235	188697	947	949
270030	235	192405	947	949
196246	235	192952	947	949
199225	235	189308	947	949
200587	235	188269	947	949
197857	235	188437	947	949
195589	235	188140	947	949
232115	235	188375	947	949
199214	235	188250	947	949
196129	235	189080	947	949
371518	235	206071	947	949
258442	235	188275	947	949
198902	235	188172	947	949
209533	235	189055	947	949
212655	235	188415	947	949
220826	235	188010	947	949
213842	235	188741	947	949
335287	235	192164	947	949
239246	235	188053	947	949
203120	235	193100	947	949
199372	235	194121	947	949
197727	235	210556	947	949
234615	235	188415	947	949
218070	235	188180	947	949
210061	235	188041	947	949
227766	235	198766	947	949
196197	235	188074	947	949
288210	235	188018	947	949
208882	235	188437	947	949
247403	235	190335	947	949
208954	235	188166	947	949
298212	235	189857	947	949
196301	235	188968	947	949
211438	235	188526	947	949
207220	235	188883	947	949
241483	235	189645	947	949
206926	235	188128	947	949
200296	235	188375	947	949
194050	235	188023	947	949
204614	235	189070	947	949
228076	235	188254	947	949
219857	235	188543	947	949
199080	235	188044	947	949
218321	235	188166	947	949
194140	235	188026	947	949
188361	254	228953	947	949
203553	235	188072	947	949
268210	235	188385	947	949
194286	235	188813	947	949
210067	235	188139	947	949
215069	235	188316	947	949
198548	235	188023	947	949
240364	235	191926	947	949
207607	235	190914	947	949
192667	235	188206	947	949
230028	235	188005	947	949
219996	235	189108	947	949
255968	235	188162	947	949
246956	235	188558	947	949
253432	235	190514	947	949
238352	235	189744	947	949
201011	235	188120	947	949
321433	235	188143	947	949
210303	235	188247	947	949
338248	235	188951	947	949
208310	235	190085	947	949
204785	235	188118	947	949
258138	235	189133	947	949
193522	235	188787	947	949
212701	235	188275	947	949
226530	235	188166	947	949
194782	235	188005	947	949
256159	235	188220	947	949
316384	289	194452	947	949
267187	235	207569	947	949
205000	235	188881	947	949
246390	235	189446	947	949
258107	235	189453	947	949
199681	235	188655	947	949
219865	235	188700	947	949
229700	235	193709	947	949
277949	235	192342	947	949
201709	235	189031	947	949
196392	235	188011	947	949
206511	235	188379	947	949
255605	235	189392	947	949
275520	235	192528	947	949
214899	235	188141	947	949
198432	235	188119	947	949
213384	235	189832	947	949
199328	235	189195	947	949
214960	235	189679	947	949
195273	235	188532	947	949
229368	235	188862	947	949
203862	235	188025	947	949
200675	235	189377	947	949
208896	235	189062	947	949
273862	235	214513	947	949
225849	235	188382	947	949
207593	235	188027	947	949
192971	235	188003	947	949
358746	235	188440	947	949
197664	235	188663	947	949
212187	235	193747	947	949
287612	235	188197	947	949
205156	235	193747	947	949
204812	235	188027	947	949
216203	235	188031	947	949
223410	235	189895	947	949
282471	235	188178	947	949
253697	235	188649	947	949
373981	235	189362	947	949
202702	235	188579	947	949
207039	235	189216	947	949
197583	235	188276	947	949
263767	235	188204	947	949
215516	235	188770	947	949
274291	235	189298	947	949
215493	235	188368	947	949
271902	235	188628	947	949
248321	235	190991	947	949
232186	235	188267	947	949
208254	235	188120	947	949
277826	235	264222	947	949
222812	235	188089	947	949
282477	235	188353	947	949
243229	235	189579	947	949
204520	235	188203	947	949
204471	235	193808	947	949
197335	235	188136	947	949
193961	235	188039	947	949
200743	235	188166	947	949
216087	235	188027	947	949
195497	235	188043	947	949
217255	235	188166	947	949
221184	235	188026	947	949
301714	235	189003	947	949
257981	235	188280	947	949
294875	235	188219	947	949
247587	235	188382	947	949
213282	235	190555	947	949
241162	235	188318	947	949
196149	235	188437	947	949
210814	235	188030	947	949
217155	235	189781	947	949
224025	235	188859	947	949
242857	235	188987	947	949
198196	235	188137	947	949
209259	235	188943	947	949
221264	235	191856	947	949
209017	235	188883	947	949
202282	235	188119	947	949
214895	235	188624	947	949
211388	289	263448	947	949
216476	235	189228	947	949
222053	235	188699	947	949
239681	235	188463	947	949
240797	235	188017	947	949
337418	235	188101	947	949
232776	235	188340	947	949
206610	235	205442	947	949
198137	235	204234	947	949
202644	235	188441	947	949
264398	235	189008	947	949
202638	235	188815	947	949
241637	235	188079	947	949
291778	235	189023	947	949
204135	235	188294	947	949
204921	235	188396	947	949
200678	235	189732	947	949
201547	235	189304	947	949
222465	235	191629	947	949
270798	235	196009	947	949
206134	235	190386	947	949
249051	235	189362	947	949
207920	235	188909	947	949
241905	235	188379	947	949
251842	235	188178	947	949
204346	235	188053	947	949
211077	235	189744	947	949
196149	235	188284	947	949
372987	235	188335	947	949
210752	235	189465	947	949
196756	235	188092	947	949
210277	235	188101	947	949
198571	235	188375	947	949
203170	235	188605	947	949
199986	235	189832	947	949
254768	235	189812	947	949
199142	235	188007	947	949
258708	235	189401	947	949
205286	235	188231	947	949
198606	235	188010	947	949
210571	235	188032	947	949
198727	235	188636	947	949
209520	235	189797	947	949
268876	235	204924	947	949
249846	235	188086	947	949
243731	235	189669	947	949
279987	235	188221	947	949
203612	235	188128	947	949
298176	235	189165	947	949
204489	235	188316	947	949
201355	235	188613	947	949
217336	235	188924	947	949
215525	235	189165	947	949
211802	235	188097	947	949
204248	235	188731	947	949
198218	235	188106	947	949
202651	235	189270	947	949
255537	235	188186	947	949
207698	235	188086	947	949
200480	235	190318	947	949
195115	235	188673	947	949
197659	235	188168	947	949
212652	235	188189	947	949
220698	235	189165	947	949
216143	235	188192	947	949
215076	235	188345	947	949
215838	235	188032	947	949
226597	235	188862	947	949
199048	235	188223	947	949
203720	235	188032	947	949
227824	235	188072	947	949
232234	235	188006	947	949
253568	235	188113	947	949
196147	235	188335	947	949
203987	235	188421	947	949
206984	235	188020	947	949
259780	235	198450	947	949
224172	235	188256	947	949
264754	235	189084	947	949
203514	235	188351	947	949
204502	235	188019	947	949
254835	235	189002	947	949
210596	235	188662	947	949
196474	235	188056	947	949
197035	235	189150	947	949
250881	235	188555	947	949
235939	235	188121	947	949
215705	235	189446	947	949
206943	235	188019	947	949
259438	235	188203	947	949
275723	235	188137	947	949
272666	235	189198	947	949
255336	235	190968	947	949
198390	235	188798	947	949
226568	235	188520	947	949
278764	235	190944	947	949
202846	235	188099	947	949
246689	235	189280	947	949
209098	235	189648	947	949
197123	235	201150	947	949
197233	235	188532	947	949
251334	235	240150	947	949
193927	235	188032	947	949
203014	235	189216	947	949
201730	235	188316	947	949
269422	235	229227	947	949
265996	235	190219	947	949
302846	235	188350	947	949
226051	235	188340	947	949
234096	235	188434	947	949
193276	235	190084	947	949
217081	235	188442	947	949
213450	235	189541	947	949
293459	235	188439	947	949
204619	235	188082	947	949
232273	235	188242	947	949
288272	235	188154	947	949
269824	235	188267	947	949
202344	235	190017	947	949
197092	235	188375	947	949
198064	235	188007	947	949
203257	235	188364	947	949
200240	235	188463	947	949
237307	235	190732	947	949
192646	235	188020	947	949
202616	235	188037	947	949
262230	235	189939	947	949
209134	235	197801	947	949
192903	235	188178	947	949
216094	235	192139	947	949
222763	235	189057	947	949
201181	235	188382	947	949
266051	235	291516	947	949
216704	235	232263	947	949
235169	235	188443	947	949
276679	235	188737	947	949
264340	235	188746	947	949
204031	235	188058	947	949
259473	235	189442	947	949
203459	235	189728	947	949
220314	235	188228	947	949
213335	235	188099	947	949
204311	235	190828	947	949
192559	235	188054	947	949
274563	235	188061	947	950
250578	235	188310	947	950
279784	235	188351	947	950
194167	235	188368	947	950
204962	235	192996	947	950
234422	235	189325	947	950
201771	235	188389	947	950
236434	235	189723	947	950
263263	235	188016	947	950
209977	235	188069	947	950
214045	235	188281	947	950
212552	235	188220	947	950
260045	235	191254	947	950
331972	235	190422	947	950
237197	235	188204	947	950
265844	235	245726	947	950
201312	235	190122	947	950
198381	235	188120	947	950
212867	235	191086	947	950
222476	235	190436	947	950
194563	235	188462	947	950
240537	235	191643	947	950
212562	235	190441	947	950
205080	235	189083	947	950
201722	235	188940	947	950
251508	235	188855	947	950
240030	235	188203	947	950
317189	273	236695	947	950
210575	235	188141	947	950
196666	235	188116	947	950
210923	235	188027	947	950
232695	235	188200	947	950
193349	235	188060	947	950
283578	235	216185	947	950
314471	235	188167	947	950
196163	235	188851	947	950
220955	235	188350	947	950
199188	235	188060	947	950
196359	235	188028	947	950
203198	235	188635	947	950
209254	235	188005	947	950
342998	235	192074	947	950
282044	235	196009	947	950
195869	235	189083	947	950
222922	235	191778	947	950
285938	235	189057	947	950
261267	235	189767	947	950
233802	235	189834	947	950
214767	235	188340	947	950
297931	235	189515	947	950
269018	235	188577	947	950
204469	235	188501	947	950
197560	235	188092	947	950
367878	235	286789	947	950
363911	289	373887	947	950
205160	235	188111	947	950
204399	235	188050	947	950
205547	235	189788	947	950
262807	235	188713	947	950
274289	235	188426	947	950
281176	235	189419	947	950
220139	235	190014	947	950
266232	235	189164	947	950
248067	235	188101	947	950
252456	235	188855	947	950
201765	235	188855	947	950
196678	235	188038	947	950
194113	235	191354	947	950
199708	235	204612	947	950
265724	235	195372	947	950
231907	235	188619	947	950
201233	235	188090	947	950
230417	235	192019	947	950
198653	235	189147	947	950
284158	235	188157	947	950
198999	235	188005	947	950
227145	235	188655	947	950
232355	235	188904	947	950
197399	235	193100	947	950
207171	235	188053	947	950
238993	235	189687	947	950
197884	235	188091	947	950
213202	235	188718	947	950
196952	235	188133	947	950
196950	235	189538	947	950
244682	235	188644	947	950
196661	235	188133	947	950
226323	235	188010	947	950
199584	235	188645	947	950
197769	235	188839	947	950
213031	235	190725	947	950
204973	235	188340	947	950
194698	47	193168	947	950
214939	235	189951	947	950
206191	235	188140	947	950
233928	235	188457	947	950
201713	235	188210	947	950
235967	235	266871	947	950
216536	235	188503	947	950
298286	235	188256	947	950
204477	235	188957	947	950
205039	235	188620	947	950
208154	235	189083	947	950
197410	235	188074	947	950
334586	235	188665	947	950
273916	235	188555	947	950
213026	235	188509	947	950
215228	235	188702	947	950
199139	235	188182	947	950
201213	235	195867	947	950
218223	235	188073	947	950
206363	235	188161	947	950
206976	235	188110	947	950
275635	235	188321	947	950
199859	235	188042	947	950
248528	235	188560	947	950
214717	235	190017	947	950
205203	235	188152	947	950
216207	235	188178	947	950
221545	235	188669	947	950
214800	235	188979	947	950
233539	235	188189	947	950
265651	235	189303	947	950
240841	235	188017	947	950
199141	235	188048	947	950
195700	235	188569	947	950
213339	235	207877	947	950
208872	235	188330	947	950
265865	235	188987	947	950
274547	235	190827	947	950
217516	235	188222	947	950
198653	235	194242	947	950
196913	235	188020	947	950
225305	235	188024	947	950
201570	235	188042	947	950
193907	235	188973	947	950
222453	235	188070	947	950
225967	235	188152	947	950
358839	235	290431	947	950
204976	235	188232	947	950
217752	235	204432	947	950
254305	235	190754	947	950
209088	235	188665	947	950
207169	235	188371	947	950
224644	235	188149	947	950
196307	235	189021	947	950
200779	235	188347	947	950
219086	235	188163	947	950
206616	235	188055	947	950
246423	235	189482	947	950
363878	235	188532	947	950
205207	235	188738	947	950
226377	235	188185	947	950
235701	235	188005	947	950
244151	235	188113	947	950
248712	235	188951	947	950
239756	235	188498	947	950
204819	235	188034	947	950
221345	235	188026	947	950
298355	235	220989	947	950
205400	235	190828	947	950
199151	235	188079	947	950
209542	235	188246	947	950
194668	235	188141	947	950
240046	235	189170	947	950
242367	49	203561	947	950
249573	235	189141	947	950
227699	235	188131	947	950
199111	235	188166	947	950
257117	235	188387	947	950
197651	235	188027	947	950
243081	235	188222	947	950
283619	235	189541	947	950
194851	235	188620	947	950
204553	235	189325	947	950
223844	235	190017	947	950
222056	235	189314	947	950
192495	235	188162	947	950
205355	235	188657	947	950
238859	235	188596	947	950
312704	235	188242	947	950
192605	235	188006	947	950
234064	235	188290	947	950
244178	235	189407	947	950
210289	235	188782	947	950
208457	235	188629	947	950
268992	235	188619	947	950
199611	235	188887	947	950
204728	235	188129	947	950
214997	235	188255	947	950
218288	235	188166	947	950
233215	235	188307	947	950
202886	235	209395	947	950
226535	235	188479	947	950
217360	235	188089	947	950
199689	235	188023	947	950
232095	235	188529	947	950
239849	235	188300	947	950
249418	235	189083	947	950
219959	235	188037	947	950
232270	235	188246	947	950
196304	235	188635	947	950
214616	235	188064	947	950
205698	235	188307	947	950
202471	235	188377	947	950
208482	235	188211	947	950
218242	235	188893	947	950
212655	235	188185	947	950
203005	235	189088	947	950
209944	235	189419	947	950
225416	235	188017	947	950
196603	235	188025	947	950
193227	235	188235	947	950
275589	235	188519	947	950
269810	235	188265	947	950
294707	235	189645	947	950
256149	235	188464	947	950
225943	235	188036	947	950
201516	235	188862	947	950
193168	47	194698	947	950
283671	235	188511	947	950
215712	235	188085	947	950
214309	235	188699	947	950
196647	235	188042	947	950
255319	235	189812	947	950
195930	235	202184	947	950
199227	235	188786	947	950
197650	235	188178	947	950
204585	235	191662	947	950
206136	235	188979	947	950
246426	235	188697	947	950
203555	235	188143	947	950
209247	235	188030	947	950
188703	239	276409	947	950
196554	235	190725	947	950
286932	235	193062	947	950
210375	235	188805	947	950
258015	235	188350	947	950
224700	235	188168	947	950
200913	235	191724	947	950
253456	235	192288	947	950
238052	235	190769	947	950
214019	235	188410	947	950
257253	235	188379	947	950
257667	235	189495	947	950
219723	235	188128	947	950
218940	235	188951	947	950
256820	235	188987	947	950
199644	235	188302	947	950
205623	235	193933	947	950
221313	235	188592	947	950
199243	235	190649	947	950
226591	235	189250	947	950
205299	235	188019	947	950
292963	235	188991	947	950
200995	235	188888	947	950
201124	235	189739	947	950
253360	235	188374	947	950
195763	235	189073	947	950
201972	235	188340	947	950
234828	235	188262	947	950
203196	235	188409	947	950
215983	235	188574	947	950
210934	235	189062	947	950
211001	235	188030	947	950
304514	235	188058	947	950
211555	235	192165	947	950
208114	235	188172	947	950
313480	235	188761	947	950
214470	235	188098	947	950
283452	235	232329	947	950
219228	235	188267	947	950
226752	235	188534	947	950
200601	235	188208	947	950
197831	235	190550	947	950
220889	235	188565	947	950
203200	235	188146	947	950
293462	49	188354	947	950
282681	235	188441	947	950
198945	235	189684	947	950
242304	235	188909	947	950
224600	235	188741	947	950
227790	235	188239	947	950
194691	235	188006	947	950
202672	235	188024	947	950
232579	235	188526	947	950
231155	235	190237	947	950
209005	235	188031	947	950
236208	235	189931	947	950
219329	235	188855	947	950
202818	235	188741	947	950
216559	235	189671	947	950
218577	235	188069	947	950
229542	235	188319	947	950
259962	235	188707	947	950
202911	235	188450	947	950
194382	235	188234	947	950
267712	235	212379	947	950
211784	235	190422	947	950
261889	235	189744	947	950
232571	235	188689	947	950
364881	42	203532	947	950
267234	235	189028	947	950
248464	235	188919	947	950
249833	235	188399	947	950
235814	235	188250	947	950
198893	235	188033	947	950
214457	235	188149	947	950
198588	235	188480	947	950
218385	235	189468	947	950
217650	235	188496	947	950
205446	235	188731	947	950
252329	235	189449	947	950
212750	235	188559	947	950
215632	235	188200	947	950
204508	235	188028	947	950
196339	235	188183	947	950
278028	235	188502	947	950
196299	235	188038	947	950
286286	235	192612	947	950
221374	235	188127	947	950
244173	235	188674	947	950
256694	235	190263	947	950
356007	235	188828	947	950
232281	235	188689	947	950
192794	235	188228	947	950
194123	235	188069	947	950
199770	235	188134	947	950
208099	235	188192	947	950
208368	235	188006	947	950
199857	235	188116	947	950
219825	235	188045	947	950
195016	235	188323	947	950
268092	235	188217	947	950
196076	235	188111	947	950
202178	235	188161	947	950
226717	235	188268	947	950
203417	235	188351	947	950
233235	235	188118	947	950
195132	235	188006	947	950
195553	235	188021	947	950
256865	235	188592	947	950
306278	235	193100	947	950
219609	235	199836	947	950
282958	235	191394	947	950
188548	267	206915	947	950
315018	235	188302	947	950
201514	235	188679	947	950
214546	235	188223	947	950
231879	235	188280	947	950
204005	235	188152	947	950
203396	235	188316	947	950
197849	235	188320	947	950
207015	235	190725	947	950
212474	235	189754	947	950
222754	235	188069	947	950
194182	235	188111	947	950
216607	235	188979	947	950
261709	235	188043	947	950
225698	235	188242	947	950
249455	235	188688	947	950
263785	235	190818	947	950
247024	235	188367	947	950
217487	235	201701	947	950
245597	235	188113	947	950
196022	235	188323	947	950
211032	235	188416	947	950
227430	235	189385	947	950
197418	235	188167	947	950
222015	235	188456	947	950
237714	235	189920	947	950
194390	235	189006	947	950
207850	235	189111	947	950
247994	235	189250	947	950
271212	235	188714	947	950
223321	235	189946	947	950
282669	235	188577	947	950
202366	235	188924	947	950
208350	235	188104	947	950
203685	235	188740	947	950
258407	235	188128	947	950
253246	235	188434	947	950
341788	235	220142	947	950
213573	235	189083	947	950
193827	235	189060	947	950
241037	235	191748	947	950
365902	245	271696	947	950
197225	235	190429	947	950
193504	235	188707	947	950
199883	235	188175	947	950
230777	235	188028	947	950
219340	235	188057	947	950
197192	235	188092	947	950
226087	235	188509	947	950
203979	235	188109	947	950
205723	235	188364	947	950
249529	235	188767	947	950
198899	235	188300	947	950
200465	235	188092	947	950
214546	235	188235	947	950
203530	235	188089	947	950
263549	235	188511	947	950
229449	235	188877	947	950
199194	235	188025	947	950
207081	235	188086	947	950
197399	235	189083	947	950
213726	235	188059	947	950
315275	235	188514	947	950
200193	235	188464	947	950
299841	235	189108	947	950
282681	235	189083	947	950
188570	239	239085	947	950
209312	235	188063	947	950
236814	235	188707	947	950
232247	235	188033	947	950
205607	235	188529	947	950
284028	235	188434	947	950
193326	235	188612	947	950
213486	235	188957	947	950
207370	235	188038	947	950
208221	235	188034	947	950
216066	235	200965	947	950
210561	235	189006	947	950
218041	235	188366	947	950
198816	235	188378	947	950
222336	235	188235	947	950
259814	235	190818	947	950
256773	235	189714	947	950
308028	235	190237	947	950
222099	235	355821	947	950
197083	235	188167	947	950
268597	235	188101	947	950
269681	42	188257	947	950
218052	235	188082	947	950
197985	235	188437	947	950
204317	235	189593	947	950
217810	235	188350	947	950
199853	235	188317	947	950
195548	235	188119	947	950
253795	235	188655	947	950
193204	235	188042	947	950
214502	235	188294	947	950
291963	235	188107	947	950
200638	235	191477	947	950
202249	235	207243	947	950
307738	235	188379	947	950
208800	235	188064	947	950
262241	235	188248	947	950
224419	235	188183	947	950
238831	235	188798	947	950
212474	235	188511	947	950
251282	235	188044	947	950
242129	235	254061	947	950
226535	235	188479	947	950
203034	235	188881	947	950
373887	289	363911	947	950
223874	235	188560	947	950
283452	235	216208	947	950
248699	235	188120	947	950
226379	235	188001	947	950
195757	235	189538	947	950
225387	235	190638	947	950
226548	235	189035	947	950
249059	235	188227	947	951
197290	235	188883	947	951
201560	235	188034	947	951
214512	235	188215	947	951
239429	235	188269	947	951
309732	235	189362	947	951
198727	235	188415	947	951
202272	235	188109	947	951
198890	235	188310	947	951
205361	235	188171	947	951
209458	235	188239	947	951
295006	49	192271	947	951
203998	235	188210	947	951
203300	235	188106	947	951
215914	235	188569	947	951
197289	235	188032	947	951
210635	235	188153	947	951
212070	235	188310	947	951
217619	235	188075	947	951
203675	235	188454	947	951
247562	235	194608	947	951
208001	235	188111	947	951
223323	235	189198	947	951
202131	235	188161	947	951
327302	235	189269	947	951
214724	235	188032	947	951
199946	235	188044	947	951
226459	235	188023	947	951
233861	235	188395	947	951
287100	235	189931	947	951
195485	235	188437	947	951
194324	235	188093	947	951
209194	235	190237	947	951
205411	235	188028	947	951
212656	235	188110	947	951
198258	235	188189	947	951
272163	235	188248	947	951
222074	235	188514	947	951
252080	235	189088	947	951
193177	235	188276	947	951
222257	235	189536	947	951
208252	235	188276	947	951
223227	235	189384	947	951
209194	235	188955	947	951
209893	235	189081	947	951
238136	235	188028	947	951
210579	235	190074	947	951
252856	235	189062	947	951
230412	235	188040	947	951
215489	235	188870	947	951
195685	235	188052	947	951
221995	235	189303	947	951
244104	235	188518	947	951
274144	235	189385	947	951
291776	235	188182	947	951
218876	235	188712	947	951
215176	235	188122	947	951
220433	235	188052	947	951
198288	235	188141	947	951
235863	235	188370	947	951
258404	235	201314	947	951
208911	235	188203	947	951
279665	235	189403	947	951
273608	235	191416	947	951
195802	235	188210	947	951
209980	235	189968	947	951
222985	235	245392	947	951
211334	235	188179	947	951
246409	235	188217	947	951
240616	235	189165	947	951
218436	235	188024	947	951
214553	235	188267	947	951
206119	235	188320	947	951
228983	235	189890	947	951
233676	235	188712	947	951
209619	235	188172	947	951
274954	235	188722	947	951
269334	235	188899	947	951
216631	235	188106	947	951
213381	235	189111	947	951
240851	235	188669	947	951
260462	235	190603	947	951
198486	235	188980	947	951
203730	235	188273	947	951
220787	235	190154	947	951
204172	235	188655	947	951
210387	235	188220	947	951
221194	235	188595	947	951
210871	235	188996	947	951
200726	235	188357	947	951
205392	235	188474	947	951
234736	235	251224	947	951
193586	235	188048	947	951
210871	235	190734	947	951
193478	235	188031	947	951
215846	235	189149	947	951
199993	235	188035	947	951
191533	235	188418	947	951
214786	235	268778	947	951
199602	235	188279	947	951
197881	235	188111	947	951
196487	235	188152	947	951
210889	235	189912	947	951
203406	235	189081	947	951
212151	235	188655	947	951
246009	235	188126	947	951
211352	235	188157	947	951
214033	235	188955	947	951
288774	235	189062	947	951
246597	235	188686	947	951
246507	235	193735	947	951
204606	235	188023	947	951
196003	235	188261	947	951
211703	235	188118	947	951
220507	235	188020	947	951
200938	235	190809	947	951
221997	235	188883	947	951
259160	235	188514	947	951
366206	235	188556	947	951
297931	235	188980	947	951
230945	235	188490	947	951
297033	235	189165	947	951
255208	235	229021	947	951
207429	235	188140	947	951
209062	235	188516	947	951
228960	235	189112	947	951
290062	235	188148	947	951
207970	235	188217	947	951
225074	235	188239	947	951
203408	235	189262	947	951
203053	235	188234	947	951
223638	235	188193	947	951
283000	235	189744	947	951
281089	235	202775	947	951
218107	235	188096	947	951
241470	235	188804	947	951
199782	235	190855	947	951
196991	235	190422	947	951
222292	235	188143	947	951
210155	235	188009	947	951
250490	235	188512	947	951
250529	235	188075	947	951
209653	235	188094	947	951
222310	235	188127	947	951
319013	235	188714	947	951
211742	235	188284	947	951
213564	235	188569	947	951
216686	235	188635	947	951
234768	235	188227	947	951
248246	235	188903	947	951
195067	235	188139	947	951
226392	235	188211	947	951
223712	235	188161	947	951
238366	235	188365	947	951
194729	235	188073	947	951
193104	235	188383	947	951
194754	235	188037	947	951
210337	235	188893	947	951
200169	235	188172	947	951
194361	235	188044	947	951
200500	235	190725	947	951
202982	235	188580	947	951
199769	235	188235	947	951
226410	235	196412	947	951
203543	235	188190	947	951
214119	235	188140	947	951
205998	235	188031	947	951
262468	235	188526	947	951
204830	235	188069	947	951
208282	235	188505	947	951
240443	235	189093	947	951
219581	235	188590	947	951
207241	235	188541	947	951
211987	235	188250	947	951
312641	235	189291	947	951
194847	235	189008	947	951
200809	235	188727	947	951
197876	235	188037	947	951
214199	235	188514	947	951
198561	235	188039	947	951
192426	235	188023	947	951
261373	235	189974	947	951
305618	235	189631	947	951
257202	235	188171	947	951
257472	235	188096	947	951
195160	235	188338	947	951
207630	235	189186	947	951
221147	235	188090	947	951
264232	235	189248	947	951
214392	235	188655	947	951
201836	235	188023	947	951
242892	235	245254	947	951
261694	235	188417	947	951
211544	235	188146	947	951
216762	235	189576	947	951
201268	235	188456	947	951
207848	235	188041	947	951
209670	235	188161	947	951
284018	235	188185	947	951
226273	235	188487	947	951
222029	235	188167	947	951
201496	235	188606	947	951
204228	235	188072	947	951
257655	235	188904	947	951
228197	235	193729	947	951
214160	235	188462	947	951
206242	235	188226	947	951
200422	235	188532	947	951
208716	235	188378	947	951
213754	235	188203	947	951
219680	235	190314	947	951
236105	235	188041	947	951
241020	235	188118	947	951
198622	235	188192	947	951
196115	235	188111	947	951
255520	235	188695	947	951
228553	235	188302	947	951
227029	235	188055	947	951
199688	235	188456	947	951
201079	235	188120	947	951
208701	235	188209	947	951
229060	235	189269	947	951
212111	235	188877	947	951
232176	235	188069	947	951
202895	235	188116	947	951
212526	235	190692	947	951
234983	235	188055	947	951
269573	235	188940	947	951
249424	235	188894	947	951
195018	235	188025	947	951
209415	235	196412	947	951
231060	287	345388	947	951
194320	235	188247	947	951
251244	235	188352	947	951
227332	235	189912	947	951
217729	235	188209	947	951
212492	235	189131	947	951
279976	235	225540	947	951
240654	235	188162	947	951
200287	235	189194	947	951
197356	235	189657	947	951
200968	235	188589	947	951
252327	235	188133	947	951
230701	235	188300	947	951
201610	235	189325	947	951
217806	235	188028	947	951
196487	235	191851	947	951
288591	235	188433	947	951
233400	235	188760	947	951
198434	49	188257	947	951
192272	235	188023	947	951
206495	235	188198	947	951
203289	235	188315	947	951
193267	235	188106	947	951
201277	235	188182	947	951
208706	235	188760	947	951
215505	235	188366	947	951
217429	235	201642	947	951
188549	267	281790	947	951
247183	235	189084	947	951
204166	235	188244	947	951
233647	235	188207	947	951
211398	235	188865	947	951
212259	235	188867	947	951
200403	235	188011	947	951
213573	235	188441	947	951
204327	235	189732	947	951
220278	235	188442	947	951
232070	235	188718	947	951
202780	235	188541	947	951
220565	235	188041	947	951
196868	235	188551	947	951
193007	235	188035	947	951
206207	235	191851	947	951
215303	235	189165	947	951
230654	235	188070	947	951
198509	235	188092	947	951
195162	235	188018	947	951
203486	235	188649	947	951
215262	235	188099	947	951
198346	235	188686	947	951
226795	235	188264	947	951
201547	235	188228	947	951
213362	235	189569	947	951
248213	235	188128	947	951
203943	235	188183	947	951
211302	235	190054	947	951
217600	235	188131	947	951
198463	235	188094	947	951
218816	235	188601	947	951
210708	235	188276	947	951
204157	235	188262	947	951
218925	235	188888	947	951
221030	235	188787	947	951
214937	235	188038	947	951
199871	235	188051	947	951
231059	235	188390	947	951
216139	235	188093	947	951
196498	235	189361	947	951
199851	235	198766	947	951
250850	235	188296	947	951
215904	235	191643	947	951
352787	235	188612	947	951
210615	235	188445	947	951
200073	235	188045	947	951
201423	235	188277	947	951
242643	235	189788	947	951
202757	235	188101	947	952
208775	235	189657	947	952
229942	235	189815	947	952
200306	235	188064	947	952
207092	235	190719	947	952
219349	235	190273	947	952
207651	235	189079	947	952
278616	235	188669	947	952
215576	235	188351	947	952
220984	235	188278	947	952
252482	235	189362	947	952
202870	235	188377	947	952
264476	235	189536	947	952
303649	235	189960	947	952
211038	235	188214	947	952
365075	235	188987	947	952
212567	235	188448	947	952
202882	235	188164	947	952
221494	235	188031	947	952
283009	235	215867	947	952
305451	235	189081	947	952
213447	235	189705	947	952
203947	235	189045	947	952
219107	235	189496	947	952
216555	235	188590	947	952
227346	235	188094	947	952
201660	235	188037	947	952
214208	235	189070	947	952
217216	235	188180	947	952
202476	235	188300	947	952
217167	235	188529	947	952
202195	235	188415	947	952
229305	235	188180	947	952
200148	235	188736	947	952
202026	235	188808	947	952
207414	235	189073	947	952
219252	235	189931	947	952
210969	235	188166	947	952
203665	235	188019	947	952
198831	235	188037	947	952
251645	235	188331	947	952
206657	235	188201	947	952
267237	235	189449	947	952
227640	235	188774	947	952
212977	235	188595	947	952
206217	235	188643	947	952
248103	235	190855	947	952
214569	235	188222	947	952
196471	235	188635	947	952
235933	235	188232	947	952
227919	235	188382	947	952
268055	235	189248	947	952
211288	235	188978	947	952
283550	235	188128	947	952
203855	235	189210	947	952
197454	235	188685	947	952
214962	235	188377	947	952
313443	235	288363	947	952
271436	235	188883	947	952
328519	235	189931	947	952
214592	235	188146	947	952
202409	235	188569	947	952
221051	235	188063	947	952
194687	235	188064	947	952
278206	235	193735	947	952
222433	235	188544	947	952
203775	235	188629	947	952
217018	235	188038	947	952
239111	235	188608	947	952
247932	235	188856	947	952
209036	235	190098	947	952
221928	235	188260	947	952
217046	235	188238	947	952
220244	235	188304	947	952
214928	235	188713	947	952
205694	235	188238	947	952
305791	235	245054	947	952
208143	235	188415	947	952
214401	235	188522	947	952
217489	235	188331	947	952
233185	235	192502	947	952
205926	235	188282	947	952
224514	235	188016	947	952
198929	235	188655	947	952
264143	235	189429	947	952
233859	235	188300	947	952
204615	235	188735	947	952
223838	235	190087	947	952
198639	235	204053	947	952
233222	235	188197	947	952
219265	235	189149	947	952
293839	235	193933	947	952
304396	235	188658	947	952
317339	235	188406	947	952
235926	235	189636	947	952
243459	235	192860	947	952
266733	235	188399	947	952
192531	235	188383	947	952
222139	235	188920	947	952
207520	235	188487	947	952
291034	235	188768	947	952
219428	235	188445	947	952
226056	235	188235	947	952
205429	235	189488	947	952
230978	235	189666	947	952
204080	235	188014	947	952
196969	235	188629	947	952
200026	235	188156	947	952
284192	235	189247	947	952
236277	235	188024	947	952
313868	235	188555	947	952
211587	235	188503	947	952
203444	235	188052	947	952
206482	235	188232	947	952
193196	235	188009	947	952
202463	235	188400	947	952
262298	235	262299	947	952
198168	235	188141	947	952
202169	235	191778	947	952
203826	235	188035	947	952
218511	235	189062	947	952
201620	235	188007	947	952
261493	235	188314	947	952
212639	235	188122	947	952
283737	235	189257	947	952
256366	235	188101	947	952
252882	235	188798	947	952
208201	235	188231	947	952
208419	235	188055	947	952
254969	235	188132	947	952
208250	235	188315	947	952
230582	235	188190	947	952
191371	47	279097	947	952
204478	235	190035	947	952
353452	235	188556	947	952
198659	235	188426	947	952
205068	235	188278	947	952
283341	235	189973	947	952
220503	235	188085	947	952
223093	235	188149	947	952
309201	235	188379	947	952
253363	235	193100	947	952
316022	235	189247	947	952
212839	235	188093	947	952
199349	235	188031	947	952
296988	47	257405	947	952
205628	235	188052	947	952
301716	292	352738	947	952
239900	235	190719	947	952
337060	235	188796	947	952
288856	235	188248	947	952
257727	235	189247	947	952
239831	235	188262	947	952
216983	235	188098	947	952
219404	235	188200	947	952
220674	235	188373	947	952
277554	235	188158	947	952
262606	235	189044	947	952
301872	235	188917	947	952
216726	235	188929	947	952
194165	235	188034	947	952
263293	235	190287	947	952
188114	254	229933	947	952
206616	235	188167	947	952
233456	235	189686	947	952
218368	235	188108	947	952
283737	235	192475	947	952
204787	235	188248	947	952
235713	235	189198	947	952
224721	235	188132	947	952
209635	235	188034	947	952
196519	235	188007	947	952
259919	235	188991	947	952
220187	235	188963	947	952
193604	289	250012	947	952
209085	235	188036	947	952
206217	235	188316	947	952
225295	235	188015	947	952
225747	235	188333	947	952
211705	235	189636	947	952
197573	235	188034	947	952
202840	235	188512	947	952
214849	235	188048	947	952
208445	235	188104	947	952
266037	235	230463	947	952
195466	235	188201	947	952
233003	235	188188	947	952
241437	235	188947	947	952
216635	235	189124	947	952
221232	235	189057	947	952
251534	235	188589	947	952
207290	235	188235	947	952
233411	235	188260	947	952
257536	235	188332	947	952
200246	235	188073	947	952
220910	235	188635	947	952
259529	235	188580	947	952
253006	235	191009	947	952
373069	235	189247	947	952
234114	235	188140	947	952
204405	235	188111	947	952
240347	235	188337	947	952
211347	235	188304	947	952
228795	235	188234	947	952
213620	235	188307	947	952
199500	235	188210	947	952
258295	235	188085	947	952
212021	235	188180	947	952
273267	235	188443	947	952
296108	235	215035	947	952
298724	235	188741	947	952
212896	235	188269	947	952
195783	235	188148	947	952
268104	235	188443	947	952
196283	235	188023	947	952
199719	235	188136	947	952
226510	235	188201	947	952
212773	235	188662	947	952
207461	235	188644	947	952
210614	235	188130	947	952
213653	235	188053	947	952
203519	235	188214	947	952
222488	235	188463	947	952
271568	235	189435	947	952
212453	235	194049	947	952
231114	235	188497	947	952
198173	235	188851	947	953
192697	267	289095	947	953
258097	235	188978	947	953
209664	235	188023	947	953
215239	235	188156	947	953
213325	235	188019	947	953
201897	235	188179	947	953
200810	235	188153	947	953
292724	289	191757	947	953
249933	235	188921	947	953
195141	235	188089	947	953
200104	235	188904	947	953
196603	235	188093	947	953
332464	235	189265	947	953
222337	235	195277	947	953
256563	235	188393	947	953
239923	235	189529	947	953
214601	235	189388	947	953
198564	235	188458	947	953
263317	235	188699	947	953
296299	235	188515	947	953
250651	235	188185	947	953
197478	235	188156	947	953
207848	235	188090	947	953
188080	267	228005	947	953
213328	235	189189	947	953
192451	235	188079	947	953
208777	235	188053	947	953
229621	235	188864	947	953
235310	235	189165	947	953
194782	235	188437	947	953
236390	235	189775	947	953
193112	235	188137	947	953
198567	235	188437	947	953
203098	235	188129	947	953
205818	235	188437	947	953
232760	235	189232	947	953
191757	289	292724	947	953
213208	235	188032	947	953
247384	235	188689	947	953
288076	235	190046	947	953
288428	235	188171	947	953
218779	235	188141	947	953
216689	235	189198	947	953
194996	235	188437	947	953
214789	235	188141	947	953
305408	235	192188	947	953
197188	235	188141	947	953
223452	235	188129	947	953
200331	235	188820	947	953
365501	235	193638	947	953
214138	235	188137	947	953
241244	235	188342	947	953
216824	235	189303	947	953
210047	235	188157	947	953
226947	235	188358	947	953
318906	235	189010	947	953
198405	235	188057	947	953
288518	235	189073	947	953
318508	235	188479	947	953
208447	235	188379	947	953
251934	235	190261	947	953
220870	235	188827	947	953
234164	235	188609	947	953
295654	235	188395	947	953
258844	235	188904	947	953
253426	235	188491	947	953
257243	235	188249	947	953
204016	235	188088	947	953
216629	235	188669	947	953
289576	235	189161	947	953
214509	235	188183	947	953
211860	235	188023	947	953
196963	235	188198	947	953
224505	235	188366	947	953
198327	235	188085	947	953
232257	235	188357	947	953
252077	235	189783	947	953
250847	235	188955	947	953
263194	235	190019	947	953
212138	235	188023	947	953
194110	235	188904	947	953
215402	235	188624	947	953
233124	235	188024	947	953
193268	235	188066	947	953
251959	235	188254	947	953
221370	235	188400	947	953
200991	235	188006	947	953
219344	292	358571	947	953
209016	235	188050	947	953
212389	235	188215	947	953
251991	235	192168	947	953
209038	235	188167	947	953
197433	235	188648	947	953
205069	235	188183	947	953
223357	235	188688	947	953
211705	235	189252	947	953
217833	235	188437	947	953
213638	235	188074	947	953
227033	235	188093	947	953
210414	235	188127	947	953
193574	235	188028	947	953
201710	235	188030	947	953
213046	235	189193	947	953
232027	235	188520	947	953
305451	235	189362	947	953
198972	235	188007	947	953
202806	235	188249	947	953
224958	235	188828	947	953
195973	235	188148	947	953
247454	235	188731	947	953
269239	235	188389	947	953
232660	235	188904	947	953
225223	235	188094	947	953
203809	235	188786	947	953
228832	235	188093	947	953
272012	235	188699	947	953
212151	235	188215	947	953
219202	235	188400	947	953
327990	49	203532	947	953
196724	235	188437	947	953
202594	235	188038	947	953
201897	235	188437	947	953
249641	235	188507	947	953
212454	235	188770	947	953
234415	235	189512	947	953
258485	235	189610	947	953
252122	235	189515	947	953
222492	235	189636	947	953
225062	235	188218	947	953
232255	235	188093	947	953
194219	235	188383	947	953
239557	235	188300	947	953
223647	235	188980	947	953
221466	235	189019	947	954
211539	235	188904	947	954
275844	235	188796	947	954
287187	235	189149	947	954
277821	235	188344	947	954
232678	235	188706	947	954
243279	235	189001	947	954
193920	235	188437	947	954
236209	235	188188	947	954
198395	235	188619	947	954
232652	235	188474	947	954
205759	235	189252	947	954
187998	254	205859	947	954
210091	235	188518	947	954
212532	235	188237	947	954
264100	235	188881	947	954
234377	289	301572	947	954
207302	235	188383	947	954
264462	235	188592	947	954
213273	235	188355	947	954
258011	42	276736	947	954
202747	235	188415	947	954
196831	235	189362	947	954
355061	235	190719	947	954
242889	235	188225	947	954
213121	235	188042	947	954
199476	235	188164	947	954
222996	235	188448	947	954
257280	235	188393	947	954
280309	235	189669	947	954
244866	49	289377	947	954
204138	235	189062	947	954
312067	235	188524	947	954
197073	235	188029	947	954
198567	235	188028	947	954
215810	235	188648	947	954
243800	235	189250	947	954
210387	235	188019	947	954
248113	235	188569	947	954
200177	235	188038	947	954
286801	235	192736	947	954
251738	235	188904	947	954
208589	235	188132	947	954
251373	235	188078	947	954
232794	235	189250	947	954
218016	235	188703	947	954
223289	235	191022	947	954
294946	235	188606	947	954
216681	235	188142	947	954
221230	235	188142	947	954
211474	235	188430	947	954
331641	235	193638	947	954
250711	235	189465	947	954
269980	235	189286	947	954
319096	235	190772	947	954
211459	235	188952	947	954
245020	235	190928	947	954
247401	235	188497	947	954
215697	235	188987	947	954
195552	235	190523	947	954
249523	289	218578	947	954
203027	235	188122	947	954
252122	235	191383	947	954
322533	235	193638	947	954
215139	235	188503	947	954
218497	235	188016	947	954
198916	235	188171	947	954
199535	235	188736	947	954
209433	235	188122	947	954
196396	235	188122	947	954
214868	235	188090	947	954
201412	235	188149	947	954
247678	235	188573	947	954
216576	235	188539	947	954
243381	235	188019	947	954
239406	235	188220	947	954
203651	235	188238	947	954
318358	235	188961	947	954
279320	235	189269	947	954
223348	235	189348	947	954
253495	235	190602	947	954
284322	235	190317	947	954
228776	235	188928	947	954
230723	235	189438	947	954
203728	235	189678	947	954
192721	235	188052	947	954
203270	235	188075	947	954
218025	235	188154	947	954
213393	235	188474	947	954
218578	289	249523	947	954
204558	235	188093	947	954
221121	235	188315	947	954
207461	235	188648	947	954
206700	235	189348	947	954
243154	235	188153	947	954
211347	235	188534	947	954
217683	235	188296	947	954
200208	235	188804	947	954
236650	235	188722	947	954
240627	235	189108	947	954
239429	235	188314	947	954
220304	235	188025	947	954
301572	289	234377	947	954
217790	235	188193	947	954
234293	235	188021	947	955
216833	235	188440	947	955
209049	235	188944	947	955
310450	235	188856	947	955
270982	235	188943	947	955
240404	235	188129	947	955
250621	235	188736	947	955
211011	235	189931	947	955
359976	235	188796	947	955
212755	235	188772	947	955
313209	289	204534	947	955
201919	235	188065	947	955
235144	235	189042	947	955
207836	235	188039	947	955
200148	235	189536	947	955
213079	235	188314	947	955
210088	235	188171	947	955
270912	235	188507	947	955
204534	289	313209	947	955
205112	235	188193	947	955
246777	235	189165	947	955
334723	235	214279	947	955
237765	235	188366	947	955
206774	235	188193	947	955
210017	235	188039	947	955
283332	235	188532	947	955
224509	235	190306	947	955
251622	235	188928	947	955
211274	235	188655	947	955
223875	235	188619	947	955
328267	235	188219	947	955
235175	235	188296	947	955
236105	235	188099	947	955
219313	235	188461	947	955
217438	235	188152	947	955
220866	235	189077	947	955
198218	235	188167	947	955
199655	235	188163	947	955
221033	235	188136	947	955
206061	235	188093	947	955
195217	235	188001	947	955
207673	235	188400	947	955
208217	235	188804	947	955
267209	235	188300	947	955
220857	235	189252	947	955
222606	235	188648	947	955
209594	235	188457	947	955
236127	235	190422	947	955
221076	235	188377	947	955
327202	235	188679	947	955
195409	235	189720	947	955
241311	235	188127	947	955
203015	235	188215	947	955
226032	235	188209	947	955
215702	235	188064	947	955
202478	235	188368	947	955
213512	235	188904	947	955
315923	292	361700	947	955
343939	235	188356	947	955
256422	235	188634	947	955
202316	235	188090	947	955
200030	235	188256	947	955
256846	235	189666	947	955
219097	235	188534	947	955
203514	235	188214	947	955
256718	235	188644	947	955
205156	235	188804	947	955
197354	235	188040	947	955
213067	235	188527	947	955
214937	235	188001	947	955
232892	235	188796	947	955
251605	235	188761	947	955
314000	235	189931	947	955
255264	235	188703	947	955
235759	235	188234	947	956
222067	235	188415	947	956
210490	235	188735	947	956
284719	235	189515	947	956
234098	235	189362	947	956
206435	235	188122	947	956
200714	235	188513	947	956
200198	235	188163	947	956
250496	235	188070	947	956
259576	235	189252	947	956
212931	235	188955	947	956
197817	235	188648	947	956
201123	289	330901	947	956
221848	235	188078	947	956
214064	235	188648	947	956
312537	235	189247	947	956
216682	235	188497	947	956
204835	235	188171	947	956
276214	235	189269	947	956
194318	235	188481	947	956
212319	289	335961	947	956
197983	235	188214	947	956
210552	235	188507	947	956
199891	235	188023	947	956
239884	235	188186	947	956
268622	235	189165	947	956
330901	289	201123	947	956
247244	235	188024	947	956
229290	235	189972	947	956
227261	235	188655	947	956
189623	254	210254	947	956
220244	235	188534	947	956
214975	235	188094	947	956
298685	235	188255	947	956
193619	235	188648	947	956
232344	235	189062	947	957
194934	245	227612	947	957
217221	235	189257	947	957
262181	235	188451	947	957
219042	235	188256	947	957
206591	235	188231	947	957
256835	235	188032	947	957
222785	235	190619	947	957
338177	235	189015	947	957
225062	235	188193	947	957
209585	235	188234	947	957
199492	235	188437	947	957
265747	235	189247	947	957
313191	235	193735	947	957
199990	235	188804	947	957
229700	235	189237	947	957
204168	235	188437	947	957
211522	235	188047	947	957
207017	235	188437	947	957
338463	235	188822	947	957
195806	235	188655	947	957
205109	235	189247	947	957
277887	235	194591	947	957
220146	235	188001	947	957
224721	235	188122	947	957
233694	235	188904	947	957
217600	235	188254	947	957
196368	235	189037	947	957
213633	235	188980	947	957
211540	235	188415	947	957
199007	235	188001	947	957
201124	235	188537	947	957
222854	235	190619	947	957
204477	235	188232	947	957
211627	235	188437	947	957
203292	235	188335	947	957
196666	235	188535	947	957
196722	235	188437	947	957
248616	235	188143	947	957
353719	42	189096	947	957
202794	235	188569	947	957
201196	235	188335	947	957
220138	235	188497	947	957
225982	235	188713	947	957
197531	235	188796	947	957
277230	235	188507	947	957
210535	235	188415	947	957
199428	235	188030	947	957
216111	235	188451	947	957
229603	235	188105	947	957
200730	235	188904	947	957
283059	235	188284	947	957
210646	235	188093	947	957
199649	235	188183	947	958
243103	290	278109	947	958
322584	235	188796	947	958
190919	73	278109	947	958
273976	290	278109	947	958
233351	235	188556	947	958
222730	235	189015	947	958
211888	235	188980	947	958
202086	97	278109	947	958
331946	97	278109	947	958
211282	235	188146	947	958
189206	76	278109	947	958
261713	235	238144	947	958
224159	235	190094	947	958
217798	235	188240	947	958
240432	235	188192	947	958
220216	235	188804	947	958
188212	97	278109	947	958
203169	235	188655	947	958
194705	97	278109	947	958
244291	235	188104	947	958
269994	235	188437	947	958
262008	235	189866	947	958
262085	235	188192	947	958
229731	235	188316	947	958
193409	235	188122	947	958
233210	235	188487	947	958
229765	235	189541	947	958
203499	235	198596	947	958
200524	235	188437	947	958
343212	290	278109	947	958
334258	97	278109	947	958
199062	235	188007	947	958
239611	235	197633	947	958
208070	235	188231	947	958
319842	97	278109	947	958
204005	235	188437	947	959
217643	235	189108	947	959
207197	235	188009	947	959
355284	290	188080	947	959
214892	235	188007	947	959
245405	235	189046	947	959
212777	235	188437	947	959
219220	235	188130	947	959
200204	235	188804	947	959
192971	235	188635	947	959
188230	254	233592	947	959
205937	235	191022	947	959
219014	235	188167	947	959
263846	235	191022	947	959
223611	235	188047	947	959
196527	235	188270	947	959
206055	235	189907	947	959
231114	235	189189	947	959
225424	235	189156	947	959
201669	235	188987	947	959
204883	235	188355	947	959
236433	235	189247	947	959
194413	235	188713	947	959
196328	289	283641	947	959
205715	235	188023	947	959
346078	235	224060	947	959
208931	235	188036	947	959
237714	235	188471	947	959
196759	235	188648	947	959
283641	289	196328	947	959
203672	235	188648	947	959
253710	235	189165	947	959
268880	235	188796	947	959
228525	235	192765	947	959
322896	235	190686	947	959
216835	235	188904	947	959
261037	235	189269	947	959
235343	235	189252	947	959
239748	235	188093	947	959
208836	235	191022	947	959
210101	235	188635	947	959
205869	235	188904	947	959
299739	235	188796	947	959
236930	235	189062	947	960
358626	273	205048	947	960
260951	289	259183	947	960
202872	235	188804	947	960
257603	235	189362	947	960
259183	289	260951	947	960
354960	76	218287	947	960
295297	235	188556	947	960
211446	235	188021	947	960
234314	235	189269	947	960
235038	235	189165	947	960
202587	235	201868	947	960
248880	235	189931	947	960
286928	235	188686	947	960
266390	76	255308	947	960
275289	235	188353	947	960
203289	235	188856	947	960
220984	235	188231	947	960
264844	235	224060	947	960
195789	235	188804	947	960
234415	235	189046	947	960
217504	235	188987	947	960
207947	235	189269	947	960
195679	235	188093	947	960
221264	235	190858	947	961
258567	235	190192	947	961
266891	235	188263	947	961
280771	235	190527	947	961
203015	235	188655	947	961
207423	235	189287	947	961
199986	235	188440	947	961
214580	235	188648	947	961
352067	235	203773	947	961
301323	289	250132	947	961
213633	235	189515	947	961
236030	235	188430	947	961
250132	289	301323	947	961
220314	235	188518	947	961
281786	222	254510	947	961
230336	235	188255	947	961
257968	235	189081	947	961
197907	235	188987	947	961
313123	235	192962	947	962
199146	235	189252	947	962
245499	289	294467	947	962
294467	289	245499	947	962
230176	235	189515	947	962
196608	235	188713	947	962
364210	235	189629	947	962
225038	273	205048	947	962
216728	235	189165	947	962
214326	235	188347	947	962
220171	235	188527	947	962
205733	235	188804	947	962
212021	235	188513	947	962
289723	235	189931	947	962
344576	235	286789	947	962
223957	235	188090	947	962
281016	42	194468	947	963
286497	42	254780	947	963
193402	289	284004	947	963
209950	235	189922	947	963
371172	235	224060	947	963
196144	235	188713	947	963
284004	289	193402	947	963
211829	235	189488	947	963
247977	235	189165	947	964
299427	289	221860	947	964
203692	235	189165	947	964
214502	235	188310	947	965
187997	267	219287	947	965
330464	235	193720	947	965
217705	235	188713	947	965
221860	289	299427	947	965
203406	235	189362	947	965
218887	235	188822	947	966
269211	235	188007	947	966
272760	235	188007	947	966
234886	235	188527	947	967
235926	235	189252	947	967
202163	235	188796	947	969
202543	289	231145	947	971
231145	289	202543	947	971
247693	267	322108	947	972
289296	97	189701	948	0
234906	289	343240	948	0
194137	106	189933	948	0
366412	262	192539	948	0
208856	106	194841	948	0
189914	106	204781	948	0
189859	106	188112	948	0
192286	264	188413	948	0
265274	97	189701	948	0
198638	262	331470	948	0
298962	106	198199	948	0
190808	106	190992	948	0
188084	262	331470	948	0
190349	264	189836	948	0
203520	262	331470	948	0
273331	262	331470	948	0
318183	262	331470	948	0
204133	106	195949	948	0
237243	262	331470	948	0
243748	262	366868	948	0
371878	289	369188	948	0
189489	262	373157	948	0
220823	106	249342	948	0
279473	289	267098	948	0
229519	106	190798	948	0
196920	264	188548	948	0
196599	262	331470	948	0
194137	106	195949	948	0
274628	97	189701	948	0
190808	106	201023	948	0
191505	106	297241	948	0
287369	106	191141	948	0
190142	106	189875	948	0
197219	106	191878	948	0
273100	106	189771	948	0
318463	262	331470	948	0
197219	97	188632	948	0
197519	97	189701	948	0
211719	235	190165	948	0
323775	262	331470	948	0
192812	262	331470	948	0
187991	106	189184	948	0
305093	262	331470	948	0
369188	289	371878	948	0
332020	262	331470	948	0
188632	262	286440	948	0
190349	264	190622	948	0
190349	262	373157	948	0
240881	289	271359	948	0
264605	262	192539	948	0
189556	106	188349	948	0
240221	97	189701	948	0
190349	264	188361	948	0
209712	290	188008	948	0
284203	289	192444	948	0
189426	106	302901	948	0
190814	106	188002	948	0
230067	290	188632	948	0
261884	273	190999	948	0
349414	97	189701	948	0
190798	106	229519	948	0
195323	97	189701	948	0
322203	97	188632	948	0
360804	262	331470	948	0
283897	262	192539	948	0
351849	290	187987	948	0
343240	289	234906	948	0
249342	106	220823	948	0
195949	106	204133	948	0
189537	97	189701	948	0
352154	262	331470	948	0
249132	289	247583	948	0
189933	106	194137	948	0
200203	262	254854	948	0
202004	106	206930	948	0
189701	264	188413	948	0
347063	262	331470	948	0
253870	273	221792	948	0
332779	262	331470	948	0
238314	97	189701	948	0
247965	97	189701	948	0
280720	106	273100	948	0
204893	106	189414	948	0
225506	262	192539	948	0
191293	262	331470	948	0
194739	106	189979	948	0
291396	97	188632	948	0
188112	106	189859	948	0
296586	262	331470	948	0
222530	106	191838	948	0
201229	97	189701	948	0
273264	235	188270	948	0
220399	106	220823	948	0
227773	97	189701	948	0
246641	262	294859	948	0
296572	289	296573	948	0
189701	262	254854	948	0
188632	262	373157	948	0
298851	106	191248	948	0
189829	262	373157	948	0
302479	106	230440	948	0
297020	106	189414	948	0
202595	97	189701	948	0
191158	264	190349	948	0
188413	264	194078	948	0
191247	262	331470	948	0
279165	97	189701	948	0
208856	106	255149	948	0
190349	264	194296	948	0
298897	289	244486	948	0
361505	262	331470	948	0
190349	264	212997	948	0
266757	262	192539	948	0
188413	264	192286	948	0
191069	262	331470	948	0
190058	264	188413	948	0
229397	97	189701	948	0
191141	106	287369	948	0
208408	262	331470	948	0
189844	262	331470	948	0
292764	97	188632	948	0
227753	235	188409	948	0
334613	262	331470	948	0
309909	97	189701	948	0
201906	235	194755	948	0
191248	106	298851	948	0
269539	97	189701	948	0
189196	106	200332	948	0
207488	106	188639	948	0
202966	106	345489	948	0
278121	97	189701	948	0
270734	262	192539	948	0
298987	273	189406	948	0
188413	264	189701	948	0
289112	42	293521	948	0
349306	262	294859	948	0
351716	262	331470	948	0
343242	42	206534	948	0
193474	290	187994	948	0
312130	262	331470	948	0
189049	106	190826	948	0
197877	262	331470	948	0
262890	106	192519	948	0
192771	106	188283	948	0
198199	106	204119	948	0
196118	235	188155	948	0
371297	262	331470	948	0
188184	97	188632	948	0
311007	262	331470	948	0
217748	97	189701	948	0
298563	290	187987	948	0
203402	235	188544	948	0
194296	264	190349	948	0
354743	235	335547	948	0
189526	106	190093	948	0
256048	262	331470	948	0
272162	97	189701	948	0
281154	235	189411	948	0
189865	262	331470	948	0
190349	264	194078	948	0
250235	235	188967	948	0
192296	106	189356	948	0
189836	264	190349	948	0
274716	262	331470	948	0
188850	262	331470	948	0
190349	264	190678	948	0
265562	289	234897	948	0
326630	262	331470	948	0
189414	106	297020	948	0
188184	76	188632	948	0
361363	262	311985	948	0
195022	262	331470	948	0
189206	262	373157	948	0
188548	264	196920	948	0
336287	262	331470	948	0
198382	235	189506	948	0
188372	262	331470	948	0
228066	262	331470	948	0
220997	235	189022	948	0
189701	262	373157	948	0
188413	264	191158	948	0
209081	238	188288	948	0
190036	106	190996	948	0
189337	262	331470	948	0
279973	97	189701	948	0
290188	97	189701	948	0
189983	262	331470	948	0
254874	106	197466	948	0
359983	273	190723	948	0
188549	262	267379	948	0
193307	264	190349	948	0
240369	42	188325	948	0
203546	235	190818	948	0
275329	97	189701	948	0
203345	289	255400	948	0
230394	289	281046	948	0
291172	106	190877	948	0
232350	235	189895	948	0
190643	262	331470	948	0
283612	97	188632	948	0
294259	262	331470	948	0
302901	106	189426	948	0
220629	262	331470	948	0
315053	262	331470	948	0
301014	262	331470	948	0
220823	106	220399	948	0
190826	106	189049	948	0
326481	262	331470	948	0
201852	106	190036	948	0
193353	262	373157	948	0
190320	106	194746	948	0
193353	262	286440	948	0
200332	106	189196	948	0
259596	97	188632	948	0
262848	97	189701	948	0
191878	262	331470	948	0
344092	235	189119	948	0
278698	97	189701	948	0
194685	262	331470	948	0
188002	106	190814	948	0
190239	97	188632	948	0
239551	262	192539	948	0
255400	289	203345	948	0
257899	235	188887	948	0
353669	97	213008	948	0
273982	97	189701	948	0
273038	97	188632	948	0
365580	262	366868	948	0
339982	97	189701	948	0
297479	262	192539	948	0
217071	262	331470	948	0
296573	289	296572	948	0
188632	262	254854	948	0
192033	97	189701	948	0
189356	106	192296	948	0
302596	97	189701	948	0
192444	289	284203	948	0
275817	289	199928	948	0
192931	262	286440	948	0
192228	262	331470	948	0
319742	262	331470	948	0
202822	97	189701	948	0
233347	106	254694	948	0
194790	106	194187	948	0
324666	262	373157	948	0
316843	106	318803	948	0
365665	97	188632	948	0
320312	290	188413	948	0
191838	106	222530	948	0
207149	235	188132	948	0
247583	289	249132	948	0
271359	289	240881	948	0
197096	262	331470	948	0
189979	106	194739	948	0
244793	97	188632	948	0
239356	106	371685	948	0
260679	106	192228	948	0
190678	264	190349	948	0
190036	106	201852	948	0
225106	290	189701	948	0
189771	106	273100	948	0
187997	106	273100	948	0
349785	42	191210	948	0
188479	97	189701	948	0
189414	106	336082	948	0
250952	97	189701	948	0
366050	262	331470	948	0
358735	262	331470	948	0
281520	262	192539	948	0
285397	97	189701	948	0
190349	264	193307	948	0
216987	235	236285	948	0
298026	262	331470	948	0
342661	37	187987	948	0
188639	106	207488	948	0
234897	289	265562	948	0
191289	262	331470	948	0
191158	264	188413	948	0
371685	106	239356	948	0
189414	106	194492	948	0
189184	106	187991	948	0
268948	97	189701	948	0
188125	263	188632	948	0
273100	106	187997	948	0
188349	106	189556	948	0
216952	262	331470	948	0
313384	273	205048	948	0
375293	262	331470	948	0
262469	97	189701	948	0
195355	235	189372	948	0
288142	97	189701	948	0
278636	97	189701	948	0
295658	290	188632	948	0
214749	262	331470	948	0
242238	235	189729	948	0
200203	262	286440	948	0
190349	264	190933	948	0
230440	106	302479	948	0
212997	264	190349	948	0
255149	106	208856	948	0
264630	97	188632	948	0
289851	235	192333	948	0
334034	262	331470	948	0
202284	106	197594	948	0
230557	262	331470	948	0
188283	106	192771	948	0
288474	262	373157	948	0
193272	262	331470	948	0
190622	264	190349	948	0
191215	262	331470	948	0
211996	262	294859	948	0
194841	106	208856	948	0
254363	97	189701	948	0
273508	106	280863	948	0
191660	262	286440	948	0
345373	262	331470	948	0
310396	262	286440	948	0
218123	262	296116	948	0
276275	106	272561	948	0
194078	264	188413	948	0
194492	106	189414	948	0
198199	106	298962	948	0
189701	262	286440	948	0
224781	106	194137	948	0
190571	262	254854	948	0
188184	104	188632	948	0
216316	262	342115	948	0
204781	106	189914	948	0
199927	235	194419	948	0
188230	262	318606	948	0
293014	235	188003	948	0
331872	262	192539	948	0
190349	264	194335	948	0
218207	262	192539	948	0
297241	106	191505	948	0
190341	262	373157	948	0
216261	97	188632	948	0
248865	97	189701	948	0
199928	289	275817	948	0
280863	106	273508	948	0
374270	262	331470	948	0
271848	97	189701	948	0
191878	106	197219	948	0
345489	106	202966	948	0
188361	264	190349	948	0
281046	289	230394	948	0
191518	262	331470	948	0
262890	106	189700	948	0
192320	262	331470	948	0
189414	106	204893	948	0
238828	290	188632	948	0
281132	42	298803	948	0
254694	106	233347	948	0
189859	106	194137	948	0
188528	106	188945	948	0
195949	106	194137	948	0
188349	106	188002	948	0
319094	290	189701	948	0
188125	263	189701	948	0
288373	97	189701	948	0
263262	97	188632	948	0
283581	262	331470	948	0
228683	235	188206	948	0
192837	262	331470	948	0
188945	106	188528	948	0
194187	106	194790	948	0
189875	106	190142	948	0
188002	106	188349	948	0
194137	106	224781	948	0
190093	106	189526	948	0
202082	262	331470	948	0
197466	106	254874	948	0
190933	264	190349	948	0
267098	289	279473	948	0
196920	262	254854	948	0
272561	106	276275	948	0
237491	262	331470	948	0
273100	106	280720	948	0
362403	34	359736	948	0
215503	262	331470	948	0
234949	290	188632	948	0
204119	106	198199	948	0
346309	290	189701	948	0
190528	262	331470	948	0
224262	235	189264	948	0
187994	263	188632	948	0
346565	262	366868	948	0
272032	235	189263	948	0
329515	262	331470	948	0
294898	262	331470	948	0
194078	264	190349	948	0
192990	262	331470	948	0
265311	97	189701	948	0
281485	262	286440	948	0
286910	97	189701	948	0
366010	262	331470	948	0
235711	235	205639	948	0
340012	262	331470	948	0
336082	106	189414	948	0
190349	264	191158	948	0
196920	262	286440	948	0
318803	106	316843	948	0
194335	264	190349	948	0
276426	262	331470	948	0
275874	42	269395	948	0
344595	262	331470	948	0
201879	235	194925	948	0
192228	106	260679	948	0
190996	106	190036	948	0
270255	49	196343	948	945
211540	235	188486	948	948
200100	235	188417	948	948
219283	235	188126	948	948
196134	235	188164	948	948
289833	235	188391	948	948
327196	139	294641	948	948
210978	235	189445	948	948
216121	235	188054	948	948
193011	235	188078	948	948
282252	235	189250	948	948
194923	235	189109	948	948
332312	282	323293	948	948
192385	52	370362	948	948
214344	235	195174	948	948
239285	235	188055	948	948
332518	139	192076	948	948
281555	52	371651	948	948
321442	282	190575	948	948
307706	139	192146	948	948
334667	282	370938	948	948
217453	235	205768	948	948
284988	282	189365	948	948
207526	235	355821	948	948
193009	235	188010	948	948
193833	235	188503	948	948
199718	235	188302	948	948
329108	235	191995	948	948
193697	282	373234	948	948
196887	235	188773	948	948
257271	282	309354	948	948
212660	235	189697	948	948
217529	235	189803	948	948
205890	235	189314	948	948
236362	235	189326	948	948
200670	235	188793	948	948
217340	282	320542	948	948
192883	235	188970	948	948
191519	282	370362	948	948
274162	52	282774	948	948
193240	235	188059	948	948
346812	52	343681	948	948
211742	235	188447	948	948
224491	282	208823	948	948
200931	235	188048	948	948
257482	52	244757	948	948
207523	235	188147	948	948
252699	52	286689	948	948
284614	139	247652	948	948
257379	52	332391	948	948
223013	235	189362	948	948
198901	235	192855	948	948
194652	235	188018	948	948
197382	235	189982	948	948
205517	282	190355	948	948
232191	235	188611	948	948
280248	235	223532	948	948
206157	235	189055	948	948
202942	52	329616	948	948
366739	282	191470	948	948
313673	282	193725	948	948
354211	139	192668	948	948
210450	235	194479	948	948
205982	235	199729	948	948
201336	235	189249	948	948
231449	282	191042	948	948
223449	235	190157	948	948
267314	235	188627	948	948
192385	52	338690	948	948
201990	235	188163	948	948
205081	235	188145	948	948
215428	235	210574	948	948
253921	235	188270	948	948
288372	139	269835	948	948
202421	235	188010	948	948
216131	282	224797	948	948
269124	235	188963	948	948
196517	235	188203	948	948
206333	282	338690	948	948
222257	235	189203	948	948
200018	235	194679	948	948
375540	49	197462	948	948
201320	235	188281	948	948
237240	235	188662	948	948
192023	235	188087	948	948
221213	235	188134	948	948
196389	235	188059	948	948
279584	282	370415	948	948
270846	52	363648	948	948
309447	49	194592	948	948
202723	235	190928	948	948
344077	282	191831	948	948
210962	235	190950	948	948
250562	139	349189	948	948
208007	235	237258	948	948
353760	282	189365	948	948
267758	282	352374	948	948
219871	235	191946	948	948
268875	282	192598	948	948
332543	282	190128	948	948
298205	235	189702	948	948
366647	139	277151	948	948
241454	235	188370	948	948
194072	282	197528	948	948
199422	235	188226	948	948
207864	235	188275	948	948
287187	235	188914	948	948
202366	235	189894	948	948
329358	282	308161	948	948
252386	235	189133	948	948
254308	235	188319	948	948
193478	235	188391	948	948
198050	235	188246	948	948
230744	235	188203	948	948
246739	49	222790	948	948
227827	52	367484	948	948
343823	282	209610	948	948
199870	235	188182	948	948
206433	235	188085	948	948
237338	282	373861	948	948
254819	282	211992	948	948
193761	235	188418	948	948
195584	235	188113	948	948
236539	235	190850	948	948
300366	139	200734	948	948
230699	235	188243	948	948
279223	235	188206	948	948
302524	282	192227	948	948
202135	235	204130	948	948
200067	282	192154	948	948
298010	235	192661	948	948
198342	235	190037	948	948
228179	235	191807	948	948
252267	235	217551	948	948
196901	235	188523	948	948
193009	235	188018	948	948
220857	235	188248	948	948
206880	235	188599	948	948
271847	235	188393	948	948
301012	235	189156	948	948
370096	49	323401	948	948
200622	52	308274	948	948
195500	235	188226	948	948
193562	235	188078	948	948
238536	282	189856	948	948
244711	235	288363	948	948
209222	235	188776	948	948
374982	139	202641	948	948
254553	235	191400	948	948
196985	282	192128	948	948
196147	235	189614	948	948
298623	282	363409	948	948
194625	235	188182	948	948
199394	235	188426	948	948
257379	282	332391	948	948
199094	235	190222	948	948
199945	235	188182	948	948
256011	235	189345	948	948
237989	235	188078	948	948
323537	282	208980	948	948
211522	235	210574	948	948
290858	282	264606	948	948
222032	282	256770	948	948
270846	282	363648	948	948
200008	235	188025	948	948
191262	282	373722	948	948
261308	139	306306	948	948
193240	235	188028	948	948
199384	235	189541	948	948
308516	139	272604	948	948
201098	235	189639	948	948
257208	235	188771	948	948
373981	235	194164	948	948
194413	235	191009	948	948
203940	235	191056	948	948
195269	235	188079	948	948
323210	282	191470	948	948
267314	235	188348	948	948
332512	282	191042	948	948
207818	235	242448	948	948
192425	235	188089	948	948
193636	235	188036	948	948
312946	282	327741	948	948
251185	235	190165	948	948
195198	235	190680	948	948
211992	139	335172	948	948
200005	235	220155	948	948
246183	235	191270	948	948
260245	235	188771	948	948
194689	52	193633	948	948
193954	235	188162	948	948
196300	235	192172	948	948
318249	282	206298	948	948
261610	52	327700	948	948
203885	235	188097	948	948
256316	282	364785	948	948
270453	235	199620	948	948
196985	52	370415	948	948
196100	235	190251	948	948
277186	139	203924	948	948
215837	235	191981	948	948
231456	282	189804	948	948
258094	52	373234	948	948
253912	52	322965	948	948
299290	235	190850	948	948
226525	235	213250	948	948
226719	282	343681	948	948
203027	235	188140	948	948
206027	235	188544	948	948
279012	235	279331	948	948
237557	235	189923	948	948
284347	139	281160	948	948
298733	49	195326	948	948
228797	235	188222	948	948
241890	282	349883	948	948
256266	235	188268	948	948
195238	235	190251	948	948
306460	52	324352	948	948
275647	235	192242	948	948
201937	235	188447	948	948
252672	49	190344	948	948
199191	235	188617	948	948
194804	52	270293	948	948
192672	282	188360	948	948
363553	139	292000	948	948
200140	282	189693	948	948
199500	235	188164	948	948
197531	235	188393	948	948
196304	235	191296	948	948
208530	235	192661	948	948
234428	235	188919	948	948
199155	235	188011	948	948
304680	235	189803	948	948
213381	235	188665	948	948
208011	235	188302	948	948
375147	282	370647	948	948
205128	49	197462	948	948
230975	282	319261	948	948
202961	235	189455	948	948
324352	139	306460	948	948
215697	235	189400	948	948
230975	52	310902	948	948
293401	235	190989	948	948
217339	235	188689	948	948
330881	282	207882	948	948
205069	235	189047	948	948
202103	235	188206	948	948
324826	282	190128	948	948
243291	235	188038	948	948
268816	235	193062	948	948
233380	235	188804	948	948
198938	235	189156	948	948
195285	235	188107	948	948
199789	235	189125	948	948
199084	235	189861	948	948
196831	235	242035	948	948
212660	235	188901	948	948
228006	235	188950	948	948
366613	139	306856	948	948
288714	282	353034	948	948
193562	235	188067	948	948
340157	52	190977	948	948
331714	282	190713	948	948
223449	235	220155	948	948
373127	52	282774	948	948
260055	282	189654	948	948
198026	52	310902	948	948
216766	282	320542	948	948
218753	235	206666	948	948
332391	139	297952	948	948
249612	235	189110	948	948
193990	235	188147	948	948
264823	282	201248	948	948
331243	282	189365	948	948
194996	235	188070	948	948
220246	282	191708	948	948
236625	235	188345	948	948
219039	235	188041	948	948
218368	235	188486	948	948
335630	282	203087	948	948
339926	287	335098	948	948
210851	235	189139	948	948
193833	235	188166	948	948
330089	282	274338	948	948
203809	235	189186	948	948
344880	139	193121	948	948
245595	52	322965	948	948
203662	235	188054	948	948
358385	235	212285	948	948
203785	235	188398	948	948
243103	282	234846	948	948
207155	235	190720	948	948
224994	235	192738	948	948
194654	235	188011	948	948
213768	235	189690	948	948
215186	235	190554	948	948
199121	235	188411	948	948
246356	235	188113	948	948
234685	235	188348	948	948
249578	37	189409	948	948
217974	235	188914	948	948
262132	235	299314	948	948
215620	282	192073	948	948
191519	52	307706	948	948
318740	235	189326	948	948
329616	139	192175	948	948
259070	235	189121	948	948
238006	235	220967	948	948
339035	282	325571	948	948
250461	282	199826	948	948
211091	52	272187	948	948
355676	139	224674	948	948
265700	282	195572	948	948
356338	235	195446	948	948
316175	235	220989	948	948
195529	235	191456	948	948
302056	52	191572	948	948
211945	235	191109	948	948
209803	235	189389	948	948
304617	282	191157	948	948
277151	282	190418	948	948
219770	235	188094	948	948
244872	235	188911	948	948
200597	235	188405	948	948
253671	197	335274	948	948
219290	235	188658	948	948
200874	235	191270	948	948
201656	235	188145	948	948
223656	282	248181	948	948
219723	285	342889	948	948
274454	235	188154	948	948
196768	235	188556	948	948
289167	235	188923	948	948
230975	52	351948	948	948
201184	235	188914	948	948
216123	235	190659	948	948
201618	235	189767	948	948
213335	235	188093	948	948
216599	235	189240	948	948
205882	235	190143	948	948
224539	235	188460	948	948
204240	235	190735	948	948
269404	235	207397	948	948
203055	235	192093	948	948
193423	235	188739	948	948
247929	235	192172	948	948
295153	282	190770	948	948
238125	282	191044	948	948
197565	235	189462	948	948
195731	235	188119	948	948
228091	52	317111	948	948
230437	282	322965	948	948
237989	235	188003	948	948
277151	282	366647	948	948
201460	235	197036	948	948
193759	139	284127	948	948
238302	282	188889	948	948
192385	52	190247	948	948
241486	282	193363	948	948
270216	235	188116	948	948
276144	282	191572	948	948
281084	49	188861	948	948
248725	235	189293	948	948
197346	235	188040	948	948
355380	139	190887	948	948
280855	235	188352	948	948
230054	282	196670	948	948
231123	52	303505	948	948
199940	235	192468	948	948
192476	235	188107	948	948
196707	235	188015	948	948
243377	49	193058	948	948
367695	282	221755	948	948
329159	282	188431	948	948
222526	235	188804	948	948
256453	52	286689	948	948
213622	235	188248	948	948
356383	139	279073	948	948
203265	235	188649	948	948
235814	235	188400	948	948
194127	52	307706	948	948
254582	282	197707	948	948
258272	282	220621	948	948
320622	282	221755	948	948
240797	235	188153	948	948
265461	235	188225	948	948
231774	235	188607	948	948
240773	235	188165	948	948
202670	235	188447	948	948
267739	235	189812	948	948
197547	235	188644	948	948
205256	235	195506	948	948
216131	282	373515	948	948
188355	282	338580	948	948
240840	282	343549	948	948
229996	235	188097	948	948
210200	235	188612	948	948
250270	235	188709	948	948
196707	235	188139	948	948
261363	235	189083	948	948
202612	52	307706	948	948
222184	235	188795	948	948
221252	235	188154	948	948
212903	235	188689	948	948
276684	235	189663	948	948
338580	139	188355	948	948
277151	282	347416	948	948
288458	282	192224	948	948
257379	52	356463	948	948
201536	282	240665	948	948
268081	235	202184	948	948
272661	282	269685	948	948
246726	282	192589	948	948
210212	235	189098	948	948
226633	235	188722	948	948
238973	235	205768	948	948
241020	235	188019	948	948
197464	52	361667	948	948
200414	235	188516	948	948
192375	235	188244	948	948
188769	139	198508	948	948
199471	282	224797	948	948
220883	235	188109	948	948
196978	235	188658	948	948
283111	282	193725	948	948
207593	235	188087	948	948
223241	282	193363	948	948
203618	235	188281	948	948
225449	52	267546	948	948
235958	235	205768	948	948
240716	235	189413	948	948
228091	52	194109	948	948
207222	235	188552	948	948
307680	282	370647	948	948
262746	282	188295	948	948
240997	235	191056	948	948
215186	235	220155	948	948
216969	235	188756	948	948
233351	235	191382	948	948
259804	282	192411	948	948
202669	235	188139	948	948
202277	235	188093	948	948
232893	235	189943	948	948
367484	139	240156	948	948
194804	52	346601	948	948
203398	235	188171	948	948
227453	282	188295	948	948
360250	235	188153	948	948
230975	52	355676	948	948
197042	235	188007	948	948
199587	235	194054	948	948
198181	235	188016	948	948
268906	52	370415	948	948
191595	139	211093	948	948
202767	282	356277	948	948
203495	235	188647	948	948
214425	235	188805	948	948
291863	282	212181	948	948
306987	282	329997	948	948
365116	282	358621	948	948
275418	235	189945	948	948
197283	235	188276	948	948
204506	235	188655	948	948
247119	282	370647	948	948
233380	235	189945	948	948
317111	139	285154	948	948
235130	282	213925	948	948
201341	52	335478	948	948
199728	235	188168	948	948
202118	235	188175	948	948
192037	235	188787	948	948
204701	282	192892	948	948
191262	282	267546	948	948
203091	235	189522	948	948
217439	235	189241	948	948
304860	282	370647	948	948
318585	235	196685	948	948
192429	235	188018	948	948
218842	235	188016	948	948
192080	47	191670	948	948
285154	282	317111	948	948
214422	235	194054	948	948
206814	235	188560	948	948
201477	235	188912	948	948
234338	235	189336	948	948
291462	235	191008	948	948
210369	235	189153	948	948
321307	282	224957	948	948
210144	235	191056	948	948
232356	235	193645	948	948
266850	235	192821	948	948
363648	139	270846	948	948
198975	235	188334	948	948
244170	49	190291	948	948
202872	235	188340	948	948
193681	235	189797	948	948
352374	139	267758	948	948
306460	282	324352	948	948
360368	282	191157	948	948
193616	282	195967	948	948
331787	282	190342	948	948
199191	235	191415	948	948
361035	49	188293	948	948
193976	235	188068	948	948
199672	235	188320	948	948
242400	282	191050	948	948
222947	235	197036	948	948
257775	235	188055	948	948
193354	235	188962	948	948
342622	282	336324	948	948
226443	235	188211	948	948
200584	282	303476	948	948
334426	282	308970	948	948
285664	282	322922	948	948
320400	282	190128	948	948
200143	235	188320	948	948
200976	235	188326	948	948
250449	101	187989	948	948
256656	52	329616	948	948
275112	235	189697	948	948
218300	235	189570	948	948
209705	235	188143	948	948
194378	235	189163	948	948
196420	235	188569	948	948
191076	139	203918	948	948
318880	52	317111	948	948
341683	235	189588	948	948
223667	282	192128	948	948
197284	235	232263	948	948
194875	235	188633	948	948
198114	235	194067	948	948
201018	235	188298	948	948
233690	235	188296	948	948
213215	139	340174	948	948
210737	235	188417	948	948
231456	282	243979	948	948
327982	49	318844	948	948
331872	282	242576	948	948
270982	235	188447	948	948
195231	49	197462	948	948
225375	235	190958	948	948
218364	235	192093	948	948
194263	235	188067	948	948
278171	49	197462	948	948
244347	235	189445	948	948
194022	235	188610	948	948
253508	235	188691	948	948
314916	282	370647	948	948
207954	235	191056	948	948
199860	235	188182	948	948
217928	235	189370	948	948
326464	49	310969	948	948
313610	282	336786	948	948
282243	235	189986	948	948
193505	235	192093	948	948
238330	282	196764	948	948
239227	235	189792	948	948
192146	282	307706	948	948
227842	282	192069	948	948
297919	282	367687	948	948
202176	235	191679	948	948
320184	282	333518	948	948
198906	235	188951	948	948
228821	235	188736	948	948
353732	282	336786	948	948
310455	235	191668	948	948
200004	235	189111	948	948
199728	235	188057	948	948
253671	282	188525	948	948
196005	235	188741	948	948
215603	235	189039	948	948
230975	282	366151	948	948
341683	235	188568	948	948
217626	282	291840	948	948
211933	235	189552	948	948
257379	52	352374	948	948
193663	235	188285	948	948
208540	235	188042	948	948
193423	235	190753	948	948
192385	282	192128	948	948
360059	282	195330	948	948
205286	235	188493	948	948
203447	235	188126	948	948
239948	52	366035	948	948
231123	52	256770	948	948
218207	282	326662	948	948
206754	235	190382	948	948
250767	235	194375	948	948
196236	235	191711	948	948
209533	235	189202	948	948
203918	282	191076	948	948
194426	235	188391	948	948
200734	282	300366	948	948
294751	235	299314	948	948
211185	235	188225	948	948
343823	52	209610	948	948
368032	282	189365	948	948
254931	282	366035	948	948
271805	235	328234	948	948
205673	235	188104	948	948
208956	235	188052	948	948
223005	235	188508	948	948
230581	235	188280	948	948
215019	235	191056	948	948
228960	282	349775	948	948
217319	235	188066	948	948
244711	235	192187	948	948
205647	235	190558	948	948
269591	282	224682	948	948
194531	235	188182	948	948
276015	282	188295	948	948
367736	101	188004	948	948
195198	235	193005	948	948
327927	282	208823	948	948
192118	235	188017	948	948
216801	235	189108	948	948
192422	235	188137	948	948
190927	282	303505	948	948
203555	235	188055	948	948
214463	235	189091	948	948
272184	282	336786	948	948
199607	235	188398	948	948
196901	235	191807	948	948
201623	235	188616	948	948
192001	235	188129	948	948
270520	282	191784	948	948
208182	235	197036	948	948
314916	282	190599	948	948
224682	139	269591	948	948
342563	282	370647	948	948
210045	282	192253	948	948
226022	235	191056	948	948
230975	282	361572	948	948
193080	235	210755	948	948
234615	235	188185	948	948
273809	282	264961	948	948
196109	235	188065	948	948
231123	282	373722	948	948
314668	235	189499	948	948
216066	235	189165	948	948
188937	267	309856	948	948
288144	235	190275	948	948
193626	235	188551	948	948
347886	235	190659	948	948
345850	139	366349	948	948
190870	235	188030	948	948
204616	139	347239	948	948
207864	235	188214	948	948
192437	52	310902	948	948
298651	282	190355	948	948
203219	235	188700	948	948
229996	235	188094	948	948
226664	49	220099	948	948
221106	235	188400	948	948
223778	235	191138	948	948
318546	282	326862	948	948
242400	282	189478	948	948
357193	282	370647	948	948
214457	235	188472	948	948
285308	235	188539	948	948
196177	235	188448	948	948
193154	235	188029	948	948
335478	139	303989	948	948
196521	235	197801	948	948
241555	235	188171	948	948
197508	282	372834	948	948
203064	235	191138	948	948
204527	235	191797	948	948
221353	235	188552	948	948
216998	235	189061	948	948
205961	235	197321	948	948
294662	52	329616	948	948
197707	139	254582	948	948
279989	235	188185	948	948
196241	235	188923	948	948
251855	235	188561	948	948
270805	235	189154	948	948
319711	282	192128	948	948
212609	235	189047	948	948
372834	139	197508	948	948
193251	52	361667	948	948
202054	235	190114	948	948
205892	139	235692	948	948
210785	235	193062	948	948
194336	235	188092	948	948
308889	235	192855	948	948
335172	282	211992	948	948
267335	235	188344	948	948
254492	52	366035	948	948
210482	282	188295	948	948
240156	282	367484	948	948
194203	282	192128	948	948
197956	52	190247	948	948
204746	235	188310	948	948
226719	52	335478	948	948
203930	235	188244	948	948
258617	235	234187	948	948
228260	235	188773	948	948
367709	282	188295	948	948
194898	235	188391	948	948
198145	235	188015	948	948
194184	235	188048	948	948
289584	235	189326	948	948
218846	235	188055	948	948
296196	139	259631	948	948
211129	235	188059	948	948
236723	235	189326	948	948
265303	49	215813	948	948
191262	282	256770	948	948
232985	282	351948	948	948
194648	235	188771	948	948
284339	235	188067	948	948
262036	282	189365	948	948
229608	235	188646	948	948
224127	235	189522	948	948
283619	235	220155	948	948
261809	282	283262	948	948
194190	235	191581	948	948
289062	282	192030	948	948
349189	282	250562	948	948
257379	52	329616	948	948
196047	235	188005	948	948
349615	282	351373	948	948
344248	282	370647	948	948
279419	235	190402	948	948
375593	139	216131	948	948
195338	235	188126	948	948
194700	139	191201	948	948
195028	235	188025	948	948
248480	235	214762	948	948
227111	52	331038	948	948
356206	139	285499	948	948
238288	282	190779	948	948
206037	235	188645	948	948
192598	139	268875	948	948
231774	235	189293	948	948
195999	235	188495	948	948
321983	139	231893	948	948
205411	235	188085	948	948
228099	235	188182	948	948
355478	139	256669	948	948
366349	282	345850	948	948
304294	235	188479	948	948
195974	235	188026	948	948
198050	235	189009	948	948
210200	235	188560	948	948
189856	139	195580	948	948
198026	52	313793	948	948
195299	235	188155	948	948
194104	235	188527	948	948
199269	235	192180	948	948
197470	235	188085	948	948
196241	235	190115	948	948
191949	106	214905	948	948
192175	282	329616	948	948
203817	235	188326	948	948
196898	282	192128	948	948
231123	282	267546	948	948
213185	235	189507	948	948
203226	235	188449	948	948
260623	235	197036	948	948
258152	282	189204	948	948
257379	282	329616	948	948
356206	139	307271	948	948
216131	282	375593	948	948
261001	282	201301	948	948
281875	282	199203	948	948
330763	52	284347	948	948
216910	235	189544	948	948
293762	235	188732	948	948
206863	235	188133	948	948
280224	235	188332	948	948
372842	139	342271	948	948
193335	235	188037	948	948
347363	52	327700	948	948
262499	163	274288	948	948
262627	282	289350	948	948
243816	282	320810	948	948
204814	235	188003	948	948
192272	235	188281	948	948
213450	235	220155	948	948
276144	52	191572	948	948
296196	139	209229	948	948
329523	282	191850	948	948
253921	235	188620	948	948
197403	235	203304	948	948
231123	282	303505	948	948
221811	235	191797	948	948
198004	235	188092	948	948
311528	49	354814	948	948
196320	235	188358	948	948
201994	235	188017	948	948
190870	235	188326	948	948
248880	235	189438	948	948
199898	235	188104	948	948
218937	235	189047	948	948
205647	235	188476	948	948
262416	282	355026	948	948
334454	52	282774	948	948
274877	282	364665	948	948
292000	282	363553	948	948
246783	235	194085	948	948
227674	235	189663	948	948
274349	235	189326	948	948
254931	282	295555	948	948
223543	235	190203	948	948
193633	139	198244	948	948
311065	235	191008	948	948
198026	282	270293	948	948
294015	282	189365	948	948
195285	235	188078	948	948
291834	235	190896	948	948
226379	235	188011	948	948
198160	235	188851	948	948
218864	235	190865	948	948
206255	235	188096	948	948
362154	49	252047	948	948
248942	282	191157	948	948
206649	235	188337	948	948
206164	235	188211	948	948
306885	282	308161	948	948
250826	282	190788	948	948
257379	52	331038	948	948
253291	282	232151	948	948
256879	235	188391	948	948
193686	235	188068	948	948
356206	139	249273	948	948
207692	52	356277	948	948
279072	235	191807	948	948
232985	52	351948	948	948
215611	235	188092	948	948
196764	139	192087	948	948
275270	235	189407	948	948
195338	235	188833	948	948
356573	139	238813	948	948
273342	235	191008	948	948
221292	235	189308	948	948
283622	235	192859	948	948
253986	52	329616	948	948
221505	235	188126	948	948
193478	235	188388	948	948
221147	235	188041	948	948
227514	235	188231	948	948
277575	235	188615	948	948
290837	282	370647	948	948
204751	235	202184	948	948
231123	52	286689	948	948
209760	235	188967	948	948
254615	235	188844	948	948
214249	235	190019	948	948
204705	235	188190	948	948
335257	282	248181	948	948
196772	235	188486	948	948
212452	235	190628	948	948
248181	139	334113	948	948
253953	282	188889	948	948
296196	139	230165	948	948
224946	235	188876	948	948
237629	282	188360	948	948
206298	139	318249	948	948
190683	282	196764	948	948
233486	235	188153	948	948
249903	52	317111	948	948
197256	139	333987	948	948
197926	52	270293	948	948
207269	235	188665	948	948
335396	282	237254	948	948
275102	235	202549	948	948
251415	161	188004	948	948
220983	235	188355	948	948
268912	235	188344	948	948
224674	282	224797	948	948
201623	235	188029	948	948
230171	235	188963	948	948
247245	282	192301	948	948
311881	235	191138	948	948
326939	282	370647	948	948
196299	235	188015	948	948
232985	52	310902	948	948
194110	235	191832	948	948
198160	235	188851	948	948
202625	235	189047	948	948
189313	245	205417	948	948
329988	282	280403	948	948
275647	235	188747	948	948
232323	235	191056	948	948
208625	235	188417	948	948
195198	235	194114	948	948
268257	235	220989	948	948
204184	235	190251	948	948
194947	235	188649	948	948
278108	282	191885	948	948
299229	289	287467	948	948
308101	282	188295	948	948
235692	282	205892	948	948
211710	235	188166	948	948
218161	235	189400	948	948
192794	235	188163	948	948
202409	235	188254	948	948
190887	282	355380	948	948
304076	282	370647	948	948
343990	52	251837	948	948
192667	235	188003	948	948
281589	282	188930	948	948
267054	282	232151	948	948
359232	235	189150	948	948
192301	139	247245	948	948
207099	235	193212	948	948
237369	235	188149	948	948
272187	139	190792	948	948
322922	139	285664	948	948
237139	235	210574	948	948
331875	282	188431	948	948
280467	282	370647	948	948
206607	282	310070	948	948
308058	139	372485	948	948
200768	235	188630	948	948
256670	235	188045	948	948
282167	52	366035	948	948
212202	235	190251	948	948
199080	235	188391	948	948
232270	235	189780	948	948
194072	52	367484	948	948
223074	235	188479	948	948
216388	235	188028	948	948
193827	235	188795	948	948
362460	139	192490	948	948
254931	282	240909	948	948
298664	235	188400	948	948
197464	282	192128	948	948
194708	235	189882	948	948
266339	52	313793	948	948
198732	235	188486	948	948
227056	235	188263	948	948
197527	235	189087	948	948
330797	282	301764	948	948
209386	235	188097	948	948
269211	235	188391	948	948
243883	235	199729	948	948
306657	235	189326	948	948
215013	235	205130	948	948
232234	235	188663	948	948
331958	139	287056	948	948
313119	235	222685	948	948
355425	139	292411	948	948
302445	282	223379	948	948
287634	282	308161	948	948
230975	52	267546	948	948
196782	235	189018	948	948
197284	235	206226	948	948
205907	235	188097	948	948
256299	235	350624	948	948
194879	235	190441	948	948
204311	235	188093	948	948
222641	235	188447	948	948
320474	235	188241	948	948
267305	235	188052	948	948
200513	235	188345	948	948
310315	235	188344	948	948
203139	235	220155	948	948
195692	235	188011	948	948
198304	282	285112	948	948
217691	235	191065	948	948
195580	282	189856	948	948
193942	235	188795	948	948
194634	235	188033	948	948
203944	235	188516	948	948
331661	235	190778	948	948
230975	52	319261	948	948
249944	282	211512	948	948
211860	235	188051	948	948
286584	282	211967	948	948
319261	139	224674	948	948
195850	235	189047	948	948
228485	235	188688	948	948
217237	235	189621	948	948
270726	282	211512	948	948
375047	235	188492	948	948
247481	235	190019	948	948
220196	282	373861	948	948
194701	235	188193	948	948
197143	235	192242	948	948
191267	139	364219	948	948
201547	235	188627	948	948
212948	282	333239	948	948
248113	235	188254	948	948
202069	235	189047	948	948
262168	235	191138	948	948
194001	235	188261	948	948
200161	235	188476	948	948
193183	235	189577	948	948
254308	235	188226	948	948
217916	235	188021	948	948
196105	235	189986	948	948
274288	164	262499	948	948
204776	235	189598	948	948
196580	235	189387	948	948
222067	235	188486	948	948
295555	139	254931	948	948
192894	52	190247	948	948
207468	235	192487	948	948
275112	235	188901	948	948
234196	235	188067	948	948
304355	282	308970	948	948
199182	235	189078	948	948
209193	235	188793	948	948
193786	235	190535	948	948
207719	235	188294	948	948
189856	139	238536	948	948
331654	282	261902	948	948
345866	282	375400	948	948
190792	282	272187	948	948
306306	282	261308	948	948
280856	235	188384	948	948
290033	139	361487	948	948
215464	235	188437	948	948
192503	235	188094	948	948
249722	282	191646	948	948
343113	235	189610	948	948
197230	235	189392	948	948
303505	139	190927	948	948
203495	235	188607	948	948
199668	235	189018	948	948
282449	139	275190	948	948
311559	282	234000	948	948
201664	139	337049	948	948
209712	282	207514	948	948
202441	235	188066	948	948
211949	235	188302	948	948
213263	52	267546	948	948
356383	139	248125	948	948
192437	52	329616	948	948
243501	235	188268	948	948
191881	139	198346	948	948
232378	235	191138	948	948
212698	235	191138	948	948
200528	235	188134	948	948
255617	282	358007	948	948
193136	235	188624	948	948
352787	235	189577	948	948
203848	235	188066	948	948
333895	49	188325	948	948
209188	235	188040	948	948
192505	52	272187	948	948
234615	235	188142	948	948
271858	235	199339	948	948
207198	235	190763	948	948
207991	235	191758	948	948
192080	282	351948	948	948
265025	235	188352	948	948
205648	235	189047	948	948
198192	235	190143	948	948
208217	235	188119	948	948
340785	282	195077	948	948
206196	235	188865	948	948
196131	282	235195	948	948
197385	235	188041	948	948
278558	49	190344	948	948
220805	235	188086	948	948
206649	235	191138	948	948
198064	235	188078	948	948
194355	235	188732	948	948
224994	235	189522	948	948
195567	235	189138	948	948
288262	282	211512	948	948
208586	49	191297	948	948
320312	290	188191	948	948
272323	235	189269	948	948
209258	235	188127	948	948
287829	49	190107	948	948
191845	139	272604	948	948
289471	235	189139	948	948
256734	235	188248	948	948
224059	235	188891	948	948
322420	139	191276	948	948
272252	235	189070	948	948
217981	282	189113	948	948
233276	235	188225	948	948
201546	235	188391	948	948
292411	282	191157	948	948
214249	235	188808	948	948
195529	235	188044	948	948
210964	235	188132	948	948
204956	235	190715	948	948
209912	235	188045	948	948
261834	282	189113	948	948
349873	282	191364	948	948
236860	235	188275	948	948
331038	139	209962	948	948
269238	282	190770	948	948
331160	282	192128	948	948
193581	235	188067	948	948
289959	282	189204	948	948
219512	235	189061	948	948
202719	235	188476	948	948
211528	235	190967	948	948
249686	282	189330	948	948
196601	235	188560	948	948
224502	235	188562	948	948
195186	52	261308	948	948
202719	235	188612	948	948
203091	235	189128	948	948
279486	282	348751	948	948
333495	282	195170	948	948
197531	235	188578	948	948
251309	235	242718	948	948
248620	235	194138	948	948
344593	282	197080	948	948
356300	52	327700	948	948
200419	235	188649	948	948
209610	139	343823	948	948
314826	235	189173	948	948
355791	48	210208	948	948
211081	235	188880	948	948
266536	235	188838	948	948
194606	235	188540	948	948
209386	235	188448	948	948
196578	235	188105	948	948
220966	235	190092	948	948
209482	235	189143	948	948
203553	235	190192	948	948
330763	52	366035	948	948
211103	235	188250	948	948
193011	235	188020	948	948
192037	235	189884	948	948
329067	48	270201	948	948
246726	282	194381	948	948
354474	282	370647	948	948
333423	49	188196	948	948
197269	235	188173	948	948
347239	282	204616	948	948
208655	235	188415	948	948
230975	52	332808	948	948
217498	235	191238	948	948
239708	235	211068	948	948
364219	282	191267	948	948
222942	235	188352	948	948
193292	139	318249	948	948
255413	235	188943	948	948
320543	282	190374	948	948
191050	139	242400	948	948
217691	235	190251	948	948
203230	235	189970	948	948
240046	282	284989	948	948
333702	282	209040	948	948
264915	282	190128	948	948
264329	235	189307	948	948
359576	282	354998	948	948
192580	235	189152	948	948
264887	235	220989	948	948
203755	235	191394	948	948
279419	235	189546	948	948
228797	235	189705	948	948
220982	235	188307	948	948
203243	235	188162	948	948
221520	235	188923	948	948
331231	282	346702	948	948
252247	235	188003	948	948
246916	235	190809	948	948
216911	235	198112	948	948
212830	235	189165	948	948
191519	282	190247	948	948
330039	282	191042	948	948
230975	52	358083	948	948
207222	235	189647	948	948
194409	235	188036	948	948
257482	282	190247	948	948
226719	52	343681	948	948
197923	235	189314	948	948
223874	235	189577	948	948
196083	235	188182	948	948
188413	263	189592	948	948
279736	235	188024	948	948
244061	282	195121	948	948
192080	52	313793	948	948
219382	235	188166	948	948
349306	282	223379	948	948
197788	235	188437	948	948
191526	282	190779	948	948
199425	235	188486	948	948
199582	235	189528	948	948
229709	235	196685	948	948
215678	235	188018	948	948
223296	52	349078	948	948
279715	235	237258	948	948
352885	139	302003	948	948
248143	235	194114	948	948
208383	235	188066	948	948
227842	282	193882	948	948
244464	235	189070	948	948
255545	235	189326	948	948
262132	235	190818	948	948
195362	282	351948	948	948
206976	235	188021	948	948
257457	235	191138	948	948
249150	282	191708	948	948
204978	235	188152	948	948
350555	139	227535	948	948
192425	235	188027	948	948
198754	106	198755	948	948
342252	282	191364	948	948
192426	235	188391	948	948
208785	235	188880	948	948
271709	235	196009	948	948
205233	235	190674	948	948
196389	235	188037	948	948
287240	235	190967	948	948
225027	235	190533	948	948
205527	235	190382	948	948
193636	235	188029	948	948
292411	282	355425	948	948
199612	235	189462	948	948
224336	235	196407	948	948
200970	235	189377	948	948
297885	139	190726	948	948
208357	235	189139	948	948
196491	235	188411	948	948
269222	282	338895	948	948
193292	139	261606	948	948
229591	235	189149	948	948
212194	235	189367	948	948
239227	235	189210	948	948
288241	282	195258	948	948
201819	235	188105	948	948
193562	235	188105	948	948
207740	235	195446	948	948
216624	235	191807	948	948
285154	52	317111	948	948
194203	52	356277	948	948
196186	235	190385	948	948
286856	235	197036	948	948
193528	282	204634	948	948
240625	52	366613	948	948
206183	235	188803	948	948
255894	235	188409	948	948
302003	282	352885	948	948
240156	52	367484	948	948
266850	235	195149	948	948
234971	235	188126	948	948
225762	235	188347	948	948
246358	235	192424	948	948
216960	235	200965	948	948
230975	52	297885	948	948
195285	235	188334	948	948
194912	235	188437	948	948
288798	282	194297	948	948
335255	282	329997	948	948
349775	139	228960	948	948
220883	235	188134	948	948
331247	139	227913	948	948
201933	235	220155	948	948
191688	282	365319	948	948
230975	282	310902	948	948
230975	282	355676	948	948
277790	235	188248	948	948
209483	235	188914	948	948
313793	139	198359	948	948
254324	289	207473	948	948
293840	235	191008	948	948
330810	235	188492	948	948
204380	235	188736	948	948
193751	52	241487	948	948
291187	235	189702	948	948
196646	235	188223	948	948
192672	282	198404	948	948
208970	235	236587	948	948
287709	282	189992	948	948
240443	235	188228	948	948
193480	282	192128	948	948
201505	235	189522	948	948
230437	282	335879	948	948
240773	235	188738	948	948
220896	235	188204	948	948
194072	52	197528	948	948
228960	282	284989	948	948
266933	282	212256	948	948
210299	235	189621	948	948
197528	139	194072	948	948
218732	235	188348	948	948
193562	235	188162	948	948
210322	235	188011	948	948
273264	235	188098	948	948
270846	52	366035	948	948
188080	258	210420	948	948
288267	235	191008	948	948
233119	235	188970	948	948
205890	235	189398	948	948
213022	235	188302	948	948
259162	235	188667	948	948
306885	282	343576	948	948
230975	282	224797	948	948
276343	282	326034	948	948
307565	139	318576	948	948
353782	49	191121	948	948
200928	235	188767	948	948
263207	235	188203	948	948
254240	52	329616	948	948
201608	52	356277	948	948
342636	235	199339	948	948
227715	282	308161	948	948
229625	282	254862	948	948
202907	235	213250	948	948
236654	235	189528	948	948
213057	235	189377	948	948
220437	282	189432	948	948
337049	282	201664	948	948
224706	52	346702	948	948
337963	282	303476	948	948
198324	235	188223	948	948
292745	235	207397	948	948
319503	52	261308	948	948
351948	139	192080	948	948
235199	282	193363	948	948
226257	235	188121	948	948
231123	282	307706	948	948
262068	282	370647	948	948
193942	235	188451	948	948
261545	235	220155	948	948
219056	235	188106	948	948
212864	235	188683	948	948
252293	282	224797	948	948
207473	289	254324	948	948
206482	235	188021	948	948
198508	282	188769	948	948
317386	282	370647	948	948
262744	282	355026	948	948
207198	235	188126	948	948
277154	282	366168	948	948
213539	235	189522	948	948
242619	235	217551	948	948
327686	52	370415	948	948
201263	235	188391	948	948
210897	235	192298	948	948
195975	235	188307	948	948
312368	282	215903	948	948
219252	235	203517	948	948
260230	235	220989	948	948
241607	235	189202	948	948
246092	235	189131	948	948
200231	235	188074	948	948
211093	282	191595	948	948
197406	235	188685	948	948
199505	235	188410	948	948
280658	235	189098	948	948
257379	52	343681	948	948
238006	235	189070	948	948
209015	235	189031	948	948
224226	235	188384	948	948
234358	235	190115	948	948
318957	37	360582	948	948
208094	235	188055	948	948
269472	235	190978	948	948
188122	239	219814	948	948
257482	282	309306	948	948
205211	235	188044	948	948
196596	235	188444	948	948
230495	282	240909	948	948
232985	52	332808	948	948
240909	139	254931	948	948
271728	235	190818	948	948
265170	235	188822	948	948
196752	139	192087	948	948
215622	235	188914	948	948
223005	235	188625	948	948
196764	139	231773	948	948
202094	235	188214	948	948
212337	235	188163	948	948
242846	282	192987	948	948
216384	282	323869	948	948
206005	235	188109	948	948
277186	139	200700	948	948
203049	235	191807	948	948
192411	139	259804	948	948
231449	282	191708	948	948
194336	235	188226	948	948
192422	235	188068	948	948
193774	235	189060	948	948
202641	282	374982	948	948
240909	139	230495	948	948
275347	52	335478	948	948
200655	235	188153	948	948
199607	235	199766	948	948
326330	49	189624	948	948
249008	235	188163	948	948
345483	282	370647	948	948
287237	282	191515	948	948
195584	235	188153	948	948
254576	49	192330	948	948
192175	52	329616	948	948
261606	282	193292	948	948
194161	235	188880	948	948
246726	282	191205	948	948
196132	235	189070	948	948
196898	52	338690	948	948
194972	235	189146	948	948
346573	282	308345	948	948
208182	235	192093	948	948
219323	235	193933	948	948
203087	139	335630	948	948
250877	235	189070	948	948
219121	235	188302	948	948
196144	235	189687	948	948
259248	235	188823	948	948
194959	235	189001	948	948
346824	282	211512	948	948
219389	282	188295	948	948
287467	289	299229	948	948
209134	235	189538	948	948
218134	235	190115	948	948
287289	49	189566	948	948
193911	235	188320	948	948
271812	235	234187	948	948
195644	235	189110	948	948
196105	235	188610	948	948
265118	52	371651	948	948
229636	235	188011	948	948
343681	139	226719	948	948
255568	235	188097	948	948
202671	235	189685	948	948
233742	282	190977	948	948
233742	52	190977	948	948
296499	52	358969	948	948
196012	235	188805	948	948
231535	282	212362	948	948
246507	235	188736	948	948
266850	235	242035	948	948
270903	235	192709	948	948
198026	52	270293	948	948
207155	235	189918	948	948
301596	282	190393	948	948
256063	282	285112	948	948
195285	235	188833	948	948
330752	282	373861	948	948
200622	52	307706	948	948
204336	235	188447	948	948
196507	52	190418	948	948
196959	235	192115	948	948
302999	282	355344	948	948
227535	282	350555	948	948
230028	235	188055	948	948
266627	37	207517	948	948
248181	139	223656	948	948
245544	235	204563	948	948
226579	235	188950	948	948
193657	235	188050	948	948
283433	235	188206	948	948
221264	235	189971	948	948
289436	282	191728	948	948
225185	235	188644	948	948
285862	235	190353	948	948
340174	282	213215	948	948
193574	235	188137	948	948
191514	139	233769	948	948
260478	235	188753	948	948
198669	235	188338	948	948
345407	139	334438	948	948
192794	235	188785	948	948
192118	235	188053	948	948
308083	235	189269	948	948
205352	282	368342	948	948
346601	139	283373	948	948
238146	160	187989	948	948
192118	235	188014	948	948
254842	235	188561	948	948
192605	235	188078	948	948
202672	235	188106	948	948
290580	235	237258	948	948
242619	235	190818	948	948
193786	235	230901	948	948
192580	235	188844	948	948
299887	235	201078	948	948
200670	235	188066	948	948
366035	139	254931	948	948
282454	282	370647	948	948
298221	282	370647	948	948
203037	282	208058	948	948
199927	235	188153	948	948
260245	235	192124	948	948
196420	235	189614	948	948
215658	235	194054	948	948
372834	139	193650	948	948
290601	235	189686	948	948
194292	139	270741	948	948
224045	235	188047	948	948
250170	282	363851	948	948
331254	139	195625	948	948
193391	235	188324	948	948
196161	139	261820	948	948
211992	139	254819	948	948
194213	235	188795	948	948
238813	282	356573	948	948
263415	52	309306	948	948
197644	235	210574	948	948
196578	235	189465	948	948
363851	139	250170	948	948
224140	235	188486	948	948
200991	235	188136	948	948
199047	235	188223	948	948
274338	139	330089	948	948
207696	282	189654	948	948
364458	273	249915	948	948
214332	235	188248	948	948
230975	52	366151	948	948
222926	235	188065	948	948
254666	282	190973	948	948
323223	235	189423	948	948
234504	282	188295	948	948
230975	282	297885	948	948
212604	235	188437	948	948
197508	52	372834	948	948
198026	282	310902	948	948
333987	282	197256	948	948
209846	235	189139	948	948
335197	49	188354	948	948
330898	52	354473	948	948
241434	235	190894	948	948
286888	282	308970	948	948
281666	235	188967	948	948
284537	235	188768	948	948
248181	139	335257	948	948
238146	160	188692	948	948
199189	235	188323	948	948
200976	235	188066	948	948
201341	52	343681	948	948
199999	235	189546	948	948
270934	235	189071	948	948
213078	235	188486	948	948
216388	235	188040	948	948
207330	235	188486	948	948
192086	139	290213	948	948
238146	160	188327	948	948
294550	282	190868	948	948
196784	235	188068	948	948
217601	235	188576	948	948
238761	235	199157	948	948
251442	282	331374	948	948
194057	235	189045	948	948
213349	235	188059	948	948
252787	235	188657	948	948
288994	235	188663	948	948
331540	49	191744	948	948
311129	282	349167	948	948
197382	235	189762	948	948
343576	139	306885	948	948
200064	235	188119	948	948
268348	235	189008	948	948
323845	282	193302	948	948
262428	282	191157	948	948
252279	235	189597	948	948
196991	235	220155	948	948
238945	235	188154	948	948
373234	139	193697	948	948
336020	282	211512	948	948
223611	235	192417	948	948
298205	235	189982	948	948
352769	282	195170	948	948
200976	235	188338	948	948
227396	282	238948	948	948
233769	282	191514	948	948
328384	235	190402	948	948
323735	282	333239	948	948
205837	235	189780	948	948
326034	139	276343	948	948
290414	282	308161	948	948
207931	235	189129	948	948
203455	235	188564	948	948
197915	235	188018	948	948
296467	282	242640	948	948
217067	282	214186	948	948
198440	235	188326	948	948
338852	52	190284	948	948
224337	235	189518	948	948
280452	235	188891	948	948
226591	235	188337	948	948
197644	235	188223	948	948
300279	282	189436	948	948
228503	235	190203	948	948
200584	52	303476	948	948
224755	282	215144	948	948
306523	235	189070	948	948
192351	52	313793	948	948
203455	235	188476	948	948
226035	235	188655	948	948
314095	282	191157	948	948
224955	235	214762	948	948
300112	282	205915	948	948
196375	235	189754	948	948
200383	235	188243	948	948
260665	235	190188	948	948
338952	52	371651	948	948
234160	235	188815	948	948
195999	235	188422	948	948
200004	235	189008	948	948
227628	282	189436	948	948
318249	282	193292	948	948
226704	282	190128	948	948
271559	235	192855	948	948
189432	139	220437	948	948
355205	282	370647	948	948
310767	235	189466	948	948
218129	235	188802	948	948
194251	235	188165	948	948
207169	235	195620	948	948
195198	235	192547	948	948
218695	235	198112	948	948
283225	235	189821	948	949
202280	235	190451	948	949
221085	235	192332	948	949
199798	235	188973	948	949
196455	235	190830	948	949
200955	235	188165	948	949
255330	235	191192	948	949
201386	235	188653	948	949
234937	235	188252	948	949
248013	235	190829	948	949
195469	235	188153	948	949
210267	235	188491	948	949
203971	235	189645	948	949
197698	235	236727	948	949
252372	235	189910	948	949
258979	289	221332	948	949
200541	235	191807	948	949
202571	235	190201	948	949
195088	235	190914	948	949
213354	235	188370	948	949
204274	235	189658	948	949
324512	235	200965	948	949
211534	235	188220	948	949
233921	235	188066	948	949
192846	235	188054	948	949
196067	235	189818	948	949
192580	235	189628	948	949
234196	235	188066	948	949
207673	235	188250	948	949
197051	235	188437	948	949
203152	235	188806	948	949
221327	235	204053	948	949
202350	235	190763	948	949
194043	235	188275	948	949
214795	235	194472	948	949
205648	235	189099	948	949
196922	235	188418	948	949
320364	235	199105	948	949
194527	235	189369	948	949
269121	235	189597	948	949
206729	235	188579	948	949
249011	235	189064	948	949
220476	235	188099	948	949
242383	235	188558	948	949
196887	235	188254	948	949
227345	235	188279	948	949
196147	235	188996	948	949
200318	235	188259	948	949
199558	235	190456	948	949
222437	235	188619	948	949
208015	235	189446	948	949
197380	235	188421	948	949
198969	235	191650	948	949
225288	235	196525	948	949
246655	235	188147	948	949
196812	235	188186	948	949
193521	235	189956	948	949
224802	235	188619	948	949
192118	235	188031	948	949
195898	235	189597	948	949
233810	235	188765	948	949
244853	235	188088	948	949
208752	235	220967	948	949
212903	235	188806	948	949
280968	235	188105	948	949
203230	235	191995	948	949
225804	235	189039	948	949
198558	235	190188	948	949
229898	235	188375	948	949
287088	235	234710	948	949
195674	235	188014	948	949
194879	235	188624	948	949
214067	235	190550	948	949
210919	235	188101	948	949
250534	235	189649	948	949
215673	235	189060	948	949
203027	235	188140	948	949
202955	235	188630	948	949
203178	235	188094	948	949
324170	235	190123	948	949
208555	235	188207	948	949
196273	235	188760	948	949
193451	235	258656	948	949
264715	235	191650	948	949
234357	235	189153	948	949
195218	235	190874	948	949
196012	235	188050	948	949
215852	235	188192	948	949
197898	235	188509	948	949
267031	235	188185	948	949
239546	235	188057	948	949
203168	235	188373	948	949
193504	235	188445	948	949
215335	235	188105	948	949
215623	235	188246	948	949
246377	235	188713	948	949
195614	235	188082	948	949
228623	235	188020	948	949
203432	235	190455	948	949
258407	235	188106	948	949
197999	235	188060	948	949
197551	235	188348	948	949
282663	235	189311	948	949
219785	235	188689	948	949
215072	235	188010	948	949
251223	235	189912	948	949
241339	235	191724	948	949
219152	235	188005	948	949
220054	235	188130	948	949
188361	262	324297	948	949
216969	235	188756	948	949
205636	235	188326	948	949
199861	235	188128	948	949
198471	235	188067	948	949
205191	235	193085	948	949
229242	235	193291	948	949
196471	235	188079	948	949
262452	235	191690	948	949
204231	235	188416	948	949
224176	235	207877	948	949
206034	235	188067	948	949
234376	235	189628	948	949
215724	235	188533	948	949
193267	235	189095	948	949
216960	235	200965	948	949
216676	235	189002	948	949
293185	235	188154	948	949
280203	235	189671	948	949
265342	235	188221	948	949
234358	235	188967	948	949
205259	235	188906	948	949
218041	235	188223	948	949
274059	235	188290	948	949
201878	235	188978	948	949
246356	235	188134	948	949
199757	235	192093	948	949
215791	235	189162	948	949
224021	235	253460	948	949
205287	235	190400	948	949
214644	235	190592	948	949
201352	235	188879	948	949
298950	235	328234	948	949
193060	235	189727	948	949
218309	235	190692	948	949
266386	235	188524	948	949
307462	235	188101	948	949
199273	235	188772	948	949
229150	235	190988	948	949
206875	235	193747	948	949
193761	235	188418	948	949
284908	235	188976	948	949
230264	235	188032	948	949
194047	235	189575	948	949
208540	235	188434	948	949
201115	235	191087	948	949
192023	235	188025	948	949
196708	235	188606	948	949
205344	235	189304	948	949
280858	235	231141	948	949
372098	235	189588	948	949
215187	235	188003	948	949
358897	235	191543	948	949
248946	235	188679	948	949
257368	235	188389	948	949
272032	235	190756	948	949
200384	235	188784	948	949
195348	235	188066	948	949
196831	235	272395	948	949
203819	235	188161	948	949
265026	235	189153	948	949
237713	235	199634	948	949
206717	235	189142	948	949
195663	235	188026	948	949
196280	235	189953	948	949
215577	235	188241	948	949
210545	235	188143	948	949
192903	235	188242	948	949
198007	235	189137	948	949
261150	235	188544	948	949
190870	235	188054	948	949
217459	235	188624	948	949
205934	235	192093	948	949
216686	235	188097	948	949
200242	235	188165	948	949
209397	235	188072	948	949
204700	235	188003	948	949
204293	235	188202	948	949
217798	235	210574	948	949
227835	235	189446	948	949
201704	235	188152	948	949
234660	235	188906	948	949
202520	235	189193	948	949
253011	235	188078	948	949
252372	235	197261	948	949
237677	235	189064	948	949
199325	235	188021	948	949
232098	235	188364	948	949
256318	235	188123	948	949
202217	235	188398	948	949
204965	235	188206	948	949
210904	235	188188	948	949
311638	235	189326	948	949
214641	235	189628	948	949
199514	235	188679	948	949
223131	235	221400	948	949
268482	235	188076	948	949
195545	235	188993	948	949
225926	235	188308	948	949
213071	235	188912	948	949
219635	235	188228	948	949
193595	235	189727	948	949
246160	235	188464	948	949
203507	235	190318	948	949
205348	235	188630	948	949
210586	235	188794	948	949
197705	235	190382	948	949
232066	235	189031	948	949
194959	235	193808	948	949
243145	292	367441	948	949
211884	235	188688	948	949
270674	235	190763	948	949
194615	235	188043	948	949
201736	235	188006	948	949
211102	235	188026	948	949
266215	235	190083	948	949
222780	235	188223	948	949
224059	235	189857	948	949
197998	235	188070	948	949
230595	235	188589	948	949
197973	235	188072	948	949
280224	235	188743	948	949
217814	235	189091	948	949
232215	235	189121	948	949
222916	235	220320	948	949
193340	235	188025	948	949
278340	235	189125	948	949
232293	235	188646	948	949
198618	235	188720	948	949
255754	235	188500	948	949
199505	235	189387	948	949
209386	235	188068	948	949
239172	235	188249	948	949
262772	235	189073	948	949
229545	235	189350	948	949
198643	235	188123	948	949
212760	235	190813	948	949
224997	235	189053	948	949
226281	235	188540	948	949
218650	235	188215	948	949
268125	235	189095	948	949
205776	235	194367	948	949
196397	235	188208	948	949
211952	235	188140	948	949
233675	235	188688	948	949
210479	235	188050	948	949
212574	235	188056	948	949
227734	235	188206	948	949
220800	235	189036	948	949
197781	235	189002	948	949
219364	235	190053	948	949
291453	235	189226	948	949
199486	235	188120	948	949
226922	235	189470	948	949
205761	235	188220	948	949
210358	235	188006	948	949
271728	235	188689	948	949
203999	235	190123	948	949
248446	235	191477	948	949
217756	235	193233	948	949
200178	235	188116	948	949
197033	235	188502	948	949
212777	235	188626	948	949
215284	235	188175	948	949
220568	235	188086	948	949
218191	235	188379	948	949
305020	235	190894	948	949
215969	235	188197	948	949
194275	235	188168	948	949
313709	235	190254	948	949
201142	235	188089	948	949
234685	235	188686	948	949
304294	235	189429	948	949
202610	235	190427	948	949
226162	235	188101	948	949
221155	235	190125	948	949
262297	235	188876	948	949
219985	235	190345	948	949
196153	235	188284	948	949
199896	235	188516	948	949
235562	235	188060	948	949
349048	49	293058	948	949
194300	235	188502	948	949
202821	235	188058	948	949
217167	235	188228	948	949
211116	235	188075	948	949
200871	235	188422	948	949
288183	235	190667	948	949
337888	235	188351	948	949
218970	235	188137	948	949
255145	235	189012	948	949
199397	235	197154	948	949
231734	235	201562	948	949
266660	235	188241	948	949
259431	235	189963	948	949
241504	235	188315	948	949
252219	235	188357	948	949
284352	235	189070	948	949
220062	235	188426	948	949
250686	235	189679	948	949
282299	235	192904	948	949
267674	235	189647	948	949
225762	235	188347	948	949
198180	235	188056	948	949
208197	235	190242	948	949
199027	235	188007	948	949
203027	235	188132	948	949
262155	235	188649	948	949
201736	235	188003	948	949
225133	235	188247	948	949
208312	235	188332	948	949
241470	235	188720	948	949
206586	235	188173	948	949
215098	235	188082	948	949
200911	235	189121	948	949
202666	235	188470	948	949
241943	235	191128	948	949
197046	235	188132	948	949
198921	235	188661	948	949
195569	235	189897	948	949
195072	235	188010	948	949
193833	235	188503	948	949
198172	235	189645	948	949
197470	235	188010	948	949
249172	235	188611	948	949
217061	235	191051	948	949
208055	235	212507	948	949
195789	235	191650	948	949
248528	235	188612	948	949
268715	235	192855	948	949
213216	235	188968	948	949
279012	235	190881	948	949
215124	235	191192	948	949
219780	235	189679	948	949
248470	235	195743	948	949
205298	235	188943	948	949
194469	235	190202	948	949
303880	235	189070	948	949
220217	235	188424	948	949
217712	235	188426	948	949
201531	235	190219	948	949
235609	235	188300	948	949
265863	235	188024	948	949
214242	235	191387	948	949
194708	235	188655	948	949
282758	235	200965	948	949
194683	235	188883	948	949
274063	235	189663	948	949
210964	235	188396	948	949
238136	235	188206	948	949
196304	235	191198	948	949
237989	235	188298	948	949
220286	235	190732	948	949
208703	235	188162	948	949
211376	235	188719	948	949
213461	235	189121	948	949
197375	235	188128	948	949
271521	235	188514	948	949
193976	235	188045	948	949
232164	235	188206	948	949
290923	235	188241	948	949
215044	235	188888	948	949
217183	235	188247	948	949
206702	235	188411	948	949
211420	235	188011	948	949
200528	235	188097	948	949
221910	235	188855	948	949
219166	235	189270	948	949
197628	235	190372	948	949
267773	235	190602	948	949
267486	235	188385	948	949
200773	235	191238	948	949
242397	235	188517	948	949
219056	235	188032	948	949
198975	235	188121	948	949
223993	235	188983	948	949
254083	235	191966	948	949
222118	235	188207	948	949
203130	235	189121	948	949
194409	235	188025	948	949
278836	235	196549	948	949
218560	235	188044	948	949
212868	235	190039	948	949
210174	235	188142	948	949
301900	235	196427	948	949
220125	235	189079	948	949
281672	235	196685	948	949
197832	235	188519	948	949
221010	235	188312	948	949
198366	235	188042	948	949
204508	235	188064	948	949
210213	235	191008	948	949
199916	235	192387	948	949
193275	235	188558	948	949
209037	235	188270	948	949
280023	235	188703	948	949
249181	235	193140	948	949
196929	235	189071	948	949
193942	235	189718	948	949
207082	235	188079	948	949
201294	235	188342	948	949
229752	235	192221	948	949
232140	235	188326	948	949
241615	235	188682	948	949
230701	235	188223	948	949
239477	235	188019	948	949
258142	235	188267	948	949
220089	235	188003	948	949
207864	235	188275	948	949
210611	235	188106	948	949
228469	235	195882	948	949
246920	235	188264	948	949
238963	235	189246	948	949
219593	235	188368	948	949
214609	235	188235	948	949
221535	235	189558	948	949
212677	235	188038	948	949
318830	235	188812	948	949
193506	235	188833	948	949
252427	235	189161	948	949
204494	235	190857	948	949
296508	235	243760	948	949
201728	235	188064	948	949
193610	235	188145	948	949
294902	235	230740	948	949
260934	235	188202	948	949
230477	235	188014	948	949
195395	235	188173	948	949
286064	235	190763	948	949
224198	235	205768	948	949
215070	235	188307	948	949
207991	235	191679	948	949
198373	235	190084	948	949
199744	235	188982	948	949
197241	235	188076	948	949
251305	235	188284	948	949
249088	235	188597	948	949
197565	235	188345	948	949
200143	235	207984	948	949
195981	235	188394	948	949
203215	235	195011	948	949
227380	235	188059	948	949
214585	235	189423	948	949
243726	235	188074	948	949
237164	235	214957	948	949
233259	235	188110	948	949
199714	235	188003	948	949
221837	235	193467	948	949
195525	235	188219	948	949
226123	235	189118	948	949
199384	235	189857	948	949
197568	235	188503	948	949
200294	235	191479	948	949
214267	235	188620	948	949
239482	235	189350	948	949
293105	235	191633	948	949
195203	235	188057	948	949
261532	235	189189	948	949
200274	235	188883	948	949
259730	235	188070	948	949
194706	235	192997	948	949
188608	239	329360	948	949
194747	235	188092	948	949
296806	235	189333	948	949
212202	235	188130	948	949
253572	235	188054	948	949
214961	235	188833	948	949
193162	235	188092	948	949
271222	235	188941	948	949
196782	235	206666	948	949
192720	235	188003	948	949
200702	235	204130	948	949
196417	235	188024	948	949
310315	235	188744	948	949
282879	235	201805	948	949
208014	235	189312	948	949
214136	235	188178	948	949
276763	235	188175	948	949
199384	235	192093	948	949
192935	235	188014	948	949
247039	235	191405	948	949
265772	292	353144	948	949
200995	235	189039	948	949
274838	235	189882	948	949
295176	235	193735	948	949
199573	235	188477	948	949
207553	235	190318	948	949
230656	235	218704	948	949
204032	235	188357	948	949
229037	235	190096	948	949
250637	235	189684	948	949
361777	235	189143	948	949
278403	235	189350	948	949
203944	235	188450	948	949
194153	235	189006	948	949
263207	235	190809	948	949
241234	235	188719	948	949
214841	235	188024	948	949
206928	235	188968	948	949
284032	235	188789	948	949
266081	235	188344	948	949
203659	235	188119	948	949
200116	235	188044	948	949
260218	235	188657	948	949
209827	235	188315	948	949
253604	235	188693	948	949
281231	235	198663	948	949
211581	235	194307	948	949
214448	235	188057	948	949
195991	235	189341	948	949
219256	235	188057	948	949
238417	235	188533	948	949
198412	235	195240	948	949
217081	235	188106	948	949
198921	235	188323	948	949
248579	235	188067	948	949
200383	235	188267	948	949
207888	235	188961	948	949
217601	235	188152	948	949
217839	235	188097	948	949
199631	235	188041	948	949
202285	235	214513	948	949
212856	235	189121	948	949
280158	235	188255	948	949
194513	235	188076	948	949
193095	235	188088	948	949
210614	235	188352	948	949
199191	235	189479	948	949
196215	235	188018	948	949
310244	273	301456	948	949
220950	235	188050	948	949
271026	235	189121	948	949
204010	235	188065	948	949
241594	235	188951	948	949
201346	235	188098	948	949
197278	235	188070	948	949
314826	235	188719	948	949
187998	267	199585	948	949
219058	235	188947	948	949
213860	235	194307	948	949
199590	235	276131	948	949
197638	235	192093	948	949
245987	235	188220	948	949
278836	235	190261	948	949
216060	235	189242	948	949
209106	235	191373	948	949
194110	235	190514	948	949
216606	235	189121	948	949
197547	235	190403	948	949
194150	235	188142	948	949
206230	235	189455	948	949
247540	235	190963	948	949
217498	235	188813	948	949
195285	235	188107	948	949
194331	235	188333	948	949
209564	235	189008	948	949
200951	235	190555	948	949
205759	235	188203	948	949
195731	235	188352	948	949
196120	235	188086	948	949
217928	235	189311	948	949
205184	235	192093	948	949
234283	235	188843	948	949
267011	235	188129	948	949
192052	235	188558	948	949
199612	235	189012	948	949
243067	235	188120	948	949
255756	235	189410	948	949
210078	235	188242	948	949
201793	235	188189	948	949
199182	235	188273	948	949
246657	235	194011	948	949
196129	152	189080	948	949
210210	235	192904	948	949
226342	235	188417	948	949
207048	235	192251	948	949
225000	235	218535	948	949
214981	235	188700	948	949
234254	235	188374	948	949
219355	235	189295	948	949
226659	235	188352	948	949
236445	235	188132	948	949
217606	235	188275	948	949
196696	235	193235	948	949
227976	235	190441	948	949
216998	235	191608	948	949
199463	235	188242	948	949
196680	235	188352	948	949
213057	235	189198	948	949
238018	235	189095	948	949
235612	235	189658	948	949
220446	235	188005	948	949
205017	235	202097	948	949
207649	235	188076	948	949
205746	235	188085	948	949
193525	235	188018	948	949
231311	235	189598	948	949
278793	235	188426	948	949
226210	235	188161	948	949
252568	235	191242	948	949
194563	235	189558	948	949
213022	235	188547	948	949
228845	235	190466	948	949
244923	235	191823	948	949
285836	235	190602	948	949
219655	235	188883	948	949
199281	235	188596	948	949
196601	235	195896	948	949
234156	235	193061	948	949
192714	235	188237	948	949
193761	235	189200	948	949
318203	235	188393	948	949
211185	235	188090	948	949
212856	235	188086	948	949
194996	235	188154	948	949
216365	235	189824	948	949
196591	235	188560	948	949
228419	235	188134	948	949
194486	235	189740	948	949
207434	235	188193	948	949
204607	235	188679	948	949
253571	235	188828	948	949
276622	235	190154	948	949
246502	235	205064	948	949
197501	235	188220	948	949
204562	235	188720	948	949
198829	235	188476	948	949
206172	235	188967	948	949
194366	235	188110	948	949
285410	235	195743	948	949
230286	235	190123	948	949
211945	235	191109	948	949
371461	235	188598	948	949
248335	235	188482	948	949
222593	235	188743	948	949
302301	235	189216	948	949
275950	235	189143	948	949
197584	235	188306	948	949
197659	235	197154	948	949
190878	267	295757	948	949
193924	235	188003	948	949
258763	235	190594	948	949
194527	235	188787	948	949
197298	235	188010	948	949
198214	235	188300	948	949
229076	235	236012	948	949
215683	235	188352	948	949
194959	235	196525	948	949
204978	235	189895	948	949
215356	235	190159	948	949
294537	235	188743	948	949
239192	235	189646	948	949
227447	235	188352	948	949
196671	235	190237	948	949
349916	235	190818	948	949
277724	235	188070	948	949
199898	235	188097	948	949
315402	235	189065	948	949
209785	235	190509	948	949
214763	235	188193	948	949
196957	235	188068	948	949
250213	235	214958	948	949
193112	235	189336	948	949
249494	235	188897	948	949
261608	235	192255	948	949
198125	235	192093	948	949
193923	235	188076	948	949
217297	235	188179	948	949
308731	235	188206	948	949
199619	235	192298	948	949
209021	235	188218	948	949
215734	235	188774	948	949
220825	235	188653	948	949
219894	235	189131	948	949
236352	235	188192	948	949
208011	235	189150	948	949
193927	235	188426	948	949
198906	235	188967	948	949
198535	235	188985	948	949
270674	235	188044	948	949
198980	235	188700	948	949
199394	235	188529	948	949
230124	235	188120	948	949
215597	235	189121	948	949
202298	235	189921	948	949
196876	235	188787	948	949
209049	235	189555	948	949
198659	235	191123	948	949
204360	235	217837	948	949
262578	235	210556	948	949
224818	235	188529	948	949
275422	235	188918	948	949
252463	235	188128	948	949
225100	235	188255	948	949
204129	235	188118	948	949
197480	235	188951	948	949
210370	235	190894	948	949
212337	235	188108	948	949
221808	235	195011	948	949
265395	235	188099	948	949
275787	235	188126	948	949
200451	235	194138	948	949
226059	235	188278	948	949
238038	235	188308	948	949
319351	273	301456	948	949
199219	235	189723	948	949
216985	235	190672	948	949
194263	235	188056	948	949
196295	235	188478	948	949
201389	235	188515	948	949
194047	235	190720	948	949
199698	235	188128	948	949
274577	235	189797	948	949
278620	235	192093	948	949
245135	235	188318	948	949
251433	235	189039	948	949
192208	235	188076	948	949
193529	235	188109	948	949
197098	235	188119	948	949
214369	235	190123	948	949
211701	235	188614	948	949
208885	235	188912	948	949
196169	235	188162	948	949
228822	235	190114	948	949
195614	235	188727	948	949
193874	235	188033	948	949
206676	235	189483	948	949
203672	235	188615	948	949
207472	235	198677	948	949
284027	235	188067	948	949
199062	235	188056	948	949
240562	235	232884	948	949
200556	235	188030	948	949
318661	235	188352	948	949
232524	235	189522	948	949
196517	235	189129	948	949
195009	235	188128	948	949
213038	235	188418	948	949
203697	235	189095	948	949
191988	235	189151	948	949
252377	235	189367	948	949
204521	235	188035	948	949
201606	235	188087	948	949
215049	235	188794	948	949
233146	235	188188	948	949
196151	235	189379	948	949
261833	235	188107	948	949
205462	235	188608	948	949
288144	235	188352	948	949
288267	235	188689	948	949
246597	235	188163	948	949
196100	235	188218	948	949
207654	235	188024	948	949
205069	235	189099	948	949
194747	235	191456	948	949
232238	235	188056	948	949
257426	235	188192	948	949
268426	235	190075	948	949
238167	235	191629	948	949
292716	235	188794	948	949
195437	235	189169	948	949
196768	235	188123	948	949
226369	235	188601	948	949
303504	235	191418	948	949
224234	235	188215	948	949
216460	235	188509	948	949
198228	235	188512	948	949
217959	235	188368	948	949
201915	235	219800	948	949
210053	235	188570	948	949
282734	235	188417	948	949
204238	235	188024	948	949
202622	235	189372	948	949
251107	235	190040	948	949
202782	235	189912	948	949
198124	235	188056	948	949
245496	235	198450	948	949
213628	235	188093	948	949
191930	235	188073	948	949
200085	235	188331	948	949
194747	235	188277	948	949
209553	235	188416	948	949
216029	235	188057	948	949
205879	235	189209	948	949
208576	235	188291	948	949
198564	235	188090	948	949
222526	235	196713	948	949
196192	235	188978	948	949
216974	235	191823	948	949
208903	235	189325	948	949
256820	235	226233	948	949
204506	235	188215	948	949
218154	235	188422	948	949
195746	235	188017	948	949
219852	235	190434	948	949
215179	235	193467	948	949
192794	235	188682	948	949
296301	235	190033	948	949
200296	235	188512	948	949
194110	235	191213	948	949
268143	235	188695	948	949
246521	235	188502	948	949
227609	235	190638	948	949
276309	235	188820	948	949
216838	235	189766	948	949
200205	235	188053	948	949
216627	235	188765	948	949
220891	235	188030	948	949
228250	235	188057	948	949
193663	235	188064	948	949
210368	235	188285	948	949
264056	235	188697	948	949
198952	235	188262	948	949
270903	235	189385	948	949
215019	235	188417	948	949
195503	235	189253	948	949
204702	235	188006	948	949
208869	235	188197	948	949
223923	235	188132	948	949
197602	235	189463	948	949
209803	235	188279	948	949
212905	235	191372	948	949
206848	235	190586	948	949
195429	235	188695	948	949
253216	235	188611	948	949
220698	235	200965	948	949
258032	235	188409	948	949
206625	235	255921	948	949
217400	235	193140	948	949
259611	235	190829	948	949
252455	235	191711	948	949
328164	235	190818	948	949
208049	235	188113	948	949
281234	235	188386	948	949
289122	235	200965	948	949
196491	235	188667	948	949
194648	235	188275	948	949
204646	235	188220	948	949
213897	235	188636	948	949
247919	235	191758	948	949
211547	235	193448	948	949
281666	235	188621	948	949
210368	235	188054	948	949
195090	235	193747	948	949
198868	235	189088	948	949
245272	235	190434	948	949
194747	235	188252	948	949
279784	235	188533	948	949
191659	235	188558	948	949
216631	235	188132	948	949
199822	235	189958	948	949
292198	235	188250	948	949
194901	235	188079	948	949
209514	235	188482	948	949
193529	235	189465	948	949
195420	235	191724	948	949
192299	235	188612	948	949
216848	235	188829	948	949
195341	235	189658	948	949
258341	235	188262	948	949
193240	235	188017	948	949
277259	235	188226	948	949
260180	235	188332	948	949
264329	235	237098	948	949
211998	235	188929	948	949
206566	235	188699	948	949
210383	235	189307	948	949
207084	235	190505	948	949
230422	235	188296	948	949
201505	235	188345	948	949
211203	235	188382	948	949
233615	235	188539	948	949
204709	235	188367	948	949
225288	235	193808	948	949
223813	235	188900	948	949
224469	235	188260	948	949
199265	235	188382	948	949
215641	235	188352	948	949
255236	235	189273	948	949
278165	235	188978	948	949
202895	235	188128	948	949
218262	235	188613	948	949
237557	235	188221	948	949
237197	235	188514	948	949
251305	235	188978	948	949
211710	235	188308	948	949
196632	235	191995	948	949
271980	235	188243	948	949
226658	235	188608	948	949
252417	235	189882	948	949
196778	235	191008	948	949
217641	235	188541	948	949
202429	235	190588	948	949
215310	235	188086	948	949
229663	235	188896	948	949
192458	235	188078	948	949
231012	235	188070	948	949
237987	235	190655	948	949
196383	235	188057	948	949
207899	235	188706	948	949
213490	235	189228	948	949
212511	235	188073	948	949
263070	235	188106	948	949
220026	235	189194	948	949
210035	235	188919	948	949
242703	235	193997	948	949
295900	235	188344	948	949
200800	235	188007	948	949
298331	235	188929	948	949
213915	235	189466	948	949
311083	235	192074	948	949
264758	235	276091	948	949
240174	235	188876	948	949
218459	235	188794	948	949
194413	235	188565	948	949
255247	235	192997	948	949
196553	235	197990	948	949
267919	235	188921	948	949
254154	235	257949	948	949
328522	235	189531	948	949
209009	235	188111	948	949
250691	235	188612	948	949
215371	235	192093	948	949
202051	235	188235	948	949
196303	235	188014	948	949
224946	235	189558	948	949
198119	235	189705	948	949
212444	235	191132	948	949
256422	235	188227	948	949
270671	235	190944	948	949
263548	235	188903	948	949
228501	235	192093	948	949
205234	235	188023	948	949
269503	235	188938	948	949
194486	235	188578	948	949
196925	235	188323	948	949
293529	235	190085	948	949
220956	235	188015	948	949
206863	235	188594	948	949
241454	235	188140	948	949
239891	235	188352	948	949
210007	235	188039	948	949
216737	235	188468	948	949
205299	235	188118	948	949
208056	235	188121	948	949
202655	235	189803	948	949
200231	235	189731	948	949
240305	235	188279	948	949
285410	235	372008	948	949
282534	235	188821	948	949
213349	235	188153	948	949
196295	235	188370	948	949
254615	235	212489	948	949
241577	235	188478	948	949
279335	235	190818	948	949
253562	152	188501	948	949
243305	235	188512	948	949
257068	235	188812	948	949
236535	235	191632	948	949
219382	235	188522	948	949
200104	235	190514	948	949
203036	235	188947	948	949
196019	235	193235	948	949
196177	235	190836	948	949
234098	235	188862	948	949
212670	235	188284	948	949
217286	235	192551	948	949
207623	235	189317	948	949
210216	235	199763	948	949
203034	235	188375	948	949
195350	235	188278	948	949
192037	235	188186	948	949
194845	235	188278	948	949
211975	235	191820	948	949
229115	235	188680	948	949
204570	235	214513	948	949
200337	235	188278	948	949
279736	235	188241	948	949
256519	235	189143	948	949
201563	235	188437	948	949
247675	235	189250	948	949
289401	235	189129	948	949
201774	235	188302	948	949
194407	235	188541	948	949
197145	235	190037	948	949
244564	235	188255	948	949
199872	235	188116	948	949
195585	235	188003	948	949
201004	235	188316	948	949
197107	235	206666	948	949
200085	235	189403	948	949
290313	235	188689	948	949
226575	235	189470	948	949
208367	47	193324	948	949
258897	235	189541	948	949
217256	235	189358	948	949
240044	235	188662	948	949
224502	235	188602	948	949
363083	235	190902	948	949
207163	235	188089	948	949
247932	235	188421	948	949
210077	235	188010	948	949
226373	235	191204	948	949
275752	235	201402	948	949
204954	235	191340	948	949
239388	235	191349	948	949
200929	235	188225	948	949
203761	235	188765	948	949
244240	235	188201	948	949
221783	235	188659	948	949
205939	235	190611	948	949
204657	235	188040	948	949
254214	235	188241	948	949
234346	235	189465	948	949
236709	235	188347	948	949
336140	235	214513	948	949
284334	235	192855	948	949
268818	235	194695	948	949
246240	235	188113	948	949
204045	235	189956	948	949
261709	235	188182	948	949
204265	235	188026	948	949
191639	235	194547	948	949
339134	235	191668	948	949
279132	235	190967	948	949
216658	235	198766	948	949
198935	235	188220	948	949
191735	235	188054	948	949
198893	235	188155	948	949
210939	235	198631	948	949
230581	235	188300	948	949
299887	235	191250	948	949
207269	235	190261	948	949
365075	235	238189	948	949
212662	235	188296	948	949
226358	235	188217	948	949
250086	235	188426	948	949
220267	235	188417	948	949
225120	235	189082	948	949
195238	235	188189	948	949
251234	235	188168	948	949
198160	235	195596	948	949
218733	235	188387	948	949
226074	235	188503	948	949
245458	235	198663	948	949
253675	235	188701	948	949
199519	235	189648	948	949
208237	235	188148	948	949
221441	235	188312	948	949
272264	235	188186	948	949
361680	235	191594	948	949
211255	235	188182	948	949
223005	235	197967	948	949
196105	235	189986	948	949
256225	235	188746	948	949
224539	235	189670	948	949
197477	235	188106	948	949
280781	235	191758	948	949
198083	235	188701	948	949
199503	235	193100	948	949
203348	235	194755	948	949
300288	235	192800	948	949
231869	235	188139	948	949
224236	235	189603	948	949
200104	235	191213	948	949
262657	235	188423	948	949
232047	235	189345	948	949
257038	235	189047	948	949
302239	235	213250	948	949
209415	235	189746	948	949
203177	235	188064	948	949
252371	235	188947	948	949
236881	235	193539	948	949
243557	235	189890	948	949
276176	235	188279	948	949
219184	235	189921	948	949
208975	235	188626	948	949
209446	235	189511	948	949
205060	235	190237	948	949
194947	235	188923	948	949
201022	235	188189	948	949
245297	235	192855	948	949
268742	235	189273	948	949
236613	235	188911	948	949
203662	235	188067	948	949
233216	235	190763	948	949
193619	235	188445	948	949
215747	235	188956	948	949
199269	235	192180	948	949
195938	235	196713	948	949
203860	235	188227	948	949
209015	235	188158	948	949
195225	235	188009	948	949
204688	235	188121	948	949
219261	235	188203	948	949
193590	235	190433	948	949
194061	235	189279	948	949
243168	235	188612	948	949
214109	235	188347	948	949
227976	235	188104	948	949
193087	235	188020	948	949
232465	235	188030	948	949
282818	235	188868	948	949
192895	235	189895	948	949
207787	235	188105	948	949
264713	235	188219	948	949
197152	235	190049	948	949
192562	235	188154	948	949
238945	235	188437	948	949
286803	235	192174	948	949
212920	235	188207	948	949
218364	235	189744	948	949
194303	235	189070	948	949
232307	235	188385	948	949
198457	235	188121	948	949
196904	235	189401	948	949
195745	235	190659	948	949
208216	235	189123	948	949
192932	235	188855	948	949
262471	235	188044	948	949
196146	235	188382	948	949
197406	235	189152	948	949
197086	235	188267	948	949
250062	235	188146	948	949
216209	235	188783	948	949
208047	235	188142	948	949
200509	235	188123	948	949
198218	235	188269	948	949
193581	235	188226	948	949
194182	235	188242	948	949
231578	235	188113	948	949
216057	235	198642	948	949
300594	235	212380	948	949
216248	235	188147	948	949
207629	235	190443	948	949
218094	235	211046	948	949
198198	235	190850	948	949
206814	235	192636	948	949
239391	235	188429	948	949
215772	235	189121	948	949
250529	235	189109	948	949
208084	235	188923	948	949
266404	235	188789	948	949
209907	235	188218	948	949
217827	235	193249	948	949
256805	235	188118	948	949
225181	235	188218	948	949
248012	235	191926	948	949
259248	235	189603	948	949
195457	235	188894	948	949
197283	235	188261	948	949
200326	235	188155	948	949
204156	235	189129	948	949
297877	235	292553	948	949
223322	235	188655	948	949
194321	235	188140	948	949
203091	235	189857	948	949
212604	235	188812	948	949
214175	235	188326	948	949
197756	235	188086	948	949
222486	235	188464	948	949
201696	235	188156	948	949
198887	235	189470	948	949
211038	235	188433	948	949
218105	235	188130	948	949
208836	235	189953	948	949
213603	235	190725	948	949
194251	235	188107	948	949
198358	235	189920	948	949
221267	235	190132	948	949
228975	235	188086	948	949
220224	235	188596	948	949
209951	235	198544	948	949
195644	235	188345	948	949
194652	235	189146	948	949
204776	235	188839	948	949
193935	235	190287	948	949
264184	235	189129	948	949
249088	235	188323	948	949
212864	235	189882	948	949
203785	235	189005	948	949
212091	235	188621	948	949
214576	235	188515	948	949
200133	235	188331	948	949
193521	235	188375	948	949
200183	235	188437	948	949
237307	235	188183	948	949
223960	235	232205	948	949
195069	235	189396	948	949
226595	235	188353	948	949
203987	235	188961	948	949
201178	235	190096	948	949
200928	235	198544	948	949
223995	235	188214	948	949
271026	235	188470	948	949
233054	235	191372	948	949
357735	235	189197	948	949
245344	235	190521	948	949
215281	235	188382	948	949
195248	235	189200	948	949
226948	235	188570	948	949
237240	235	188662	948	949
297477	235	188436	948	949
194336	235	188226	948	949
213411	235	188190	948	949
201322	235	188217	948	949
271120	235	188155	948	949
238246	235	197592	948	949
210410	235	188092	948	949
296528	235	193653	948	949
203847	235	188348	948	949
213841	235	189555	948	949
232215	235	188470	948	949
197541	235	188509	948	949
233690	235	191313	948	949
198023	235	190037	948	949
242857	235	191611	948	949
208825	235	192134	948	949
205934	235	189284	948	949
207308	235	188320	948	949
212653	235	188709	948	949
193410	235	188419	948	949
258617	235	190246	948	949
199263	235	188217	948	949
193890	235	188267	948	949
195285	235	188078	948	949
202445	235	189315	948	949
213857	37	189481	948	949
209222	235	188776	948	949
192653	235	189407	948	949
314302	235	188219	948	949
258529	235	191820	948	949
196671	235	188955	948	949
221990	235	197036	948	949
221332	289	258979	948	949
196320	235	188070	948	949
259162	235	188760	948	949
231568	235	189647	948	949
209529	235	188579	948	949
217096	235	217693	948	949
211526	235	188203	948	949
200183	235	189392	948	949
248822	235	189193	948	949
196396	235	188450	948	949
197092	235	189060	948	949
200009	235	188394	948	949
202563	235	192093	948	949
341889	235	189423	948	949
226527	235	246555	948	949
221665	235	189857	948	949
219562	235	188357	948	949
249276	235	188351	948	949
218309	235	189454	948	949
224171	235	188426	948	949
206618	235	188055	948	949
296124	235	189003	948	949
203491	235	188020	948	949
235883	235	188350	948	949
199956	235	190201	948	949
200165	235	188209	948	949
201684	235	188281	948	949
241520	235	191192	948	949
205691	235	190113	948	949
216840	235	188947	948	949
194352	235	188172	948	949
239009	235	188229	948	949
280510	235	189039	948	949
224593	235	188250	948	949
235268	235	188697	948	949
211805	235	188143	948	949
196180	235	188485	948	949
227177	235	196542	948	949
275610	235	189647	948	949
200707	235	188421	948	949
205810	235	189666	948	949
235169	235	188090	948	949
198164	235	190514	948	949
192597	235	194755	948	949
210705	235	188178	948	949
204184	235	188130	948	949
205764	235	189323	948	949
197445	235	188611	948	949
214727	235	214305	948	949
209367	235	189254	948	949
241814	235	189270	948	949
205890	235	190114	948	949
209891	235	188178	948	949
209205	235	188108	948	949
199373	235	188726	948	949
225742	235	189714	948	949
198378	235	188127	948	949
200200	235	188547	948	949
229545	235	188398	948	949
228797	235	188222	948	949
221822	235	188142	948	949
207391	235	188082	948	949
201832	235	188017	948	949
195797	235	188547	948	949
199789	235	188903	948	949
257748	235	191132	948	949
199425	235	188785	948	949
202868	235	188379	948	949
220805	235	193448	948	949
227801	235	188630	948	949
210324	235	188645	948	949
208146	235	188821	948	949
207145	235	188057	948	949
194323	235	189054	948	949
206798	235	189557	948	949
306657	235	192859	948	949
251850	235	188024	948	949
233389	235	189045	948	949
235858	235	189946	948	949
270912	235	188516	948	949
280933	235	188851	948	949
194418	235	188024	948	949
262730	235	192855	948	949
216880	235	188688	948	949
205181	235	188426	948	949
215582	235	189118	948	949
207537	235	189295	948	949
200564	235	188370	948	949
239883	235	189146	948	949
201451	235	188211	948	949
195959	235	199763	948	949
205017	235	188594	948	949
204647	235	188340	948	949
280799	235	189449	948	949
196984	235	189824	948	949
250651	235	189125	948	949
192285	235	192399	948	949
234036	235	188243	948	949
199596	235	188345	948	949
196529	235	188110	948	949
214070	235	189245	948	949
224514	235	188063	948	949
204310	235	188307	948	949
245203	235	189069	948	949
210164	235	188029	948	949
212076	235	188076	948	949
207065	235	188116	948	949
219926	235	190033	948	949
235765	235	188223	948	949
246163	235	188490	948	949
202255	235	209546	948	949
223431	235	188011	948	949
232323	235	189744	948	949
198780	235	188042	948	949
207468	235	189435	948	949
241078	235	188471	948	949
195702	235	188352	948	949
193626	235	189555	948	949
194702	235	188158	948	949
269699	235	191242	948	949
268597	235	188167	948	949
199919	235	192502	948	949
198911	235	189554	948	949
297177	235	188426	948	949
213074	235	189200	948	949
209469	235	188576	948	949
204998	235	190041	948	949
205400	235	190725	948	949
281576	235	189018	948	949
271104	235	188116	948	949
202276	235	188060	948	949
332631	235	189188	948	949
205654	235	188028	948	949
208161	235	188507	948	949
200058	235	207877	948	949
210210	235	188589	948	950
198853	235	188041	948	950
196636	235	188108	948	950
199353	235	188243	948	950
234424	235	188076	948	950
199441	235	188947	948	950
294260	235	191154	948	950
230699	235	188123	948	950
254294	235	188439	948	950
204168	235	188242	948	950
200144	235	188146	948	950
215882	235	188411	948	950
201270	235	188813	948	950
208383	235	188162	948	950
195655	235	197879	948	950
227715	235	188687	948	950
198161	235	188968	948	950
243204	235	188166	948	950
215561	235	188910	948	950
207872	235	188031	948	950
196205	235	188017	948	950
210265	235	188742	948	950
204814	235	188025	948	950
204297	235	193249	948	950
273871	235	188162	948	950
209039	235	188855	948	950
250827	235	188101	948	950
217435	235	188551	948	950
229164	235	188188	948	950
214367	235	188437	948	950
243191	235	189391	948	950
203130	235	188167	948	950
240285	235	188621	948	950
215091	235	188824	948	950
283652	235	188544	948	950
218048	235	188003	948	950
247481	235	190818	948	950
230652	235	188161	948	950
202632	235	188073	948	950
212789	235	188273	948	950
275785	235	192661	948	950
200316	235	189720	948	950
254889	235	189449	948	950
240173	235	190039	948	950
193401	235	188045	948	950
257125	235	220967	948	950
198690	235	188333	948	950
281148	235	188204	948	950
194022	235	188741	948	950
207922	235	188365	948	950
197343	235	188488	948	950
221811	235	190242	948	950
195439	235	188168	948	950
203734	235	188246	948	950
202300	235	188075	948	950
199480	235	188490	948	950
330810	235	188275	948	950
193052	235	188141	948	950
247975	235	188461	948	950
217380	235	188183	948	950
202798	235	188720	948	950
238196	235	188806	948	950
202950	235	189294	948	950
212996	235	189534	948	950
198416	235	188074	948	950
190918	245	219344	948	950
213592	235	188994	948	950
202330	235	188164	948	950
193408	235	188476	948	950
198590	235	188072	948	950
199289	235	189306	948	950
209499	235	188543	948	950
201751	235	188134	948	950
248470	235	372008	948	950
202655	235	188665	948	950
300707	235	188167	948	950
198192	235	188302	948	950
253743	235	188165	948	950
194431	235	188092	948	950
270153	235	193212	948	950
198145	235	188113	948	950
198189	235	191673	948	950
193664	235	189372	948	950
198270	235	188140	948	950
226564	235	188158	948	950
215695	235	188596	948	950
236848	235	188165	948	950
205220	235	194961	948	950
278373	235	188162	948	950
198337	235	192168	948	950
212810	235	193249	948	950
245842	235	208543	948	950
202942	289	194072	948	950
205626	235	189327	948	950
286581	235	191713	948	950
202798	235	188448	948	950
259561	235	189340	948	950
214737	235	188182	948	950
297309	235	190001	948	950
206528	235	205442	948	950
251475	235	188333	948	950
203015	235	188877	948	950
204170	235	188677	948	950
287459	235	188268	948	950
196175	235	189577	948	950
202008	235	188649	948	950
239436	235	188443	948	950
217664	235	194138	948	950
257010	235	189044	948	950
194355	235	188052	948	950
335934	235	188799	948	950
232355	235	191263	948	950
197288	235	188544	948	950
214975	235	188182	948	950
196005	235	188741	948	950
256538	235	188962	948	950
334374	235	192204	948	950
258322	235	188994	948	950
218233	235	188157	948	950
217280	235	188540	948	950
268381	235	192115	948	950
222083	235	188547	948	950
239569	235	188157	948	950
196003	235	188016	948	950
230191	235	191132	948	950
206717	235	189142	948	950
216254	235	189846	948	950
205693	235	198178	948	950
358746	235	188595	948	950
193052	235	188884	948	950
217848	235	188163	948	950
204216	235	189018	948	950
210126	235	188229	948	950
256611	235	189628	948	950
213169	235	188443	948	950
265650	235	188736	948	950
256853	235	189193	948	950
282052	235	188623	948	950
203141	235	188133	948	950
195199	235	191296	948	950
218757	235	189479	948	950
216742	235	188025	948	950
226073	235	188178	948	950
255198	235	188267	948	950
193876	235	190433	948	950
207923	235	193507	948	950
195499	235	188367	948	950
195870	235	188626	948	950
196330	235	189143	948	950
207861	235	189920	948	950
219154	235	188516	948	950
215652	235	188737	948	950
224176	235	188833	948	950
219106	42	188380	948	950
195485	235	188541	948	950
206005	235	188147	948	950
196420	235	188573	948	950
206116	235	188247	948	950
199476	235	188704	948	950
244671	235	189070	948	950
195986	235	188206	948	950
200670	235	191456	948	950
224180	235	191467	948	950
204937	235	188003	948	950
214364	235	188157	948	950
231986	235	189358	948	950
208402	235	188949	948	950
201957	235	188006	948	950
200030	235	188819	948	950
196978	235	188262	948	950
223081	235	188386	948	950
224551	235	188579	948	950
203165	235	188030	948	950
231531	235	212507	948	950
205679	235	188773	948	950
210648	235	188529	948	950
210597	235	189156	948	950
201503	235	188592	948	950
197682	235	188182	948	950
209054	235	188166	948	950
196400	235	189315	948	950
212535	235	191132	948	950
195974	235	188026	948	950
229902	235	188626	948	950
210899	235	190988	948	950
221220	235	188096	948	950
369758	245	282429	948	950
259003	235	188143	948	950
215015	235	188201	948	950
193677	235	188580	948	950
199367	235	188269	948	950
202586	235	188784	948	950
252619	235	188175	948	950
192089	235	188165	948	950
194423	235	188321	948	950
196564	235	188332	948	950
251223	235	188493	948	950
221072	235	188443	948	950
194339	235	188052	948	950
198114	235	189241	948	950
253921	235	188153	948	950
200807	235	189061	948	950
196959	235	190592	948	950
213073	235	188773	948	950
333606	235	282048	948	950
251226	235	225668	948	950
224845	235	188277	948	950
193080	235	188067	948	950
233928	235	194009	948	950
214981	235	188348	948	950
210191	235	191038	948	950
219184	235	188106	948	950
237201	235	189265	948	950
197370	235	188118	948	950
234128	235	188485	948	950
200400	235	189955	948	950
200050	235	189109	948	950
263900	235	189265	948	950
217838	235	188267	948	950
238792	235	188235	948	950
215971	235	202184	948	950
195714	235	189552	948	950
205211	235	188003	948	950
293757	289	192501	948	950
198102	235	188679	948	950
195598	235	189136	948	950
366775	235	188556	948	950
276586	235	188735	948	950
263543	235	188677	948	950
217025	235	188843	948	950
243231	235	191650	948	950
196002	235	188294	948	950
194098	235	188244	948	950
270288	49	188376	948	950
215678	235	188155	948	950
201888	235	196009	948	950
199364	235	188702	948	950
249716	235	188979	948	950
239829	235	188111	948	950
343532	235	188649	948	950
309469	235	190719	948	950
197978	235	188011	948	950
198933	235	188760	948	950
226234	235	188041	948	950
196189	235	188175	948	950
196873	235	188227	948	950
298567	235	192506	948	950
196500	235	188621	948	950
223511	235	188570	948	950
193011	235	188121	948	950
203503	235	188127	948	950
259055	235	191008	948	950
212869	235	188348	948	950
226332	235	188951	948	950
282177	235	189095	948	950
216811	235	193467	948	950
243437	235	194755	948	950
239436	235	188090	948	950
192476	235	188045	948	950
193954	235	188007	948	950
283642	235	188626	948	950
203774	235	188370	948	950
219193	235	188118	948	950
221089	235	190345	948	950
284629	235	189326	948	950
265116	235	188491	948	950
254847	235	189082	948	950
251457	235	188783	948	950
253950	235	197291	948	950
217188	235	188456	948	950
197066	235	188069	948	950
193154	235	188017	948	950
206502	235	188087	948	950
218120	235	188290	948	950
206774	235	188149	948	950
211715	235	189200	948	950
299381	235	210556	948	950
197269	235	188137	948	950
207937	235	188110	948	950
236722	235	188005	948	950
242440	235	190531	948	950
294531	235	188364	948	950
280620	235	190984	948	950
225345	235	189116	948	950
251185	235	188326	948	950
206884	235	188110	948	950
231139	235	188086	948	950
188125	267	245211	948	950
256605	235	189093	948	950
315675	49	190534	948	950
214262	235	188028	948	950
206784	235	189082	948	950
259003	235	188106	948	950
198878	235	188059	948	950
287737	235	189732	948	950
204034	235	188636	948	950
289662	235	188126	948	950
228306	235	192144	948	950
221901	235	188030	948	950
267669	235	197178	948	950
279566	235	188246	948	950
194872	235	188526	948	950
201187	235	191387	948	950
281148	235	188574	948	950
199217	235	189453	948	950
226699	235	188116	948	950
288466	235	189165	948	950
219397	235	189386	948	950
205917	235	188130	948	950
196359	235	188011	948	950
209950	235	188483	948	950
211413	235	189182	948	950
260265	235	188070	948	950
208198	235	188344	948	950
246063	235	238189	948	950
203232	235	188140	948	950
228199	235	188282	948	950
305645	235	188220	948	950
194358	235	188064	948	950
196070	235	188368	948	950
195529	235	188066	948	950
194756	235	188434	948	950
201946	235	188172	948	950
195236	235	189061	948	950
209916	235	188279	948	950
263294	235	188178	948	950
200124	235	188099	948	950
244562	235	189018	948	950
199870	235	188088	948	950
241561	235	188978	948	950
204065	235	188099	948	950
197401	235	188178	948	950
208713	235	189350	948	950
217790	235	188005	948	950
244545	235	188743	948	950
201125	235	188478	948	950
193170	235	195254	948	950
293518	289	211697	948	950
199880	235	188955	948	950
206813	235	189658	948	950
208411	235	188389	948	950
243221	235	188222	948	950
244117	235	189329	948	950
215425	235	188705	948	950
215027	235	188185	948	950
199642	235	188569	948	950
194919	235	188139	948	950
213514	235	189265	948	950
238834	235	233287	948	950
264326	235	188348	948	950
224055	235	188485	948	950
280067	235	188995	948	950
259606	235	189082	948	950
196730	235	188727	948	950
212639	235	188450	948	950
202956	235	189097	948	950
216089	235	188053	948	950
248056	235	188524	948	950
209235	235	199832	948	950
298371	235	189056	948	950
269804	235	191758	948	950
238409	235	188134	948	950
213185	235	188371	948	950
204007	235	188418	948	950
205599	235	188044	948	950
221939	235	189401	948	950
197490	235	189861	948	950
221292	235	189308	948	950
200532	235	188919	948	950
200475	235	188054	948	950
292780	235	270664	948	950
197405	235	189921	948	950
199408	235	189639	948	950
196195	235	188052	948	950
241295	235	190818	948	950
201977	235	189800	948	950
205815	235	188218	948	950
196281	235	188402	948	950
205040	235	188134	948	950
194708	235	188417	948	950
201068	235	188120	948	950
218421	235	191711	948	950
210128	235	188469	948	950
221149	235	188059	948	950
209565	235	188209	948	950
241454	235	188148	948	950
192305	235	188031	948	950
210088	235	188390	948	950
198066	235	194121	948	950
310256	235	188772	948	950
194006	235	188145	948	950
235005	235	191254	948	950
230531	235	188884	948	950
240287	235	199339	948	950
212426	235	190844	948	950
238337	235	189542	948	950
206732	235	188279	948	950
227675	235	190854	948	950
195810	235	188056	948	950
239336	235	188242	948	950
265481	235	219306	948	950
209333	235	188743	948	950
209541	235	188604	948	950
198882	235	188578	948	950
221194	235	188440	948	950
208623	235	188344	948	950
208145	235	188613	948	950
265607	235	188368	948	950
200318	235	188003	948	950
208663	235	290153	948	950
202749	235	188411	948	950
232946	235	188064	948	950
225135	235	189555	948	950
221619	235	189576	948	950
205633	235	194346	948	950
193734	235	188178	948	950
212482	235	188747	948	950
245125	235	188308	948	950
200714	235	188241	948	950
301924	235	196713	948	950
200278	235	192246	948	950
226802	235	189870	948	950
208351	235	188074	948	950
207809	235	188237	948	950
246048	235	188773	948	950
309148	235	190422	948	950
193686	235	188165	948	950
212125	235	188426	948	950
287336	235	194665	948	950
243192	235	199832	948	950
230086	235	189730	948	950
282952	235	189273	948	950
192883	235	188996	948	950
214525	235	190427	948	950
241959	235	188596	948	950
193070	235	188036	948	950
216028	235	188430	948	950
231049	235	191340	948	950
214181	235	188030	948	950
294668	235	188736	948	950
205559	235	188149	948	950
234622	235	189971	948	950
220034	235	189971	948	950
270357	235	188131	948	950
196780	235	188771	948	950
211338	235	188053	948	950
229402	235	188220	948	950
238278	235	188348	948	950
203429	235	188333	948	950
246753	235	190328	948	950
255588	235	188044	948	950
282783	235	192468	948	950
211087	235	188075	948	950
196496	235	188079	948	950
279733	235	188260	948	950
249835	235	188920	948	950
201039	235	191517	948	950
199958	235	189088	948	950
211580	235	189080	948	950
200970	235	189291	948	950
202103	235	188079	948	950
189313	245	230023	948	950
193037	235	189210	948	950
195942	235	188121	948	950
214172	235	188735	948	950
197064	235	188065	948	950
203930	235	188244	948	950
225005	235	188464	948	950
203433	235	188707	948	950
195057	235	195082	948	950
220369	235	189284	948	950
193043	235	188241	948	950
200208	235	191758	948	950
255568	235	188252	948	950
203180	235	191679	948	950
195976	235	188006	948	950
284408	235	188260	948	950
198274	235	190270	948	950
254189	235	188390	948	950
199503	235	189062	948	950
340766	235	188668	948	950
218417	235	188131	948	950
207719	235	188371	948	950
200585	235	188133	948	950
258263	235	188141	948	950
194914	235	188375	948	950
193990	235	188139	948	950
194914	235	189956	948	950
206845	235	188192	948	950
220163	267	292212	948	950
194232	235	188215	948	950
197883	235	188613	948	950
336818	235	193062	948	950
217314	235	188133	948	950
352358	235	191375	948	950
202175	235	194867	948	950
228073	235	261123	948	950
196338	235	188226	948	950
200437	235	188179	948	950
208443	235	188167	948	950
224889	235	190592	948	950
197551	235	188599	948	950
310920	235	188260	948	950
213001	235	188277	948	950
194954	235	188073	948	950
202173	235	189516	948	950
227070	235	188061	948	950
282356	235	188828	948	950
194188	235	188042	948	950
254559	235	189990	948	950
219672	235	188067	948	950
257775	235	188032	948	950
216139	235	205768	948	950
198219	235	188034	948	950
219290	235	189135	948	950
215703	235	189166	948	950
213078	235	188785	948	950
259257	235	189005	948	950
247292	235	188490	948	950
286313	235	188707	948	950
192375	235	188833	948	950
209646	235	188501	948	950
277423	235	188352	948	950
214924	235	188069	948	950
200674	235	191340	948	950
194374	235	188773	948	950
197297	235	188268	948	950
273826	235	192468	948	950
203398	235	188776	948	950
214477	235	188063	948	950
222184	235	188375	948	950
292013	235	194971	948	950
276431	235	189726	948	950
205238	235	190509	948	950
232688	235	188076	948	950
194701	235	188218	948	950
215126	235	188149	948	950
221512	235	188485	948	950
197903	235	188097	948	950
193628	235	188703	948	950
196710	235	188859	948	950
224736	235	189946	948	950
241078	235	189920	948	950
196300	235	188180	948	950
296346	235	188402	948	950
211254	235	188018	948	950
232018	235	188050	948	950
327619	235	188249	948	950
216375	235	189121	948	950
236594	235	188051	948	950
269877	235	205768	948	950
329215	235	188640	948	950
223975	235	188238	948	950
282979	235	190201	948	950
219210	235	189971	948	950
218635	235	188332	948	950
204790	235	188568	948	950
205815	235	188172	948	950
266891	235	188613	948	950
201242	235	189152	948	950
232687	235	189095	948	950
247932	235	189045	948	950
213390	235	188047	948	950
194684	235	189023	948	950
200870	235	188017	948	950
279128	235	188396	948	950
219840	235	190297	948	950
198936	235	188918	948	950
300755	235	189154	948	950
201241	235	190427	948	950
199863	235	188486	948	950
199180	235	188331	948	950
270026	235	191471	948	950
263516	235	188058	948	950
194632	235	188445	948	950
194543	235	188526	948	950
200190	235	188308	948	950
200191	235	188069	948	950
192856	235	188244	948	950
257461	235	191263	948	950
203900	235	189645	948	950
200300	235	188034	948	950
202173	235	191400	948	950
252575	235	190200	948	950
195252	235	188249	948	950
202792	235	188760	948	950
216627	235	188968	948	950
252932	235	188859	948	950
205450	235	188243	948	950
202125	235	188927	948	950
213986	235	188393	948	950
270586	235	188997	948	950
214058	235	188132	948	950
227261	235	188215	948	950
197004	235	189009	948	950
206544	235	188118	948	950
275051	235	188250	948	950
211333	235	190529	948	950
207301	235	188066	948	950
231749	235	188167	948	950
196144	235	188580	948	950
291616	235	188252	948	950
209547	235	188147	948	950
260671	235	189597	948	950
206522	235	188068	948	950
214829	235	188341	948	950
205160	235	188041	948	950
208872	235	188713	948	950
202379	235	188261	948	950
202155	235	188897	948	950
192919	235	188030	948	950
257743	235	188152	948	950
199156	235	188537	948	950
242423	235	188072	948	950
193319	235	194472	948	950
204502	235	188118	948	950
217039	235	188239	948	950
199537	235	189280	948	950
199921	235	189482	948	950
195857	235	192636	948	950
202435	235	192387	948	950
268567	235	188255	948	950
261122	235	188259	948	950
211697	289	293518	948	950
268461	235	192246	948	950
217382	235	189392	948	950
244838	235	226233	948	950
219245	235	188244	948	950
193360	235	188092	948	950
192883	235	190734	948	950
201365	235	188338	948	950
247488	235	190302	948	950
227077	235	188282	948	950
192534	235	216573	948	950
219755	235	188044	948	950
297341	235	188255	948	950
233276	235	188592	948	950
198239	235	188589	948	950
195557	235	188265	948	950
201115	235	188074	948	950
203627	235	188662	948	950
205009	235	189005	948	950
229214	235	189509	948	950
220970	235	188611	948	950
221158	235	188269	948	950
202923	235	188389	948	950
211525	235	189649	948	950
215176	235	188682	948	950
204864	235	188529	948	950
202567	235	188501	948	950
305702	235	342034	948	950
226443	235	188510	948	950
197346	235	188030	948	950
194802	235	188218	948	950
195426	235	188576	948	950
326330	42	310608	948	950
198267	235	188166	948	950
206257	235	188956	948	950
193510	235	188056	948	950
200204	235	188439	948	950
240784	235	188967	948	950
212608	235	188250	948	950
219699	235	188608	948	950
209069	235	188207	948	950
199814	235	188155	948	950
212579	235	188065	948	950
305926	49	190180	948	950
290887	235	188601	948	950
196254	235	188048	948	950
214772	235	188109	948	950
209188	235	188040	948	950
198440	235	188096	948	950
207930	235	188178	948	950
271206	235	191122	948	950
227212	235	190719	948	950
212525	235	188185	948	950
194072	289	202942	948	950
201002	235	193235	948	950
211316	235	211317	948	950
202067	235	188201	948	950
193409	235	188227	948	950
200976	235	189483	948	950
203232	235	188148	948	950
225496	235	188386	948	950
295407	235	188400	948	950
196141	235	188345	948	950
204680	235	188073	948	950
244132	235	190009	948	950
198604	235	188773	948	950
280377	235	188515	948	950
220953	235	188406	948	950
194062	235	188097	948	950
211222	235	190880	948	950
200111	235	188082	948	950
207994	235	188468	948	950
202341	235	189146	948	950
223879	235	188578	948	950
244648	235	188148	948	950
202166	235	188772	948	950
199301	235	188175	948	950
218523	235	188240	948	950
195036	235	188374	948	950
198554	235	188014	948	950
196899	235	207716	948	950
200681	235	188300	948	950
247527	235	188149	948	950
266536	235	188736	948	950
304012	235	188611	948	950
202801	235	188478	948	950
242277	235	188131	948	950
217128	235	188977	948	950
353626	42	188293	948	950
215342	235	188221	948	950
263741	235	189738	948	950
216991	235	189091	948	950
254130	235	188146	948	950
245781	235	188426	948	950
192501	289	293757	948	950
195800	235	191456	948	950
217351	235	188391	948	950
216375	235	188470	948	950
244464	235	192855	948	950
195264	235	188474	948	950
232058	235	188569	948	950
209051	235	189637	948	950
214741	235	188332	948	950
192422	235	188298	948	950
201369	235	188334	948	950
249213	235	188677	948	950
201147	235	188072	948	950
193326	235	188263	948	950
219428	235	188648	948	950
200006	235	188351	948	950
205082	235	188389	948	950
206801	235	188574	948	950
235116	235	190164	948	950
294916	235	189070	948	950
299883	235	188445	948	950
196166	235	188003	948	950
204863	235	188123	948	950
230690	235	192130	948	951
195358	235	188985	948	951
275102	235	195174	948	951
209218	235	188636	948	951
198868	235	188108	948	951
233610	235	188305	948	951
198811	235	188129	948	951
192602	235	188246	948	951
197014	235	188035	948	951
221999	235	188140	948	951
239433	235	188163	948	951
215706	235	188280	948	951
199754	235	188342	948	951
216498	235	188456	948	951
197684	235	188148	948	951
203733	235	189270	948	951
237369	235	188559	948	951
241557	235	189093	948	951
197504	235	191925	948	951
214558	235	188106	948	951
213773	235	189717	948	951
192994	235	188003	948	951
307215	235	190667	948	951
197303	235	188082	948	951
198065	235	189837	948	951
336625	276	326753	948	951
193129	235	190570	948	951
315249	235	189216	948	951
193413	235	188141	948	951
211064	235	192233	948	951
220924	235	188030	948	951
200678	235	188398	948	951
198732	235	188599	948	951
218187	235	189162	948	951
207954	235	188093	948	951
235327	235	188242	948	951
203551	235	188893	948	951
243605	235	188740	948	951
204568	235	188051	948	951
198621	235	188026	948	951
205726	235	190098	948	951
239909	235	188028	948	951
209555	235	189132	948	951
203198	235	190778	948	951
215879	235	188106	948	951
205907	235	188010	948	951
224739	235	188812	948	951
220570	235	188486	948	951
214392	235	188386	948	951
243501	235	188968	948	951
213376	235	188813	948	951
199438	235	188017	948	951
205633	235	188486	948	951
223020	235	189045	948	951
223392	235	188089	948	951
198989	235	189398	948	951
216910	235	189848	948	951
194001	235	188338	948	951
331159	235	188970	948	951
256896	235	188402	948	951
263044	235	188695	948	951
238468	235	189116	948	951
264381	235	189216	948	951
285207	235	188904	948	951
241513	235	188344	948	951
238427	235	188089	948	951
212263	235	188145	948	951
243205	235	188502	948	951
253612	235	189732	948	951
197231	235	188168	948	951
223031	235	189031	948	951
200911	235	188143	948	951
205195	235	188167	948	951
202040	235	188278	948	951
255509	235	188456	948	951
365970	176	214434	948	951
197297	235	188688	948	951
229066	235	188464	948	951
254169	235	188059	948	951
195181	235	188280	948	951
204418	235	188087	948	951
309917	235	189247	948	951
336140	235	188856	948	951
201713	235	188009	948	951
289421	235	191060	948	951
205818	235	188541	948	951
251316	235	188742	948	951
198307	235	188133	948	951
230117	235	188400	948	951
204530	235	189588	948	951
240655	235	188306	948	951
189537	76	189701	948	951
226103	235	189250	948	951
205898	235	188865	948	951
231313	235	188076	948	951
223200	235	188134	948	951
329567	235	232352	948	951
207372	235	191733	948	951
193054	235	188156	948	951
200162	235	188307	948	951
211829	235	192261	948	951
208869	235	188106	948	951
290393	235	188300	948	951
256208	235	190514	948	951
261237	235	188265	948	951
210131	235	188105	948	951
283433	235	188285	948	951
229811	235	188371	948	951
283562	235	189062	948	951
209116	235	188485	948	951
227334	235	188855	948	951
203142	235	188398	948	951
205713	235	188217	948	951
217848	235	188686	948	951
211085	235	188207	948	951
316099	292	353253	948	951
198503	235	188048	948	951
200242	235	188326	948	951
222840	235	188821	948	951
211088	235	188106	948	951
343828	235	364584	948	951
195830	235	191749	948	951
217843	235	188136	948	951
288572	235	188509	948	951
206746	235	188032	948	951
199945	235	188028	948	951
286523	235	188433	948	951
216300	235	189006	948	951
198281	235	188025	948	951
194789	235	188016	948	951
229030	235	188300	948	951
286902	235	260599	948	951
236931	235	188186	948	951
198781	235	188246	948	951
193817	235	188017	948	951
230420	235	188799	948	951
199597	235	188819	948	951
221129	235	189605	948	951
217106	235	188163	948	951
197788	235	190436	948	951
207502	235	188003	948	951
199908	235	189093	948	951
222705	235	188024	948	951
195878	235	188624	948	951
200739	235	190164	948	951
194927	235	188296	948	951
269974	235	189422	948	951
215109	235	195846	948	951
199181	235	188014	948	951
275020	235	188055	948	951
211962	235	188099	948	951
218310	235	188197	948	951
205246	235	188434	948	951
205975	235	188172	948	951
290049	276	326753	948	951
198890	235	188411	948	951
198936	235	188398	948	951
240895	235	188038	948	951
209779	235	189912	948	951
237522	235	188966	948	951
214558	235	188086	948	951
291163	235	190667	948	951
219723	235	188106	948	951
330736	235	192628	948	951
197971	235	189198	948	951
206911	235	188833	948	951
200808	235	188653	948	951
247866	235	190649	948	951
285207	235	189370	948	951
225339	235	188699	948	951
229023	235	194530	948	951
194851	235	188437	948	951
199618	235	188041	948	951
202898	235	188155	948	951
203752	235	188688	948	951
205470	235	188154	948	951
320559	235	365893	948	951
239227	235	189792	948	951
212725	235	216185	948	951
211199	235	188029	948	951
207796	235	188167	948	951
211223	235	188145	948	951
222871	235	191254	948	951
207737	235	188269	948	951
190406	267	220681	948	951
209510	235	188027	948	951
201328	235	188039	948	951
212064	235	188551	948	951
224882	235	189311	948	951
243562	235	189687	948	951
225222	235	189018	948	951
218859	235	188217	948	951
249416	235	192908	948	951
202501	235	188955	948	951
212991	235	188389	948	951
209639	235	188056	948	951
230928	235	193729	948	951
222211	235	193233	948	951
202358	235	193487	948	951
194447	235	200219	948	951
219151	235	188472	948	951
202500	235	188307	948	951
216738	235	188227	948	951
219863	235	188017	948	951
218653	235	191632	948	951
193105	235	188020	948	951
216474	235	190261	948	951
335602	235	188479	948	951
247604	235	188713	948	951
277937	235	189215	948	951
202227	235	188370	948	951
235821	235	188978	948	951
223743	235	191758	948	951
273091	235	188617	948	951
223194	235	192528	948	951
202926	235	188448	948	951
207856	235	188217	948	951
208247	235	189005	948	951
227192	235	188279	948	951
201623	235	191140	948	951
205691	235	192650	948	951
237588	235	188222	948	951
215920	235	189569	948	951
309428	235	188255	948	951
263888	235	221979	948	951
203421	235	188351	948	951
239526	235	188203	948	951
196610	235	188316	948	951
244628	235	193342	948	951
216757	235	188235	948	951
246134	235	193788	948	951
268359	235	195046	948	951
209109	235	189073	948	951
232133	235	188028	948	951
195012	235	188612	948	951
251316	235	191737	948	951
263106	235	188304	948	951
212086	235	188358	948	951
282291	235	188203	948	951
263614	235	189070	948	951
199741	235	188007	948	951
211782	235	189317	948	951
200374	235	188027	948	951
204326	235	188065	948	951
215416	235	189546	948	951
234338	235	191627	948	951
224248	235	188695	948	951
195794	235	188029	948	951
316779	235	202547	948	951
199897	235	188011	948	951
218732	235	188461	948	951
198290	235	188486	948	951
213897	235	188415	948	951
322759	235	203446	948	951
270966	235	191856	948	951
225290	235	188968	948	951
354230	292	367965	948	951
203447	235	188113	948	951
204451	235	188324	948	951
213161	235	189080	948	951
201801	235	188036	948	951
242705	235	189745	948	951
263018	235	188201	948	951
202747	235	188179	948	951
208682	235	188929	948	951
188650	267	265159	948	951
208154	235	188441	948	951
205093	235	188132	948	951
207137	235	190451	948	951
212847	235	188785	948	951
226180	235	188010	948	951
207198	235	188109	948	951
213524	235	188015	948	951
216113	235	193729	948	951
200874	235	188726	948	951
268682	235	188374	948	951
253572	235	188076	948	951
214934	235	188485	948	951
205869	235	188589	948	951
224921	235	188407	948	951
205131	235	188018	948	951
220317	235	199634	948	951
218779	235	188047	948	951
299900	235	188674	948	951
209779	235	188493	948	951
197198	235	188073	948	951
216304	235	188146	948	951
205658	235	188338	948	951
202118	235	188787	948	951
192973	235	188104	948	951
199387	235	188122	948	951
225144	235	189336	948	951
235176	235	189284	948	951
218167	235	188182	948	951
195291	235	189140	948	951
205418	235	190550	948	951
207033	235	188088	948	951
221072	235	188041	948	951
235968	235	188116	948	951
278443	235	191758	948	951
201954	235	188126	948	951
210263	235	188242	948	951
213913	235	188302	948	951
255563	235	188868	948	951
210337	235	188268	948	951
196784	235	188098	948	951
261496	235	197947	948	951
211981	235	189129	948	951
246751	235	188515	948	951
205360	235	188106	948	951
200668	235	188101	948	951
212499	235	190287	948	951
375834	42	188325	948	951
204527	235	188149	948	951
197640	235	188247	948	951
249223	235	189883	948	951
202598	235	188054	948	951
262832	235	188713	948	951
271630	235	190429	948	951
206001	235	189649	948	951
206453	235	189322	948	951
209517	235	188075	948	951
215168	235	188483	948	951
324937	101	188205	948	951
288542	235	189070	948	951
297686	235	188241	948	951
268422	235	203224	948	951
230403	235	188619	948	951
231592	235	188404	948	951
204673	235	188149	948	951
194659	235	188018	948	951
194898	235	188060	948	951
200419	235	188547	948	951
198916	235	188760	948	951
200512	235	188636	948	951
207394	235	188277	948	951
224846	235	188158	948	951
252891	235	188222	948	951
216641	235	188278	948	951
262584	292	351727	948	951
232185	235	190451	948	951
248543	235	191998	948	951
235953	235	188682	948	951
194602	235	188050	948	951
199631	235	188119	948	951
203558	235	188232	948	951
205546	235	188228	948	951
209374	235	188409	948	951
298784	235	188679	948	951
264085	235	189684	948	951
226158	235	192174	948	951
197521	235	188220	948	951
249418	235	193100	948	951
310595	235	188633	948	951
202532	235	194307	948	951
369154	235	188530	948	951
203665	235	188367	948	951
204711	235	188718	948	951
244468	235	188248	948	951
200037	235	188041	948	951
211467	235	188991	948	951
202904	235	188060	948	951
201386	235	188217	948	951
201644	235	188261	948	951
195299	235	188175	948	951
248089	235	188241	948	951
232394	235	188136	948	951
204515	235	188483	948	951
195500	235	188018	948	951
210979	235	188014	948	951
255077	235	188089	948	951
208500	235	188031	948	951
259788	235	188162	948	951
264476	235	188378	948	951
199553	235	188182	948	951
248143	235	194114	948	951
220257	235	188279	948	951
327529	235	188188	948	951
203788	235	188451	948	951
241239	235	188713	948	951
242991	235	188010	948	951
213527	235	188679	948	951
196578	235	189628	948	951
206708	235	190417	948	951
207330	235	188185	948	951
200809	235	188082	948	951
226119	235	188400	948	951
200005	235	189541	948	951
214774	235	188948	948	951
201911	235	188067	948	951
200364	235	188429	948	951
204993	235	188123	948	951
221082	235	188706	948	951
197420	235	188172	948	951
199520	235	189125	948	951
197314	235	188702	948	951
203817	235	189524	948	951
245582	235	189752	948	951
239041	235	188042	948	951
212561	235	188047	948	951
213232	235	189745	948	951
226355	235	190288	948	951
191385	235	188094	948	951
203809	235	188268	948	951
194233	235	188092	948	951
197915	235	188003	948	951
232124	235	188658	948	951
206003	235	188137	948	951
251695	235	188583	948	951
192794	235	188108	948	951
194318	235	188036	948	951
238799	235	189512	948	951
197723	235	188478	948	951
196722	235	188152	948	951
256892	235	188109	948	951
203045	235	188919	948	951
228685	235	189197	948	951
205535	235	189371	948	951
209113	235	188031	948	951
223147	235	188190	948	951
236348	235	188024	948	951
