275404	235	189202	965	965
364816	282	321402	965	965
206601	235	189419	965	965
196910	235	188091	965	965
244118	282	316736	965	965
259612	235	188776	965	965
232659	235	188085	965	965
289540	235	191849	965	965
304697	282	349775	965	965
232361	235	188798	965	965
199556	235	188031	965	965
236241	235	188513	965	965
283083	235	189524	965	965
202003	235	188324	965	965
226809	235	190119	965	965
253878	235	188284	965	965
285936	235	207819	965	965
206130	235	188034	965	965
211935	235	188645	965	965
213482	235	190432	965	965
211824	235	188729	965	965
291489	235	189301	965	965
280909	235	190727	965	965
275963	282	194480	965	965
215181	235	188231	965	965
197516	235	188055	965	965
289357	235	188782	965	965
284530	235	190564	965	965
203112	235	188089	965	965
257398	235	189455	965	965
212136	235	194736	965	965
209420	235	188546	965	965
274585	282	247776	965	965
201735	235	188512	965	965
225094	235	188898	965	965
241474	235	205025	965	965
195281	235	188685	965	965
274275	235	189681	965	965
220816	235	188028	965	965
337480	235	189202	965	965
202235	235	188640	965	965
266681	235	193039	965	965
209603	235	188702	965	965
232709	235	190549	965	965
296539	235	188486	965	965
200418	235	189060	965	965
272065	235	189048	965	965
367278	52	365234	965	965
233048	282	331247	965	965
237653	235	188494	965	965
232750	235	188402	965	965
353962	235	194038	965	965
211083	235	199634	965	965
259173	282	224702	965	965
220862	235	189293	965	965
375593	139	314020	965	965
199224	235	188060	965	965
301201	235	196446	965	965
194780	235	189098	965	965
201556	235	188798	965	965
216434	235	189904	965	965
197539	235	190647	965	965
219010	235	188746	965	965
193464	235	189103	965	965
206520	235	191424	965	965
232436	235	189156	965	965
365234	139	368877	965	965
228075	235	196650	965	965
223610	235	190844	965	965
226091	235	188709	965	965
247610	235	197165	965	965
193436	235	195621	965	965
239698	282	191782	965	965
258262	235	191501	965	965
198085	235	188222	965	965
276569	235	189091	965	965
207765	235	188827	965	965
312592	235	188375	965	965
203938	235	188589	965	965
274072	235	197068	965	965
205079	235	188075	965	965
310769	235	257726	965	965
263083	235	188839	965	965
205353	235	189105	965	965
272095	282	372834	965	965
196007	235	188779	965	965
225434	235	203382	965	965
206849	235	188140	965	965
191818	235	188710	965	965
211137	235	188097	965	965
345452	235	188743	965	965
285064	235	188838	965	965
199055	235	190038	965	965
247178	235	188041	965	965
232010	235	191390	965	965
195744	52	267546	965	965
213085	235	190381	965	965
243217	235	189002	965	965
208339	235	194242	965	965
199125	235	188167	965	965
212704	235	190310	965	965
308413	235	274151	965	965
246277	235	189230	965	965
247999	235	194241	965	965
211180	235	189638	965	965
205833	235	188237	965	965
258801	235	204400	965	965
203955	235	195717	965	965
202551	235	188267	965	965
195502	235	188647	965	965
201262	235	189289	965	965
221864	235	188524	965	965
231171	235	188473	965	965
297419	282	194381	965	965
213482	235	191454	965	965
234004	235	190037	965	965
252227	235	205808	965	965
208024	235	188140	965	965
365234	139	201876	965	965
224075	235	189040	965	965
341027	235	189638	965	965
284781	235	193299	965	965
279160	235	189375	965	965
198456	235	205972	965	965
284749	235	190432	965	965
195774	235	198256	965	965
219506	235	188059	965	965
228075	235	190935	965	965
277984	235	188523	965	965
249245	235	190729	965	965
280145	235	192397	965	965
192835	235	189064	965	965
237473	235	220155	965	965
230625	235	188442	965	965
205795	235	188069	965	965
203313	235	188630	965	965
255298	235	209343	965	965
210655	235	189375	965	965
217414	235	202609	965	965
219406	235	190242	965	965
210432	235	188601	965	965
320400	282	191470	965	965
203668	235	189292	965	965
196752	139	256418	965	965
299126	235	259579	965	965
274194	235	189883	965	965
230000	235	191981	965	965
293447	235	209765	965	965
261640	235	188219	965	965
267992	235	195522	965	965
205516	235	188827	965	965
259850	235	195104	965	965
263537	235	190530	965	965
201287	235	189823	965	965
200283	235	188200	965	965
286017	235	191304	965	965
209726	235	191353	965	965
213644	235	189229	965	965
294810	235	192035	965	965
220440	235	241914	965	965
316706	235	193160	965	965
244260	235	191928	965	965
195317	235	190270	965	965
257660	235	188972	965	965
219826	235	192463	965	965
225031	235	188109	965	965
227024	235	189854	965	965
257182	235	188140	965	965
193311	235	189835	965	965
193326	235	222022	965	965
203071	235	191629	965	965
372141	282	336786	965	965
312468	33	189112	965	965
273263	235	189842	965	965
227855	235	190195	965	965
342077	235	193160	965	965
271241	235	199912	965	965
228093	235	188879	965	965
275577	235	189659	965	965
211448	235	190740	965	965
202339	235	188166	965	965
200569	235	249607	965	965
253751	235	188348	965	965
196832	235	189973	965	965
210882	235	197453	965	965
210255	235	189055	965	965
227508	235	189465	965	965
250309	235	188246	965	965
194546	235	283342	965	965
207222	235	188702	965	965
211027	235	188635	965	965
268191	235	191062	965	965
272103	235	189752	965	965
354228	282	349167	965	965
252692	235	189383	965	965
213819	235	189793	965	965
323511	33	191173	965	965
356810	282	336786	965	965
321422	235	190707	965	965
265126	235	191092	965	965
304454	235	195354	965	965
264106	235	188345	965	965
204042	235	188067	965	965
196127	235	190900	965	965
239575	235	188469	965	965
195488	235	189973	965	965
291958	235	190935	965	965
330256	235	193446	965	965
218273	235	190564	965	965
204121	235	189753	965	965
200772	235	188507	965	965
201383	235	189671	965	965
207365	235	188381	965	965
276522	235	191462	965	965
237009	235	189307	965	965
191852	235	188894	965	965
277186	139	280786	965	965
192110	282	189365	965	965
199442	235	188907	965	965
234108	235	189648	965	965
201816	235	188785	965	965
242066	235	202439	965	965
221829	235	188021	965	965
193311	235	189017	965	965
194700	139	199504	965	965
195068	235	189351	965	965
220692	235	188450	965	965
229867	235	188175	965	965
367484	139	264300	965	965
279801	235	189136	965	965
193063	235	188015	965	965
363963	282	240954	965	965
230569	235	190526	965	965
204263	235	188489	965	965
275054	235	191096	965	965
210122	235	189692	965	965
223901	235	188808	965	965
208560	235	189179	965	965
235511	235	191454	965	965
310755	235	189083	965	965
199299	235	189362	965	965
221926	282	189204	965	965
194680	235	188584	965	965
228370	235	188209	965	965
221611	235	188601	965	965
263318	235	206441	965	965
311756	235	189579	965	965
205273	235	188345	965	965
226625	235	199092	965	965
201574	235	191857	965	965
198247	235	191454	965	965
226359	235	188599	965	965
221594	235	188260	965	965
255459	235	188792	965	965
235733	235	189062	965	965
225614	52	328752	965	965
214497	235	191208	965	965
315338	282	191098	965	965
339746	139	192265	965	965
214057	139	275030	965	965
316344	235	263954	965	965
360165	282	366365	965	965
266568	282	191098	965	965
210043	235	188382	965	965
282918	235	193468	965	965
209058	235	188107	965	965
261290	235	189055	965	965
232908	235	190091	965	965
296755	235	188705	965	965
278427	235	190558	965	965
248181	139	340908	965	965
206443	235	188681	965	965
299106	235	191858	965	965
227248	235	190103	965	965
373228	282	194480	965	965
196558	235	188075	965	965
211387	235	188298	965	965
264929	235	255167	965	965
365234	139	361387	965	965
209507	235	188249	965	965
229081	235	189908	965	965
214708	235	188630	965	965
205903	235	189499	965	965
240281	235	191452	965	965
280237	235	191512	965	965
232100	235	188657	965	965
226891	235	188899	965	965
211465	235	188935	965	965
201959	52	372834	965	965
224464	235	188538	965	965
218168	235	189092	965	965
371199	273	208373	965	965
198014	235	188993	965	965
218962	235	188509	965	965
203104	235	188736	965	965
233279	235	188557	965	965
333589	235	193617	965	965
246843	235	191675	965	965
206500	235	190123	965	965
251389	235	201594	965	965
293548	235	194695	965	965
196435	235	189552	965	965
245629	235	210768	965	965
208846	235	189164	965	965
214821	235	188127	965	965
261619	235	188358	965	965
273534	235	189157	965	965
210999	235	190554	965	965
298012	235	191452	965	965
216548	235	219800	965	965
211958	235	188320	965	965
296825	235	189905	965	965
202442	235	188202	965	965
237161	235	188592	965	965
206956	235	265762	965	965
227877	235	190715	965	965
188381	239	199874	965	965
282267	52	284614	965	965
282830	235	192612	965	965
203612	235	193342	965	965
248906	282	291840	965	965
269776	235	188237	965	965
225292	235	188619	965	965
232332	235	190385	965	965
200852	235	188317	965	965
192207	282	204634	965	965
213799	235	190157	965	965
237663	235	190275	965	965
219384	235	189150	965	965
244449	235	194551	965	965
193609	52	329616	965	965
304120	235	189487	965	965
296730	235	234973	965	965
264957	235	195255	965	965
295523	235	189514	965	965
216793	235	188173	965	965
306593	235	191407	965	965
275556	235	188738	965	965
214845	235	188390	965	965
253646	235	188414	965	965
266382	235	188074	965	965
203463	235	188027	965	965
197434	235	189307	965	965
327551	52	192039	965	965
208646	235	210738	965	965
230281	235	188066	965	965
240406	235	190066	965	965
221669	235	188757	965	965
309437	235	190244	965	965
233853	235	190682	965	965
211941	235	188847	965	965
322420	139	192854	965	965
361387	282	365234	965	965
203640	235	188648	965	965
254019	235	188402	965	965
195226	235	229878	965	965
194709	235	190576	965	965
290086	235	188707	965	965
230906	282	188295	965	965
278678	235	193752	965	965
212749	235	190149	965	965
220295	235	188803	965	965
201930	235	189815	965	965
188910	239	218876	965	965
322207	235	190896	965	965
339176	52	361937	965	965
312809	235	189872	965	965
284765	235	189383	965	965
261556	235	190196	965	965
204556	235	188489	965	965
212144	235	198505	965	965
213862	235	188173	965	965
214809	282	224080	965	965
374454	235	200324	965	965
194322	235	188635	965	965
274263	235	190138	965	965
206474	235	188314	965	965
218791	235	250353	965	965
246414	235	188388	965	965
227657	235	188223	965	965
212077	235	190413	965	965
242185	235	191062	965	965
303643	235	188265	965	965
226897	52	308274	965	965
294381	235	189083	965	965
214215	235	188815	965	965
254379	235	188070	965	965
255347	235	191936	965	965
255562	235	188164	965	965
197309	235	188441	965	965
261138	235	189563	965	965
193816	235	188599	965	965
217580	235	188950	965	965
327947	235	212118	965	965
305622	235	189642	965	965
267689	235	191254	965	965
242975	235	188414	965	965
191098	139	315338	965	965
237389	235	191571	965	965
263723	235	190267	965	965
305174	235	196095	965	965
214973	235	215938	965	965
249212	235	189642	965	965
212449	235	188050	965	965
205083	235	189291	965	965
361679	235	188954	965	965
243284	235	190068	965	965
276009	235	188458	965	965
213350	235	188390	965	965
245086	235	190264	965	965
192851	282	270293	965	965
201279	235	188737	965	965
197792	282	197704	965	965
247052	235	372489	965	965
290727	235	188265	965	965
198789	235	190746	965	965
226710	235	192745	965	965
198660	235	188321	965	965
248872	235	190395	965	965
286121	235	188567	965	965
195588	52	338690	965	965
259656	235	224479	965	965
268998	235	189659	965	965
209610	139	221769	965	965
197332	235	188935	965	965
199478	235	188483	965	965
212029	235	198037	965	965
360001	282	371651	965	965
215481	235	206374	965	965
318221	235	188054	965	965
274265	235	205808	965	965
201679	235	188162	965	965
277759	235	195219	965	965
247634	235	188714	965	965
262787	235	195785	965	965
199174	235	188105	965	965
194352	235	215120	965	965
237579	235	206356	965	965
201733	235	189466	965	965
319709	101	188002	965	965
221065	235	188240	965	965
281784	235	190936	965	965
243217	235	188629	965	965
254503	235	235638	965	965
197716	235	189134	965	965
201651	235	189230	965	965
234375	235	189041	965	965
207927	235	188795	965	965
290519	235	188440	965	965
222684	235	194881	965	965
268411	235	189858	965	965
239066	235	189376	965	965
330320	235	191879	965	965
214973	235	190298	965	965
346182	139	363152	965	965
307924	235	189203	965	965
193016	52	310902	965	965
196454	235	191980	965	965
225998	235	189075	965	965
208231	235	188808	965	965
202739	235	189238	965	965
208933	235	188706	965	965
192721	235	188420	965	965
193934	235	190373	965	965
197680	235	188980	965	965
192616	235	190520	965	965
192235	52	288372	965	965
201307	235	189291	965	965
203087	139	247045	965	965
298433	282	188295	965	965
222802	235	188019	965	965
235585	235	208306	965	965
276175	235	189293	965	965
193739	235	190153	965	965
273859	235	190963	965	965
196798	235	188392	965	965
196644	235	190298	965	965
253267	235	188980	965	965
295247	235	188511	965	965
283416	235	190855	965	965
238565	282	188295	965	965
270296	235	191306	965	965
258660	235	189523	965	965
195060	235	190068	965	965
246270	235	188557	965	965
237904	235	224130	965	965
207830	235	188451	965	965
323896	282	191267	965	965
205168	235	189198	965	965
259301	235	189851	965	965
260296	235	189690	965	965
251997	235	189036	965	965
330879	235	191990	965	965
200323	235	189325	965	965
195321	235	188677	965	965
234968	235	189970	965	965
197025	235	188085	965	965
225169	235	188803	965	965
357856	282	327741	965	965
219193	235	188649	965	965
317343	235	189998	965	965
232700	235	189925	965	965
297136	235	189659	965	965
203001	235	188030	965	965
258686	235	191312	965	965
344514	235	222767	965	965
291548	235	189853	965	965
249646	235	190307	965	965
260621	235	198478	965	965
204590	235	188713	965	965
263299	235	188761	965	965
223644	235	189952	965	965
214320	235	190809	965	965
220330	235	198478	965	965
245658	235	189308	965	965
200168	235	188418	965	965
229938	235	188094	965	965
197862	235	188079	965	965
197108	235	189361	965	965
309787	235	189681	965	965
258809	235	190019	965	965
291297	235	192520	965	965
222697	235	188925	965	965
269537	235	189998	965	965
255128	235	189097	965	965
210913	235	189998	965	965
216053	235	190275	965	965
217818	235	189246	965	965
202239	235	188116	965	965
219501	235	188482	965	965
200904	235	188901	965	965
227553	235	188519	965	965
209221	235	188055	965	965
226888	235	262423	965	965
205220	235	189203	965	965
261308	139	254931	965	965
228445	235	189081	965	965
220043	235	188122	965	965
213956	235	190398	965	965
296596	235	192397	965	965
216006	235	189705	965	965
234668	235	192038	965	965
276483	235	193075	965	965
280276	235	188182	965	965
193319	235	188964	965	965
289213	235	190526	965	965
200385	235	190062	965	965
194993	282	346702	965	965
263469	235	190033	965	965
214082	235	194551	965	965
207022	235	190981	965	965
313374	235	189121	965	965
269728	235	188665	965	965
335711	52	240954	965	965
352885	139	264216	965	965
213386	235	192240	965	965
191949	106	298262	965	965
302652	235	191668	965	965
224583	235	190011	965	965
195696	235	189345	965	965
289902	235	188943	965	965
292333	235	190141	965	965
197360	235	189919	965	965
255282	235	189846	965	965
193069	235	191756	965	965
215805	235	188493	965	965
218466	235	188677	965	965
218672	235	188381	965	965
310222	235	191062	965	965
208028	235	188441	965	965
274225	235	188264	965	965
271867	235	189319	965	965
230794	235	189732	965	965
272769	235	193198	965	965
215331	235	198087	965	965
214198	235	189874	965	965
191845	139	322643	965	965
248752	235	188408	965	965
303915	235	190118	965	965
217884	235	188408	965	965
278367	235	292911	965	965
216819	235	188226	965	965
203920	235	188621	965	965
223278	235	189329	965	965
220412	282	198404	965	965
198545	235	188658	965	965
211736	235	188551	965	965
317344	52	251837	965	965
206713	235	188697	965	965
294505	235	206860	965	965
229165	235	188801	965	965
245673	235	191980	965	965
277996	235	189699	965	965
358863	33	188554	965	965
206731	235	188241	965	965
211343	235	189307	965	965
238478	235	188659	965	965
284013	235	193386	965	965
197035	235	189150	965	965
196203	235	189012	965	965
239876	235	188812	965	965
209207	235	194970	965	965
268308	235	190900	965	965
287006	235	189070	965	965
365234	139	317542	965	965
224406	235	191142	965	965
228964	235	189651	965	965
195450	235	191179	965	965
196704	235	372489	965	965
199967	282	366365	965	965
205800	235	189613	965	965
255128	235	189209	965	965
274362	235	188218	965	965
289804	235	191271	965	965
194225	235	188524	965	965
248416	235	206694	965	965
273539	235	189885	965	965
226232	235	196306	965	965
268351	235	189319	965	965
195083	235	194100	965	965
284251	235	191163	965	965
292124	235	195958	965	965
201813	235	189709	965	965
262560	235	189043	965	965
191691	235	202993	965	965
205637	235	189718	965	965
237482	235	190531	965	965
280786	282	277186	965	965
250322	235	189605	965	965
231165	235	190836	965	965
237530	282	215753	965	965
209875	235	188776	965	965
243815	235	188094	965	965
259474	235	188480	965	965
201851	235	188514	965	965
191098	139	266568	965	965
336928	235	191255	965	965
276630	235	188469	965	965
198750	235	188743	965	965
237256	235	225227	965	965
218335	235	188281	965	965
192779	235	189103	965	965
203122	235	190871	965	965
205359	235	188264	965	965
193703	235	192190	965	965
280730	235	206044	965	965
358083	139	240314	965	965
204072	235	188044	965	965
256681	235	189544	965	965
311989	235	188419	965	965
277572	235	189448	965	965
258683	235	189201	965	965
238000	235	188760	965	965
222194	235	189734	965	965
221422	235	189153	965	965
274245	282	189733	965	965
365234	139	365477	965	965
245745	235	188391	965	965
190906	235	236844	965	965
192307	235	190665	965	965
281952	235	188101	965	965
197642	235	188558	965	965
199400	235	196044	965	965
203203	235	189883	965	965
259790	282	190086	965	965
213651	235	189140	965	965
287401	235	211507	965	965
198394	235	194976	965	965
277046	235	190368	965	965
245454	235	189690	965	965
285898	235	188284	965	965
198987	235	188989	965	965
235581	235	188457	965	965
326393	33	188654	965	965
204001	235	188113	965	965
194898	235	188155	965	965
199726	235	191989	965	965
280752	235	190191	965	965
212448	235	197798	965	965
195604	235	188839	965	965
210301	235	190863	965	965
208857	235	189982	965	965
212596	235	188381	965	965
193109	235	188544	965	965
209063	235	196855	965	965
229241	235	189720	965	965
267516	235	190499	965	965
209234	235	192240	965	965
193890	235	189568	965	965
201119	235	189443	965	965
241372	235	190682	965	965
229416	235	190555	965	965
282209	235	192648	965	965
194524	235	188574	965	965
205319	235	194463	965	965
278763	235	190532	965	965
264574	235	188055	965	965
209508	235	188547	965	965
192851	52	270293	965	965
251539	235	191136	965	965
306216	235	189320	965	965
197780	235	188014	965	965
239102	235	189495	965	965
217191	235	189338	965	965
193143	235	188489	965	965
233689	235	189647	965	965
220273	235	188250	965	965
290694	235	195138	965	965
275997	235	189202	965	965
261494	235	196665	965	965
217883	235	188107	965	965
304414	235	191136	965	965
254725	235	192766	965	965
270208	235	189500	965	965
205217	235	192302	965	965
231406	235	190139	965	965
342597	235	188744	965	965
194474	235	188031	965	965
202213	235	198459	965	965
200049	235	188393	965	965
304963	235	188469	965	965
221102	235	191512	965	965
267036	235	188808	965	965
336123	235	190646	965	965
290748	235	188403	965	965
243462	235	188019	965	965
211278	235	188026	965	965
242895	235	189449	965	965
228167	235	188078	965	965
213863	235	188617	965	965
199680	235	197957	965	965
266687	235	189847	965	965
209825	235	188989	965	965
214020	235	188145	965	965
339569	235	190048	965	965
341465	235	193753	965	965
191227	235	195695	965	965
201847	235	188316	965	965
252312	235	188452	965	965
199810	235	188076	965	965
232587	235	189539	965	965
205931	235	188308	965	965
216697	235	188829	965	965
254115	235	188564	965	965
258050	235	188420	965	965
205152	235	188792	965	965
251920	235	189753	965	965
253128	235	189255	965	965
235520	235	263954	965	965
213832	235	192024	965	965
195491	235	191731	965	965
282751	235	192144	965	965
199506	235	191990	965	965
196180	235	190074	965	965
194628	235	190048	965	965
205086	235	189245	965	965
256252	235	190083	965	965
217624	235	189523	965	965
193193	235	188025	965	965
253421	235	189638	965	965
207048	235	191161	965	965
265377	235	189289	965	965
228113	235	189682	965	965
221419	235	188202	965	965
300431	235	193512	965	965
272433	282	190783	965	965
339746	139	205371	965	965
205217	235	245374	965	965
197392	235	190171	965	965
217113	235	188471	965	965
276373	235	201712	965	965
292306	235	191780	965	965
361139	235	190538	965	965
229525	235	188130	965	965
223653	235	188785	965	965
198062	235	190679	965	965
198253	235	189789	965	965
208299	235	188253	965	965
214980	235	189597	965	965
307284	235	295186	965	965
198746	235	188812	965	965
194820	235	188094	965	965
204362	235	188136	965	965
260803	235	188458	965	965
240099	235	189303	965	965
218298	235	188801	965	965
243408	235	188744	965	965
252145	235	188337	965	965
275398	235	188798	965	965
215385	235	188094	965	965
198797	235	189137	965	965
207648	235	189826	965	965
319720	235	205808	965	965
281608	235	190850	965	965
217985	235	188098	965	965
314146	235	189249	965	965
281405	235	188808	965	965
197910	235	188390	965	965
246270	235	188917	965	965
289418	235	190595	965	965
207626	235	189649	965	965
219005	235	189156	965	965
194228	235	188345	965	965
256686	235	192592	965	965
288903	282	199826	965	965
270992	235	188610	965	965
201279	235	189097	965	965
373886	282	190086	965	965
216358	235	190289	965	965
203190	235	188685	965	965
274514	235	191452	965	965
235548	235	192592	965	965
222123	235	189727	965	965
210434	235	189033	965	965
209536	235	188685	965	965
217223	235	291285	965	965
259664	235	188681	965	965
214949	235	189168	965	965
261082	235	189680	965	965
245020	235	190928	965	965
296456	235	189326	965	965
208801	235	188596	965	965
275710	235	189747	965	965
207415	235	188019	965	965
249979	235	190006	965	965
229639	235	188601	965	965
203789	235	189797	965	965
282368	235	195851	965	965
326290	235	188557	965	965
253592	235	189333	965	965
207903	235	189000	965	965
217758	235	188394	965	965
209528	235	189259	965	965
257309	282	245685	965	965
197690	235	189892	965	965
244407	235	211850	965	965
214343	235	189053	965	965
208642	235	229878	965	965
259989	235	189391	965	965
214365	235	190134	965	965
195652	235	188899	965	965
211295	235	193140	965	965
227040	235	188486	965	965
211646	235	188244	965	965
258931	235	206608	965	965
287810	235	189048	965	965
256418	52	373722	965	965
192000	235	188092	965	965
228944	235	189347	965	965
201362	235	200041	965	965
196323	235	189770	965	965
196822	235	188089	965	965
268035	235	191768	965	965
338524	273	187995	965	965
257242	235	188803	965	965
229511	235	210415	965	965
206025	235	188055	965	965
193809	235	188744	965	965
356383	139	190766	965	965
196237	52	190247	965	965
247375	235	189747	965	965
196438	235	188059	965	965
203796	235	188584	965	965
275198	235	200395	965	965
239810	235	188972	965	965
201949	235	188175	965	965
199309	235	190082	965	965
242898	235	188298	965	965
225246	235	190039	965	965
278404	282	373234	965	965
217019	235	189386	965	965
221083	235	189352	965	965
286229	235	202375	965	965
249498	235	189501	965	965
235125	235	188454	965	965
253827	235	190141	965	965
210822	235	189053	965	965
317429	52	193759	965	965
295007	235	188348	965	965
208481	235	189021	965	965
280004	235	188089	965	965
226120	235	188173	965	965
263520	235	188056	965	965
191861	235	188334	965	965
218517	235	189230	965	965
204328	235	189011	965	965
198541	235	188858	965	965
193739	235	189524	965	965
288476	235	197676	965	965
336812	235	189121	965	965
251338	235	193895	965	965
219850	235	188434	965	965
198414	235	189148	965	965
330745	235	188241	965	965
312665	235	192754	965	965
215476	235	188126	965	965
296306	235	189563	965	965
265126	235	198900	965	965
236536	235	212876	965	965
339746	139	205753	965	965
298682	235	190183	965	965
252091	235	188140	965	965
217708	235	192882	965	965
289706	282	192224	965	965
212565	235	189077	965	965
214301	235	190104	965	965
323336	235	190780	965	965
198300	235	189725	965	965
193883	235	189188	965	965
247072	235	192225	965	965
235931	235	188557	965	965
225645	235	191478	965	965
201827	235	189034	965	965
348182	235	188470	965	965
327553	235	188402	965	965
244236	235	188404	965	965
339746	139	302569	965	965
252785	235	235043	965	965
203136	235	190771	965	965
226307	235	188421	965	965
296075	235	190192	965	965
291489	235	192446	965	965
194641	235	188393	965	965
202457	235	188997	965	965
198947	235	189468	965	965
200985	235	191179	965	965
242104	235	188066	965	965
238753	235	189809	965	965
261464	235	194961	965	965
216803	235	189149	965	965
313489	282	366151	965	965
206219	235	188629	965	965
193241	235	189677	965	965
274566	235	189401	965	965
342711	235	193160	965	965
300637	282	308161	965	965
322958	282	331934	965	965
303629	235	191693	965	965
290467	235	189872	965	965
219471	235	201185	965	965
218099	235	188669	965	965
209587	235	189077	965	965
318110	235	189715	965	965
267464	235	197896	965	965
253504	235	197277	965	965
243977	235	188164	965	965
247843	235	190724	965	965
223599	235	188526	965	965
188769	139	232600	965	965
205791	235	188815	965	965
215293	235	188781	965	965
206199	235	189203	965	965
217543	235	188985	965	965
205721	235	188918	965	965
221019	235	191213	965	965
230631	235	188829	965	965
218582	235	200701	965	965
201461	235	196099	965	965
223275	235	188086	965	965
195472	235	188556	965	965
278004	235	190827	965	965
225055	235	189244	965	965
324352	139	224321	965	965
217399	235	196485	965	965
194623	235	189493	965	965
313468	235	189386	965	965
237743	235	188494	965	965
279304	235	189307	965	965
339746	139	311821	965	965
232624	52	267546	965	965
261240	235	189103	965	965
199333	235	188448	965	965
276971	235	191179	965	965
210247	235	189455	965	965
285301	235	211574	965	965
205339	235	190062	965	965
239677	235	189048	965	965
202213	235	191698	965	965
269247	235	190141	965	965
284461	33	189170	965	965
204914	235	191828	965	965
292290	235	190118	965	965
227003	235	190796	965	965
274105	235	188712	965	965
198090	235	188072	965	965
254826	235	237651	965	965
200724	235	190171	965	965
199888	235	191179	965	965
265884	282	309554	965	965
280634	235	189449	965	965
308100	235	191828	965	965
198452	235	188206	965	965
234021	235	248449	965	965
275066	235	189697	965	965
308746	282	331934	965	965
250150	235	189529	965	965
226264	235	190515	965	965
275341	235	190969	965	965
235568	235	188127	965	965
236016	235	188577	965	965
231528	235	274259	965	965
193305	235	191087	965	965
203625	235	189883	965	965
215807	235	188227	965	965
241818	235	191625	965	965
346182	139	279163	965	965
194315	235	189230	965	965
268432	235	188019	965	965
215314	235	190184	965	965
230727	235	189098	965	965
328580	235	189001	965	965
217992	235	192487	965	965
211221	235	190312	965	965
194103	235	189021	965	965
202674	235	189166	965	965
188031	239	195477	965	965
212722	235	189107	965	965
217773	235	188019	965	965
279717	235	205974	965	965
200406	235	189653	965	965
243917	235	189529	965	965
207001	235	188344	965	965
202146	235	188165	965	965
206919	235	188284	965	965
239954	235	193810	965	965
242458	282	192589	965	965
237871	235	190215	965	965
198068	235	194553	965	965
273405	235	190127	965	965
276809	235	188561	965	965
275187	235	189003	965	965
335679	235	209992	965	965
276068	235	188314	965	965
238529	235	189740	965	965
257312	235	188436	965	965
252926	235	188773	965	965
275728	235	188557	965	965
275666	235	192397	965	965
271712	235	189410	965	965
202554	235	188685	965	965
272802	235	191907	965	965
247416	235	189307	965	965
238524	235	189273	965	965
195279	235	188040	965	965
228204	235	188432	965	965
283989	33	189625	965	965
313489	282	358083	965	965
238484	235	188348	965	965
342679	282	328423	965	965
220304	235	189575	965	965
306822	282	328423	965	965
200985	235	189814	965	965
246364	235	193198	965	965
225142	235	188307	965	965
311452	235	201594	965	965
211325	235	189157	965	965
194268	235	193075	965	965
241627	235	195295	965	965
230267	235	188065	965	965
202164	235	188461	965	965
212531	235	191781	965	965
309214	235	189519	965	965
310337	235	189164	965	965
313489	52	358083	965	965
275756	235	207936	965	965
226445	235	189734	965	965
212113	235	192618	965	965
317512	235	189438	965	965
203889	235	188096	965	965
257546	235	191304	965	965
193014	235	202604	965	965
293674	235	188068	965	965
251343	235	188204	965	965
251858	235	189972	965	965
248181	139	355159	965	965
261034	235	201273	965	965
196998	235	189321	965	965
225406	235	192446	965	965
296196	139	373968	965	965
209985	235	189431	965	965
198800	235	189152	965	965
195176	235	189443	965	965
195402	235	188029	965	965
247320	235	189455	965	965
214501	235	188050	965	965
271891	235	192190	965	965
202709	235	189982	965	965
216459	235	190159	965	965
232643	235	188567	965	965
329077	52	356463	965	965
265689	235	192821	965	965
239423	235	190432	965	965
233399	235	189709	965	965
200217	235	190773	965	965
218266	235	201273	965	965
216080	235	189872	965	965
211370	235	194553	965	965
201121	235	189939	965	965
196094	235	188113	965	965
260612	235	219979	965	965
200610	235	188165	965	965
220648	235	188509	965	965
313489	282	319261	965	965
316709	235	189162	965	965
278611	235	189973	965	965
284765	235	188838	965	965
218003	235	190453	965	965
188125	254	210150	965	965
289752	235	189835	965	965
217203	235	191698	965	965
253012	235	189307	965	965
216745	235	189687	965	965
195850	235	188488	965	965
208582	235	188478	965	965
278415	235	191306	965	965
223429	235	188113	965	965
228895	235	188890	965	965
200047	235	188088	965	965
202156	235	188989	965	965
250166	235	189463	965	965
211970	235	188633	965	965
250829	235	194553	965	965
223508	235	188574	965	965
203064	235	243874	965	965
218740	235	195105	965	965
262960	235	190009	965	965
240508	235	189010	965	965
247116	235	209539	965	965
247143	235	192737	965	965
205070	235	188298	965	965
197833	235	188079	965	965
240972	235	189642	965	965
219977	52	299467	965	965
197912	235	191162	965	965
196187	235	190871	965	965
229935	235	188122	965	965
202223	235	188869	965	965
275633	235	191271	965	965
252591	235	188420	965	965
210459	235	188027	965	965
330914	33	188460	965	965
198640	235	189326	965	965
225357	235	189651	965	965
287922	235	188907	965	965
213599	235	372489	965	965
199488	235	188620	965	965
283298	235	189902	965	965
219833	235	188260	965	965
198332	235	191407	965	965
212935	235	191375	965	965
256067	235	188294	965	965
238464	235	188523	965	965
285437	235	188917	965	965
234842	235	191778	965	965
297259	235	188557	965	965
248170	235	191452	965	965
217587	235	193164	965	965
237324	235	192766	965	965
193168	282	193725	965	965
264625	235	191105	965	965
295635	235	216845	965	965
195684	235	188853	965	965
200916	235	191230	965	965
207259	235	188033	965	965
225101	235	188074	965	965
197699	235	188068	965	965
254782	235	239870	965	965
210174	235	238061	965	965
282133	52	209610	965	965
198479	235	188207	965	965
258745	235	189047	965	965
231863	235	188798	965	965
228135	235	199240	965	965
198449	235	188048	965	965
200599	235	188887	965	965
197873	235	192612	965	965
221049	235	188244	965	965
210675	235	190903	965	965
199241	235	190679	965	965
216474	235	190261	965	965
202474	235	188519	965	965
321983	139	286260	965	965
248816	235	189053	965	965
207539	52	361667	965	965
226177	235	191409	965	965
225200	235	188294	965	965
251571	235	191500	965	965
243357	235	191454	965	965
204235	235	188685	965	965
269645	235	199240	965	965
201246	235	188489	965	965
315451	235	189939	965	965
276320	235	189664	965	965
222137	235	190506	965	965
207998	235	189002	965	965
225281	235	189751	965	965
210683	235	189017	965	965
197861	235	197068	965	965
214582	235	191370	965	965
219647	235	188542	965	965
209676	235	188971	965	965
220237	235	191370	965	965
221083	235	189098	965	965
363186	33	188588	965	965
197871	235	188827	965	965
221832	235	205820	965	965
226148	235	189982	965	965
196764	139	196198	965	965
217177	235	188601	965	965
269755	235	188404	965	965
207142	235	192284	965	965
239168	235	191136	965	965
214018	235	188348	965	965
268385	235	193752	965	965
238889	235	190469	965	965
261117	235	189053	965	965
247851	235	188182	965	965
193834	235	191192	965	965
221136	235	192499	965	965
200550	235	188649	965	965
209993	235	188414	965	965
201580	235	188037	965	965
275201	235	192612	965	965
199546	235	190684	965	965
203399	235	188034	965	965
199570	235	188481	965	965
279577	235	190141	965	965
199699	235	188801	965	965
263050	235	189517	965	965
188284	239	200702	965	965
244581	235	189013	965	965
209730	235	189315	965	965
334572	235	189534	965	965
226889	235	192619	965	965
231474	235	190477	965	965
220392	235	191512	965	965
256621	235	188107	965	965
196175	235	208679	965	965
258014	235	189789	965	965
308668	235	189514	965	965
222174	235	191390	965	965
195202	235	188319	965	965
250362	235	190965	965	965
313957	235	189001	965	965
270544	235	197068	965	965
206504	235	188584	965	965
209236	235	188390	965	965
203968	235	189930	965	965
369051	49	253947	965	965
196836	235	188596	965	965
216702	235	188365	965	965
338074	235	190141	965	965
210307	282	267546	965	965
287521	235	190312	965	965
217430	235	189678	965	965
374454	235	195630	965	965
261088	235	188243	965	965
228509	235	191673	965	965
297252	282	361667	965	965
332761	235	190801	965	965
202320	235	188559	965	965
192888	235	188061	965	965
235791	235	188028	965	965
246411	235	190432	965	965
207981	235	189886	965	965
270582	235	188535	965	965
240131	235	188294	965	965
260291	235	189659	965	965
294901	235	191136	965	965
279910	235	189053	965	965
226897	52	307706	965	965
194337	235	240664	965	965
207925	235	188164	965	965
273141	235	188356	965	965
348447	282	205915	965	965
368591	282	251069	965	965
197834	235	188306	965	965
250384	235	188619	965	965
214568	235	191917	965	965
276435	235	189588	965	965
192337	235	192920	965	965
248617	235	192328	965	965
269563	235	188116	965	965
282145	235	189039	965	965
282126	235	189240	965	965
257438	235	188189	965	965
296196	139	298714	965	965
198308	235	188345	965	965
214465	235	198087	965	965
202533	235	189523	965	965
222058	235	188256	965	965
302492	235	188890	965	965
204315	235	188248	965	965
226840	235	189886	965	965
201823	235	188113	965	965
221113	235	188815	965	965
271114	235	189053	965	965
219046	282	188930	965	965
236559	235	188158	965	965
249424	235	190381	965	965
234780	235	188269	965	965
267542	235	189949	965	965
321990	235	190038	965	965
199577	235	188097	965	965
239086	235	239087	965	965
271424	235	189071	965	965
335408	282	200789	965	965
235147	235	189102	965	965
226121	235	188865	965	965
226407	235	189164	965	965
203571	235	188803	965	965
256059	235	191180	965	965
355478	139	228408	965	965
192861	235	189207	965	965
200610	235	188035	965	965
239948	52	192892	965	965
193796	235	190844	965	965
241834	235	188901	965	965
291552	235	191823	965	965
210555	235	188925	965	965
197831	235	188995	965	965
243930	235	189275	965	965
280088	282	189478	965	965
208541	235	188409	965	965
204287	235	189421	965	965
275320	235	191890	965	965
237710	235	221817	965	965
237009	235	188792	965	965
304007	235	190467	965	965
267431	235	189509	965	965
198751	235	188076	965	965
245167	235	259079	965	965
280337	235	190215	965	965
255656	235	189307	965	965
214746	235	188580	965	965
230067	282	346136	965	965
205891	235	190572	965	965
199735	282	192154	965	965
218963	235	188622	965	965
199003	235	189559	965	965
247556	235	201594	965	965
221208	235	191698	965	965
199087	235	193164	965	965
258781	52	331254	965	965
303505	139	250427	965	965
235220	282	333239	965	965
332651	235	246078	965	965
261582	235	189000	965	965
197572	235	188330	965	965
248313	235	188473	965	965
253537	235	203827	965	965
220016	235	188612	965	965
281560	235	256165	965	965
194680	235	188129	965	965
217127	235	188542	965	965
287281	235	189913	965	965
192276	235	191995	965	965
302878	235	194551	965	965
210980	235	188056	965	965
269448	235	190183	965	965
201066	235	188367	965	965
249120	235	189316	965	965
262942	235	220155	965	965
202636	235	188925	965	965
215332	235	188250	965	965
233739	235	188773	965	965
296045	235	189350	965	965
296125	235	195785	965	965
207354	235	189671	965	965
232105	235	189410	965	965
275030	282	214057	965	965
208487	235	202866	965	965
234012	235	190746	965	965
213307	235	189539	965	965
279620	235	190775	965	965
198414	235	188985	965	965
192276	235	191698	965	965
198655	235	190138	965	965
282449	139	297445	965	965
213473	235	189159	965	965
210033	235	258693	965	965
213158	235	188727	965	965
269037	235	188348	965	965
260427	235	195522	965	965
270033	235	190140	965	965
314582	235	189201	965	965
239344	235	188053	965	965
205077	235	188206	965	965
267442	235	189035	965	965
221500	235	188535	965	965
267212	235	188795	965	965
254015	282	190997	965	965
285800	52	356277	965	965
229770	235	195522	965	965
208159	235	188487	965	965
212272	52	346601	965	965
250143	235	194060	965	965
213275	235	203476	965	965
240743	235	189750	965	965
193898	235	193532	965	965
273750	235	221986	965	965
259465	235	188677	965	965
254985	235	188815	965	965
265340	282	194163	965	965
265429	235	189471	965	965
237137	235	192904	965	965
208132	235	188895	965	965
195859	235	188208	965	965
229324	235	190053	965	965
204027	235	189453	965	965
220874	235	209343	965	965
361248	290	190341	965	965
252566	235	217727	965	965
197369	235	304737	965	965
203494	235	188069	965	965
203850	235	189289	965	965
201568	235	188145	965	965
243257	235	197798	965	965
219645	235	188738	965	965
235585	235	189030	965	965
256221	235	188682	965	965
199829	235	189105	965	965
215482	235	188088	965	965
195812	235	189982	965	965
303281	282	308161	965	965
202271	235	188838	965	965
195353	235	217224	965	965
256339	235	189395	965	965
197061	235	188165	965	965
244124	235	188897	965	965
264038	235	190311	965	965
252803	235	188201	965	965
226807	235	188817	965	965
347340	235	188465	965	965
240045	235	188378	965	965
296196	139	356249	965	965
256515	235	188649	965	965
249922	235	189610	965	965
229710	235	190194	965	965
229118	235	200255	965	965
223490	235	188726	965	965
196007	235	198900	965	965
220709	235	190833	965	965
201886	235	188171	965	965
308852	235	199119	965	965
195361	235	188202	965	965
197006	235	188172	965	965
219388	235	189033	965	965
230146	235	189512	965	965
236522	235	199092	965	965
296394	52	331038	965	965
222312	235	190417	965	965
256621	235	188546	965	965
204714	235	189394	965	965
200658	235	189487	965	965
226352	235	224130	965	965
228464	235	189245	965	965
199561	235	195354	965	965
206127	235	189816	965	965
263739	235	189138	965	965
214456	235	188900	965	965
195422	235	190335	965	965
201271	235	188847	965	965
203267	235	189613	965	965
241215	235	188803	965	965
246595	235	189134	965	965
226442	235	192186	965	965
240541	235	188891	965	965
242798	235	198764	965	965
292602	235	188556	965	965
193457	235	188350	965	965
311594	235	190275	965	965
249744	235	189696	965	965
296394	282	331038	965	965
220744	235	189749	965	965
220002	235	188065	965	965
264520	235	188173	965	965
198608	235	188086	965	965
204642	235	190734	965	965
247511	235	191426	965	965
274251	235	189140	965	965
196695	235	189908	965	965
231135	235	193046	965	965
276600	235	188264	965	965
289669	235	188225	965	965
200382	235	188147	965	965
199013	235	188994	965	965
368970	235	198208	965	965
202172	235	188275	965	965
254218	235	211638	965	965
203649	235	197261	965	965
202448	235	188381	965	965
277607	235	189383	965	965
238083	235	188264	965	965
255745	235	190161	965	965
221105	235	188655	965	965
257334	235	188634	965	965
227151	235	190850	965	965
206233	235	188264	965	965
246676	235	190520	965	965
199816	235	191409	965	965
261722	235	188649	965	965
206830	235	188086	965	965
204006	235	188259	965	965
213968	235	191269	965	965
210692	235	189202	965	965
234227	235	199912	965	965
195707	235	190167	965	965
290655	235	191613	965	965
298923	235	202609	965	965
325696	235	190432	965	965
260261	235	189202	965	965
209515	235	190689	965	965
267746	282	326034	965	965
368959	282	192128	965	965
233888	235	219783	965	965
214702	235	189205	965	965
272476	235	188822	965	965
222142	235	188778	965	965
349958	282	201664	965	965
236548	235	188254	965	965
255483	235	189622	965	965
197155	235	188878	965	965
300909	235	194484	965	965
194639	52	355026	965	965
219191	235	188667	965	965
211689	235	188943	965	965
272520	235	189220	965	965
296580	235	188523	965	965
201568	235	188073	965	965
214324	235	188318	965	965
281454	235	189134	965	965
261879	235	190053	965	965
225647	235	191981	965	965
255633	235	190275	965	965
192972	235	188544	965	965
271243	235	191401	965	965
245634	235	190381	965	965
236375	235	190846	965	965
193086	235	188001	965	965
282240	235	189164	965	965
199592	235	188335	965	965
203357	235	188526	965	965
224801	235	192024	965	965
342522	52	331038	965	965
296738	235	257804	965	965
276993	235	189826	965	965
195534	235	190135	965	965
287049	235	191768	965	965
306732	282	346136	965	965
288429	235	190946	965	965
204480	235	188101	965	965
297959	235	192144	965	965
206876	235	192133	965	965
246656	235	191768	965	965
258344	235	211090	965	965
318397	235	189513	965	965
250301	235	189086	965	965
223414	235	191629	965	965
227701	235	189492	965	965
236975	235	239412	965	965
280752	235	264590	965	965
350338	235	193076	965	965
373324	139	230358	965	965
212445	235	189610	965	965
200648	235	188927	965	965
368769	282	363781	965	965
263609	235	193463	965	965
224850	235	241113	965	965
206888	235	192328	965	965
296241	235	190715	965	965
253026	235	188106	965	965
240375	282	308058	965	965
216800	235	188964	965	965
209825	235	188378	965	965
284958	282	189773	965	965
366961	235	188901	965	965
195436	235	188053	965	965
199930	235	189468	965	965
197994	235	189975	965	965
236191	235	197267	965	965
192779	235	191071	965	965
277394	235	189728	965	965
229685	235	188574	965	965
192064	235	193393	965	965
193183	235	188906	965	965
230346	235	188094	965	965
339176	52	356383	965	965
241429	235	190439	965	965
243393	235	189333	965	965
194327	235	189173	965	965
269553	235	189678	965	965
296394	52	343681	965	965
246172	235	189715	965	965
209871	235	189117	965	965
297319	235	189001	965	965
250155	235	190682	965	965
221208	235	191962	965	965
195653	235	190727	965	965
232713	235	188694	965	965
297502	235	189320	965	965
196968	235	188743	965	965
293971	235	192550	965	965
200173	235	192186	965	965
198427	235	188029	965	966
212899	235	188448	965	966
199501	235	189308	965	966
223405	235	188024	965	966
203722	235	189009	965	966
201930	235	193057	965	966
265493	235	189671	965	966
280276	235	189320	965	966
290299	235	224231	965	966
270807	235	207100	965	966
198144	235	188681	965	966
220860	235	188296	965	966
219720	235	189757	965	966
215683	235	188321	965	966
266623	235	190174	965	966
216862	235	191103	965	966
306862	235	189989	965	966
197360	235	188476	965	966
215264	235	188429	965	966
265216	235	191162	965	966
343287	235	193977	965	966
203796	235	188139	965	966
258847	235	190289	965	966
313827	235	190261	965	966
247808	235	196900	965	966
235187	235	189123	965	966
230247	235	188047	965	966
248376	235	190064	965	966
195720	235	190548	965	966
205491	235	188803	965	966
276596	235	188768	965	966
238316	235	189512	965	966
272042	235	188729	965	966
203340	235	188661	965	966
193516	235	188097	965	966
201875	235	189686	965	966
227402	235	193534	965	966
252388	235	191636	965	966
215528	235	188648	965	966
369364	235	189817	965	966
209744	235	188422	965	966
196798	235	188432	965	966
226302	235	191000	965	966
273540	235	190264	965	966
215069	235	191977	965	966
206407	235	188364	965	966
196116	235	188544	965	966
215183	235	189520	965	966
274364	235	188519	965	966
230794	235	188398	965	966
200377	235	188094	965	966
299664	235	188420	965	966
201224	235	188677	965	966
211743	235	189317	965	966
295123	235	254570	965	966
235931	235	188241	965	966
193515	235	188423	965	966
318768	235	189605	965	966
260488	235	188859	965	966
239151	235	188234	965	966
212781	235	189228	965	966
203919	235	188388	965	966
203400	235	193709	965	966
304251	235	189780	965	966
303915	235	265762	965	966
202524	235	188754	965	966
201649	235	188297	965	966
202440	235	188803	965	966
266435	235	191907	965	966
210424	235	188238	965	966
202271	235	188838	965	966
202923	235	188389	965	966
328233	235	190169	965	966
236564	235	190988	965	966
208662	235	188709	965	966
249154	235	189397	965	966
255217	235	189904	965	966
252568	235	196227	965	966
259850	235	191193	965	966
199457	235	189495	965	966
196836	235	188954	965	966
283277	235	190789	965	966
217011	235	188342	965	966
195766	235	190871	965	966
254536	235	190796	965	966
275492	235	188558	965	966
212101	235	189560	965	966
259656	235	233870	965	966
205574	235	189259	965	966
199886	235	191907	965	966
274966	235	189638	965	966
239449	235	214698	965	966
234308	235	200454	965	966
207863	235	189289	965	966
337506	235	189047	965	966
359423	235	189220	965	966
221819	235	191051	965	966
241362	235	188340	965	966
210177	235	189905	965	966
298402	235	188040	965	966
231032	235	189370	965	966
238433	235	188961	965	966
310081	235	198607	965	966
238524	235	189952	965	966
201212	235	189678	965	966
211514	235	189034	965	966
214610	235	188076	965	966
208400	235	188659	965	966
199354	235	188227	965	966
236845	235	188381	965	966
194247	235	190535	965	966
237602	235	191436	965	966
192930	235	188011	965	966
193738	235	188050	965	966
197423	235	189399	965	966
201154	235	255670	965	966
307105	235	189819	965	966
204441	235	188725	965	966
221112	235	188999	965	966
319873	235	189277	965	966
205526	235	189005	965	966
227247	235	189338	965	966
294305	235	189968	965	966
226891	235	190152	965	966
299184	235	190101	965	966
235046	235	188342	965	966
235240	235	188032	965	966
257765	235	221927	965	966
275219	235	188392	965	966
195601	235	188027	965	966
206251	235	190112	965	966
202779	235	188389	965	966
288802	235	188243	965	966
271979	235	196423	965	966
196862	235	190523	965	966
210459	235	188027	965	966
195908	235	188605	965	966
198365	235	188456	965	966
233942	235	200163	965	966
218419	235	214261	965	966
226507	235	188066	965	966
194730	235	188078	965	966
215245	235	208245	965	966
203239	235	188323	965	966
276273	235	189397	965	966
269449	235	192144	965	966
272389	235	188776	965	966
194088	235	188285	965	966
217775	235	192079	965	966
239820	235	189640	965	966
274539	235	191972	965	966
204263	235	188330	965	966
200235	235	188323	965	966
317524	235	189387	965	966
226345	235	188331	965	966
207420	235	192872	965	966
270556	235	188515	965	966
200527	235	188878	965	966
306957	235	205996	965	966
195862	235	188147	965	966
283286	235	189169	965	966
204195	235	188657	965	966
268947	235	189121	965	966
237210	235	188728	965	966
309405	235	211112	965	966
218332	235	189664	965	966
275210	235	189075	965	966
207110	235	189540	965	966
206933	235	188702	965	966
273363	235	230014	965	966
264860	235	225446	965	966
287984	235	189817	965	966
265408	235	207146	965	966
227487	235	213291	965	966
237227	235	188757	965	966
239911	235	189705	965	966
205898	235	188865	965	966
255309	235	190145	965	966
253813	235	229399	965	966
197870	235	189001	965	966
293209	235	188032	965	966
278451	235	189444	965	966
317979	235	191200	965	966
202333	235	188375	965	966
203933	235	189325	965	966
203155	235	188562	965	966
197579	235	189554	965	966
202938	235	188597	965	966
226963	235	189788	965	966
268521	235	188298	965	966
225273	235	189182	965	966
217587	235	189685	965	966
226030	235	189646	965	966
198159	235	189191	965	966
246188	235	189390	965	966
197910	235	189168	965	966
264396	235	191661	965	966
200107	235	189552	965	966
246477	292	367441	965	966
199177	235	188307	965	966
227649	235	190984	965	966
367784	235	190538	965	966
275313	235	189463	965	966
322637	235	189558	965	966
277904	235	189102	965	966
293219	235	189647	965	966
255361	235	189588	965	966
234122	235	188976	965	966
253959	235	202976	965	966
200153	235	189036	965	966
268459	235	191636	965	966
292518	235	188879	965	966
219056	235	271061	965	966
275492	235	188039	965	966
263420	235	189358	965	966
202589	235	189687	965	966
197372	235	188604	965	966
268656	235	190467	965	966
251721	235	189517	965	966
324719	235	189023	965	966
219486	235	190410	965	966
302207	235	188470	965	966
262250	235	188779	965	966
212111	235	188792	965	966
276993	235	189464	965	966
266548	235	189500	965	966
329509	235	189604	965	966
308775	235	191119	965	966
205260	235	194244	965	966
193583	235	188599	965	966
194310	235	188149	965	966
197359	235	188344	965	966
272258	235	188792	965	966
226631	235	188069	965	966
243076	235	189325	965	966
239722	235	189158	965	966
209034	235	188920	965	966
206130	235	188656	965	966
204516	235	188870	965	966
195419	235	189524	965	966
204559	235	189452	965	966
218206	235	193075	965	966
230892	235	189321	965	966
340028	235	188464	965	966
223380	235	189555	965	966
198277	235	188367	965	966
268035	235	188610	965	966
201993	235	188375	965	966
214538	235	188891	965	966
338691	235	189047	965	966
210864	235	188493	965	966
205967	235	188640	965	966
232865	235	188829	965	966
215423	235	189998	965	966
252841	235	188312	965	966
281780	235	190477	965	966
217800	235	189198	965	966
197229	235	188333	965	966
255068	235	189164	965	966
260048	235	188108	965	966
195075	235	188730	965	966
205661	235	188997	965	966
236191	235	197267	965	966
196313	235	188221	965	966
271990	235	190278	965	966
250624	235	188473	965	966
318958	235	190106	965	966
293099	235	189369	965	966
235373	235	191665	965	966
201069	235	190695	965	966
218769	235	189009	965	966
211141	235	188949	965	966
275796	235	188954	965	966
286417	235	191162	965	966
205511	235	213291	965	966
225530	235	189501	965	966
199096	235	188667	965	966
200560	235	190968	965	966
224304	235	210241	965	966
264522	235	207819	965	966
198835	235	188392	965	966
261708	235	189193	965	966
208894	235	188051	965	966
227089	235	188970	965	966
274032	235	188842	965	966
286320	235	190989	965	966
295400	235	192669	965	966
202035	235	192743	965	966
268014	235	220108	965	966
198701	235	188410	965	966
222164	235	188786	965	966
224540	235	190169	965	966
288963	235	188706	965	966
215644	235	215645	965	966
210219	235	188910	965	966
267029	235	190264	965	966
197746	235	212214	965	966
198253	235	189597	965	966
250385	235	191161	965	966
264957	235	191624	965	966
286575	235	188743	965	966
211465	235	188935	965	966
200216	235	188003	965	966
207433	235	189244	965	966
265202	235	188469	965	966
202968	235	192467	965	966
249771	235	188396	965	966
229143	235	188395	965	966
196249	235	188096	965	966
239066	235	189501	965	966
225770	235	188350	965	966
241751	235	191982	965	966
243867	235	188358	965	966
281901	235	192564	965	966
276869	235	203262	965	966
258006	235	189539	965	966
198018	235	189150	965	966
203461	235	188424	965	966
201546	235	188206	965	966
197597	235	189377	965	966
304179	235	188416	965	966
195491	235	189528	965	966
305272	235	188890	965	966
197367	235	189419	965	966
314500	235	190760	965	966
214936	235	189375	965	966
207289	235	188345	965	966
209802	235	188756	965	966
316607	235	195717	965	966
201238	235	190451	965	966
208806	235	188728	965	966
222582	235	188727	965	966
213310	235	188903	965	966
293433	235	188737	965	966
251061	235	188511	965	966
278064	235	190445	965	966
279310	235	188557	965	966
200676	235	188110	965	966
274478	235	189255	965	966
219961	235	188479	965	966
206470	235	190473	965	966
204320	235	188900	965	966
219722	235	189630	965	966
235585	235	190165	965	966
196577	235	203279	965	966
269431	235	188914	965	966
335943	235	236644	965	966
220029	235	189159	965	966
205947	235	188544	965	966
235791	235	189104	965	966
288064	235	190636	965	966
263649	235	188886	965	966
272194	235	188470	965	966
220326	235	188242	965	966
229850	235	188875	965	966
229659	235	195998	965	966
211293	235	232158	965	966
302500	235	191679	965	966
249942	235	188432	965	966
206305	235	190023	965	966
265019	235	188473	965	966
204239	235	188029	965	966
213873	235	188247	965	966
196295	235	188478	965	966
212930	235	189063	965	966
202721	235	191463	965	966
340598	235	191977	965	966
229384	235	189245	965	966
197184	235	190952	965	966
298650	235	190538	965	966
282883	235	203914	965	966
205176	235	188406	965	966
247611	235	188269	965	966
277468	235	188109	965	966
213426	235	189494	965	966
209903	235	188061	965	966
230580	235	193167	965	966
270978	235	188011	965	966
214733	235	190076	965	966
269300	235	188432	965	966
232359	235	188161	965	966
208620	235	188092	965	966
228422	235	190591	965	966
312769	235	192231	965	966
247881	235	191601	965	966
197416	235	188876	965	966
243645	235	189188	965	966
255178	235	293130	965	966
260866	235	189639	965	966
231135	235	191849	965	966
220852	235	189411	965	966
240325	235	188491	965	966
224282	235	189318	965	966
198353	235	189611	965	966
301110	235	191908	965	966
316314	235	188605	965	966
231181	235	189970	965	966
300973	235	189312	965	966
194839	235	188137	965	966
246247	235	190772	965	966
228310	235	191360	965	966
227826	235	190445	965	966
196874	235	189011	965	966
226004	235	189224	965	966
205413	235	194357	965	966
223861	235	188469	965	966
222857	235	188344	965	966
223156	235	188463	965	966
203523	235	188489	965	966
198959	235	188538	965	966
280347	235	206571	965	966
230456	235	190803	965	966
200851	235	236057	965	966
217653	235	189201	965	966
219503	235	188827	965	966
206036	235	188479	965	966
283596	235	238704	965	966
316592	235	191439	965	966
225980	235	191034	965	966
198271	235	189407	965	966
198610	235	188027	965	966
203081	235	188221	965	966
205660	235	189242	965	966
198684	235	189718	965	966
273467	235	190988	965	966
257614	235	190039	965	966
247733	235	190466	965	966
212367	235	190278	965	966
215509	235	188505	965	966
205491	235	188656	965	966
199316	235	188085	965	966
194662	235	188285	965	966
193533	235	188815	965	966
211690	235	188619	965	966
213422	235	189816	965	966
213298	235	189299	965	966
241208	235	205482	965	966
295132	235	190833	965	966
223385	235	188568	965	966
225199	235	189387	965	966
207609	235	191890	965	966
195665	235	189517	965	966
257534	235	190591	965	966
337537	235	189061	965	966
207065	235	188192	965	966
212445	235	189400	965	966
266514	235	188997	965	966
315754	235	189391	965	966
204051	235	191291	965	966
279457	235	188874	965	966
215461	235	188353	965	966
204804	235	188139	965	966
197307	235	188964	965	966
215679	235	188667	965	966
209508	235	188389	965	966
232026	235	188567	965	966
268089	235	189112	965	966
216599	235	191370	965	966
218664	235	189071	965	966
251937	235	188391	965	966
235625	235	190133	965	966
201068	235	189148	965	966
285266	235	189139	965	966
202683	235	188429	965	966
269473	235	189479	965	966
200865	235	189575	965	966
200769	235	188091	965	966
196709	235	188452	965	966
226102	235	189289	965	966
227961	235	188776	965	966
244186	235	210147	965	966
214600	235	188364	965	966
285437	235	188835	965	966
201117	235	189408	965	966
223426	235	188464	965	966
239305	235	194291	965	966
216391	235	188345	965	966
239960	235	191309	965	966
211448	235	190981	965	966
201628	235	188768	965	966
208437	235	189973	965	966
204656	235	189714	965	966
205500	235	188754	965	966
199628	235	188075	965	966
224985	235	189972	965	966
282049	235	190186	965	966
230709	235	188394	965	966
198804	235	188143	965	966
217126	235	188396	965	966
201792	235	188816	965	966
193597	235	189840	965	966
208003	235	188478	965	966
221340	235	188393	965	966
237108	235	190321	965	966
228094	235	189860	965	966
240353	235	189170	965	966
200410	235	188685	965	966
207503	235	188218	965	966
207825	235	188535	965	966
266124	235	188795	965	966
295345	235	192744	965	966
239455	235	188480	965	966
203699	235	188226	965	966
203934	235	188297	965	966
297189	235	188666	965	966
272299	235	221570	965	966
225168	235	189097	965	966
197484	235	189451	965	966
273228	235	195058	965	966
202410	235	194100	965	966
275398	235	191821	965	966
274908	235	189587	965	966
203757	235	188353	965	966
193764	235	189470	965	966
217014	235	188123	965	966
215475	235	189448	965	966
218893	235	188428	965	966
214352	235	188596	965	966
192742	235	190665	965	966
236551	235	188594	965	966
216052	235	188104	965	966
193392	235	188678	965	966
210963	235	191901	965	966
265785	235	188284	965	966
198375	235	188547	965	966
214071	235	189516	965	966
281442	235	188041	965	966
290844	235	189220	965	966
252523	235	189641	965	966
196997	235	188394	965	966
271712	235	188079	965	966
281839	235	188316	965	966
224517	235	188794	965	966
224625	235	190115	965	966
217649	235	190740	965	966
208255	235	189220	965	966
209721	235	215575	965	966
199291	235	188085	965	966
242103	235	188886	965	966
278743	235	188207	965	966
221569	235	189466	965	966
202682	235	188583	965	966
209356	235	230009	965	966
217139	235	189238	965	966
205406	235	188010	965	966
316767	235	189253	965	966
248024	235	189201	965	966
269976	235	190563	965	966
208253	235	190139	965	966
243574	235	189463	965	966
242473	235	188302	965	966
274694	235	189034	965	966
209595	235	188270	965	966
194759	235	188092	965	966
301201	235	189370	965	966
200230	235	189751	965	966
224224	235	188418	965	966
201929	235	189255	965	966
231019	235	190506	965	966
248377	235	202728	965	966
267554	235	224875	965	966
262555	235	188585	965	966
276175	235	188658	965	966
272905	235	336970	965	966
305514	235	190129	965	966
278485	235	189357	965	966
207544	235	188547	965	966
259938	235	188868	965	966
294144	235	189344	965	966
211306	235	188740	965	966
201426	235	188555	965	966
201380	235	189628	965	966
231968	235	188146	965	966
210906	235	192621	965	966
219610	235	188646	965	966
234451	235	189308	965	966
198338	235	188059	965	966
202732	235	188683	965	966
258832	235	193840	965	966
202731	235	189534	965	966
268546	235	188389	965	966
266710	262	353174	965	966
287671	235	188790	965	966
274520	235	188469	965	966
203578	235	188166	965	966
221391	235	189610	965	966
247074	235	220155	965	966
199793	235	188001	965	966
267060	235	188697	965	966
208633	235	188940	965	966
290236	235	190145	965	966
296765	235	190101	965	966
200593	235	207953	965	966
254096	235	190140	965	966
250166	235	188900	965	966
201521	235	188308	965	966
288604	235	188773	965	966
282983	235	188747	965	966
289515	235	193076	965	966
196743	235	188876	965	966
194305	235	193777	965	966
280908	235	192390	965	966
239129	235	188660	965	966
248709	235	189273	965	966
227165	235	190963	965	966
208628	235	189645	965	966
265137	235	190595	965	966
218320	235	189919	965	966
195391	235	188633	965	966
223212	235	188803	965	966
198000	235	205057	965	966
236651	235	189391	965	966
244340	235	188469	965	966
203295	235	193950	965	966
195728	235	188452	965	966
253146	235	189585	965	966
217898	235	189071	965	966
287049	235	189238	965	966
201559	235	190139	965	966
226363	235	188917	965	966
233645	235	190822	965	966
216820	235	188913	965	966
286887	235	189677	965	966
242751	235	189018	965	966
212357	235	188524	965	966
194600	235	188730	965	966
197286	235	188054	965	966
195656	235	188017	965	966
202673	235	188032	965	966
234696	235	188543	965	966
197306	235	188055	965	966
204218	235	188073	965	966
229563	235	189045	965	966
232228	235	188228	965	966
239562	235	189251	965	966
251019	235	188132	965	966
227627	235	189923	965	966
273383	235	190955	965	966
293606	235	190833	965	966
241815	235	188225	965	966
317459	235	190789	965	966
225289	235	188757	965	966
209555	235	189132	965	966
269563	235	189736	965	966
302706	235	189099	965	966
212302	235	188638	965	966
216652	235	188545	965	966
234948	235	190538	965	966
214168	235	189183	965	966
210599	235	191155	965	966
253390	235	189670	965	966
304963	235	188567	965	966
203267	235	189613	965	966
211131	235	188155	965	966
199955	235	189013	965	966
230876	235	188157	965	966
200077	235	189371	965	966
373605	235	188552	965	966
199583	235	188017	965	966
239643	235	188803	965	966
270186	235	189998	965	966
208727	235	188994	965	966
210292	235	188411	965	966
214211	235	188576	965	966
324112	235	189061	965	966
199417	235	189451	965	966
197872	235	188039	965	966
212418	235	189455	965	966
209674	235	188101	965	966
226308	235	202090	965	966
277239	235	192362	965	966
203691	235	188488	965	966
192982	235	190384	965	966
239287	235	189638	965	966
215660	235	188052	965	966
205863	235	188061	965	966
269160	235	188358	965	966
202751	235	188703	965	966
203407	235	190464	965	966
215804	235	189384	965	966
255800	235	190267	965	966
250112	235	188352	965	966
238672	235	219818	965	966
200514	235	188678	965	966
213494	235	204792	965	966
207048	235	188735	965	966
278564	235	190179	965	966
207821	235	191917	965	966
257447	235	190711	965	966
250554	235	189863	965	966
236027	235	189862	965	966
215894	235	188527	965	966
204367	235	191665	965	966
204906	235	188741	965	966
221481	235	188341	965	966
361361	235	208668	965	966
228798	235	190591	965	966
250655	235	194512	965	966
282747	235	189555	965	966
233240	235	188469	965	966
244580	235	188975	965	966
220447	235	189021	965	966
223413	235	188132	965	966
203366	235	188241	965	966
197630	235	188341	965	966
210601	235	190408	965	966
290143	235	188118	965	966
232398	235	188443	965	966
248572	235	188507	965	966
284251	235	188298	965	966
297470	235	188776	965	966
206418	235	189329	965	966
199087	235	188208	965	966
207555	235	188520	965	966
304174	235	191375	965	966
230095	235	189685	965	966
200271	235	188079	965	966
204854	235	188792	965	966
275994	235	196446	965	966
290275	235	188660	965	966
260239	235	188935	965	966
237372	235	188896	965	966
196970	235	197181	965	966
199660	235	188316	965	966
228884	235	190174	965	966
195677	235	189622	965	966
296822	235	189998	965	966
210901	235	188143	965	966
232303	235	224130	965	966
275232	235	189177	965	966
317095	235	235450	965	966
250673	235	189492	965	966
326922	235	188501	965	966
262733	235	189454	965	966
198389	235	190123	965	966
257872	235	201204	965	966
221270	235	198037	965	966
287939	235	191360	965	966
228416	235	198513	965	966
308054	235	192197	965	966
199747	235	188051	965	966
217851	235	188113	965	966
253320	235	189519	965	966
262398	235	189108	965	966
308460	235	192248	965	966
211052	235	189106	965	966
200016	235	188264	965	966
227201	235	190529	965	966
208721	235	188316	965	966
292782	235	202096	965	966
197910	235	189980	965	966
302656	235	194357	965	966
298302	235	192197	965	966
202681	235	188544	965	966
194795	235	201479	965	966
259715	235	193285	965	966
214089	235	191913	965	966
273285	235	188689	965	966
262845	235	188970	965	966
206479	235	188039	965	966
197189	235	188373	965	966
197558	235	188546	965	966
227685	235	189317	965	966
197512	235	189351	965	966
242827	235	188072	965	966
215713	235	189050	965	966
224284	235	188137	965	966
255369	235	189772	965	966
206998	235	191208	965	966
246846	235	189493	965	966
243815	235	188068	965	966
226223	235	189103	965	966
227646	235	188555	965	966
221229	235	194130	965	966
203640	235	189011	965	966
362993	235	203688	965	966
230665	235	189552	965	966
231983	235	189904	965	966
206486	235	189040	965	966
195345	235	188074	965	966
282877	235	188091	965	966
291701	235	189519	965	966
323194	235	190443	965	966
217781	235	189376	965	966
286447	235	189139	965	966
193389	235	188157	965	966
196385	235	189946	965	966
286323	235	188284	965	966
275277	235	190041	965	966
230720	235	188446	965	966
198114	235	189289	965	966
218082	235	188091	965	966
203271	235	188035	965	966
216959	235	188324	965	966
220966	235	191433	965	966
204235	235	188432	965	966
250667	235	188426	965	966
198237	235	196477	965	966
308719	235	213291	965	966
209252	235	237190	965	966
229434	235	188776	965	966
213740	235	188792	965	966
341435	235	189790	965	966
237389	235	189216	965	966
207680	235	188884	965	966
298879	235	190345	965	966
192457	235	188691	965	966
264511	235	189640	965	966
249559	235	188964	965	966
214497	235	192256	965	966
260827	235	188061	965	966
243462	235	188058	965	966
215744	235	189318	965	966
199488	235	188542	965	966
213583	235	190554	965	966
202220	235	188464	965	966
218974	235	189630	965	966
317094	235	189749	965	966
245242	235	189014	965	966
274263	235	198607	965	966
251043	235	190311	965	966
225382	235	191206	965	966
260650	235	192144	965	966
204192	235	188264	965	966
196977	235	188011	965	966
259136	235	190976	965	966
195098	235	189708	965	966
217281	235	189117	965	966
209507	235	190351	965	966
210042	235	190112	965	966
209850	235	190278	965	966
197048	235	188153	965	966
268023	235	191375	965	966
298998	235	189454	965	966
244922	235	189729	965	966
235650	235	189081	965	966
239775	235	189218	965	966
249025	235	189281	965	966
212332	235	189418	965	966
226888	235	262423	965	966
311214	235	214865	965	966
249968	235	218450	965	966
236671	235	188773	965	966
197296	235	188419	965	966
234184	235	191406	965	966
199044	235	188038	965	966
273304	235	201402	965	966
230451	235	192269	965	966
226829	235	191733	965	966
201786	235	190420	965	966
235263	235	205425	965	966
203099	235	193393	965	966
229258	235	188242	965	966
205074	235	188740	965	966
196441	235	188875	965	966
192913	235	189765	965	966
224610	235	188795	965	966
198187	235	189725	965	966
209309	235	188275	965	966
258801	235	192796	965	966
257295	235	190953	965	966
195236	235	190307	965	966
239740	235	189461	965	966
249300	235	188883	965	966
211224	235	189486	965	966
264956	235	190591	965	966
250839	235	188754	965	966
207670	235	188605	965	966
244909	235	189892	965	966
347911	235	243839	965	966
233627	235	189291	965	966
240649	235	189085	965	966
236976	235	188027	965	966
217737	235	188470	965	966
266234	235	188379	965	966
269308	235	189141	965	966
202913	235	188207	965	966
344514	235	188164	965	966
194424	235	188316	965	966
208043	235	190011	965	966
236006	235	189972	965	966
196125	235	188067	965	966
213278	235	188010	965	966
237484	235	188790	965	966
205104	235	188129	965	966
216410	235	189370	965	966
197253	235	188200	965	966
260822	235	189749	965	966
197455	235	188668	965	966
213350	235	189267	965	966
204880	235	188946	965	966
203909	235	190642	965	966
247961	235	188470	965	966
200559	235	189194	965	966
328862	235	191308	965	966
207799	235	188495	965	966
233944	235	190711	965	966
274722	235	189454	965	966
297783	235	188097	965	966
206751	235	188556	965	966
242590	235	197721	965	966
219794	235	191571	965	966
220376	235	188092	965	966
207363	235	191000	965	966
293748	235	230132	965	966
209198	235	189289	965	966
232689	235	188509	965	966
226339	235	188394	965	966
284305	235	188180	965	966
231132	235	188754	965	966
224211	235	188883	965	966
203897	235	189913	965	966
306344	235	192197	965	966
277319	235	190655	965	966
255777	235	188050	965	966
198790	235	188899	965	966
250433	235	188895	965	966
210390	235	188640	965	966
200523	235	188768	965	966
236408	235	191780	965	966
286287	235	189994	965	966
282212	235	188847	965	966
194271	235	188259	965	966
209603	235	189953	965	966
257240	235	188738	965	966
215131	235	188419	965	966
210920	235	188356	965	966
202826	235	239183	965	966
215003	235	189823	965	966
200498	235	188794	965	966
246964	235	189520	965	966
299280	235	188500	965	966
254647	235	189390	965	966
196025	235	189105	965	966
213899	235	188105	965	966
311921	235	188975	965	966
225938	235	189967	965	966
193501	235	188010	965	966
230710	235	190796	965	966
215462	235	188449	965	966
211838	235	189267	965	966
222622	235	189004	965	966
276901	235	220108	965	966
297617	235	191079	965	966
253180	235	189371	965	966
198810	235	190217	965	966
228236	235	189371	965	966
224360	235	188956	965	966
212570	235	189963	965	966
215707	235	188608	965	966
201300	235	189107	965	966
321163	235	197213	965	966
265392	235	188946	965	966
198582	235	214355	965	966
244301	235	191255	965	966
260918	235	207819	965	966
284505	235	189014	965	966
216499	235	191092	965	966
241031	235	188879	965	966
198133	235	188943	965	966
217269	235	188142	965	966
206964	235	188141	965	966
260328	235	190653	965	966
220986	235	200701	965	966
220237	235	193637	965	966
258262	235	191501	965	966
205718	235	192284	965	966
224884	235	188879	965	966
205034	235	189220	965	966
198701	235	193839	965	966
197479	235	189714	965	966
270149	235	188436	965	966
215675	235	188896	965	966
230768	235	189394	965	966
300180	235	199277	965	966
269773	235	188567	965	966
280004	235	188545	965	966
231406	235	190049	965	966
270606	235	188387	965	966
197943	235	188512	965	966
200217	235	188685	965	966
193983	235	188262	965	966
258665	235	188515	965	966
266897	235	189452	965	966
219761	235	189598	965	966
202083	235	188478	965	966
195832	235	188259	965	966
203464	235	188790	965	966
191824	235	191829	965	966
242000	235	188900	965	966
215802	235	188543	965	966
294721	235	231107	965	966
208296	235	188239	965	966
298672	235	215657	965	966
202680	235	189133	965	966
276171	235	188300	965	966
194688	235	188085	965	966
207066	235	188638	965	966
210068	235	190079	965	966
209972	235	189886	965	966
235631	235	188514	965	966
292733	235	189939	965	966
222917	235	188517	965	966
220327	235	188250	965	966
227248	235	194976	965	966
239007	235	188803	965	966
214229	235	188278	965	966
197174	235	188091	965	966
216464	235	188485	965	966
210465	235	188126	965	966
275679	235	190443	965	966
255481	235	189326	965	966
197237	235	188059	965	966
274070	235	188486	965	966
204202	235	194242	965	966
345133	235	188262	965	966
193369	235	199092	965	966
198312	235	188878	965	966
268678	235	191820	965	966
263247	235	327880	965	966
331241	235	188914	965	966
224751	235	188910	965	966
236078	235	190139	965	966
228960	235	188554	965	966
198336	235	190215	965	966
219317	235	189647	965	966
252512	235	188043	965	966
213063	235	188300	965	966
193242	235	188020	965	966
204824	235	188302	965	966
195263	235	189013	965	966
235029	235	188673	965	966
226826	235	189466	965	966
203457	235	195998	965	966
226339	235	189823	965	966
213592	235	188423	965	966
288996	235	189894	965	966
238539	235	188567	965	966
263663	235	201282	965	966
342835	235	189595	965	966
200228	235	188826	965	966
244658	235	188523	965	966
194026	235	188958	965	966
296949	235	188502	965	966
313946	235	374704	965	966
201464	235	188402	965	966
195308	235	188305	965	966
204333	235	188514	965	966
197317	235	188522	965	966
228635	235	189201	965	966
252408	235	190469	965	966
209428	235	188789	965	966
229810	235	188402	965	966
200393	235	260051	965	966
208393	235	188439	965	966
210384	235	197497	965	966
216558	235	188595	965	966
199648	235	189973	965	966
281909	235	202433	965	966
256252	235	190591	965	966
281952	235	188106	965	966
215256	235	193057	965	966
238817	235	188221	965	966
240901	235	202976	965	966
193952	235	190576	965	966
275295	235	188667	965	966
205351	235	190039	965	966
198864	235	188551	965	966
282578	235	189389	965	966
258008	235	188396	965	966
340400	235	190663	965	966
318449	235	219713	965	966
195807	235	188053	965	966
250538	235	189822	965	966
205385	235	189470	965	966
195209	235	188558	965	966
193478	235	220731	965	966
353377	235	198208	965	966
303325	235	189201	965	966
260945	235	189952	965	966
235813	235	188190	965	966
212699	235	188219	965	966
252998	235	188727	965	966
310351	235	188599	965	966
299759	235	190603	965	966
272533	235	188524	965	966
242342	235	189201	965	966
198795	235	190285	965	966
214766	235	192100	965	966
250814	235	190564	965	966
213973	235	191467	965	966
239069	235	190145	965	966
209265	235	188059	965	966
259502	235	189749	965	966
196750	235	188792	965	966
211759	235	188532	965	966
209379	235	188512	965	966
194475	235	188166	965	966
235827	235	188123	965	966
241736	235	188139	965	966
212178	235	188768	965	966
233954	235	192038	965	966
213306	235	190227	965	966
248068	235	191768	965	966
210070	235	190676	965	966
262393	235	267180	965	966
304205	235	190890	965	966
205707	235	190384	965	966
193588	235	190674	965	966
283278	235	189752	965	966
227540	235	188865	965	966
314730	235	188175	965	966
316547	235	189514	965	966
203981	235	191375	965	966
199025	235	188433	965	966
268779	235	188795	965	966
208761	235	188731	965	966
315480	235	194446	965	966
204692	235	188388	965	966
223865	235	189793	965	966
200877	235	188319	965	966
236541	235	190037	965	966
193733	235	189486	965	966
234042	235	190469	965	966
243341	235	191286	965	966
210730	235	188154	965	966
248842	235	189872	965	966
287515	235	217727	965	966
261269	235	189367	965	966
273167	235	188703	965	966
195309	235	189326	965	966
201281	235	194970	965	966
203846	235	188209	965	966
278221	235	190490	965	966
228951	235	189496	965	966
239815	235	188032	965	966
255464	235	189611	965	966
246628	235	192240	965	966
203280	235	203567	965	966
201103	235	188428	965	966
204269	235	188545	965	966
194249	235	188710	965	966
254560	235	188253	965	966
246931	235	188414	965	966
301157	235	188975	965	966
281693	235	189736	965	966
206130	235	188803	965	966
265043	235	188396	965	966
203770	235	188015	965	966
199374	235	194976	965	966
190983	235	188546	965	966
199000	235	188778	965	966
221553	235	188605	965	966
255522	235	188545	965	966
205241	235	188321	965	966
206496	235	190104	965	966
237145	235	196044	965	966
254593	235	188056	965	966
203963	235	188034	965	966
202475	235	189960	965	966
197040	235	189640	965	966
315988	235	189154	965	966
198627	235	188868	965	966
206495	235	188397	965	966
198995	235	191733	965	966
234222	235	188042	965	966
204600	235	188332	965	966
274274	235	190506	965	966
210591	235	223735	965	966
265793	235	190159	965	966
251265	235	191571	965	966
207525	235	194401	965	966
239575	235	188240	965	966
222017	235	188026	965	966
224009	235	188409	965	966
272050	235	193076	965	966
203269	235	188054	965	966
203674	235	188477	965	966
256628	235	191694	965	966
257456	235	188041	965	966
261774	235	188973	965	966
337642	235	189780	965	966
204210	235	190410	965	966
250098	235	201273	965	966
212582	235	189823	965	966
217884	235	188048	965	966
252892	235	190101	965	966
203412	235	190740	965	966
271199	235	189320	965	966
252749	235	191151	965	966
199398	235	188613	965	966
212428	235	188237	965	966
222204	235	188220	965	966
232553	235	191136	965	966
214327	235	188772	965	966
195558	235	188147	965	966
207206	235	188786	965	966
226505	235	189142	965	966
200317	235	189133	965	966
211941	235	188923	965	966
257710	235	189781	965	966
212964	235	190049	965	966
212779	235	206608	965	966
226487	235	262423	965	966
273741	235	321858	965	966
347848	235	190504	965	966
256708	235	190321	965	966
194850	235	188535	965	966
216659	235	188887	965	966
221900	235	188929	965	966
306408	235	188660	965	966
224692	235	189723	965	966
210205	235	189680	965	966
267993	235	194553	965	966
215754	235	299267	965	966
203246	235	189824	965	966
247754	235	188041	965	966
249154	235	188050	965	966
221071	235	188026	965	966
200580	235	188408	965	966
207106	235	190410	965	966
195970	235	190884	965	966
208926	235	188345	965	966
260915	235	189442	965	966
284965	235	210238	965	966
234534	235	189509	965	966
288051	235	189939	965	966
280980	235	192104	965	966
230615	235	188688	965	966
192782	235	189613	965	966
257011	235	188486	965	966
221944	235	188300	965	966
239107	235	189109	965	966
308602	235	188155	965	966
272988	235	190529	965	966
198558	235	188463	965	966
211689	235	189894	965	966
217519	235	190711	965	966
270521	235	189740	965	966
222682	235	190963	965	966
290452	235	189102	965	966
199747	235	188803	965	966
257341	235	190753	965	966
292008	235	190402	965	966
250255	235	189514	965	966
294114	235	193076	965	966
202102	235	188872	965	966
228068	235	188923	965	966
201904	235	188421	965	966
203383	235	188201	965	966
206125	235	188262	965	966
195483	235	188206	965	966
293060	235	188147	965	966
202633	235	188072	965	966
291731	235	188561	965	966
270466	235	188291	965	966
229317	235	188542	965	966
280156	235	189256	965	966
200283	235	188087	965	966
268260	235	191034	965	966
243147	235	198022	965	966
272495	235	188403	965	966
222250	235	193785	965	966
202365	235	188056	965	966
203241	235	188842	965	966
226164	235	188936	965	966
240755	235	190969	965	966
195855	235	193777	965	966
271588	235	190760	965	966
311964	235	190070	965	966
242287	235	190540	965	966
215241	235	189308	965	966
216795	235	199277	965	966
231957	235	189466	965	966
219631	235	190312	965	966
297987	235	200634	965	966
296624	235	297325	965	966
268592	235	189355	965	966
257622	235	239161	965	966
199136	235	188332	965	966
225001	235	189823	965	966
206636	235	189398	965	966
280276	235	188182	965	966
205861	235	193341	965	966
204663	235	188394	965	966
244495	235	188472	965	966
291548	235	189151	965	966
293238	235	189256	965	966
223956	235	189509	965	966
194578	235	189762	965	966
200568	235	189092	965	966
225865	235	188053	965	966
193704	235	188079	965	966
286705	235	190549	965	966
291707	235	189518	965	966
217303	235	188059	965	966
226311	235	188520	965	966
289914	235	190321	965	966
240244	235	188666	965	966
198799	235	188558	965	966
363350	235	317434	965	966
232118	235	224672	965	966
272102	235	188660	965	966
217818	235	188973	965	966
236169	235	189138	965	966
195910	235	188371	965	966
229577	235	188829	965	966
295127	235	189129	965	966
246305	235	188875	965	966
232382	235	188003	965	966
298070	235	190115	965	966
197530	235	189224	965	966
201700	235	188629	965	966
195062	235	189244	965	966
241580	235	189312	965	966
278124	235	188248	965	966
312863	235	190509	965	966
211150	235	188680	965	966
286423	235	189154	965	966
330994	235	189894	965	966
213421	235	189034	965	966
251435	235	188812	965	966
208063	235	188542	965	966
363608	235	188048	965	966
212891	235	190595	965	966
314896	235	205811	965	966
222283	235	188036	965	966
247829	235	234202	965	966
239071	235	192233	965	966
194441	235	189255	965	966
205630	235	189177	965	966
213587	235	189663	965	966
198907	235	188779	965	966
199416	235	189554	965	966
200603	235	188109	965	966
236589	235	188935	965	966
295094	235	189529	965	966
204480	235	188454	965	966
194422	235	189060	965	966
211379	235	189220	965	966
237456	235	190129	965	966
227598	235	227504	965	966
344773	235	188379	965	966
268879	235	188310	965	966
199144	235	188067	965	966
206504	235	188136	965	966
238891	235	188063	965	966
224288	235	188172	965	966
217161	235	188909	965	966
204877	235	190542	965	966
194712	235	188495	965	966
226266	235	189230	965	966
233138	235	189851	965	966
220917	235	188192	965	966
265170	235	220613	965	966
207427	235	188302	965	966
208886	235	197497	965	966
210569	235	188896	965	966
208303	235	189842	965	966
242252	235	188677	965	966
223626	235	188242	965	966
203654	235	188419	965	966
283217	235	189717	965	966
211642	235	188935	965	966
259750	235	189764	965	966
194884	235	188408	965	966
229990	235	188604	965	966
203309	235	189407	965	966
268838	235	190037	965	966
207226	235	189404	965	966
226632	235	188947	965	966
232761	235	190453	965	966
279804	235	264732	965	966
208301	235	193085	965	966
191396	235	189699	965	966
192835	235	189376	965	966
218190	235	204792	965	966
207646	235	188036	965	966
216777	235	188029	965	966
228167	235	188539	965	966
199627	235	188067	965	966
192795	235	191252	965	966
203858	235	188082	965	966
211481	235	188838	965	966
251660	235	189382	965	966
195220	235	189067	965	966
226958	235	192126	965	966
214501	235	198875	965	966
222623	235	188297	965	966
318566	235	188261	965	966
224949	235	188411	965	966
283927	235	188577	965	966
275000	235	188436	965	966
219589	235	189386	965	966
210043	235	188382	965	966
195125	235	188107	965	966
307527	235	188552	965	966
197114	235	188208	965	966
193406	235	193950	965	966
261314	235	189780	965	966
218826	235	189493	965	966
206483	235	188567	965	966
253804	235	188999	965	966
246355	235	188567	965	966
197108	235	189806	965	966
202992	235	188353	965	966
210022	235	189767	965	966
201331	235	188515	965	966
291332	235	190335	965	966
268154	235	189357	965	966
197837	235	188026	965	966
286914	235	189752	965	966
214526	235	188122	965	966
193541	235	188719	965	966
205021	235	190822	965	966
213615	235	188655	965	966
269655	235	188601	965	966
228925	235	188128	965	966
242453	235	188442	965	966
295269	235	225167	965	966
231980	235	188357	965	966
218700	235	188691	965	966
375487	235	188403	965	966
317637	235	189083	965	966
278900	235	235043	965	966
271947	235	188542	965	966
287091	235	190576	965	966
253278	235	188487	965	966
219359	235	188949	965	966
192406	235	188091	965	966
262596	235	189564	965	966
221041	235	189077	965	966
193082	235	189513	965	966
206474	235	188314	965	966
254155	235	188036	965	966
198948	235	188964	965	966
259494	235	188332	965	966
205079	235	188059	965	966
202503	235	188011	965	966
214811	235	189329	965	966
256877	235	188887	965	966
225814	235	191275	965	966
192588	235	191829	965	966
195735	235	188094	965	966
197518	235	188129	965	966
200110	235	188993	965	966
273272	235	201264	965	966
199881	235	188574	965	966
199955	235	188545	965	966
203949	235	189530	965	966
202939	235	188129	965	966
208475	235	189097	965	966
203240	235	188370	965	966
200192	235	254500	965	966
205042	235	188782	965	966
204933	235	188237	965	966
224439	235	188803	965	966
202171	235	189524	965	966
204964	235	188779	965	966
277342	235	189221	965	966
203080	235	188457	965	966
275884	235	221400	965	966
299874	235	194467	965	966
268577	235	189099	965	966
272665	235	188053	965	966
256200	235	189848	965	966
232538	235	193372	965	966
213100	235	189649	965	966
261810	235	194191	965	966
305461	235	190134	965	966
196438	235	188136	965	966
249579	235	190035	965	966
251210	235	188597	965	966
210079	235	188402	965	966
203941	235	188611	965	966
192898	235	188145	965	966
212077	235	189225	965	966
201294	235	190934	965	966
367786	235	189863	965	966
194172	235	192872	965	966
216520	235	189466	965	966
215672	235	189217	965	966
359913	235	188567	965	966
219922	235	188738	965	966
199563	235	189219	965	966
248572	235	190321	965	966
265027	235	192219	965	966
234015	235	189611	965	966
194780	235	189924	965	966
211159	235	239870	965	966
209191	235	189191	965	966
199402	235	188338	965	966
205626	235	220236	965	966
234099	235	192373	965	966
315931	235	189102	965	966
287145	235	202976	965	966
302709	235	189006	965	966
232450	235	188929	965	966
237501	235	192754	965	966
196126	235	188044	965	966
248267	235	188142	965	966
197833	235	188107	965	966
231455	235	190312	965	966
224936	235	193123	965	966
295590	235	194005	965	966
266301	235	192783	965	966
296354	235	289885	965	966
213475	235	188543	965	966
193657	235	188392	965	966
197960	235	191698	965	966
264999	235	215421	965	966
215395	235	188653	965	966
193866	235	188677	965	966
216198	235	188780	965	966
272493	235	188869	965	966
234037	235	188773	965	966
306672	235	199277	965	966
274674	235	188557	965	966
292601	235	188391	965	966
283080	235	211207	965	966
198370	235	189167	965	966
192000	235	188092	965	966
229794	235	189817	965	966
295742	235	188260	965	966
195325	235	188392	965	966
256332	235	190304	965	966
201817	235	189387	965	966
222146	235	190215	965	966
231193	235	190048	965	966
206725	235	188247	965	966
236955	235	188473	965	966
193898	235	189376	965	966
263875	235	188585	965	966
217418	235	188959	965	966
255557	235	193723	965	966
196821	235	190963	965	966
228048	235	188803	965	966
198137	235	203473	965	966
222324	235	189131	965	966
238985	235	189568	965	966
230763	235	191416	965	966
206993	235	188633	965	966
232023	235	189044	965	966
276462	235	190191	965	966
305953	235	189085	965	966
282651	235	188917	965	966
203010	235	193939	965	966
209246	235	217224	965	966
288545	235	189251	965	966
301243	235	189605	965	966
235284	235	206571	965	966
219837	235	188647	965	966
249462	235	190595	965	966
204040	235	188307	965	966
193658	235	189620	965	966
224111	235	188879	965	966
194666	235	192238	965	966
213827	235	188872	965	966
291645	235	190959	965	966
204202	235	189147	965	966
209125	235	188300	965	966
204752	235	190803	965	966
230805	235	190408	965	966
294275	235	190585	965	966
199398	235	188613	965	966
274635	235	189063	965	966
274447	235	189137	965	966
328278	235	189712	965	966
199513	235	188334	965	966
209945	235	188878	965	966
294555	235	189935	965	966
258859	235	188772	965	966
298022	235	303857	965	966
327016	235	208553	965	966
247231	235	191291	965	966
270003	235	190910	965	966
263924	235	189550	965	966
249244	235	191401	965	966
203965	235	194009	965	966
221415	235	190836	965	966
216126	235	188156	965	966
215718	235	190174	965	966
196015	235	188950	965	966
296354	235	205689	965	966
193587	235	192996	965	966
198332	235	190381	965	966
212067	235	189369	965	966
196218	235	190032	965	966
243440	235	188895	965	966
254476	235	189520	965	966
233485	235	295373	965	966
228337	235	188544	965	966
260803	235	188772	965	966
216040	235	188423	965	966
282820	235	189604	965	966
213863	235	191274	965	966
221486	235	188207	965	966
228201	235	188306	965	966
239540	235	188470	965	966
194532	235	188260	965	966
269866	235	188443	965	966
237020	235	190398	965	966
197708	235	189107	965	966
194675	235	188068	965	966
199943	235	191368	965	966
252278	235	188468	965	966
202734	235	188662	965	966
205356	235	188765	965	966
211258	235	190545	965	966
226386	235	190090	965	966
225050	235	220925	965	966
224160	235	188116	965	966
285215	235	191123	965	966
191227	235	189806	965	966
226168	235	188330	965	966
347035	235	196429	965	966
221108	235	188897	965	966
271597	235	189169	965	966
293786	235	259079	965	966
327866	235	191324	965	966
207759	235	189549	965	966
240439	235	189475	965	966
216800	235	188964	965	966
283676	235	188979	965	966
339417	235	239723	965	966
204297	235	188529	965	966
230076	235	188118	965	966
201809	235	188621	965	966
206423	235	188098	965	966
277653	235	204659	965	966
207623	235	189317	965	966
263345	235	206259	965	966
272443	235	188098	965	966
235660	235	188795	965	966
232493	235	191781	965	966
218282	235	188189	965	966
260472	235	188324	965	966
237397	235	188685	965	966
256378	235	188183	965	966
217164	235	189391	965	966
263723	235	217713	965	966
200507	235	199161	965	966
200215	235	188264	965	966
209183	235	188615	965	966
214291	235	188086	965	966
213775	235	189452	965	966
209526	235	188061	965	966
212601	235	188560	965	966
267142	235	188041	965	966
202541	235	188418	965	966
240055	235	189295	965	966
195020	235	188087	965	966
268577	235	188315	965	966
192574	235	188113	965	966
281727	235	189714	965	966
196187	235	189707	965	966
247716	235	189188	965	966
222961	235	188407	965	966
197818	235	190298	965	966
188305	239	279181	965	966
306626	235	188552	965	966
199849	235	189106	965	966
214428	235	188896	965	966
225096	235	188052	965	966
258683	235	189201	965	966
238335	235	188011	965	966
235701	235	193386	965	966
215999	235	189075	965	966
207199	235	188300	965	966
270620	235	189994	965	966
239476	235	188568	965	966
209928	235	189554	965	966
252859	235	188294	965	966
199036	235	188113	965	966
282757	235	189099	965	966
199478	235	188746	965	966
197251	235	189132	965	966
198751	235	188126	965	966
231969	235	189157	965	966
260524	235	191825	965	966
255954	235	188820	965	966
218649	235	190469	965	966
226484	235	188296	965	966
232869	235	188795	965	966
224787	235	189696	965	966
243343	235	191038	965	966
222469	235	188879	965	966
202842	235	189263	965	966
306086	235	188406	965	966
214686	235	189102	965	966
270698	235	285146	965	966
295563	235	189318	965	966
207451	235	188680	965	966
277165	235	191187	965	966
245880	235	188844	965	966
206638	235	188543	965	966
196804	235	188264	965	966
277968	235	188954	965	966
215805	235	188493	965	966
207798	235	188411	965	966
306760	235	191105	965	966
286094	235	189523	965	966
194311	235	208053	965	966
218667	235	189215	965	966
272274	235	190968	965	966
229035	235	189166	965	966
200052	235	189411	965	966
286205	235	191406	965	966
270465	235	188957	965	966
234836	235	188957	965	966
218789	235	189994	965	966
216011	235	189103	965	966
251067	235	195623	965	966
197155	235	190549	965	966
297491	235	189097	965	966
229758	235	188743	965	966
244919	235	193536	965	966
232432	235	190672	965	966
299349	235	190816	965	966
213337	235	188801	965	966
200925	235	191373	965	966
230080	235	189870	965	966
238087	235	188875	965	966
205929	235	188883	965	966
293209	235	188557	965	966
314236	235	189471	965	966
288345	235	190602	965	966
266971	235	189320	965	966
255243	235	196020	965	966
222123	235	188202	965	966
201350	235	190090	965	966
222995	235	190410	965	966
242670	235	189102	965	966
192721	235	188420	965	966
226069	235	190083	965	966
303686	235	189071	965	966
206070	235	191375	965	966
294116	235	225668	965	966
315425	235	189355	965	966
323752	235	189316	965	966
194562	235	188107	965	966
199012	235	189133	965	966
324582	235	203070	965	966
308343	235	190816	965	966
200830	235	188222	965	966
224009	235	189312	965	966
200011	235	188893	965	966
242442	235	189085	965	966
297468	235	229372	965	966
196119	235	189011	965	966
220038	235	189510	965	966
208873	235	188146	965	966
210506	235	190545	965	966
261614	235	190104	965	966
254689	235	190010	965	966
297953	235	190298	965	966
301228	235	188773	965	966
245598	235	189391	965	966
252278	235	188429	965	966
347340	235	188403	965	966
206644	235	230886	965	966
209090	235	189224	965	966
219222	235	191286	965	966
204323	235	188217	965	966
295173	235	188543	965	966
260647	235	195058	965	966
282654	235	188725	965	966
257266	235	192269	965	966
239188	235	188090	965	966
201550	235	201861	965	966
215890	235	190444	965	966
202155	235	188897	965	966
292752	235	191382	965	966
215613	235	188952	965	966
242687	235	188601	965	966
272045	235	190969	965	966
299505	235	189517	965	966
206235	235	188556	965	966
196066	235	190969	965	966
211407	235	191118	965	966
226807	235	188817	965	966
209528	235	189259	965	966
277493	235	191478	965	966
208997	235	191000	965	966
204629	235	188999	965	966
225256	235	188626	965	966
214978	235	189548	965	966
244124	235	190351	965	966
194830	235	188498	965	966
193905	235	190106	965	966
220993	235	189892	965	966
263230	235	194595	965	966
196971	235	188050	965	966
305837	235	188906	965	966
282124	235	190642	965	966
321057	235	188780	965	966
195361	235	188026	965	966
217364	235	190037	965	966
195861	235	189622	965	966
223625	235	188500	965	966
209647	235	193158	965	966
224826	235	215192	965	966
253776	235	188470	965	966
235444	235	190228	965	966
188284	239	259257	965	966
282522	235	207100	965	966
199211	235	189179	965	966
247923	235	188098	965	966
306262	235	189083	965	966
196468	235	189407	965	966
196639	235	188461	965	966
199350	235	189151	965	966
334995	235	188029	965	966
317669	235	190584	965	966
251388	235	189102	965	966
214318	235	189133	965	966
197710	235	188666	965	966
197209	235	191945	965	966
219156	235	190215	965	966
196654	235	188613	965	966
275800	235	211913	965	966
199921	235	188357	965	966
214849	235	190129	965	966
197541	235	189540	965	966
203512	235	189500	965	966
199891	235	188030	965	966
312572	235	191821	965	966
201881	235	188166	965	966
197493	235	188726	965	966
256677	235	188545	965	966
224282	235	189403	965	966
212392	235	189630	965	966
223412	235	188847	965	966
212692	235	191825	965	966
201366	235	188878	965	966
270285	235	188646	965	966
239121	235	189637	965	966
218097	235	189265	965	966
282807	235	189256	965	966
199047	235	188964	965	966
242737	235	188429	965	966
218783	235	189905	965	966
249245	235	189358	965	966
242794	235	188141	965	966
299170	235	189391	965	966
205307	235	188358	965	966
277856	235	237838	965	966
309597	235	188275	965	966
308330	235	188449	965	966
211082	235	188142	965	966
209378	235	206608	965	966
198683	235	192036	965	966
250093	235	188558	965	966
252794	235	188605	965	966
195951	235	188606	965	966
227837	235	188043	965	966
195815	235	188706	965	966
277417	235	189022	965	966
272956	235	188946	965	966
269118	235	189717	965	966
242469	235	198037	965	966
215164	235	188373	965	966
234855	235	190295	965	966
191385	235	188010	965	966
206574	235	189823	965	966
268949	235	206441	965	966
259524	235	188448	965	966
198414	235	188985	965	966
232201	235	188146	965	966
327128	235	189860	965	966
216915	235	189320	965	966
233430	235	190695	965	966
256941	235	188290	965	966
197430	235	188683	965	966
193966	235	193181	965	966
252378	235	243727	965	966
210692	235	189904	965	966
274605	235	190748	965	966
268628	235	190540	965	966
248426	235	189045	965	966
222316	235	188993	965	966
236173	235	190821	965	966
240566	235	188757	965	966
197986	235	188378	965	966
279469	235	190280	965	966
197622	235	188966	965	966
256323	235	205808	965	966
207212	235	189718	965	966
197362	235	188981	965	966
233849	235	189563	965	966
250381	235	188754	965	966
202525	235	191825	965	966
217615	235	188162	965	966
318428	235	208681	965	966
302448	235	188732	965	966
196749	235	191374	965	966
197839	235	191908	965	966
288171	235	193854	965	966
211677	235	189219	965	966
262491	235	188470	965	966
333506	235	194618	965	966
293716	235	188155	965	966
221635	235	188130	965	966
191841	235	188054	965	966
214687	235	188612	965	966
211303	235	216996	965	966
200658	235	190871	965	966
211387	235	188298	965	966
202690	235	188406	965	966
216944	235	198122	965	966
193376	235	188878	965	966
194161	235	190435	965	966
205175	235	190023	965	966
195497	235	188285	965	966
225169	235	188223	965	966
246813	235	189102	965	966
214826	235	190129	965	966
215935	235	188726	965	966
213413	235	188648	965	966
223358	235	188147	965	966
263772	235	192927	965	966
296619	235	190229	965	966
193660	235	188368	965	966
197861	235	197068	965	966
275074	235	319473	965	966
280523	235	188443	965	966
197039	235	188870	965	966
214896	235	188048	965	966
201267	235	188979	965	966
208663	235	212329	965	966
266938	235	191000	965	966
210323	235	188876	965	966
313903	235	204792	965	966
214692	235	188691	965	966
198885	235	190515	965	966
270629	235	191000	965	966
226294	235	188221	965	966
216024	235	189031	965	966
258410	235	188017	965	966
291366	235	191687	965	966
244371	235	188486	965	966
197845	235	189448	965	966
210758	235	188073	965	966
201474	235	189191	965	966
321487	235	189047	965	966
290253	235	188677	965	966
258408	235	189162	965	966
244011	235	199972	965	966
299092	235	188268	965	966
213952	235	190794	965	966
276796	235	200301	965	966
203407	235	188178	965	966
295138	235	192733	965	966
206457	235	188094	965	966
283471	235	188470	965	966
188849	267	297580	965	966
198714	235	189539	965	966
209380	235	190164	965	966
237368	235	189854	965	966
249651	235	188110	965	966
203897	235	188246	965	966
195569	235	193230	965	966
229872	235	192821	965	966
251248	235	189132	965	966
196839	235	188612	965	966
200993	235	188051	965	966
260909	235	189790	965	966
212466	235	189219	965	966
192787	235	188790	965	966
201307	235	189291	965	966
287268	235	211256	965	966
205599	235	190535	965	966
286042	235	210463	965	966
222789	235	188995	965	966
266685	235	188812	965	966
288584	235	188086	965	966
203118	235	194544	965	966
312208	235	219194	965	966
222759	235	188681	965	966
190983	235	188126	965	966
294175	235	189972	965	966
206772	235	188890	965	966
261088	235	188780	965	966
196221	235	188725	965	966
214018	235	188473	965	966
249074	235	188143	965	966
295431	235	188633	965	966
272749	235	189125	965	966
273919	235	190100	965	966
194686	235	188964	965	966
238564	235	192796	965	966
234062	235	189611	965	966
314756	235	188219	965	966
214711	235	190961	965	966
230576	235	188350	965	966
266368	235	188320	965	966
314208	235	189018	965	966
194183	235	188757	965	966
323174	235	190096	965	966
239014	235	191825	965	966
313670	235	189539	965	966
243916	235	188129	965	966
205226	235	189950	965	966
293107	235	192618	965	966
260548	235	188629	965	966
295843	235	194252	965	966
194758	235	188747	965	966
194820	235	188094	965	966
214180	235	188282	965	966
232878	235	189023	965	966
193305	235	188419	965	966
313487	235	190172	965	966
256666	235	188006	965	966
195383	235	189060	965	966
310531	235	189162	965	966
194775	235	190778	965	966
203062	235	188324	965	966
294725	235	188260	965	966
194964	235	188594	965	966
265709	235	189162	965	966
359282	235	189538	965	966
222473	235	188158	965	966
356891	235	191993	965	966
286238	235	259579	965	966
193817	235	188558	965	966
218156	235	188590	965	966
197008	235	188226	965	966
213659	235	190715	965	966
253472	235	189078	965	966
244389	235	221362	965	966
233845	235	195785	965	966
203757	235	308300	965	966
222230	235	191928	965	966
226298	235	190408	965	966
216160	235	188625	965	966
199745	235	189596	965	966
198071	235	188173	965	966
211546	235	192496	965	966
196581	235	188546	965	966
194432	235	189760	965	966
195604	235	188616	965	966
242910	235	188537	965	966
204980	235	188463	965	966
296477	235	201393	965	966
223415	235	188668	965	966
225170	235	191733	965	966
304000	235	189162	965	966
203571	235	188223	965	966
221353	235	189534	965	966
202956	235	196407	965	966
236594	235	190535	965	966
289618	235	188851	965	966
249957	235	189391	965	966
225890	235	193270	965	966
294020	235	189851	965	966
308977	235	189031	965	966
194201	235	189892	965	966
195122	235	188964	965	966
257383	235	188171	965	966
237678	235	189486	965	966
205061	235	189823	965	966
221108	235	190351	965	966
292641	235	188470	965	966
193809	235	188744	965	966
274278	235	234774	965	966
223922	235	200257	965	966
194929	235	188319	965	966
198972	235	188107	965	966
272111	235	189410	965	966
230814	235	188958	965	966
245937	235	188333	965	966
212532	235	188324	965	966
231863	235	191917	965	966
199391	235	188740	965	966
246938	235	188473	965	966
239448	235	188617	965	966
278437	235	188768	965	966
199025	235	188607	965	966
264892	235	189095	965	966
260206	235	202976	965	966
216539	235	189421	965	966
199815	235	189229	965	966
312571	235	188706	965	966
213149	235	188105	965	966
216038	235	189686	965	966
246479	235	190068	965	966
244655	235	188906	965	966
315724	235	190323	965	966
212071	235	188529	965	966
196464	235	192920	965	966
205670	235	192619	965	966
249325	235	191825	965	966
194502	235	246131	965	966
203709	235	188859	965	966
263919	235	189129	965	966
192874	235	188050	965	966
207367	235	188335	965	966
255069	235	192038	965	966
259727	235	189177	965	966
208266	235	188418	965	966
281135	235	191406	965	966
263086	235	205350	965	966
253128	235	188659	965	966
303715	235	188005	965	966
275795	235	204584	965	966
307833	235	190978	965	966
288092	235	189751	965	966
297117	235	188158	965	966
204972	235	189696	965	966
193791	235	231146	965	966
290066	235	201479	965	966
232823	235	188010	965	966
223497	235	188668	965	966
199825	235	189821	965	966
279671	235	188164	965	966
205135	235	193030	965	966
204984	235	188089	965	966
276138	235	188137	965	966
202164	235	188461	965	966
229556	235	193338	965	966
274598	235	190118	965	966
242444	235	192240	965	966
246919	235	282704	965	966
301897	235	189088	965	966
208257	235	192464	965	966
266180	235	188482	965	966
232684	235	188074	965	966
218912	235	190321	965	966
236795	235	189399	965	966
244071	235	188761	965	966
215580	235	190076	965	966
197699	235	188155	965	966
277521	235	189201	965	966
306009	235	190925	965	966
227330	235	190549	965	966
246255	235	190095	965	966
273499	235	230822	965	966
309807	235	188503	965	966
271929	235	191847	965	966
200406	235	189539	965	966
236840	235	193553	965	966
217412	235	188532	965	966
200666	235	188964	965	966
226829	235	189953	965	966
239072	235	188556	965	966
196181	235	189680	965	966
289632	235	189137	965	966
211929	235	189390	965	966
317618	235	229372	965	966
271837	235	188982	965	966
244790	235	188864	965	966
280728	235	226191	965	966
193337	235	189013	965	966
253948	235	189114	965	966
214607	235	188333	965	966
212060	235	188330	965	966
188031	239	212884	965	966
204803	235	188547	965	966
260911	235	188799	965	966
248833	235	192575	965	966
223174	235	188106	965	966
196505	235	188054	965	966
323061	235	189712	965	966
312976	235	190264	965	966
220725	235	190336	965	966
212569	235	206606	965	966
201407	235	188962	965	966
205146	235	188935	965	966
283856	235	193262	965	966
294389	235	190273	965	966
208425	235	189279	965	966
215952	235	188316	965	966
225904	235	189369	965	966
291894	235	189083	965	966
195027	235	190914	965	966
206133	235	191400	965	966
204109	235	188385	965	966
283153	235	188307	965	966
207902	235	188342	965	966
274661	235	189872	965	966
248917	235	189863	965	966
193891	235	190020	965	966
304172	235	189523	965	966
247207	235	190215	965	966
200657	235	189662	965	966
218150	235	189154	965	966
231126	235	188870	965	966
213261	235	188342	965	966
258872	235	189385	965	966
263911	235	189060	965	966
295040	235	232013	965	966
214082	235	246555	965	966
232398	235	188090	965	966
200956	235	224170	965	966
231777	235	190246	965	966
232105	235	189835	965	966
200042	235	188109	965	966
351714	235	191116	965	966
194182	235	204397	965	966
259825	235	189886	965	966
257334	235	188365	965	966
267002	235	192070	965	966
272582	235	216796	965	966
192835	235	188206	965	966
300339	235	195717	965	966
209908	235	207471	965	966
197831	235	188964	965	966
220977	235	188039	965	966
274385	235	189749	965	966
242417	235	190715	965	966
236956	235	188442	965	966
280800	235	188164	965	966
234719	235	188422	965	966
204267	235	188314	965	966
338725	235	188365	965	966
246492	235	188450	965	966
203799	235	188633	965	966
214892	235	188844	965	966
342167	235	260599	965	966
229555	235	189028	965	966
198205	235	189240	965	966
222386	235	257726	965	966
237349	235	192924	965	966
229999	235	196757	965	966
219054	235	188663	965	966
274251	235	189603	965	966
266891	235	188612	965	966
285320	235	219783	965	966
257707	235	189084	965	966
289457	235	200454	965	966
245445	235	190215	965	966
199576	235	188016	965	966
195899	235	189418	965	966
196183	235	188730	965	966
194785	235	188564	965	966
306547	235	188872	965	966
309776	235	189329	965	966
203412	235	190740	965	966
220154	235	193013	965	966
203976	235	188070	965	966
192679	235	188105	965	966
226569	235	188116	965	966
202410	235	189067	965	966
281710	235	189740	965	966
240245	235	188705	965	966
261739	235	191164	965	966
217667	235	189275	965	966
239468	235	189209	965	966
291644	235	188646	965	966
257290	235	189904	965	966
295357	235	190261	965	966
259458	235	188032	965	966
284438	235	189220	965	966
278328	235	188470	965	966
228717	235	189292	965	966
202858	235	189009	965	966
242700	235	191063	965	966
208583	235	198875	965	966
252750	235	240240	965	966
201410	235	189230	965	966
265693	235	189279	965	966
202224	235	189569	965	966
196245	235	188025	965	966
262066	235	188547	965	966
192900	235	188793	965	966
229067	235	188743	965	966
198876	235	188419	965	966
289370	235	190564	965	966
206158	235	188559	965	966
222692	235	188522	965	966
209751	235	188469	965	966
340205	235	190220	965	966
251617	235	235043	965	966
195284	235	189060	965	966
302943	235	189781	965	966
233938	235	189023	965	966
239893	235	226875	965	966
225985	235	188702	965	966
215513	235	188949	965	966
284938	235	246555	965	966
238351	235	189517	965	966
275561	235	189638	965	966
229327	235	189041	965	966
229043	235	191136	965	966
259187	235	190886	965	966
218834	235	188622	965	966
266881	235	190049	965	966
218082	235	188107	965	966
195666	235	188562	965	966
195654	235	189835	965	966
216714	235	188367	965	966
208910	235	188143	965	966
290663	235	189747	965	966
271891	235	188793	965	966
224433	235	188678	965	966
219417	235	253415	965	966
203151	235	188993	965	966
252240	235	192390	965	966
242697	235	280115	965	966
195438	235	188015	965	966
231279	235	189555	965	966
234452	235	189861	965	966
234402	235	188086	965	966
201964	235	188086	965	966
196673	235	188599	965	966
267998	235	188567	965	966
257121	235	189162	965	966
202137	235	188597	965	966
203048	235	191140	965	966
300889	235	191436	965	966
250410	235	200641	965	966
223882	235	190321	965	966
197168	235	190969	965	966
204780	235	188317	965	966
285475	235	189447	965	966
318789	235	230687	965	966
214495	235	189114	965	966
209507	235	188897	965	966
200374	235	188452	965	966
211926	235	189734	965	966
255412	235	209922	965	966
258196	235	188179	965	966
216586	235	190519	965	966
196094	235	188730	965	966
296989	235	188929	965	966
274154	235	190676	965	966
244517	235	188028	965	966
245721	235	193198	965	966
259503	235	188426	965	966
248963	235	190513	965	966
294458	235	188803	965	966
206409	235	193252	965	966
268176	235	192965	965	966
205882	235	191798	965	966
197991	235	188590	965	966
244212	235	188539	965	966
239302	235	189350	965	966
193196	235	189148	965	966
283743	235	188903	965	966
239446	235	188449	965	966
296882	235	190833	965	966
198689	235	188324	965	966
310578	235	194991	965	966
197934	235	189229	965	966
203403	235	188712	965	966
239853	235	191977	965	966
202394	235	188667	965	966
258124	235	188129	965	966
202205	235	189011	965	966
310757	235	188835	965	966
219302	235	190740	965	966
200754	235	188445	965	966
276501	235	189307	965	966
292804	235	274300	965	966
206524	235	190417	965	966
213535	235	188869	965	966
205137	235	188367	965	966
235824	235	188808	965	966
201254	235	204552	965	966
268278	235	189822	965	966
215807	235	188235	965	966
231992	235	189646	965	966
288968	235	189099	965	966
248076	235	188792	965	966
225094	235	188862	965	966
208665	235	189117	965	966
232144	235	188964	965	966
215406	235	188079	965	966
306149	235	188201	965	966
207640	235	188298	965	966
330610	235	216883	965	966
238603	235	188171	965	966
215312	235	190684	965	966
217908	235	188242	965	966
296016	235	188539	965	966
201244	235	188576	965	966
201764	235	189301	965	966
231051	235	188140	965	966
192633	254	313768	965	966
197797	235	188823	965	966
317464	235	190984	965	966
336118	235	191768	965	966
221023	235	190453	965	966
210313	235	188468	965	966
260048	235	188228	965	966
289683	235	188469	965	966
339131	235	190039	965	966
258563	235	189387	965	966
297866	235	188197	965	966
292490	235	190079	965	966
264036	235	189471	965	966
230630	235	193216	965	966
249503	235	188106	965	966
218062	235	188998	965	966
282665	235	188106	965	966
238700	235	190289	965	966
198430	235	188345	965	966
260577	235	189103	965	966
198802	235	190739	965	966
212217	235	189470	965	966
366462	235	240240	965	966
238163	235	189369	965	966
229685	235	188929	965	966
198300	235	188438	965	966
198768	235	188443	965	966
227758	235	188307	965	966
284293	235	191000	965	966
204547	235	188968	965	966
225809	235	188364	965	966
299310	235	188429	965	966
242756	235	189463	965	966
288087	235	270130	965	966
218053	235	190184	965	966
305580	235	193066	965	966
195603	235	188546	965	966
265945	235	188011	965	966
240441	235	188403	965	966
255959	235	193967	965	966
229159	235	188727	965	966
335656	235	195717	965	966
229206	235	223735	965	966
300650	235	189823	965	966
262971	235	196619	965	966
207278	235	189160	965	966
261085	235	188221	965	966
206256	235	188202	965	966
201354	235	190149	965	966
314038	235	190112	965	966
230272	235	188449	965	966
199704	235	189039	965	966
339524	235	196510	965	966
274343	235	189730	965	966
260787	235	192665	965	966
201960	235	188302	965	966
218789	235	190321	965	966
266687	235	189821	965	966
276701	235	211913	965	966
214836	235	188567	965	966
235795	235	189714	965	966
313041	235	188735	965	966
202768	235	189946	965	966
200844	235	191186	965	966
199080	235	189493	965	966
198976	235	189548	965	966
272804	235	266498	965	966
224324	235	189452	965	966
211375	235	189321	965	966
200251	235	189151	965	966
241077	235	188633	965	966
197661	235	190048	965	966
199722	235	188981	965	966
194008	235	197738	965	966
200350	235	189740	965	966
201257	235	188666	965	966
219812	235	188542	965	966
309252	235	192399	965	966
234767	235	188370	965	966
253217	235	188851	965	966
260213	235	190519	965	966
276234	235	189517	965	966
193211	235	188558	965	966
229297	235	188229	965	966
201873	235	191360	965	966
211667	235	190215	965	966
203985	235	189819	965	966
224728	235	192126	965	966
209494	235	190890	965	966
282984	235	188106	965	966
209567	235	189798	965	966
250709	235	188097	965	966
262085	235	188192	965	966
216117	235	188330	965	966
219950	235	196900	965	966
263609	235	188878	965	966
197274	235	190803	965	966
272821	235	189544	965	966
288681	235	188801	965	966
256238	235	188469	965	966
227532	235	188391	965	966
254320	235	264590	965	966
208503	235	188830	965	966
253279	235	189486	965	966
204429	235	189058	965	966
198957	235	188165	965	966
272117	235	196095	965	966
316165	235	189604	965	966
224733	235	190417	965	966
195856	235	188358	965	966
269448	235	190039	965	966
202301	235	188813	965	966
214063	235	188677	965	966
193530	235	188371	965	966
206122	235	188014	965	966
263520	235	188056	965	966
279595	235	188388	965	966
203947	235	189045	965	966
220893	235	188961	965	966
214517	235	188756	965	966
226513	235	199444	965	966
294725	235	201767	965	966
340578	235	191823	965	966
223251	235	190443	965	966
203205	235	188768	965	966
283149	235	189006	965	966
297209	235	189892	965	966
264710	235	190968	965	966
197378	235	188394	965	966
278993	235	188899	965	966
221419	235	188202	965	966
265349	235	189736	965	966
211130	235	189389	965	966
256926	235	188158	965	966
213750	235	188026	965	966
200754	235	189740	965	966
227489	235	189738	965	966
266318	235	287045	965	966
220977	235	188048	965	966
263890	235	191217	965	966
292124	235	195958	965	966
201829	235	188421	965	966
251576	235	190029	965	966
206862	235	189679	965	966
248084	235	190250	965	966
254459	235	188304	965	966
234088	235	188131	965	966
195901	235	188390	965	966
227011	235	189102	965	966
278213	235	189312	965	966
214405	235	188335	965	966
212476	235	191500	965	966
311732	235	190595	965	966
371223	235	193753	965	966
213795	235	188502	965	966
225980	235	188449	965	966
292652	235	188232	965	966
201725	235	188341	965	966
215252	235	188020	965	966
256438	235	188545	965	966
200944	235	188189	965	966
227000	235	319808	965	966
245583	235	188701	965	966
207597	235	192487	965	966
229639	235	189277	965	966
263558	235	237975	965	966
266594	235	190464	965	966
194898	235	188175	965	966
243978	235	190287	965	966
261874	235	199972	965	966
201777	235	188979	965	966
359412	235	196051	965	966
208502	235	188445	965	966
290660	235	188443	965	966
217267	235	188298	965	966
234962	235	188211	965	966
240204	235	188238	965	966
193319	235	189045	965	966
210099	235	190775	965	966
253936	235	188516	965	966
224071	235	188679	965	966
211244	235	188543	965	966
272061	235	191636	965	966
213164	235	190289	965	966
197816	235	188545	965	966
197588	235	189466	965	966
257630	235	189357	965	966
204699	235	195662	965	966
198103	235	189358	965	966
280046	235	189201	965	966
240856	235	190195	965	966
218617	235	188270	965	966
205782	235	189312	965	966
239810	235	188629	965	966
266350	235	191636	965	966
204533	235	188243	965	966
276183	235	188646	965	966
231151	235	188133	965	966
207416	235	189183	965	966
219948	235	188010	965	966
229362	235	188024	965	966
251343	235	188482	965	966
243823	235	188558	965	966
265837	235	189454	965	966
213826	235	189107	965	966
238456	235	188019	965	966
294237	235	204266	965	966
239031	235	223201	965	966
208157	235	191901	965	966
273272	235	188964	965	966
245409	235	190139	965	966
204308	235	188364	965	966
232699	235	190174	965	966
195402	235	188739	965	966
267596	235	190833	965	966
195631	235	189512	965	966
261130	235	189454	965	966
237595	235	189022	965	966
231112	235	188066	965	966
295051	235	188869	965	966
270239	235	266856	965	966
242183	235	316616	965	966
212073	235	188321	965	966
323864	235	189397	965	966
278435	235	188812	965	966
274110	235	219227	965	966
240613	235	188260	965	966
282939	235	189006	965	966
264416	235	188898	965	966
266766	235	188262	965	966
206580	235	189065	965	966
252434	235	189471	965	966
275974	235	188895	965	966
212904	235	188357	965	966
244475	235	188398	965	966
195947	235	190477	965	966
215733	235	188373	965	966
257862	235	189689	965	966
196349	235	195695	965	966
245815	235	233226	965	966
197115	235	188961	965	966
252126	235	189139	965	966
196105	235	188096	965	966
207392	235	190165	965	966
211942	235	188178	965	966
241559	235	189153	965	966
294655	235	190169	965	966
234222	235	188368	965	966
246492	235	190595	965	966
236133	235	188502	965	966
309351	235	189642	965	966
257832	235	188673	965	966
219906	235	188888	965	966
248324	235	195726	965	966
276038	235	188594	965	966
216541	235	189237	965	966
202629	235	188870	965	966
285647	235	198586	965	966
261906	235	188491	965	966
335012	235	190295	965	966
295303	235	200742	965	966
234895	235	188756	965	966
204817	235	188158	965	966
267953	235	190888	965	966
194046	235	192284	965	966
275927	235	188256	965	966
274003	235	189289	965	966
216826	235	190695	965	966
252842	235	195359	965	966
198816	235	189318	965	966
222579	235	220010	965	966
204590	235	189858	965	966
321669	235	229372	965	966
281791	235	191046	965	966
221115	235	189943	965	966
282814	235	192168	965	966
222615	235	188673	965	966
279799	235	189169	965	966
202216	235	188622	965	966
220867	235	254377	965	966
256616	235	188567	965	966
214666	235	188038	965	966
221191	235	188122	965	966
311181	235	188403	965	966
202424	235	188739	965	966
205266	235	191000	965	966
202820	235	188429	965	966
274485	235	190100	965	966
216736	235	188615	965	966
277512	235	188066	965	966
219297	235	188659	965	966
253172	235	188838	965	966
206736	235	194534	965	966
240101	235	190267	965	966
199013	235	188899	965	966
232976	235	189679	965	966
259074	235	190146	965	966
197486	235	188146	965	966
236814	235	188445	965	966
256399	235	188530	965	966
272982	235	225668	965	966
242985	235	189102	965	966
218541	235	192867	965	966
222638	235	188567	965	966
265901	235	190955	965	966
266542	235	228507	965	966
303303	235	196451	965	966
250057	235	188910	965	966
194994	235	188056	965	966
234722	235	192630	965	966
203069	235	188053	965	966
199358	235	188158	965	966
245536	235	189559	965	966
204542	235	189141	965	966
203046	235	190603	965	966
265120	235	191823	965	966
294168	235	194571	965	966
204211	235	188662	965	966
217888	235	188982	965	966
200433	235	188069	965	966
262648	235	188078	965	966
280287	235	188192	965	966
279481	235	190001	965	966
339950	235	235450	965	966
227569	235	188658	965	966
227018	235	189121	965	966
241662	235	216996	965	966
296240	235	188828	965	966
266252	235	190278	965	966
195278	235	189326	965	966
195402	235	189880	965	966
193420	235	188054	965	966
198894	235	189447	965	966
194194	235	190824	965	966
204580	235	188291	965	966
225031	235	188065	965	966
250829	235	246131	965	966
226359	235	188599	965	966
203643	235	188031	965	966
286830	235	216936	965	966
279731	235	194040	965	966
195782	235	189064	965	966
255071	235	188165	965	966
281229	235	190228	965	966
289918	235	189985	965	966
215800	235	189680	965	966
202713	235	188034	965	966
206066	235	189232	965	966
267073	235	190104	965	966
239897	235	188269	965	966
282757	235	188183	965	966
192694	235	189145	965	966
192522	235	192225	965	966
230842	235	189685	965	966
239777	235	188979	965	966
311443	235	192182	965	966
254728	235	188888	965	966
200020	235	188970	965	966
197191	235	196434	965	966
341222	235	188924	965	966
269146	235	188384	965	966
214877	235	189921	965	966
196684	235	188123	965	966
233691	235	188653	965	966
344927	235	189799	965	966
261719	235	191907	965	966
217177	235	189277	965	966
256086	235	188375	965	966
283637	235	200701	965	966
244961	235	190345	965	966
200031	235	188110	965	966
233692	235	189022	965	966
249317	235	190794	965	966
253421	235	189158	965	966
283490	235	189023	965	966
211709	235	188094	965	966
303483	235	191372	965	966
231484	235	190969	965	966
199871	235	189892	965	966
222038	235	189606	965	966
283694	235	193922	965	966
270569	235	188149	965	966
208666	235	188173	965	966
201113	235	188056	965	966
202828	235	189326	965	966
204501	235	188686	965	966
226352	235	191731	965	966
209176	235	189902	965	966
284987	235	189929	965	966
217266	235	189064	965	966
239500	235	264117	965	966
248215	235	205796	965	966
219400	235	188470	965	966
284256	235	192100	965	966
227311	235	190532	965	966
290563	235	210738	965	966
201796	235	188923	965	966
286320	235	190273	965	966
198152	235	189042	965	966
221931	235	193057	965	966
195340	235	189142	965	966
197660	235	188285	965	966
333602	235	188493	965	966
290268	235	188386	965	966
268414	235	189905	965	966
282762	235	190100	965	966
315483	235	189154	965	966
259839	235	197496	965	966
200722	235	189265	965	966
203586	235	188240	965	966
249858	235	188936	965	966
260917	235	189548	965	966
212029	235	191913	965	966
222744	235	190055	965	966
200690	235	188991	965	966
222008	235	190090	965	966
208276	235	188583	965	966
204152	235	189255	965	966
228994	235	189411	965	966
215788	235	198949	965	966
249520	235	188351	965	966
238554	235	189444	965	966
250760	235	194665	965	966
270259	235	189099	965	966
202583	235	189103	965	966
194168	235	188261	965	966
279444	235	204659	965	966
234122	235	195104	965	966
202627	235	188505	965	966
252785	235	188835	965	966
242040	235	191602	965	966
234268	235	188082	965	966
224832	235	188269	965	966
221297	235	189108	965	966
250839	235	189638	965	966
216702	235	188464	965	966
271330	235	195785	965	966
217113	235	188606	965	966
225658	235	188793	965	966
233800	235	189162	965	966
203453	235	188594	965	966
196674	235	189470	965	966
200557	235	188743	965	966
252060	235	191713	965	966
205308	235	189742	965	966
204186	235	189603	965	966
226225	235	188120	965	966
194519	235	188134	965	966
256105	235	190888	965	966
263809	235	188552	965	966
230299	235	189375	965	966
239335	235	189145	965	966
246400	235	195177	965	966
247074	235	190157	965	966
276059	235	194534	965	966
239442	235	188078	965	966
196828	235	188285	965	966
228718	235	189031	965	966
342419	235	190146	965	966
195750	235	189753	965	966
232906	235	188247	965	966
197652	235	188967	965	966
265427	235	197248	965	966
260843	235	188340	965	966
283201	235	190669	965	966
271972	235	188613	965	966
250136	235	189326	965	966
201614	235	189929	965	966
222728	235	188367	965	966
203030	235	188307	965	966
201825	235	192186	965	966
201655	235	190884	965	966
237040	235	220724	965	966
211584	235	191436	965	966
272194	235	188143	965	966
208680	235	188282	965	966
272121	235	260430	965	966
261725	235	190166	965	966
209497	235	188463	965	966
210132	235	190603	965	966
281559	235	189061	965	966
281211	235	190169	965	966
215299	235	189069	965	966
214468	235	188594	965	966
318747	235	189011	965	966
196923	235	188558	965	966
198473	235	188564	965	966
193348	235	188126	965	966
198069	235	199161	965	966
247767	235	190506	965	966
194383	235	189110	965	966
287620	235	188794	965	966
211407	235	188433	965	966
276439	235	193181	965	966
234088	235	190035	965	966
215809	235	188320	965	966
277280	235	188465	965	966
212928	235	189560	965	966
281032	235	188668	965	966
205756	235	188887	965	966
261185	235	188473	965	966
280252	235	201264	965	966
197789	235	189686	965	966
268779	235	188842	965	966
267743	235	188980	965	966
249942	235	188388	965	966
241122	235	192139	965	966
207133	235	188443	965	966
239785	235	223344	965	966
283069	235	190952	965	966
271590	235	196293	965	966
356954	235	193922	965	966
279652	235	189054	965	966
193337	235	188539	965	966
221130	235	214121	965	966
193714	235	232139	965	966
239651	235	188139	965	966
230354	235	192126	965	966
251679	235	233870	965	966
318545	235	190172	965	966
228032	235	188876	965	966
196481	235	188107	965	966
263769	235	189286	965	966
240660	235	188601	965	966
267754	235	188726	965	966
193170	235	195254	965	966
241105	235	189251	965	966
199401	235	188037	965	966
248096	235	191043	965	966
205943	235	189106	965	966
230230	235	188402	965	966
290655	235	188072	965	966
240040	235	189471	965	966
243537	235	189255	965	966
224819	235	188899	965	966
267749	235	189939	965	966
214414	235	190106	965	966
209731	235	190070	965	966
261299	235	198614	965	966
202991	235	188256	965	966
219543	235	188284	965	966
197194	235	188561	965	966
216834	235	189641	965	966
252951	235	189083	965	966
365828	235	201907	965	966
251578	235	189218	965	966
229235	235	224130	965	966
241592	235	188853	965	966
246221	235	188097	965	966
282580	235	188843	965	966
283471	235	188005	965	966
216744	235	189596	965	966
201827	235	212318	965	966
317845	235	190789	965	966
211367	235	188540	965	966
211391	235	188120	965	966
216484	235	191140	965	966
194874	235	188300	965	966
201231	235	188535	965	966
208437	235	189973	965	966
269437	235	191187	965	966
228561	235	188542	965	966
194575	235	188297	965	966
271233	235	189470	965	966
276428	235	188388	965	966
196740	235	188091	965	966
199932	235	188756	965	966
280166	235	189009	965	966
208577	235	190469	965	966
235204	235	190098	965	966
265880	235	188943	965	966
253169	235	189793	965	966
283294	235	189921	965	966
260273	235	188503	965	966
314359	235	196227	965	966
192679	235	188026	965	966
253413	235	189106	965	966
239923	235	191811	965	966
204289	235	188078	965	966
198358	235	189678	965	966
269388	235	189048	965	966
194103	235	190903	965	966
215737	235	189870	965	966
284013	235	189095	965	966
238919	235	193468	965	966
203955	235	189085	965	966
326382	235	189255	965	966
318787	235	189781	965	966
272606	235	189117	965	966
279308	235	189523	965	966
254465	235	190210	965	966
260288	235	189486	965	966
200939	235	190263	965	966
194641	235	188487	965	966
254896	235	190456	965	966
198713	235	188394	965	966
271026	235	189095	965	966
222392	235	188685	965	966
223393	235	189827	965	966
262948	235	188348	965	966
292158	235	195271	965	966
266870	235	302897	965	966
204169	235	193785	965	966
198887	235	189470	965	966
281981	235	189985	965	966
194128	235	190750	965	966
271840	235	259579	965	966
202823	235	190603	965	966
237484	235	188878	965	966
205099	235	188048	965	966
242030	235	212695	965	966
268656	235	190410	965	966
245448	235	188509	965	966
227003	235	190796	965	966
288158	235	188847	965	966
215351	235	195271	965	966
245877	235	189246	965	966
216044	235	189646	965	966
196086	235	188305	965	966
225786	235	188567	965	966
215596	235	188357	965	966
265047	235	189048	965	966
303936	235	190383	965	966
265519	235	188606	965	966
197978	235	188971	965	966
254588	235	188079	965	966
253425	235	191353	965	966
230380	235	188557	965	966
218721	235	189370	965	966
200790	235	188305	965	966
212803	235	188126	965	966
231602	235	226422	965	966
197311	235	189158	965	966
291845	235	190220	965	966
278545	235	191726	965	966
253153	235	189162	965	966
213705	235	188165	965	966
257089	235	188315	965	966
195463	235	188066	965	966
236236	235	194401	965	966
194814	235	189238	965	966
320629	235	190729	965	966
200128	235	188087	965	966
223563	235	188390	965	966
205899	235	190952	965	966
194546	235	189862	965	966
199153	235	188358	965	966
210836	235	188958	965	966
192741	235	188619	965	966
244190	235	189791	965	966
214987	235	188221	965	966
260621	235	189729	965	966
203967	235	189823	965	966
220012	235	188993	965	966
263531	235	188320	965	966
251422	235	189463	965	966
252210	235	252348	965	966
210554	235	188859	965	966
199128	235	188200	965	966
230512	235	188754	965	966
262467	235	188607	965	966
337253	235	188158	965	966
214515	235	191400	965	966
373605	235	189121	965	966
215688	235	189411	965	966
198719	235	190263	965	966
225098	235	188246	965	966
259371	235	190263	965	966
261465	235	188622	965	966
202503	235	188033	965	966
300773	235	190353	965	966
357380	235	189117	965	966
272494	235	198866	965	966
206995	235	195582	965	966
247680	235	190045	965	966
206498	235	189167	965	966
199234	235	188730	965	966
248383	235	193147	965	966
204902	235	188023	965	966
204124	235	188833	965	966
276478	235	194467	965	966
195984	235	188076	965	966
197130	235	189345	965	966
340754	235	189312	965	966
195025	235	192362	965	966
219005	235	191625	965	966
206213	235	194397	965	966
219348	235	188242	965	966
247072	235	189298	965	966
302941	235	188098	965	966
261907	235	188058	965	966
291064	235	193638	965	966
217251	235	189494	965	966
209679	235	190278	965	966
312081	235	189017	965	966
206362	235	188316	965	966
233308	235	188555	965	966
249004	235	192256	965	966
225103	235	188473	965	966
215357	235	190576	965	966
315636	235	189712	965	966
207647	235	188107	965	966
345976	235	188238	965	966
301377	235	189043	965	966
237333	235	190801	965	966
215676	235	188275	965	966
218162	235	188394	965	966
210576	235	188229	965	966
196302	235	188061	965	966
246427	235	188607	965	966
210202	235	192306	965	966
211778	235	194401	965	966
216451	235	189103	965	966
246399	235	188884	965	966
200281	235	215120	965	966
239637	235	188524	965	966
267740	235	190548	965	966
205688	235	188519	965	966
195142	235	188367	965	966
303207	235	190598	965	966
203646	235	190469	965	966
279181	152	188305	965	966
296818	235	188987	965	966
312005	235	188220	965	966
260143	235	190803	965	966
220786	235	190545	965	966
224264	235	206327	965	966
208490	235	188663	965	966
205285	235	191532	965	966
201637	235	188091	965	966
237422	235	188558	965	966
249003	235	258992	965	966
209636	235	189540	965	966
318619	235	188387	965	966
193793	235	188582	965	966
260989	235	189471	965	966
277877	235	188681	965	966
248786	235	190910	965	966
212298	235	189225	965	966
220126	235	188743	965	966
210228	235	188789	965	966
245598	235	188290	965	966
202653	235	189004	965	966
226403	235	192247	965	966
218524	235	188047	965	966
244484	235	232013	965	966
249928	235	188913	965	966
200227	235	188579	965	966
211795	235	188658	965	966
270223	235	188567	965	966
214340	235	188065	965	966
208663	235	201962	965	966
232829	235	189791	965	966
266015	235	191123	965	966
207892	235	188113	965	966
215627	235	189740	965	966
209759	235	190190	965	966
262069	235	233870	965	966
215586	235	188394	965	966
215242	235	188795	965	966
282984	235	188396	965	966
251783	235	189863	965	966
225965	235	211196	965	966
222677	235	189749	965	966
200178	235	188143	965	966
226207	235	189824	965	966
290526	235	211756	965	966
212743	235	189351	965	966
299228	235	188847	965	966
225226	235	188397	965	966
299006	235	236847	965	966
239034	235	188605	965	966
200361	235	191160	965	966
207666	235	188927	965	966
258409	235	190115	965	966
195652	235	189092	965	966
264043	235	196049	965	966
254011	235	191532	965	966
258661	235	188241	965	966
196512	235	188955	965	966
232371	235	188179	965	966
236102	235	189746	965	966
291297	235	190055	965	966
210588	235	190013	965	966
227003	235	189319	965	966
220981	235	190118	965	966
272331	235	189529	965	966
245468	235	188312	965	966
256403	235	188567	965	966
216747	235	191159	965	966
252061	235	189397	965	966
354328	235	199131	965	966
202664	235	188319	965	966
230839	235	188280	965	966
223253	235	190048	965	966
260174	235	188666	965	966
196057	235	188045	965	966
202180	235	188629	965	966
334352	235	189221	965	966
196358	235	189151	965	966
208434	235	188237	965	966
265022	235	188407	965	966
298627	235	205402	965	966
312743	235	189789	965	966
197280	235	190835	965	966
194579	235	188576	965	966
274426	235	192240	965	966
298671	235	196020	965	966
275771	235	188701	965	966
194861	235	188487	965	966
210778	235	202775	965	966
203770	235	189872	965	966
260454	235	188997	965	966
272498	235	188183	965	966
264819	235	191501	965	966
250536	235	192070	965	966
210052	235	190325	965	966
259988	235	202017	965	966
247378	235	189781	965	966
208958	235	188320	965	966
207259	235	188065	965	966
200106	235	189563	965	966
263515	235	190201	965	966
278391	235	189055	965	966
241678	235	188394	965	966
220055	235	235450	965	966
286030	235	190469	965	966
218627	235	188341	965	966
235597	235	190436	965	966
200610	235	188165	965	966
362317	235	190092	965	966
284851	235	190090	965	966
290552	235	188523	965	966
249646	235	190307	965	966
209420	235	207697	965	966
220331	235	190445	965	966
314166	235	188686	965	966
204363	235	188029	965	966
202252	235	190157	965	966
277300	235	191105	965	966
208097	235	218365	965	966
228224	235	190542	965	966
253171	235	189230	965	966
243894	235	188127	965	966
216590	235	190650	965	966
225207	235	188158	965	966
227264	235	188646	965	966
213173	235	189579	965	966
224422	235	188543	965	966
227262	235	189255	965	966
197361	235	189299	965	966
229741	235	188511	965	966
235954	235	189669	965	966
267873	235	189874	965	966
238013	235	193540	965	966
345556	235	190529	965	966
293660	235	192143	965	966
204308	235	189955	965	966
263102	235	188634	965	966
205609	235	189451	965	966
257082	235	196757	965	966
225795	235	188659	965	966
201955	235	188682	965	966
208039	235	188097	965	966
198075	235	188463	965	966
275987	235	189106	965	966
224756	235	189133	965	966
283998	235	189061	965	966
227275	235	188113	965	966
211790	235	188719	965	966
199033	235	188358	965	966
258749	235	188200	965	966
260931	235	191207	965	966
195134	235	188394	965	966
227482	235	188827	965	966
221633	235	190129	965	966
203360	235	190076	965	966
283415	235	188358	965	966
217564	235	188655	965	966
247055	235	220925	965	966
308158	235	188414	965	966
222411	235	188253	965	966
200892	235	188221	965	966
230703	235	189860	965	966
197055	235	188065	965	966
271638	235	191847	965	966
328498	235	189267	965	966
215649	235	189389	965	966
244354	235	188373	965	966
224926	235	188756	965	966
209669	235	190334	965	966
193794	235	188259	965	966
248681	235	189281	965	966
260479	235	189277	965	966
211991	235	197068	965	966
312569	235	190119	965	966
249221	235	189242	965	966
221296	235	188570	965	966
200732	235	189883	965	966
191496	235	189725	965	966
212523	235	188542	965	966
200659	235	188162	965	966
214397	235	190139	965	966
233224	235	188127	965	966
334794	235	188789	965	966
201727	235	191406	965	966
199546	235	188206	965	966
257595	235	188657	965	966
286366	235	188773	965	966
240195	235	191336	965	966
262161	235	189780	965	966
201588	235	188524	965	966
202885	235	188241	965	966
214901	235	188883	965	966
212958	235	190934	965	966
196390	235	189346	965	966
196634	235	188059	965	966
217359	235	189259	965	966
239934	235	192470	965	966
287627	235	188315	965	966
275232	235	188243	965	966
261097	235	189501	965	966
228342	235	189017	965	966
274208	235	190542	965	966
222076	235	192665	965	966
340454	235	190729	965	966
214906	235	188068	965	966
199262	235	190410	965	966
290482	235	197866	965	966
266027	235	193270	965	966
249682	235	188819	965	966
201603	235	230118	965	966
326112	235	188207	965	966
200365	235	188541	965	966
294810	235	189847	965	966
302806	235	188118	965	966
204806	235	188599	965	966
200566	235	189004	965	966
288908	235	188086	965	966
232983	292	353144	965	966
213357	235	280378	965	966
229457	235	191193	965	966
245551	235	190267	965	966
273847	235	199317	965	966
297469	235	188403	965	966
198013	235	189740	965	966
203656	235	189581	965	966
279420	235	188129	965	966
197039	235	189124	965	966
201507	235	188198	965	966
260689	235	188993	965	966
216790	235	192269	965	966
245746	235	189078	965	966
260530	235	189817	965	966
204710	235	188429	965	966
300200	235	191825	965	966
203052	235	189718	965	966
198522	235	188063	965	966
237391	235	194040	965	966
356417	235	190594	965	966
281661	235	188384	965	966
237636	235	244542	965	966
305738	235	188883	965	966
195068	235	190558	965	966
194718	235	188221	965	966
234836	235	188960	965	966
279310	235	188058	965	966
196113	235	191179	965	966
242936	235	188403	965	966
291793	235	198861	965	966
290727	235	235450	965	966
240968	235	188255	965	966
245436	235	188614	965	966
198838	235	188269	965	966
210058	235	188221	965	966
196398	235	189823	965	966
212636	235	188546	965	966
292524	235	189746	965	966
204929	235	188667	965	966
312577	235	190955	965	966
194102	235	189158	965	966
203977	235	188015	965	966
207997	235	189398	965	966
211136	235	188244	965	966
252220	235	194991	965	966
211921	235	189251	965	966
311917	235	190276	965	966
257247	235	189103	965	966
245349	235	190816	965	966
315104	235	188465	965	966
220909	235	188629	965	966
355180	235	193179	965	966
225079	235	188803	965	966
202465	235	298544	965	966
233077	235	188557	965	966
198853	235	188584	965	966
240601	235	188386	965	966
285747	235	223448	965	966
311164	235	191032	965	966
272372	235	190949	965	966
236405	235	189251	965	966
273214	235	197928	965	966
203109	235	188542	965	966
256332	235	190002	965	966
215488	235	188054	965	966
213716	235	188410	965	966
208002	235	188924	965	966
221594	235	188260	965	966
232687	235	188158	965	966
227813	235	194516	965	966
203986	235	190267	965	966
210025	235	188611	965	966
257598	235	189354	965	966
193579	235	188498	965	966
281521	235	189001	965	966
194696	235	189518	965	966
212343	235	189734	965	966
201245	235	189990	965	966
226573	235	189631	965	966
295458	235	188396	965	966
196514	235	188044	965	966
257546	235	196095	965	966
272183	235	188158	965	966
205403	235	188357	965	966
261770	235	266376	965	966
215847	235	188823	965	966
259031	235	188260	965	966
208693	235	189811	965	966
213636	235	190179	965	966
204021	235	204584	965	966
252090	235	190760	965	966
222976	235	196757	965	966
207635	235	188374	965	966
208023	235	189626	965	966
217633	235	189501	965	966
252803	235	188221	965	966
199639	235	188088	965	966
262056	235	188470	965	966
313169	235	188470	965	966
206365	235	189509	965	966
269418	235	189780	965	966
267736	235	188278	965	966
226387	235	189182	965	966
249522	235	189806	965	966
219266	235	188884	965	966
239115	235	189583	965	966
206910	235	188421	965	966
291589	235	190220	965	966
206864	235	188893	965	966
243023	235	219979	965	966
220992	235	188250	965	966
192972	235	189244	965	966
213187	235	188778	965	966
224604	235	190244	965	966
247556	235	201594	965	966
258334	235	188122	965	966
292303	235	190963	965	966
301420	235	256162	965	966
195607	235	188088	965	966
255996	235	244828	965	966
219275	235	189583	965	966
339649	235	189558	965	966
287366	235	188917	965	966
206084	235	191981	965	966
196866	235	191000	965	966
250289	235	190445	965	966
201699	235	189512	965	966
280918	235	246555	965	966
304043	235	189452	965	966
223857	235	188562	965	966
242267	235	189524	965	966
217257	235	190727	965	966
263083	235	189148	965	966
355536	235	188494	965	966
249503	235	188470	965	966
204780	235	188470	965	966
199911	235	188558	965	966
204192	235	188098	965	966
249968	235	189375	965	966
194928	235	188134	965	966
254632	235	189806	965	966
264343	235	189708	965	966
264290	235	188132	965	966
316392	235	193967	965	966
192309	235	188069	965	966
200084	235	189238	965	966
222539	235	188495	965	966
214203	235	189055	965	966
314367	235	190323	965	966
220103	235	241214	965	966
192299	235	190610	965	966
202459	235	189386	965	966
208962	235	188277	965	966
227155	235	188192	965	966
196630	235	188539	965	966
220847	235	188801	965	966
208929	235	189973	965	966
196834	235	188161	965	966
285581	235	188465	965	966
252318	235	190033	965	966
196425	235	188872	965	966
219467	235	189941	965	966
194311	235	188691	965	966
220422	235	191499	965	966
240501	235	188601	965	966
219739	235	190456	965	966
214247	235	189141	965	966
234021	235	203624	965	966
203492	235	188317	965	966
214871	235	189105	965	966
213984	235	191327	965	966
290242	235	188465	965	966
204910	235	189689	965	966
197327	235	189974	965	966
254922	235	188909	965	966
308756	235	191372	965	966
207201	235	188031	965	966
197350	235	188094	965	966
220516	235	188385	965	966
195953	235	190307	965	966
188361	262	324297	965	966
268703	235	202976	965	966
268840	235	190550	965	966
194156	235	189228	965	966
199588	235	189613	965	966
196324	235	190684	965	966
247514	235	189298	965	966
211660	235	188119	965	966
239471	235	190095	965	966
209211	235	188073	965	966
256108	235	232848	965	966
202174	235	188226	965	966
198533	235	188155	965	966
214089	235	189085	965	966
286079	235	188936	965	966
237210	235	188166	965	966
311299	235	190816	965	966
197488	235	191034	965	966
251320	235	191578	965	966
211169	235	188551	965	966
231494	235	188520	965	966
259916	235	188197	965	966
276446	235	188795	965	966
265923	235	190490	965	966
246873	235	188507	965	966
193191	235	188476	965	966
192829	235	188319	965	966
267309	235	190506	965	966
315767	235	194553	965	966
194461	235	190059	965	966
279800	235	188943	965	966
301765	235	189770	965	966
304438	235	188390	965	966
202121	235	188371	965	966
315306	235	191401	965	966
311515	235	189320	965	966
202324	235	188333	965	966
221044	235	188660	965	966
337451	235	223003	965	966
228040	235	190149	965	966
213951	235	189275	965	966
195532	235	188392	965	966
266254	235	217713	965	966
211889	235	190520	965	966
221426	235	190057	965	966
287225	235	188660	965	966
343075	235	188606	965	966
248884	235	188428	965	966
258257	235	188835	965	966
204467	235	191093	965	966
301802	235	189041	965	966
207608	235	188059	965	966
276137	235	189454	965	966
353080	235	201950	965	966
208487	235	190215	965	966
224385	235	189760	965	966
217932	235	188653	965	966
229855	235	190473	965	966
278763	235	189648	965	966
197300	235	188432	965	966
208329	235	188745	965	966
206786	235	189858	965	966
239033	235	191375	965	966
221529	235	188385	965	966
313374	235	188032	965	966
192912	235	190580	965	966
195040	235	190675	965	966
268145	235	188706	965	966
276525	235	202976	965	966
342186	235	227788	965	966
203990	235	188538	965	966
247741	235	189019	965	966
260672	235	233315	965	966
219704	235	188373	965	966
202412	235	190674	965	966
225434	235	189134	965	966
256338	235	192725	965	966
203073	235	188897	965	966
255128	235	188182	965	966
198236	235	189549	965	966
287393	235	189452	965	966
225044	235	190041	965	966
200275	235	188420	965	966
252510	235	190529	965	966
211374	235	189230	965	966
213802	235	188551	965	966
198169	235	189219	965	966
207186	235	195398	965	966
309853	235	189534	965	966
213927	235	188496	965	966
236897	235	188989	965	966
230477	235	191340	965	966
202535	235	190069	965	966
246733	235	188897	965	966
232686	235	189597	965	966
265822	235	192038	965	966
276008	235	189638	965	966
279395	235	188736	965	966
255274	235	188884	965	966
204026	235	188132	965	966
241145	235	188010	965	966
202922	235	189913	965	966
211942	235	188090	965	966
212673	235	189040	965	966
277361	235	188079	965	966
217660	235	203377	965	966
280867	235	188378	965	966
195179	235	188985	965	966
257782	235	193213	965	966
214157	235	189396	965	966
271171	235	190886	965	966
203461	235	188803	965	966
207533	235	188668	965	966
208941	235	188225	965	966
262342	235	196900	965	966
272560	235	189782	965	966
220295	235	188927	965	966
238543	235	190968	965	966
215398	235	189142	965	966
203715	235	189863	965	966
242353	235	189509	965	966
227278	235	189061	965	966
226100	235	188644	965	966
225258	235	190278	965	966
195518	235	189140	965	966
267588	235	189421	965	966
196849	235	189645	965	966
359864	235	188993	965	966
277006	235	189345	965	966
263185	235	188166	965	966
207023	235	190040	965	966
198047	235	188653	965	966
193063	235	188015	965	966
198746	235	188806	965	966
274530	235	233063	965	966
204540	235	188981	965	966
199511	235	189626	965	966
223916	235	189208	965	966
273068	235	188310	965	966
270755	235	201950	965	966
207832	235	189747	965	966
195001	235	189238	965	966
275184	235	188910	965	966
206113	235	188316	965	966
274737	235	188069	965	966
198788	235	189308	965	966
219821	235	188957	965	966
205111	235	188006	965	966
229498	235	190580	965	966
249158	235	189872	965	966
283596	235	190172	965	966
269380	235	188298	965	966
241249	235	189971	965	966
215349	235	188558	965	966
237699	235	195070	965	966
249651	235	188480	965	966
197790	235	188035	965	966
273754	235	191494	965	966
198646	235	264117	965	966
354797	235	237312	965	966
343450	235	192475	965	966
252058	235	316164	965	966
258655	235	241309	965	966
209390	235	188829	965	966
291184	235	188238	965	966
207346	235	189529	965	966
288461	235	193372	965	966
249299	235	188662	965	966
200411	235	191798	965	966
232136	235	188557	965	966
225371	235	190174	965	966
293449	235	189357	965	966
227677	235	191436	965	966
282671	235	188567	965	966
277990	235	195726	965	966
197179	235	188494	965	966
312848	235	189275	965	966
200220	235	188003	965	966
234505	235	191327	965	966
270952	235	192390	965	966
196190	235	188304	965	966
188372	267	299488	965	966
279811	235	200454	965	966
231003	235	229783	965	966
231287	235	188646	965	966
273177	235	188719	965	966
203866	235	188697	965	966
201428	235	189788	965	966
211891	235	191989	965	966
252364	235	189031	965	966
339736	235	190360	965	966
296539	235	189099	965	966
199824	235	188644	965	966
269405	235	188486	965	966
217372	235	189753	965	966
284191	235	193985	965	966
229006	235	189377	965	966
203073	235	190351	965	966
202856	235	188782	965	966
217056	235	189123	965	966
316874	289	216509	965	966
264174	235	188005	965	966
229859	235	188294	965	966
201880	235	189068	965	966
265017	235	188757	965	966
367116	235	189921	965	966
233598	235	190821	965	966
214341	235	188066	965	966
210557	235	189823	965	966
196317	235	188964	965	966
198384	235	188060	965	966
226027	235	189103	965	966
271334	235	188773	965	966
204201	235	190674	965	966
303804	235	192246	965	966
221148	235	188830	965	966
262638	235	189638	965	966
253936	235	188168	965	966
252565	235	188470	965	966
193024	235	188420	965	966
209512	235	188781	965	966
202005	235	189299	965	966
273506	235	189853	965	966
263702	235	206044	965	966
203337	235	189542	965	966
288468	235	189923	965	966
323817	235	190603	965	966
196891	235	188546	965	966
255377	235	226191	965	966
374454	235	201907	965	966
194504	235	188589	965	966
204061	235	189746	965	966
244016	235	190592	965	966
202239	235	188430	965	966
297381	235	191045	965	966
230863	235	189218	965	966
227064	235	189256	965	966
270021	235	188665	965	966
252951	235	189883	965	966
242536	235	189102	965	966
196789	235	188515	965	966
207300	235	189466	965	966
198695	235	188935	965	966
262052	235	190005	965	966
244067	235	188551	965	966
196794	235	190311	965	966
194089	235	188741	965	966
192862	235	188098	965	966
224610	235	189280	965	966
225025	235	190715	965	966
200440	235	219089	965	966
340881	235	188853	965	966
210433	235	188656	965	966
328900	235	193214	965	966
285181	235	189312	965	966
195185	235	190271	965	966
193109	235	188134	965	966
203077	235	188770	965	966
223830	235	191038	965	966
311200	235	188522	965	966
283446	235	189645	965	966
269772	235	190360	965	966
250309	235	188246	965	966
318924	235	189921	965	966
224494	235	188185	965	966
237904	235	189254	965	966
285561	235	190112	965	966
257840	235	188820	965	966
204982	235	188031	965	966
240704	235	190118	965	966
276580	235	193446	965	966
250806	235	189141	965	966
296063	235	189221	965	966
200990	235	188164	965	966
203606	235	188076	965	966
202161	235	189182	965	966
296427	235	189448	965	966
196738	235	188912	965	966
208356	235	190410	965	966
252763	235	189775	965	966
297504	235	190251	965	966
200494	235	189162	965	966
276788	235	194005	965	966
243202	235	188166	965	966
287929	235	195104	965	966
219006	235	197957	965	966
198387	235	188839	965	966
257936	235	188105	965	966
316549	235	188662	965	966
313744	235	188397	965	966
198789	235	190746	965	966
217975	235	188580	965	966
199517	235	190040	965	966
267597	235	189446	965	966
273164	235	189781	965	966
226264	235	193534	965	966
240980	235	189399	965	966
213473	235	189315	965	966
336696	235	218450	965	966
198060	235	188522	965	966
236986	235	188469	965	966
194857	235	188222	965	966
218615	235	189454	965	966
195024	235	189276	965	966
328096	235	189259	965	966
238484	235	188473	965	966
247151	235	188371	965	966
204373	235	193922	965	966
309873	235	191324	965	966
268904	235	190095	965	966
195538	235	188320	965	966
208619	235	188741	965	966
272342	235	188449	965	966
371784	235	227321	965	966
325671	235	188735	965	966
312916	235	313016	965	966
214784	235	188131	965	966
223644	235	189045	965	966
193865	235	189006	965	966
193464	235	188156	965	966
218175	235	189075	965	966
264716	235	189708	965	966
212520	235	188073	965	966
197060	235	188086	965	966
204730	235	188512	965	966
208302	235	190186	965	966
295681	235	189740	965	966
230547	235	188779	965	966
225182	235	188498	965	966
201113	235	188065	965	966
209487	235	195651	965	966
198718	235	189035	965	966
305652	235	190152	965	966
194897	235	189613	965	966
308797	235	201950	965	966
317861	235	215035	965	966
201545	235	188264	965	966
252160	235	189311	965	966
255185	235	188647	965	966
208808	235	189858	965	966
250402	235	189470	965	966
193828	235	190551	965	966
263382	235	189896	965	966
294837	235	188646	965	966
217190	235	188551	965	966
268253	235	190445	965	966
283847	235	188297	965	966
205795	235	188595	965	966
194295	235	190217	965	966
226447	235	192965	965	966
203593	235	188015	965	966
218525	235	190531	965	966
240110	235	265193	965	966
211688	235	190312	965	966
208784	235	189004	965	966
203747	235	189065	965	966
314477	235	223448	965	966
220692	235	188450	965	966
251172	235	195844	965	966
222658	235	189585	965	966
227780	235	189451	965	966
202268	235	188058	965	966
290750	235	190816	965	966
225908	235	191353	965	966
227498	235	188162	965	966
326254	235	209220	965	966
244101	235	189220	965	966
283101	235	298255	965	966
215670	235	188101	965	966
217466	235	188129	965	966
243401	235	188105	965	966
211452	235	192188	965	966
196122	235	191743	965	966
330523	235	188665	965	966
290892	235	188567	965	966
285598	235	190465	965	966
222851	235	190250	965	966
210875	235	192302	965	966
211656	235	191500	965	966
281558	235	188298	965	966
196235	235	193285	965	966
197736	235	189753	965	966
211612	235	190261	965	966
283575	235	188202	965	966
217842	235	188312	965	966
209233	235	189795	965	966
255709	235	188037	965	966
243393	235	188761	965	966
244602	235	188773	965	966
220280	235	194060	965	966
206473	235	188244	965	966
283419	235	189514	965	966
239641	235	189554	965	966
330495	235	188949	965	966
207284	235	189034	965	966
221903	235	192942	965	966
219457	235	188045	965	966
259089	235	188876	965	966
198341	235	259342	965	966
273154	235	191825	965	966
201988	235	188066	965	966
199436	235	188389	965	966
192209	235	188638	965	966
196533	235	188010	965	966
264218	235	189312	965	966
267995	235	188579	965	966
263338	235	190269	965	966
317728	235	190910	965	966
199580	235	188365	965	966
251446	235	190794	965	966
347200	235	191843	965	966
296262	235	264590	965	966
220637	235	189114	965	966
213054	235	189583	965	966
228469	235	250918	965	966
198560	235	188859	965	966
248978	235	266856	965	966
253497	235	188429	965	966
197511	235	196051	965	966
203797	235	189124	965	966
202368	235	188056	965	966
196469	235	189708	965	966
220941	235	188469	965	966
263937	235	188091	965	966
198232	235	188603	965	966
232295	235	198949	965	966
311002	235	190139	965	966
311733	235	190304	965	966
285758	235	215575	965	966
297063	235	189512	965	966
288610	235	189454	965	966
220229	235	192047	965	966
300876	235	188446	965	966
256681	235	189638	965	966
220648	235	188884	965	966
216696	235	188673	965	966
194228	235	188276	965	966
206076	235	188386	965	966
216940	235	193372	965	966
224508	235	193147	965	966
232941	235	188896	965	966
207205	235	188622	965	966
196114	235	189370	965	966
205365	235	193123	965	966
248853	235	190715	965	966
313689	235	264117	965	966
229736	235	204552	965	966
265349	235	189048	965	966
221244	235	189159	965	966
195682	235	188200	965	966
290066	235	201479	965	966
210598	235	188981	965	966
235142	235	188379	965	966
276681	235	191014	965	966
243885	235	190760	965	966
315455	235	190410	965	966
281291	235	188887	965	966
224214	235	188666	965	966
209380	235	188659	965	966
200951	235	190555	965	966
303874	235	237651	965	966
340795	235	189906	965	966
243353	235	189742	965	966
230047	235	189281	965	966
233037	235	189102	965	966
305189	235	188441	965	966
260740	235	189479	965	966
305986	235	188302	965	966
251439	235	188789	965	966
222128	235	188979	965	966
200495	235	188966	965	966
224841	235	189230	965	966
236921	235	193140	965	966
274222	235	188183	965	966
196763	235	188816	965	966
204219	235	188445	965	966
241472	235	191368	965	966
218587	235	188700	965	966
296107	235	188674	965	966
196217	235	188131	965	966
289478	235	190855	965	966
200021	235	189823	965	966
205336	235	189086	965	966
227894	235	190707	965	966
243366	235	195070	965	966
195668	235	188727	965	966
197444	235	192725	965	966
248562	235	190591	965	966
210924	235	190968	965	966
216478	235	189613	965	966
207550	235	189821	965	966
211714	235	190246	965	966
203645	235	189554	965	966
251123	235	188956	965	966
292869	235	188906	965	966
205213	235	189088	965	966
251692	235	188456	965	966
219078	235	188491	965	966
202906	235	189925	965	966
259231	235	188120	965	966
280361	235	190360	965	966
197294	235	202609	965	966
219338	235	188394	965	966
322899	235	189327	965	966
226118	235	188830	965	966
203818	235	188087	965	966
204197	235	191571	965	966
210318	235	188110	965	966
203296	235	188666	965	966
211429	235	192104	965	966
205576	235	188859	965	966
232790	235	188285	965	966
243320	235	188744	965	966
206981	235	191118	965	966
213999	235	191570	965	966
283039	235	192924	965	966
197759	235	189610	965	966
276971	235	189811	965	966
260455	235	189137	965	966
196268	235	188010	965	966
218239	235	189219	965	966
201632	235	189054	965	966
278505	235	188556	965	966
302462	235	190205	965	966
194202	235	188145	965	966
198334	235	190375	965	966
206763	235	189318	965	966
245245	235	189377	965	966
297294	235	207471	965	966
206046	235	189904	965	966
251628	235	298977	965	966
267019	235	189790	965	966
223966	235	189678	965	966
288039	235	189256	965	966
225079	235	188350	965	966
193576	235	190261	965	966
197272	235	188069	965	966
258495	235	189132	965	966
327437	235	189357	965	966
246883	235	188105	965	966
223384	235	189257	965	966
247843	235	188454	965	966
290442	235	241421	965	966
278375	235	188753	965	966
218005	235	220613	965	966
233799	235	189314	965	966
215871	235	189123	965	966
250648	235	190513	965	966
265398	235	188333	965	966
212144	235	192564	965	966
240478	235	189924	965	966
199731	235	189554	965	966
214515	235	189516	965	966
288844	235	189124	965	966
202250	235	188247	965	966
201815	235	189770	965	966
253229	235	192259	965	966
207478	235	194394	965	966
212223	235	189142	965	966
228646	235	188486	965	966
239865	235	189921	965	966
230299	235	189391	965	966
198279	235	188321	965	966
237264	235	188998	965	966
216541	235	188145	965	966
231232	235	189141	965	966
233535	235	191602	965	966
272157	235	188851	965	966
301359	235	189653	965	966
305824	235	189137	965	966
287422	235	189791	965	966
213644	235	189068	965	966
246966	235	188041	965	966
290662	235	190307	965	966
221949	235	188392	965	966
246194	235	188016	965	966
205359	235	188985	965	966
229894	235	189182	965	966
200776	235	188660	965	966
196371	235	188128	965	966
274228	235	190506	965	966
227254	235	189249	965	966
248889	235	190153	965	966
203347	235	193977	965	966
244328	235	188958	965	966
204944	235	188122	965	966
228282	235	194536	965	966
200577	235	189293	965	966
224778	235	188757	965	966
205239	235	188719	965	966
206403	235	189265	965	966
239868	235	193147	965	966
193119	235	188544	965	966
199125	235	188017	965	966
247874	235	192214	965	966
203124	235	188423	965	966
211122	235	188087	965	966
220559	235	190464	965	966
218169	235	191825	965	966
194566	235	190558	965	966
282443	235	190729	965	966
246656	235	191798	965	966
223300	235	188686	965	966
225734	235	189182	965	966
212012	235	193066	965	966
194099	235	192233	965	966
199466	235	190273	965	966
196047	235	260430	965	966
200103	235	188917	965	966
203339	235	190217	965	966
244613	235	190451	965	966
218516	235	188779	965	966
224566	235	189451	965	966
209599	235	189717	965	966
276341	235	194357	965	966
331495	235	195219	965	966
283369	235	189924	965	966
197679	235	188026	965	966
245334	235	207146	965	966
225406	235	192446	965	966
285005	235	197957	965	966
284527	235	188773	965	966
206133	235	189516	965	966
241564	235	189080	965	966
220349	235	188024	965	966
210001	235	191463	965	966
236505	235	190989	965	966
205646	235	188250	965	966
337643	235	233870	965	966
321210	235	188540	965	966
307728	235	192737	965	966
272285	235	206571	965	966
260578	235	190190	965	966
223625	235	189385	965	966
260613	235	190988	965	966
282469	235	189648	965	966
214286	235	189972	965	966
314493	235	193158	965	966
206651	235	189394	965	966
198226	235	189124	965	966
247558	235	188552	965	966
214967	235	190955	965	966
224032	235	190285	965	966
291650	235	189099	965	966
212658	235	189013	965	966
243971	235	189067	965	966
287671	235	189542	965	966
233158	235	190910	965	966
234577	235	194512	965	966
242311	235	188032	965	966
228756	235	195958	965	966
206847	235	188636	965	966
309181	235	190472	965	966
226686	235	216883	965	966
372211	235	190686	965	966
193716	235	188070	965	966
247573	235	188594	965	966
242717	235	189647	965	966
197599	235	188858	965	966
199100	235	188269	965	966
272258	235	188877	965	966
215476	235	188113	965	966
218962	235	188509	965	966
283630	235	190891	965	966
292060	235	207100	965	966
270555	235	194891	965	966
210875	235	190119	965	966
225200	235	188305	965	966
200760	235	190689	965	966
217486	235	191136	965	966
341448	235	203070	965	966
210124	235	188469	965	966
200282	235	188267	965	966
200136	235	188647	965	966
324548	235	194991	965	966
216788	235	188218	965	966
276589	235	191286	965	966
211301	235	191401	965	966
193041	235	191373	965	966
219765	235	188449	965	966
196553	235	197453	965	966
300250	235	190760	965	966
218027	235	189579	965	966
241229	235	190538	965	966
203908	235	191665	965	966
198429	235	188304	965	966
284117	235	188620	965	966
289357	235	188605	965	966
208541	235	189738	965	966
206225	235	188496	965	966
200551	235	188305	965	966
210839	235	188039	965	966
251610	235	191051	965	966
261421	235	188111	965	966
249732	235	188868	965	966
265694	235	188486	965	966
196919	235	190184	965	966
239451	235	188815	965	966
233504	235	189479	965	966
210245	235	189162	965	966
198489	235	189013	965	966
219274	235	197267	965	966
239543	235	226875	965	966
230181	235	188411	965	966
241579	235	191637	965	966
300911	235	189638	965	966
290254	235	189259	965	966
273023	235	188982	965	966
201576	235	188260	965	966
200046	235	189267	965	966
234985	235	188059	965	966
209432	235	189107	965	966
196201	235	188098	965	966
242502	235	190833	965	966
199179	235	189030	965	966
223330	235	189267	965	966
295021	235	189554	965	966
195540	235	188546	965	966
199555	235	188076	965	966
207547	235	194009	965	966
252236	235	189455	965	966
259479	235	197396	965	966
295182	235	189921	965	966
195868	235	188659	965	966
210172	235	190174	965	966
210507	235	188254	965	966
223057	235	188594	965	966
289521	235	194400	965	966
213776	235	190153	965	966
194416	235	188092	965	966
271350	235	188913	965	966
248775	235	188300	965	966
249406	235	190106	965	966
283743	235	189047	965	966
194586	235	188839	965	966
217594	235	188238	965	966
239512	235	188999	965	966
212563	235	188158	965	966
218033	235	188803	965	966
196128	235	188489	965	966
226652	235	206694	965	966
211006	235	189546	965	966
194217	235	189585	965	966
198323	235	188452	965	966
221844	235	189123	965	966
313696	235	259079	965	966
269728	235	189275	965	966
193937	235	189007	965	966
286180	235	188523	965	966
254644	235	188543	965	966
224294	235	188621	965	966
306193	235	191045	965	966
193902	235	189259	965	966
243441	235	188171	965	966
198162	235	188242	965	966
207674	235	189823	965	966
202799	235	189163	965	966
242138	235	188519	965	966
225073	235	217713	965	966
206483	235	188543	965	966
199465	235	188333	965	966
202455	235	188728	965	966
207109	235	195931	965	966
193612	235	188065	965	966
221048	235	188895	965	966
216146	235	317544	965	966
337792	235	196510	965	966
300174	235	211403	965	966
306931	235	188776	965	966
218286	235	190477	965	966
213081	235	188570	965	966
197765	235	189861	965	966
209244	235	189974	965	966
233405	235	190039	965	966
331601	235	193503	965	966
220859	235	189384	965	966
207165	235	188086	965	966
218910	235	188754	965	966
287955	235	189749	965	966
193080	235	189819	965	966
232869	235	190010	965	966
257864	235	188686	965	966
328062	235	192872	965	966
218344	235	188517	965	966
192755	235	189501	965	966
200369	235	189448	965	966
300982	235	189326	965	966
202241	235	188738	965	966
255755	235	189569	965	966
242222	235	196757	965	966
201327	235	188981	965	966
290000	235	188265	965	966
213085	235	188320	965	966
236390	235	192464	965	966
219374	235	188482	965	966
216804	235	188878	965	966
244146	235	190133	965	966
198449	235	188085	965	966
216102	235	188219	965	966
234616	235	188790	965	966
243310	235	190345	965	966
198623	235	188126	965	966
257943	235	195570	965	966
203684	235	189518	965	966
256945	235	188899	965	966
257672	235	188456	965	966
296870	235	190540	965	966
208479	235	188899	965	966
200266	235	188276	965	966
198231	235	188061	965	966
261355	235	189444	965	966
202499	235	188246	965	966
289619	235	188261	965	966
234080	235	188896	965	966
296377	235	188910	965	966
342070	235	189647	965	966
206623	235	188026	965	966
211380	235	190289	965	966
243011	235	189692	965	966
235648	235	188409	965	966
225423	235	188948	965	966
202801	235	188394	965	966
218657	235	188403	965	966
236606	235	189057	965	966
301881	42	189280	965	966
201556	235	189387	965	966
216852	235	188608	965	966
316421	235	188794	965	966
282613	235	188010	965	966
230000	235	191981	965	966
228362	235	188519	965	966
205168	235	189225	965	966
247334	235	293130	965	966
225938	235	189283	965	966
193430	235	188033	965	966
225142	235	188307	965	966
250379	235	188403	965	966
203263	235	191433	965	966
278550	235	190323	965	966
210434	235	188927	965	966
209058	235	191026	965	966
250837	235	188884	965	966
205653	235	188260	965	966
332603	235	190760	965	966
224894	235	191135	965	966
320023	235	188743	965	966
287518	235	189021	965	966
208342	235	188542	965	966
198745	235	189286	965	966
218675	235	188442	965	966
212434	235	188964	965	966
206874	235	188204	965	966
208782	235	189057	965	966
237117	235	192318	965	966
289528	235	196853	965	966
198081	235	189645	965	966
202453	235	189600	965	966
299280	235	189385	965	966
203138	235	189451	965	966
202667	235	188094	965	966
228611	235	188989	965	966
197439	235	226880	965	966
232137	235	188478	965	966
221258	235	188959	965	966
199088	235	189692	965	966
269015	235	207100	965	966
246109	235	188238	965	966
207598	235	188767	965	966
204020	235	188409	965	966
314874	235	188773	965	966
221689	235	189721	965	966
258175	235	189226	965	966
281096	235	188505	965	966
277677	235	189780	965	966
221785	235	188045	965	966
257502	235	189160	965	966
252827	235	189228	965	966
207046	235	188060	965	966
314781	235	192090	965	966
264102	235	189445	965	966
225826	289	317936	965	966
319024	235	190501	965	966
221354	235	188409	965	966
235411	235	189677	965	966
207344	235	188421	965	966
242384	235	189613	965	966
204566	235	189286	965	966
289932	235	190955	965	966
344606	235	188522	965	966
234109	235	188086	965	966
312769	235	189217	965	966
283217	235	189780	965	966
305796	235	194805	965	966
235211	235	198158	965	966
257281	235	189998	965	966
212927	235	190119	965	966
194982	235	188638	965	966
263206	235	188097	965	966
198320	235	189241	965	966
282332	235	190531	965	966
221087	235	188246	965	966
291650	235	197738	965	966
205745	235	188907	965	966
209207	235	189242	965	966
239566	235	190901	965	966
253943	235	188757	965	966
315207	235	189303	965	966
342791	235	188123	965	966
202855	235	194082	965	966
193132	235	188358	965	966
195265	235	188537	965	966
330941	235	191920	965	966
196188	235	188173	965	966
199180	235	190934	965	966
298539	235	188865	965	966
235436	235	188946	965	966
268575	235	188795	965	966
208967	235	198861	965	966
223777	235	188096	965	966
205219	235	188244	965	966
217143	235	189034	965	966
212945	235	188168	965	966
299715	235	192669	965	966
299158	235	188389	965	966
205677	235	188032	965	966
232546	235	190421	965	966
260035	235	227984	965	966
295635	235	188141	965	966
254560	235	191403	965	966
203778	235	188253	965	966
216908	235	189389	965	966
203112	235	188229	965	966
199443	235	191571	965	966
283091	235	190172	965	966
194234	235	199277	965	966
265541	235	188403	965	966
254192	235	188644	965	966
199497	235	190114	965	966
291503	235	253694	965	966
218800	235	188744	965	966
228740	235	191907	965	966
220580	235	188543	965	966
285124	235	188547	965	966
213436	235	188936	965	966
194569	235	188615	965	966
291694	235	189417	965	966
310948	235	188877	965	966
226917	235	192315	965	966
207227	235	190157	965	966
258367	235	189060	965	966
255764	235	189678	965	966
200857	235	188729	965	966
195393	235	189951	965	966
281450	235	189967	965	966
290099	235	189563	965	966
261907	235	188197	965	966
229003	235	190076	965	966
240244	235	188662	965	966
281934	235	190711	965	966
265670	235	188773	965	966
198325	235	188792	965	966
198966	235	236847	965	966
283896	235	189264	965	966
374873	235	188403	965	966
206513	235	189645	965	966
215074	235	188803	965	966
337675	235	214279	965	966
206447	235	189386	965	966
259644	235	192167	965	966
221807	235	189103	965	966
200248	235	188260	965	966
212432	235	189275	965	966
226079	235	188486	965	966
208575	235	188275	965	966
204639	235	188297	965	966
195607	235	190271	965	966
202399	235	188202	965	966
252297	235	190096	965	966
330753	235	189904	965	966
263730	235	188065	965	966
273191	235	190952	965	966
258040	235	189058	965	966
198812	235	188668	965	966
213651	235	189140	965	966
258931	235	194530	965	966
231100	235	190740	965	966
237175	235	191433	965	966
200712	235	188458	965	966
217027	235	188054	965	966
194917	235	188075	965	966
207228	235	188790	965	966
319796	235	209220	965	966
217205	235	192796	965	966
206419	235	188502	965	966
257898	235	188377	965	966
202167	235	192630	965	966
208209	235	188597	965	966
227553	235	188519	965	966
207963	235	188999	965	966
211323	235	189789	965	966
245661	235	193189	965	966
204001	235	188432	965	966
268927	235	189048	965	966
208522	235	189872	965	966
246142	235	188319	965	966
273875	235	190005	965	966
212549	235	190901	965	966
217423	235	188371	965	966
295321	235	190321	965	966
210204	235	188020	965	966
243626	235	188070	965	966
210748	235	188444	965	966
244856	235	188108	965	966
265874	235	188909	965	966
283207	235	188554	965	966
232674	235	191601	965	966
198482	235	188612	965	966
232587	235	189539	965	966
206779	235	201315	965	966
228881	235	190280	965	966
213722	235	188396	965	966
217830	235	188053	965	966
238275	235	188178	965	966
254674	235	188824	965	966
221070	235	188961	965	966
206778	235	190186	965	966
252999	235	188816	965	966
224333	235	189346	965	966
212206	235	188754	965	966
196895	235	188149	965	966
225645	235	191478	965	966
315058	235	235638	965	966
243977	235	188558	965	966
200709	235	188757	965	966
258525	235	248597	965	966
209114	235	188420	965	966
324148	235	189894	965	966
227965	235	194512	965	966
313570	235	189061	965	966
194193	235	190069	965	966
298336	235	188268	965	966
259704	235	189638	965	966
205626	235	220236	965	966
230267	235	188109	965	966
272009	235	189558	965	966
229525	235	188899	965	966
192842	235	188418	965	966
223293	235	194124	965	966
224024	235	188975	965	966
340848	235	207471	965	966
252220	235	188260	965	966
266550	235	191478	965	966
208132	235	188433	965	966
298229	235	190037	965	966
217991	235	189817	965	966
200260	235	188555	965	966
210647	235	189092	965	966
220822	235	188940	965	966
236228	235	192315	965	966
201362	235	281904	965	966
263141	235	190095	965	966
223758	235	188403	965	966
265105	235	194544	965	966
211543	235	189067	965	966
278801	235	188388	965	966
241687	235	188197	965	966
273425	235	189714	965	966
211271	235	188142	965	966
196936	235	192828	965	966
224466	235	189582	965	966
209996	235	188529	965	966
246754	235	188795	965	966
282990	235	241180	965	966
197758	235	189031	965	966
235874	235	188238	965	966
205519	235	188710	965	966
207968	235	188278	965	966
263731	235	189454	965	966
285075	235	188761	965	966
206983	235	188702	965	966
268351	235	188617	965	966
247291	235	189529	965	966
216789	235	188516	965	966
287861	235	188543	965	966
229796	235	188260	965	966
255783	235	188552	965	966
304711	235	197165	965	966
270810	235	190564	965	966
200018	235	188619	965	966
230057	235	188011	965	966
201763	235	188463	965	966
223524	235	189075	965	966
249135	235	202866	965	966
260168	235	189140	965	966
278458	235	188470	965	966
208570	235	188682	965	966
270591	235	195955	965	966
212571	235	218814	965	966
200829	235	190408	965	966
237275	235	190469	965	966
253156	235	189446	965	966
293741	235	190399	965	966
249254	235	189067	965	966
200843	235	188241	965	966
351472	235	188669	965	966
281923	235	188436	965	966
250205	235	190679	965	966
255976	235	188574	965	966
214466	235	188003	965	966
331086	235	197248	965	966
256221	235	188599	965	966
194264	235	191351	965	966
203203	235	196665	965	966
288509	235	188242	965	966
250402	235	193981	965	966
204132	235	188782	965	966
262374	235	189088	965	966
245230	235	188032	965	966
197121	235	188097	965	966
367732	235	188906	965	966
313548	235	229614	965	966
262780	235	188331	965	966
196324	235	188091	965	966
317936	289	225826	965	966
203366	235	188127	965	966
214011	235	189065	965	966
198052	235	190555	965	966
215900	235	189232	965	966
287615	235	189102	965	966
241360	235	190900	965	966
315682	235	190474	965	966
247025	235	189298	965	966
242539	235	189520	965	966
262748	235	190304	965	966
212288	235	195271	965	966
214015	235	190469	965	966
272603	235	189587	965	966
241085	235	188833	965	966
247333	235	193446	965	966
232271	235	222674	965	966
336668	235	188463	965	966
259801	235	190174	965	966
252722	235	188178	965	966
220389	235	201712	965	966
267788	235	188300	965	966
293074	235	194770	965	966
344587	235	189004	965	966
225058	235	188473	965	966
229028	235	188351	965	966
195307	235	188052	965	966
205574	235	188262	965	966
253205	235	190978	965	966
201445	235	188127	965	966
257260	235	189951	965	966
288790	235	189303	965	966
222368	235	189738	965	966
207094	235	188463	965	966
196103	235	188045	965	966
226873	235	188090	965	966
208267	235	193057	965	966
256436	235	190010	965	966
199687	235	189142	965	966
210572	235	189303	965	966
238484	235	188323	965	966
233797	235	189154	965	966
198458	235	188015	965	966
257211	235	188538	965	966
313885	235	190465	965	966
216076	235	196757	965	966
222384	235	190469	965	966
223550	235	189357	965	966
211346	235	188197	965	966
203605	235	189622	965	966
211958	235	189218	965	966
197927	235	188786	965	966
240104	235	189277	965	966
205575	235	189548	965	966
221113	235	194191	965	966
279001	235	190179	965	966
260236	235	188006	965	966
298990	235	189251	965	966
299714	235	191213	965	966
228018	235	188478	965	966
209071	235	189208	965	966
207448	235	188034	965	966
242527	235	190715	965	966
271410	235	188391	965	966
195698	235	191192	965	966
267569	235	188967	965	966
200355	235	188997	965	966
208096	235	188835	965	966
263905	235	189208	965	966
258649	235	192230	965	966
277995	235	188109	965	966
200087	235	188061	965	966
258460	235	190655	965	966
234851	235	188731	965	966
230299	235	188146	965	966
211603	235	188200	965	966
236520	235	190007	965	966
310559	235	189861	965	966
197834	235	188189	965	966
201212	235	193939	965	966
210030	235	188027	965	966
313001	235	188201	965	966
205296	235	190413	965	966
201915	235	188667	965	966
272313	235	190039	965	966
200180	235	192853	965	966
222953	235	191713	965	966
209986	235	188371	965	966
220782	235	191825	965	966
231478	235	188463	965	966
215740	235	188517	965	966
298561	235	190179	965	966
329400	235	188219	965	966
220985	235	192390	965	966
287833	235	189391	965	966
254070	235	189463	965	966
291900	235	190157	965	966
250971	235	188646	965	966
206656	235	189610	965	966
199784	235	188074	965	966
204255	235	188273	965	966
216725	235	188351	965	966
219128	235	189516	965	966
218636	235	188133	965	966
266423	235	191071	965	966
219777	235	189679	965	966
198886	235	189132	965	966
193945	235	189765	965	966
258262	235	188747	965	966
221655	235	191593	965	966
264074	235	190140	965	966
216459	235	252348	965	966
227010	235	189118	965	966
280005	235	188954	965	966
291519	235	188448	965	966
196896	235	188061	965	966
193014	235	233870	965	966
197525	235	188164	965	966
232852	235	188899	965	966
199421	235	188865	965	966
206173	235	188027	965	966
200279	235	188043	965	966
237457	235	189921	965	966
249688	235	188523	965	966
223528	235	188594	965	966
214532	235	189116	965	966
251739	235	189851	965	966
214882	235	189075	965	966
259986	235	190273	965	966
220048	235	188344	965	966
190906	235	236844	965	966
274072	235	207320	965	966
206009	235	189613	965	966
207380	235	189407	965	966
274480	235	188540	965	966
204440	235	188156	965	966
243098	235	188472	965	966
194345	235	188107	965	966
195353	235	188334	965	966
289260	235	188143	965	966
213877	235	188520	965	966
239384	235	190953	965	966
218633	235	188479	965	966
259653	235	205974	965	966
211592	235	188192	965	966
202867	235	189295	965	966
194337	235	190689	965	966
270972	235	195851	965	966
199646	235	188522	965	966
203537	235	188045	965	966
295742	235	201767	965	966
201485	235	188070	965	966
208889	235	201094	965	966
291983	235	188683	965	966
218273	235	188621	965	966
229081	235	216883	965	966
203122	235	189293	965	966
210663	235	188225	965	966
261145	235	188816	965	966
213474	235	194484	965	966
196196	235	188438	965	966
229195	235	189102	965	966
194676	235	189346	965	966
248520	235	206553	965	966
230758	235	193637	965	966
232611	235	188079	965	966
232525	235	189312	965	966
202159	235	189548	965	966
291139	235	189150	965	966
272491	235	188646	965	966
203853	235	189523	965	966
297967	235	191375	965	966
202213	235	191698	965	966
243010	235	189216	965	966
307470	235	188378	965	966
254667	235	191034	965	966
207689	235	188099	965	966
212050	235	190453	965	966
238464	235	235638	965	966
193695	235	188555	965	966
241923	235	188567	965	966
209758	235	189781	965	966
223648	235	189017	965	966
198624	235	188876	965	966
226149	235	193512	965	966
295308	235	188221	965	966
294588	235	190584	965	966
226141	235	189696	965	966
203028	235	188541	965	966
241389	235	189740	965	966
271551	235	189967	965	966
253257	235	188929	965	966
259235	235	193648	965	966
205094	235	188031	965	966
207721	235	189886	965	966
202977	235	188949	965	966
194225	235	188524	965	966
211123	235	289359	965	966
238337	235	190307	965	966
247151	235	190134	965	966
249904	235	188657	965	966
193560	235	188129	965	966
258502	235	188330	965	966
286290	235	188917	965	966
251236	235	189129	965	966
283151	235	189740	965	966
201453	235	188493	965	966
250667	235	188070	965	966
218987	235	188294	965	966
242378	235	198694	965	966
202570	235	188072	965	966
217326	235	189006	965	966
370851	235	189154	965	966
220096	235	188842	965	966
202456	235	188621	965	966
282599	235	188954	965	966
192415	235	188089	965	966
207839	235	188768	965	966
193276	235	188018	965	966
199772	235	189193	965	966
208695	235	190345	965	966
196199	235	189822	965	966
323965	235	188433	965	966
285599	235	188565	965	966
197338	235	188029	965	966
316737	235	192545	965	966
226494	235	198656	965	966
242696	235	189283	965	966
217331	235	189692	965	966
206593	235	188044	965	966
261228	235	188180	965	966
219400	235	188241	965	966
230380	235	188470	965	966
292768	235	189229	965	966
199089	235	188155	965	966
226519	235	188697	965	966
215936	235	193057	965	966
259137	235	188316	965	966
270844	235	292911	965	966
264290	235	189182	965	966
215311	235	188982	965	966
292628	235	188086	965	966
331395	235	195630	965	966
218466	235	189555	965	966
215804	235	188790	965	966
227576	235	259579	965	966
207409	235	189615	965	966
298753	235	189790	965	966
240074	235	189070	965	966
236262	235	189908	965	966
308471	235	189636	965	966
283650	235	192669	965	966
264389	235	188436	965	966
198676	235	188043	965	966
257000	235	189219	965	966
337948	235	188773	965	966
314730	235	188173	965	966
317402	235	195781	965	966
299457	235	188690	965	966
212661	235	190506	965	966
280724	235	195177	965	966
203896	235	188394	965	966
211146	235	188242	965	966
206081	235	219089	965	966
213398	235	188394	965	966
208651	235	188927	965	966
291443	235	189320	965	966
215617	235	188054	965	966
216356	235	189470	965	966
322745	235	215447	965	966
203129	235	201479	965	966
234879	235	191726	965	966
234050	235	189870	965	966
202206	235	188538	965	966
202387	235	191327	965	966
261269	235	189264	965	966
210175	235	199507	965	966
248383	235	188795	965	966
213646	235	188421	965	966
214923	235	188823	965	966
198015	235	188161	965	966
206120	235	191406	965	966
256183	235	189242	965	966
198377	235	188495	965	966
305015	235	189780	965	966
305858	235	188429	965	966
210999	235	190554	965	966
199524	235	190125	965	966
309274	235	188773	965	966
204459	235	189973	965	966
276764	235	188152	965	966
239531	235	188505	965	966
287598	235	189950	965	966
302262	235	199131	965	966
190785	239	258485	965	966
200818	235	188992	965	966
318551	235	189740	965	966
198833	235	190185	965	966
201414	235	189486	965	966
198200	235	188302	965	966
202783	235	188830	965	966
192871	235	189295	965	966
266604	235	189312	965	966
197149	235	191890	965	966
197224	235	190157	965	966
292477	235	190184	965	966
215259	235	188464	965	966
307455	235	191726	965	966
216940	235	191601	965	966
246771	235	188045	965	966
204285	235	188706	965	966
208960	235	189646	965	966
207251	235	190451	965	966
205622	235	189630	965	966
212176	235	188742	965	966
267943	235	188050	965	966
214843	235	191032	965	966
275182	235	189308	965	966
193798	235	188026	965	966
217883	235	188107	965	966
217967	235	190603	965	966
261240	235	188995	965	966
234734	235	191907	965	966
331589	235	188574	965	966
293498	235	188146	965	966
246894	235	188758	965	966
306302	235	189228	965	966
316721	235	189370	965	966
269671	235	189197	965	966
213175	235	223796	965	966
268773	235	201014	965	966
241048	235	188743	965	966
248102	235	189686	965	966
236051	235	188780	965	966
230763	235	191416	965	966
200552	235	188765	965	966
297722	235	189847	965	966
278671	235	189095	965	966
345018	235	198208	965	966
236818	235	188374	965	966
285625	235	257804	965	966
200272	235	188111	965	966
202886	235	188436	965	966
319320	235	190968	965	966
333593	235	195144	965	966
215556	235	189069	965	966
287648	235	188297	965	966
301709	235	189519	965	966
226231	235	189186	965	966
306773	235	188765	965	966
220088	235	190801	965	966
226135	235	189013	965	966
295232	235	191192	965	966
280680	235	190453	965	966
201047	235	190020	965	966
195455	235	189299	965	966
209066	235	191306	965	966
192232	235	188097	965	966
244328	235	188059	965	966
218237	235	193648	965	966
200858	235	188677	965	966
235050	235	194809	965	966
264520	235	188139	965	966
267526	235	190311	965	966
207157	235	190932	965	966
258556	235	190152	965	966
208608	235	189452	965	966
196080	235	188320	965	966
194306	235	188774	965	966
226585	235	189317	965	966
320800	235	188523	965	966
280287	235	188552	965	966
204936	235	191901	965	966
193336	235	188054	965	966
203313	235	189069	965	966
217988	235	188068	965	966
214381	235	244828	965	966
200588	235	189162	965	966
214950	235	189549	965	966
215880	235	188333	965	966
289599	235	190570	965	966
272319	235	188470	965	966
192967	235	188061	965	966
247915	235	190529	965	966
197979	235	188175	965	966
204683	235	188091	965	966
212409	235	188393	965	966
291423	235	191119	965	966
362162	235	189220	965	966
201718	235	216883	965	966
252976	235	189106	965	966
236681	235	189004	965	966
287271	235	188388	965	966
229362	235	191629	965	966
215211	235	192220	965	966
270213	235	190295	965	966
262165	235	188276	965	966
204989	235	188826	965	966
205007	235	188936	965	966
217428	235	188442	965	966
216462	235	196226	965	966
286084	235	189102	965	966
223083	235	188998	965	966
193682	235	188662	965	966
248356	235	188542	965	966
215224	235	188738	965	966
318758	235	266376	965	966
205263	235	189159	965	966
229481	235	190020	965	966
224277	235	191434	965	966
247318	235	188073	965	966
208573	235	188143	965	966
211792	235	193076	965	966
200066	235	191578	965	966
247658	235	188920	965	966
266559	235	191981	965	966
271159	235	189218	965	966
215452	235	189357	965	966
236698	235	189760	965	966
200338	235	189483	965	966
198741	235	189509	965	966
253087	235	189308	965	966
219734	235	188913	965	966
326413	235	189041	965	966
208801	235	190038	965	966
227642	235	189583	965	966
260566	235	190882	965	966
198862	235	188094	965	966
313744	235	189540	965	966
272774	235	188547	965	966
361679	235	188487	965	966
222737	235	188044	965	966
204500	235	188420	965	966
201833	235	189448	965	966
247471	235	189102	965	966
194977	235	189501	965	966
274676	235	189685	965	966
295875	235	229398	965	966
218598	235	193977	965	966
198489	235	188107	965	966
327960	235	225855	965	966
220855	235	224873	965	966
221523	235	190005	965	966
202454	235	188180	965	966
227227	235	189404	965	966
237475	235	188119	965	966
216611	235	188249	965	966
315866	235	189448	965	966
207157	235	210005	965	966
199813	235	190049	965	966
196923	235	188226	965	966
245894	235	188005	965	966
305135	235	189323	965	966
208240	235	189230	965	966
276600	235	188045	965	966
261525	235	189333	965	966
235451	235	188859	965	966
202950	235	188792	965	966
234890	235	188958	965	966
259477	235	188997	965	966
237852	235	209922	965	966
303236	235	206356	965	966
232249	235	189454	965	966
332238	235	190010	965	966
271830	235	189968	965	966
203783	235	189346	965	966
212878	235	188048	965	966
237789	235	188565	965	966
266124	235	191907	965	966
199018	235	188226	965	966
229499	235	189158	965	966
333402	235	188552	965	966
195562	235	188201	965	966
257738	235	188770	965	966
204233	235	188744	965	966
244552	235	211112	965	966
195423	235	188073	965	966
244969	235	198875	965	966
250550	235	189221	965	966
198240	235	189166	965	966
204853	235	189394	965	966
266508	235	189518	965	966
279877	235	190467	965	966
211623	235	188899	965	966
201373	235	189835	965	966
209243	235	188498	965	966
286960	235	190166	965	966
198692	235	198766	965	966
269171	235	189338	965	966
335959	235	190984	965	966
261871	235	190473	965	966
252732	235	188884	965	966
197067	235	189410	965	966
203117	235	189370	965	966
262817	235	190888	965	966
232110	235	188001	965	966
338725	235	188469	965	966
218312	235	188221	965	966
213786	235	188278	965	966
206118	235	190934	965	966
280347	235	188795	965	966
221648	235	192130	965	966
248270	235	190961	965	966
259164	235	190217	965	966
208412	235	190410	965	966
282953	235	191306	965	966
254115	235	218568	965	966
284868	235	191372	965	966
195096	235	190311	965	966
219771	235	189736	965	966
258633	235	191123	965	966
206221	235	188261	965	966
212621	235	188411	965	966
256666	235	188155	965	966
232750	235	188640	965	966
200479	235	188136	965	966
217822	235	188096	965	966
331596	235	189375	965	966
209642	235	188862	965	966
333174	235	229163	965	966
214894	235	188565	965	966
239545	235	223003	965	966
207379	235	194835	965	966
207903	235	190153	965	966
226043	235	189738	965	966
229416	235	190410	965	966
243789	235	201805	965	966
242789	235	239870	965	966
247591	235	190910	965	966
326290	235	189781	965	966
211289	235	189821	965	966
247632	235	190125	965	966
212936	235	191093	965	966
198671	235	188054	965	966
197149	235	189630	965	966
216509	289	316874	965	966
288571	235	190789	965	966
218472	235	188373	965	966
208546	235	204266	965	966
280428	235	188473	965	966
216148	235	188356	965	966
207966	235	188741	965	966
273141	235	188242	965	966
206198	235	188312	965	966
194998	235	190735	965	966
222547	235	230014	965	966
202133	235	189197	965	966
316742	235	192149	965	966
234013	235	188744	965	966
267542	235	190059	965	966
216215	235	189769	965	966
309496	235	188561	965	966
219501	235	188511	965	966
213682	235	188655	965	966
193970	235	188967	965	966
200955	235	191068	965	966
192719	235	191529	965	966
261350	235	191327	965	966
233573	235	188803	965	966
215194	235	189151	965	966
226829	235	191733	965	966
199842	235	189107	965	966
219583	235	188088	965	966
224152	235	189444	965	966
269317	235	188166	965	966
220409	235	189809	965	966
204071	235	188200	965	966
261101	235	189605	965	966
198480	235	188897	965	966
198814	235	188060	965	966
195065	235	189925	965	966
283633	235	191557	965	966
198848	235	188855	965	966
238525	235	188542	965	966
236766	235	188582	965	966
219317	235	188552	965	966
199299	235	195149	965	966
240080	235	189145	965	966
206596	235	189022	965	966
193415	235	207819	965	966
219645	235	188793	965	966
228807	235	190724	965	966
199831	235	192036	965	966
216475	235	192350	965	966
236482	235	189911	965	966
210014	235	188156	965	966
289177	235	191982	965	966
194838	235	196796	965	966
263348	235	189221	965	966
287377	235	188113	965	966
197900	235	189321	965	966
223413	235	189182	965	966
290557	235	188086	965	966
239185	235	196185	965	966
299244	235	193368	965	966
274243	235	188914	965	966
194084	235	188282	965	966
276819	235	189689	965	966
196915	152	188179	965	966
201934	235	193967	965	966
213853	235	188394	965	966
217215	235	212802	965	966
206042	235	188394	965	966
194302	235	189376	965	966
202639	235	188686	965	966
240337	235	188728	965	966
206038	235	188798	965	966
264023	235	191422	965	966
295410	235	194053	965	966
201280	235	188737	965	966
235588	235	188681	965	966
202113	235	190289	965	966
258942	235	188895	965	966
216441	235	188983	965	966
233399	235	189000	965	966
198644	235	188260	965	966
232065	235	191217	965	966
292091	235	189651	965	966
242833	235	190005	965	966
195202	235	188419	965	966
291738	235	189967	965	966
272974	235	233063	965	966
292898	235	188038	965	966
362908	292	363954	965	966
194065	235	189013	965	966
279717	235	189291	965	966
282237	235	189292	965	966
198410	235	222674	965	966
271454	235	188597	965	966
318143	235	188332	965	966
205014	235	189012	965	966
316860	235	191250	965	966
197040	235	188282	965	966
309318	235	235043	965	966
219127	235	190133	965	966
208000	235	188511	965	966
289080	235	188744	965	966
224368	235	189626	965	966
194157	235	188719	965	966
249226	235	189200	965	966
206053	235	188017	965	966
226746	235	188826	965	966
206631	235	188680	965	966
297453	235	192737	965	966
227837	235	188068	965	966
281528	235	193147	965	966
192513	235	189433	965	966
202795	235	188206	965	966
224184	235	192315	965	966
199824	235	188424	965	966
220744	235	188168	965	966
299069	235	190888	965	966
211409	235	188491	965	966
199450	235	189740	965	966
265431	235	188712	965	966
206185	235	189613	965	966
275528	235	193784	965	966
334222	235	209220	965	966
294977	235	241628	965	966
196524	235	188543	965	966
266325	235	188142	965	966
303992	235	189780	965	966
263302	235	190946	965	966
263598	235	191009	965	966
289740	235	188238	965	966
190157	239	231105	965	966
294596	235	193534	965	966
202851	235	189264	965	966
314510	235	189208	965	966
224029	235	190554	965	966
211876	235	188367	965	966
202115	235	189208	965	966
248735	235	189798	965	966
287279	235	189520	965	966
195561	235	188239	965	966
213711	235	188470	965	966
320545	235	188377	965	966
239139	235	188443	965	966
262634	235	232013	965	966
202457	235	188812	965	966
326168	235	189712	965	966
257957	235	191416	965	966
194850	235	188120	965	966
197366	235	188030	965	966
266256	235	189454	965	966
250811	235	188523	965	966
200807	235	188291	965	966
276279	235	188265	965	966
195405	235	188156	965	966
232197	235	189678	965	966
200681	235	188006	965	966
208919	235	190279	965	966
198756	235	192942	965	966
249806	235	189531	965	966
237487	235	189031	965	966
294275	235	189442	965	966
292107	235	193013	965	966
235091	235	188597	965	966
194784	235	188740	965	966
293412	235	188086	965	966
236731	235	189001	965	966
227791	235	193723	965	966
286276	235	190138	965	966
198869	235	188173	965	966
212871	235	189017	965	966
197398	235	189546	965	966
273733	235	191925	965	966
193129	235	189238	965	966
188032	239	204664	965	966
343266	235	208147	965	966
232050	235	188498	965	966
199983	235	192496	965	966
237579	235	191598	965	966
197988	235	188667	965	966
318147	235	188132	965	966
260653	235	191981	965	966
283416	235	188356	965	966
197226	235	188505	965	966
271372	235	189111	965	966
251565	235	188851	965	966
223886	235	188189	965	966
272027	235	188847	965	966
265490	235	189659	965	966
198826	235	189793	965	966
208051	235	189479	965	966
193259	235	189103	965	966
241676	235	189228	965	966
204121	235	189823	965	966
205831	235	188371	965	966
296173	235	188578	965	966
224642	235	201273	965	966
272553	235	190100	965	966
210920	235	188356	965	966
318854	235	189840	965	966
226835	235	189982	965	966
269544	235	191871	965	966
315654	235	190166	965	966
205358	235	188514	965	966
204468	235	189753	965	966
232245	235	190515	965	966
233537	235	190059	965	966
204896	235	188218	965	966
196730	235	188594	965	966
232015	235	188033	965	966
213901	235	188794	965	966
200093	235	188949	965	966
269755	235	189659	965	966
282945	235	189935	965	966
209147	235	188190	965	966
201200	235	188668	965	966
209822	235	189791	965	966
317087	235	190729	965	966
233068	235	192315	965	966
217010	235	189280	965	966
202231	235	188679	965	966
202152	235	188053	965	966
329832	235	191187	965	966
277722	235	192047	965	966
234141	235	189255	965	966
259723	235	188758	965	966
273905	235	194138	965	966
195774	235	190588	965	966
247593	235	190321	965	966
208844	235	194040	965	966
232361	235	189123	965	966
266422	235	200634	965	966
226439	235	189369	965	966
198474	235	188542	965	966
323390	235	190715	965	966
196007	235	188779	965	966
195094	235	188146	965	966
230963	235	188878	965	966
200763	235	188206	965	966
217998	235	188167	965	966
208421	235	189317	965	966
289285	235	188048	965	966
264539	235	192070	965	966
232637	235	188486	965	966
261348	235	189766	965	966
262872	235	188898	965	966
276336	235	189225	965	966
197958	235	188262	965	966
210655	235	224130	965	966
193261	235	188040	965	966
261914	235	229376	965	966
212433	235	191275	965	966
202281	235	188020	965	966
200323	235	190934	965	966
238203	235	188374	965	966
369806	235	188523	965	966
231218	235	188619	965	966
203344	235	188192	965	966
292774	235	189329	965	966
232149	235	189317	965	966
266840	235	189220	965	966
193897	235	188076	965	966
305458	235	189381	965	966
237618	235	188697	965	966
238848	235	188975	965	966
264425	235	188896	965	966
208740	235	189862	965	966
193238	235	190398	965	966
229090	235	189369	965	966
196837	235	207697	965	966
260988	235	189686	965	966
300074	235	192204	965	966
305668	235	194809	965	966
211516	235	188995	965	966
195045	235	188091	965	966
214095	235	192797	965	966
254985	235	201282	965	966
289945	235	197267	965	966
219915	235	189613	965	966
210283	235	196269	965	966
298742	235	189921	965	966
221452	235	197720	965	966
211848	235	189387	965	966
198696	235	188104	965	966
221596	235	189229	965	966
233088	235	192248	965	966
253143	235	191926	965	966
214932	235	188238	965	966
230380	235	188024	965	966
214736	235	188790	965	966
277206	235	188661	965	966
252697	235	193341	965	966
201741	235	188087	965	966
199426	235	188068	965	966
241435	235	189259	965	966
195995	235	188026	965	966
221834	235	188487	965	966
199329	235	189168	965	966
272500	235	189514	965	966
200431	235	188317	965	966
239592	235	188756	965	966
236294	235	188024	965	966
207288	235	189404	965	966
201077	235	188054	965	966
203887	235	189789	965	966
243524	235	188426	965	966
195269	235	188050	965	966
248071	235	189423	965	966
237263	235	189019	965	966
217352	235	189738	965	966
314918	235	188306	965	966
240320	235	189579	965	966
226027	235	189220	965	966
226504	235	190754	965	966
205959	235	188998	965	966
236194	235	190521	965	966
201759	235	194036	965	966
250705	235	188486	965	966
215639	235	189823	965	966
215419	235	188310	965	966
284722	235	192613	965	966
232859	235	189816	965	966
236661	235	188730	965	966
198830	235	188452	965	966
297259	235	188660	965	966
206695	235	188776	965	966
232249	235	188306	965	966
337168	235	189348	965	966
285325	235	189894	965	966
216544	235	188370	965	966
236398	235	188403	965	966
235379	235	194910	965	966
192861	235	220731	965	966
205145	235	188321	965	966
223889	235	189717	965	966
227963	235	188802	965	966
315525	235	225457	965	966
249900	235	188097	965	966
231533	235	189622	965	966
205148	235	189692	965	966
216561	235	188450	965	966
280645	235	193342	965	966
254662	235	191571	965	966
222809	235	189431	965	966
290644	235	188164	965	966
200519	235	189133	965	966
201478	235	188094	965	966
195827	235	199912	965	966
227508	235	189465	965	966
276003	235	189945	965	966
229570	235	371523	965	966
229026	235	191136	965	966
190869	267	336596	965	966
207807	235	189718	965	966
218789	235	188782	965	966
223038	235	188332	965	966
230689	235	189628	965	966
193149	235	188875	965	966
226297	235	188971	965	966
206483	235	188646	965	966
225493	235	188014	965	966
271478	235	203914	965	966
203617	235	190377	965	966
224973	235	190595	965	966
253123	235	190367	965	966
248392	235	257726	965	966
301677	235	194991	965	966
296888	235	188133	965	966
295853	235	194591	965	966
206023	235	194536	965	966
245859	235	188409	965	966
199430	235	188264	965	966
198742	235	188439	965	966
220169	235	189225	965	966
221014	235	188126	965	966
195226	235	188529	965	966
205366	235	188109	965	966
200819	235	190720	965	966
255273	235	189508	965	966
299268	235	188712	965	966
269609	235	188561	965	966
194193	235	190153	965	966
337686	235	189883	965	966
200449	235	188025	965	966
221381	235	188542	965	966
293954	235	190910	965	966
201993	235	189280	965	966
207591	235	191043	965	966
209070	235	189696	965	966
232606	235	188781	965	966
220103	235	189151	965	966
232690	235	188668	965	966
276357	235	189509	965	966
211004	235	189798	965	966
259234	235	190930	965	966
200002	235	209343	965	966
214324	235	188737	965	966
214210	235	188396	965	966
250077	235	188794	965	966
205046	235	188030	965	966
225065	235	188269	965	966
332321	235	295347	965	966
293044	235	188158	965	966
222525	235	188877	965	966
288813	235	198866	965	966
233419	235	188078	965	966
231601	235	188247	965	966
249140	235	188949	965	966
195811	235	190023	965	966
197667	235	189230	965	966
206747	235	188284	965	966
226094	235	188246	965	966
238803	235	204094	965	966
304325	235	190954	965	966
223623	235	188183	965	966
270166	235	190271	965	966
298024	235	188078	965	966
255807	235	190707	965	966
198729	235	188454	965	966
298327	235	287045	965	966
294918	235	188378	965	966
248191	235	188909	965	966
275789	235	190203	965	966
251899	235	189177	965	966
207667	235	189019	965	966
266683	235	280115	965	966
281021	235	191171	965	966
331487	235	188699	965	966
211025	235	189753	965	966
194113	235	215192	965	966
202992	235	308300	965	966
196316	235	189250	965	966
196989	235	188985	965	966
224962	235	188633	965	966
299299	235	194736	965	966
233026	235	188605	965	966
209464	235	190519	965	966
259446	235	188399	965	966
209062	235	188221	965	966
319668	235	247840	965	966
200207	235	188105	965	966
306171	235	245267	965	966
226737	235	225668	965	966
260025	235	191161	965	966
196416	235	188089	965	966
282358	235	191051	965	966
275455	235	191726	965	966
218714	235	194766	965	966
214792	235	189018	965	966
244111	235	192371	965	966
195755	235	188015	965	966
245790	235	188604	965	966
201390	235	189219	965	966
194886	235	201962	965	966
254708	235	191038	965	966
208653	235	188961	965	966
206014	235	188284	965	966
257082	235	188564	965	966
256202	235	189622	965	966
217289	235	191636	965	966
283091	235	189273	965	966
266124	235	188168	965	966
218249	235	188567	965	966
194299	235	188918	965	966
195488	235	189973	965	966
210776	235	188284	965	966
200447	235	188201	965	966
206975	235	234202	965	966
238436	235	189455	965	966
197218	235	200493	965	966
201918	235	188050	965	966
281804	235	189899	965	966
318283	235	188728	965	966
298806	235	188106	965	966
202786	235	188192	965	966
256733	235	196918	965	966
195612	235	188701	965	966
253793	235	188429	965	966
280804	235	189998	965	966
198001	235	188911	965	966
209807	235	188183	965	966
244149	235	188799	965	966
195909	235	188421	965	966
296005	235	188470	965	966
253751	235	188473	965	966
252917	235	190900	965	966
246272	235	188237	965	966
257233	235	188086	965	966
242970	235	188795	965	966
199046	235	188031	965	966
304106	235	189254	965	966
211879	235	189280	965	966
216444	235	189862	965	966
211268	235	188964	965	966
199308	235	188544	965	966
239503	235	188557	965	966
217492	235	189742	965	966
228925	235	188557	965	966
314981	235	188561	965	966
235295	235	192248	965	966
214011	235	189262	965	966
281689	235	188744	965	966
232637	235	190055	965	966
195089	235	189387	965	966
226170	235	188127	965	966
257297	235	196975	965	966
213722	235	189447	965	966
233878	235	189837	965	966
207913	235	188429	965	966
244174	235	190132	965	966
278542	235	190179	965	966
243508	235	188126	965	966
197081	235	188164	965	966
241560	235	188509	965	966
292966	235	212329	965	966
198666	235	188056	965	966
197815	235	188781	965	966
204910	235	188294	965	966
197677	235	188092	965	966
218789	235	188782	965	966
195930	235	191989	965	966
197755	235	199317	965	966
197906	235	188599	965	966
260083	235	188092	965	966
269037	235	188473	965	966
243182	235	189277	965	966
341324	235	188917	965	966
196981	235	188853	965	966
312672	235	194005	965	966
230718	235	188337	965	966
266325	235	188567	965	966
225447	235	289727	965	966
256702	235	188206	965	966
205620	235	190548	965	966
300248	235	190095	965	966
205553	235	189390	965	966
221702	235	189815	965	966
240174	235	189135	965	966
250020	235	285146	965	966
213118	235	191917	965	966
197120	235	189218	965	966
201942	235	188450	965	966
196563	235	190469	965	966
291220	235	189061	965	966
256962	235	190311	965	966
250402	235	189413	965	966
194757	235	188539	965	966
194415	235	188430	965	966
221670	235	188222	965	966
198315	235	189197	965	966
244652	235	190152	965	966
237334	235	188790	965	966
199498	235	188226	965	966
214994	235	188827	965	966
202008	235	190068	965	966
216691	235	188025	965	966
203991	235	189610	965	966
194821	235	188691	965	966
234053	235	188165	965	966
217872	235	188491	965	966
221908	235	189447	965	966
216481	235	189124	965	966
210486	235	188597	965	966
235483	235	190785	965	966
309637	235	190521	965	966
272929	235	190280	965	966
212643	235	188128	965	966
204324	235	190194	965	966
226550	235	194009	965	966
243190	235	189121	965	966
205524	235	189376	965	966
265167	235	188594	965	966
278147	235	188671	965	966
194174	235	190598	965	966
192950	235	188096	965	966
206861	235	191726	965	966
319626	235	188494	965	966
291630	235	188917	965	966
240514	235	308803	965	966
241751	235	188429	965	966
198751	235	188285	965	966
280337	235	189466	965	966
220373	235	188589	965	966
221042	235	188981	965	966
198493	235	188614	965	966
200385	235	189908	965	966
235378	235	189758	965	966
240250	235	188458	965	966
194614	235	189182	965	966
202365	235	188210	965	966
233827	235	191171	965	966
284568	235	189518	965	966
317693	235	188729	965	966
197567	235	188082	965	966
247499	235	192190	965	966
327101	235	190059	965	966
244066	235	188964	965	966
205161	235	188493	965	966
279620	235	189267	965	966
194417	235	188015	965	966
201763	235	188132	965	966
245852	235	188943	965	966
279612	235	188465	965	966
237430	235	188462	965	966
263496	235	218450	965	966
241109	235	189156	965	966
217938	235	191490	965	966
227494	235	190095	965	966
204889	235	188044	965	966
275050	235	191764	965	966
218426	235	188782	965	966
220894	235	188661	965	967
212221	235	188229	965	967
286613	235	189048	965	967
209086	235	188183	965	967
200548	235	188450	965	967
207769	235	188056	965	967
223918	235	188031	965	967
208551	235	188423	965	967
224940	235	188555	965	967
236321	235	188472	965	967
243257	235	196099	965	967
217244	235	188679	965	967
226054	235	188805	965	967
242690	235	188116	965	967
291059	235	188445	965	967
311366	235	191187	965	967
331228	235	188005	965	967
223123	235	188923	965	967
194799	235	188515	965	967
214218	235	188514	965	967
273712	235	188547	965	967
207349	235	188345	965	967
238578	235	189020	965	967
210600	235	188430	965	967
218027	235	188923	965	967
197997	235	188842	965	967
272383	235	188957	965	967
302611	235	189099	965	967
299890	235	190749	965	967
249516	235	188667	965	967
213761	235	191918	965	967
205334	235	188032	965	967
244576	235	188522	965	967
250166	235	188375	965	967
231934	235	190755	965	967
199785	235	188033	965	967
267703	235	189421	965	967
270684	235	189289	965	967
255387	235	189974	965	967
247303	235	189587	965	967
198068	235	195473	965	967
259791	235	190529	965	967
218869	235	189042	965	967
210484	235	188728	965	967
240521	235	189536	965	967
223930	235	190304	965	967
272142	235	191645	965	967
317884	235	189238	965	967
218657	235	188137	965	967
268330	235	189083	965	967
201040	235	188688	965	967
254310	235	193216	965	967
263881	235	188268	965	967
206011	235	188250	965	967
197585	235	188059	965	967
197871	235	189167	965	967
265458	235	188697	965	967
203498	235	189117	965	967
220116	235	188357	965	967
310002	235	196650	965	967
223727	235	188617	965	967
203204	235	188388	965	967
250015	235	189267	965	967
250653	235	190874	965	967
233357	235	188784	965	967
286062	235	189874	965	967
200128	235	188960	965	967
214297	235	188182	965	967
348182	235	188106	965	967
