124	30	145	1983.0	1983.0
2061	3	2062	1983.0	1983.0
2749	15	2750	1983.0	1983.0
3644	3	3645	1983.0	1983.0
3992	15	3993	1983.0	1983.0
6249	15	6250	1983.0	1983.0
5288	15	6884	1983.0	1983.0
7346	3	3498	1983.0	1983.0
7739	15	2491	1983.0	1983.0
1978	32	9024	1983.0	1983.0
9327	25	142	1983.0	1983.0
11677	15	11678	1983.0	1983.0
12775	25	142	1983.0	1983.0
13457	16	1026	1983.0	1983.0
2749	15	6617	1983.0	1983.0
14169	16	1487	1983.0	1983.0
7110	15	2851	1983.0	1983.0
15053	16	3982	1983.0	1983.0
15157	15	4740	1983.0	1983.0
17052	15	2666	1983.0	1983.0
17127	16	10772	1983.0	1983.0
2178	30	17052	1983.0	1983.0
18829	3	756	1983.0	1983.0
19038	3	19039	1983.0	1983.0
2894	16	5059	1983.0	1983.0
12565	16	3243	1983.0	1983.0
20377	15	57	1983.0	1983.0
20417	15	792	1983.0	1983.0
17764	15	9443	1983.0	1983.0
19519	3	5038	1983.0	1983.0
7378	3	886	1983.0	1983.0
18266	15	14389	1983.0	1983.0
23380	3	18072	1983.0	1983.0
2754	30	4663	1983.0	1983.0
8728	15	4509	1983.0	1983.0
25942	3	7892	1983.0	1983.0
2023	16	1487	1983.0	1983.0
26544	3	15579	1983.0	1983.0
12879	32	15798	1983.0	1983.0
7814	16	2231	1983.0	1983.0
14759	15	27424	1983.0	1983.0
27451	16	1026	1983.0	1983.0
9090	71	3977	1983.0	1983.0
2409	16	30133	1983.0	1983.0
13602	30	16074	1983.0	1983.0
3122	15	3034	1983.0	1983.0
2749	15	15171	1983.0	1983.0
10832	30	5069	1983.0	1983.0
3258	30	16306	1983.0	1983.0
32050	41	1339	1983.0	1983.0
24336	30	32148	1983.0	1983.0
12915	17	1430	1983.0	1983.0
32522	15	869	1983.0	1983.0
20214	3	2078	1983.0	1983.0
2716	30	14699	1983.0	1983.0
125	15	124	1983.0	1983.0
14076	15	33003	1983.0	1983.0
10809	15	8024	1983.0	1983.0
35740	30	27428	1983.0	1983.0
13152	15	26915	1983.0	1983.0
13018	3	550	1983.0	1983.0
22560	15	33842	1983.0	1983.0
22144	14	5095	1983.0	1983.0
4359	30	15794	1983.0	1983.0
15470	16	2873	1983.0	1983.0
2550	15	869	1983.0	1983.0
3545	15	290	1983.0	1983.0
3998	30	15157	1983.0	1983.0
12098	123	15132	1983.0	1983.0
2409	16	11965	1983.0	1983.0
36419	3	19912	1983.0	1983.0
37015	15	3470	1983.0	1983.0
29867	14	32596	1983.0	1983.0
2409	16	3176	1983.0	1983.0
29278	16	7064	1983.0	1983.0
17073	15	1249	1983.0	1983.0
16074	15	13602	1983.0	1983.0
40046	16	2491	1983.0	1983.0
1213	30	26658	1983.0	1983.0
3612	16	24752	1983.0	1983.0
2894	15	5059	1983.0	1983.0
13412	30	27618	1983.0	1983.0
5059	30	2894	1983.0	1983.0
8339	15	17753	1983.0	1983.0
38618	15	31905	1983.0	1983.0
4740	30	15157	1983.0	1983.0
9105	3	1017	1983.0	1983.0
25289	15	30133	1983.0	1983.0
31650	30	24965	1983.0	1983.0
1019	30	28322	1983.0	1983.0
19942	15	5739	1983.0	1983.0
23806	15	7157	1983.0	1983.0
2894	16	3118	1983.0	1983.0
13525	30	34280	1983.0	1983.0
24965	15	31650	1983.0	1983.0
4865	3	15579	1983.0	1983.0
9198	25	142	1983.0	1983.0
1876	3	408	1983.0	1983.0
19006	3	115	1983.0	1983.0
17604	16	17314	1983.0	1983.0
201	3	41873	1983.0	1983.0
9752	15	10841	1983.0	1983.0
460	15	3034	1983.0	1983.0
240	3	6724	1983.0	1983.0
17604	15	9048	1983.0	1983.0
20716	16	10772	1983.0	1983.0
8682	15	17682	1983.0	1983.0
19084	25	142	1983.0	1983.0
14516	16	7815	1983.0	1983.0
23298	15	869	1983.0	1983.0
5116	15	124	1983.0	1983.0
14516	15	7815	1983.0	1983.0
31425	17	1037	1983.0	1983.0
31441	15	15977	1983.0	1983.0
5676	3	408	1983.0	1983.0
24289	3	26049	1983.0	1983.0
20377	16	17682	1983.0	1983.0
7638	30	9231	1983.0	1983.0
21424	15	14466	1983.0	1983.0
461	30	4958	1983.0	1983.0
4570	30	17072	1983.0	1983.0
10962	15	12655	1983.0	1983.0
14400	14	15130	1983.0	1983.0
34882	3	32068	1983.0	1983.0
23344	25	142	1983.0	1983.0
35537	21	3	1983.0	1983.0
6003	3	115	1983.0	1983.0
32143	15	19027	1983.0	1983.0
4558	30	34280	1983.0	1983.0
10710	30	13186	1983.0	1983.0
124	30	19547	1983.0	1983.0
21149	15	869	1983.0	1983.0
29945	16	57	1983.0	1983.0
27428	15	35740	1983.0	1983.0
26793	3	19222	1983.0	1983.0
124	30	5116	1983.0	1983.0
283	30	7793	1983.0	1983.0
5739	30	19942	1983.0	1983.0
39311	3	8653	1983.0	1983.0
29945	15	3982	1983.0	1983.0
24752	30	11006	1983.0	1983.0
3118	30	2894	1983.0	1983.0
6916	15	3726	1983.0	1983.0
5501	30	18732	1983.0	1983.0
10157	32	23340	1983.0	1983.0
14699	15	2716	1983.0	1983.0
29867	3	6449	1983.0	1983.0
17161	17	4046	1983.0	1983.0
37251	25	3689	1983.0	1983.0
36096	16	3982	1983.0	1983.0
34053	4	13099	1983.0	1983.0
16097	15	10859	1983.0	1983.0
32326	15	42173	1983.0	1983.0
7793	15	283	1983.0	1983.0
4663	15	2754	1983.0	1983.0
8049	25	142	1983.0	1983.0
3491	15	24655	1983.0	1983.0
2894	15	3118	1983.0	1983.0
38010	17	16013	1983.0	1983.0
31548	3	28137	1983.0	1983.0
11678	30	11677	1983.0	1983.0
13105	15	8314	1983.0	1983.0
2749	15	29347	1983.0	1983.0
2749	15	869	1983.0	1983.0
14558	25	3828	1983.0	1983.0
2749	15	17191	1983.0	1983.0
7157	30	23806	1983.0	1983.0
38979	3	1654	1983.0	1983.0
7609	25	142	1983.0	1983.0
7809	3	42291	1983.0	1983.0
3993	30	3992	1983.0	1983.0
7063	15	10772	1983.0	1983.0
16713	29	12486	1983.0	1983.0
36930	3	36645	1983.0	1983.0
3992	16	3993	1983.0	1983.0
17652	15	869	1983.0	1983.0
19687	15	14466	1983.0	1983.0
290	30	2318	1983.0	1983.0
38618	16	31905	1983.0	1983.0
14024	15	25749	1983.0	1983.0
13620	16	3422	1983.0	1983.0
2966	32	2757	1983.0	1983.0
17052	16	2666	1983.0	1983.0
7063	16	10772	1983.0	1983.0
20860	15	22760	1983.0	1983.0
6109	25	142	1983.0	1983.0
7814	15	2231	1983.0	1983.0
9048	30	5949	1983.0	1983.0
19968	30	26911	1983.0	1983.0
15157	15	3998	1983.0	1983.0
20252	3	26374	1983.0	1983.0
1212	15	5798	1983.0	1983.0
15157	15	3034	1983.0	1983.0
19311	17	4046	1983.0	1983.0
4983	3	1178	1983.0	1983.0
18685	3	8653	1983.0	1983.0
26092	15	9762	1983.0	1983.0
37934	3	33447	1983.0	1983.0
2318	15	290	1983.0	1983.0
1307	3	25131	1983.0	1983.0
6133	15	25227	1983.0	1983.0
9835	3	19352	1983.0	1983.0
7487	30	30315	1983.0	1983.0
24965	16	31650	1983.0	1983.0
25344	3	37631	1983.0	1983.0
32021	3	39106	1983.0	1983.0
2499	32	7709	1983.0	1983.0
14333	15	22110	1983.0	1983.0
14440	3	25213	1983.0	1983.0
10772	30	7063	1983.0	1983.0
1411	15	15980	1983.0	1983.0
20217	15	16289	1983.0	1983.0
30563	3	19973	1983.0	1983.0
7815	30	14516	1983.0	1983.0
1860	32	20479	1983.0	1983.0
38867	3	115	1983.0	1983.0
40662	15	14446	1983.0	1983.0
28189	3	3234	1983.0	1983.0
20662	15	3470	1983.0	1983.0
2902	30	17107	1983.0	1983.0
2256	15	820	1983.0	1983.0
4958	15	2351	1983.0	1983.0
2390	32	11001	1983.0	1983.0
3945	16	503	1983.0	1983.0
8614	25	142	1983.0	1983.0
4958	15	461	1983.0	1983.0
2351	30	4958	1983.0	1983.0
32731	15	2778	1983.0	1983.0
6884	30	5288	1983.0	1983.0
4958	15	3034	1983.0	1983.0
39488	15	22803	1983.0	1983.0
27424	30	14759	1983.0	1983.0
2409	16	31102	1983.0	1983.0
38015	33	119	1983.0	1983.0
42610	16	57	1983.0	1983.0
32478	3	115	1983.0	1983.0
5254	18	1448	1983.0	1983.0
14286	3	4790	1983.0	1983.0
36478	3	14438	1983.0	1983.0
29879	3	28521	1983.0	1983.0
30690	3	6418	1983.0	1983.0
6320	3	11217	1983.0	1983.0
29749	17	1037	1983.0	1983.0
18259	3	550	1983.0	1983.0
25289	15	31102	1983.0	1983.0
15604	16	3243	1983.0	1983.0
1703	32	13977	1983.0	1983.0
4623	16	2902	1983.0	1983.0
24655	30	3491	1983.0	1983.0
25289	15	10710	1983.0	1983.0
21746	15	7209	1983.0	1983.0
2231	30	7814	1983.0	1983.0
25289	15	25203	1983.0	1983.0
25550	14	1123	1983.0	1984.0
9562	41	17347	1983.0	1984.0
37738	18	2157	1983.0	1984.0
27888	170	8798	1983.0	1984.0
28636	3	42054	1983.0	1984.0
32304	3	11947	1983.0	1985.0
21239	43	15029	1983.0	1985.0
21612	4	11360	1983.0	1985.0
34053	4	30292	1983.0	1985.0
29909	4	13447	1983.0	1985.0
15297	3	5973	1983.0	1986.0
8413	3	30644	1983.0	1986.0
31357	41	1339	1983.0	1986.0
13458	9	31357	1983.0	1986.0
23894	135	3055	1983.0	1986.0
14486	18	455	1983.0	1987.0
7793	4	1910	1983.0	1987.0
14440	46	8178	1983.0	1987.0
4246	4	782	1983.0	1987.0
10166	14	4831	1983.0	1987.0
14928	4	33482	1983.0	1987.0
9292	41	1092	1983.0	1987.0
13068	24	6246	1983.0	1987.0
31241	3	14402	1983.0	1987.0
19389	4	5717	1983.0	1988.0
2922	123	35760	1983.0	1988.0
37471	3	79	1983.0	1988.0
3573	14	8653	1983.0	1988.0
7790	4	7791	1983.0	1989.0
12232	17	29517	1983.0	1989.0
24890	3	24828	1983.0	1989.0
7274	19	7408	1983.0	1989.0
7408	19	7274	1983.0	1989.0
14039	3	14040	1983.0	1990.0
18381	14	26402	1983.0	1990.0
26211	4	17927	1983.0	1990.0
23232	4	2885	1983.0	1991.0
1157	4	3157	1983.0	1991.0
41973	17	5911	1983.0	1991.0203
9720	14	28291	1983.0	1992.0
21485	4	1877	1983.0	1993.0
6960	41	27311	1983.0	1993.0
29215	25	804	1983.0	1993.0
301	17	21103	1983.0	1994.02
11607	19	39010	1983.0	1995.0
39010	19	11607	1983.0	1995.0
19395	19	12313	1983.0	1996.0
42235	25	804	1983.0	1996.0
14625	37	203	1983.0	1997.0
26675	4	2712	1983.0	1998.0
13195	4	12450	1983.0	1999.0
7004	21	715	1983.0	1999.0
5327	41	4912	1983.0	2001.0
30308	41	3698	1983.0	2002.0
31811	17	11604	1983.0	2018.0
274	15	275	1983.0101	1983.0101
3576	15	3577	1983.0101	1983.0101
6852	41	4912	1983.0101	1983.0101
16365	16	337	1983.0101	1983.0101
16733	15	16734	1983.0101	1983.0101
8638	15	275	1983.0101	1983.0101
20682	30	3303	1983.0101	1983.0101
2977	15	4847	1983.0101	1983.0101
22962	15	17233	1983.0101	1983.0101
24046	15	655	1983.0101	1983.0101
15798	32	12879	1983.0101	1983.0101
13150	4	25474	1983.0101	1983.0101
28770	134	5630	1983.0101	1983.0101
29970	16	1504	1983.0101	1983.0101
8835	4	11943	1983.0101	1983.0101
20271	4	19872	1983.0101	1983.0101
31381	4	6271	1983.0101	1983.0101
1067	4	5030	1983.0101	1983.0101
6377	4	1374	1983.0101	1983.0101
11358	18	194	1983.0101	1983.0101
36013	15	6370	1983.0101	1983.0101
1504	30	13990	1983.0101	1983.0101
5449	4	5527	1983.0101	1983.0101
14218	15	5834	1983.0101	1983.0101
23725	15	20492	1983.0101	1983.0101
21327	4	2471	1983.0101	1983.0101
19193	4	10779	1983.0101	1983.0101
27289	15	36569	1983.0101	1983.0101
13957	4	14579	1983.0101	1983.0101
15871	19	1700	1983.0101	1983.0101
143	32	3094	1983.0101	1983.0101
18732	15	5501	1983.0101	1983.0101
36894	4	35241	1983.0101	1983.0101
29141	19	34558	1983.0101	1983.0101
30048	15	10634	1983.0101	1983.0101
11251	4	8542	1983.0101	1983.0101
19435	15	40822	1983.0101	1983.0101
9120	32	6671	1983.0101	1983.0101
32148	15	24336	1983.0101	1983.0101
3303	15	20682	1983.0101	1983.0101
274	15	28197	1983.0101	1983.0101
5069	15	10832	1983.0101	1983.0101
22831	4	19285	1983.0101	1983.0101
26320	37	203	1983.0101	1983.0101
13977	32	1703	1983.0101	1983.0101
24418	4	2792	1983.0101	1983.0101
38716	15	14223	1983.0101	1983.0101
14481	4	5527	1983.0101	1983.0101
23344	15	14405	1983.0101	1983.0101
23340	32	10157	1983.0101	1983.0101
38116	18	876	1983.0101	1983.0101
3492	15	1201	1983.0101	1983.0101
29422	15	3939	1983.0101	1983.0101
11519	4	4030	1983.0101	1983.0101
14972	4	4030	1983.0101	1983.0101
20271	4	9622	1983.0101	1983.0101
1921	15	5967	1983.0101	1983.0101
1921	15	3348	1983.0101	1983.0101
20479	32	1860	1983.0101	1983.0101
39512	16	503	1983.0101	1983.0101
1080	16	1504	1983.0101	1983.0101
30055	15	11897	1983.0101	1983.0101
28939	15	30700	1983.0101	1983.0101
1067	4	9306	1983.0101	1983.0101
36013	15	1922	1983.0101	1983.0101
14819	15	31639	1983.0101	1983.0101
1203	15	955	1983.0101	1983.0101
26492	25	1970	1983.0101	1983.0101
37926	4	22971	1983.0101	1983.0101
11550	15	9753	1983.0101	1983.0101
29781	4	31620	1983.0101	1983.0101
11661	15	3493	1983.0101	1983.0101
33164	4	9437	1983.0101	1983.0101
9024	32	1978	1983.0101	1983.0101
16244	30	19923	1983.0101	1983.0101
21327	4	9350	1983.0101	1983.0101
18464	19	22770	1983.0101	1983.0101
33683	15	655	1983.0101	1983.0101
2757	32	2966	1983.0101	1983.0101
40046	15	655	1983.0101	1983.0101
18531	15	4363	1983.0101	1983.0101
19923	15	16244	1983.0101	1983.0101
15853	17	59	1983.0101	1983.0101
6671	32	9120	1983.0101	1983.0101
28989	4	4465	1983.0101	1983.0101
18458	15	24934	1983.0101	1983.0101
27606	4	15129	1983.0101	1983.0101
23044	15	486	1983.0101	1983.0101
9256	15	4433	1983.0101	1983.0101
26807	3	3645	1983.0101	1983.0101
35757	15	2202	1983.0101	1983.0101
13053	15	23006	1983.0101	1983.0101
27618	15	13412	1983.0101	1983.0101
32624	155	203	1983.0101	1983.0101
30983	3	38920	1983.0101	1983.0101
2206	15	5174	1983.0101	1983.0101
8638	15	28197	1983.0101	1983.0101
31939	15	3159	1983.0101	1983.0101
26039	15	14389	1983.0101	1983.0101
33170	3	8689	1983.0101	1983.0101
750	15	524	1983.0101	1983.0101
34558	19	29141	1983.0101	1983.0101
3094	32	143	1983.0101	1983.0101
27753	3	20639	1983.0101	1983.0101
13792	4	10861	1983.0101	1983.0101
8451	4	10095	1983.0101	1983.0101
4082	15	869	1983.0101	1983.0101
5202	15	19410	1983.0101	1983.0101
9530	15	655	1983.0101	1983.0101
16421	15	655	1983.0101	1983.0101
7319	18	194	1983.0101	1983.0101
13792	4	1646	1983.0101	1983.0101
28930	4	3900	1983.0101	1983.0101
12256	4	38943	1983.0101	1983.0101
11778	43	7755	1983.0101	1983.0101
16239	15	6694	1983.0101	1983.0101
7755	43	11778	1983.0101	1983.0101
3487	4	13563	1983.0101	1983.0101
4842	17	1709	1983.0101	1983.0101
18157	15	655	1983.0101	1983.0101
11001	32	2390	1983.0101	1983.0101
935	15	42654	1983.0101	1983.0101
3303	15	20058	1983.0101	1983.0101
37031	15	655	1983.0101	1983.0101
8726	4	8727	1983.0101	1984.0101
4498	4	9469	1983.0101	1984.0101
14655	4	8548	1983.0101	1984.0101
26683	4	24948	1983.0101	1984.0101
13527	4	4202	1983.0101	1984.0101
4323	4	9336	1983.0101	1984.0101
30351	4	17016	1983.0101	1984.0101
8116	4	32313	1983.0101	1984.0101
4369	4	30364	1983.0101	1984.0101
33294	4	33295	1983.0101	1984.0101
31754	4	10207	1983.0101	1984.0101
12726	19	15375	1983.0101	1984.0101
36266	4	35929	1983.0101	1984.0101
33682	4	1565	1983.0101	1984.0101
1067	4	5030	1983.0101	1984.0101
22416	4	15047	1983.0101	1984.0101
14972	4	5960	1983.0101	1984.0101
29924	4	20986	1983.0101	1984.0101
13957	4	13958	1983.0101	1984.0101
10216	4	14096	1983.0101	1984.0101
4926	4	6167	1983.0101	1984.0101
22167	4	34138	1983.0101	1984.0101
16580	4	6236	1983.0101	1984.0101
10885	4	4796	1983.0101	1984.0101
2422	4	30217	1983.0101	1984.0101
38968	4	11084	1983.0101	1984.0101
3995	4	3568	1983.0101	1984.0101
22683	4	15032	1983.0101	1984.0101
19114	4	1197	1983.0101	1984.0101
3995	4	24517	1983.0101	1984.0101
39644	37	673	1983.0101	1984.0101
14481	4	17523	1983.0101	1984.0101
31061	4	2315	1983.0101	1984.0101
17049	4	4056	1983.0101	1984.0101
37894	4	1510	1983.0101	1984.0101
35643	4	22622	1983.0101	1984.0101
17316	4	10564	1983.0101	1984.0101
17441	4	26270	1983.0101	1984.0101
7859	4	36293	1983.0101	1984.0101
33541	4	42131	1983.0101	1984.0101
35045	4	4285	1983.0101	1984.0101
10384	4	16297	1983.0101	1984.0101
26683	4	19069	1983.0101	1984.0101
28884	19	36066	1983.0101	1984.0101
31522	4	3216	1983.0101	1984.0101
8792	123	7319	1983.0101	1984.0101
20622	4	33743	1983.0101	1984.0101
35403	4	5030	1983.0101	1984.0101
21781	4	29906	1983.0101	1984.0101
36066	19	28884	1983.0101	1984.0101
10302	4	2809	1983.0101	1984.0101
5637	4	5638	1983.0101	1985.0101
8791	4	8792	1983.0101	1985.0101
0	4	1620	1983.0101	1985.0101
11972	4	11973	1983.0101	1985.0101
15916	4	15917	1983.0101	1985.0101
16283	4	1676	1983.0101	1985.0101
29982	4	29983	1983.0101	1985.0101
26538	4	19724	1983.0101	1985.0101
26368	4	882	1983.0101	1985.0101
23306	4	37547	1983.0101	1985.0101
35253	4	27560	1983.0101	1985.0101
11366	4	17419	1983.0101	1985.0101
19193	4	25794	1983.0101	1985.0101
37992	4	32704	1983.0101	1985.0101
15380	4	34559	1983.0101	1985.0101
29477	4	359	1983.0101	1985.0101
9325	4	2138	1983.0101	1985.0101
32647	4	4030	1983.0101	1985.0101
23958	4	2435	1983.0101	1985.0101
11942	4	11520	1983.0101	1985.0101
28034	4	9155	1983.0101	1985.0101
11429	4	14096	1983.0101	1985.0101
22976	4	15584	1983.0101	1985.0101
7531	4	15413	1983.0101	1985.0101
10329	4	19326	1983.0101	1985.0101
22923	4	38510	1983.0101	1985.0101
11519	4	4030	1983.0101	1985.0101
15571	4	3462	1983.0101	1985.0101
28457	4	16195	1983.0101	1985.0101
28457	4	32277	1983.0101	1985.0101
36481	4	14979	1983.0101	1985.0101
6377	4	1920	1983.0101	1985.0101
10777	4	23636	1983.0101	1985.0101
39847	123	32773	1983.0101	1985.0101
3672	4	13991	1983.0101	1985.0101
12873	4	3263	1983.0101	1985.0101
21724	4	24350	1983.0101	1985.0101
28349	4	13701	1983.0101	1985.0101
4842	18	1007	1983.0101	1985.0101
29927	4	6257	1983.0101	1985.0101
22654	4	17750	1983.0101	1986.0101
1008	4	2480	1983.0101	1986.0101
14278	4	2074	1983.0101	1986.0101
12313	4	948	1983.0101	1986.0101
32521	4	16195	1983.0101	1986.0101
34512	4	616	1983.0101	1986.0101
14629	4	13016	1983.0101	1986.0101
30351	4	17352	1983.0101	1986.0101
14410	4	2028	1983.0101	1986.0101
21514	4	889	1983.0101	1986.0101
35643	4	15129	1983.0101	1986.0101
21698	4	8581	1983.0101	1986.0101
14578	4	25339	1983.0101	1986.0101
32599	3	32792	1983.0101	1986.0101
32831	4	4077	1983.0101	1986.0101
28577	4	889	1983.0101	1986.0101
17660	4	24313	1983.0101	1986.0101
15089	4	32371	1983.0101	1986.0101
25867	4	17056	1983.0101	1986.0101
28171	4	41798	1983.0101	1986.0101
28598	4	319	1983.0101	1987.0101
20571	4	18027	1983.0101	1987.0101
6123	4	35711	1983.0101	1987.0101
36755	4	4901	1983.0101	1987.0101
16513	4	25128	1983.0101	1987.0101
26938	4	2560	1983.0101	1987.0101
17496	4	4568	1983.0101	1987.0101
18201	4	4202	1983.0101	1987.0101
3306	4	28021	1983.0101	1987.0101
39570	4	9155	1983.0101	1987.0101
7149	4	9049	1983.0101	1988.0101
17015	4	17016	1983.0101	1988.0101
22069	4	499	1983.0101	1988.0101
18263	3	23087	1983.0101	1988.0101
33727	4	24558	1983.0101	1988.0101
10114	4	20986	1983.0101	1988.0101
6123	4	35263	1983.0101	1988.0101
13524	4	1128	1983.0101	1988.0101
32907	4	19872	1983.0101	1988.0101
13792	4	5359	1983.0101	1988.0101
12250	4	17352	1983.0101	1988.0101
3767	4	376	1983.0101	1988.0101
26895	4	15326	1983.0101	1988.0101
26833	4	7398	1983.0101	1989.0101
24201	4	6021	1983.0101	1989.0101
20712	4	8581	1983.0101	1989.0101
10409	4	10678	1983.0101	1989.0101
8872	4	5660	1983.0101	1989.0101
2502	4	399	1983.0101	1989.0101
38705	4	16235	1983.0101	1989.0101
31490	4	5701	1983.0101	1989.0101
5150	4	8548	1983.0101	1989.0101
16266	4	12725	1983.0101	1990.0101
35799	4	9049	1983.0101	1990.0101
265	4	1962	1983.0101	1990.0101
8739	4	8798	1983.0101	1990.0101
31490	4	28206	1983.0101	1990.0101
8683	4	4176	1983.0101	1990.0101
17479	14	4445	1983.0101	1991.0101
38273	4	33621	1983.0101	1991.0101
12472	4	28206	1983.0101	1991.0101
12472	4	5701	1983.0101	1991.0101
29020	4	13427	1983.0101	1991.0101
30130	4	4125	1983.0101	1992.0101
18363	19	33829	1983.0101	1992.0101
21408	4	1374	1983.0101	1992.0101
15013	19	40108	1983.0101	1992.0101
33829	19	18363	1983.0101	1992.0101
40108	19	15013	1983.0101	1992.0101
22575	4	39687	1983.0101	1993.0101
31677	4	5192	1983.0101	1993.0101
23297	4	4077	1983.0101	1994.0101
25914	4	21538	1983.0101	1995.0101
12313	19	19395	1983.0101	1996.0101
29269	18	876	1983.0101	1996.0101
21395	19	28510	1983.0101	1997.0101
36610	4	4152	1983.0101	1997.0101
28510	19	21395	1983.0101	1997.0101
23868	14	8844	1983.0101	1998.0101
575	19	15833	1983.0101	2004.0101
15833	19	575	1983.0101	2004.0101
13204	37	140	1983.0101	2009.0101
6702	15	197	1983.013	1983.013
17861	25	2483	1983.0202	1983.0202
31252	41	6751	1983.0202	2002.0311
554	25	85	1983.0206	1983.0206
4453	15	197	1983.0211	1983.0211
3884	15	197	1983.0305	1983.0305
34354	41	6946	1983.0311	1991.122
27812	41	4912	1983.0311	2001.0318
34541	41	4912	1983.0311	2014.0401
21556	41	4912	1983.0312	2014.0406
26454	41	4912	1983.0313	1983.0313
27002	41	4912	1983.0313	1989.0319
19051	41	4912	1983.0313	1997.0604
28412	41	4912	1983.0313	2001.0318
26843	41	4912	1983.0313	2014.0404
22941	41	4912	1983.0313	2014.0407
21857	41	4912	1983.0314	1983.0314
32365	41	4912	1983.0314	1983.0314
27189	41	17347	1983.0314	2004.0416
4519	70	8540	1983.0314	2008.0
8540	41	4912	1983.0314	2008.0316
9253	41	4912	1983.0314	2009.0326
10810	41	4912	1983.0318	1997.1109
29570	41	1339	1983.0321	1985.0
17044	32	11164	1983.0323	1983.0323
11164	32	17044	1983.0323	1983.0323
14994	32	12017	1983.0325	1983.0325
12017	32	14994	1983.0325	1983.0325
14994	32	3477	1983.0325	1983.0325
3477	32	14994	1983.0325	1983.0325
33994	21	1762	1983.0325	2006.1231
175	9	18186	1983.0329	1984.1025
18186	41	13910	1983.0329	1984.1025
18069	41	302	1983.0329	1985.0402
33629	41	302	1983.0329	1987.0218
38469	41	302	1983.0329	1987.0218
31829	41	302	1983.0329	1987.0218
32631	41	302	1983.0329	1987.0218
14409	41	302	1983.0329	1987.0218
10490	41	302	1983.0329	1987.0218
12488	21	3	1983.04	1983.04
13105	15	3574	1983.04	1983.04
18903	50	34308	1983.0401	1983.0401
14280	41	14281	1983.0401	1986.093
14281	80	14280	1983.0401	1986.093
12488	21	553	1983.0413	1983.0413
17102	15	3470	1983.0426	1983.0426
24834	32	1147	1983.0429	1983.0429
27783	32	19403	1983.0506	1983.0506
19403	32	27783	1983.0506	1983.0506
14227	15	197	1983.0507	1983.0507
14227	15	336	1983.0507	1983.0507
4443	32	12335	1983.0512	1983.0512
12335	32	4443	1983.0512	1983.0512
1088	32	23110	1983.0516	1983.0516
10241	41	19739	1983.0523	2009.0618
590	70	24442	1983.0524	1986.0616
20830	41	20831	1983.0527	2001.1016
37907	40	3459	1983.0528	1983.0528
28851	25	652	1983.0602	1983.0602
23392	48	3912	1983.061	1983.061
716	70	7511	1983.0624	1988.1003
40815	19	34880	1983.0627	1983.0627
34880	19	40815	1983.0627	1983.0627
11388	41	1954	1983.0629	1984.0126
34028	242	6316	1983.0701	1983.0701
6835	32	1355	1983.0707	1983.0707
17986	32	2767	1983.0716	1983.0716
2767	32	17986	1983.0716	1983.0716
235	25	85	1983.0722	1983.0722
34028	238	203	1983.0724	1983.0724
24147	15	197	1983.0725	1983.0725
24147	15	336	1983.0725	1983.0725
3	70	1902	1983.0804	1986.0801
11269	32	11164	1983.0816	1983.0816
11164	32	11269	1983.0816	1983.0816
15375	19	12726	1983.0816	1984.0701
27104	15	820	1983.083	1983.083
5927	7	73	1983.0902	1983.0902
3717	15	2034	1983.0905	1983.0905
18660	15	2034	1983.0916	1983.0916
8821	32	340	1983.0916	1983.0916
340	32	8821	1983.0916	1983.0916
10380	25	2483	1983.0919	1983.0919
25225	15	2034	1983.0922	1983.0922
113	36	5985	1983.0923	1983.0923
4299	25	611	1983.0926	1983.0926
37805	41	718	1983.0926	1984.0723
14370	14	427	1983.1001	1983.1001
12614	41	1954	1983.1013	1985.1105
34775	116	16282	1983.1016	1983.1016
2749	15	197	1983.1028	1983.1028
26564	15	10107	1983.1101	1983.1101
22951	41	17071	1983.1101	1984.1031
29962	14	9322	1983.1101	1996.0601
13166	18	876	1983.1101	1997.1101
13601	32	16601	1983.1111	1983.1111
16601	32	13601	1983.1111	1983.1111
4957	18	194	1983.1113	2000.0327
3655	32	332	1983.1117	1983.1117
332	32	3655	1983.1117	1983.1117
4957	4	8449	1983.1119	1993.0101
16554	116	10324	1983.112	1983.112
1700	19	15871	1983.1121	1983.1121
5078	25	85	1983.1201	1983.1201
28302	41	8502	1983.1211	1990.1206
11642	15	3470	1983.1212	1983.1212
29724	41	29773	1983.1213	1989.1031
23298	15	3470	1983.1214	1983.1214
1212	15	1213	1984.0	1984.0
1316	3	1317	1984.0	1984.0
3303	15	3304	1984.0	1984.0
1213	30	1212	1984.0	1984.0
5923	15	197	1984.0	1984.0
7814	15	7815	1984.0	1984.0
9692	3	9693	1984.0	1984.0
10171	15	10172	1984.0	1984.0
4740	30	7574	1984.0	1984.0
13525	30	13526	1984.0	1984.0
7959	32	14110	1984.0	1984.0
4453	15	869	1984.0	1984.0
3122	15	3034	1984.0	1984.0
1703	32	13258	1984.0	1984.0
12031	3	8653	1984.0	1984.0
19304	15	545	1984.0	1984.0
2431	3	19643	1984.0	1984.0
15480	16	1487	1984.0	1984.0
15206	15	1249	1984.0	1984.0
9877	16	11965	1984.0	1984.0
15207	41	4374	1984.0	1984.0
3122	15	461	1984.0	1984.0
10262	160	23083	1984.0	1984.0
15800	32	23409	1984.0	1984.0
23962	16	3982	1984.0	1984.0
24174	15	14466	1984.0	1984.0
469	16	16339	1984.0	1984.0
2894	16	5059	1984.0	1984.0
9992	30	13622	1984.0	1984.0
124	30	27649	1984.0	1984.0
29003	31	12383	1984.0	1984.0
8874	15	869	1984.0	1984.0
1738	15	2287	1984.0	1984.0
14106	30	469	1984.0	1984.0
11446	15	1249	1984.0	1984.0
7078	17	1037	1984.0	1984.0
27697	15	1772	1984.0	1984.0
16647	30	3225	1984.0	1984.0
18458	15	27110	1984.0	1984.0
7810	3	1017	1984.0	1984.0
32269	15	524	1984.0	1984.0
28696	3	2365	1984.0	1984.0
3304	30	3303	1984.0	1984.0
469	16	2804	1984.0	1984.0
460	15	3034	1984.0	1984.0
20679	15	869	1984.0	1984.0
124	30	31768	1984.0	1984.0
34420	3	34421	1984.0	1984.0
27580	3	1017	1984.0	1984.0
15604	16	5059	1984.0	1984.0
4558	30	13526	1984.0	1984.0
24003	15	13822	1984.0	1984.0
6153	15	17573	1984.0	1984.0
4558	30	56	1984.0	1984.0
30169	15	10859	1984.0	1984.0
15604	15	5059	1984.0	1984.0
15206	15	9762	1984.0	1984.0
2351	30	3122	1984.0	1984.0
33139	41	4374	1984.0	1984.0
11964	16	1487	1984.0	1984.0
1830	3	32068	1984.0	1984.0
30366	30	10223	1984.0	1984.0
8041	15	869	1984.0	1984.0
5059	30	15604	1984.0	1984.0
18458	16	27110	1984.0	1984.0
124	30	18094	1984.0	1984.0
2586	14	18874	1984.0	1984.0
18458	15	2578	1984.0	1984.0
4570	30	7793	1984.0	1984.0
31566	3	1017	1984.0	1984.0
23725	15	7912	1984.0	1984.0
7718	15	28197	1984.0	1984.0
3612	16	24752	1984.0	1984.0
695	3	35074	1984.0	1984.0
596	32	23536	1984.0	1984.0
56	16	7686	1984.0	1984.0
3612	15	24752	1984.0	1984.0
36846	3	5177	1984.0	1984.0
33281	3	26608	1984.0	1984.0
21300	16	3982	1984.0	1984.0
19759	16	12005	1984.0	1984.0
24655	30	22211	1984.0	1984.0
2754	30	30170	1984.0	1984.0
1855	21	73	1984.0	1984.0
469	15	2775	1984.0	1984.0
23852	3	38692	1984.0	1984.0
1996	16	1487	1984.0	1984.0
752	30	469	1984.0	1984.0
3998	30	30170	1984.0	1984.0
23676	3	6282	1984.0	1984.0
40642	21	235	1984.0	1984.0
24289	3	41189	1984.0	1984.0
9268	15	2491	1984.0	1984.0
21485	15	5184	1984.0	1984.0
780	3	16744	1984.0	1984.0
15735	15	36960	1984.0	1984.0
13625	16	40852	1984.0	1984.0
2894	16	40852	1984.0	1984.0
35297	15	14289	1984.0	1984.0
15852	25	864	1984.0	1984.0
10027	3	41855	1984.0	1984.0
10027	41	4374	1984.0	1984.0
17591	16	17592	1984.0	1984.0
14110	32	7959	1984.0	1984.0
24338	15	29136	1984.0	1984.0
33578	3	3535	1984.0	1984.0
31257	15	820	1984.0	1984.0
12527	3	18639	1984.0	1984.0
35839	15	24281	1984.0	1984.0
24003	16	13822	1984.0	1984.0
56	16	4558	1984.0	1984.0
31441	15	3939	1984.0	1984.0
26578	15	17314	1984.0	1984.0
1019	30	26106	1984.0	1984.0
12727	3	8937	1984.0	1984.0
26578	16	17314	1984.0	1984.0
17631	15	451	1984.0	1984.0
56	16	57	1984.0	1984.0
7686	30	56	1984.0	1984.0
7660	15	31442	1984.0	1984.0
6813	3	31149	1984.0	1984.0
56	15	4558	1984.0	1984.0
56	15	7686	1984.0	1984.0
29003	31	24716	1984.0	1984.0
2775	30	469	1984.0	1984.0
2804	30	2010	1984.0	1984.0
29003	31	7941	1984.0	1984.0
23806	15	7157	1984.0	1984.0
32178	3	2189	1984.0	1984.0
42003	16	8697	1984.0	1984.0
42003	16	13051	1984.0	1984.0
23806	16	2666	1984.0	1984.0
5775	15	2716	1984.0	1984.0
18108	14	12423	1984.0	1984.0
42003	15	8697	1984.0	1984.0
29003	31	21870	1984.0	1984.0
461	30	3122	1984.0	1984.0
17896	3	5177	1984.0	1984.0
19759	15	12005	1984.0	1984.0
13937	15	820	1984.0	1984.0
283	30	2352	1984.0	1984.0
10710	30	8207	1984.0	1984.0
24752	30	3612	1984.0	1984.0
19774	41	1339	1984.0	1984.0
33935	3	2171	1984.0	1984.0
4262	15	3939	1984.0	1984.0
30170	15	4341	1984.0	1984.0
34972	3	34973	1984.0	1984.0
7793	15	5184	1984.0	1984.0
11270	30	38852	1984.0	1984.0
7793	15	4570	1984.0	1984.0
30170	15	3998	1984.0	1984.0
37738	18	2157	1984.0	1984.0
30170	15	2754	1984.0	1984.0
3258	30	14831	1984.0	1984.0
15049	33	7214	1984.0	1984.0
3410	15	869	1984.0	1984.0
2716	30	5775	1984.0	1984.0
32941	41	4374	1984.0	1984.0
29369	25	3689	1984.0	1984.0
7732	3	38352	1984.0	1984.0
6444	15	17794	1984.0	1984.0
42233	15	18883	1984.0	1984.0
4359	30	1633	1984.0	1984.0
17941	15	1487	1984.0	1984.0
2634	15	451	1984.0	1984.0
11864	15	3034	1984.0	1984.0
18519	16	7064	1984.0	1984.0
21523	15	14466	1984.0	1984.0
7157	30	23806	1984.0	1984.0
12144	3	33671	1984.0	1984.0
27033	30	16130	1984.0	1984.0
28571	25	14100	1984.0	1984.0
16130	15	14389	1984.0	1984.0
7814	16	7815	1984.0	1984.0
1524	32	4424	1984.0	1984.0
2578	30	18458	1984.0	1984.0
7715	15	6846	1984.0	1984.0
11244	3	1654	1984.0	1984.0
750	16	524	1984.0	1984.0
21813	3	42438	1984.0	1984.0
7574	15	3034	1984.0	1984.0
16644	15	869	1984.0	1984.0
7574	15	4740	1984.0	1984.0
5203	4	25414	1984.0	1984.0
16644	15	12160	1984.0	1984.0
23232	15	5184	1984.0	1984.0
12959	30	15480	1984.0	1984.0
17883	16	2491	1984.0	1984.0
7815	30	7814	1984.0	1984.0
2902	30	9173	1984.0	1984.0
36960	30	15735	1984.0	1984.0
15053	15	3982	1984.0	1984.0
40271	3	14402	1984.0	1984.0
3736	41	4374	1984.0	1984.0
10809	15	8024	1984.0	1984.0
32056	3	6724	1984.0	1984.0
4073	15	14466	1984.0	1984.0
15255	76	2749	1984.0	1984.0
22592	16	2902	1984.0	1984.0
16935	15	57	1984.0	1984.0
13320	15	14466	1984.0	1984.0
3945	15	5798	1984.0	1984.0
3122	15	2351	1984.0	1984.0
10414	32	10758	1984.0	1984.0
3945	16	503	1984.0	1984.0
42583	15	24526	1984.0	1984.0
469	15	752	1984.0	1984.0
12565	16	3243	1984.0	1984.0
30366	30	2010	1984.0	1984.0
469	15	14106	1984.0	1984.0
469	16	752	1984.0	1984.0
9461	155	630	1984.0	1984.0
4341	30	30170	1984.0	1984.0
469	16	2775	1984.0	1984.0
469	16	14106	1984.0	1984.0
10758	32	10414	1984.0	1984.0
40623	15	38871	1984.0	1984.0
8011	16	2902	1984.0	1984.0
39308	3	4718	1984.0	1984.0
9238	17	4046	1984.0	1984.0
3151	3	19222	1984.0	1984.0
3158	25	3760	1984.0	1984.0
12006	16	4540	1984.0	1984.0
36596	3	3608	1984.0	1984.0
2231	30	39029	1984.0	1984.0
32540	41	4374	1984.0	1984.0
73	62	5743	1984.0	1985.0
16745	41	3698	1984.0	1985.0
30995	4	1305	1984.0	1985.0
34657	14	1123	1984.0	1985.0
25810	4	6047	1984.0	1985.0
33139	41	7868	1984.0	1985.0
37194	4	2606	1984.0	1985.0
16761	4	17389	1984.0	1985.0
30704	4	39657	1984.0	1985.0
27888	170	8581	1984.0	1985.03
18787	3	10254	1984.0	1986.0
33935	3	19839	1984.0	1986.0
34868	41	947	1984.0	1986.0
35851	14	2595	1984.0	1986.0
3311	4	2885	1984.0	1986.0
12585	4	17203	1984.0	1986.0
37638	4	4991	1984.0	1986.0
2595	123	35851	1984.0	1986.0
29536	14	37305	1984.0	1986.0
34515	33	34821	1984.0	1986.0
6875	4	5417	1984.0	1987.0
30992	41	947	1984.0	1987.0
10244	38	1566	1984.0	1987.0
19930	3	4970	1984.0	1987.0
31334	4	19778	1984.0	1987.0
5868	3	5869	1984.0	1988.0
27098	46	4793	1984.0	1988.0
24551	41	27311	1984.0	1988.0
39906	3	39463	1984.0	1988.0
15402	41	1339	1984.0	1988.0
2431	14	19643	1984.0	1988.0
15807	33	6246	1984.0	1988.0
14875	3	11579	1984.0	1988.0
9147	3	9806	1984.0	1989.0
1788	3	16748	1984.0	1989.0
11719	41	15313	1984.0	1989.0
33744	3	31729	1984.0	1989.0
21824	3	8044	1984.0	1989.0
24376	19	14243	1984.0	1989.0
22441	4	720	1984.0	1989.0
78	3	79	1984.0	1990.0
31425	3	9788	1984.0	1990.0
35741	41	1339	1984.0	1990.0
1232	154	28550	1984.0	1990.0
37237	3	20863	1984.0	1990.0
10140	17	728	1984.0	1991.0829
7100	41	3698	1984.0	1992.0
29580	46	9603	1984.0	1992.0
4124	4	9027	1984.0	1992.0
3182	41	7393	1984.0	1992.0
17421	46	4793	1984.0	1992.0
2352	4	71	1984.0	1993.0
3976	19	24990	1984.0	1994.0
27912	37	3081	1984.0	1995.0
27912	37	533	1984.0	1995.0
26466	25	29745	1984.0	1995.0
7732	46	4793	1984.0	1998.0
5689	4	12450	1984.0	2000.0
14473	41	7393	1984.0	2000.0
24341	143	14473	1984.0	2000.0
17588	14	42441	1984.0	2000.0
9374	18	194	1984.0	2001.0
17346	4	1910	1984.0	2001.0
38398	19	37287	1984.0	2002.1121
37287	19	38398	1984.0	2002.1121
11641	4	2885	1984.0	2003.0
42647	33	16879	1984.0	2006.0
1959	17	21358	1984.0	2007.0507
28764	25	804	1984.0	2014.0
32804	17	20179	1984.0	2017.0
14174	41	7393	1984.01	2004.0304
954	15	955	1984.0101	1984.0101
3094	32	3095	1984.0101	1984.0101
5047	15	5048	1984.0101	1984.0101
7609	15	7610	1984.0101	1984.0101
8729	15	5024	1984.0101	1984.0101
11251	4	2949	1984.0101	1984.0101
11896	15	11897	1984.0101	1984.0101
13957	4	13958	1984.0101	1984.0101
14998	4	14999	1984.0101	1984.0101
17232	15	17233	1984.0101	1984.0101
6137	4	499	1984.0101	1984.0101
18982	15	3939	1984.0101	1984.0101
8049	15	23705	1984.0101	1984.0101
10023	15	503	1984.0101	1984.0101
25507	4	10410	1984.0101	1984.0101
2352	15	14832	1984.0101	1984.0101
3492	15	1201	1984.0101	1984.0101
18557	4	18558	1984.0101	1984.0101
33027	15	19207	1984.0101	1984.0101
14915	4	9350	1984.0101	1984.0101
3935	4	35204	1984.0101	1984.0101
28602	71	856	1984.0101	1984.0101
16130	15	27033	1984.0101	1984.0101
19264	15	19207	1984.0101	1984.0101
36778	15	36779	1984.0101	1984.0101
31839	17	1709	1984.0101	1984.0101
2352	15	283	1984.0101	1984.0101
3038	15	31639	1984.0101	1984.0101
33541	4	28056	1984.0101	1984.0101
15895	19	20877	1984.0101	1984.0101
27461	15	655	1984.0101	1984.0101
624	32	1560	1984.0101	1984.0101
23864	4	18457	1984.0101	1984.0101
7433	15	25583	1984.0101	1984.0101
16528	4	30663	1984.0101	1984.0101
7069	15	1922	1984.0101	1984.0101
27919	15	38171	1984.0101	1984.0101
19819	15	35189	1984.0101	1984.0101
19276	4	18710	1984.0101	1984.0101
7159	38	4222	1984.0101	1984.0101
23975	4	38559	1984.0101	1984.0101
2977	15	4847	1984.0101	1984.0101
1560	32	624	1984.0101	1984.0101
11826	4	9038	1984.0101	1984.0101
3095	32	3094	1984.0101	1984.0101
11519	4	13878	1984.0101	1984.0101
27711	15	25594	1984.0101	1984.0101
5449	4	25339	1984.0101	1984.0101
1921	15	5967	1984.0101	1984.0101
1921	15	3348	1984.0101	1984.0101
1921	15	16734	1984.0101	1984.0101
1067	4	5307	1984.0101	1984.0101
1067	4	2945	1984.0101	1984.0101
11198	41	1339	1984.0101	1984.0101
33306	33	673	1984.0101	1984.0101
11879	15	28821	1984.0101	1984.0101
7110	15	2851	1984.0101	1984.0101
30516	71	13744	1984.0101	1984.0101
33486	16	337	1984.0101	1984.0101
24418	4	21199	1984.0101	1984.0101
17160	15	19207	1984.0101	1984.0101
23143	18	876	1984.0101	1984.0101
15043	25	3143	1984.0101	1984.0101
7113	16	337	1984.0101	1984.0101
23409	32	15800	1984.0101	1984.0101
20150	15	234	1984.0101	1984.0101
20877	19	15895	1984.0101	1984.0101
18531	15	4363	1984.0101	1984.0101
14086	4	10340	1984.0101	1984.0101
27649	15	124	1984.0101	1984.0101
39454	15	20492	1984.0101	1984.0101
6109	15	36510	1984.0101	1984.0101
32624	155	1355	1984.0101	1984.0101
8725	15	655	1984.0101	1984.0101
38763	15	486	1984.0101	1984.0101
16689	15	6846	1984.0101	1984.0101
22325	4	36851	1984.0101	1984.0101
5202	15	19410	1984.0101	1984.0101
37644	15	19207	1984.0101	1984.0101
9231	15	4433	1984.0101	1984.0101
15257	17	728	1984.0101	1984.0101
13990	15	1504	1984.0101	1984.0101
25427	4	6436	1984.0101	1984.0101
27390	19	41385	1984.0101	1984.0101
11964	15	655	1984.0101	1984.0101
13258	32	1703	1984.0101	1984.0101
6558	15	5174	1984.0101	1984.0101
15721	4	19285	1984.0101	1984.0101
935	15	41763	1984.0101	1984.0101
9507	4	9508	1984.0101	1985.0101
4916	4	15322	1984.0101	1985.0101
8116	4	19009	1984.0101	1985.0101
23399	4	9795	1984.0101	1985.0101
3690	4	8252	1984.0101	1985.0101
10216	4	2651	1984.0101	1985.0101
26395	4	17869	1984.0101	1985.0101
22683	4	2545	1984.0101	1985.0101
10384	4	25111	1984.0101	1985.0101
10885	4	2334	1984.0101	1985.0101
21983	4	6603	1984.0101	1985.0101
33682	4	5706	1984.0101	1985.0101
38605	4	980	1984.0101	1985.0101
11567	4	39839	1984.0101	1985.0101
13479	4	17920	1984.0101	1985.0101
11852	4	22130	1984.0101	1985.0101
33294	4	9258	1984.0101	1985.0101
34027	4	13420	1984.0101	1985.0101
15919	4	18027	1984.0101	1985.0101
36266	4	35929	1984.0101	1985.0101
19114	4	1920	1984.0101	1985.0101
7059	4	10779	1984.0101	1985.0101
11519	4	1646	1984.0101	1985.0101
14915	4	9350	1984.0101	1985.0101
14972	4	11084	1984.0101	1985.0101
31061	4	38092	1984.0101	1985.0101
553	25	16870	1984.0101	1985.0101
26160	4	1620	1984.0101	1985.0101
37894	4	13042	1984.0101	1985.0101
37992	4	22216	1984.0101	1985.0101
21198	4	19175	1984.0101	1985.0101
8835	4	2028	1984.0101	1985.0101
17441	4	3015	1984.0101	1985.0101
15433	4	8328	1984.0101	1985.0101
8726	4	6405	1984.0101	1985.0101
3728	4	5234	1984.0101	1985.0101
31898	4	39880	1984.0101	1985.0101
4369	4	1329	1984.0101	1985.0101
15514	4	12067	1984.0101	1985.0101
23221	4	28250	1984.0101	1985.0101
3221	4	15032	1984.0101	1985.0101
1373	4	889	1984.0101	1985.0101
4926	4	4285	1984.0101	1985.0101
31924	4	14963	1984.0101	1985.0101
31923	4	8727	1984.0101	1985.0101
4151	4	13899	1984.0101	1985.0101
15572	4	18704	1984.0101	1985.0101
34182	4	32383	1984.0101	1985.0101
22893	4	3457	1984.0101	1985.0101
3107	4	3108	1984.0101	1986.0101
6137	4	499	1984.0101	1986.0101
9754	4	8721	1984.0101	1986.0101
22633	4	14167	1984.0101	1986.0101
14578	4	5145	1984.0101	1986.0101
23937	4	23209	1984.0101	1986.0101
8959	4	19784	1984.0101	1986.0101
34890	4	7207	1984.0101	1986.0101
29649	4	37598	1984.0101	1986.0101
23866	4	5145	1984.0101	1986.0101
22167	4	20954	1984.0101	1986.0101
10302	4	882	1984.0101	1986.0101
17080	4	22180	1984.0101	1986.0101
26683	4	5971	1984.0101	1986.0101
11292	4	3135	1984.0101	1986.0101
3352	4	172	1984.0101	1986.0101
30595	4	2275	1984.0101	1986.0101
702	4	5748	1984.0101	1986.0101
4738	4	18618	1984.0101	1986.0101
7687	4	11123	1984.0101	1986.0101
12447	4	15845	1984.0101	1986.0101
10064	4	5145	1984.0101	1986.0101
39418	4	15845	1984.0101	1986.0101
39418	4	2028	1984.0101	1986.0101
2237	4	5145	1984.0101	1986.0101
27606	4	4901	1984.0101	1986.0101
10927	4	12536	1984.0101	1986.0101
36796	4	1197	1984.0101	1986.0101
13957	4	17056	1984.0101	1986.0101
21703	4	32371	1984.0101	1986.0101
7917	4	5125	1984.0101	1986.0101
7397	4	4753	1984.0101	1986.0101
17748	41	17749	1984.0101	1987.0101
1686	4	17856	1984.0101	1987.0101
19622	4	10368	1984.0101	1987.0101
20430	4	11084	1984.0101	1987.0101
7014	4	29257	1984.0101	1987.0101
35288	4	37114	1984.0101	1987.0101
16528	4	17710	1984.0101	1987.0101
20126	4	5960	1984.0101	1987.0101
14481	4	15957	1984.0101	1987.0101
4607	4	4829	1984.0101	1987.0101
14655	4	5706	1984.0101	1987.0101
4323	4	14573	1984.0101	1987.0101
20547	4	16337	1984.0101	1987.0101
20547	4	23315	1984.0101	1987.0101
20440	4	28348	1984.0101	1987.0101
1108	41	15313	1984.0101	1987.0101
37926	4	30844	1984.0101	1987.0101
9320	4	28026	1984.0101	1987.0101
15848	14	3273	1984.0101	1987.0101
32026	4	376	1984.0101	1987.0101
24418	4	11541	1984.0101	1987.0101
31443	4	18128	1984.0101	1987.0101
27799	41	999	1984.0101	1987.0101
12592	4	2545	1984.0101	1987.0101
5067	4	8475	1984.0101	1987.0101
24844	4	1727	1984.0101	1987.0101
13527	4	33484	1984.0101	1987.0101
7917	4	39880	1984.0101	1987.0101
7212	4	10430	1984.0101	1987.0101
38734	4	2928	1984.0101	1987.0101
39481	4	6339	1984.0101	1987.0101
11567	4	2074	1984.0101	1988.0101
16580	4	1263	1984.0101	1988.0101
26331	4	2560	1984.0101	1988.0101
135	123	7319	1984.0101	1988.0101
11389	4	14230	1984.0101	1988.0101
15711	3	12052	1984.0101	1988.0101
9095	4	22130	1984.0101	1988.0101
25964	4	36090	1984.0101	1988.0101
7195	4	5140	1984.0101	1988.0101
22334	4	5191	1984.0101	1988.0101
17548	4	948	1984.0101	1988.0101
14210	4	6252	1984.0101	1988.0101
20287	4	25111	1984.0101	1988.0101
16579	4	882	1984.0101	1988.0101
36814	4	3314	1984.0101	1988.0101
4151	4	4030	1984.0101	1988.0101
32003	4	8929	1984.0101	1989.0101
39501	4	5809	1984.0101	1989.0101
24704	4	16300	1984.0101	1989.0101
30759	4	3110	1984.0101	1989.0101
2422	4	2423	1984.0101	1989.0101
1067	4	13681	1984.0101	1989.0101
10384	4	1003	1984.0101	1989.0101
36218	19	5593	1984.0101	1989.0101
14243	19	24376	1984.0101	1989.0101
5593	19	36218	1984.0101	1989.0101
7860	4	4077	1984.0101	1989.0101
25427	4	8305	1984.0101	1989.0101
174	19	25437	1984.0101	1990.0101
21625	4	11376	1984.0101	1990.0101
9177	4	23315	1984.0101	1990.0101
23439	4	16524	1984.0101	1990.0101
3786	4	1785	1984.0101	1990.0101
40542	4	2792	1984.0101	1990.0101
21878	4	9083	1984.0101	1990.0101
19581	3	20863	1984.0101	1990.0101
34650	19	42181	1984.0101	1990.0101
42181	19	34650	1984.0101	1990.0101
24179	4	3671	1984.0101	1990.0101
6111	4	8721	1984.0101	1990.0101
8948	19	16941	1984.0101	1991.0101
23496	4	17920	1984.0101	1991.0101
29924	4	13016	1984.0101	1991.0101
3985	4	36486	1984.0101	1991.0101
19937	4	7931	1984.0101	1991.0101
16941	19	8948	1984.0101	1991.0101
23774	4	11665	1984.0101	1991.0101
8975	4	376	1984.0101	1992.0101
31315	4	26217	1984.0101	1992.0101
31490	4	7931	1984.0101	1992.0101
14655	4	1766	1984.0101	1992.0101
22678	4	9049	1984.0101	1993.0101
10583	4	25112	1984.0101	1994.0101
7778	4	260	1984.0101	1994.0101
24344	4	9555	1984.0101	1994.0101
8451	4	25685	1984.0101	1994.0101
23297	4	376	1984.0101	1994.0101
27832	4	8305	1984.0101	1995.0101
30235	4	247	1984.0101	1995.0101
23329	4	22599	1984.0101	1997.0101
14086	4	25647	1984.0101	1998.0101
36772	4	21563	1984.0101	2000.0101
19654	19	13308	1984.0101	2003.0101
13308	19	19654	1984.0101	2003.0101
41652	3	38032	1984.0101	2003.0101
36253	4	42613	1984.0101	2004.0101
6352	19	6353	1984.0101	2010.0101
7319	18	61	1984.0101	2014.0101
15852	25	621	1984.0108	1984.0108
332	32	387	1984.0127	1984.0127
2005	40	1796	1984.0201	1984.0201
8500	15	197	1984.0202	1984.0202
5929	41	25147	1984.0202	1989.0202
383	70	6414	1984.0209	1989.0316
11223	15	197	1984.0224	1984.0224
37648	21	613	1984.0225	2010.07
32716	76	19020	1984.0315	1989.03
4122	15	197	1984.0316	1984.0316
4122	15	336	1984.0316	1984.0316
11388	41	2819	1984.0319	2000.0503
26536	19	37783	1984.0322	1990.0103
37783	19	26536	1984.0322	1990.0103
36045	19	25545	1984.0327	1988.101
25545	19	36045	1984.0327	1988.101
20011	25	85	1984.0405	1984.0405
20308	32	33459	1984.0408	1984.0408
33459	32	20308	1984.0408	1984.0408
3980	32	29279	1984.0418	1984.0418
29279	32	3980	1984.0418	1984.0418
34716	41	2819	1984.0419	1984.0419
3590	40	5504	1984.0427	1984.0427
19266	15	1772	1984.0428	1984.0428
7591	15	844	1984.043	1984.043
3884	15	844	1984.043	1984.043
949	70	28744	1984.0501	1993.063
6653	32	5371	1984.0509	1984.0509
11549	48	3912	1984.0509	1984.0509
6345	32	12335	1984.0509	1984.0509
5371	32	6653	1984.0509	1984.0509
12335	32	6345	1984.0509	1984.0509
9768	32	5299	1984.0515	1984.0515
5127	197	30055	1984.0515	1990.0416
25437	19	174	1984.0519	1990.0219
6353	19	6352	1984.0527	2010.041
13653	15	7851	1984.0531	1984.0531
33213	15	6389	1984.0606	1984.0606
2352	20	71	1984.0619	1984.0619
28322	20	71	1984.0619	1984.0619
10039	93	3714	1984.0625	1988.0701
15043	25	142	1984.0628	1984.0628
5944	41	21204	1984.0717	1986.032
30411	41	718	1984.0724	1984.0911
28414	41	718	1984.0724	1986.032
14147	41	718	1984.0724	1986.032
28286	41	718	1984.0724	1986.0523
22843	41	718	1984.0724	1986.1211
4938	41	718	1984.0724	1987.0301
27253	41	718	1984.0724	1988.0413
10485	41	718	1984.0724	1989.0522
8306	41	718	1984.0724	1989.0724
21293	41	718	1984.0724	1989.0724
22941	41	718	1984.0724	1989.0724
27912	41	718	1984.0724	1989.0724
17983	41	718	1984.0724	1989.0724
19034	41	718	1984.0724	1989.0724
31659	41	718	1984.0724	1989.0724
17748	41	718	1984.0724	1989.0724
20663	41	718	1984.0724	1989.0724
31286	41	718	1984.0724	1989.0724
23992	41	718	1984.0724	1989.0724
1674	41	718	1984.0724	1989.0724
18042	41	718	1984.0724	1989.0724
7345	41	718	1984.0724	1989.0724
1745	41	718	1984.0724	1989.0724
11008	41	718	1984.0724	1989.0724
28485	41	718	1984.0724	1989.0724
6911	41	718	1984.0724	1989.0724
35492	41	718	1984.0724	1989.0724
717	41	718	1984.0724	1989.0724
6581	41	718	1984.0724	1989.0724
18064	41	718	1984.0724	1989.0724
33158	41	718	1984.0724	1989.0724
32407	41	718	1984.0724	1989.0724
24266	41	718	1984.0724	1989.0724
5529	41	718	1984.0724	1989.0724
11212	41	718	1984.0724	1989.0724
7415	41	718	1984.0724	1989.0724
343	41	718	1984.0724	1989.0724
13393	41	718	1984.0724	1989.0724
12883	41	718	1984.0724	1989.0724
11458	41	718	1984.0724	1989.0724
23321	41	718	1984.0724	1989.0724
26420	41	718	1984.0724	1989.0724
22764	41	718	1984.0724	1989.0724
15364	41	718	1984.0724	1989.0724
14425	41	718	1984.0724	1989.0724
21840	41	718	1984.0724	1989.0724
1286	25	85	1984.0801	1984.0801
13105	15	1664	1984.0815	1984.0815
13105	15	562	1984.0815	1984.0815
13105	15	197	1984.0815	1984.0815
16644	15	2034	1984.082	1984.082
17096	15	2034	1984.082	1984.082
40849	4	8192	1984.0907	1984.1231
5829	41	5418	1984.0913	1986.102
235	70	5829	1984.0913	1986.102
9852	32	5507	1984.0917	1984.0917
28053	15	336	1984.0917	1984.0917
28053	15	197	1984.0917	1984.0917
5507	32	9852	1984.0917	1984.0917
15852	25	333	1984.0921	1984.0921
5743	15	336	1984.0922	1984.0922
5743	15	197	1984.0922	1984.0922
577	25	1559	1984.0924	1984.0924
577	25	2483	1984.0924	1984.0924
577	25	611	1984.0924	1984.0924
3093	15	1249	1984.0926	1984.0926
21773	32	21774	1984.093	1984.093
21774	32	21773	1984.093	1984.093
23888	14	9817	1984.1	1984.1
13091	15	197	1984.1026	1984.1026
13091	15	336	1984.1026	1984.1026
41385	19	27390	1984.103	1984.103
18996	41	7095	1984.1031	1989.1202
553	70	18996	1984.1031	1989.1202
7616	32	6262	1984.1106	1984.1106
6262	32	7616	1984.1106	1984.1106
4870	15	197	1984.1123	1984.1123
19564	41	7796	1984.1201	2007.0426
4768	33	40644	1984.1215	1984.1215
38883	4	41400	1984.1216	1985.0512
15814	19	2872	1984.1218	1984.1218
2872	19	15814	1984.1218	1984.1218
4744	25	6421	1984.1226	1984.1226
13114	25	6421	1984.1226	1987.1223
15558	76	2749	1984.1227	1987.0619
11719	41	4254	1984.1231	1985.0925
458	15	459	1985.0	1985.0
2188	3	2189	1985.0	1985.0
3997	15	3998	1985.0	1985.0
5061	3	115	1985.0	1985.0
2895	30	1372	1985.0	1985.0
4341	30	7482	1985.0	1985.0
7921	25	142	1985.0	1985.0
94	3	4516	1985.0	1985.0
10762	3	1369	1985.0	1985.0
5894	30	11978	1985.0	1985.0
12121	15	69	1985.0	1985.0
2666	30	2004	1985.0	1985.0
13851	15	13852	1985.0	1985.0
15175	4	15176	1985.0	1985.0
3252	15	7064	1985.0	1985.0
15960	3	3079	1985.0	1985.0
16988	16	2907	1985.0	1985.0
17591	16	17592	1985.0	1985.0
7473	15	3470	1985.0	1985.0
13051	30	7121	1985.0	1985.0
7487	30	15053	1985.0	1985.0
2894	15	3118	1985.0	1985.0
460	15	3034	1985.0	1985.0
21116	37	613	1985.0	1985.0
21850	15	3730	1985.0	1985.0
10710	30	10711	1985.0	1985.0
2232	15	7815	1985.0	1985.0
8787	3	115	1985.0	1985.0
13625	16	3118	1985.0	1985.0
2894	16	5059	1985.0	1985.0
24655	30	24656	1985.0	1985.0
7574	15	3034	1985.0	1985.0
25046	15	21361	1985.0	1985.0
15745	15	22042	1985.0	1985.0
14517	16	524	1985.0	1985.0
290	30	8090	1985.0	1985.0
1541	30	25939	1985.0	1985.0
12959	30	2984	1985.0	1985.0
20561	3	6449	1985.0	1985.0
18829	3	27398	1985.0	1985.0
6497	15	2873	1985.0	1985.0
1158	15	18438	1985.0	1985.0
3252	16	4540	1985.0	1985.0
28958	25	142	1985.0	1985.0
5	25	12939	1985.0	1985.0
18169	16	2666	1985.0	1985.0
9992	30	2345	1985.0	1985.0
124	30	10226	1985.0	1985.0
14700	19	26841	1985.0	1985.0
16647	30	30711	1985.0	1985.0
11114	16	2873	1985.0	1985.0
31213	25	897	1985.0	1985.0
8586	15	197	1985.0	1985.0
2293	15	4276	1985.0	1985.0
17261	3	14402	1985.0	1985.0
4958	15	3034	1985.0	1985.0
18754	30	9830	1985.0	1985.0
5894	30	8234	1985.0	1985.0
18181	16	31905	1985.0	1985.0
3198	3	33643	1985.0	1985.0
18100	16	1026	1985.0	1985.0
5259	3	15093	1985.0	1985.0
13909	3	36149	1985.0	1985.0
33141	3	1319	1985.0	1985.0
2352	15	5184	1985.0	1985.0
11411	30	9170	1985.0	1985.0
1259	3	5607	1985.0	1985.0
31219	14	35280	1985.0	1985.0
27763	15	14980	1985.0	1985.0
11864	15	2351	1985.0	1985.0
28361	15	21882	1985.0	1985.0
27902	16	16339	1985.0	1985.0
10414	32	1166	1985.0	1985.0
6884	30	25765	1985.0	1985.0
4881	16	18130	1985.0	1985.0
18060	15	5490	1985.0	1985.0
28769	15	3470	1985.0	1985.0
4663	15	2754	1985.0	1985.0
9830	15	18754	1985.0	1985.0
18100	16	10772	1985.0	1985.0
27902	15	15077	1985.0	1985.0
12133	32	6316	1985.0	1985.0
2510	30	9170	1985.0	1985.0
32454	3	25131	1985.0	1985.0
32813	15	36670	1985.0	1985.0
17591	15	17592	1985.0	1985.0
5411	32	1405	1985.0	1985.0
36017	3	115	1985.0	1985.0
13625	15	3118	1985.0	1985.0
34753	3	40044	1985.0	1985.0
2004	15	2666	1985.0	1985.0
11433	15	2491	1985.0	1985.0
39052	3	17017	1985.0	1985.0
21306	3	14123	1985.0	1985.0
2351	30	11864	1985.0	1985.0
3612	16	19860	1985.0	1985.0
40936	16	13404	1985.0	1985.0
18407	15	28816	1985.0	1985.0
1166	32	10414	1985.0	1985.0
3118	30	13625	1985.0	1985.0
27575	41	15313	1985.0	1985.0
8520	16	2902	1985.0	1985.0
16339	30	27902	1985.0	1985.0
10056	30	41388	1985.0	1985.0
21680	14	9817	1985.0	1985.0
7486	16	7487	1985.0	1985.0
38807	3	115	1985.0	1985.0
7482	15	4341	1985.0	1985.0
3633	25	12939	1985.0	1985.0
14846	3	115	1985.0	1985.0
5342	41	3698	1985.0	1985.0
22779	17	1037	1985.0	1985.0
35474	16	57	1985.0	1985.0
5204	30	30739	1985.0	1985.0
9928	25	12939	1985.0	1985.0
31868	15	28816	1985.0	1985.0
6453	3	16220	1985.0	1985.0
1465	32	1966	1985.0	1985.0
733	3	6640	1985.0	1985.0
7544	15	24526	1985.0	1985.0
26911	16	17682	1985.0	1985.0
8682	15	17682	1985.0	1985.0
36344	3	16795	1985.0	1985.0
3252	16	2907	1985.0	1985.0
41944	3	20168	1985.0	1985.0
13057	3	115	1985.0	1985.0
18895	15	1772	1985.0	1985.0
11327	3	3645	1985.0	1985.0
228	16	229	1985.0	1985.0
3252	16	10772	1985.0	1985.0
3252	16	7064	1985.0	1985.0
2004	16	2666	1985.0	1985.0
23185	25	3689	1985.0	1985.0
36344	3	10228	1985.0	1985.0
11978	15	5894	1985.0	1985.0
22986	84	19715	1985.0	1985.0
19927	71	3977	1985.0	1985.0
4570	30	2352	1985.0	1985.0
14477	15	503	1985.0	1985.0
7828	32	21175	1985.0	1985.0
14477	16	503	1985.0	1985.0
41035	3	14438	1985.0	1985.0
28203	3	32214	1985.0	1985.0
461	30	3122	1985.0	1985.0
2804	30	7121	1985.0	1985.0
6497	16	2873	1985.0	1985.0
10752	160	4943	1985.0	1985.0
283	30	35482	1985.0	1985.0
19444	33	29	1985.0	1985.0
124	30	10467	1985.0	1985.0
27604	3	39800	1985.0	1985.0
28849	15	28816	1985.0	1985.0
34645	15	1487	1985.0	1985.0
26290	15	1249	1985.0	1985.0
34082	16	19860	1985.0	1985.0
124	30	25575	1985.0	1985.0
5739	30	4832	1985.0	1985.0
24752	30	19370	1985.0	1985.0
12365	15	57	1985.0	1985.0
3118	30	2894	1985.0	1985.0
5894	30	15922	1985.0	1985.0
14776	15	792	1985.0	1985.0
3640	15	869	1985.0	1985.0
15200	16	1487	1985.0	1985.0
14106	30	9170	1985.0	1985.0
28190	30	8256	1985.0	1985.0
1158	15	26816	1985.0	1985.0
3278	16	503	1985.0	1985.0
12741	50	14040	1985.0	1985.0
1158	15	29347	1985.0	1985.0
1338	3	17017	1985.0	1985.0
5153	15	28816	1985.0	1985.0
25425	17	21103	1985.0	1985.0
1158	15	13097	1985.0	1985.0
1158	15	17191	1985.0	1985.0
27681	16	2491	1985.0	1985.0
9546	32	7834	1985.0	1985.0
34053	4	21387	1985.0	1985.0
15908	20	1044	1985.0	1985.0
15077	30	27902	1985.0	1985.0
7793	15	4740	1985.0	1985.0
1158	15	2750	1985.0	1985.0
1158	15	23436	1985.0	1985.0
2894	15	5059	1985.0	1985.0
9707	15	1650	1985.0	1985.0
29999	3	5177	1985.0	1985.0
2894	16	3118	1985.0	1985.0
2716	30	22446	1985.0	1985.0
31935	16	31650	1985.0	1985.0
8256	15	28190	1985.0	1985.0
14866	41	3698	1985.0	1985.0
459	30	458	1985.0	1985.0
8256	16	28190	1985.0	1985.0
2149	3	8354	1985.0	1985.0
42267	15	37447	1985.0	1985.0
21680	33	140	1985.0	1985.0
19386	18	1448	1985.0	1985.0
24473	3	7023	1985.0	1985.0
4832	15	5739	1985.0	1985.0
25777	9	12549	1985.0	1985.0
42289	3	8354	1985.0	1985.0
27033	30	5380	1985.0	1985.0
30739	16	5204	1985.0	1985.0
27902	15	16339	1985.0	1985.0
27902	16	15077	1985.0	1985.0
27902	16	8697	1985.0	1985.0
30739	15	5204	1985.0	1985.0
30190	15	16027	1985.0	1985.0
14040	84	12741	1985.0	1985.0
32306	15	16027	1985.0	1985.0
14434	3	2189	1985.0	1985.0
13228	17	10087	1985.0	1985.0
3390	3	5626	1985.0	1985.0
20001	30	21634	1985.0	1985.0
4740	30	7793	1985.0	1985.0
17731	16	3118	1985.0	1985.0
27956	17	4630	1985.0	1985.0
2318	15	19659	1985.0	1985.0
37815	25	897	1985.0	1985.0
3730	30	21850	1985.0	1985.0
125	15	2913	1985.0	1985.0
7643	84	5631	1985.0	1985.0
34843	76	18395	1985.0	1985.0
30260	17	9125	1985.0	1985.0
22446	15	2716	1985.0	1985.0
42459	3	29239	1985.0	1985.0
3988	16	8024	1985.0	1985.0
1411	33	3103	1985.0	1985.0
674	15	69	1985.0	1985.0
19159	15	2851	1985.0	1985.0
25939	15	1541	1985.0	1985.0
17883	16	2491	1985.0	1985.0
25939	16	1541	1985.0	1985.0
17346	15	5184	1985.0	1985.0
7815	30	2232	1985.0	1985.0
25576	25	3689	1985.0	1985.0
34420	3	34421	1985.0	1985.0
18106	15	6617	1985.0	1985.0
31650	30	28232	1985.0	1985.0
24656	15	24655	1985.0	1985.0
27728	16	53	1985.0	1985.0
17388	20	11043	1985.0	1985.0
31399	3	2763	1985.0	1985.0
19524	16	1541	1985.0	1985.0
10748	14	7191	1985.0	1985.0
3122	15	461	1985.0	1985.0
3122	15	3034	1985.0	1985.0
26841	19	14700	1985.0	1985.0
3198	14	7044	1985.0	1985.0
3644	3	3645	1985.0	1985.0
2754	30	4663	1985.0	1985.0
24371	18	1448	1985.0	1985.0
13321	15	13322	1985.0	1985.0
38767	3	3041	1985.0	1985.0
21942	16	18130	1985.0	1985.0
34386	15	22261	1985.0	1985.0
3303	15	16240	1985.0	1985.0
5059	30	2894	1985.0	1985.0
22042	30	15745	1985.0	1985.0
2345	16	1487	1985.0	1985.0
21361	30	25046	1985.0	1985.0
2232	16	7815	1985.0	1985.0
25765	15	6884	1985.0	1985.0
3998	30	3997	1985.0	1985.0
18994	3	29438	1985.0	1985.0
3158	15	9753	1985.0	1985.0
5077	3	16260	1985.0	1986.0
18913	3	7184	1985.0	1986.0
23375	4	23376	1985.0	1986.0
23885	41	1339	1985.0	1986.0
30995	4	32930	1985.0	1986.0
33401	4	11323	1985.0	1986.0
10451	4	34235	1985.0	1986.0
32231	41	1339	1985.0	1986.0
37194	4	4974	1985.0	1986.0
34053	4	36219	1985.0	1986.0
2815	14	13845	1985.0	1986.0
29909	4	35436	1985.0	1986.0
17370	25	804	1985.0	1987.0
19190	3	5607	1985.0	1987.0
6900	3	1319	1985.0	1987.0
9602	46	8178	1985.0	1987.0
12254	25	804	1985.0	1987.0
8892	33	488	1985.0	1987.0
15014	41	999	1985.0	1987.0
15979	41	3698	1985.0	1987.0
6782	41	3698	1985.0	1987.0
4498	4	2094	1985.0	1988.0
30303	14	3863	1985.0	1988.0
25550	14	4831	1985.0	1988.0
31057	41	455	1985.0	1988.0
42337	14	35244	1985.0	1988.0
6392	19	25431	1985.0	1988.0
14244	46	13024	1985.0	1989.0
11455	4	32484	1985.0	1989.0
22653	14	28291	1985.0	1989.0
38865	25	804	1985.0	1990.0
695	3	35074	1985.0	1990.0
22825	41	947	1985.0	1990.0
3653	33	4325	1985.0	1990.0
21824	17	1709	1985.0	1990.0204
5272	3	5273	1985.0	1991.0
38158	14	1123	1985.0	1991.0
3918	14	15130	1985.0	1991.0
9271	37	3417	1985.0	1991.0
7652	25	804	1985.0	1991.0
39523	14	7186	1985.0	1991.0
34657	14	5038	1985.0	1991.0
33227	14	6502	1985.0	1992.0
15878	3	19145	1985.0	1992.0
27675	3	1017	1985.0	1992.0
34999	41	947	1985.0	1992.0
25832	18	25833	1985.0	1993.0
35085	25	804	1985.0	1993.0
21186	25	804	1985.0	1993.0
12672	25	804	1985.0	1993.0
41992	25	804	1985.0	1993.0
38931	41	25906	1985.0	1993.0
16262	41	1092	1985.0	1994.0
23668	14	37977	1985.0	1995.0
20987	3	9788	1985.0	1995.0
11595	4	1044	1985.0	1995.0
41968	25	804	1985.0	1996.0
40849	4	8192	1985.0	1996.0
11978	41	7393	1985.0	1997.0
9672	19	9673	1985.0	1998.0
9673	19	9672	1985.0	1998.0
16798	4	3312	1985.0	1999.0
27414	14	9817	1985.0	2002.0
5515	4	2885	1985.0	2003.0
11331	4	11332	1985.0	2004.0
18994	46	8178	1985.0	2006.0
24690	19	16686	1985.0	2007.0
16686	19	24690	1985.0	2007.0
5342	17	11604	1985.0	2008.0
3870	21	796	1985.0	2009.0
15349	4	5706	1985.0	2009.0
33346	41	3698	1985.0	2009.0
2522	41	3698	1985.0	2010.0
32129	19	42132	1985.0	2010.0406
42132	19	32129	1985.0	2010.0406
17938	19	29788	1985.0	2016.0
29788	19	17938	1985.0	2016.0
37435	17	20179	1985.0	2017.0
16422	19	21159	1985.0	2018.0
21159	19	16422	1985.0	2018.0
14504	14	13379	1985.01	1985.01
12271	4	12272	1985.0101	1985.0101
12873	4	12874	1985.0101	1985.0101
3487	4	13563	1985.0101	1985.0101
14070	3	8689	1985.0101	1985.0101
17344	15	869	1985.0101	1985.0101
8451	4	14157	1985.0101	1985.0101
19084	15	19085	1985.0101	1985.0101
8780	15	5024	1985.0101	1985.0101
18557	4	18558	1985.0101	1985.0101
21175	32	7828	1985.0101	1985.0101
22831	4	14979	1985.0101	1985.0101
23011	4	15047	1985.0101	1985.0101
16689	15	16240	1985.0101	1985.0101
25127	4	25128	1985.0101	1985.0101
24191	15	25594	1985.0101	1985.0101
26086	3	25161	1985.0101	1985.0101
1504	30	26210	1985.0101	1985.0101
16882	3	30212	1985.0101	1985.0101
30855	15	5048	1985.0101	1985.0101
19319	15	1746	1985.0101	1985.0101
15833	16	503	1985.0101	1985.0101
12534	15	18869	1985.0101	1985.0101
15013	15	655	1985.0101	1985.0101
22416	4	1620	1985.0101	1985.0101
25668	4	4376	1985.0101	1985.0101
2984	15	655	1985.0101	1985.0101
4058	15	36206	1985.0101	1985.0101
14998	4	22140	1985.0101	1985.0101
20829	3	5626	1985.0101	1985.0101
34623	15	22385	1985.0101	1985.0101
18688	4	6816	1985.0101	1985.0101
1966	32	1465	1985.0101	1985.0101
6074	15	36790	1985.0101	1985.0101
38176	4	25248	1985.0101	1985.0101
39590	4	10880	1985.0101	1985.0101
16807	3	472	1985.0101	1985.0101
32012	4	15845	1985.0101	1985.0101
27606	4	8548	1985.0101	1985.0101
10508	4	3541	1985.0101	1985.0101
31443	4	1801	1985.0101	1985.0101
25709	15	3493	1985.0101	1985.0101
12211	32	19156	1985.0101	1985.0101
34979	15	13120	1985.0101	1985.0101
20864	15	28397	1985.0101	1985.0101
3094	32	928	1985.0101	1985.0101
36481	4	19285	1985.0101	1985.0101
928	32	3094	1985.0101	1985.0101
35061	17	21103	1985.0101	1985.0101
10329	4	12654	1985.0101	1985.0101
11942	4	3555	1985.0101	1985.0101
5105	4	1329	1985.0101	1985.0101
24144	15	20492	1985.0101	1985.0101
19810	4	3405	1985.0101	1985.0101
1921	15	16734	1985.0101	1985.0101
1921	15	5967	1985.0101	1985.0101
1921	15	1922	1985.0101	1985.0101
33614	15	24940	1985.0101	1985.0101
6365	15	27463	1985.0101	1985.0101
26261	15	38076	1985.0101	1985.0101
1921	15	3348	1985.0101	1985.0101
3735	16	1504	1985.0101	1985.0101
5380	15	27033	1985.0101	1985.0101
3679	15	1201	1985.0101	1985.0101
2998	15	6058	1985.0101	1985.0101
17049	4	8727	1985.0101	1985.0101
11251	4	2949	1985.0101	1985.0101
15871	16	337	1985.0101	1985.0101
31061	4	26535	1985.0101	1985.0101
28833	15	655	1985.0101	1985.0101
27209	4	8929	1985.0101	1985.0101
19156	32	12211	1985.0101	1985.0101
20183	4	6816	1985.0101	1985.0101
22416	4	1040	1985.0101	1985.0101
12568	40	21953	1985.0101	1985.0101
648	32	3094	1985.0101	1985.0101
30477	15	17233	1985.0101	1985.0101
21198	4	21199	1985.0101	1985.0101
36124	15	7558	1985.0101	1985.0101
2984	16	524	1985.0101	1985.0101
21964	16	1504	1985.0101	1985.0101
19142	15	4363	1985.0101	1985.0101
18557	4	1920	1985.0101	1985.0101
23685	15	8781	1985.0101	1985.0101
28709	19	30936	1985.0101	1985.0101
8256	15	655	1985.0101	1985.0101
8601	14	2659	1985.0101	1985.0101
5631	50	7643	1985.0101	1985.0101
4208	15	2034	1985.0101	1985.0101
2977	15	4847	1985.0101	1985.0101
39515	4	2315	1985.0101	1985.0101
8813	15	28397	1985.0101	1985.0101
20528	15	6058	1985.0101	1985.0101
5127	15	19410	1985.0101	1985.0101
5097	15	1249	1985.0101	1985.0101
2352	15	4570	1985.0101	1985.0101
32894	15	869	1985.0101	1985.0101
19199	15	197	1985.0101	1985.0101
39454	15	36779	1985.0101	1985.0101
15922	15	5894	1985.0101	1985.0101
7834	32	9546	1985.0101	1985.0101
39690	3	8689	1985.0101	1985.0101
3094	32	648	1985.0101	1985.0101
11808	15	7072	1985.0101	1985.0101
17874	15	234	1985.0101	1985.0101
20622	4	35285	1985.0101	1985.0101
1041	4	178	1985.0101	1985.0101
42510	15	6865	1985.0101	1985.0101
41134	15	12160	1985.0101	1985.0101
23681	15	8092	1985.0101	1985.0101
1405	32	5411	1985.0101	1985.0101
26210	15	1504	1985.0101	1985.0101
8520	16	503	1985.0101	1985.0101
28937	15	33808	1985.0101	1985.0101
15118	4	25950	1985.0101	1985.0101
6181	15	37020	1985.0101	1985.0101
21774	44	15613	1985.0101	1985.0101
28180	3	19953	1985.0101	1985.0101
21665	15	4771	1985.0101	1985.0101
25087	15	37818	1985.0101	1985.0101
14534	4	100	1985.0101	1985.0101
935	15	20665	1985.0101	1985.0101
6461	15	22760	1985.0101	1985.0101
12264	4	12265	1985.0101	1986.0101
8726	4	8727	1985.0101	1986.0101
19193	4	10779	1985.0101	1986.0101
21198	4	21199	1985.0101	1986.0101
22336	4	15156	1985.0101	1986.0101
16283	4	1952	1985.0101	1986.0101
12447	4	5118	1985.0101	1986.0101
4369	4	13185	1985.0101	1986.0101
23399	4	18618	1985.0101	1986.0101
25456	4	21700	1985.0101	1986.0101
15514	4	17954	1985.0101	1986.0101
26160	4	6216	1985.0101	1986.0101
11429	4	34986	1985.0101	1986.0101
33294	4	29560	1985.0101	1986.0101
34634	4	23051	1985.0101	1986.0101
10909	4	13991	1985.0101	1986.0101
27920	4	1646	1985.0101	1986.0101
33682	4	1565	1985.0101	1986.0101
3221	4	29700	1985.0101	1986.0101
14972	4	5134	1985.0101	1986.0101
25127	4	22180	1985.0101	1986.0101
28543	4	5706	1985.0101	1986.0101
38176	4	4140	1985.0101	1986.0101
15919	4	8382	1985.0101	1986.0101
29502	4	8108	1985.0101	1986.0101
8745	41	1339	1985.0101	1986.0101
14915	4	2982	1985.0101	1986.0101
22683	4	2427	1985.0101	1986.0101
40721	4	17152	1985.0101	1986.0101
18632	4	2094	1985.0101	1986.0101
33936	4	8475	1985.0101	1986.0101
3934	4	13139	1985.0101	1986.0101
17049	4	40103	1985.0101	1986.0101
33727	4	33728	1985.0101	1986.0101
25863	4	40363	1985.0101	1986.0101
8116	4	23636	1985.0101	1986.0101
23011	4	5151	1985.0101	1986.0101
22699	4	10060	1985.0101	1986.0101
20327	4	20328	1985.0101	1986.0101
29477	4	8581	1985.0101	1986.0101
33541	4	35241	1985.0101	1986.0101
3416	37	13100	1985.0101	1986.0101
28333	19	42171	1985.0101	1986.0101
16999	4	22971	1985.0101	1986.0101
0	4	6455	1985.0101	1986.0101
18470	4	10207	1985.0101	1986.0101
10384	4	18543	1985.0101	1986.0101
26395	4	25647	1985.0101	1986.0101
7149	4	37366	1985.0101	1986.0101
10927	4	28206	1985.0101	1986.0101
9325	4	29766	1985.0101	1986.0101
16258	4	937	1985.0101	1986.0101
23958	4	15706	1985.0101	1986.0101
29936	4	5142	1985.0101	1986.0101
1373	4	6934	1985.0101	1986.0101
31923	4	29370	1985.0101	1986.0101
42171	19	28333	1985.0101	1986.0101
14534	4	11685	1985.0101	1986.0101
1428	4	948	1985.0101	1987.0101
21316	4	370	1985.0101	1987.0101
28457	4	4077	1985.0101	1987.0101
20183	4	13067	1985.0101	1987.0101
32647	4	1263	1985.0101	1987.0101
6844	4	6339	1985.0101	1987.0101
24344	4	5145	1985.0101	1987.0101
23975	4	4030	1985.0101	1987.0101
13140	4	25112	1985.0101	1987.0101
26368	4	1676	1985.0101	1987.0101
17971	4	17972	1985.0101	1987.0101
33924	4	632	1985.0101	1987.0101
33191	4	429	1985.0101	1987.0101
19660	14	34085	1985.0101	1987.0101
11519	4	468	1985.0101	1987.0101
38605	4	6570	1985.0101	1987.0101
17461	4	15165	1985.0101	1987.0101
18632	4	25248	1985.0101	1987.0101
3995	4	29664	1985.0101	1987.0101
41435	4	3291	1985.0101	1987.0101
25395	4	13427	1985.0101	1987.0101
31061	4	40397	1985.0101	1987.0101
28457	4	6890	1985.0101	1987.0101
19044	4	6679	1985.0101	1987.0101
30898	3	27515	1985.0101	1987.0101
17441	4	1440	1985.0101	1987.0101
1999	4	2133	1985.0101	1987.0101
9337	4	6636	1985.0101	1987.0101
29684	4	4125	1985.0101	1987.0101
13140	4	10584	1985.0101	1987.0101
21655	4	19328	1985.0101	1987.0101
28349	4	8478	1985.0101	1987.0101
16514	4	10883	1985.0101	1987.0101
23774	4	13487	1985.0101	1987.0101
3903	4	9912	1985.0101	1987.0101
10980	4	21504	1985.0101	1987.0101
8324	4	8325	1985.0101	1988.0101
19810	4	1792	1985.0101	1988.0101
22923	4	11084	1985.0101	1988.0101
25680	4	5145	1985.0101	1988.0101
22416	4	1040	1985.0101	1988.0101
4851	4	376	1985.0101	1988.0101
36951	4	6570	1985.0101	1988.0101
25680	4	6405	1985.0101	1988.0101
24179	4	13067	1985.0101	1988.0101
15572	4	9591	1985.0101	1988.0101
41751	4	4568	1985.0101	1988.0101
26538	4	288	1985.0101	1988.0101
19292	4	23746	1985.0101	1988.0101
15571	4	5701	1985.0101	1988.0101
41881	19	31736	1985.0101	1988.0101
37992	4	40369	1985.0101	1988.0101
5139	4	1676	1985.0101	1988.0101
31898	4	21538	1985.0101	1988.0101
24104	4	15413	1985.0101	1988.0101
12873	4	14509	1985.0101	1988.0101
10508	4	15785	1985.0101	1988.0101
3672	4	13991	1985.0101	1988.0101
25654	4	10430	1985.0101	1988.0101
11919	4	889	1985.0101	1988.0101
16390	4	2028	1985.0101	1988.0101
16932	4	20387	1985.0101	1988.0101
22893	4	7432	1985.0101	1988.0101
4842	3	39239	1985.0101	1988.0101
7531	4	11427	1985.0101	1989.0101
11826	4	684	1985.0101	1989.0101
19114	4	17056	1985.0101	1989.0101
17043	4	12725	1985.0101	1989.0101
13186	19	16365	1985.0101	1989.0101
1907	4	19328	1985.0101	1989.0101
16365	19	13186	1985.0101	1989.0101
18688	4	13132	1985.0101	1989.0101
21983	4	16195	1985.0101	1989.0101
34372	4	28024	1985.0101	1989.0101
15380	4	24165	1985.0101	1989.0101
39466	4	2480	1985.0101	1989.0101
8835	4	3596	1985.0101	1989.0101
8069	4	4285	1985.0101	1989.0101
42099	4	36345	1985.0101	1989.0101
38273	4	23287	1985.0101	1989.0101
6377	4	1374	1985.0101	1989.0101
10777	4	5701	1985.0101	1989.0101
10777	4	28206	1985.0101	1989.0101
2654	4	3432	1985.0101	1989.0101
16022	4	16023	1985.0101	1990.0101
34538	4	28026	1985.0101	1990.0101
11852	4	848	1985.0101	1990.0101
10508	4	4125	1985.0101	1990.0101
39241	4	6477	1985.0101	1990.0101
9051	4	15917	1985.0101	1990.0101
31567	4	4094	1985.0101	1990.0101
15387	4	13878	1985.0101	1990.0101
38365	4	25398	1985.0101	1990.0101
23864	4	6405	1985.0101	1990.0101
5721	4	12874	1985.0101	1990.0101
1865	4	7832	1985.0101	1990.0101
13486	4	5068	1985.0101	1990.0101
3221	4	42394	1985.0101	1990.0101
37073	4	1660	1985.0101	1990.0101
12568	133	15841	1985.0101	1990.1201
7831	4	7832	1985.0101	1991.0101
23034	4	12536	1985.0101	1991.0101
34572	4	2560	1985.0101	1991.0101
1907	4	7931	1985.0101	1991.0101
36477	4	21218	1985.0101	1991.0101
29684	4	2480	1985.0101	1991.0101
5949	19	40498	1985.0101	1991.0101
9354	4	14032	1985.0101	1991.0101
2394	4	5142	1985.0101	1991.0101
40498	19	5949	1985.0101	1991.0101
17932	4	24606	1985.0101	1991.0101
29927	4	6749	1985.0101	1991.0101
22484	37	19593	1985.0101	1992.0101
24956	4	2480	1985.0101	1992.0101
21634	4	2443	1985.0101	1992.0101
3747	4	11653	1985.0101	1993.0101
26538	4	23287	1985.0101	1993.0101
18564	4	3729	1985.0101	1993.0101
12387	4	6436	1985.0101	1994.0101
39466	4	4125	1985.0101	1994.0101
35947	4	25858	1985.0101	1994.0101
30269	4	10410	1985.0101	1996.0101
26951	4	14984	1985.0101	1996.0101
12264	4	3678	1985.0101	1996.0101
5637	4	3385	1985.0101	1996.0101
19634	19	36162	1985.0101	1997.0101
36162	19	19634	1985.0101	1997.0101
26838	4	10584	1985.0101	1999.0101
15426	19	22671	1985.0101	2001.0101
24761	14	7719	1985.0101	2001.0101
22671	19	15426	1985.0101	2001.0101
31758	19	23957	1985.0101	2004.0101
23957	19	31758	1985.0101	2004.0101
23274	19	6632	1985.0101	2005.0101
6632	19	23274	1985.0101	2005.0101
42528	37	119	1985.0101	2009.0101
33109	19	41901	1985.0101	2015.0101
41901	19	33109	1985.0101	2015.0101
31736	19	41881	1985.0105	1988.0101
14994	32	12452	1985.0126	1985.0126
12452	32	14994	1985.0126	1985.0126
4957	4	6021	1985.0206	1997.081
8874	15	2750	1985.0221	1985.0221
27888	170	20177	1985.03	1986.11
26564	15	38221	1985.0301	1985.0301
21948	25	7667	1985.0309	2016.0228
16120	41	18907	1985.031	1985.033
814	62	16120	1985.031	1985.033
6474	32	9249	1985.0315	1985.0315
2382	32	9249	1985.0315	1985.0315
9249	32	2382	1985.0315	1985.0315
9249	32	6474	1985.0315	1985.0315
3884	15	4276	1985.0412	1985.0412
1158	15	1159	1985.0418	1985.0418
12399	15	1159	1985.0418	1985.0418
24487	15	6843	1985.0423	1985.0423
453	25	1559	1985.0429	1985.0429
453	25	2483	1985.0429	1985.0429
27506	17	4046	1985.05	1985.05
39776	40	23945	1985.0511	1985.0511
1158	15	197	1985.0513	1985.0513
1158	15	6617	1985.0514	1985.0514
11659	33	10912	1985.0517	1985.0517
4709	21	1777	1985.052	2008.05
34716	41	6751	1985.0525	1985.0525
16471	92	16831	1985.0531	2018.0315
38964	46	352	1985.06	1989.12
17330	18	876	1985.0601	2002.1101
14420	4	6880	1985.0605	1992.1117
28754	32	8417	1985.061	1985.061
8417	32	28754	1985.061	1985.061
12549	41	455	1985.0611	1985.0611
12495	32	19269	1985.0614	1985.0614
19269	32	12495	1985.0614	1985.0614
10774	18	3459	1985.0614	1985.0614
12383	32	9852	1985.0618	1985.0618
9852	32	12383	1985.0618	1985.0618
5701	123	19052	1985.0701	1987.0827
30936	19	28709	1985.0706	1985.0706
23542	21	83	1985.071	2012.1231
6345	32	7616	1985.0718	1985.0718
7616	32	6345	1985.0718	1985.0718
750	33	2313	1985.08	1990.0
15550	15	336	1985.0903	1985.0903
15550	15	197	1985.0903	1985.0903
33670	25	611	1985.0913	1985.0913
14047	70	19967	1985.0918	1995.0703
23148	32	2767	1985.092	1985.092
2767	32	23148	1985.092	1985.092
73	70	4860	1985.0927	1991.0119
28775	41	1396	1985.093	1988.1003
18871	14	7719	1985.093	1997.1031
7213	14	9817	1985.1	2000.0
10622	41	302	1985.1004	1987.0218
33670	25	2483	1985.1023	1985.1023
33670	25	1559	1985.1023	1985.1023
1248	15	1249	1985.1025	1985.1025
1977	41	17071	1985.1101	1986.1031
7647	14	1319	1985.1101	1988.1031
25538	21	1723	1985.1128	2014.0531
21640	32	4582	1985.1203	1985.1203
1701	40	1483	1985.1206	1985.1206
22229	25	4054	1985.1212	1992.0702
15043	25	6085	1985.1214	1985.1214
16634	41	279	1985.1221	1987.012
16236	21	75	1985.1224	1990.1003
4246	15	3998	1986.0	1986.0
4249	71	3977	1986.0	1986.0
322	16	7414	1986.0	1986.0
124	30	7739	1986.0	1986.0
8962	15	3628	1986.0	1986.0
9071	15	9072	1986.0	1986.0
10056	30	4893	1986.0	1986.0
10524	17	10525	1986.0	1986.0
11965	30	9877	1986.0	1986.0
14909	15	867	1986.0	1986.0
15097	14	700	1986.0	1986.0
15270	16	7686	1986.0	1986.0
15824	17	59	1986.0	1986.0
244	32	16247	1986.0	1986.0
21146	16	2491	1986.0	1986.0
3252	16	10772	1986.0	1986.0
5344	15	11678	1986.0	1986.0
23852	3	22061	1986.0	1986.0
24100	133	15211	1986.0	1986.0
9809	15	24934	1986.0	1986.0
2702	15	1090	1986.0	1986.0
3036	16	229	1986.0	1986.0
13477	15	1772	1986.0	1986.0
23298	15	8692	1986.0	1986.0
19818	15	8365	1986.0	1986.0
12090	133	15211	1986.0	1986.0
8053	15	18438	1986.0	1986.0
2351	30	3122	1986.0	1986.0
29762	16	19860	1986.0	1986.0
1019	30	25374	1986.0	1986.0
30579	3	4790	1986.0	1986.0
15604	15	3118	1986.0	1986.0
19559	16	9992	1986.0	1986.0
290	30	6365	1986.0	1986.0
31399	42	7785	1986.0	1986.0
4893	16	524	1986.0	1986.0
5749	15	3998	1986.0	1986.0
6756	15	867	1986.0	1986.0
17073	15	197	1986.0	1986.0
30383	3	32697	1986.0	1986.0
18071	3	18072	1986.0	1986.0
18684	16	3696	1986.0	1986.0
26322	15	15977	1986.0	1986.0
33540	112	15994	1986.0	1986.0
3118	30	15604	1986.0	1986.0
4545	32	11718	1986.0	1986.0
11612	15	337	1986.0	1986.0
7574	15	3034	1986.0	1986.0
36032	134	15211	1986.0	1986.0
24336	30	6521	1986.0	1986.0
11678	30	5344	1986.0	1986.0
1406	25	12939	1986.0	1986.0
3009	17	21103	1986.0	1986.0
364	15	6884	1986.0	1986.0
37270	3	3307	1986.0	1986.0
1648	32	3094	1986.0	1986.0
17737	32	6023	1986.0	1986.0
28375	3	1942	1986.0	1986.0
1213	30	22917	1986.0	1986.0
15604	15	5059	1986.0	1986.0
38915	134	15211	1986.0	1986.0
30020	3	11421	1986.0	1986.0
173	30	13186	1986.0	1986.0
124	30	6153	1986.0	1986.0
337	30	11612	1986.0	1986.0
24664	15	2491	1986.0	1986.0
17883	16	2491	1986.0	1986.0
19358	15	10733	1986.0	1986.0
3628	30	8962	1986.0	1986.0
5515	15	5184	1986.0	1986.0
9877	15	11965	1986.0	1986.0
4398	15	1249	1986.0	1986.0
4131	30	7983	1986.0	1986.0
26167	16	8414	1986.0	1986.0
11994	15	40449	1986.0	1986.0
32821	3	8653	1986.0	1986.0
824	15	846	1986.0	1986.0
3998	30	5749	1986.0	1986.0
29554	3	14628	1986.0	1986.0
2499	32	6671	1986.0	1986.0
26590	16	8414	1986.0	1986.0
14746	15	3620	1986.0	1986.0
31213	25	3689	1986.0	1986.0
3612	16	24752	1986.0	1986.0
16647	30	26536	1986.0	1986.0
3988	16	8024	1986.0	1986.0
7739	16	2491	1986.0	1986.0
9812	16	524	1986.0	1986.0
1213	30	2208	1986.0	1986.0
7403	16	2902	1986.0	1986.0
14477	16	503	1986.0	1986.0
14477	15	5798	1986.0	1986.0
24100	134	15211	1986.0	1986.0
460	15	3034	1986.0	1986.0
17314	30	19370	1986.0	1986.0
12100	15	28816	1986.0	1986.0
40017	15	4131	1986.0	1986.0
9992	30	1700	1986.0	1986.0
32271	1	113	1986.0	1986.0
6365	15	10710	1986.0	1986.0
41848	30	14819	1986.0	1986.0
38859	15	7218	1986.0	1986.0
40017	15	9048	1986.0	1986.0
3664	3	30016	1986.0	1986.0
15794	15	1487	1986.0	1986.0
14819	15	41848	1986.0	1986.0
13102	30	8162	1986.0	1986.0
3252	15	7064	1986.0	1986.0
3252	16	4540	1986.0	1986.0
3252	16	7064	1986.0	1986.0
41977	3	14438	1986.0	1986.0
109	32	3094	1986.0	1986.0
461	30	3122	1986.0	1986.0
4570	30	20552	1986.0	1986.0
16798	15	5184	1986.0	1986.0
7638	30	2654	1986.0	1986.0
124	30	16306	1986.0	1986.0
15434	38	6932	1986.0	1986.0
124	30	7956	1986.0	1986.0
14621	3	11579	1986.0	1986.0
17287	15	42059	1986.0	1986.0
15824	17	277	1986.0	1986.0
10710	30	6365	1986.0	1986.0
30205	3	3498	1986.0	1986.0
1934	4	9281	1986.0	1986.0
1700	16	9992	1986.0	1986.0
1700	15	9992	1986.0	1986.0
23389	15	2778	1986.0	1986.0
36085	3	5626	1986.0	1986.0
10012	15	1772	1986.0	1986.0
42114	17	3007	1986.0	1986.0
32181	25	6085	1986.0	1986.0
1700	16	1487	1986.0	1986.0
24752	30	3612	1986.0	1986.0
2536	15	6884	1986.0	1986.0
4532	15	2851	1986.0	1986.0
4873	3	6462	1986.0	1986.0
11270	30	36914	1986.0	1986.0
24034	3	10196	1986.0	1986.0
11034	16	4558	1986.0	1986.0
9818	15	3304	1986.0	1986.0
42146	25	7602	1986.0	1986.0
5833	15	38171	1986.0	1986.0
35602	15	3982	1986.0	1986.0
11034	16	7686	1986.0	1986.0
3243	30	35816	1986.0	1986.0
3172	30	18100	1986.0	1986.0
19969	16	17682	1986.0	1986.0
4655	32	16713	1986.0	1986.0
29840	15	21884	1986.0	1986.0
4359	30	23681	1986.0	1986.0
24966	16	17682	1986.0	1986.0
7157	30	7156	1986.0	1986.0
11864	15	3034	1986.0	1986.0
5069	15	26622	1986.0	1986.0
322	16	8414	1986.0	1986.0
17826	25	6187	1986.0	1986.0
18684	15	11965	1986.0	1986.0
41007	3	4164	1986.0	1986.0
19694	3	8084	1986.0	1986.0
7956	16	1487	1986.0	1986.0
3612	15	24752	1986.0	1986.0
17677	71	42215	1986.0	1986.0
38536	41	2157	1986.0	1986.0
22595	15	41994	1986.0	1986.0
2578	30	17281	1986.0	1986.0
27866	3	14123	1986.0	1986.0
4740	30	7574	1986.0	1986.0
1606	15	2851	1986.0	1986.0
20285	14	20286	1986.0	1986.0
20001	30	21634	1986.0	1986.0
9102	71	3977	1986.0	1986.0
20867	16	1487	1986.0	1986.0
9835	3	10228	1986.0	1986.0
23598	3	11134	1986.0	1986.0
9102	3	15541	1986.0	1986.0
28447	15	14289	1986.0	1986.0
36273	3	8044	1986.0	1986.0
5618	21	13	1986.0	1986.0
3730	30	22441	1986.0	1986.0
5604	15	2034	1986.0	1986.0
19159	16	15077	1986.0	1986.0
7574	15	4740	1986.0	1986.0
6018	14	6449	1986.0	1986.0
2499	32	15169	1986.0	1986.0
1213	30	25026	1986.0	1986.0
22544	16	57	1986.0	1986.0
2895	30	7121	1986.0	1986.0
15270	16	4558	1986.0	1986.0
32412	3	28929	1986.0	1986.0
21183	32	3094	1986.0	1986.0
34736	3	115	1986.0	1986.0
13276	15	2034	1986.0	1986.0
18100	15	3172	1986.0	1986.0
18100	16	10772	1986.0	1986.0
41994	30	22595	1986.0	1986.0
2902	30	13622	1986.0	1986.0
14533	3	6168	1986.0	1986.0
26590	15	8414	1986.0	1986.0
18100	16	3172	1986.0	1986.0
10733	30	19358	1986.0	1986.0
22441	15	4335	1986.0	1986.0
3122	15	3034	1986.0	1986.0
22441	15	3730	1986.0	1986.0
26001	15	17682	1986.0	1986.0
3122	15	2351	1986.0	1986.0
18319	15	2778	1986.0	1986.0
3122	15	461	1986.0	1986.0
6884	30	364	1986.0	1986.0
3304	30	9818	1986.0	1986.0
8568	15	820	1986.0	1986.0
4335	30	22441	1986.0	1986.0
27393	17	4046	1986.0	1986.0
24615	3	20264	1986.0	1986.0
26027	15	2034	1986.0	1986.0
3998	30	4246	1986.0	1986.0
5059	30	15604	1986.0	1986.0
17281	15	2578	1986.0	1986.0
7156	15	7157	1986.0	1986.0
36596	3	472	1986.0	1986.0
15604	16	3243	1986.0	1986.0
9489	5	13	1986.0	1986.0
15604	16	5059	1986.0	1986.0
15604	16	3118	1986.0	1986.0
2231	30	16250	1986.0	1986.0
9812	16	443	1986.0	1986.0
3646	4	31597	1986.0	1987.0
23375	4	19855	1986.0	1987.0
23036	4	23376	1986.0	1987.0
36760	4	8812	1986.0	1987.0
34515	33	33636	1986.0	1987.0
31710	4	39411	1986.0	1987.0
9144	4	42482	1986.0	1987.0
7100	41	999	1986.0	1988.0
18787	3	19912	1986.0	1988.0
23787	4	12241	1986.0	1988.0
19714	3	5552	1986.0	1988.0
21612	4	218	1986.0	1988.0
1238	14	1017	1986.0	1988.0
30375	41	29865	1986.0	1988.0
38162	4	6245	1986.0	1988.0
16399	17	29517	1986.0	1989.0
4007	4	5417	1986.0	1989.0
22436	3	825	1986.0	1989.0
15175	4	11043	1986.0	1989.0
5416	4	5417	1986.0	1990.0
6917	4	2922	1986.0	1990.0
10325	3	34596	1986.0	1990.0
34970	41	23009	1986.0	1990.0
23277	3	18103	1986.0	1990.0
29685	41	27311	1986.0	1990.0
3020	17	728	1986.0	1990.0
29749	3	31397	1986.0	1990.0
5465	3	1017	1986.0	1990.0101
2507	41	1339	1986.0	1991.0
15796	4	5717	1986.0	1991.0
27950	14	12956	1986.0	1991.0
2152	19	21762	1986.0	1991.0
4660	4	4661	1986.0	1992.0
2180	41	17347	1986.0	1992.0
22674	3	26803	1986.0	1992.0
33401	4	15176	1986.0	1992.0
33139	41	27311	1986.0	1993.0
8413	4	3312	1986.0	1993.0
6900	3	1017	1986.0	1993.0
31135	17	12186	1986.0	1993.0
15211	9	5921	1986.0	1994.0
18787	14	41618	1986.0	1994.0
34030	18	16805	1986.0	1995.0
13266	19	13265	1986.0	1995.0
36156	41	23009	1986.0	1996.0
8754	43	8755	1986.0	1997.0
26211	4	38155	1986.0	1997.0
20937	41	947	1986.0	1997.0
8755	43	8754	1986.0	1997.0
3151	18	2157	1986.0	1998.0
28263	14	25472	1986.0	1999.0
38114	19	38115	1986.0	1999.1009
4711	4	9987	1986.0	2004.0
40926	35	34384	1986.0	2004.0
23004	17	13169	1986.0	2007.0
21975	46	9603	1986.0	2008.0
22414	17	11904	1986.0	2008.1106
37525	19	37748	1986.0	2009.0
37748	19	37525	1986.0	2009.0
40316	17	564	1986.0	2011.0
15849	41	26438	1986.0	2012.0
4530	14	4030	1986.0	2013.0
28696	18	1092	1986.0	2014.0
15466	17	2849	1986.0	2014.1101
18544	17	11904	1986.0	2017.0
29536	14	26413	1986.0	2018.0
5632	33	203	1986.01	1986.12
7852	15	7853	1986.0101	1986.0101
8474	4	8475	1986.0101	1986.0101
10139	15	197	1986.0101	1986.0101
5105	4	11695	1986.0101	1986.0101
13749	15	13750	1986.0101	1986.0101
15387	4	11943	1986.0101	1986.0101
16418	4	3110	1986.0101	1986.0101
4607	4	4608	1986.0101	1986.0101
20622	4	20623	1986.0101	1986.0101
20555	134	15211	1986.0101	1986.0101
19810	4	1646	1986.0101	1986.0101
14020	4	23334	1986.0101	1986.0101
21705	3	24675	1986.0101	1986.0101
19438	15	19207	1986.0101	1986.0101
25284	18	876	1986.0101	1986.0101
12271	4	20212	1986.0101	1986.0101
4104	32	8319	1986.0101	1986.0101
14998	4	17718	1986.0101	1986.0101
10219	4	10378	1986.0101	1986.0101
24418	4	1040	1986.0101	1986.0101
15118	4	27349	1986.0101	1986.0101
27879	15	5048	1986.0101	1986.0101
28101	133	15211	1986.0101	1986.0101
24904	25	17788	1986.0101	1986.0101
11251	4	8475	1986.0101	1986.0101
14120	15	26104	1986.0101	1986.0101
29936	4	5142	1986.0101	1986.0101
4058	15	7072	1986.0101	1986.0101
32649	15	32650	1986.0101	1986.0101
33727	4	33728	1986.0101	1986.0101
20370	15	19046	1986.0101	1986.0101
21260	15	26825	1986.0101	1986.0101
7938	15	2573	1986.0101	1986.0101
27753	3	35243	1986.0101	1986.0101
6521	15	24336	1986.0101	1986.0101
16541	19	5152	1986.0101	1986.0101
21663	4	22140	1986.0101	1986.0101
16855	134	15211	1986.0101	1986.0101
27919	15	6846	1986.0101	1986.0101
31087	134	15211	1986.0101	1986.0101
7872	15	19410	1986.0101	1986.0101
16888	15	11897	1986.0101	1986.0101
3094	32	109	1986.0101	1986.0101
8583	15	38432	1986.0101	1986.0101
20511	15	17233	1986.0101	1986.0101
9507	4	17601	1986.0101	1986.0101
38583	134	15211	1986.0101	1986.0101
19142	15	4363	1986.0101	1986.0101
27294	30	20370	1986.0101	1986.0101
16247	32	244	1986.0101	1986.0101
39739	4	14588	1986.0101	1986.0101
16017	133	15211	1986.0101	1986.0101
8049	15	4430	1986.0101	1986.0101
7989	15	26594	1986.0101	1986.0101
14297	134	15211	1986.0101	1986.0101
23244	15	3939	1986.0101	1986.0101
31014	19	31976	1986.0101	1986.0101
30708	15	869	1986.0101	1986.0101
23221	4	3015	1986.0101	1986.0101
9818	15	31223	1986.0101	1986.0101
31010	37	3417	1986.0101	1986.0101
27680	134	15211	1986.0101	1986.0101
27959	133	15211	1986.0101	1986.0101
2977	15	315	1986.0101	1986.0101
1504	30	8161	1986.0101	1986.0101
16017	134	15211	1986.0101	1986.0101
27209	4	10697	1986.0101	1986.0101
18557	4	35908	1986.0101	1986.0101
20145	15	40135	1986.0101	1986.0101
24856	15	19207	1986.0101	1986.0101
41433	15	35931	1986.0101	1986.0101
6023	32	17737	1986.0101	1986.0101
40215	17	4046	1986.0101	1986.0101
39391	4	18128	1986.0101	1986.0101
11718	32	4545	1986.0101	1986.0101
29850	4	7432	1986.0101	1986.0101
20621	15	655	1986.0101	1986.0101
24144	15	21423	1986.0101	1986.0101
3516	4	39687	1986.0101	1986.0101
1921	15	5967	1986.0101	1986.0101
17179	15	12160	1986.0101	1986.0101
1921	15	3348	1986.0101	1986.0101
33109	15	655	1986.0101	1986.0101
24850	3	24639	1986.0101	1986.0101
6220	15	4847	1986.0101	1986.0101
14297	133	15211	1986.0101	1986.0101
26982	15	3470	1986.0101	1986.0101
24850	14	24639	1986.0101	1986.0101
32649	15	18695	1986.0101	1986.0101
8201	134	15211	1986.0101	1986.0101
3036	16	1504	1986.0101	1986.0101
8201	133	15211	1986.0101	1986.0101
20183	4	13132	1986.0101	1986.0101
14313	134	15211	1986.0101	1986.0101
10948	15	26472	1986.0101	1986.0101
12447	4	1620	1986.0101	1986.0101
33696	19	31779	1986.0101	1986.0101
21198	4	4125	1986.0101	1986.0101
35416	15	26594	1986.0101	1986.0101
9754	4	17972	1986.0101	1986.0101
22699	4	10060	1986.0101	1986.0101
23399	4	4475	1986.0101	1986.0101
1700	15	655	1986.0101	1986.0101
19101	15	16111	1986.0101	1986.0101
36249	16	503	1986.0101	1986.0101
3492	15	1201	1986.0101	1986.0101
20682	30	824	1986.0101	1986.0101
12121	15	42124	1986.0101	1986.0101
31087	133	15211	1986.0101	1986.0101
26838	4	26119	1986.0101	1986.0101
29348	15	35931	1986.0101	1986.0101
1790	134	15211	1986.0101	1986.0101
19933	15	36242	1986.0101	1986.0101
34	16	524	1986.0101	1986.0101
39833	15	20492	1986.0101	1986.0101
6363	15	19207	1986.0101	1986.0101
23329	4	13132	1986.0101	1986.0101
24418	4	10880	1986.0101	1986.0101
18557	4	30214	1986.0101	1986.0101
1790	133	15211	1986.0101	1986.0101
39049	133	15211	1986.0101	1986.0101
21439	15	37477	1986.0101	1986.0101
1286	25	620	1986.0101	1986.0101
39049	134	15211	1986.0101	1986.0101
20370	15	27294	1986.0101	1986.0101
30575	15	655	1986.0101	1986.0101
13653	15	33326	1986.0101	1986.0101
23625	3	8689	1986.0101	1986.0101
6012	15	35152	1986.0101	1986.0101
28577	4	260	1986.0101	1986.0101
39515	4	41065	1986.0101	1986.0101
6074	15	19046	1986.0101	1986.0101
5152	19	16541	1986.0101	1986.0101
15210	134	15211	1986.0101	1986.0101
38626	19	38947	1986.0101	1986.0101
824	15	40822	1986.0101	1986.0101
11366	4	13132	1986.0101	1986.0101
824	15	20682	1986.0101	1986.0101
12767	15	16734	1986.0101	1986.0101
16689	15	15526	1986.0101	1986.0101
29939	15	8781	1986.0101	1986.0101
3094	32	1648	1986.0101	1986.0101
9567	15	655	1986.0101	1986.0101
38947	19	38626	1986.0101	1986.0101
8319	32	4104	1986.0101	1986.0101
16815	3	19122	1986.0101	1986.0101
24359	4	8715	1986.0101	1986.0101
39504	134	15211	1986.0101	1986.0101
39590	4	10880	1986.0101	1986.0101
42444	15	3577	1986.0101	1986.0101
39504	133	15211	1986.0101	1986.0101
1029	15	10489	1986.0101	1986.0101
12090	134	15211	1986.0101	1986.0101
5262	29	27052	1986.0101	1986.0101
4157	15	26594	1986.0101	1986.0101
19159	15	2851	1986.0101	1986.0101
27959	134	15211	1986.0101	1986.0101
24549	15	38578	1986.0101	1986.0101
28101	134	15211	1986.0101	1986.0101
12490	15	655	1986.0101	1986.0101
17748	15	26594	1986.0101	1986.0101
16252	4	13899	1986.0101	1986.0101
21703	4	39230	1986.0101	1986.0101
8161	15	1504	1986.0101	1986.0101
27289	15	6865	1986.0101	1986.0101
7911	15	5894	1986.0101	1986.0101
31779	19	33696	1986.0101	1986.0101
620	29	1286	1986.0101	1986.0101
18379	15	3493	1986.0101	1986.0101
620	29	83	1986.0101	1986.0101
23975	4	11943	1986.0101	1986.0101
28598	4	9276	1986.0101	1986.0101
83	25	620	1986.0101	1986.0101
19193	4	13118	1986.0101	1986.0101
3303	15	234	1986.0101	1986.0101
19193	4	15706	1986.0101	1986.0101
23774	4	35263	1986.0101	1986.0101
10287	4	14979	1986.0101	1986.0101
4607	4	4608	1986.0101	1987.0101
5309	4	9731	1986.0101	1987.0101
10384	4	5748	1986.0101	1987.0101
1373	4	5759	1986.0101	1987.0101
12724	4	2239	1986.0101	1987.0101
17887	14	1143	1986.0101	1987.0101
22699	4	12874	1986.0101	1987.0101
16669	4	27023	1986.0101	1987.0101
27304	4	2545	1986.0101	1987.0101
22069	4	15845	1986.0101	1987.0101
28631	4	4202	1986.0101	1987.0101
29657	4	7728	1986.0101	1987.0101
30045	4	13055	1986.0101	1987.0101
15209	4	15090	1986.0101	1987.0101
12256	4	33136	1986.0101	1987.0101
34634	4	1440	1986.0101	1987.0101
10927	4	12536	1986.0101	1987.0101
17015	4	12725	1986.0101	1987.0101
34602	4	16700	1986.0101	1987.0101
11289	4	8475	1986.0101	1987.0101
25507	4	4960	1986.0101	1987.0101
35753	4	5958	1986.0101	1987.0101
13555	4	7352	1986.0101	1987.0101
28543	4	1197	1986.0101	1987.0101
32491	4	9155	1986.0101	1987.0101
21703	4	39230	1986.0101	1987.0101
25867	4	1197	1986.0101	1987.0101
15514	4	22972	1986.0101	1987.0101
28034	4	100	1986.0101	1987.0101
17660	4	13958	1986.0101	1987.0101
4369	4	4301	1986.0101	1987.0101
14410	4	15129	1986.0101	1987.0101
29502	4	6570	1986.0101	1987.0101
25668	4	18279	1986.0101	1987.0101
14972	4	11927	1986.0101	1987.0101
38176	4	25269	1986.0101	1987.0101
5237	4	25580	1986.0101	1987.0101
25127	4	14279	1986.0101	1987.0101
13145	4	5958	1986.0101	1987.0101
37365	4	33762	1986.0101	1987.0101
27209	4	10883	1986.0101	1987.0101
24485	4	9912	1986.0101	1987.0101
28067	4	10281	1986.0101	1987.0101
8116	4	10928	1986.0101	1987.0101
17080	4	16195	1986.0101	1987.0101
5042	4	10466	1986.0101	1987.0101
25180	4	5960	1986.0101	1987.0101
21698	4	34320	1986.0101	1987.0101
23399	4	17352	1986.0101	1987.0101
21327	4	2138	1986.0101	1987.0101
29330	4	2043	1986.0101	1987.0101
35830	4	15611	1986.0101	1987.0101
4613	4	29370	1986.0101	1987.0101
23937	4	9338	1986.0101	1987.0101
28577	4	5706	1986.0101	1987.0101
10927	4	5701	1986.0101	1987.0101
42299	4	11020	1986.0101	1987.0101
30283	4	29109	1986.0101	1987.0101
3107	4	18170	1986.0101	1987.0101
8474	4	14999	1986.0101	1987.0101
138	4	29741	1986.0101	1987.0101
12313	4	4475	1986.0101	1987.0101
7397	4	24211	1986.0101	1987.0101
11852	4	17016	1986.0101	1987.0101
19193	4	3087	1986.0101	1987.0101
14534	4	1510	1986.0101	1987.0101
22312	41	718	1986.0101	1987.061
6726	41	718	1986.0101	1987.0705
22312	41	718	1986.0101	1987.0705
40826	41	718	1986.0101	1987.0705
9930	4	4077	1986.0101	1988.0101
30664	4	5701	1986.0101	1988.0101
13370	4	8798	1986.0101	1988.0101
33682	4	34746	1986.0101	1988.0101
36220	4	10466	1986.0101	1988.0101
36796	4	616	1986.0101	1988.0101
19193	4	5359	1986.0101	1988.0101
3352	4	5191	1986.0101	1988.0101
4432	4	11084	1986.0101	1988.0101
37132	4	11123	1986.0101	1988.0101
29568	4	3110	1986.0101	1988.0101
41379	4	4594	1986.0101	1988.0101
9754	4	33565	1986.0101	1988.0101
6889	4	8581	1986.0101	1988.0101
41720	4	8836	1986.0101	1988.0101
22683	4	1565	1986.0101	1988.0101
36601	4	30422	1986.0101	1988.0101
34656	4	6167	1986.0101	1988.0101
30351	4	6167	1986.0101	1988.0101
26160	4	2138	1986.0101	1988.0101
34512	4	1197	1986.0101	1988.0101
15349	4	5145	1986.0101	1988.0101
33164	4	28666	1986.0101	1988.0101
23937	4	8876	1986.0101	1988.0101
8726	4	1565	1986.0101	1988.0101
31898	4	20177	1986.0101	1988.0101
9325	4	10668	1986.0101	1988.0101
11366	4	7344	1986.0101	1988.0101
37502	4	36199	1986.0101	1988.0101
32521	4	33565	1986.0101	1988.0101
12873	4	12874	1986.0101	1988.0101
23958	4	5191	1986.0101	1988.0101
22654	4	35263	1986.0101	1988.0101
36143	4	10410	1986.0101	1988.0101
18688	4	9584	1986.0101	1988.0101
10285	4	854	1986.0101	1988.0101
1999	4	2000	1986.0101	1989.0101
21849	4	6167	1986.0101	1989.0101
4851	4	8721	1986.0101	1989.0101
29185	4	7352	1986.0101	1989.0101
34375	4	14982	1986.0101	1989.0101
35562	4	7398	1986.0101	1989.0101
10565	4	2094	1986.0101	1989.0101
29649	4	40342	1986.0101	1989.0101
21198	4	19175	1986.0101	1989.0101
14915	4	3216	1986.0101	1989.0101
4738	4	2609	1986.0101	1989.0101
11251	4	14999	1986.0101	1989.0101
18604	4	20441	1986.0101	1989.0101
35643	4	25	1986.0101	1989.0101
25646	4	19652	1986.0101	1989.0101
34763	4	9916	1986.0101	1989.0101
14278	4	8798	1986.0101	1989.0101
24918	4	7229	1986.0101	1989.0101
34890	4	13427	1986.0101	1989.0101
32831	4	6890	1986.0101	1989.0101
22826	4	34986	1986.0101	1989.0101
4916	4	8542	1986.0101	1989.0101
18079	4	889	1986.0101	1989.0101
3487	4	19906	1986.0101	1989.0101
16075	41	718	1986.0101	1989.0724
4344	41	718	1986.0101	1989.0724
34724	41	718	1986.0101	1989.0724
2663	3	2664	1986.0101	1990.0101
14396	4	8289	1986.0101	1990.0101
15508	4	9155	1986.0101	1990.0101
25456	4	7961	1986.0101	1990.0101
2452	4	8798	1986.0101	1990.0101
13957	4	9555	1986.0101	1990.0101
11979	4	1312	1986.0101	1990.0101
5003	4	612	1986.0101	1990.0101
40517	4	11084	1986.0101	1990.0101
10583	4	30495	1986.0101	1990.0101
5042	4	5145	1986.0101	1990.0101
39418	4	882	1986.0101	1990.0101
40514	4	5290	1986.0101	1990.0101
9646	4	26978	1986.0101	1990.0101
22654	4	35509	1986.0101	1990.0101
2237	4	260	1986.0101	1991.0101
4481	19	4482	1986.0101	1991.0101
9507	4	25173	1986.0101	1991.0101
31270	17	728	1986.0101	1991.0101
15233	4	6296	1986.0101	1991.0101
21762	19	2152	1986.0101	1991.0101
2120	4	2216	1986.0101	1991.0101
10379	4	10378	1986.0101	1991.0101
4482	19	4481	1986.0101	1991.0101
31924	4	10410	1986.0101	1991.0101
32202	4	359	1986.0101	1991.0101
1519	4	2135	1986.0101	1991.0101
7545	19	21664	1986.0101	1992.0101
35622	4	260	1986.0101	1992.0101
853	4	14144	1986.0101	1992.0101
14578	4	260	1986.0101	1992.0101
21514	4	616	1986.0101	1992.0101
33507	3	19122	1986.0101	1992.0101
14578	4	9555	1986.0101	1992.0101
21664	19	7545	1986.0101	1992.0101
18119	4	12725	1986.0101	1992.0101
26395	4	11084	1986.0101	1992.0101
6662	4	16023	1986.0101	1992.0101
42434	4	14119	1986.0101	1992.0101
22314	4	581	1986.0101	1993.0101
24166	4	4475	1986.0101	1993.0101
3934	4	14744	1986.0101	1993.0101
12392	4	2094	1986.0101	1993.0101
10219	4	10378	1986.0101	1993.0101
36668	4	16337	1986.0101	1994.0101
21409	4	7931	1986.0101	1994.0101
12447	4	1620	1986.0101	1994.0101
16280	4	3254	1986.0101	1994.0101
1008	4	4125	1986.0101	1994.0101
22167	4	15785	1986.0101	1994.0101
27920	4	4152	1986.0101	1994.0101
34838	4	4077	1986.0101	1995.0101
13265	19	13266	1986.0101	1995.0101
20287	4	1003	1986.0101	1995.0101
39333	4	11239	1986.0101	1995.0101
25920	4	9682	1986.0101	1995.0101
33437	4	33438	1986.0101	1996.0101
10064	4	5706	1986.0101	1996.0101
10064	4	260	1986.0101	1996.0101
16440	4	1620	1986.0101	1998.0101
32561	4	413	1986.0101	1998.0101
3306	4	376	1986.0101	1998.0101
9177	4	16337	1986.0101	1999.0101
38115	19	38114	1986.0101	1999.1009
13811	19	33544	1986.0101	2001.0101
33544	19	13811	1986.0101	2001.0101
41897	4	17750	1986.0101	2002.0101
5170	4	19630	1986.0101	2004.0101
27177	18	876	1986.0101	2006.0
19191	19	26692	1986.0101	2006.0101
26692	19	19191	1986.0101	2006.0101
5042	4	5706	1986.0101	2007.0101
31858	19	15731	1986.0101	2010.0101
15731	19	31858	1986.0101	2010.0101
13521	19	27576	1986.0101	2011.0101
27576	19	13521	1986.0101	2011.0101
8791	18	61	1986.0101	2012.1101
561	15	336	1986.0106	1986.0106
561	15	197	1986.0106	1986.0106
3158	25	6085	1986.0109	1986.0109
542	15	197	1986.0115	1986.0115
35201	41	4912	1986.0115	1986.0115
332	70	24232	1986.0119	1989.0629
1942	76	20834	1986.0205	1986.0205
11009	15	197	1986.0212	1986.0212
24538	15	562	1986.0214	1986.0214
24538	15	1664	1986.0214	1986.0214
24538	15	197	1986.0214	1986.0214
414	62	2702	1986.0225	1992.063
2702	41	3210	1986.0225	1992.063
1000	80	20454	1986.0301	1991.1004
20454	41	1000	1986.0301	1991.1004
20454	41	1241	1986.0303	1996.0315
28414	41	296	1986.0316	1986.0401
34804	41	296	1986.0316	1988.0514
3920	41	296	1986.0316	1988.0514
29130	41	718	1986.032	1987.0404
10082	41	21204	1986.032	1988.051
31889	15	1650	1986.0321	1986.0321
31889	25	142	1986.0321	1986.0321
5364	15	197	1986.0328	1986.0328
14147	41	296	1986.0402	1986.0402
1076	41	296	1986.0402	1986.0402
10082	41	296	1986.0402	1986.0403
15934	41	296	1986.0402	1986.0418
7100	41	296	1986.0402	1986.092
571	9	572	1986.0402	1988.0514
859	41	296	1986.0402	1988.0514
16070	41	296	1986.0402	1988.0514
18761	41	296	1986.0402	1988.0514
29801	41	296	1986.0402	1988.0514
6852	41	296	1986.0402	1988.0514
10021	41	296	1986.0402	1988.0514
3625	41	296	1986.0402	1988.0514
5944	41	296	1986.0402	1988.0514
8275	41	296	1986.0402	1988.0514
810	41	296	1986.0402	1988.0514
19051	41	296	1986.0402	1988.0514
23664	41	296	1986.0402	1988.0514
18357	41	296	1986.0402	1988.0514
23349	41	296	1986.0402	1988.0514
1004	41	296	1986.0402	1988.0514
3962	41	296	1986.0402	1988.0514
2618	41	296	1986.0402	1988.0514
11951	41	296	1986.0402	1988.0514
5342	41	296	1986.0402	1988.0514
34885	41	296	1986.0402	1988.0514
23124	41	296	1986.0402	1988.0514
29130	41	296	1986.0402	1988.0514
2420	41	296	1986.0402	1988.0514
22843	41	296	1986.0402	1988.0514
37162	41	296	1986.0402	1988.0514
12953	41	296	1986.0402	1988.0514
26766	41	296	1986.0402	1988.0514
918	41	296	1986.0402	1988.0514
25234	41	296	1986.0402	1988.0514
8299	41	296	1986.0402	1988.0514
13176	41	296	1986.0402	1988.0514
13173	41	296	1986.0402	1988.0514
2719	41	296	1986.0402	1988.0514
10117	15	2034	1986.0414	1986.0414
17652	15	336	1986.0425	1986.0425
17652	15	197	1986.0425	1986.0425
3500	41	7796	1986.0507	2004.021
2647	15	7851	1986.0508	1986.0508
7820	15	197	1986.0519	1986.0519
19403	32	24286	1986.052	1986.052
24286	32	19403	1986.052	1986.052
35286	33	673	1986.0609	1986.0609
29500	25	7667	1986.0614	1998.0308
590	70	28265	1986.0616	1997.012
6316	32	12133	1986.0627	1986.0627
47	25	611	1986.0627	1986.0627
2423	123	11281	1986.0701	1987.063
8225	15	820	1986.0707	1986.0707
29329	18	7868	1986.0707	1990.0124
39226	19	14472	1986.0726	1986.0726
14472	19	39226	1986.0726	1986.0726
24341	61	628	1986.08	1986.08
3	70	1902	1986.0801	1987.0417
10708	32	7975	1986.0804	1986.0804
7975	32	10708	1986.0804	1986.0804
10509	15	3470	1986.0822	1986.0822
1088	32	4233	1986.0823	1986.0823
3046	15	2034	1986.0828	1986.0828
1217	19	15470	1986.0913	1987.1002
15470	19	1217	1986.0913	1987.1002
2866	25	611	1986.0929	1986.0929
15429	170	6257	1986.1	1988.0
2866	25	1559	1986.1002	1986.1002
2866	25	2483	1986.1002	1986.1002
4443	32	12092	1986.1014	1986.1014
12092	32	4443	1986.1014	1986.1014
235	70	14480	1986.102	1992.0713
14480	41	5418	1986.102	1992.0713
339	32	340	1986.1025	1986.1025
340	32	339	1986.1025	1986.1025
4887	32	12452	1986.1025	1986.1025
12452	32	4887	1986.1025	1986.1025
32937	15	197	1986.1029	1986.1029
32937	15	336	1986.1029	1986.1029
332	32	20690	1986.1101	1986.1101
26292	41	17071	1986.1101	1987.0424
5179	70	22196	1986.1105	1990.0911
4030	123	4530	1986.1106	2013.0519
7615	32	3979	1986.1119	1986.1119
3979	32	7615	1986.1119	1986.1119
20904	25	652	1986.1204	1986.1204
15029	19	15030	1986.1216	1990.1202
15030	19	15029	1986.1216	1990.1202
1401	32	1402	1987.0	1987.0
5619	15	3982	1987.0	1987.0
7081	15	5798	1987.0	1987.0
7110	15	4533	1987.0	1987.0
987	32	7163	1987.0	1987.0
8892	41	1339	1987.0	1987.0
1019	30	9349	1987.0	1987.0
11036	15	5585	1987.0	1987.0
12094	16	3982	1987.0	1987.0
1431	15	13404	1987.0	1987.0
2178	30	14208	1987.0	1987.0
283	30	14429	1987.0	1987.0
14918	3	4199	1987.0	1987.0
17	32	10414	1987.0	1987.0
4335	30	15796	1987.0	1987.0
14383	3	427	1987.0	1987.0
2902	30	7766	1987.0	1987.0
18519	16	7064	1987.0	1987.0
19018	17	1037	1987.0	1987.0
19541	3	19542	1987.0	1987.0
22000	16	3172	1987.0	1987.0
22097	15	11678	1987.0	1987.0
9812	15	11965	1987.0	1987.0
22576	3	4138	1987.0	1987.0
1648	32	928	1987.0	1987.0
8397	32	16701	1987.0	1987.0
3612	16	19860	1987.0	1987.0
24229	30	7852	1987.0	1987.0
8520	16	2902	1987.0	1987.0
281	30	3303	1987.0	1987.0
461	30	460	1987.0	1987.0
3612	15	19860	1987.0	1987.0
26433	15	22261	1987.0	1987.0
1431	16	13404	1987.0	1987.0
27983	71	25435	1987.0	1987.0
16739	4	28042	1987.0	1987.0
5059	30	15604	1987.0	1987.0
28342	3	3152	1987.0	1987.0
28568	3	1017	1987.0	1987.0
18519	16	8697	1987.0	1987.0
10414	32	17	1987.0	1987.0
28190	30	29120	1987.0	1987.0
9048	30	7593	1987.0	1987.0
11623	170	17056	1987.0	1987.0
9214	16	19860	1987.0	1987.0
15123	3	115	1987.0	1987.0
9965	33	383	1987.0	1987.0
27728	16	7815	1987.0	1987.0
11411	30	31540	1987.0	1987.0
10056	30	7739	1987.0	1987.0
6120	15	2731	1987.0	1987.0
2351	30	460	1987.0	1987.0
5739	30	2438	1987.0	1987.0
20214	3	33163	1987.0	1987.0
22593	41	3698	1987.0	1987.0
2730	15	14446	1987.0	1987.0
761	30	10303	1987.0	1987.0
2352	15	3034	1987.0	1987.0
6385	3	32461	1987.0	1987.0
21304	16	8257	1987.0	1987.0
11678	30	34312	1987.0	1987.0
34454	30	27688	1987.0	1987.0
28586	16	9992	1987.0	1987.0
20377	16	57	1987.0	1987.0
28308	15	8692	1987.0	1987.0
34312	15	11678	1987.0	1987.0
27688	15	34454	1987.0	1987.0
20907	15	35595	1987.0	1987.0
10733	30	33059	1987.0	1987.0
29762	15	16691	1987.0	1987.0
460	15	461	1987.0	1987.0
20213	32	6606	1987.0	1987.0
36760	4	32930	1987.0	1987.0
21651	15	28684	1987.0	1987.0
7486	16	7487	1987.0	1987.0
33059	15	10733	1987.0	1987.0
4570	30	4660	1987.0	1987.0
11678	30	22097	1987.0	1987.0
5179	32	10146	1987.0	1987.0
29006	15	8277	1987.0	1987.0
14429	15	283	1987.0	1987.0
20252	3	15579	1987.0	1987.0
10732	16	10772	1987.0	1987.0
16988	15	13404	1987.0	1987.0
16949	16	2902	1987.0	1987.0
5116	15	3939	1987.0	1987.0
22592	16	2902	1987.0	1987.0
39022	3	28138	1987.0	1987.0
21942	15	18130	1987.0	1987.0
460	15	2351	1987.0	1987.0
36514	15	1213	1987.0	1987.0
30366	30	31540	1987.0	1987.0
460	15	3034	1987.0	1987.0
4740	30	19389	1987.0	1987.0
11906	15	5894	1987.0	1987.0
9992	30	17435	1987.0	1987.0
27289	15	6884	1987.0	1987.0
17270	17	728	1987.0	1987.0
13763	25	142	1987.0	1987.0
36404	15	20255	1987.0	1987.0
11026	15	5739	1987.0	1987.0
124	30	3981	1987.0	1987.0
2301	32	5836	1987.0	1987.0
29278	16	7064	1987.0	1987.0
26544	3	6168	1987.0	1987.0
14477	16	503	1987.0	1987.0
7574	15	3998	1987.0	1987.0
3252	16	10772	1987.0	1987.0
7790	15	5204	1987.0	1987.0
7445	16	28190	1987.0	1987.0
41247	15	4088	1987.0	1987.0
9362	3	32697	1987.0	1987.0
27424	30	2814	1987.0	1987.0
19389	15	4740	1987.0	1987.0
262	32	12919	1987.0	1987.0
5561	3	9693	1987.0	1987.0
40017	15	16568	1987.0	1987.0
40254	4	3435	1987.0	1987.0
11623	170	8382	1987.0	1987.0
29762	16	16691	1987.0	1987.0
20377	15	57	1987.0	1987.0
9034	30	817	1987.0	1987.0
20679	15	1249	1987.0	1987.0
7081	15	229	1987.0	1987.0
7081	16	229	1987.0	1987.0
22000	16	11625	1987.0	1987.0
2692	15	41853	1987.0	1987.0
40017	15	10710	1987.0	1987.0
28063	15	17682	1987.0	1987.0
126	25	6087	1987.0	1987.0
22658	3	115	1987.0	1987.0
32271	1	83	1987.0	1987.0
11960	15	3258	1987.0	1987.0
34931	16	2491	1987.0	1987.0
5204	30	7790	1987.0	1987.0
4088	30	41247	1987.0	1987.0
28586	16	1487	1987.0	1987.0
20142	15	253	1987.0	1987.0
15935	15	6250	1987.0	1987.0
4660	15	5184	1987.0	1987.0
26005	3	5177	1987.0	1987.0
4660	15	4570	1987.0	1987.0
16175	16	1487	1987.0	1987.0
37498	15	15695	1987.0	1987.0
2804	30	31540	1987.0	1987.0
10962	16	57	1987.0	1987.0
2775	30	31540	1987.0	1987.0
7593	15	9048	1987.0	1987.0
173	30	23642	1987.0	1987.0
109	32	4325	1987.0	1987.0
8892	33	715	1987.0	1987.0
10948	15	10841	1987.0	1987.0
124	30	744	1987.0	1987.0
5739	30	11026	1987.0	1987.0
4881	16	18130	1987.0	1987.0
14218	15	28110	1987.0	1987.0
42043	3	2171	1987.0	1987.0
21636	3	5626	1987.0	1987.0
14106	30	31540	1987.0	1987.0
6475	15	197	1987.0	1987.0
16647	30	13526	1987.0	1987.0
8716	32	36391	1987.0	1987.0
8053	15	15171	1987.0	1987.0
5894	30	11906	1987.0	1987.0
8053	15	197	1987.0	1987.0
13637	3	6730	1987.0	1987.0
8053	15	41227	1987.0	1987.0
6475	15	336	1987.0	1987.0
16988	16	13404	1987.0	1987.0
3646	4	1044	1987.0	1987.0
9818	15	16240	1987.0	1987.0
11464	16	1487	1987.0	1987.0
18507	32	11001	1987.0	1987.0
14357	16	3118	1987.0	1987.0
14357	16	3243	1987.0	1987.0
11270	30	9700	1987.0	1987.0
16020	3	452	1987.0	1987.0
2894	16	1831	1987.0	1987.0
3022	32	1561	1987.0	1987.0
16691	30	29762	1987.0	1987.0
14960	3	550	1987.0	1987.0
5738	15	7487	1987.0	1987.0
3437	16	524	1987.0	1987.0
2894	15	1831	1987.0	1987.0
4359	30	23681	1987.0	1987.0
35897	15	8692	1987.0	1987.0
18519	15	7064	1987.0	1987.0
28696	25	26136	1987.0	1987.0
50	14	4164	1987.0	1987.0
18519	15	8697	1987.0	1987.0
17435	15	1487	1987.0	1987.0
10115	3	19122	1987.0	1987.0
15796	15	4335	1987.0	1987.0
17096	15	869	1987.0	1987.0
23569	3	9860	1987.0	1987.0
30802	16	13404	1987.0	1987.0
17059	3	3041	1987.0	1987.0
24506	41	1339	1987.0	1987.0
7063	16	10772	1987.0	1987.0
23044	25	142	1987.0	1987.0
13546	15	7582	1987.0	1987.0
4325	32	109	1987.0	1987.0
7790	16	5204	1987.0	1987.0
7487	30	5738	1987.0	1987.0
10853	32	6531	1987.0	1987.0
38401	3	4086	1987.0	1987.0
12123	3	15324	1987.0	1987.0
6133	15	21256	1987.0	1987.0
12685	4	7602	1987.0	1987.0
3730	30	5749	1987.0	1987.0
20001	30	21634	1987.0	1987.0
17731	16	11625	1987.0	1987.0
13625	16	8697	1987.0	1987.0
26811	30	22304	1987.0	1987.0
32967	4	11043	1987.0	1987.0
1213	30	36514	1987.0	1987.0
13482	16	2491	1987.0	1987.0
42070	3	842	1987.0	1987.0
21183	32	928	1987.0	1987.0
2895	30	1372	1987.0	1987.0
14933	3	5177	1987.0	1987.0
11105	4	2275	1987.0	1987.0
8711	3	24686	1987.0	1987.0
36960	30	6916	1987.0	1987.0
23375	4	3312	1987.0	1987.0
25016	3	9693	1987.0	1987.0
41994	30	3609	1987.0	1987.0
4833	16	2491	1987.0	1987.0
4893	15	10056	1987.0	1987.0
5749	15	3730	1987.0	1987.0
36960	30	27649	1987.0	1987.0
17346	15	3034	1987.0	1987.0
28684	30	21651	1987.0	1987.0
22963	38	973	1987.0	1987.0
626	32	6791	1987.0	1987.0
10325	3	2613	1987.0	1987.0
208	3	28850	1987.0	1987.0
17388	4	782	1987.0	1987.0
2390	32	18091	1987.0	1987.0
5870	3	3041	1987.0	1987.0
31427	3	11579	1987.0	1987.0
20583	15	2491	1987.0	1987.0
752	30	31540	1987.0	1987.0
10809	15	7209	1987.0	1987.0
3122	15	3034	1987.0	1987.0
10809	15	8024	1987.0	1987.0
6884	30	27289	1987.0	1987.0
3609	15	41994	1987.0	1987.0
14105	16	11625	1987.0	1987.0
9700	15	11270	1987.0	1987.0
1703	32	15798	1987.0	1987.0
15604	15	5059	1987.0	1987.0
262	32	2254	1987.0	1987.0
13298	21	613	1987.0	1987.0
3998	30	7574	1987.0	1987.0
3303	15	281	1987.0	1987.0
15604	16	5059	1987.0	1987.0
21942	16	18130	1987.0	1987.0
2438	15	5739	1987.0	1987.0
11257	16	2666	1987.0	1987.0
489	4	490	1987.0	1988.0
5082	4	3106	1987.0	1988.0
11331	4	6831	1987.0	1988.0
33801	4	2423	1987.0	1988.0
10185	25	804	1987.0	1988.0
17388	4	10731	1987.0	1988.0
35319	4	40212	1987.0	1988.0
26869	4	31597	1987.0	1988.0
16321	4	32930	1987.0	1988.0
39426	4	4991	1987.0	1988.0
42143	25	804	1987.0	1988.0
33559	4	29257	1987.0	1988.0
34971	3	37856	1987.0	1988.0
9144	4	33723	1987.0	1988.0
14918	4	25414	1987.0	1989.0
38010	14	38338	1987.0	1989.0
21364	41	7393	1987.0	1989.0
26387	4	23584	1987.0	1989.0
40145	17	12707	1987.0	1989.0
39870	3	825	1987.0	1989.0
4801	4	34502	1987.0	1989.0
22538	19	24778	1987.0	1990.0
13569	4	13973	1987.0	1990.0
8353	3	38981	1987.0	1990.0
12053	32	13257	1987.0	1990.0
31402	17	15214	1987.0	1990.0
19089	14	8044	1987.0	1990.0
13656	19	21239	1987.0	1990.0
24778	19	22538	1987.0	1990.0
13637	46	8178	1987.0	1990.0
13257	32	12053	1987.0	1990.0
12549	41	11812	1987.0	1990.0
208	3	28850	1987.0	1990.0
489	4	3955	1987.0	1991.0
28696	18	2157	1987.0	1991.0
28760	3	6652	1987.0	1991.0
7469	41	3698	1987.0	1991.0
1338	41	947	1987.0	1992.0
10244	38	4222	1987.0	1992.0
28969	3	37987	1987.0	1992.0
17596	46	9603	1987.0	1992.0
3653	33	1560	1987.0	1992.0
24329	21	2396	1987.0	1992.0
9602	46	9603	1987.0	1993.0
16340	4	830	1987.0	1993.0
37207	4	1044	1987.0	1993.0
10166	14	4831	1987.0	1994.0
14635	3	19122	1987.0	1994.0
7131	4	6880	1987.0	1995.0
12890	3	33322	1987.0	1995.0
11539	14	9817	1987.0	1996.0
18841	4	18152	1987.0	1996.0
8755	19	8754	1987.0	1996.0
19038	14	9788	1987.0	1996.0
36071	19	39559	1987.0	1997.0
21464	25	804	1987.0	1998.0
30119	70	7203	1987.0	1998.0
12540	4	71	1987.0	1998.0
8427	41	3698	1987.0	1998.0
8629	33	8630	1987.0	2000.0
18903	50	42428	1987.0	2001.0117
7115	19	40885	1987.0	2003.0
14928	4	4661	1987.0	2005.0
6748	17	1037	1987.0	2006.0
26866	17	2321	1987.0	2008.0
7966	33	35777	1987.0	2009.0
27474	33	8630	1987.0	2009.0
713	17	3617	1987.0	2016.0
31178	41	1339	1987.01	1988.01
20797	4	103	1987.0101	1903.0101
928	32	1648	1987.0101	1987.0101
7725	16	1504	1987.0101	1987.0101
8302	15	8303	1987.0101	1987.0101
9779	32	908	1987.0101	1987.0101
5836	32	2301	1987.0101	1987.0101
17069	15	2851	1987.0101	1987.0101
17988	15	17989	1987.0101	1987.0101
18401	15	8731	1987.0101	1987.0101
6606	32	20213	1987.0101	1987.0101
20282	15	14740	1987.0101	1987.0101
20282	15	6846	1987.0101	1987.0101
7502	15	4363	1987.0101	1987.0101
23031	15	23032	1987.0101	1987.0101
1206	15	3939	1987.0101	1987.0101
4818	15	21403	1987.0101	1987.0101
1194	71	3977	1987.0101	1987.0101
24956	4	24957	1987.0101	1987.0101
16418	4	5960	1987.0101	1987.0101
10412	19	24961	1987.0101	1987.0101
20876	15	6846	1987.0101	1987.0101
23480	15	15250	1987.0101	1987.0101
18091	32	2390	1987.0101	1987.0101
20358	15	5024	1987.0101	1987.0101
18522	15	655	1987.0101	1987.0101
5738	16	503	1987.0101	1987.0101
20430	4	10073	1987.0101	1987.0101
31089	15	5058	1987.0101	1987.0101
1921	15	5967	1987.0101	1987.0101
13453	15	7072	1987.0101	1987.0101
6912	4	3429	1987.0101	1987.0101
21721	15	1201	1987.0101	1987.0101
4151	4	8108	1987.0101	1987.0101
32079	16	337	1987.0101	1987.0101
33096	15	5048	1987.0101	1987.0101
36340	15	2731	1987.0101	1987.0101
26979	19	27246	1987.0101	1987.0101
31740	25	29552	1987.0101	1987.0101
3094	32	7148	1987.0101	1987.0101
11001	32	18507	1987.0101	1987.0101
33795	15	2851	1987.0101	1987.0101
28034	4	698	1987.0101	1987.0101
10287	4	19285	1987.0101	1987.0101
6969	15	6694	1987.0101	1987.0101
29509	3	4564	1987.0101	1987.0101
16062	15	655	1987.0101	1987.0101
20458	15	20134	1987.0101	1987.0101
24950	19	15315	1987.0101	1987.0101
11289	4	8926	1987.0101	1987.0101
8349	15	655	1987.0101	1987.0101
25096	15	8050	1987.0101	1987.0101
28012	15	7853	1987.0101	1987.0101
7163	32	987	1987.0101	1987.0101
8168	15	6694	1987.0101	1987.0101
18889	15	41038	1987.0101	1987.0101
14972	4	9908	1987.0101	1987.0101
18724	15	69	1987.0101	1987.0101
11366	4	13590	1987.0101	1987.0101
29971	15	6370	1987.0101	1987.0101
8451	4	41331	1987.0101	1987.0101
17554	15	6865	1987.0101	1987.0101
32316	15	3493	1987.0101	1987.0101
41575	4	14500	1987.0101	1987.0101
4575	15	41617	1987.0101	1987.0101
17993	32	13690	1987.0101	1987.0101
15315	19	24950	1987.0101	1987.0101
6844	4	1646	1987.0101	1987.0101
16603	4	33565	1987.0101	1987.0101
1194	3	26642	1987.0101	1987.0101
26368	4	8548	1987.0101	1987.0101
6137	4	23976	1987.0101	1987.0101
8872	4	1040	1987.0101	1987.0101
7195	4	7196	1987.0101	1987.0101
6791	32	626	1987.0101	1987.0101
5105	4	19974	1987.0101	1987.0101
1328	4	5937	1987.0101	1987.0101
35839	15	18272	1987.0101	1987.0101
1921	15	16734	1987.0101	1987.0101
1921	15	3348	1987.0101	1987.0101
39478	15	4433	1987.0101	1987.0101
34931	15	655	1987.0101	1987.0101
16701	32	8397	1987.0101	1987.0101
18272	30	35839	1987.0101	1987.0101
1379	15	29388	1987.0101	1987.0101
1402	32	1401	1987.0101	1987.0101
1561	32	3022	1987.0101	1987.0101
4818	15	1922	1987.0101	1987.0101
15871	15	655	1987.0101	1987.0101
20183	4	13132	1987.0101	1987.0101
1901	15	2851	1987.0101	1987.0101
9512	4	27203	1987.0101	1987.0101
25646	4	13132	1987.0101	1987.0101
19044	4	4094	1987.0101	1987.0101
36391	32	8716	1987.0101	1987.0101
5074	15	19349	1987.0101	1987.0101
5074	15	234	1987.0101	1987.0101
32003	4	42079	1987.0101	1987.0101
20920	15	655	1987.0101	1987.0101
20327	4	2949	1987.0101	1987.0101
13690	32	17993	1987.0101	1987.0101
13690	32	10334	1987.0101	1987.0101
31588	15	34100	1987.0101	1987.0101
30493	19	12748	1987.0101	1987.0101
38233	15	34693	1987.0101	1987.0101
16469	3	8689	1987.0101	1987.0101
17441	4	42122	1987.0101	1987.0101
10303	15	761	1987.0101	1987.0101
12544	4	4094	1987.0101	1987.0101
24882	15	41755	1987.0101	1987.0101
4532	15	2851	1987.0101	1987.0101
928	32	21183	1987.0101	1987.0101
2859	15	9957	1987.0101	1987.0101
15043	25	3689	1987.0101	1987.0101
2977	15	4847	1987.0101	1987.0101
2977	15	315	1987.0101	1987.0101
908	32	9779	1987.0101	1987.0101
27763	15	37818	1987.0101	1987.0101
16826	15	2202	1987.0101	1987.0101
11896	15	17233	1987.0101	1987.0101
2814	15	27424	1987.0101	1987.0101
21316	4	24211	1987.0101	1987.0101
10334	32	13690	1987.0101	1987.0101
27649	15	36960	1987.0101	1987.0101
10146	32	5179	1987.0101	1987.0101
7148	32	3094	1987.0101	1987.0101
5127	15	19410	1987.0101	1987.0101
27649	15	2851	1987.0101	1987.0101
10927	4	12536	1987.0101	1987.0101
12094	15	655	1987.0101	1987.0101
17723	4	42079	1987.0101	1987.0101
21449	15	26594	1987.0101	1987.0101
22304	15	26811	1987.0101	1987.0101
5133	15	24634	1987.0101	1987.0101
27698	17	9246	1987.0101	1987.0101
7852	15	24229	1987.0101	1987.0101
1606	15	2851	1987.0101	1987.0101
24503	16	337	1987.0101	1987.0101
12271	4	12272	1987.0101	1987.0101
13289	16	524	1987.0101	1987.0101
3688	15	17860	1987.0101	1987.0101
11808	15	5174	1987.0101	1987.0101
19660	71	3977	1987.0101	1987.0101
5619	15	655	1987.0101	1987.0101
24961	19	10412	1987.0101	1987.0101
27246	19	26979	1987.0101	1987.0101
16390	4	4807	1987.0101	1987.0101
42555	15	23012	1987.0101	1987.0101
40346	3	8689	1987.0101	1987.0101
42545	15	21913	1987.0101	1987.0101
1783	16	1504	1987.0101	1987.0101
28598	4	2982	1987.0101	1987.0101
16306	15	2851	1987.0101	1987.0101
4607	4	4608	1987.0101	1987.0101
19435	15	20665	1987.0101	1987.0101
1861	15	820	1987.0101	1987.0101
21893	15	11897	1987.0101	1987.0101
5236	52	113	1987.0101	1987.0101
3303	15	6694	1987.0101	1987.0101
5236	134	15211	1987.0101	1987.0101
10980	4	33295	1987.0101	1987.0101
1519	4	2186	1987.0101	1987.0101
7002	4	2135	1987.0101	1988.0101
13581	4	3110	1987.0101	1988.0101
13721	4	16427	1987.0101	1988.0101
20440	4	20441	1987.0101	1988.0101
20571	4	9355	1987.0101	1988.0101
25395	4	10560	1987.0101	1988.0101
17660	4	8588	1987.0101	1988.0101
29330	4	319	1987.0101	1988.0101
10219	4	30159	1987.0101	1988.0101
23221	4	5748	1987.0101	1988.0101
21635	4	30208	1987.0101	1988.0101
15118	4	12027	1987.0101	1988.0101
4613	4	1920	1987.0101	1988.0101
33541	4	1732	1987.0101	1988.0101
29502	4	9347	1987.0101	1988.0101
17080	4	36883	1987.0101	1988.0101
37365	4	37366	1987.0101	1988.0101
0	4	28922	1987.0101	1988.0101
38734	4	15110	1987.0101	1988.0101
9512	4	35815	1987.0101	1988.0101
3728	4	36526	1987.0101	1988.0101
32491	4	15	1987.0101	1988.0101
11519	4	3562	1987.0101	1988.0101
39644	37	3417	1987.0101	1988.0101
30306	4	22971	1987.0101	1988.0101
29252	4	19175	1987.0101	1988.0101
41108	4	464	1987.0101	1988.0101
14972	4	22520	1987.0101	1988.0101
34833	4	13147	1987.0101	1988.0101
33294	4	5960	1987.0101	1988.0101
19114	4	25339	1987.0101	1988.0101
15919	4	8382	1987.0101	1988.0101
30498	4	19906	1987.0101	1988.0101
11205	4	41779	1987.0101	1988.0101
31555	4	2609	1987.0101	1988.0101
36755	4	882	1987.0101	1988.0101
20430	4	10073	1987.0101	1988.0101
5237	4	33656	1987.0101	1988.0101
33191	4	26270	1987.0101	1988.0101
27396	4	14167	1987.0101	1988.0101
17049	4	20184	1987.0101	1988.0101
8958	4	374	1987.0101	1988.0101
28457	4	16195	1987.0101	1988.0101
20183	4	3671	1987.0101	1988.0101
27073	37	9069	1987.0101	1988.0101
9320	4	12792	1987.0101	1988.0101
10644	4	429	1987.0101	1988.0101
22699	4	16267	1987.0101	1988.0101
9512	4	10410	1987.0101	1988.0101
5139	4	15845	1987.0101	1988.0101
25180	4	14032	1987.0101	1988.0101
13166	4	28025	1987.0101	1988.0101
24418	4	1952	1987.0101	1988.0101
14427	4	8727	1987.0101	1988.0101
5309	4	13886	1987.0101	1988.0101
16528	4	8694	1987.0101	1988.0101
3672	4	32950	1987.0101	1988.0101
37225	4	1427	1987.0101	1988.0101
3107	4	20969	1987.0101	1988.0101
20074	3	1654	1987.0101	1988.0101
28171	4	41798	1987.0101	1988.0101
7397	4	20064	1987.0101	1988.0101
23975	4	22164	1987.0101	1988.0101
10980	4	9622	1987.0101	1988.0101
19193	4	9350	1987.0101	1988.0101
13581	4	5208	1987.0101	1988.0101
14037	4	9049	1987.0101	1989.0101
18557	4	18558	1987.0101	1989.0101
19754	4	19755	1987.0101	1989.0101
26423	4	5960	1987.0101	1989.0101
6844	4	3405	1987.0101	1989.0101
27901	4	9978	1987.0101	1989.0101
31061	4	7357	1987.0101	1989.0101
8791	4	30352	1987.0101	1989.0101
12271	4	20212	1987.0101	1989.0101
26938	4	28309	1987.0101	1989.0101
10384	4	5134	1987.0101	1989.0101
28598	4	522	1987.0101	1989.0101
16302	4	6570	1987.0101	1989.0101
39481	4	13042	1987.0101	1989.0101
13145	4	2928	1987.0101	1989.0101
17015	4	7207	1987.0101	1989.0101
18632	4	21387	1987.0101	1989.0101
40145	3	2266	1987.0101	1989.0101
27328	4	35929	1987.0101	1989.0101
17461	4	20206	1987.0101	1989.0101
33924	4	2949	1987.0101	1989.0101
28182	4	854	1987.0101	1989.0101
20547	4	3512	1987.0101	1989.0101
25665	4	8792	1987.0101	1989.0101
14410	4	8108	1987.0101	1989.0101
40479	4	25858	1987.0101	1989.0101
2685	4	21669	1987.0101	1989.0101
25127	4	10778	1987.0101	1989.0101
17276	4	13916	1987.0101	1989.0101
34450	4	6479	1987.0101	1989.0101
35451	4	18144	1987.0101	1989.0101
17971	4	1220	1987.0101	1989.0101
12592	4	1920	1987.0101	1989.0101
9337	4	8061	1987.0101	1989.0101
34749	4	3432	1987.0101	1989.0101
3306	4	8721	1987.0101	1989.0101
28577	4	1197	1987.0101	1989.0101
16844	4	21920	1987.0101	1989.0101
39722	4	5145	1987.0101	1989.0101
34602	4	14167	1987.0101	1989.0101
1373	4	24313	1987.0101	1989.0101
1361	4	3087	1987.0101	1989.0101
10302	4	9584	1987.0101	1989.0101
39570	4	2138	1987.0101	1989.0101
26223	4	19671	1987.0101	1989.0101
8116	4	19009	1987.0101	1990.0101
31220	4	1312	1987.0101	1990.0101
17496	4	2239	1987.0101	1990.0101
28631	4	3241	1987.0101	1990.0101
14655	4	4475	1987.0101	1990.0101
3563	4	15156	1987.0101	1990.0101
25668	4	9338	1987.0101	1990.0101
21519	4	13842	1987.0101	1990.0101
18201	4	29560	1987.0101	1990.0101
6123	4	13842	1987.0101	1990.0101
33894	4	32735	1987.0101	1990.0101
30130	4	6669	1987.0101	1990.0101
23399	4	12185	1987.0101	1990.0101
17441	4	39983	1987.0101	1990.0101
1999	4	5035	1987.0101	1990.0101
10546	4	3254	1987.0101	1990.0101
16418	4	14032	1987.0101	1990.0101
16963	4	18453	1987.0101	1990.0101
12264	4	35084	1987.0101	1990.0101
12343	4	10430	1987.0101	1990.0101
16283	4	3622	1987.0101	1990.0101
12313	4	2928	1987.0101	1990.0101
38332	4	16168	1987.0101	1990.0101
10882	4	10883	1987.0101	1991.0101
13527	4	13142	1987.0101	1991.0101
17723	4	17724	1987.0101	1991.0101
25867	4	260	1987.0101	1991.0101
9719	4	36417	1987.0101	1991.0101
10927	4	5701	1987.0101	1991.0101
14481	4	1374	1987.0101	1991.0101
10927	4	28206	1987.0101	1991.0101
27304	4	2503	1987.0101	1991.0101
35472	4	1866	1987.0101	1991.0101
13426	4	29402	1987.0101	1991.0101
32012	4	6455	1987.0101	1991.0101
41887	4	21920	1987.0101	1991.0101
21408	4	260	1987.0101	1991.0101
17647	3	8937	1987.0101	1991.0101
16252	4	558	1987.0101	1991.0101
7917	4	4140	1987.0101	1991.0101
353	4	21218	1987.0101	1991.0101
22242	4	889	1987.0101	1992.0101
18441	4	1732	1987.0101	1992.0101
1119	4	4491	1987.0101	1992.0101
29707	4	29851	1987.0101	1992.0101
39101	4	10678	1987.0101	1992.0101
25867	4	1374	1987.0101	1992.0101
36084	4	20701	1987.0101	1992.0101
23866	4	260	1987.0101	1992.0101
19993	4	5706	1987.0101	1992.0101
15675	14	4522	1987.0101	1993.0101
11936	4	17558	1987.0101	1993.0101
14534	4	1727	1987.0101	1993.0101
24844	4	1510	1987.0101	1993.0101
9598	4	7728	1987.0101	1993.0101
16201	4	19906	1987.0101	1993.0101
4607	4	7765	1987.0101	1993.0101
10874	4	20954	1987.0101	1994.0101
38605	4	22520	1987.0101	1994.0101
33894	4	6603	1987.0101	1994.0101
6873	4	9591	1987.0101	1994.0101
39722	4	616	1987.0101	1994.0101
1008	4	14984	1987.0101	1994.0101
17451	4	5946	1987.0101	1995.0101
3440	4	13842	1987.0101	1995.0101
34163	4	558	1987.0101	1995.0101
18354	4	5706	1987.0101	1995.0101
8754	19	8755	1987.0101	1996.0101
31555	4	23287	1987.0101	1996.0101
27351	4	16700	1987.0101	1996.0101
39739	4	19288	1987.0101	1996.0101
28919	4	4176	1987.0101	1996.0101
25337	4	13878	1987.0101	1997.0101
39559	19	36071	1987.0101	1997.0101
7860	4	376	1987.0101	1998.0101
7226	4	9049	1987.0101	1998.0101
11158	4	8449	1987.0101	1998.0101
26838	4	25112	1987.0101	1998.0101
27420	4	10099	1987.0101	1999.0101
38590	4	603	1987.0101	1999.0101
30045	4	6603	1987.0101	1999.0101
21169	18	876	1987.0101	1999.0101
36722	4	4206	1987.0101	1999.0101
32995	4	27239	1987.0101	1999.0101
25654	4	4125	1987.0101	2000.0101
12343	4	4125	1987.0101	2000.0101
19754	4	4125	1987.0101	2000.0101
24344	4	260	1987.0101	2000.0101
4344	41	718	1987.0101	2000.0101
7917	4	21538	1987.0101	2001.0101
40885	19	7115	1987.0101	2003.0101
32379	4	9057	1987.0101	2004.0101
27646	4	161	1987.0101	2004.0101
16932	4	2186	1987.0101	2005.0101
26379	4	161	1987.0101	2010.0101
18908	33	18909	1987.0126	1987.0126
8119	33	1315	1987.0126	1987.0126
8053	15	1159	1987.0129	1987.0129
7983	15	4131	1987.0131	1987.0131
6531	32	10853	1987.02	1987.02
2985	25	2483	1987.0205	1987.0205
301	41	302	1987.0218	1990.122
26017	41	302	1987.0218	1990.122
10102	41	302	1987.0218	1990.122
27882	41	302	1987.0218	1990.122
2192	41	302	1987.0218	1990.122
4938	41	302	1987.0218	1990.122
24433	41	302	1987.0218	1990.122
9820	41	302	1987.0218	1990.122
18227	41	302	1987.0218	1990.122
22999	41	302	1987.0218	1990.122
3179	41	302	1987.0218	1990.122
38243	3	16666	1987.03	1987.03
38135	3	32643	1987.03	1987.03
7327	155	28279	1987.0304	1987.031
453	25	85	1987.0306	1987.0306
17910	41	279	1987.031	1989.0525
33173	41	279	1987.031	1989.0525
19971	41	279	1987.031	1989.0525
1844	41	279	1987.031	1989.0525
19929	41	279	1987.031	1989.0525
278	41	279	1987.031	1989.0525
23286	41	279	1987.031	1989.0525
4451	41	279	1987.031	1989.0525
34960	41	279	1987.031	1989.0525
12723	41	279	1987.031	1989.0525
39881	41	279	1987.031	1989.0525
22841	41	279	1987.031	1989.0525
29586	41	279	1987.031	1989.0525
23800	41	279	1987.031	1989.0525
6192	41	279	1987.031	1989.0525
16634	41	279	1987.031	1989.0525
883	41	279	1987.031	1989.0525
12145	32	23108	1987.0315	1987.0315
23108	32	12145	1987.0315	1987.0315
7246	41	4912	1987.0319	1987.0319
26017	41	302	1987.0324	1990.122
8190	32	2382	1987.0325	1987.0325
6474	32	8190	1987.0325	1987.0325
2382	32	8190	1987.0325	1987.0325
8190	32	6474	1987.0325	1987.0325
3702	32	2183	1987.04	1987.04
21239	19	13656	1987.0509	1990.0204
33642	15	1249	1987.052	1987.052
21397	41	1954	1987.0521	1987.0521
1421	32	11771	1987.0524	1987.0524
11771	32	1421	1987.0524	1987.0524
11253	15	7851	1987.0528	1987.0528
553	29	14367	1987.053	1987.053
11260	41	296	1987.0602	1988.0514
10755	33	37419	1987.0608	1987.0608
32409	33	37419	1987.0608	1987.0608
10708	32	3655	1987.0617	1987.0617
18094	15	2913	1987.0623	1987.0623
27618	15	6694	1987.0625	1987.0625
12748	19	30493	1987.0625	1987.0625
12489	116	10324	1987.0626	1987.0626
32141	41	11982	1987.0626	1992.0623
35147	18	3459	1987.0629	1987.0629
27856	15	69	1987.07	1987.07
17287	17	95	1987.07	1999.1
2423	123	33801	1987.0701	1988.063
14535	41	7796	1987.0701	2008.063
383	32	203	1987.0702	1987.0702
203	32	383	1987.0702	1987.0702
15386	41	718	1987.0706	1989.0724
3655	32	10708	1987.0707	1987.0707
37935	41	37035	1987.0709	1997.0402
41100	41	7796	1987.0711	1998.033
1896	32	7358	1987.0721	1987.0721
7358	32	1896	1987.0721	1987.0721
3	70	39018	1987.0728	1988.0413
38034	112	11559	1987.08	1987.08
29488	19	42070	1987.0814	1987.0814
42070	19	29488	1987.0814	1987.0814
27888	170	15881	1987.09	1988.0
16416	41	718	1987.0914	1989.0724
10708	32	2650	1987.0919	1987.0919
2650	32	10708	1987.0919	1987.0919
6750	48	2195	1987.1005	1987.1005
27052	25	1577	1987.102	1987.102
5335	40	19088	1987.1026	1987.1026
4744	41	4626	1987.1028	2013.0601
8275	41	718	1987.1029	1989.0724
4010	62	19574	1987.1107	2011.0114
24746	19	14349	1987.1116	1993.0412
14349	19	24746	1987.1116	1993.0412
6567	41	7045	1987.1123	1989.012
641	70	28242	1987.1124	1998.0317
9865	62	24277	1987.113	1992.0428
24892	19	24891	1987.12	1990.0
15985	25	8987	1987.12	1998.0
5701	123	37892	1987.1201	1989.063
24891	19	24892	1987.1201	1990.0101
13114	25	6421	1987.1223	1987.1223
47	25	2483	1987.1229	1987.1229
1464	15	820	1987.123	1987.123
56	16	57	1988.0	1988.0
2147	32	2148	1988.0	1988.0
3158	15	3159	1988.0	1988.0
4789	3	4790	1988.0	1988.0
3303	15	5894	1988.0	1988.0
7275	14	7276	1988.0	1988.0
7760	3	7761	1988.0	1988.0
10948	15	9072	1988.0	1988.0
56	15	7686	1988.0	1988.0
4249	17	4805	1988.0	1988.0
12576	32	12577	1988.0	1988.0
7473	15	1249	1988.0	1988.0
2701	3	11710	1988.0	1988.0
4893	16	524	1988.0	1988.0
17088	15	2754	1988.0	1988.0
1541	30	18117	1988.0	1988.0
5486	59	1275	1988.0	1988.0
5069	15	3620	1988.0	1988.0
4740	30	2352	1988.0	1988.0
711	16	2491	1988.0	1988.0
8716	32	1360	1988.0	1988.0
24876	3	24877	1988.0	1988.0
25025	71	12751	1988.0	1988.0
1644	15	197	1988.0	1988.0
3640	15	1249	1988.0	1988.0
19559	15	1504	1988.0	1988.0
4532	15	4533	1988.0	1988.0
1360	32	8716	1988.0	1988.0
4325	32	997	1988.0	1988.0
56	15	4558	1988.0	1988.0
56	15	22928	1988.0	1988.0
30412	17	4046	1988.0	1988.0
31241	3	1789	1988.0	1988.0
14357	16	5059	1988.0	1988.0
13356	15	25165	1988.0	1988.0
7157	30	18020	1988.0	1988.0
13525	30	13526	1988.0	1988.0
20767	15	1019	1988.0	1988.0
18115	4	33837	1988.0	1988.0
18310	32	10781	1988.0	1988.0
9173	15	21827	1988.0	1988.0
14357	15	3118	1988.0	1988.0
20853	15	3470	1988.0	1988.0
15314	21	113	1988.0	1988.0
262	32	18877	1988.0	1988.0
8207	15	173	1988.0	1988.0
3730	30	2352	1988.0	1988.0
28308	15	869	1988.0	1988.0
35474	15	57	1988.0	1988.0
31578	15	17573	1988.0	1988.0
26080	32	10062	1988.0	1988.0
7240	15	867	1988.0	1988.0
19200	3	13210	1988.0	1988.0
4131	30	4893	1988.0	1988.0
10223	15	2202	1988.0	1988.0
14357	16	3243	1988.0	1988.0
1850	32	1302	1988.0	1988.0
4763	15	3620	1988.0	1988.0
5894	30	30934	1988.0	1988.0
28063	16	17682	1988.0	1988.0
11709	15	36960	1988.0	1988.0
20750	32	12085	1988.0	1988.0
15804	16	2902	1988.0	1988.0
21476	16	4131	1988.0	1988.0
458	15	459	1988.0	1988.0
124	30	29158	1988.0	1988.0
18169	16	2666	1988.0	1988.0
19744	15	524	1988.0	1988.0
7686	30	56	1988.0	1988.0
6480	32	8630	1988.0	1988.0
3736	3	21676	1988.0	1988.0
32282	16	503	1988.0	1988.0
6572	3	14894	1988.0	1988.0
8761	32	4397	1988.0	1988.0
23676	3	6961	1988.0	1988.0
36075	15	197	1988.0	1988.0
14357	16	3118	1988.0	1988.0
8725	15	2491	1988.0	1988.0
27681	16	2491	1988.0	1988.0
18169	15	2178	1988.0	1988.0
2754	30	17088	1988.0	1988.0
7487	30	5738	1988.0	1988.0
34737	15	2851	1988.0	1988.0
7307	15	19987	1988.0	1988.0
13685	15	9443	1988.0	1988.0
40136	3	21157	1988.0	1988.0
41681	15	7429	1988.0	1988.0
11114	16	2873	1988.0	1988.0
7081	16	16568	1988.0	1988.0
32271	1	113	1988.0	1988.0
9836	15	7846	1988.0	1988.0
460	15	3034	1988.0	1988.0
26902	15	7846	1988.0	1988.0
28721	3	5095	1988.0	1988.0
17314	30	2984	1988.0	1988.0
3526	32	12797	1988.0	1988.0
33642	14	32596	1988.0	1988.0
10307	3	1017	1988.0	1988.0
5204	30	35732	1988.0	1988.0
30303	14	14421	1988.0	1988.0
56	16	7686	1988.0	1988.0
56	16	4558	1988.0	1988.0
10476	15	35595	1988.0	1988.0
24336	30	4135	1988.0	1988.0
39426	4	3570	1988.0	1988.0
4135	15	24336	1988.0	1988.0
1019	30	20767	1988.0	1988.0
32039	33	7967	1988.0	1988.0
461	30	2352	1988.0	1988.0
2804	30	3353	1988.0	1988.0
7828	32	2966	1988.0	1988.0
14076	15	41994	1988.0	1988.0
173	30	8207	1988.0	1988.0
32819	32	32040	1988.0	1988.0
5179	32	4877	1988.0	1988.0
32106	3	8769	1988.0	1988.0
7593	16	3696	1988.0	1988.0
21836	16	3696	1988.0	1988.0
124	30	6002	1988.0	1988.0
283	30	18029	1988.0	1988.0
6905	17	11604	1988.0	1988.0
28636	3	39856	1988.0	1988.0
4558	30	56	1988.0	1988.0
124	30	14468	1988.0	1988.0
124	30	24117	1988.0	1988.0
34645	16	1487	1988.0	1988.0
33644	18	1336	1988.0	1988.0
5868	15	13785	1988.0	1988.0
16687	32	18653	1988.0	1988.0
42043	3	22586	1988.0	1988.0
16687	32	10768	1988.0	1988.0
4558	30	13526	1988.0	1988.0
13188	16	2873	1988.0	1988.0
42043	3	1107	1988.0	1988.0
21149	15	9053	1988.0	1988.0
35469	3	16596	1988.0	1988.0
3118	30	14357	1988.0	1988.0
5894	30	6521	1988.0	1988.0
2481	3	1341	1988.0	1988.0
23677	15	1650	1988.0	1988.0
5894	30	3303	1988.0	1988.0
23677	25	142	1988.0	1988.0
5894	30	11650	1988.0	1988.0
3861	3	31523	1988.0	1988.0
23506	4	1297	1988.0	1988.0
3646	4	1297	1988.0	1988.0
29365	15	31732	1988.0	1988.0
16455	16	2902	1988.0	1988.0
1644	15	1664	1988.0	1988.0
27138	15	38666	1988.0	1988.0
18507	32	32531	1988.0	1988.0
16455	15	2902	1988.0	1988.0
14357	15	5059	1988.0	1988.0
6630	16	8521	1988.0	1988.0
11686	15	30700	1988.0	1988.0
18653	32	16687	1988.0	1988.0
42213	17	4046	1988.0	1988.0
1178	15	7209	1988.0	1988.0
31866	3	6944	1988.0	1988.0
459	30	458	1988.0	1988.0
4359	30	23681	1988.0	1988.0
2716	30	20867	1988.0	1988.0
2510	30	8981	1988.0	1988.0
35897	15	869	1988.0	1988.0
14010	31	13	1988.0	1988.0
20661	15	36670	1988.0	1988.0
21104	41	4374	1988.0	1988.0
19559	16	1504	1988.0	1988.0
4031	3	4315	1988.0	1988.0
20468	41	4374	1988.0	1988.0
290	30	14699	1988.0	1988.0
38415	3	2306	1988.0	1988.0
27033	30	39470	1988.0	1988.0
2966	32	7828	1988.0	1988.0
31142	15	451	1988.0	1988.0
6002	15	124	1988.0	1988.0
9048	30	28075	1988.0	1988.0
2352	15	3034	1988.0	1988.0
15905	41	3698	1988.0	1988.0
26034	21	2176	1988.0	1988.0
32021	3	700	1988.0	1988.0
28447	15	14389	1988.0	1988.0
31578	15	22110	1988.0	1988.0
38475	18	1336	1988.0	1988.0
20867	15	2716	1988.0	1988.0
18020	15	7157	1988.0	1988.0
3748	32	2147	1988.0	1988.0
3182	41	1339	1988.0	1988.0
20001	30	21634	1988.0	1988.0
27697	15	39723	1988.0	1988.0
3748	32	144	1988.0	1988.0
28572	15	39156	1988.0	1988.0
13685	25	6087	1988.0	1988.0
37327	15	14466	1988.0	1988.0
11411	30	40124	1988.0	1988.0
2895	30	15375	1988.0	1988.0
3047	17	21103	1988.0	1988.0
36502	15	7998	1988.0	1988.0
33117	3	5273	1988.0	1988.0
11433	16	31905	1988.0	1988.0
24157	15	1249	1988.0	1988.0
13665	32	2311	1988.0	1988.0
4893	15	4131	1988.0	1988.0
5785	32	14843	1988.0	1988.0
24650	71	3977	1988.0	1988.0
41994	30	14076	1988.0	1988.0
25939	16	7815	1988.0	1988.0
8630	32	9774	1988.0	1988.0
2178	30	18169	1988.0	1988.0
8123	16	2491	1988.0	1988.0
27210	15	7853	1988.0	1988.0
9881	21	75	1988.0	1988.0
17628	16	19860	1988.0	1988.0
17628	15	19860	1988.0	1988.0
8630	32	6480	1988.0	1988.0
2902	30	6633	1988.0	1988.0
17346	15	3034	1988.0	1988.0
36960	30	11709	1988.0	1988.0
7815	30	19524	1988.0	1988.0
8630	32	144	1988.0	1988.0
23887	31	673	1988.0	1988.0
42538	15	33842	1988.0	1988.0
42541	15	14466	1988.0	1988.0
11149	14	12741	1988.0	1988.0
19524	15	7815	1988.0	1988.0
15589	15	14466	1988.0	1988.0
26001	16	57	1988.0	1988.0
19524	16	7815	1988.0	1988.0
17388	4	2606	1988.0	1988.0
35319	4	37078	1988.0	1988.0
15807	33	364	1988.0	1988.0
35732	16	5204	1988.0	1988.0
3122	15	3034	1988.0	1988.0
41656	15	42575	1988.0	1988.0
12490	16	3982	1988.0	1988.0
32778	15	3998	1988.0	1988.0
35732	15	5204	1988.0	1988.0
3785	32	2540	1988.0	1988.0
5029	3	19542	1988.0	1988.0
10503	16	31905	1988.0	1988.0
14105	15	1831	1988.0	1988.0
14105	16	1831	1988.0	1988.0
37207	15	4335	1988.0	1988.0
4335	30	37207	1988.0	1988.0
13457	16	752	1988.0	1988.0
7486	16	7487	1988.0	1988.0
14468	15	124	1988.0	1988.0
38602	3	6724	1988.0	1988.0
4623	16	229	1988.0	1988.0
21942	16	18130	1988.0	1988.0
24134	3	4248	1988.0	1988.0
2232	16	2231	1988.0	1988.0
10221	32	4317	1988.0	1988.0
2345	16	1487	1988.0	1988.0
2232	15	2231	1988.0	1988.0
36802	15	26834	1988.0	1988.0
4623	16	1504	1988.0	1988.0
32568	15	14466	1988.0	1988.0
3998	30	32778	1988.0	1988.0
2231	30	2232	1988.0	1988.0
5059	30	14357	1988.0	1988.0
40724	17	28260	1988.0	1988.0
18354	15	7638	1988.0	1988.0
40567	17	4046	1988.0	1988.0
36802	21	2901	1988.0	1988.0
31467	15	7434	1988.0	1988.0
4124	4	4125	1988.0	1989.0
17388	4	17389	1988.0	1989.0
28995	4	2214	1988.0	1989.0
35654	4	31597	1988.0	1989.0
39426	4	10731	1988.0	1989.0
16434	4	2106	1988.0	1989.0
26869	4	2214	1988.0	1989.0
40684	33	6437	1988.0	1989.0
1324	4	31597	1988.0	1989.0
23506	4	510	1988.0	1989.0
11623	170	10374	1988.0	1989.0
15175	4	29638	1988.0	1989.0
7679	4	6587	1988.0	1989.0
10011	41	1092	1988.0	1989.0
22414	41	3698	1988.0	1989.0
15883	4	1343	1988.0	1989.0
4973	4	4974	1988.0	1990.0
6183	4	6184	1988.0	1990.0
22578	4	25455	1988.0	1990.0
16321	4	8812	1988.0	1990.0
15807	14	2449	1988.0	1990.0
33559	4	2480	1988.0	1990.0
29746	14	18784	1988.0	1990.0
20179	9	19064	1988.0	1990.0
33117	25	6919	1988.0	1990.0
23375	4	18708	1988.0	1990.0
9881	21	6246	1988.0	1990.1003
29725	3	29726	1988.0	1991.0
10451	4	16897	1988.0	1991.0
13429	17	728	1988.0	1991.0
23633	4	11043	1988.0	1991.0
3573	14	330	1988.0	1991.0
5807	46	19482	1988.0	1991.1224
30219	3	700	1988.0	1992.0
20749	3	688	1988.0	1992.0
2213	4	4991	1988.0	1992.0
31540	43	15470	1988.0	1992.0
39308	14	4718	1988.0	1992.0
34797	41	947	1988.0	1992.0
37483	3	25472	1988.0	1993.0
16739	4	24736	1988.0	1993.0
23787	4	2094	1988.0	1993.0
40564	41	1339	1988.0	1993.0
14753	3	31397	1988.0	1993.0
15969	3	20739	1988.0	1993.0
16610	4	3671	1988.0	1993.0
12151	3	25572	1988.0	1993.0
34080	41	1092	1988.0	1993.0
30592	3	13775	1988.0	1994.0
41257	3	31017	1988.0	1994.0
25550	14	19951	1988.0	1994.0
21158	4	510	1988.0	1994.0
34420	41	17347	1988.0	1994.0
1921	4	12862	1988.0	1996.0
32309	3	4315	1988.0	1996.0
4498	4	3671	1988.0	1996.0
13166	4	22186	1988.0	1997.0
32177	14	8950	1988.0	1998.0
25490	41	13455	1988.0	1998.0
41220	4	221	1988.0	1998.0
27098	46	28395	1988.0	2000.0
12254	25	804	1988.0	2001.0
21904	19	21905	1988.0	2002.0
38556	9	32181	1988.0	2002.0
15349	4	260	1988.0	2002.0
21905	19	21904	1988.0	2002.0
22839	41	3698	1988.0	2002.0
9558	33	7104	1988.0	2006.0
42552	19	10038	1988.0	2007.0
3861	46	4793	1988.0	2010.0
3196	46	11488	1988.0	2010.0
13464	46	8178	1988.0	2013.0
1921	15	1922	1988.0101	1988.0101
5309	4	5307	1988.0101	1988.0101
3094	32	5473	1988.0101	1988.0101
5067	4	8542	1988.0101	1988.0101
13367	15	655	1988.0101	1988.0101
2148	32	2147	1988.0101	1988.0101
20231	15	20232	1988.0101	1988.0101
21663	4	8926	1988.0101	1988.0101
4893	16	337	1988.0101	1988.0101
1861	15	1249	1988.0101	1988.0101
1504	30	19559	1988.0101	1988.0101
1328	4	16475	1988.0101	1988.0101
28339	4	5946	1988.0101	1988.0101
14226	18	876	1988.0101	1988.0101
29848	19	14611	1988.0101	1988.0101
8474	4	11868	1988.0101	1988.0101
23329	4	13590	1988.0101	1988.0101
25709	15	5967	1988.0101	1988.0101
32531	32	18507	1988.0101	1988.0101
32791	3	32792	1988.0101	1988.0101
18772	71	9957	1988.0101	1988.0101
25920	4	21308	1988.0101	1988.0101
11289	4	4094	1988.0101	1988.0101
25067	15	26104	1988.0101	1988.0101
34450	4	9155	1988.0101	1988.0101
1560	32	3094	1988.0101	1988.0101
3688	15	20665	1988.0101	1988.0101
36115	15	655	1988.0101	1988.0101
2352	15	461	1988.0101	1988.0101
3228	18	876	1988.0101	1988.0101
26902	15	3939	1988.0101	1988.0101
36468	155	32955	1988.0101	1988.0101
4396	15	27463	1988.0101	1988.0101
19375	15	5730	1988.0101	1988.0101
6220	15	315	1988.0101	1988.0101
16844	4	15395	1988.0101	1988.0101
4747	15	19410	1988.0101	1988.0101
25595	15	6694	1988.0101	1988.0101
26368	4	2471	1988.0101	1988.0101
30655	15	28197	1988.0101	1988.0101
2311	32	13665	1988.0101	1988.0101
32040	32	32819	1988.0101	1988.0101
4369	4	12014	1988.0101	1988.0101
27459	3	5626	1988.0101	1988.0101
20327	4	2949	1988.0101	1988.0101
14619	15	35627	1988.0101	1988.0101
24485	4	15611	1988.0101	1988.0101
2540	32	3785	1988.0101	1988.0101
13486	4	35263	1988.0101	1988.0101
20228	15	1201	1988.0101	1988.0101
31839	71	3977	1988.0101	1988.0101
26160	4	4753	1988.0101	1988.0101
37445	15	24110	1988.0101	1988.0101
39208	15	7853	1988.0101	1988.0101
997	32	4325	1988.0101	1988.0101
5861	15	15594	1988.0101	1988.0101
1328	4	1744	1988.0101	1988.0101
8491	15	21256	1988.0101	1988.0101
18506	16	503	1988.0101	1988.0101
39528	15	14223	1988.0101	1988.0101
26318	15	31639	1988.0101	1988.0101
38274	15	8303	1988.0101	1988.0101
26807	14	29557	1988.0101	1988.0101
4877	32	5179	1988.0101	1988.0101
30507	15	2287	1988.0101	1988.0101
7195	4	4753	1988.0101	1988.0101
17480	4	14744	1988.0101	1988.0101
36972	16	524	1988.0101	1988.0101
14972	4	22520	1988.0101	1988.0101
2795	15	16734	1988.0101	1988.0101
29971	15	6370	1988.0101	1988.0101
39391	4	12513	1988.0101	1988.0101
1328	4	5937	1988.0101	1988.0101
8872	4	10861	1988.0101	1988.0101
33753	15	30184	1988.0101	1988.0101
3735	15	655	1988.0101	1988.0101
28939	15	234	1988.0101	1988.0101
26160	4	3596	1988.0101	1988.0101
26086	3	24639	1988.0101	1988.0101
2998	15	14740	1988.0101	1988.0101
10379	4	16090	1988.0101	1988.0101
27209	4	8929	1988.0101	1988.0101
20272	4	4176	1988.0101	1988.0101
11650	15	5894	1988.0101	1988.0101
25863	4	20206	1988.0101	1988.0101
31839	14	8044	1988.0101	1988.0101
10644	4	29221	1988.0101	1988.0101
12577	32	12576	1988.0101	1988.0101
20231	15	6846	1988.0101	1988.0101
39992	15	8277	1988.0101	1988.0101
9035	16	503	1988.0101	1988.0101
39470	15	27033	1988.0101	1988.0101
25709	15	3348	1988.0101	1988.0101
14843	32	5785	1988.0101	1988.0101
17752	15	8277	1988.0101	1988.0101
25920	4	1120	1988.0101	1988.0101
28562	15	28397	1988.0101	1988.0101
20458	15	15428	1988.0101	1988.0101
2147	32	3748	1988.0101	1988.0101
7502	15	4363	1988.0101	1988.0101
23486	15	34693	1988.0101	1988.0101
3214	15	6846	1988.0101	1988.0101
29330	4	4807	1988.0101	1988.0101
7722	4	41750	1988.0101	1988.0101
30934	15	5894	1988.0101	1988.0101
32491	4	11520	1988.0101	1988.0101
22962	15	7503	1988.0101	1988.0101
20366	15	3939	1988.0101	1988.0101
4397	32	8761	1988.0101	1988.0101
12085	32	20750	1988.0101	1988.0101
15942	15	225	1988.0101	1988.0101
2977	15	4847	1988.0101	1988.0101
10768	32	16687	1988.0101	1988.0101
4369	4	16617	1988.0101	1988.0101
21316	4	172	1988.0101	1988.0101
2612	15	3493	1988.0101	1988.0101
25632	15	4433	1988.0101	1988.0101
5473	32	3094	1988.0101	1988.0101
2352	15	4740	1988.0101	1988.0101
31730	15	655	1988.0101	1988.0101
11394	15	2575	1988.0101	1988.0101
2352	15	3730	1988.0101	1988.0101
20926	15	38171	1988.0101	1988.0101
144	32	8630	1988.0101	1988.0101
3094	32	1560	1988.0101	1988.0101
6521	15	5894	1988.0101	1988.0101
37944	18	876	1988.0101	1988.0101
1302	32	1850	1988.0101	1988.0101
7852	15	42124	1988.0101	1988.0101
12797	32	3526	1988.0101	1988.0101
18959	16	337	1988.0101	1988.0101
14060	71	856	1988.0101	1988.0101
37937	15	655	1988.0101	1988.0101
42489	4	10368	1988.0101	1988.0101
10219	4	30159	1988.0101	1988.0101
6438	15	11897	1988.0101	1988.0101
10932	14	1139	1988.0101	1988.0101
14069	15	8277	1988.0101	1988.0101
9774	32	8630	1988.0101	1988.0101
1861	15	1501	1988.0101	1988.0101
15380	4	23287	1988.0101	1988.0101
711	16	337	1988.0101	1988.0101
21663	4	21895	1988.0101	1988.0101
19193	4	25794	1988.0101	1988.0101
34165	15	26594	1988.0101	1988.0101
28852	15	8624	1988.0101	1988.0101
9701	4	11020	1988.0101	1989.0101
21781	4	15276	1988.0101	1989.0101
25180	4	9258	1988.0101	1989.0101
16302	4	15845	1988.0101	1989.0101
22893	4	1565	1988.0101	1989.0101
30306	4	29983	1988.0101	1989.0101
17049	4	4936	1988.0101	1989.0101
31919	4	7572	1988.0101	1989.0101
32491	4	3555	1988.0101	1989.0101
1151	4	13878	1988.0101	1989.0101
0	4	21218	1988.0101	1989.0101
30415	4	27203	1988.0101	1989.0101
22923	4	32371	1988.0101	1989.0101
34872	4	27819	1988.0101	1989.0101
35284	4	35285	1988.0101	1989.0101
34656	4	413	1988.0101	1989.0101
30283	4	30284	1988.0101	1989.0101
17316	4	11884	1988.0101	1989.0101
37992	4	22216	1988.0101	1989.0101
19044	4	6679	1988.0101	1989.0101
14972	4	11927	1988.0101	1989.0101
35710	4	35509	1988.0101	1989.0101
21166	4	2135	1988.0101	1989.0101
19390	19	8809	1988.0101	1989.0101
39440	4	4960	1988.0101	1989.0101
5309	4	588	1988.0101	1989.0101
16580	4	1676	1988.0101	1989.0101
32491	4	6732	1988.0101	1989.0101
25920	4	13899	1988.0101	1989.0101
18759	4	1744	1988.0101	1989.0101
20430	4	7728	1988.0101	1989.0101
28407	4	38074	1988.0101	1989.0101
30876	4	2508	1988.0101	1989.0101
13054	4	34271	1988.0101	1989.0101
19132	4	41558	1988.0101	1989.0101
17140	4	11692	1988.0101	1989.0101
10644	4	374	1988.0101	1989.0101
10257	4	1920	1988.0101	1989.0101
18470	4	42231	1988.0101	1989.0101
33010	4	632	1988.0101	1989.0101
4613	4	41885	1988.0101	1989.0101
13524	4	5359	1988.0101	1989.0101
26910	4	15149	1988.0101	1989.0101
21316	4	15047	1988.0101	1989.0101
42299	4	10564	1988.0101	1989.0101
13370	4	12792	1988.0101	1989.0101
37502	4	5946	1988.0101	1989.0101
12873	4	3204	1988.0101	1989.0101
22336	4	16869	1988.0101	1989.0101
39993	4	14979	1988.0101	1989.0101
1041	4	20505	1988.0101	1989.0101
35650	4	5575	1988.0101	1989.0101
21655	4	2074	1988.0101	1989.0101
37132	4	17869	1988.0101	1989.0101
15572	4	10883	1988.0101	1989.0101
38734	4	135	1988.0101	1989.0101
8809	19	19390	1988.0101	1989.0214
211	25	16870	1988.0101	1989.1231
3115	4	15	1988.0101	1990.0101
5959	4	5960	1988.0101	1990.0101
7195	4	7196	1988.0101	1990.0101
10508	4	10410	1988.0101	1990.0101
17080	4	6749	1988.0101	1990.0101
18688	4	3671	1988.0101	1990.0101
22416	4	4807	1988.0101	1990.0101
22826	4	5701	1988.0101	1990.0101
19622	4	19175	1988.0101	1990.0101
28612	4	4960	1988.0101	1990.0101
30529	4	30530	1988.0101	1990.0101
29502	4	8108	1988.0101	1990.0101
8726	4	8289	1988.0101	1990.0101
11962	4	11653	1988.0101	1990.0101
32026	4	8721	1988.0101	1990.0101
21698	4	4441	1988.0101	1990.0101
26538	4	2609	1988.0101	1990.0101
26160	4	3405	1988.0101	1990.0101
37028	4	12556	1988.0101	1990.0101
35491	4	4753	1988.0101	1990.0101
5105	4	11695	1988.0101	1990.0101
16603	4	33565	1988.0101	1990.0101
16513	4	30844	1988.0101	1990.0101
12435	4	1100	1988.0101	1990.0101
24418	4	15047	1988.0101	1990.0101
15577	4	34367	1988.0101	1990.0101
25654	4	3015	1988.0101	1990.0101
41445	4	31429	1988.0101	1990.0101
9203	4	13067	1988.0101	1990.0101
30351	4	33762	1988.0101	1990.0101
31555	4	1374	1988.0101	1990.0101
38176	4	354	1988.0101	1990.0101
13721	4	7662	1988.0101	1990.0101
15919	4	9355	1988.0101	1990.0101
41278	4	178	1988.0101	1990.0101
6821	4	8368	1988.0101	1990.0101
22069	4	6216	1988.0101	1990.0101
32125	4	29983	1988.0101	1990.0101
27209	4	15156	1988.0101	1990.0101
28457	4	33565	1988.0101	1990.0101
41108	4	15	1988.0101	1990.0101
20390	4	8333	1988.0101	1990.0101
33727	4	26270	1988.0101	1990.0101
23336	4	2427	1988.0101	1990.0101
23329	4	178	1988.0101	1990.0101
7006	4	10697	1988.0101	1990.0101
7425	4	499	1988.0101	1990.0101
32521	4	8798	1988.0101	1990.0101
7014	4	2480	1988.0101	1990.0101
11366	4	3671	1988.0101	1990.0101
16579	4	15360	1988.0101	1990.0101
11289	4	6679	1988.0101	1990.0101
25964	4	29221	1988.0101	1990.0101
20710	4	3432	1988.0101	1990.0101
30459	4	5142	1988.0101	1990.0101
22652	4	42231	1988.0101	1990.0101
15282	4	7207	1988.0101	1990.0101
36379	17	953	1988.0101	1990.0101
11389	4	7832	1988.0101	1990.0101
16390	4	321	1988.0101	1990.0101
12183	4	19671	1988.0101	1990.0101
36143	4	9469	1988.0101	1990.0101
4842	14	15712	1988.0101	1990.0101
10285	4	5591	1988.0101	1990.0101
5207	4	616	1988.0101	1990.0101
3903	4	3904	1988.0101	1991.0101
12250	4	12251	1988.0101	1991.0101
20440	4	25849	1988.0101	1991.0101
29568	4	28563	1988.0101	1991.0101
5021	19	22454	1988.0101	1991.0101
11524	4	3638	1988.0101	1991.0101
21703	4	33386	1988.0101	1991.0101
2093	4	2094	1988.0101	1991.0101
17236	4	3015	1988.0101	1991.0101
33541	4	25647	1988.0101	1991.0101
3384	4	33868	1988.0101	1991.0101
9325	4	38758	1988.0101	1991.0101
1936	4	22846	1988.0101	1991.0101
14210	4	2315	1988.0101	1991.0101
7149	4	11084	1988.0101	1991.0101
3240	4	15881	1988.0101	1991.0101
21384	4	32371	1988.0101	1991.0101
37225	4	15190	1988.0101	1991.0101
29330	4	2043	1988.0101	1991.0101
714	4	38656	1988.0101	1991.0101
6889	4	16700	1988.0101	1991.0101
41720	4	18621	1988.0101	1991.0101
26368	4	13042	1988.0101	1991.0101
40055	4	4580	1988.0101	1991.0101
34266	4	6679	1988.0101	1991.0101
12391	4	28024	1988.0101	1991.0101
27396	4	3691	1988.0101	1991.0101
37028	18	194	1988.0101	1991.0101
9320	4	13055	1988.0101	1991.0101
5702	4	3541	1988.0101	1991.0101
17193	4	3325	1988.0101	1991.0101
23937	4	5660	1988.0101	1991.0101
36845	4	260	1988.0101	1991.0101
26831	4	288	1988.0101	1991.0101
22285	4	4160	1988.0101	1991.0101
13792	4	5134	1988.0101	1991.0101
22454	19	5021	1988.0101	1991.0101
4151	4	8548	1988.0101	1991.0101
28171	4	28898	1988.0101	1991.0101
15209	4	12874	1988.0101	1991.0101
16528	4	16529	1988.0101	1992.0101
10137	4	720	1988.0101	1992.0101
31754	4	17724	1988.0101	1992.0101
31898	4	26854	1988.0101	1992.0101
5139	4	588	1988.0101	1992.0101
21521	4	28250	1988.0101	1992.0101
26145	4	26854	1988.0101	1992.0101
11519	4	468	1988.0101	1992.0101
36811	4	30424	1988.0101	1992.0101
22976	4	6470	1988.0101	1992.0101
21409	4	10678	1988.0101	1992.0101
22334	4	15	1988.0101	1992.0101
8279	4	29983	1988.0101	1992.0101
17548	4	429	1988.0101	1992.0101
14732	4	17724	1988.0101	1992.0101
15557	4	34367	1988.0101	1992.0101
14396	4	5145	1988.0101	1992.0101
19683	4	14889	1988.0101	1992.0101
22901	4	21252	1988.0101	1993.0101
18979	4	23532	1988.0101	1993.0101
28412	41	3626	1988.0101	1993.0101
6767	41	6768	1988.0101	1993.0101
25954	4	14469	1988.0101	1993.0101
11567	4	8333	1988.0101	1993.0101
16932	4	2928	1988.0101	1993.0101
11525	4	28502	1988.0101	1993.0101
12544	4	8542	1988.0101	1993.0101
31059	4	20680	1988.0101	1993.0101
20183	4	588	1988.0101	1993.0101
9701	4	10883	1988.0101	1993.0101
20287	4	25977	1988.0101	1993.0101
36832	4	7931	1988.0101	1993.0101
13581	4	5706	1988.0101	1993.0101
33217	4	17133	1988.0101	1993.0101
7722	4	2135	1988.0101	1994.0101
24104	4	2928	1988.0101	1994.0101
11265	4	8548	1988.0101	1994.0101
34512	4	1374	1988.0101	1994.0101
22683	4	1920	1988.0101	1994.0101
25049	4	10958	1988.0101	1994.0101
10644	4	1003	1988.0101	1994.0101
8324	4	937	1988.0101	1994.0101
19853	4	11745	1988.0101	1994.0101
17887	14	2585	1988.0101	1994.0101
36951	4	2809	1988.0101	1994.0101
36220	4	5706	1988.0101	1994.0101
2462	4	882	1988.0101	1995.0101
8057	4	10958	1988.0101	1995.0101
22826	4	7931	1988.0101	1995.0101
35945	4	684	1988.0101	1995.0101
14000	4	15129	1988.0101	1995.0101
9985	4	13612	1988.0101	1995.0101
37266	4	18027	1988.0101	1995.0101
25680	4	260	1988.0101	1995.0101
14031	4	14032	1988.0101	1996.0101
10365	4	1128	1988.0101	1996.0101
4523	4	30214	1988.0101	1996.0101
13025	4	12414	1988.0101	1996.0101
36845	4	1374	1988.0101	1996.0101
3670	4	2609	1988.0101	1996.0101
21658	18	876	1988.0101	1996.0101
2073	4	10378	1988.0101	1996.0101
32286	19	6695	1988.0101	1996.0101
6695	19	32286	1988.0101	1996.0101
27002	41	3626	1988.0101	1997.0101
3907	4	4475	1988.0101	1997.0101
5139	4	1766	1988.0101	1998.0101
25680	4	429	1988.0101	1998.0101
7014	4	4125	1988.0101	1998.0101
27624	19	28802	1988.0101	1999.0101
11979	4	91	1988.0101	2000.0101
33559	4	4125	1988.0101	2000.0101
6111	4	376	1988.0101	2000.0101
20609	4	33868	1988.0101	2001.0101
9370	4	5706	1988.0101	2002.0101
39418	4	1766	1988.0101	2002.0101
41573	18	876	1988.0101	2003.0
15923	19	8428	1988.0101	2003.0101
21878	4	24519	1988.0101	2003.0101
2610	18	194	1988.0101	2003.0101
8428	19	15923	1988.0101	2003.0101
23864	4	260	1988.0101	2004.0101
10038	19	42552	1988.0101	2007.0101
34503	19	41199	1988.0101	2009.0101
16394	19	39295	1988.0101	2009.0101
22878	43	33361	1988.0101	2009.0101
39295	19	16394	1988.0101	2009.0101
33361	43	22878	1988.0101	2009.0101
41199	19	34503	1988.0101	2009.0101
36011	17	28260	1988.0101	2014.0101
4437	70	214	1988.0108	1992.0107
7647	14	7648	1988.011	1988.011
14400	15	1249	1988.0112	1988.0112
1087	62	1884	1988.0113	2000.052
1884	41	21470	1988.0113	2000.052
14828	32	39520	1988.0125	1988.0125
39520	32	14828	1988.0125	1988.0125
9807	70	34229	1988.0215	1988.0215
16197	32	22295	1988.0218	1988.0218
22295	32	16197	1988.0218	1988.0218
8874	15	2034	1988.0219	1988.0219
1805	93	35160	1988.0221	1998.1207
9768	32	5700	1988.0224	1988.0224
17117	41	4466	1988.0225	1993.0224
1331	62	17117	1988.0225	1993.0224
2516	21	75	1988.0316	1990.1003
9090	17	4805	1988.04	1988.04
24834	32	1156	1988.0405	1988.0405
17289	32	6778	1988.0411	1988.0411
6778	32	17289	1988.0411	1988.0411
13	25	3136	1988.0412	1988.0412
365	25	3136	1988.0412	1988.0412
2901	25	3136	1988.0412	1988.0412
6102	25	3136	1988.0412	1988.0412
796	25	3136	1988.0412	1988.0412
1331	25	3136	1988.0412	1988.0412
2029	25	3136	1988.0412	1988.0412
613	25	3136	1988.0412	1988.0412
440	25	3136	1988.0412	1988.0412
11441	25	3136	1988.0412	1988.0412
1736	25	3136	1988.0412	1988.0412
2429	25	3136	1988.0412	1988.0412
5078	25	3136	1988.0412	1988.0412
715	25	3136	1988.0412	1988.0412
3238	25	3136	1988.0412	1988.0412
637	25	3136	1988.0412	1988.0412
10310	25	3136	1988.0412	1988.0412
364	25	3136	1988.0412	1988.0412
484	25	3136	1988.0412	1988.0412
475	25	3136	1988.0412	1988.0412
3	70	27253	1988.0413	1989.0722
8364	15	1772	1988.0418	1988.0418
453	25	3136	1988.0421	1988.0421
7481	25	3136	1988.0429	1988.0429
3	25	3136	1988.0429	1988.0429
83	25	3136	1988.0429	1988.0429
24302	19	32598	1988.0429	1993.0
32598	19	24302	1988.0429	1993.0
9035	19	10969	1988.043	1988.043
641	25	3136	1988.043	1988.043
10969	19	9035	1988.043	1988.043
18824	18	876	1988.0501	2002.0
3476	32	3477	1988.0503	1988.0503
12017	32	3476	1988.0503	1988.0503
3477	32	3476	1988.0503	1988.0503
3476	32	12017	1988.0503	1988.0503
18761	41	21204	1988.051	1991.0515
18761	41	21204	1988.051	1995.0515
13094	41	9884	1988.051	2004.0912
332	32	13859	1988.0516	1988.0516
1661	25	3136	1988.0527	1988.0527
22151	32	12452	1988.053	1988.053
12452	32	22151	1988.053	1988.053
5040	25	3136	1988.0603	1988.0603
4782	25	3136	1988.0606	1988.0606
1286	25	3136	1988.0606	1988.0606
4010	25	3136	1988.0607	1988.0607
9020	25	3136	1988.0607	1988.0607
9616	32	7254	1988.061	1988.061
10	4	1550	1988.0611	1989.0121
10164	25	7667	1988.0611	2012.0515
28414	41	296	1988.0612	1993.0401
8077	15	336	1988.0613	1988.0613
8077	15	197	1988.0613	1988.0613
42499	33	1380	1988.0613	2000.1025
16929	25	652	1988.0616	1988.0616
42592	4	25112	1988.0619	1991.0709
5911	93	27	1988.0621	1991.0203
18761	41	296	1988.0623	1988.0624
12953	41	296	1988.0623	1988.0629
16070	41	296	1988.0623	1988.0728
19051	41	296	1988.0623	1988.0729
16677	41	296	1988.0623	1991.0516
2618	41	296	1988.0623	1991.0617
571	9	5944	1988.0623	1992.0121
3625	41	3626	1988.0623	1993.0401
2420	41	296	1988.0623	1993.0401
918	41	296	1988.0623	1993.0401
23664	41	296	1988.0623	1993.0401
25604	41	296	1988.0623	1993.0401
14147	41	296	1988.0623	1993.0401
7100	41	296	1988.0623	1993.0401
8275	41	296	1988.0623	1993.0401
13176	41	296	1988.0623	1993.0401
25234	41	296	1988.0623	1993.0401
2149	41	296	1988.0623	1993.0401
5944	41	296	1988.0623	1993.0401
2719	41	296	1988.0623	1993.0401
10810	41	296	1988.0623	1993.0401
27812	41	296	1988.0623	1993.0401
29130	41	296	1988.0623	1993.0401
15766	41	296	1988.0623	1993.0401
1004	41	296	1988.0623	1993.0401
21857	41	296	1988.0623	1993.0401
10082	41	296	1988.0623	1993.0401
4552	41	296	1988.0623	1993.0401
23349	41	296	1988.0623	1993.0401
26766	41	296	1988.0623	1993.0401
10021	41	296	1988.0623	1993.0401
18357	41	296	1988.0623	1993.0401
859	41	296	1988.0623	1993.0401
26454	41	296	1988.0623	1993.0401
18360	41	296	1988.0623	1993.0401
23124	41	296	1988.0623	1993.0401
11260	41	296	1988.0623	1993.0401
810	41	296	1988.0623	1993.0401
34885	41	296	1988.0623	1993.0401
1076	41	296	1988.0623	1993.0401
8299	41	296	1988.0623	1993.0401
29801	41	296	1988.0623	1993.0401
11951	41	296	1988.0623	1993.0401
13173	41	296	1988.0623	1993.0401
20761	84	20762	1988.0701	1988.0701
2406	32	1136	1988.0701	1988.0701
39421	84	20762	1988.0701	1988.0701
10679	84	20762	1988.0701	1988.0701
1136	32	2406	1988.0701	1988.0701
18110	84	20762	1988.0701	1988.0701
27499	84	20762	1988.0701	1988.0701
28745	84	20762	1988.0701	1988.0701
21517	84	20762	1988.0701	1988.0701
10039	93	4123	1988.0701	1994.0813
10062	32	26080	1988.0714	1988.0714
3800	25	3136	1988.0727	1988.0727
9897	32	16310	1988.081	1988.081
19714	14	19715	1988.09	1995.12
822	32	6653	1988.0903	1988.0903
6653	32	822	1988.0903	1988.0903
14611	19	29848	1988.0904	1988.0904
3717	15	820	1988.0905	1988.0905
28802	19	27624	1988.0918	1999.0526
22843	41	296	1988.0919	1993.0401
4317	32	10221	1988.0926	1988.0926
19200	38	368	1988.1	1988.1
9605	17	4046	1988.1001	1988.1001
2301	32	12622	1988.1003	1988.1003
12622	32	2301	1988.1003	1988.1003
716	70	9108	1988.1003	1990.0615
2482	25	3136	1988.1007	1988.1007
4157	15	7851	1988.1101	1988.1101
7027	25	3136	1988.1102	1988.1102
383	32	332	1988.1104	1988.1104
332	32	383	1988.1104	1988.1104
7327	155	32955	1988.1104	1989.0116
10708	32	16886	1988.1108	1988.1108
7104	32	10708	1988.1108	1988.1108
10708	32	7104	1988.1108	1988.1108
16886	32	10708	1988.1108	1988.1108
2131	66	6607	1988.1115	1988.1115
41582	21	75	1988.1121	1990.1003
22593	25	652	1988.1124	1988.1124
34299	41	10876	1988.1124	1989.1023
14801	118	26106	1988.1125	2004.1213
1777	25	3136	1988.1128	1988.1128
26219	41	16655	1988.1201	1994.113
18660	15	2257	1988.1223	1988.1223
1462	25	3136	1988.1228	1988.1228
32905	21	2031	1988.1229	2014.0531
460	15	461	1989.0	1989.0
124	30	2136	1989.0	1989.0
2804	30	2805	1989.0	1989.0
2352	15	3034	1989.0	1989.0
4623	15	173	1989.0	1989.0
4815	15	5585	1989.0	1989.0
2902	30	7766	1989.0	1989.0
11464	15	1487	1989.0	1989.0
11499	30	11500	1989.0	1989.0
12338	15	1252	1989.0	1989.0
8645	16	11625	1989.0	1989.0
3172	30	14377	1989.0	1989.0
15682	16	524	1989.0	1989.0
5515	15	4740	1989.0	1989.0
6320	3	1017	1989.0	1989.0
284	15	5585	1989.0	1989.0
13295	15	5585	1989.0	1989.0
3437	16	2873	1989.0	1989.0
262	32	9774	1989.0	1989.0
25362	19	25363	1989.0	1989.0
25489	15	17314	1989.0	1989.0
25693	15	25694	1989.0	1989.0
25904	48	25905	1989.0	1989.0
26216	30	7987	1989.0	1989.0
17054	15	5585	1989.0	1989.0
12239	15	22760	1989.0	1989.0
11487	3	27361	1989.0	1989.0
9000	14	27364	1989.0	1989.0
9992	30	11464	1989.0	1989.0
28190	30	28191	1989.0	1989.0
4740	30	5515	1989.0	1989.0
2390	32	11620	1989.0	1989.0
28778	3	16493	1989.0	1989.0
29085	15	7064	1989.0	1989.0
19205	15	451	1989.0	1989.0
24721	3	14293	1989.0	1989.0
29870	16	11411	1989.0	1989.0
5501	30	18772	1989.0	1989.0
7445	16	9992	1989.0	1989.0
29085	16	7064	1989.0	1989.0
15989	15	5585	1989.0	1989.0
4341	30	23278	1989.0	1989.0
31435	15	451	1989.0	1989.0
4805	15	25588	1989.0	1989.0
12006	16	4540	1989.0	1989.0
2716	30	3208	1989.0	1989.0
32105	21	75	1989.0	1989.0
9361	15	1772	1989.0	1989.0
4558	30	13526	1989.0	1989.0
5175	41	2973	1989.0	1989.0
19353	15	21361	1989.0	1989.0
16321	4	4423	1989.0	1989.0
11500	16	11499	1989.0	1989.0
19805	116	10324	1989.0	1989.0
11997	15	5585	1989.0	1989.0
27135	41	947	1989.0	1989.0
4570	30	23633	1989.0	1989.0
4558	30	4714	1989.0	1989.0
18913	14	6559	1989.0	1989.0
34336	15	451	1989.0	1989.0
24492	17	12707	1989.0	1989.0
6683	14	9817	1989.0	1989.0
5411	32	105	1989.0	1989.0
35804	15	869	1989.0	1989.0
12699	16	5305	1989.0	1989.0
21087	3	18180	1989.0	1989.0
21361	30	23035	1989.0	1989.0
15914	15	34454	1989.0	1989.0
21361	30	19353	1989.0	1989.0
460	15	3034	1989.0	1989.0
461	30	460	1989.0	1989.0
36361	30	7715	1989.0	1989.0
14909	25	142	1989.0	1989.0
36513	71	3977	1989.0	1989.0
37140	16	1210	1989.0	1989.0
5116	15	3620	1989.0	1989.0
4575	15	29823	1989.0	1989.0
5738	16	503	1989.0	1989.0
75	109	17589	1989.0	1989.0
18841	20	5127	1989.0	1989.0
14105	16	11625	1989.0	1989.0
38038	17	21103	1989.0	1989.0
4623	16	173	1989.0	1989.0
5902	16	524	1989.0	1989.0
25363	19	25362	1989.0	1989.0
183	32	9807	1989.0	1989.0
14357	15	5059	1989.0	1989.0
19424	15	3304	1989.0	1989.0
4558	30	16935	1989.0	1989.0
17346	15	3034	1989.0	1989.0
22259	15	39203	1989.0	1989.0
1823	16	16339	1989.0	1989.0
33425	3	6803	1989.0	1989.0
18519	15	7064	1989.0	1989.0
5739	30	39750	1989.0	1989.0
6055	25	3136	1989.0	1989.0
10710	30	10906	1989.0	1989.0
22000	16	11625	1989.0	1989.0
29870	16	14106	1989.0	1989.0
33227	15	20051	1989.0	1989.0
24547	17	8816	1989.0	1989.0
14328	32	8424	1989.0	1989.0
37140	16	503	1989.0	1989.0
14377	15	3172	1989.0	1989.0
124	30	14359	1989.0	1989.0
8146	14	939	1989.0	1989.0
25904	48	25905	1989.0	1989.0
1594	15	8824	1989.0	1989.0
3158	25	15544	1989.0	1989.0
14377	16	1026	1989.0	1989.0
4359	30	15904	1989.0	1989.0
1324	4	3312	1989.0	1989.0
10797	14	3232	1989.0	1989.0
6938	32	81	1989.0	1989.0
5486	3	17017	1989.0	1989.0
16431	21	211	1989.0	1989.0
41220	15	4335	1989.0	1989.0
11527	59	7318	1989.0	1989.0
3628	30	3627	1989.0	1989.0
29823	30	4575	1989.0	1989.0
23035	15	21361	1989.0	1989.0
25489	16	229	1989.0	1989.0
41677	41	1339	1989.0	1989.0
10832	30	9576	1989.0	1989.0
24325	15	35595	1989.0	1989.0
30626	4	31799	1989.0	1989.0
26216	30	32190	1989.0	1989.0
11863	4	7291	1989.0	1989.0
1324	4	816	1989.0	1989.0
26544	3	15579	1989.0	1989.0
36760	4	10731	1989.0	1989.0
5204	30	30557	1989.0	1989.0
9752	15	9072	1989.0	1989.0
26869	4	11323	1989.0	1989.0
3252	16	7064	1989.0	1989.0
27952	3	5552	1989.0	1989.0
13102	30	33078	1989.0	1989.0
10496	21	613	1989.0	1989.0
1019	30	8809	1989.0	1989.0
3252	16	10772	1989.0	1989.0
13622	15	503	1989.0	1989.0
17996	3	5616	1989.0	1989.0
27139	15	16335	1989.0	1989.0
16798	15	2351	1989.0	1989.0
25489	16	17314	1989.0	1989.0
173	30	4623	1989.0	1989.0
21476	16	16568	1989.0	1989.0
25489	16	7395	1989.0	1989.0
3311	4	3157	1989.0	1989.0
25489	16	11644	1989.0	1989.0
35752	33	113	1989.0	1989.0
15372	15	5585	1989.0	1989.0
21306	3	5038	1989.0	1989.0
3627	15	3628	1989.0	1989.0
109	32	8783	1989.0	1989.0
7290	15	5184	1989.0	1989.0
40124	16	40852	1989.0	1989.0
34454	30	15914	1989.0	1989.0
21850	15	3730	1989.0	1989.0
5855	32	31345	1989.0	1989.0
4558	30	8177	1989.0	1989.0
4558	30	30619	1989.0	1989.0
28361	15	31111	1989.0	1989.0
4558	30	10024	1989.0	1989.0
32846	16	1487	1989.0	1989.0
3646	4	13447	1989.0	1989.0
19553	3	28184	1989.0	1989.0
28117	32	21573	1989.0	1989.0
1700	16	229	1989.0	1989.0
10732	16	10772	1989.0	1989.0
23506	4	2214	1989.0	1989.0
21573	32	28117	1989.0	1989.0
12699	15	5305	1989.0	1989.0
10732	15	10772	1989.0	1989.0
16988	16	13404	1989.0	1989.0
3118	30	14357	1989.0	1989.0
14357	16	3118	1989.0	1989.0
2857	15	5585	1989.0	1989.0
14357	15	3118	1989.0	1989.0
33307	15	6250	1989.0	1989.0
14357	16	3243	1989.0	1989.0
9271	37	673	1989.0	1989.0
14357	16	5059	1989.0	1989.0
8962	16	7157	1989.0	1989.0
21329	15	41853	1989.0	1989.0
6630	16	8521	1989.0	1989.0
24333	17	93	1989.0	1989.0
14377	15	1026	1989.0	1989.0
14377	16	11625	1989.0	1989.0
3437	15	2873	1989.0	1989.0
24333	17	95	1989.0	1989.0
14377	16	3172	1989.0	1989.0
26063	15	451	1989.0	1989.0
5631	16	5305	1989.0	1989.0
17854	32	7586	1989.0	1989.0
26277	15	6250	1989.0	1989.0
18519	16	7064	1989.0	1989.0
4189	3	1107	1989.0	1989.0
244	32	4014	1989.0	1989.0
28696	25	1394	1989.0	1989.0
13154	17	8816	1989.0	1989.0
27841	71	6274	1989.0	1989.0
3993	30	29879	1989.0	1989.0
9589	15	10950	1989.0	1989.0
29554	3	5245	1989.0	1989.0
15995	14	9817	1989.0	1989.0
27033	30	1318	1989.0	1989.0
322	21	13	1989.0	1989.0
40993	3	26488	1989.0	1989.0
2015	30	26715	1989.0	1989.0
7715	15	36361	1989.0	1989.0
3612	16	19860	1989.0	1989.0
36998	17	8816	1989.0	1989.0
24162	37	119	1989.0	1989.0
5837	35	7495	1989.0	1989.0
23449	15	25227	1989.0	1989.0
23633	15	4570	1989.0	1989.0
7495	138	5837	1989.0	1989.0
23633	15	5184	1989.0	1989.0
16431	21	475	1989.0	1989.0
5110	21	364	1989.0	1989.0
26998	15	57	1989.0	1989.0
8725	16	2491	1989.0	1989.0
5618	16	1487	1989.0	1989.0
183	32	9993	1989.0	1989.0
3748	32	821	1989.0	1989.0
3730	30	21850	1989.0	1989.0
879	3	27515	1989.0	1989.0
7487	30	3119	1989.0	1989.0
11244	14	6449	1989.0	1989.0
5515	15	3034	1989.0	1989.0
35672	30	5010	1989.0	1989.0
29085	16	11625	1989.0	1989.0
23950	32	2163	1989.0	1989.0
10772	30	10732	1989.0	1989.0
38162	15	24526	1989.0	1989.0
11500	15	11499	1989.0	1989.0
1213	30	14243	1989.0	1989.0
891	15	31639	1989.0	1989.0
8854	160	726	1989.0	1989.0
2895	30	40124	1989.0	1989.0
18100	16	1026	1989.0	1989.0
5785	32	13310	1989.0	1989.0
36960	30	1357	1989.0	1989.0
4436	15	5585	1989.0	1989.0
2815	17	95	1989.0	1989.0
27210	15	13852	1989.0	1989.0
11906	15	29922	1989.0	1989.0
13149	16	1487	1989.0	1989.0
13149	16	17682	1989.0	1989.0
23232	15	3998	1989.0	1989.0
26001	15	17682	1989.0	1989.0
10809	15	8024	1989.0	1989.0
5870	3	1548	1989.0	1989.0
626	32	20640	1989.0	1989.0
18169	16	2666	1989.0	1989.0
3304	30	19424	1989.0	1989.0
1026	30	14377	1989.0	1989.0
12525	33	6023	1989.0	1989.0
1594	15	31571	1989.0	1989.0
30557	15	5204	1989.0	1989.0
2351	30	16798	1989.0	1989.0
23278	15	4341	1989.0	1989.0
16381	16	2491	1989.0	1989.0
18169	16	7157	1989.0	1989.0
30557	16	5204	1989.0	1989.0
14105	16	1831	1989.0	1989.0
37536	3	40592	1989.0	1989.0
16399	17	8816	1989.0	1989.0
30366	30	40124	1989.0	1989.0
18226	14	7276	1989.0	1989.0
13912	15	25835	1989.0	1989.0
8180	30	11252	1989.0	1989.0
22476	16	10772	1989.0	1989.0
29879	15	3993	1989.0	1989.0
18259	3	939	1989.0	1989.0
4335	30	41220	1989.0	1989.0
29953	71	856	1989.0	1989.0
3208	15	2716	1989.0	1989.0
18354	15	7638	1989.0	1989.0
5059	30	14357	1989.0	1989.0
37784	15	2491	1989.0	1989.0
37140	15	1210	1989.0	1989.0
39308	3	30815	1989.0	1989.0
1703	32	2937	1989.0	1989.0
29278	16	7064	1989.0	1989.0
18217	15	1772	1989.0	1989.0
21491	15	5585	1989.0	1989.0
3158	15	15544	1989.0	1989.0
10221	32	3783	1989.0	1989.0
39750	15	5739	1989.0	1989.0
3998	30	23232	1989.0	1989.0
20213	32	1833	1989.0	1989.0
9144	4	8205	1989.0	1990.0
11623	170	6021	1989.0	1990.0
75	70	1980	1989.0	1990.0
7965	41	1339	1989.0	1990.0
16434	4	28666	1989.0	1990.0
18271	18	7393	1989.0	1990.0
36760	4	15687	1989.0	1990.0
15175	4	4215	1989.0	1990.0
1788	3	3863	1989.0	1990.0
30995	4	15687	1989.0	1990.0
26869	4	16897	1989.0	1990.0
2249	14	3608	1989.0	1990.0
39426	4	38615	1989.0	1990.0
14049	4	3570	1989.0	1990.0
19224	4	28042	1989.0	1990.0
29554	41	462	1989.0	1990.0
17388	4	24505	1989.0	1990.0
747	4	2214	1989.0	1990.0
12482	4	4991	1989.0	1991.0
11719	41	15313	1989.0	1991.0
17124	9	33747	1989.0	1991.0
21051	41	947	1989.0	1991.0
7100	41	3698	1989.0	1991.0
15592	41	1092	1989.0	1991.0
28995	4	39783	1989.0	1991.0
13249	3	13213	1989.0	1992.0
24044	41	26438	1989.0	1992.0
2442	4	12185	1989.0	1992.0
5082	4	35157	1989.0	1992.0
3646	4	41390	1989.0	1992.0
25664	4	14490	1989.0	1992.0
20025	41	455	1989.0	1992.0
34681	41	11033	1989.0	1993.0
18348	3	38425	1989.0	1993.0
10740	3	25752	1989.0	1993.0
11038	14	41950	1989.0	1993.0
7495	138	15642	1989.0	1993.0
22441	4	6047	1989.0	1993.0
33765	25	804	1989.0	1994.0
11790	4	5969	1989.0	1994.0
34804	41	718	1989.0	1994.0
8699	41	718	1989.0	1994.0
589	3	3048	1989.0	1994.0
36888	3	1894	1989.0	1995.0
30190	14	3079	1989.0	1995.0
18357	41	947	1989.0	1995.0
34085	9	18053	1989.0	1995.0
10291	4	1877	1989.0	1996.0
42143	25	804	1989.0	1996.0
6214	14	20030	1989.0	1996.0
21636	19	12123	1989.0	1997.0
3228	4	29830	1989.0	1997.0
12503	4	1044	1989.0	1997.0
12123	19	21636	1989.0	1997.0
16385	9	7850	1989.0	1997.0
31608	17	1350	1989.0	1998.0
23676	46	11488	1989.0	1998.0
24132	4	11332	1989.0	1999.0
29985	41	1092	1989.0	1999.0
27873	41	11812	1989.0	1999.0
4814	33	8551	1989.0	1999.0
10318	4	3435	1989.0	1999.0
6343	4	27038	1989.0	2000.0
40254	4	13845	1989.0	2000.0
4051	4	948	1989.0	2000.0
9512	4	5431	1989.0	2001.0
23598	41	3706	1989.0	2002.0
18082	17	13001	1989.0	2002.0
20609	4	21563	1989.0	2003.0
14429	4	720	1989.0	2003.0
6324	52	12852	1989.0	2004.0
27408	17	8816	1989.0	2004.0
18291	17	16013	1989.0	2004.0902
25367	17	11904	1989.0	2008.0
27075	17	33668	1989.0	2010.01
21843	17	8816	1989.0	2011.0101
3617	9	17019	1989.0	2012.0
17928	17	13001	1989.0	2013.0
21292	4	7602	1989.0	2014.0
12232	17	8816	1989.0	2014.0
37554	41	4912	1989.0	2014.0
41351	17	12667	1989.0	2014.0
21087	14	17000	1989.0	2015.0
37325	17	8816	1989.0	2016.0
10530	19	9924	1989.0	2017.0
25343	17	20179	1989.0	2017.0
4255	21	47	1989.0	2017.0
38061	17	8816	1989.01	1989.01
38061	17	29517	1989.01	1989.01
1328	4	1329	1989.0101	1989.0101
1151	4	1727	1989.0101	1989.0101
3202	15	3939	1989.0101	1989.0101
6468	3	6469	1989.0101	1989.0101
7007	15	2202	1989.0101	1989.0101
8783	32	109	1989.0101	1989.0101
3783	32	10221	1989.0101	1989.0101
11620	32	2390	1989.0101	1989.0101
1555	16	1504	1989.0101	1989.0101
81	32	6938	1989.0101	1989.0101
6153	15	15746	1989.0101	1989.0101
1328	4	16475	1989.0101	1989.0101
7149	4	12414	1989.0101	1989.0101
14489	4	5971	1989.0101	1989.0101
5984	15	19745	1989.0101	1989.0101
21721	15	1201	1989.0101	1989.0101
8839	4	22418	1989.0101	1989.0101
9807	32	183	1989.0101	1989.0101
7722	4	2186	1989.0101	1989.0101
17480	4	6351	1989.0101	1989.0101
25863	4	16869	1989.0101	1989.0101
8872	4	8108	1989.0101	1989.0101
26342	15	26343	1989.0101	1989.0101
8888	4	26718	1989.0101	1989.0101
27235	15	27236	1989.0101	1989.0101
1409	15	2202	1989.0101	1989.0101
6220	15	315	1989.0101	1989.0101
4851	4	10705	1989.0101	1989.0101
1921	15	5967	1989.0101	1989.0101
13310	32	5785	1989.0101	1989.0101
11251	4	19906	1989.0101	1989.0101
29971	15	6370	1989.0101	1989.0101
1318	15	27033	1989.0101	1989.0101
24601	4	19187	1989.0101	1989.0101
21721	15	16734	1989.0101	1989.0101
1999	4	2133	1989.0101	1989.0101
25709	15	3348	1989.0101	1989.0101
33475	3	33476	1989.0101	1989.0101
10199	19	28498	1989.0101	1989.0101
19754	4	24957	1989.0101	1989.0101
14195	4	34271	1989.0101	1989.0101
30048	15	27463	1989.0101	1989.0101
35451	4	10340	1989.0101	1989.0101
35973	15	17592	1989.0101	1989.0101
12179	15	30700	1989.0101	1989.0101
10718	3	36228	1989.0101	1989.0101
30360	15	25835	1989.0101	1989.0101
32286	15	655	1989.0101	1989.0101
14611	15	655	1989.0101	1989.0101
14443	15	11934	1989.0101	1989.0101
28339	4	3750	1989.0101	1989.0101
7938	15	34149	1989.0101	1989.0101
16714	14	4164	1989.0101	1989.0101
17181	3	22282	1989.0101	1989.0101
37336	15	25835	1989.0101	1989.0101
19842	15	4363	1989.0101	1989.0101
21917	15	3493	1989.0101	1989.0101
5820	41	4626	1989.0101	1989.0101
6438	15	11897	1989.0101	1989.0101
20226	15	11072	1989.0101	1989.0101
8424	32	14328	1989.0101	1989.0101
7179	4	5145	1989.0101	1989.0101
21655	4	19328	1989.0101	1989.0101
4014	32	244	1989.0101	1989.0101
20272	4	15632	1989.0101	1989.0101
2456	3	6415	1989.0101	1989.0101
11874	17	4046	1989.0101	1989.0101
28498	19	10199	1989.0101	1989.0101
11566	15	27196	1989.0101	1989.0101
18772	15	27294	1989.0101	1989.0101
9959	15	18695	1989.0101	1989.0101
31578	15	28397	1989.0101	1989.0101
8963	32	4895	1989.0101	1989.0101
21233	15	17911	1989.0101	1989.0101
3094	32	1195	1989.0101	1989.0101
36833	15	655	1989.0101	1989.0101
17483	15	3577	1989.0101	1989.0101
27073	37	383	1989.0101	1989.0101
