35041	3	39878	1975.0	1979.0
37363	3	25472	1975.0	1980.0
6543	41	1339	1975.0	1980.0
3640	14	25257	1975.0	1980.0
6560	33	19269	1975.0	1980.0
25724	46	8178	1975.0	1981.0
34071	33	2131	1975.0	1981.0
10007	4	4037	1975.0	1981.0
6254	12	1345	1975.0	1982.0
25060	14	25061	1975.0	1982.0
34608	41	1366	1975.0	1982.0
3721	4	2606	1975.0	1982.0
26237	41	947	1975.0	1982.0
32000	1	488	1975.0	1983.0
3444	14	9316	1975.0	1983.0
13568	17	1709	1975.0	1983.0
36646	19	36647	1975.0	1984.0
36647	19	36646	1975.0	1984.0
3997	4	2606	1975.0	1985.0
33755	14	12553	1975.0	1987.0
21638	4	7791	1975.0	1987.0
12685	4	19024	1975.0	1987.0
27037	4	27038	1975.0	1988.0
8015	41	12850	1975.0	1989.0
31210	4	19113	1975.0	1989.0
11864	4	1877	1975.0	1989.0
32162	21	73	1975.0	1991.0
34560	19	36972	1975.0	1996.0101
22862	41	455	1975.0	2000.103
35376	131	13414	1975.0	2002.0
26843	17	3922	1975.0	2002.0
4349	15	253	1975.0	2003.0325
25399	33	15885	1975.0	2009.0
375	4	376	1975.0101	1975.0101
3452	32	4976	1975.0101	1975.0101
2005	40	5091	1975.0101	1975.0101
5902	16	524	1975.0101	1975.0101
5341	32	626	1975.0101	1975.0101
13156	4	13157	1975.0101	1975.0101
17874	15	17875	1975.0101	1975.0101
18070	15	17233	1975.0101	1975.0101
7104	32	12017	1975.0101	1975.0101
22442	3	8689	1975.0101	1975.0101
7153	15	19410	1975.0101	1975.0101
1504	30	24117	1975.0101	1975.0101
16593	32	2390	1975.0101	1975.0101
8847	4	5906	1975.0101	1975.0101
2206	15	28821	1975.0101	1975.0101
24664	16	337	1975.0101	1975.0101
30953	16	1504	1975.0101	1975.0101
30157	4	3223	1975.0101	1975.0101
15734	4	13157	1975.0101	1975.0101
5127	15	4847	1975.0101	1975.0101
33702	15	655	1975.0101	1975.0101
12313	4	5770	1975.0101	1975.0101
4332	32	4710	1975.0101	1975.0101
21205	15	6846	1975.0101	1975.0101
29385	4	16700	1975.0101	1975.0101
5861	15	5024	1975.0101	1975.0101
15043	25	897	1975.0101	1975.0101
13020	15	28397	1975.0101	1975.0101
4976	32	3452	1975.0101	1975.0101
3461	4	13157	1975.0101	1975.0101
11867	4	2949	1975.0101	1975.0101
4710	32	4332	1975.0101	1975.0101
34200	15	1489	1975.0101	1975.0101
19162	15	2034	1975.0101	1975.0101
19955	15	35627	1975.0101	1975.0101
9249	32	4913	1975.0101	1975.0101
12327	15	15526	1975.0101	1975.0101
4104	32	4511	1975.0101	1975.0101
23941	15	3470	1975.0101	1975.0101
17331	4	41264	1975.0101	1975.0101
24117	15	1504	1975.0101	1975.0101
7301	22	613	1975.0101	1975.0101
5436	32	21894	1975.0101	1975.0101
11059	15	22814	1975.0101	1975.0101
5294	15	3348	1975.0101	1975.0101
38526	4	24733	1975.0101	1975.0101
15971	32	8397	1975.0101	1975.0101
22561	15	5024	1975.0101	1975.0101
14857	15	20665	1975.0101	1975.0101
16044	3	1942	1975.0101	1975.0101
35234	4	89	1975.0101	1975.0101
2244	3	3307	1975.0101	1975.0101
27295	15	9753	1975.0101	1975.0101
11960	15	8624	1975.0101	1975.0101
5294	15	4363	1975.0101	1975.0101
26484	14	9001	1975.0101	1975.0101
30055	15	5967	1975.0101	1975.0101
19518	4	13563	1975.0101	1975.0101
39917	15	15526	1975.0101	1975.0101
613	22	7301	1975.0101	1975.0101
25937	15	655	1975.0101	1975.0101
39703	15	4433	1975.0101	1975.0101
26393	15	29388	1975.0101	1975.0101
8669	4	5953	1975.0101	1975.0101
40008	15	1201	1975.0101	1975.0101
35349	4	11963	1975.0101	1975.0101
5339	15	5834	1975.0101	1975.0101
35787	4	16617	1975.0101	1975.0101
22108	15	655	1975.0101	1975.0101
4913	32	9249	1975.0101	1975.0101
23725	15	6694	1975.0101	1975.0101
20868	32	4325	1975.0101	1975.0101
33102	12	6601	1975.0101	1975.0101
13831	15	6694	1975.0101	1975.0101
4511	32	4104	1975.0101	1975.0101
18242	15	6058	1975.0101	1975.0101
24980	15	21451	1975.0101	1975.0101
28179	15	22385	1975.0101	1975.0101
8890	15	17328	1975.0101	1975.0101
3567	4	3568	1975.0101	1975.0101
1893	17	4046	1975.0101	1975.0101
7104	32	3477	1975.0101	1975.0101
796	15	23335	1975.0101	1975.0101
17874	15	6694	1975.0101	1975.0101
24921	15	14223	1975.0101	1975.0101
3529	15	8277	1975.0101	1975.0101
27013	32	1465	1975.0101	1975.0101
26377	15	27033	1975.0101	1975.0101
26186	16	337	1975.0101	1975.0101
17640	15	3304	1975.0101	1975.0101
38929	15	42261	1975.0101	1975.0101
24030	15	21423	1975.0101	1975.0101
7051	15	13412	1975.0101	1975.0101
11046	15	2287	1975.0101	1975.0101
15874	4	9344	1975.0101	1975.0101
36341	15	336	1975.0101	1975.0101
13259	15	8050	1975.0101	1975.0101
6386	4	5706	1975.0101	1976.0101
12592	4	2372	1975.0101	1976.0101
15700	14	1319	1975.0101	1976.0101
5874	4	20415	1975.0101	1976.0101
22128	4	7728	1975.0101	1976.0101
14210	4	22622	1975.0101	1976.0101
19052	4	16760	1975.0101	1976.0101
10329	4	2000	1975.0101	1976.0101
34294	4	8836	1975.0101	1976.0101
16184	3	8952	1975.0101	1976.0101
9231	4	17016	1975.0101	1976.0101
29385	4	35484	1975.0101	1976.0101
28543	4	15032	1975.0101	1976.0101
16669	4	25111	1975.0101	1976.0101
19916	4	28629	1975.0101	1976.0101
33252	4	166	1975.0101	1976.0101
702	4	5748	1975.0101	1976.0101
34027	4	39532	1975.0101	1976.0101
14629	4	20177	1975.0101	1976.0101
28631	4	15165	1975.0101	1976.0101
41435	4	178	1975.0101	1976.0101
3690	4	39581	1975.0101	1976.0101
25930	4	6033	1975.0101	1976.0101
10704	4	17869	1975.0101	1976.0101
21408	4	429	1975.0101	1976.0101
5084	4	12182	1975.0101	1976.0101
31996	4	42071	1975.0101	1976.0101
26024	4	29380	1975.0101	1976.0101
5959	4	9426	1975.0101	1976.0101
30109	4	18194	1975.0101	1976.0101
15514	4	25339	1975.0101	1976.0101
42343	4	9555	1975.0101	1976.0101
19916	4	18575	1975.0101	1976.0101
8169	4	3223	1975.0101	1976.0101
8872	4	588	1975.0101	1977.0101
9095	4	9096	1975.0101	1977.0101
18452	4	18453	1975.0101	1977.0101
14192	4	8542	1975.0101	1977.0101
23448	4	172	1975.0101	1977.0101
29850	4	24472	1975.0101	1977.0101
3461	4	5701	1975.0101	1977.0101
3534	19	36066	1975.0101	1977.0101
24485	4	36971	1975.0101	1977.0101
29721	4	5307	1975.0101	1977.0101
38124	4	22520	1975.0101	1977.0101
18138	4	15584	1975.0101	1977.0101
26896	4	3425	1975.0101	1977.0101
22843	3	1548	1975.0101	1977.0101
21716	4	24313	1975.0101	1977.0101
15291	4	3425	1975.0101	1977.0101
30452	4	4465	1975.0101	1977.0101
33746	4	25549	1975.0101	1977.0101
34647	3	1548	1975.0101	1977.0101
7741	4	35255	1975.0101	1977.0101
35283	3	1548	1975.0101	1977.0101
7622	4	11084	1975.0101	1977.0101
39394	4	9083	1975.0101	1977.0101
16258	4	38939	1975.0101	1977.0101
16346	4	29664	1975.0101	1977.0101
37073	4	6257	1975.0101	1977.0101
3461	4	28206	1975.0101	1977.0101
36066	19	3534	1975.0101	1977.0101
9684	4	9685	1975.0101	1978.0101
18440	4	2028	1975.0101	1978.0101
3672	4	7227	1975.0101	1978.0101
25078	4	1676	1975.0101	1978.0101
32048	4	6827	1975.0101	1978.0101
35981	4	29700	1975.0101	1978.0101
14508	4	1003	1975.0101	1978.0101
11298	3	4970	1975.0101	1978.0101
35851	4	25173	1975.0101	1978.0101
10295	4	3389	1975.0101	1978.0101
25247	4	14955	1975.0101	1978.0101
15920	4	32371	1975.0101	1978.0101
34372	4	14490	1975.0101	1978.0101
8959	4	5971	1975.0101	1978.0101
29477	4	3768	1975.0101	1978.0101
30291	4	36486	1975.0101	1978.0101
35753	4	29741	1975.0101	1978.0101
12724	4	29665	1975.0101	1978.0101
34309	4	42336	1975.0101	1978.0101
7319	4	4077	1975.0101	1978.0101
25427	4	8548	1975.0101	1979.0101
12352	4	12414	1975.0101	1979.0101
24201	4	8449	1975.0101	1979.0101
37430	4	882	1975.0101	1979.0101
36047	4	2443	1975.0101	1979.0101
22699	4	5266	1975.0101	1979.0101
41349	4	13307	1975.0101	1979.0101
4354	4	25339	1975.0101	1979.0101
10302	4	1646	1975.0101	1979.0101
37193	4	5140	1975.0101	1980.0101
2567	4	260	1975.0101	1980.0101
14629	4	13016	1975.0101	1980.0101
35830	4	10958	1975.0101	1980.0101
34182	4	8876	1975.0101	1980.0101
5237	4	41902	1975.0101	1981.0101
15709	4	4441	1975.0101	1981.0101
3221	4	4077	1975.0101	1982.0101
11919	4	23636	1975.0101	1982.0101
3995	4	5748	1975.0101	1982.0101
35984	19	25198	1975.0101	1982.0101
25198	19	35984	1975.0101	1982.0101
42299	4	9591	1975.0101	1982.0101
12313	4	2094	1975.0101	1983.0101
20571	4	14032	1975.0101	1983.0101
42566	19	12670	1975.0101	1983.0101
12670	19	42566	1975.0101	1983.0101
7239	19	13167	1975.0101	1984.0101
36796	4	13055	1975.0101	1984.0101
6558	14	4522	1975.0101	1984.0101
17223	4	20383	1975.0101	1985.0101
33191	4	1374	1975.0101	1985.0101
5198	4	5591	1975.0101	1985.0101
39678	19	28127	1975.0101	1986.1019
28127	19	39678	1975.0101	1986.1019
9598	4	7229	1975.0101	1987.0101
40274	18	876	1975.0101	1989.0101
20180	4	5960	1975.0101	1989.0101
3653	46	13951	1975.0101	1991.0101
17331	4	25183	1975.0101	1991.0101
17331	4	41098	1975.0101	1991.0101
3653	17	728	1975.0101	1991.0101
5282	41	3626	1975.0101	1992.0101
31180	4	4475	1975.0101	1994.0101
18557	4	13929	1975.0101	1996.0101
30708	14	40373	1975.0101	1996.0101
36708	19	7983	1975.0101	1998.0101
26341	17	4046	1975.0101	1998.0101
7983	19	36708	1975.0101	1998.0101
9349	18	876	1975.0101	2006.0101
10707	37	119	1975.0101	2010.0101
39289	19	29304	1975.0101	2010.0101
29304	19	39289	1975.0101	2010.0101
13347	33	1703	1975.0102	1998.0126
35518	41	30960	1975.0103	1976.0123
641	62	30714	1975.0117	1976.0706
42300	4	7554	1975.0118	1982.0116
10380	25	85	1975.0126	1975.0126
8077	15	1249	1975.013	1975.013
5419	71	13744	1975.02	1975.02
988	32	20950	1975.0204	1975.0204
8797	15	197	1975.0211	1975.0211
796	70	17675	1975.0213	1982.091
27104	15	336	1975.0214	1975.0214
27104	15	197	1975.0214	1975.0214
31106	41	7796	1975.0227	1975.1111
440	25	2748	1975.03	1975.03
34467	44	11356	1975.0303	1975.0303
25960	15	2034	1975.0304	1975.0304
7699	15	2034	1975.0307	1975.0307
5	44	32517	1975.0315	1975.0315
1318	41	455	1975.0318	2017.1119
14422	41	12784	1975.0325	1982.0613
15947	76	15840	1975.0328	1991.0205
20098	41	7393	1975.04	2000.01
9322	143	20098	1975.04	2000.01
27296	15	5879	1975.0401	1975.0401
15639	41	11837	1975.0417	1976.0402
3884	15	5879	1975.0425	1975.0425
2005	33	7828	1975.0501	1978.0101
39553	33	83	1975.0504	2010.0
13073	15	1159	1975.0505	1975.0505
5388	15	1159	1975.0505	1975.0505
1158	15	197	1975.0513	1975.0513
1158	15	336	1975.0513	1975.0513
7037	15	197	1975.0521	1975.0521
8165	15	820	1975.0523	1975.0523
18357	41	296	1975.0527	1978.0402
13550	15	13551	1975.053	1975.053
988	32	3989	1975.0602	1975.0602
105	32	5456	1975.0609	1975.0609
5456	32	105	1975.0609	1975.0609
34447	33	27623	1975.0609	1975.0609
1379	33	1380	1975.0609	2001.0101
11951	41	296	1975.0615	1976.0827
577	12	3712	1975.0625	1975.0625
577	12	1345	1975.0625	1975.0625
4944	41	718	1975.0701	1977.0301
5701	123	37892	1975.0701	1979.063
8218	12	1345	1975.0706	1975.0706
17509	15	197	1975.071	1975.071
10961	32	8607	1975.0714	1975.0714
8607	32	10961	1975.0714	1975.0714
7027	25	2483	1975.082	1975.082
4924	25	333	1975.0916	1975.0916
577	25	333	1975.0916	1975.0916
2373	25	333	1975.0916	1975.0916
13091	15	2034	1975.0917	1975.0917
3604	15	2034	1975.0917	1975.0917
24573	15	197	1975.0917	1975.0917
542	15	820	1975.0917	1975.0917
8041	15	197	1975.0917	1975.0917
32937	15	2034	1975.0917	1975.0917
4453	15	197	1975.0917	1975.0917
23619	15	3470	1975.0917	1975.0917
16644	15	197	1975.0917	1975.0917
24719	15	197	1975.0922	1975.0922
24719	15	336	1975.0922	1975.0922
613	22	2056	1975.0923	1975.0923
2056	22	613	1975.0923	1975.0923
27102	48	12226	1975.0925	1975.0925
5830	15	197	1975.0929	1975.0929
26676	19	13143	1975.101	1976.0729
13143	19	26676	1975.101	1976.0729
5489	25	85	1975.1012	1975.1012
37319	48	3912	1975.102	1975.102
28662	41	17071	1975.1101	1976.102
38423	41	6946	1975.1111	1983.0311
8218	25	333	1975.1112	1975.1112
83	62	27289	1975.1122	2014.0619
9003	15	197	1975.1125	1975.1125
3593	12	1345	1975.1125	1975.1125
3593	25	333	1975.1204	1975.1204
13167	19	7239	1975.1212	1984.0101
32096	41	9209	1975.1212	1984.0726
25225	15	336	1975.123	1975.123
25225	15	197	1975.123	1975.123
2010	15	2011	1976.0	1976.0
3820	17	3821	1976.0	1976.0
4685	15	4686	1976.0	1976.0
3244	15	5059	1976.0	1976.0
5203	15	5204	1976.0	1976.0
7997	15	7998	1976.0	1976.0
9640	3	9641	1976.0	1976.0
10426	3	3041	1976.0	1976.0
10949	15	10950	1976.0	1976.0
11231	15	2895	1976.0	1976.0
13737	41	4374	1976.0	1976.0
15392	15	2351	1976.0	1976.0
7974	16	1487	1976.0	1976.0
1316	3	2312	1976.0	1976.0
17876	15	820	1976.0	1976.0
11231	15	5059	1976.0	1976.0
19774	41	4374	1976.0	1976.0
19968	30	19969	1976.0	1976.0
17314	30	20992	1976.0	1976.0
1829	25	19783	1976.0	1976.0
25182	16	1487	1976.0	1976.0
3220	15	2716	1976.0	1976.0
15442	41	4374	1976.0	1976.0
26658	15	26659	1976.0	1976.0
26281	3	15324	1976.0	1976.0
24131	15	1249	1976.0	1976.0
2351	30	15392	1976.0	1976.0
11346	15	820	1976.0	1976.0
6841	30	10792	1976.0	1976.0
17331	4	10958	1976.0	1976.0
17855	15	867	1976.0	1976.0
30657	14	722	1976.0	1976.0
19358	16	13404	1976.0	1976.0
31457	15	5739	1976.0	1976.0
10615	71	31885	1976.0	1976.0
32053	3	6449	1976.0	1976.0
461	30	11864	1976.0	1976.0
32926	17	10087	1976.0	1976.0
16196	3	886	1976.0	1976.0
33598	33	596	1976.0	1976.0
34061	3	3307	1976.0	1976.0
9312	25	9308	1976.0	1976.0
17331	4	243	1976.0	1976.0
32979	21	3	1976.0	1976.0
173	30	4089	1976.0	1976.0
13091	15	869	1976.0	1976.0
34836	3	4516	1976.0	1976.0
17490	15	867	1976.0	1976.0
27688	33	11664	1976.0	1976.0
2231	30	20647	1976.0	1976.0
36864	41	4374	1976.0	1976.0
8586	15	869	1976.0	1976.0
20325	3	20008	1976.0	1976.0
28882	1	590	1976.0	1976.0
3998	30	35254	1976.0	1976.0
27317	15	3815	1976.0	1976.0
22468	33	38080	1976.0	1976.0
3569	15	3034	1976.0	1976.0
14302	16	2491	1976.0	1976.0
31759	3	8937	1976.0	1976.0
39031	3	30065	1976.0	1976.0
8228	15	3034	1976.0	1976.0
3612	15	24752	1976.0	1976.0
19272	16	1026	1976.0	1976.0
8314	30	13114	1976.0	1976.0
9173	15	173	1976.0	1976.0
32304	3	39621	1976.0	1976.0
2716	30	3220	1976.0	1976.0
34999	3	310	1976.0	1976.0
13912	25	3689	1976.0	1976.0
16032	15	1487	1976.0	1976.0
13093	15	2034	1976.0	1976.0
10710	30	10711	1976.0	1976.0
11864	15	461	1976.0	1976.0
13737	3	10178	1976.0	1976.0
40476	3	700	1976.0	1976.0
40902	3	22282	1976.0	1976.0
20992	15	17314	1976.0	1976.0
2902	30	6353	1976.0	1976.0
244	32	2348	1976.0	1976.0
6002	15	14980	1976.0	1976.0
15604	16	3243	1976.0	1976.0
30763	33	383	1976.0	1976.0
30470	3	9693	1976.0	1976.0
8716	32	3190	1976.0	1976.0
23278	15	4341	1976.0	1976.0
5563	15	2491	1976.0	1976.0
4089	15	173	1976.0	1976.0
1213	30	17462	1976.0	1976.0
17883	16	2491	1976.0	1976.0
4436	33	40698	1976.0	1976.0
13276	15	2257	1976.0	1976.0
35474	16	57	1976.0	1976.0
7029	17	4241	1976.0	1976.0
9992	30	16032	1976.0	1976.0
5204	30	5203	1976.0	1976.0
15006	25	142	1976.0	1976.0
40617	41	4374	1976.0	1976.0
33642	15	8692	1976.0	1976.0
9542	3	9107	1976.0	1976.0
33783	3	2209	1976.0	1976.0
4088	30	6133	1976.0	1976.0
9846	15	4740	1976.0	1976.0
13525	30	28179	1976.0	1976.0
41944	3	33708	1976.0	1976.0
41913	15	31732	1976.0	1976.0
2171	44	17085	1976.0	1976.0
7638	30	28989	1976.0	1976.0
11231	16	5059	1976.0	1976.0
11231	16	2895	1976.0	1976.0
31219	3	2171	1976.0	1976.0
22898	15	5369	1976.0	1976.0
173	30	9173	1976.0	1976.0
33154	3	40252	1976.0	1976.0
5739	30	31457	1976.0	1976.0
4558	30	28179	1976.0	1976.0
21546	15	15736	1976.0	1976.0
30532	30	30531	1976.0	1976.0
12581	16	3982	1976.0	1976.0
24999	3	16703	1976.0	1976.0
24815	25	897	1976.0	1976.0
36193	3	16744	1976.0	1976.0
18960	3	32536	1976.0	1976.0
16647	30	28179	1976.0	1976.0
20646	15	57	1976.0	1976.0
3118	30	2979	1976.0	1976.0
13051	30	17980	1976.0	1976.0
5501	30	3158	1976.0	1976.0
20038	3	3234	1976.0	1976.0
10711	15	10710	1976.0	1976.0
9173	15	792	1976.0	1976.0
4748	15	6617	1976.0	1976.0
28190	30	15794	1976.0	1976.0
35602	15	3982	1976.0	1976.0
32979	21	715	1976.0	1976.0
35254	15	3998	1976.0	1976.0
761	30	17179	1976.0	1976.0
3123	15	36485	1976.0	1976.0
10117	15	8314	1976.0	1976.0
24515	41	4374	1976.0	1976.0
1966	32	515	1976.0	1976.0
32961	15	1772	1976.0	1976.0
20414	15	451	1976.0	1976.0
8620	17	4046	1976.0	1976.0
4089	16	173	1976.0	1976.0
4359	30	39160	1976.0	1976.0
596	32	22736	1976.0	1976.0
18071	3	3041	1976.0	1976.0
11864	15	3034	1976.0	1976.0
2979	15	3118	1976.0	1976.0
17300	3	26762	1976.0	1976.0
3190	32	8716	1976.0	1976.0
25710	3	11947	1976.0	1976.0
19272	16	10772	1976.0	1976.0
2749	15	2750	1976.0	1976.0
2979	16	3118	1976.0	1976.0
19272	15	10772	1976.0	1976.0
40459	41	4374	1976.0	1976.0
39530	16	40852	1976.0	1976.0
12549	17	7886	1976.0	1976.0
11539	33	5022	1976.0	1976.0
3612	16	24752	1976.0	1976.0
33381	15	8314	1976.0	1976.0
4777	14	5323	1976.0	1976.0
7977	16	1210	1976.0	1976.0
20372	3	20373	1976.0	1976.0
13625	16	3243	1976.0	1976.0
36509	3	33625	1976.0	1976.0
6133	15	4088	1976.0	1976.0
7487	30	38881	1976.0	1976.0
20001	30	20126	1976.0	1976.0
1991	16	503	1976.0	1976.0
4740	30	9846	1976.0	1976.0
16438	17	2321	1976.0	1976.0
33619	3	14894	1976.0	1976.0
5203	16	5204	1976.0	1976.0
10772	30	19272	1976.0	1976.0
35865	15	2257	1976.0	1976.0
9877	16	229	1976.0	1976.0
1213	30	17435	1976.0	1976.0
22544	16	57	1976.0	1976.0
10056	30	8123	1976.0	1976.0
21813	3	29068	1976.0	1976.0
31276	46	4793	1976.0	1976.0
17588	3	14894	1976.0	1976.0
2895	30	11231	1976.0	1976.0
1213	30	12045	1976.0	1976.0
20076	3	19973	1976.0	1976.0
11811	3	5095	1976.0	1976.0
10855	15	197	1976.0	1976.0
27104	15	869	1976.0	1976.0
42510	38	368	1976.0	1976.0
14533	3	8519	1976.0	1976.0
34334	25	142	1976.0	1976.0
34479	15	17460	1976.0	1976.0
15132	4	37495	1976.0	1976.0
25939	3	115	1976.0	1976.0
31650	30	35602	1976.0	1976.0
26281	14	32596	1976.0	1976.0
8520	16	8521	1976.0	1976.0
29234	41	4374	1976.0	1976.0
35732	3	34132	1976.0	1976.0
3093	15	8692	1976.0	1976.0
24371	38	973	1976.0	1976.0
4122	15	1249	1976.0	1976.0
22144	71	25435	1976.0	1976.0
4341	30	23278	1976.0	1976.0
9457	15	9072	1976.0	1976.0
22177	15	18628	1976.0	1976.0
2232	16	2231	1976.0	1976.0
17281	3	3307	1976.0	1976.0
22920	16	1026	1976.0	1976.0
3158	15	16111	1976.0	1976.0
18130	30	34956	1976.0	1976.0
5059	30	11231	1976.0	1976.0
32409	15	24526	1976.0	1976.0
3158	15	5501	1976.0	1976.0
22920	16	10772	1976.0	1976.0
26003	3	31683	1976.0	1977.0
1921	4	11662	1976.0	1977.0
15207	18	11517	1976.0	1977.0
34303	4	42100	1976.0	1977.0
36026	14	6280	1976.0	1977.0
5960	60	5433	1976.0	1977.0
14084	4	913	1976.0	1977.0
36904	4	31183	1976.0	1977.0
23562	4	17743	1976.0	1977.0
1932	41	947	1976.0	1978.0
37282	4	18323	1976.0	1978.0
13135	17	9309	1976.0	1978.0
38822	41	455	1976.0	1978.0
19050	41	4374	1976.0	1978.0
34071	3	24342	1976.0	1978.0
40136	3	7900	1976.0	1978.0
4967	41	1339	1976.0	1978.0
9965	3	14123	1976.0	1978.0
750	43	22800	1976.0	1978.0312
39753	41	17347	1976.0	1979.0
23721	4	34502	1976.0	1979.0
25550	3	27810	1976.0	1979.0
22825	41	16805	1976.0	1979.0
31363	41	3698	1976.0	1979.0
38162	4	13995	1976.0	1980.0
35392	4	32484	1976.0	1980.0
18071	3	7712	1976.0	1980.0
28270	14	35946	1976.0	1980.0
25473	19	8934	1976.0	1980.0
38931	41	2940	1976.0	1980.0
32496	4	4037	1976.0	1981.0
2943	14	19964	1976.0	1981.0
7676	41	455	1976.0	1982.0
4958	4	1910	1976.0	1982.0
34310	4	16126	1976.0	1982.0
33158	14	9906	1976.0	1982.0
27950	3	12956	1976.0	1982.0
33598	14	472	1976.0	1982.0
35892	41	25833	1976.0	1982.0
29562	19	20261	1976.0	1983.0
32304	14	1183	1976.0	1983.0
19535	41	17347	1976.0	1983.0
15195	3	31017	1976.0	1983.0
28441	19	8326	1976.0	1983.0
32304	46	1183	1976.0	1983.0
27001	14	2613	1976.0	1983.0
41447	41	4374	1976.0	1984.0
17957	4	10423	1976.0	1984.0
5838	138	5837	1976.0	1984.0
21978	4	29830	1976.0	1984.0
10948	41	1092	1976.0	1986.0
37565	18	17943	1976.0	1986.0
28286	41	718	1976.0	1986.0
11811	17	29517	1976.0	1986.0
7278	70	26292	1976.0	1987.0
15157	4	816	1976.0	1987.0
25596	46	8178	1976.0	1987.0
7769	70	18053	1976.0	1988.0
21843	17	29517	1976.0	1989.0
35732	4	25414	1976.0	1989.0
75	70	7546	1976.0	1989.0
10831	41	302	1976.0	1990.0
1977	41	35801	1976.0	1990.0
26405	14	9693	1976.0	1990.0
1536	70	1977	1976.0	1990.0
35801	80	1977	1976.0	1990.0
31594	17	1709	1976.0	1990.0204
1627	4	5960	1976.0	1991.0101
25176	19	38238	1976.0	1993.0
38238	19	25176	1976.0	1993.0
31439	14	16729	1976.0	1993.0
24515	41	4374	1976.0	1996.0
30087	14	13379	1976.0	1997.0
37018	41	302	1976.0	1998.0
41914	14	28914	1976.0	2000.0
30667	14	27364	1976.0	2001.0
10082	17	3922	1976.0	2002.0
20815	41	302	1976.0	2002.0
19064	17	20179	1976.0	2015.0
4630	78	624	1976.0	2016.0
3166	17	3167	1976.0	2018.0115
15273	37	2520	1976.0101	1893.0101
3382	33	13467	1976.0101	1973.0101
6074	15	6075	1976.0101	1976.0101
13831	15	13832	1976.0101	1976.0101
14302	15	655	1976.0101	1976.0101
17640	15	16240	1976.0101	1976.0101
16620	15	12655	1976.0101	1976.0101
1504	30	6633	1976.0101	1976.0101
23408	15	18628	1976.0101	1976.0101
29058	16	524	1976.0101	1976.0101
27295	15	18869	1976.0101	1976.0101
23011	4	15047	1976.0101	1976.0101
4756	15	8277	1976.0101	1976.0101
3158	15	27294	1976.0101	1976.0101
5127	15	4847	1976.0101	1976.0101
8155	19	17192	1976.0101	1976.0101
7872	15	19410	1976.0101	1976.0101
27294	30	3158	1976.0101	1976.0101
7852	15	10634	1976.0101	1976.0101
13114	15	8314	1976.0101	1976.0101
19744	16	337	1976.0101	1976.0101
28307	15	34693	1976.0101	1976.0101
23031	15	35627	1976.0101	1976.0101
35913	4	8437	1976.0101	1976.0101
20245	15	3493	1976.0101	1976.0101
35934	15	6694	1976.0101	1976.0101
23617	14	5038	1976.0101	1976.0101
17192	19	8155	1976.0101	1976.0101
613	22	577	1976.0101	1976.0101
39083	15	39084	1976.0101	1976.0101
18962	15	27033	1976.0101	1976.0101
32207	4	29864	1976.0101	1976.0101
15132	4	39067	1976.0101	1976.0101
11245	3	6449	1976.0101	1976.0101
6550	15	8050	1976.0101	1976.0101
7852	15	27463	1976.0101	1976.0101
16183	3	1942	1976.0101	1976.0101
4746	15	1201	1976.0101	1976.0101
32768	3	41177	1976.0101	1976.0101
23031	15	6694	1976.0101	1976.0101
23349	15	4433	1976.0101	1976.0101
29382	15	820	1976.0101	1976.0101
10139	15	869	1976.0101	1976.0101
36972	19	34560	1976.0101	1976.0101
22688	4	8325	1976.0101	1976.0101
38705	4	9580	1976.0101	1976.0101
6137	4	15845	1976.0101	1976.0101
17496	4	38943	1976.0101	1976.0101
30055	15	5967	1976.0101	1976.0101
6365	15	10634	1976.0101	1976.0101
17179	15	761	1976.0101	1976.0101
27231	15	12655	1976.0101	1976.0101
18449	4	29905	1976.0101	1976.0101
14218	15	20927	1976.0101	1976.0101
26393	15	6846	1976.0101	1976.0101
6633	15	1504	1976.0101	1976.0101
9173	16	1504	1976.0101	1976.0101
577	22	613	1976.0101	1976.0101
39599	3	13937	1976.0101	1976.0101
5833	15	38214	1976.0101	1976.0101
16123	16	1504	1976.0101	1976.0101
32519	14	22648	1976.0101	1976.0101
28227	15	6694	1976.0101	1976.0101
2348	32	244	1976.0101	1976.0101
20795	17	1037	1976.0101	1976.0101
19923	15	2287	1976.0101	1976.0101
40601	37	673	1976.0101	1976.0101
3189	16	524	1976.0101	1976.0101
8890	15	38432	1976.0101	1976.0101
32624	155	109	1976.0101	1976.0101
31939	15	17328	1976.0101	1976.0101
37377	15	655	1976.0101	1976.0101
750	15	655	1976.0101	1976.0101
28837	3	6449	1976.0101	1976.0101
17728	15	1073	1976.0101	1976.0101
32876	4	19288	1976.0101	1976.0101
7896	15	1922	1976.0101	1976.0101
2764	16	503	1976.0101	1976.0101
13952	16	337	1976.0101	1976.0101
5173	15	1883	1976.0101	1976.0101
13990	15	503	1976.0101	1976.0101
7911	15	20058	1976.0101	1976.0101
1861	15	1772	1976.0101	1976.0101
4395	15	3348	1976.0101	1976.0101
6352	15	655	1976.0101	1976.0101
24054	15	6694	1976.0101	1976.0101
3582	4	3583	1976.0101	1977.0101
20646	19	20647	1976.0101	1977.0101
21408	4	7234	1976.0101	1977.0101
19916	4	1427	1976.0101	1977.0101
16128	4	5953	1976.0101	1977.0101
22381	4	25173	1976.0101	1977.0101
28067	4	6570	1976.0101	1977.0101
38968	4	7728	1976.0101	1977.0101
6386	4	37178	1976.0101	1977.0101
35787	4	30364	1976.0101	1977.0101
39391	4	18128	1976.0101	1977.0101
8762	4	1440	1976.0101	1977.0101
9510	4	20184	1976.0101	1977.0101
22688	4	9469	1976.0101	1977.0101
24808	4	13958	1976.0101	1977.0101
9296	4	19555	1976.0101	1977.0101
10874	4	30768	1976.0101	1977.0101
17496	4	38943	1976.0101	1977.0101
702	4	2928	1976.0101	1977.0101
34465	4	3223	1976.0101	1977.0101
35019	4	20177	1976.0101	1977.0101
30157	4	1100	1976.0101	1977.0101
42343	4	13643	1976.0101	1977.0101
20647	19	20646	1976.0101	1977.0101
5625	4	10126	1976.0101	1977.0101
39590	4	5030	1976.0101	1977.0101
12313	4	5125	1976.0101	1977.0101
32186	4	2133	1976.0101	1977.0101
39533	4	26354	1976.0101	1977.0101
36143	4	23636	1976.0101	1977.0101
42637	4	9338	1976.0101	1977.0101
10704	4	10705	1976.0101	1978.0101
563	17	9309	1976.0101	1978.0101
26178	4	8333	1976.0101	1978.0101
28543	4	5145	1976.0101	1978.0101
29502	4	15845	1976.0101	1978.0101
2381	4	18428	1976.0101	1978.0101
11260	3	1548	1976.0101	1978.0101
36595	4	38758	1976.0101	1978.0101
36077	3	1548	1976.0101	1978.0101
375	4	12792	1976.0101	1978.0101
9502	4	1263	1976.0101	1978.0101
41435	4	9258	1976.0101	1978.0101
25930	4	698	1976.0101	1978.0101
35234	4	24936	1976.0101	1978.0101
11281	4	3496	1976.0101	1978.0101
1067	4	1128	1976.0101	1978.0101
29600	3	1548	1976.0101	1978.0101
38285	4	41191	1976.0101	1978.0101
34027	4	12426	1976.0101	1978.0101
15514	4	889	1976.0101	1978.0101
36042	4	558	1976.0101	1978.0101
3767	4	2074	1976.0101	1978.0101
11391	4	8475	1976.0101	1979.0101
20312	4	2443	1976.0101	1979.0101
20089	4	20387	1976.0101	1979.0101
15918	4	3541	1976.0101	1979.0101
29924	4	7227	1976.0101	1979.0101
10933	4	17869	1976.0101	1979.0101
37894	4	2471	1976.0101	1979.0101
1328	4	30364	1976.0101	1979.0101
19993	4	1321	1976.0101	1979.0101
11937	4	390	1976.0101	1979.0101
41751	4	20701	1976.0101	1979.0101
21421	4	4077	1976.0101	1979.0101
11391	4	2949	1976.0101	1979.0101
4377	4	376	1976.0101	1979.0101
17940	4	10407	1976.0101	1979.0101
5874	4	3606	1976.0101	1979.0101
28930	4	1620	1976.0101	1979.0101
7755	19	7756	1976.0101	1980.0101
14427	4	10883	1976.0101	1980.0101
17316	4	7728	1976.0101	1980.0101
23141	4	3889	1976.0101	1980.0101
39570	4	6252	1976.0101	1980.0101
7397	4	18279	1976.0101	1980.0101
8934	19	25473	1976.0101	1980.0101
28543	4	9113	1976.0101	1980.0101
30759	4	6827	1976.0101	1980.0101
17660	4	3425	1976.0101	1980.0101
25876	4	5706	1976.0101	1980.0101
3107	4	7398	1976.0101	1980.0101
20935	41	302	1976.0101	1980.1104
18773	154	15513	1976.0101	1980.1201
6476	4	6477	1976.0101	1981.0101
31061	4	5035	1976.0101	1981.0101
11942	4	4901	1976.0101	1981.0101
21634	4	14032	1976.0101	1981.0101
30733	4	3432	1976.0101	1981.0101
18564	4	1068	1976.0101	1981.0101
7212	4	10430	1976.0101	1981.0101
5207	4	5208	1976.0101	1981.0101
7756	19	7755	1976.0101	1982.0101
7059	4	6339	1976.0101	1982.0101
35707	4	10958	1976.0101	1982.0101
21316	4	2000	1976.0101	1982.0101
20440	4	21387	1976.0101	1983.0101
8326	19	28441	1976.0101	1983.0101
5432	4	8475	1976.0101	1983.0101
25483	4	2334	1976.0101	1983.0101
32907	4	7344	1976.0101	1983.0101
41720	4	22164	1976.0101	1983.0101
20202	19	35942	1976.0101	1983.0101
20261	19	29562	1976.0101	1983.0101
35942	19	20202	1976.0101	1983.0101
15700	14	1319	1976.0101	1983.0101
15433	4	5142	1976.0101	1984.0101
30664	4	7931	1976.0101	1984.0101
17932	4	27458	1976.0101	1985.0101
21655	4	20383	1976.0101	1985.0101
42099	4	10378	1976.0101	1985.0101
7212	4	4125	1976.0101	1986.0101
2452	4	12792	1976.0101	1986.0101
30130	4	15632	1976.0101	1986.0101
33191	4	260	1976.0101	1986.0101
37132	4	29109	1976.0101	1986.0101
34092	4	9740	1976.0101	1987.0101
7425	4	3432	1976.0101	1988.0101
11919	4	7931	1976.0101	1988.0101
32907	4	21504	1976.0101	1989.0101
36823	4	8305	1976.0101	1989.0101
19518	4	3432	1976.0101	1990.0101
19846	4	35711	1976.0101	1990.0101
37981	19	32135	1976.0101	1992.0101
37286	4	429	1976.0101	1992.0101
32135	19	37981	1976.0101	1992.0101
30685	14	20988	1976.0101	1996.0101
8130	14	4522	1976.0101	1997.0101
42128	19	26241	1976.0101	2001.0101
26241	19	42128	1976.0101	2001.0101
39051	21	715	1976.0101	2011.0101
6254	62	15639	1976.0105	1976.0411
34716	41	1954	1976.0111	1976.0111
10813	15	336	1976.0115	1976.0115
10813	15	197	1976.0115	1976.0115
2646	19	21642	1976.0123	1976.0123
21642	19	2646	1976.0123	1976.0123
23900	15	336	1976.0206	1976.0206
11009	15	2034	1976.0212	1976.0212
3	70	5778	1976.0212	1976.0729
6288	25	11130	1976.0215	2016.0326
18477	15	11708	1976.0217	1976.0217
17884	4	7554	1976.0221	1976.0221
26468	1	83	1976.0226	1976.0226
26468	44	5156	1976.0226	1976.0226
26468	1	5156	1976.0226	1976.0226
83	34	14484	1976.0226	1976.0226
5743	15	336	1976.0302	1976.0302
5743	15	197	1976.0302	1976.0302
24538	15	2257	1976.0317	1976.0317
5364	15	820	1976.0317	1976.0317
24584	15	820	1976.0329	1976.0329
5107	41	6452	1976.0329	1981.0329
6254	70	29518	1976.0411	1976.0414
10117	15	197	1976.0414	1976.0414
10117	15	336	1976.0414	1976.0414
10676	15	197	1976.0415	1976.0415
9470	25	4054	1976.0422	2014.0518
440	25	19077	1976.0427	1976.0427
33718	19	1710	1976.0428	1988.0
1710	19	33718	1976.0428	1988.0
14172	15	197	1976.0429	1976.0429
14172	15	336	1976.0429	1976.0429
203	44	9529	1976.0506	1976.0506
7820	15	3470	1976.0519	1976.0519
35965	41	6751	1976.0524	1976.0524
1524	32	5474	1976.06	1976.06
8472	33	31035	1976.0612	1988.0126
2029	25	2483	1976.0618	1976.0618
27452	41	4308	1976.0619	1976.0619
14813	19	14814	1976.0622	1976.0622
14814	19	14813	1976.0622	1992.0802
19532	21	73	1976.0626	1991.1226
20614	15	5058	1976.0701	1976.0701
5669	12	6601	1976.0701	1976.0701
356	12	6601	1976.0701	1976.0701
32828	41	3698	1976.0701	1984.07
641	62	15068	1976.0706	1978.0305
18477	15	9957	1976.0709	1976.0709
34739	86	37579	1976.0711	1976.0711
41361	21	73	1976.0713	1991.0
42510	41	36453	1976.0714	1986.0309
3593	25	1577	1976.0716	1976.0716
6118	15	197	1976.073	1976.073
6118	15	336	1976.073	1976.073
32420	40	42544	1976.0801	1976.0801
10579	15	197	1976.0812	1976.0812
10579	15	336	1976.0812	1976.0812
13173	41	21204	1976.0826	1981.0522
26707	19	23997	1976.0828	1993.0101
23997	19	26707	1976.0828	1993.0101
5156	62	16614	1976.083	2016.0531
9727	15	336	1976.0907	1976.0907
9727	15	197	1976.0907	1976.0907
6607	25	14484	1976.0909	1976.0909
17096	15	336	1976.0909	1976.0909
17096	15	197	1976.0909	1976.0909
40724	41	35177	1976.091	1979.0504
6254	70	33372	1976.0927	1976.1025
12516	15	336	1976.1006	1976.1006
12516	15	197	1976.1006	1976.1006
577	25	1577	1976.1011	1976.1011
36075	15	1249	1976.1012	1976.1012
6254	70	29518	1976.1025	1979.1007
8218	25	611	1976.1028	1976.1028
3123	15	13551	1976.1029	1976.1029
3123	15	1159	1976.1029	1976.1029
75	62	21352	1976.1029	1989.1024
35972	170	1660	1976.11	1976.11
5179	70	22196	1976.1102	1981.1103
38978	40	5504	1976.1105	1976.1105
10082	41	3626	1976.1115	1978.0402
26766	41	296	1976.1115	1978.0402
19185	40	5504	1976.1117	1976.1117
3123	15	26816	1976.1124	1976.1124
3123	15	41544	1976.12	1976.12
3123	15	2750	1976.12	1976.12
2447	25	333	1976.1201	1976.1201
18053	41	17071	1976.1203	1977.1031
10082	41	1339	1976.1205	1994.1104
23900	15	197	1976.1206	1976.1206
39850	21	453	1976.1211	2009.0
3123	15	28397	1976.1213	1976.1213
3123	15	13097	1976.1214	1976.1214
3123	15	37234	1976.1214	1976.1214
175	9	13653	1976.1214	1979.0531
13653	41	13910	1976.1214	1979.0531
4656	41	302	1976.1214	1980.1104
32330	41	302	1976.1214	1980.1104
12906	41	302	1976.1214	1980.1104
4157	41	302	1976.1214	1980.1104
3123	15	15171	1976.1215	1976.1215
9704	25	333	1976.1215	1976.1215
27799	41	999	1976.1216	1982.0917
3123	15	17191	1976.1217	1976.1217
3123	15	197	1976.1218	1976.1218
3123	15	562	1976.1218	1976.1218
3123	15	1664	1976.1218	1976.1218
2413	15	197	1976.1225	1976.1225
14227	15	197	1976.1227	1976.1227
401	15	1249	1976.1229	1976.1229
27697	15	451	1976.1231	1976.1231
19266	15	451	1976.1231	1976.1231
1025	16	1026	1977.0	1977.0
4629	17	4630	1977.0	1977.0
5561	3	5562	1977.0	1977.0
8520	15	8521	1977.0	1977.0
5528	15	869	1977.0	1977.0
1213	30	10503	1977.0	1977.0
4637	30	14665	1977.0	1977.0
3118	30	15604	1977.0	1977.0
12107	16	3065	1977.0	1977.0
6142	17	4046	1977.0	1977.0
17689	16	8257	1977.0	1977.0
744	15	2716	1977.0	1977.0
12107	16	4558	1977.0	1977.0
18882	15	18883	1977.0	1977.0
19272	16	10772	1977.0	1977.0
19358	15	10772	1977.0	1977.0
2749	15	3186	1977.0	1977.0
21638	16	5204	1977.0	1977.0
22592	15	8257	1977.0	1977.0
3064	16	16647	1977.0	1977.0
10772	30	19358	1977.0	1977.0
607	15	1772	1977.0	1977.0
18905	3	5626	1977.0	1977.0
25727	15	2778	1977.0	1977.0
9846	15	3998	1977.0	1977.0
26601	16	2902	1977.0	1977.0
13625	16	3243	1977.0	1977.0
27564	3	9725	1977.0	1977.0
28139	17	728	1977.0	1977.0
13912	15	23006	1977.0	1977.0
22017	71	2157	1977.0	1977.0
503	30	7782	1977.0	1977.0
14905	17	14906	1977.0	1977.0
21231	3	28398	1977.0	1977.0
12285	3	32068	1977.0	1977.0
1358	19	1357	1977.0	1977.0
12143	3	28137	1977.0	1977.0
17147	25	142	1977.0	1977.0
257	15	17573	1977.0	1977.0
4740	30	15157	1977.0	1977.0
33130	3	14402	1977.0	1977.0
11864	15	461	1977.0	1977.0
2202	30	4057	1977.0	1977.0
3721	15	3034	1977.0	1977.0
3410	15	8692	1977.0	1977.0
3814	15	3815	1977.0	1977.0
34769	3	1616	1977.0	1977.0
1966	32	10146	1977.0	1977.0
10710	30	6365	1977.0	1977.0
9992	30	1991	1977.0	1977.0
21638	15	13602	1977.0	1977.0
32454	3	1404	1977.0	1977.0
1991	15	1487	1977.0	1977.0
4359	30	28320	1977.0	1977.0
10157	32	5411	1977.0	1977.0
16196	15	2578	1977.0	1977.0
31830	14	12330	1977.0	1977.0
26715	16	2491	1977.0	1977.0
22920	16	10772	1977.0	1977.0
4570	30	13277	1977.0	1977.0
22592	16	8257	1977.0	1977.0
6916	15	19659	1977.0	1977.0
38819	3	11772	1977.0	1977.0
18217	15	451	1977.0	1977.0
5411	32	6023	1977.0	1977.0
19467	3	22586	1977.0	1977.0
337	30	18489	1977.0	1977.0
425	3	6168	1977.0	1977.0
39227	3	115	1977.0	1977.0
9361	15	451	1977.0	1977.0
36419	3	23414	1977.0	1977.0
21638	15	5204	1977.0	1977.0
24773	3	27636	1977.0	1977.0
13917	14	2740	1977.0	1977.0
31459	15	869	1977.0	1977.0
28111	15	4088	1977.0	1977.0
5419	3	12762	1977.0	1977.0
28112	16	2491	1977.0	1977.0
5254	38	5387	1977.0	1977.0
2684	15	524	1977.0	1977.0
28621	16	1487	1977.0	1977.0
4623	15	3176	1977.0	1977.0
10503	15	1213	1977.0	1977.0
36524	3	13757	1977.0	1977.0
10503	15	2491	1977.0	1977.0
22440	16	4540	1977.0	1977.0
15550	15	869	1977.0	1977.0
13620	15	8697	1977.0	1977.0
8429	3	3234	1977.0	1977.0
34657	3	23305	1977.0	1977.0
40970	3	115	1977.0	1977.0
1019	30	32420	1977.0	1977.0
40993	3	40994	1977.0	1977.0
28353	15	3982	1977.0	1977.0
13151	3	3498	1977.0	1977.0
10503	16	1213	1977.0	1977.0
2902	30	22391	1977.0	1977.0
5563	16	2491	1977.0	1977.0
3612	16	24752	1977.0	1977.0
24400	3	34925	1977.0	1977.0
30196	3	4831	1977.0	1977.0
5204	30	21638	1977.0	1977.0
3196	3	12741	1977.0	1977.0
40990	3	1017	1977.0	1977.0
13602	30	21638	1977.0	1977.0
38645	3	1017	1977.0	1977.0
37006	3	13757	1977.0	1977.0
6365	15	10710	1977.0	1977.0
26216	30	36594	1977.0	1977.0
7355	17	1709	1977.0	1977.0
18231	16	1487	1977.0	1977.0
232	25	142	1977.0	1977.0
8682	15	57	1977.0	1977.0
8994	14	1017	1977.0	1977.0
5194	15	869	1977.0	1977.0
461	30	11864	1977.0	1977.0
28471	160	726	1977.0	1977.0
15386	17	20179	1977.0	1977.0
23342	3	26243	1977.0	1977.0
3064	16	4558	1977.0	1977.0
3064	16	3065	1977.0	1977.0
283	30	14556	1977.0	1977.0
17578	15	17682	1977.0	1977.0
16303	15	6125	1977.0	1977.0
263	3	19978	1977.0	1977.0
31438	17	11873	1977.0	1977.0
30558	19	9092	1977.0	1977.0
6633	15	1504	1977.0	1977.0
16647	30	20377	1977.0	1977.0
1091	3	17537	1977.0	1977.0
9692	15	14568	1977.0	1977.0
8582	32	3989	1977.0	1977.0
29947	16	10772	1977.0	1977.0
28769	15	8692	1977.0	1977.0
10166	71	856	1977.0	1977.0
31712	3	20585	1977.0	1977.0
28190	30	17002	1977.0	1977.0
23215	14	22523	1977.0	1977.0
4532	15	4533	1977.0	1977.0
42191	17	4046	1977.0	1977.0
5216	40	2916	1977.0	1977.0
2894	16	3243	1977.0	1977.0
2716	30	744	1977.0	1977.0
27317	16	3815	1977.0	1977.0
17147	15	1650	1977.0	1977.0
20952	15	451	1977.0	1977.0
1177	15	2913	1977.0	1977.0
33325	3	6282	1977.0	1977.0
11864	15	3034	1977.0	1977.0
22705	3	19352	1977.0	1977.0
2912	15	8945	1977.0	1977.0
34101	3	9693	1977.0	1977.0
2749	15	3574	1977.0	1977.0
38201	3	5607	1977.0	1977.0
36915	3	6631	1977.0	1977.0
13620	16	8697	1977.0	1977.0
18910	30	20857	1977.0	1977.0
39530	16	40852	1977.0	1977.0
28200	17	11904	1977.0	1977.0
6958	15	31905	1977.0	1977.0
7715	15	3129	1977.0	1977.0
1025	16	10772	1977.0	1977.0
42337	3	323	1977.0	1977.0
1025	16	7064	1977.0	1977.0
15157	15	4740	1977.0	1977.0
21364	3	3041	1977.0	1977.0
3612	15	24752	1977.0	1977.0
7495	15	7209	1977.0	1977.0
42362	3	26193	1977.0	1977.0
2578	30	16196	1977.0	1977.0
26282	3	1123	1977.0	1977.0
1524	32	3633	1977.0	1977.0
8569	15	24654	1977.0	1977.0
21815	3	32170	1977.0	1977.0
7487	30	21143	1977.0	1977.0
10395	14	2740	1977.0	1977.0
27012	15	197	1977.0	1977.0
24157	15	1772	1977.0	1977.0
38984	15	14446	1977.0	1977.0
11487	3	16703	1977.0	1977.0
31906	41	792	1977.0	1977.0
2895	30	17980	1977.0	1977.0
38162	4	20802	1977.0	1977.0
10056	30	19744	1977.0	1977.0
19358	16	10772	1977.0	1977.0
16796	15	24654	1977.0	1977.0
5414	40	2916	1977.0	1977.0
22459	15	8277	1977.0	1977.0
1855	15	820	1977.0	1977.0
14517	16	524	1977.0	1977.0
3814	16	3815	1977.0	1977.0
2351	30	8162	1977.0	1977.0
16481	3	18875	1977.0	1977.0
27728	16	2231	1977.0	1977.0
19592	3	6282	1977.0	1977.0
25797	3	21127	1977.0	1977.0
35571	3	1123	1977.0	1977.0
13912	15	39203	1977.0	1977.0
22144	71	25435	1977.0	1977.0
40292	3	36208	1977.0	1977.0
13317	18	1448	1977.0	1977.0
4623	16	229	1977.0	1977.0
3151	3	18819	1977.0	1977.0
2684	16	524	1977.0	1977.0
3998	30	9846	1977.0	1977.0
15604	15	3118	1977.0	1977.0
26925	3	15541	1977.0	1977.0
36594	15	26216	1977.0	1977.0
36596	3	20639	1977.0	1977.0
34979	15	31805	1977.0	1977.0
42642	41	3698	1977.0	1977.0
262	32	5341	1977.0	1977.0
15604	16	3118	1977.0	1977.0
4623	16	1504	1977.0	1977.0
27172	3	1369	1977.0	1977.0
5059	30	3244	1977.0	1977.0
9846	4	830	1977.0	1978.0
15429	4	21029	1977.0	1978.0
14504	3	3968	1977.0	1978.0
3671	9	33174	1977.0	1978.0
12585	4	12185	1977.0	1978.0
20038	14	33407	1977.0	1978.0
32967	4	830	1977.0	1978.0
18685	3	28795	1977.0	1978.0
15207	41	2940	1977.0	1979.0
460	3	3535	1977.0	1979.0
22145	14	36277	1977.0	1979.0
30788	3	1548	1977.0	1979.0
32890	4	31183	1977.0	1979.0
13795	41	16805	1977.0	1979.0
21102	41	29865	1977.0	1979.0
5820	3	11947	1977.0	1979.0
41015	4	27326	1977.0	1979.0
11719	41	15313	1977.0	1980.0
12056	4	18939	1977.0	1980.0
10857	3	9290	1977.0	1980.0
2595	123	32542	1977.0	1980.0
32542	14	2595	1977.0	1980.0
20167	4	36390	1977.0	1980.0
24301	18	1092	1977.0	1981.0
19038	3	19039	1977.0	1981.0
36026	14	14438	1977.0	1981.0
17359	3	23907	1977.0	1981.0
22653	3	18639	1977.0	1981.0
34053	4	9469	1977.0	1981.0
41721	3	408	1977.0	1981.0
31006	41	947	1977.0	1982.0
22741	4	5717	1977.0	1982.0
10166	14	22986	1977.0	1983.0
11623	170	14032	1977.0	1983.0
23773	41	947	1977.0	1983.0
2428	78	8315	1977.0	1983.0
17257	3	23103	1977.0	1984.0
33227	14	8844	1977.0	1984.0
12549	17	3922	1977.0	1985.0
33779	19	35059	1977.0	1985.0
14392	41	3698	1977.0	1985.0
17353	3	6491	1977.0	1985.0
26063	14	25893	1977.0	1986.0
38536	41	34293	1977.0	1986.0
31210	4	7602	1977.0	1987.0
33801	4	28024	1977.0	1987.0
18226	14	24058	1977.0	1988.0
28075	19	33486	1977.0	1990.0
4092	17	1709	1977.0	1990.0204
19087	17	728	1977.0	1991.0
27498	41	3706	1977.0	1991.0
3653	14	13951	1977.0	1991.0
28601	18	455	1977.0	1992.0
489	4	4037	1977.0	1992.0
37272	17	28579	1977.0	1995.0
20179	78	624	1977.0	1997.0
24755	78	2966	1977.0	2000.0
15966	33	113	1977.0	2004.0
3976	17	11873	1977.0	2007.1121
13143	21	13	1977.0	2011.0
33815	17	11904	1977.0	2013.0
11183	14	20286	1977.0	2018.0
1357	19	1358	1977.0101	1977.0101
4057	15	2202	1977.0101	1977.0101
4395	15	1922	1977.0101	1977.0101
4395	15	5967	1977.0101	1977.0101
11308	25	6187	1977.0101	1977.0101
14508	4	14509	1977.0101	1977.0101
12229	4	13847	1977.0101	1977.0101
17660	4	5145	1977.0101	1977.0101
17640	15	20058	1977.0101	1977.0101
17101	15	12655	1977.0101	1977.0101
27003	15	3493	1977.0101	1977.0101
12427	15	28397	1977.0101	1977.0101
10013	15	26343	1977.0101	1977.0101
7899	4	13132	1977.0101	1977.0101
12229	4	27413	1977.0101	1977.0101
15513	15	30473	1977.0101	1977.0101
25666	15	24281	1977.0101	1977.0101
232	15	18175	1977.0101	1977.0101
33706	15	655	1977.0101	1977.0101
7384	15	15746	1977.0101	1977.0101
5618	16	1504	1977.0101	1977.0101
35913	4	36199	1977.0101	1977.0101
16179	16	337	1977.0101	1977.0101
27237	15	22651	1977.0101	1977.0101
20857	15	34149	1977.0101	1977.0101
40598	3	1017	1977.0101	1977.0101
13891	71	3977	1977.0101	1977.0101
14422	15	37818	1977.0101	1977.0101
3989	32	8582	1977.0101	1977.0101
37193	4	13899	1977.0101	1977.0101
4773	46	24425	1977.0101	1977.0101
2068	16	503	1977.0101	1977.0101
33294	4	13960	1977.0101	1977.0101
21907	4	5937	1977.0101	1977.0101
17496	4	1866	1977.0101	1977.0101
3735	3	8689	1977.0101	1977.0101
477	19	25979	1977.0101	1977.0101
40446	15	655	1977.0101	1977.0101
28939	15	29728	1977.0101	1977.0101
26160	4	15845	1977.0101	1977.0101
25937	16	1504	1977.0101	1977.0101
28161	4	12027	1977.0101	1977.0101
15060	15	4363	1977.0101	1977.0101
33306	33	15427	1977.0101	1977.0101
14909	15	6110	1977.0101	1977.0101
23011	4	3900	1977.0101	1977.0101
30757	3	37355	1977.0101	1977.0101
40008	15	1201	1977.0101	1977.0101
22576	40	1796	1977.0101	1977.0101
11415	15	35627	1977.0101	1977.0101
6632	16	1504	1977.0101	1977.0101
3123	15	37818	1977.0101	1977.0101
14861	15	20113	1977.0101	1977.0101
324	15	234	1977.0101	1977.0101
20857	15	18910	1977.0101	1977.0101
24698	15	37020	1977.0101	1977.0101
23725	15	275	1977.0101	1977.0101
9672	16	337	1977.0101	1977.0101
24643	15	14740	1977.0101	1977.0101
21151	15	28397	1977.0101	1977.0101
4059	15	8624	1977.0101	1977.0101
35934	15	12386	1977.0101	1977.0101
2814	15	7853	1977.0101	1977.0101
9937	15	655	1977.0101	1977.0101
5127	15	4847	1977.0101	1977.0101
30152	4	10340	1977.0101	1977.0101
31522	4	13157	1977.0101	1977.0101
9780	4	16058	1977.0101	1977.0101
6023	32	5411	1977.0101	1977.0101
15513	15	6846	1977.0101	1977.0101
9092	19	30558	1977.0101	1977.0101
26353	4	10724	1977.0101	1977.0101
5411	32	10157	1977.0101	1977.0101
19012	15	2575	1977.0101	1977.0101
14060	21	73	1977.0101	1977.0101
7872	15	19410	1977.0101	1977.0101
23075	15	655	1977.0101	1977.0101
37286	4	14645	1977.0101	1977.0101
29541	21	73	1977.0101	1977.0101
4395	15	3348	1977.0101	1977.0101
25979	19	477	1977.0101	1977.0101
3727	4	1321	1977.0101	1978.0101
6499	4	22130	1977.0101	1978.0101
14606	4	13087	1977.0101	1978.0101
35707	4	8333	1977.0101	1978.0101
17080	4	38260	1977.0101	1978.0101
5625	4	37380	1977.0101	1978.0101
38332	4	2423	1977.0101	1978.0101
12256	4	14588	1977.0101	1978.0101
36780	4	2928	1977.0101	1978.0101
5105	4	4291	1977.0101	1978.0101
14972	4	15845	1977.0101	1978.0101
21907	4	17920	1977.0101	1978.0101
15919	4	32077	1977.0101	1978.0101
41792	4	5307	1977.0101	1978.0101
35913	4	8437	1977.0101	1978.0101
29850	4	4936	1977.0101	1978.0101
553	25	16870	1977.0101	1978.0101
21408	4	6172	1977.0101	1978.0101
3582	4	22130	1977.0101	1978.0101
15291	4	2372	1977.0101	1978.0101
32473	4	8333	1977.0101	1978.0101
32296	4	29811	1977.0101	1978.0101
8791	4	1660	1977.0101	1978.0101
12592	4	8289	1977.0101	1978.0101
16128	4	4728	1977.0101	1978.0101
42343	4	889	1977.0101	1978.0101
7622	4	35255	1977.0101	1978.0101
19267	4	4324	1977.0101	1978.0101
8169	4	2138	1977.0101	1978.0101
5472	4	4441	1977.0101	1978.0101
138	4	25248	1977.0101	1978.0101
8762	4	9599	1977.0101	1978.0101
5393	4	5394	1977.0101	1979.0101
16330	4	16331	1977.0101	1979.0101
15053	19	6352	1977.0101	1979.0101
13792	4	6252	1977.0101	1979.0101
9510	4	2427	1977.0101	1979.0101
28034	4	8580	1977.0101	1979.0101
40816	4	10466	1977.0101	1979.0101
26895	4	24750	1977.0101	1979.0101
35201	3	1548	1977.0101	1979.0101
38124	4	6236	1977.0101	1979.0101
14972	4	8108	1977.0101	1979.0101
41278	4	20701	1977.0101	1979.0101
17015	4	7207	1977.0101	1979.0101
32211	4	13878	1977.0101	1979.0101
9296	4	3606	1977.0101	1979.0101
15571	4	39820	1977.0101	1979.0101
23399	4	18618	1977.0101	1979.0101
17115	4	25580	1977.0101	1979.0101
34890	4	17869	1977.0101	1979.0101
22381	4	12182	1977.0101	1979.0101
741	3	1548	1977.0101	1979.0101
5075	4	16300	1977.0101	1979.0101
35557	4	2239	1977.0101	1979.0101
38230	19	24949	1977.0101	1979.0101
36143	4	28206	1977.0101	1979.0101
36143	4	5701	1977.0101	1979.0101
6352	19	15053	1977.0101	1979.0101
4323	4	4324	1977.0101	1980.0101
13915	4	13916	1977.0101	1980.0101
4738	4	16631	1977.0101	1980.0101
8022	4	7765	1977.0101	1980.0101
17496	4	1866	1977.0101	1980.0101
29721	4	1100	1977.0101	1980.0101
10216	4	7931	1977.0101	1980.0101
21698	4	14984	1977.0101	1980.0101
18879	19	11741	1977.0101	1980.0101
8872	4	390	1977.0101	1980.0101
22688	4	5958	1977.0101	1980.0101
11741	19	18879	1977.0101	1980.0101
683	4	17995	1977.0101	1980.0101
28989	4	4465	1977.0101	1980.0101
42300	4	11017	1977.0101	1980.0101
30109	4	8475	1977.0101	1980.0101
12873	4	6477	1977.0101	1980.0101
18452	4	6890	1977.0101	1980.0101
39590	4	10880	1977.0101	1980.0101
37286	4	5145	1977.0101	1980.0101
3935	4	28024	1977.0101	1980.0101
17223	4	7931	1977.0101	1980.0101
22242	4	6124	1977.0101	1980.0101
1865	4	1866	1977.0101	1981.0101
8554	4	8555	1977.0101	1981.0101
17267	19	17268	1977.0101	1981.0101
26896	4	5875	1977.0101	1981.0101
17496	4	19470	1977.0101	1981.0101
26353	4	27567	1977.0101	1981.0101
1041	4	9083	1977.0101	1981.0101
33746	4	4152	1977.0101	1981.0101
21781	4	13878	1977.0101	1981.0101
9930	4	15785	1977.0101	1981.0101
10329	4	3729	1977.0101	1981.0101
38968	4	17352	1977.0101	1981.0101
7687	4	10705	1977.0101	1981.0101
17268	19	17267	1977.0101	1981.0101
8938	4	10575	1977.0101	1981.0101
8938	4	34099	1977.0101	1981.0101
17479	25	19783	1977.0101	1981.0101
5084	4	4770	1977.0101	1982.0101
2883	4	429	1977.0101	1982.0101
34086	123	32773	1977.0101	1982.0101
10874	4	948	1977.0101	1982.0101
702	4	5748	1977.0101	1982.0101
30664	4	28206	1977.0101	1982.0101
33682	4	889	1977.0101	1982.0101
18201	4	15710	1977.0101	1983.0101
30023	19	30024	1977.0101	1983.0101
5237	4	10340	1977.0101	1983.0101
32647	4	980	1977.0101	1983.0101
6123	4	13842	1977.0101	1983.0101
30024	19	30023	1977.0101	1983.0101
9095	4	35255	1977.0101	1983.0101
5150	4	2028	1977.0101	1983.0101
17585	3	31173	1977.0101	1983.0101
12908	4	31222	1977.0101	1983.0101
2005	40	11649	1977.0101	1984.0101
29502	4	6339	1977.0101	1984.0101
6137	4	390	1977.0101	1984.0101
35284	4	1003	1977.0101	1984.0101
24485	4	10958	1977.0101	1984.0101
24761	14	24762	1977.0101	1985.0101
35059	19	33779	1977.0101	1985.0101
37073	4	20177	1977.0101	1985.0101
25375	4	22186	1977.0101	1986.0
16280	4	359	1977.0101	1986.0101
2452	4	376	1977.0101	1986.0101
28631	4	7361	1977.0101	1986.0101
40517	4	4077	1977.0101	1986.0101
28543	4	260	1977.0101	1986.0101
25608	4	13055	1977.0101	1986.0101
21635	4	4202	1977.0101	1986.0101
1119	4	5140	1977.0101	1987.0101
14037	4	11658	1977.0101	1987.0101
26382	4	2809	1977.0101	1990.0101
33486	19	28075	1977.0101	1990.0101
39394	4	24519	1977.0101	1990.0101
16431	4	31371	1977.0101	1996.0101
13830	4	5706	1977.0101	1997.0101
7653	14	4522	1977.0101	1998.0101
25914	4	15035	1977.0101	2000.0101
35279	14	10254	1977.0101	2001.0101
31536	41	4912	1977.0101	2001.0318
37505	14	14827	1977.0101	2006.0101
11978	41	7393	1977.0103	1985.0
5528	15	1772	1977.0107	1977.0107
14400	15	1772	1977.0107	1977.0107
17830	151	13714	1977.0107	1989.02
1537	15	2913	1977.011	1977.011
15858	15	6617	1977.0112	1977.0112
31023	41	5154	1977.012	1981.012
32355	41	7045	1977.0121	1981.012
19176	41	2819	1977.0203	1980.0324
13763	15	24654	1977.0206	1977.0206
24949	19	38230	1977.0208	1979.0
1004	25	652	1977.021	1977.021
2447	25	1577	1977.0311	1977.0311
5469	41	4912	1977.0318	2010.0227
18454	41	4912	1977.032	1994.0515
203	70	10082	1977.032	1995.0516
8218	25	1577	1977.0322	1977.0322
7301	25	611	1977.0324	1977.0324
553	70	14222	1977.0324	1979.0728
14222	41	7095	1977.0324	1979.0728
7301	25	1559	1977.0325	1977.0325
7301	25	2483	1977.0325	1977.0325
383	70	33629	1977.0502	1981.0123
11463	17	14906	1977.0509	1977.0509
4985	15	7851	1977.0519	1977.0519
5927	7	814	1977.0524	1977.0524
613	25	25984	1977.0531	1977.0531
25303	15	197	1977.0531	1977.0531
35231	15	5058	1977.0611	1977.0611
235	70	2026	1977.062	1983.101
2026	41	5418	1977.0621	1983.101
14488	12	1345	1977.0623	1977.0623
21840	41	279	1977.0705	1981.0521
22841	41	279	1977.0705	1981.0521
278	41	279	1977.0705	1981.0521
25799	41	279	1977.0705	1981.0521
19971	41	279	1977.0705	1981.0521
19929	41	279	1977.0705	1981.0521
19110	41	279	1977.0705	1981.0521
717	41	279	1977.0705	1981.0521
6911	41	279	1977.0705	1981.0521
17910	41	279	1977.0705	1981.0521
21637	41	279	1977.0705	1981.0521
34960	41	279	1977.0705	1981.0521
12723	41	279	1977.0705	1981.0521
39881	41	279	1977.0705	1981.0521
1844	41	279	1977.0705	1981.0521
40142	41	279	1977.0705	1981.0521
24266	41	279	1977.0705	1981.0521
37649	41	279	1977.0705	1981.0521
23800	41	279	1977.0705	1981.0521
28017	41	279	1977.0705	1981.0521
6192	41	279	1977.0705	1981.0521
16634	41	279	1977.0705	1981.0521
23286	41	279	1977.0705	1981.0521
883	41	279	1977.0705	1981.0521
38504	48	3912	1977.0712	1977.0712
8119	15	8120	1977.0714	1977.0714
16907	15	8120	1977.0714	1977.0714
16735	15	8120	1977.0714	1977.0714
36129	15	8120	1977.0714	1977.0714
33265	15	8120	1977.0714	1977.0714
16360	15	8120	1977.0714	1977.0714
393	15	8120	1977.0714	1977.0714
33699	15	8120	1977.0714	1977.0714
40424	41	17559	1977.0725	1982.0725
553	62	40424	1977.0725	1982.0725
1535	44	16198	1977.0801	1977.0801
32877	44	5665	1977.0801	1977.0801
1729	29	5665	1977.0801	1978.0131
5665	44	1729	1977.0801	1978.0131
1729	29	25101	1977.0801	1978.0131
25101	44	1729	1977.0801	1978.0131
1536	29	16198	1977.0801	2004.1231
8940	44	16198	1977.0801	2005.0101
183	44	16198	1977.0801	2005.0101
26984	44	16198	1977.0801	2005.0101
1823	19	29204	1977.0802	2014.0
15858	15	2034	1977.0816	1977.0816
29318	21	75	1977.0824	1990.1003
35972	170	6749	1977.09	1977.09
14488	25	14484	1977.0904	1977.0904
14488	25	333	1977.092	1977.092
2056	25	333	1977.092	1977.092
6531	32	5299	1977.0929	1977.0929
4924	25	1559	1977.093	1977.093
366	25	2483	1977.093	1977.093
4924	25	611	1977.093	1977.093
40720	14	15309	1977.1001	1977.1001
5927	7	1760	1977.102	1977.102
3550	32	1156	1977.1021	1977.1021
1156	32	3550	1977.1021	1977.1021
29742	41	3443	1977.1024	1981.0508
7801	19	24547	1977.1028	1977.1028
24547	19	7801	1977.1028	1977.1028
2413	15	336	1977.1104	1977.1104
2413	15	197	1977.1104	1977.1104
17492	19	19697	1977.1105	1977.1105
19697	19	17492	1977.1105	1977.1105
17652	15	2034	1977.1118	1977.1118
2364	15	2034	1977.1118	1977.1118
2364	15	1159	1977.1122	1977.1122
8698	15	562	1977.1201	1977.1201
8698	15	1664	1977.1201	1977.1201
8698	15	197	1977.1201	1977.1201
38779	40	11649	1977.1201	1977.1201
8218	25	1559	1977.1209	1977.1209
28694	41	7796	1977.1214	1978.063
33174	41	1339	1977.1218	1978.0701
11548	15	5058	1977.1231	1977.1231
3814	16	3815	1978.0	1978.0
5972	14	5973	1978.0	1978.0
4814	33	658	1978.0	1978.0
1177	15	7846	1978.0	1978.0
8500	15	869	1978.0	1978.0
7475	15	14980	1978.0	1978.0
15659	94	15660	1978.0	1978.0
17596	3	7892	1978.0	1978.0
7487	30	14243	1978.0	1978.0
20404	28	20405	1978.0	1978.0
7726	16	1487	1978.0	1978.0
11145	94	3309	1978.0	1978.0
26797	17	728	1978.0	1978.0
27153	30	4596	1978.0	1978.0
12492	3	12423	1978.0	1978.0
29839	15	229	1978.0	1978.0
6081	16	5204	1978.0	1978.0
3721	15	3034	1978.0	1978.0
19559	15	31650	1978.0	1978.0
5104	16	2491	1978.0	1978.0
7956	16	1487	1978.0	1978.0
14517	16	2491	1978.0	1978.0
32231	3	32232	1978.0	1978.0
32651	15	7209	1978.0	1978.0
24466	3	32760	1978.0	1978.0
32840	15	19388	1978.0	1978.0
26485	3	3645	1978.0	1978.0
2749	15	6617	1978.0	1978.0
17025	71	25435	1978.0	1978.0
8520	16	8521	1978.0	1978.0
3422	30	13620	1978.0	1978.0
26867	3	8354	1978.0	1978.0
16647	30	26536	1978.0	1978.0
2749	15	6703	1978.0	1978.0
11469	15	25462	1978.0	1978.0
35474	16	57	1978.0	1978.0
1966	32	3784	1978.0	1978.0
22544	16	57	1978.0	1978.0
10597	15	1487	1978.0	1978.0
36800	3	19396	1978.0	1978.0
3998	30	16763	1978.0	1978.0
3243	30	13625	1978.0	1978.0
34737	15	124	1978.0	1978.0
24056	15	451	1978.0	1978.0
27795	3	472	1978.0	1978.0
7346	3	24470	1978.0	1978.0
8568	15	1772	1978.0	1978.0
29947	16	10772	1978.0	1978.0
39530	15	8697	1978.0	1978.0
5604	15	869	1978.0	1978.0
3118	30	2894	1978.0	1978.0
24181	16	2491	1978.0	1978.0
11960	16	17493	1978.0	1978.0
384	15	4088	1978.0	1978.0
39803	15	869	1978.0	1978.0
15157	15	3034	1978.0	1978.0
27414	3	9316	1978.0	1978.0
3278	15	503	1978.0	1978.0
34918	3	40360	1978.0	1978.0
10772	30	17870	1978.0	1978.0
20405	94	13402	1978.0	1978.0
14249	94	203	1978.0	1978.0
28552	3	37370	1978.0	1978.0
15379	16	4681	1978.0	1978.0
3526	32	22736	1978.0	1978.0
6141	3	7023	1978.0	1978.0
1358	37	673	1978.0	1978.0
33570	15	7846	1978.0	1978.0
283	30	33511	1978.0	1978.0
7820	38	368	1978.0	1978.0
38979	3	2365	1978.0	1978.0
6633	16	1487	1978.0	1978.0
7786	112	15994	1978.0	1978.0
19559	16	31650	1978.0	1978.0
39031	3	5607	1978.0	1978.0
8711	3	2746	1978.0	1978.0
30380	3	1017	1978.0	1978.0
25756	15	8314	1978.0	1978.0
33045	17	9246	1978.0	1978.0
33674	15	4740	1978.0	1978.0
9992	30	10597	1978.0	1978.0
337	30	7983	1978.0	1978.0
29513	15	1650	1978.0	1978.0
5204	30	6081	1978.0	1978.0
34200	15	25566	1978.0	1978.0
25892	44	1536	1978.0	1978.0
17741	16	3982	1978.0	1978.0
14172	14	20988	1978.0	1978.0
4814	3	9316	1978.0	1978.0
2293	15	4800	1978.0	1978.0
15659	94	18665	1978.0	1978.0
21612	4	40013	1978.0	1978.0
2070	15	34168	1978.0	1978.0
41444	3	18103	1978.0	1978.0
652	50	31484	1978.0	1978.0
4570	30	1512	1978.0	1978.0
461	30	8162	1978.0	1978.0
34981	3	7880	1978.0	1978.0
25956	17	4046	1978.0	1978.0
124	30	34737	1978.0	1978.0
3850	44	1536	1978.0	1978.0
13421	3	35686	1978.0	1978.0
19527	15	21856	1978.0	1978.0
3064	15	3065	1978.0	1978.0
31010	33	5022	1978.0	1978.0
6483	3	1319	1978.0	1978.0
3321	41	455	1978.0	1978.0
32181	25	897	1978.0	1978.0
4453	15	12160	1978.0	1978.0
13051	30	13620	1978.0	1978.0
6373	3	20138	1978.0	1978.0
7786	112	8810	1978.0	1978.0
10117	25	325	1978.0	1978.0
24515	41	4374	1978.0	1978.0
42161	15	18883	1978.0	1978.0
28190	30	2023	1978.0	1978.0
16104	15	7157	1978.0	1978.0
3278	16	503	1978.0	1978.0
4359	30	28320	1978.0	1978.0
2894	16	3243	1978.0	1978.0
2894	16	3118	1978.0	1978.0
2894	15	3118	1978.0	1978.0
11145	94	19723	1978.0	1978.0
32710	15	3034	1978.0	1978.0
7739	15	2491	1978.0	1978.0
6706	15	7846	1978.0	1978.0
2749	15	13097	1978.0	1978.0
1425	15	7429	1978.0	1978.0
7157	30	16104	1978.0	1978.0
26910	15	39857	1978.0	1978.0
2749	15	1159	1978.0	1978.0
8983	15	10733	1978.0	1978.0
2749	15	17191	1978.0	1978.0
34681	3	21867	1978.0	1978.0
39653	15	15736	1978.0	1978.0
29839	16	1504	1978.0	1978.0
28103	4	12805	1978.0	1978.0
29839	16	229	1978.0	1978.0
39530	16	8697	1978.0	1978.0
13620	16	13051	1978.0	1978.0
21085	17	93	1978.0	1978.0
24145	15	1249	1978.0	1978.0
13620	15	3422	1978.0	1978.0
11983	18	1587	1978.0	1978.0
3993	30	7538	1978.0	1978.0
21085	17	95	1978.0	1978.0
13620	16	3422	1978.0	1978.0
13620	15	13051	1978.0	1978.0
391	15	258	1978.0	1978.0
13546	15	10747	1978.0	1978.0
22825	3	1369	1978.0	1978.0
19744	15	8092	1978.0	1978.0
19968	30	26911	1978.0	1978.0
5388	15	8314	1978.0	1978.0
29787	3	5318	1978.0	1978.0
34259	3	19978	1978.0	1978.0
6133	15	7846	1978.0	1978.0
18597	172	11224	1978.0	1978.0
1307	3	6724	1978.0	1978.0
40908	3	14402	1978.0	1978.0
13625	16	7487	1978.0	1978.0
2507	3	39173	1978.0	1978.0
28259	3	2296	1978.0	1978.0
17731	16	2980	1978.0	1978.0
18597	44	1268	1978.0	1978.0
4740	30	33674	1978.0	1978.0
13625	16	3243	1978.0	1978.0
32109	16	2231	1978.0	1978.0
281	30	11906	1978.0	1978.0
13625	15	3243	1978.0	1978.0
18597	94	1818	1978.0	1978.0
16763	15	3998	1978.0	1978.0
36075	15	820	1978.0	1978.0
20699	3	3041	1978.0	1978.0
15270	3	18132	1978.0	1978.0
11965	30	13186	1978.0	1978.0
18886	3	27810	1978.0	1978.0
1213	30	12045	1978.0	1978.0
10056	30	36066	1978.0	1978.0
27871	15	3982	1978.0	1978.0
40546	3	25056	1978.0	1978.0
10733	30	8983	1978.0	1978.0
6081	15	5204	1978.0	1978.0
2351	30	29777	1978.0	1978.0
4804	3	13113	1978.0	1978.0
31650	30	19559	1978.0	1978.0
26466	15	11195	1978.0	1978.0
13186	15	11965	1978.0	1978.0
29777	15	2351	1978.0	1978.0
11894	32	14994	1978.0	1978.0
17870	15	10772	1978.0	1978.0
5004	3	6449	1978.0	1978.0
33220	4	12805	1978.0	1978.0
17870	16	10772	1978.0	1978.0
17870	16	1026	1978.0	1978.0
11831	3	26853	1978.0	1978.0
23994	3	18295	1978.0	1978.0
877	21	13	1978.0	1978.0
3147	134	14684	1978.0	1978.0
26242	3	13554	1978.0	1978.0
6041	3	6308	1978.0	1978.0
11059	15	792	1978.0	1978.0
3158	15	42665	1978.0	1978.0
34056	15	36055	1978.0	1978.0
12329	14	12330	1978.0	1979.0
32178	3	18819	1978.0	1979.0
35276	4	19150	1978.0	1979.0
26242	3	1030	1978.0	1979.0
21612	4	3312	1978.0	1979.0
12585	4	7207	1978.0	1979.0
15429	4	35145	1978.0	1979.0
23563	41	1339	1978.0	1979.0
32967	4	4991	1978.0	1979.0
28026	60	1570	1978.0	1979.0
10426	3	1548	1978.0	1980.0
32515	3	1548	1978.0	1980.0
33527	3	1548	1978.0	1980.0
37282	4	4487	1978.0	1980.0
16677	3	1548	1978.0	1980.0
16387	3	1548	1978.0	1980.0
21680	33	140	1978.0	1980.0
2149	41	3698	1978.0	1980.0
27888	170	6749	1978.0	1980.0
29243	3	1548	1978.0	1980.0
33514	41	3706	1978.0	1980.0
13737	41	4374	1978.0	1980.0
10332	4	782	1978.0	1981.0
39866	17	1805	1978.0	1981.0
9446	41	1954	1978.0	1981.0
19714	3	22918	1978.0	1981.0
28534	3	7191	1978.0	1981.0
23562	4	10052	1978.0	1981.0
35151	33	235	1978.0	1981.0817
10417	3	1017	1978.0	1982.0
27332	41	947	1978.0	1982.0
22144	14	20739	1978.0	1982.0
2727	41	947	1978.0	1982.0
11370	4	11371	1978.0	1983.0
3569	4	830	1978.0	1983.0
9090	3	14123	1978.0	1983.0
22593	41	3698	1978.0	1983.0
36692	3	31729	1978.0	1983.0
22770	19	18464	1978.0	1983.0101
12915	3	12916	1978.0	1984.0
24043	4	15732	1978.0	1984.0
35351	41	947	1978.0	1984.0
21277	41	947	1978.0	1985.0
17353	37	17555	1978.0	1985.0
5082	4	17685	1978.0	1986.0
4249	3	14123	1978.0	1986.0
15934	17	3922	1978.0	1986.0
12549	14	3041	1978.0	1987.0
1921	4	2977	1978.0	1988.0
4814	33	140	1978.0	1989.0
33141	46	4793	1978.0	1989.0
24547	17	29517	1978.0	1989.0
5749	4	1877	1978.0	1990.0
21942	33	8807	1978.0	1990.0
5782	17	1709	1978.0	1990.0204
31010	33	673	1978.0	1990.0216
24157	14	12312	1978.0	1991.0
2056	25	3855	1978.0	1991.0628
31210	4	4037	1978.0	1992.0
29341	17	277	1978.0	1993.0101
38162	4	11332	1978.0	1994.0
16592	41	947	1978.0	1994.0
14287	19	34542	1978.0	1999.0
34542	19	14287	1978.0	1999.0
36405	19	21160	1978.0	2003.0
21160	19	36405	1978.0	2003.0
3147	133	14684	1978.0	2004.1
35486	19	31584	1978.0	2005.0712
11145	94	3309	1978.0	2006.0
18597	44	1269	1978.0	2006.0
35724	44	10954	1978.0	2006.0
11145	44	28556	1978.0	2006.0
11145	44	9521	1978.0	2006.0
11145	94	18583	1978.0	2006.0
20405	44	3932	1978.0	2006.0
20405	44	1268	1978.0	2006.0
20405	94	29621	1978.0	2006.0
1819	94	203	1978.0	2006.0
13135	17	4630	1978.0	2007.0
32385	41	3698	1978.0	2007.0527
8591	154	26942	1978.0	2008.0
2581	84	930	1978.0	2008.0
930	50	2581	1978.0	2008.0
35818	17	4630	1978.0	2014.0
3492	15	3493	1978.0101	1978.0101
5173	15	5174	1978.0101	1978.0101
997	32	3094	1978.0101	1978.0101
9790	4	7352	1978.0101	1978.0101
14477	15	655	1978.0101	1978.0101
15493	16	524	1978.0101	1978.0101
6287	4	16617	1978.0101	1978.0101
16714	15	8744	1978.0101	1978.0101
12357	15	8277	1978.0101	1978.0101
17496	4	17278	1978.0101	1978.0101
6109	15	22408	1978.0101	1978.0101
26353	4	26354	1978.0101	1978.0101
26807	3	1848	1978.0101	1978.0101
19169	21	113	1978.0101	1978.0101
3461	4	10724	1978.0101	1978.0101
25853	4	32729	1978.0101	1978.0101
23618	15	17233	1978.0101	1978.0101
23187	15	12655	1978.0101	1978.0101
4104	32	4876	1978.0101	1978.0101
14137	15	869	1978.0101	1978.0101
33614	15	30121	1978.0101	1978.0101
32296	4	18027	1978.0101	1978.0101
23618	15	1201	1978.0101	1978.0101
6074	15	27463	1978.0101	1978.0101
32813	15	17753	1978.0101	1978.0101
16669	4	25111	1978.0101	1978.0101
3567	4	4465	1978.0101	1978.0101
39187	15	955	1978.0101	1978.0101
489	4	5151	1978.0101	1978.0101
12537	15	11897	1978.0101	1978.0101
30121	30	33614	1978.0101	1978.0101
6287	4	5290	1978.0101	1978.0101
31853	15	33808	1978.0101	1978.0101
25247	4	36199	1978.0101	1978.0101
11942	4	24936	1978.0101	1978.0101
41792	4	1952	1978.0101	1978.0101
1829	17	11873	1978.0101	1978.0101
41898	84	25037	1978.0101	1978.0101
7748	21	13	1978.0101	1978.0101
16768	3	15520	1978.0101	1978.0101
23011	4	8305	1978.0101	1978.0101
15060	15	1922	1978.0101	1978.0101
10800	16	1504	1978.0101	1978.0101
33164	4	34950	1978.0101	1978.0101
39898	15	8624	1978.0101	1978.0101
19059	15	35627	1978.0101	1978.0101
22736	32	3526	1978.0101	1978.0101
8022	4	15670	1978.0101	1978.0101
6074	15	10634	1978.0101	1978.0101
2814	15	1086	1978.0101	1978.0101
29839	16	1504	1978.0101	1978.0101
39515	4	2471	1978.0101	1978.0101
11867	4	8542	1978.0101	1978.0101
32624	155	4405	1978.0101	1978.0101
4876	32	4104	1978.0101	1978.0101
32109	15	655	1978.0101	1978.0101
3094	32	997	1978.0101	1978.0101
144	32	3748	1978.0101	1978.0101
36001	15	7610	1978.0101	1978.0101
19243	14	20161	1978.0101	1978.0101
4104	32	3785	1978.0101	1978.0101
5202	15	4847	1978.0101	1978.0101
2456	3	3757	1978.0101	1978.0101
39394	4	178	1978.0101	1978.0101
14994	32	11894	1978.0101	1978.0101
19483	15	8303	1978.0101	1978.0101
11906	15	281	1978.0101	1978.0101
7872	15	19410	1978.0101	1978.0101
8169	4	8548	1978.0101	1978.0101
1819	44	9063	1978.0101	1978.0101
27296	15	4800	1978.0101	1978.0101
3785	32	4104	1978.0101	1978.0101
7938	15	6075	1978.0101	1978.0101
8955	25	3689	1978.0101	1978.0101
3461	4	24936	1978.0101	1978.0101
4395	15	5967	1978.0101	1978.0101
4395	15	3348	1978.0101	1978.0101
13150	4	22200	1978.0101	1978.0101
15798	32	1703	1978.0101	1978.0101
7622	4	413	1978.0101	1979.0101
10295	4	10296	1978.0101	1979.0101
16571	4	10996	1978.0101	1979.0101
10409	4	28026	1978.0101	1979.0101
28240	4	4465	1978.0101	1979.0101
17080	4	10564	1978.0101	1979.0101
28349	4	1100	1978.0101	1979.0101
9325	4	29741	1978.0101	1979.0101
3845	4	15785	1978.0101	1979.0101
16128	4	14650	1978.0101	1979.0101
375	4	36764	1978.0101	1979.0101
1196	4	22051	1978.0101	1979.0101
12873	4	18659	1978.0101	1979.0101
23866	4	20184	1978.0101	1979.0101
9721	4	1962	1978.0101	1979.0101
6499	4	16168	1978.0101	1979.0101
35284	4	29864	1978.0101	1979.0101
35913	4	321	1978.0101	1979.0101
25930	4	1263	1978.0101	1979.0101
29850	4	24472	1978.0101	1979.0101
25247	4	29741	1978.0101	1979.0101
30622	4	29665	1978.0101	1979.0101
21408	4	7432	1978.0101	1979.0101
25507	4	25398	1978.0101	1979.0101
38273	4	14573	1978.0101	1979.0101
16669	4	7825	1978.0101	1979.0101
0	4	11943	1978.0101	1979.0101
26919	4	41828	1978.0101	1979.0101
14557	4	12414	1978.0101	1979.0101
15514	4	1197	1978.0101	1979.0101
16280	4	10340	1978.0101	1979.0101
31522	4	8305	1978.0101	1979.0101
42343	4	6934	1978.0101	1979.0101
15559	4	30217	1978.0101	1979.0101
42458	4	10575	1978.0101	1979.0101
13957	4	35561	1978.0101	1979.0101
5625	4	8588	1978.0101	1979.0101
22175	4	8313	1978.0101	1979.0101
31924	4	19009	1978.0101	1979.0101
42573	4	40901	1978.0101	1979.0101
28349	4	1952	1978.0101	1979.0101
38332	4	14490	1978.0101	1979.0101
18899	4	848	1978.0101	1979.0101
11942	4	11943	1978.0101	1980.0101
14210	4	23209	1978.0101	1980.0101
23306	4	13087	1978.0101	1980.0101
14192	4	8989	1978.0101	1980.0101
29781	4	25276	1978.0101	1980.0101
28747	4	19671	1978.0101	1980.0101
11281	4	25173	1978.0101	1980.0101
35981	4	15805	1978.0101	1980.0101
7319	4	13991	1978.0101	1980.0101
34763	4	27672	1978.0101	1980.0101
11972	4	26354	1978.0101	1980.0101
13984	4	25580	1978.0101	1980.0101
28182	4	854	1978.0101	1980.0101
35284	4	35285	1978.0101	1980.0101
13984	4	11376	1978.0101	1980.0101
9502	4	2133	1978.0101	1980.0101
1067	4	4206	1978.0101	1980.0101
37992	4	15395	1978.0101	1980.0101
21592	4	25647	1978.0101	1980.0101
21983	4	16195	1978.0101	1980.0101
28577	4	8289	1978.0101	1980.0101
30018	4	2039	1978.0101	1980.0101
15514	4	6068	1978.0101	1980.0101
14606	4	36293	1978.0101	1980.0101
14060	3	24938	1978.0101	1980.0101
19267	4	16297	1978.0101	1980.0101
15920	4	9795	1978.0101	1981.0101
20180	4	178	1978.0101	1981.0101
35253	4	2094	1978.0101	1981.0101
34309	4	10705	1978.0101	1981.0101
41751	4	2935	1978.0101	1981.0101
30351	4	2239	1978.0101	1981.0101
3582	4	16168	1978.0101	1981.0101
18440	4	1676	1978.0101	1981.0101
42133	4	9027	1978.0101	1981.0101
20085	4	39058	1978.0101	1981.0101
8791	4	3581	1978.0101	1981.0101
4926	4	2239	1978.0101	1981.0101
23958	4	3900	1978.0101	1981.0101
36042	4	6636	1978.0101	1981.0101
40892	4	4580	1978.0101	1981.0101
3767	4	3768	1978.0101	1982.0101
38734	4	15413	1978.0101	1982.0101
36755	4	2028	1978.0101	1982.0101
4851	4	11653	1978.0101	1982.0101
36595	4	27567	1978.0101	1982.0101
36595	4	27560	1978.0101	1982.0101
32473	4	2074	1978.0101	1982.0101
41379	4	13268	1978.0101	1982.0101
30664	4	5701	1978.0101	1982.0101
25867	4	17056	1978.0101	1982.0101
25078	4	5311	1978.0101	1982.0101
23141	4	3691	1978.0101	1982.0101
5472	4	948	1978.0101	1983.0101
19114	4	1374	1978.0101	1983.0101
21198	4	25504	1978.0101	1983.0101
13524	4	2809	1978.0101	1983.0101
10114	4	17352	1978.0101	1983.0101
21907	4	34388	1978.0101	1983.0101
14655	4	4796	1978.0101	1983.0101
29477	4	12792	1978.0101	1983.0101
16669	4	1003	1978.0101	1983.0101
0	4	390	1978.0101	1983.0101
27606	4	4901	1978.0101	1983.0101
3221	4	376	1978.0101	1983.0101
1119	4	13899	1978.0101	1984.0101
19044	4	8475	1978.0101	1984.0101
14086	4	28629	1978.0101	1984.0101
16905	19	3612	1978.0101	1984.0101
12592	4	6068	1978.0101	1984.0101
9754	4	12792	1978.0101	1984.0101
36780	4	35929	1978.0101	1984.0101
28161	4	29862	1978.0101	1984.0101
14086	4	18575	1978.0101	1984.0101
9780	4	25474	1978.0101	1984.0101
25395	4	10220	1978.0101	1985.0101
10909	4	15881	1978.0101	1985.0101
34372	4	1945	1978.0101	1985.0101
41435	4	22599	1978.0101	1985.0101
3516	4	684	1978.0101	1985.0101
22336	4	7361	1978.0101	1985.0101
24485	4	30135	1978.0101	1986.0101
34838	4	8581	1978.0101	1986.0101
40517	4	376	1978.0101	1986.0101
42434	4	26217	1978.0101	1986.0101
138	4	15413	1978.0101	1986.0101
21849	4	2239	1978.0101	1986.0101
21655	4	7931	1978.0101	1987.0101
8683	4	4125	1978.0101	1987.0101
5959	4	4030	1978.0101	1988.0101
12313	4	21538	1978.0101	1989.0101
26034	18	876	1978.0101	1990.0701
26178	4	2074	1978.0101	1991.0101
30152	4	25647	1978.0101	1992.0101
6278	18	876	1978.0101	1994.0101
23866	4	429	1978.0101	1994.0101
28747	4	14984	1978.0101	1995.0101
16533	4	20177	1978.0101	1996.0101
28407	4	28408	1978.0101	1998.0101
31584	19	35486	1978.0101	2005.0712
1819	44	203	1978.0101	2006.0101
18597	44	3932	1978.0101	2006.0101
1819	44	1096	1978.0101	2006.0101
1819	44	1110	1978.0101	2006.0101
563	17	4630	1978.0101	2012.0101
21497	206	21498	1978.0102	1978.0102
17861	25	611	1978.0113	1978.0113
17861	25	1559	1978.0113	1978.0113
613	22	14488	1978.0123	1978.0123
31481	33	22417	1978.0126	1978.0126
38035	21	75	1978.0127	1990.1003
3884	15	4800	1978.0128	1978.0128
7591	15	13273	1978.013	1978.013
1536	29	1729	1978.0131	1978.0131
37118	44	8407	1978.0131	2004.1231
5665	44	8407	1978.0131	2004.1231
11143	25	85	1978.0202	1978.0202
34729	116	10324	1978.0208	1978.0208
1242	15	197	1978.021	1978.021
4453	15	197	1978.021	1978.021
1242	15	336	1978.021	1978.021
2373	25	1577	1978.0215	1978.0215
3655	32	4834	1978.0215	1978.0215
4834	32	3655	1978.0216	1978.0216
3123	15	39360	1978.022	1978.022
10601	15	1664	1978.0221	1978.0221
14199	15	2034	1978.0221	1978.0221
8797	15	197	1978.0221	1978.0221
10601	15	197	1978.0221	1978.0221
7313	15	2034	1978.0221	1978.0221
10601	15	562	1978.0221	1978.0221
13105	15	197	1978.0221	1978.0221
3884	15	197	1978.0221	1978.0221
5319	15	197	1978.0221	1978.0221
15132	4	19326	1978.03	1978.03
15550	15	820	1978.03	1978.03
2789	15	2257	1978.0303	1978.0303
12808	25	142	1978.0316	1978.0316
12808	15	1650	1978.0316	1978.0316
28414	41	296	1978.0319	1981.0522
3604	15	336	1978.0327	1978.0327
3604	15	197	1978.0327	1978.0327
2767	70	30408	1978.04	1986.04
1004	41	296	1978.0403	1978.0505
12953	41	296	1978.0403	1978.0505
18357	41	296	1978.0403	1978.0506
7100	41	296	1978.0403	1981.0522
15905	41	296	1978.0403	1981.0522
11951	41	296	1978.0403	1981.0522
34885	41	296	1978.0403	1981.0522
2618	41	296	1978.0403	1981.0522
10810	41	296	1978.0403	1981.0522
10082	41	3626	1978.0403	1981.0522
18761	41	296	1978.0403	1981.0522
2420	41	296	1978.0403	1981.0522
22843	41	296	1978.0403	1981.0522
26766	41	296	1978.0403	1981.0522
5944	41	296	1978.0403	1981.0522
25234	41	296	1978.0403	1981.0522
19051	41	296	1978.0403	1981.0522
29801	41	296	1978.0403	1981.0522
2719	41	296	1978.0403	1981.0522
24952	41	2973	1978.0403	1984.0402
1088	32	21764	1978.041	1978.041
3612	19	16905	1978.0411	1984.0207
41132	32	21263	1978.0415	1978.0415
21263	32	41132	1978.0415	1978.0415
10746	48	3912	1978.0427	1978.0427
23153	19	29028	1978.0428	1982.0
29028	19	23153	1978.0428	1982.0
3123	15	1159	1978.05	1978.05
35416	15	7851	1978.0504	1978.0504
11143	25	2483	1978.0509	1978.0509
24573	15	197	1978.0517	1978.0517
22359	41	21470	1978.052	1984.052
9704	25	85	1978.0525	1978.0525
8077	15	820	1978.0529	1978.0529
235	62	14836	1978.0529	1983.0505
14836	41	19314	1978.0529	1983.0505
2005	40	1796	1978.0601	1978.0601
5926	15	5058	1978.0603	1978.0603
31484	25	652	1978.0608	1978.0608
3593	25	611	1978.0627	1978.0627
34908	21	13	1978.07	1978.07
12792	123	13646	1978.0701	1980.1218
11463	41	7796	1978.0701	1986.0818
15113	52	27217	1978.0706	1978.0706
15113	40	22223	1978.0706	1978.0706
32916	48	4545	1978.071	1978.071
15800	32	15801	1978.0714	1978.0714
15801	32	15800	1978.0714	1978.0714
29204	19	1823	1978.0802	2014.07
27104	15	197	1978.0829	1978.0829
27104	15	336	1978.0829	1978.0829
2005	33	7828	1978.0901	1978.0901
3717	15	336	1978.0905	1978.0905
3717	15	197	1978.0905	1978.0905
18660	15	197	1978.0915	1978.0915
18660	15	336	1978.0915	1978.0915
20283	48	3912	1978.092	1978.092
25225	15	336	1978.0922	1978.0922
25225	15	197	1978.0922	1978.0922
750	19	20593	1978.093	1978.093
20593	19	750	1978.093	1978.093
11539	33	140	1978.1	1978.1
4850	62	4353	1978.1016	2005.0402
4353	41	1160	1978.1016	2005.0402
2079	15	2034	1978.1017	1978.1017
7327	155	42113	1978.1019	1978.1217
10355	25	652	1978.1026	1978.1026
2749	15	562	1978.1027	1978.1027
2749	15	1664	1978.1027	1978.1027
2749	15	197	1978.1027	1978.1027
12296	32	3840	1978.1028	1978.1028
3840	32	12296	1978.1028	1978.1028
33629	41	17071	1978.1101	1979.1031
2458	25	1577	1978.1102	1978.1102
4084	70	22951	1978.1106	1988.1003
38610	17	4046	1978.1107	1978.1107
9446	41	2819	1978.1118	1981.0
2373	25	611	1978.112	1978.112
2373	25	1559	1978.112	1978.112
28153	4	15129	1978.1122	1981.0101
4437	70	10011	1978.1204	1988.0107
22552	46	8178	1978.1204	1993.1003
8218	25	85	1978.1207	1978.1207
11642	15	197	1978.1213	1978.1213
414	25	85	1978.1217	1978.1217
610	25	333	1978.1218	1978.1218
3123	15	562	1978.1219	1978.1219
3123	15	1664	1978.1219	1978.1219
3123	15	197	1978.1219	1978.1219
4834	32	4835	1978.1221	1978.1221
4835	32	4834	1978.1221	1978.1221
23205	19	21836	1978.1222	1978.1222
21836	19	23205	1978.1222	2018.1126
19324	15	5058	1978.123	1978.123
379	15	380	1979.0	1979.0
3118	30	3119	1979.0	1979.0
283	30	3122	1979.0	1979.0
6840	16	6841	1979.0	1979.0
7126	17	7127	1979.0	1979.0
2894	16	8697	1979.0	1979.0
10451	4	1305	1979.0	1979.0
10710	30	10711	1979.0	1979.0
10816	17	1037	1979.0	1979.0
12922	3	13373	1979.0	1979.0
13620	16	3422	1979.0	1979.0
13833	15	6250	1979.0	1979.0
16046	15	7209	1979.0	1979.0
5059	30	2894	1979.0	1979.0
10772	30	17870	1979.0	1979.0
18352	3	4293	1979.0	1979.0
1265	3	1319	1979.0	1979.0
4262	3	550	1979.0	1979.0
21156	16	7815	1979.0	1979.0
3998	30	22347	1979.0	1979.0
7342	3	18961	1979.0	1979.0
12565	16	3243	1979.0	1979.0
17870	16	10772	1979.0	1979.0
23364	3	23365	1979.0	1979.0
4131	30	750	1979.0	1979.0
11467	30	3158	1979.0	1979.0
24394	3	2365	1979.0	1979.0
24815	15	1650	1979.0	1979.0
124	30	8652	1979.0	1979.0
25959	3	1654	1979.0	1979.0
13952	16	2491	1979.0	1979.0
27931	32	26984	1979.0	1979.0
14440	3	2078	1979.0	1979.0
4359	30	28320	1979.0	1979.0
4881	16	22928	1979.0	1979.0
17159	3	18103	1979.0	1979.0
3122	15	283	1979.0	1979.0
20867	16	1487	1979.0	1979.0
22347	15	3998	1979.0	1979.0
8520	16	8521	1979.0	1979.0
2125	3	12741	1979.0	1979.0
18005	16	19968	1979.0	1979.0
5738	16	22385	1979.0	1979.0
16284	3	6631	1979.0	1979.0
120	33	3336	1979.0	1979.0
32271	1	1247	1979.0	1979.0
733	3	23671	1979.0	1979.0
22280	3	23388	1979.0	1979.0
25331	16	11035	1979.0	1979.0
17957	15	459	1979.0	1979.0
17870	15	10772	1979.0	1979.0
11645	3	19000	1979.0	1979.0
29947	16	1026	1979.0	1979.0
235	22	2558	1979.0	1979.0
17731	16	1026	1979.0	1979.0
3252	15	2907	1979.0	1979.0
2178	30	17052	1979.0	1979.0
28958	25	4348	1979.0	1979.0
337	30	750	1979.0	1979.0
780	3	10538	1979.0	1979.0
124	30	14831	1979.0	1979.0
4398	17	728	1979.0	1979.0
16049	15	3470	1979.0	1979.0
18829	3	1789	1979.0	1979.0
6840	15	30133	1979.0	1979.0
23989	3	1017	1979.0	1979.0
4341	30	26107	1979.0	1979.0
20646	16	57	1979.0	1979.0
10727	3	7055	1979.0	1979.0
12316	3	1682	1979.0	1979.0
4881	16	4558	1979.0	1979.0
9562	3	39327	1979.0	1979.0
38903	14	98	1979.0	1979.0
13051	30	36697	1979.0	1979.0
23360	71	24320	1979.0	1979.0
13620	16	13051	1979.0	1979.0
10765	3	2659	1979.0	1979.0
4570	30	33511	1979.0	1979.0
40746	3	2746	1979.0	1979.0
13625	16	3118	1979.0	1979.0
40852	30	2068	1979.0	1979.0
5053	41	1339	1979.0	1979.0
6884	30	7850	1979.0	1979.0
5204	30	7010	1979.0	1979.0
24049	15	869	1979.0	1979.0
120	3	6631	1979.0	1979.0
31441	15	14980	1979.0	1979.0
1213	30	5346	1979.0	1979.0
36316	3	8094	1979.0	1979.0
12095	3	16493	1979.0	1979.0
7714	15	1019	1979.0	1979.0
35474	15	57	1979.0	1979.0
39512	15	1487	1979.0	1979.0
460	20	1877	1979.0	1979.0
38158	3	2358	1979.0	1979.0
240	3	6724	1979.0	1979.0
1019	30	7714	1979.0	1979.0
9813	15	3982	1979.0	1979.0
13525	30	13526	1979.0	1979.0
10253	41	3698	1979.0	1979.0
3721	15	4740	1979.0	1979.0
3252	16	2907	1979.0	1979.0
4088	30	30531	1979.0	1979.0
41919	16	1487	1979.0	1979.0
12137	40	2916	1979.0	1979.0
3252	16	13404	1979.0	1979.0
228	16	3982	1979.0	1979.0
40852	30	19610	1979.0	1979.0
30576	3	550	1979.0	1979.0
32820	15	40749	1979.0	1979.0
7549	3	323	1979.0	1979.0
3422	30	36697	1979.0	1979.0
461	30	4958	1979.0	1979.0
6153	15	258	1979.0	1979.0
8652	15	124	1979.0	1979.0
4881	15	21452	1979.0	1979.0
29945	16	57	1979.0	1979.0
4881	16	7686	1979.0	1979.0
4558	30	13526	1979.0	1979.0
30481	33	14180	1979.0	1979.0
32937	25	8031	1979.0	1979.0
32181	25	3689	1979.0	1979.0
29947	16	10772	1979.0	1979.0
40749	30	32820	1979.0	1979.0
10765	71	856	1979.0	1979.0
20522	16	57	1979.0	1979.0
12622	32	7104	1979.0	1979.0
6026	3	3048	1979.0	1979.0
7295	15	869	1979.0	1979.0
31889	15	19027	1979.0	1979.0
1966	32	8557	1979.0	1979.0
19087	3	35089	1979.0	1979.0
4637	30	5069	1979.0	1979.0
28190	30	35602	1979.0	1979.0
31935	16	31650	1979.0	1979.0
5738	16	4359	1979.0	1979.0
29925	3	939	1979.0	1979.0
459	30	17957	1979.0	1979.0
2894	16	5059	1979.0	1979.0
3243	30	15604	1979.0	1979.0
32710	15	3034	1979.0	1979.0
5567	15	1504	1979.0	1979.0
13093	15	6617	1979.0	1979.0
2894	16	3243	1979.0	1979.0
18005	15	19968	1979.0	1979.0
31548	3	8653	1979.0	1979.0
2894	15	5059	1979.0	1979.0
16492	3	7712	1979.0	1979.0
2894	16	2980	1979.0	1979.0
25980	21	13	1979.0	1979.0
25940	3	25472	1979.0	1979.0
1265	15	856	1979.0	1979.0
32269	15	524	1979.0	1979.0
10771	16	4540	1979.0	1979.0
244	32	7834	1979.0	1979.0
21452	30	4881	1979.0	1979.0
10771	16	10772	1979.0	1979.0
14831	15	124	1979.0	1979.0
16589	15	2731	1979.0	1979.0
25959	17	728	1979.0	1979.0
34029	4	32271	1979.0	1979.0
39745	71	856	1979.0	1979.0
19586	40	11649	1979.0	1979.0
30531	15	4088	1979.0	1979.0
15922	15	36055	1979.0	1979.0
32025	3	16305	1979.0	1979.0
31512	15	2193	1979.0	1979.0
19968	30	18005	1979.0	1979.0
24584	15	869	1979.0	1979.0
32840	16	19388	1979.0	1979.0
16689	25	3689	1979.0	1979.0
26107	15	4341	1979.0	1979.0
4740	30	3721	1979.0	1979.0
37815	14	1030	1979.0	1979.0
750	16	337	1979.0	1979.0
12044	16	17682	1979.0	1979.0
7010	16	5204	1979.0	1979.0
7010	15	5204	1979.0	1979.0
26867	3	14402	1979.0	1979.0
31145	3	2740	1979.0	1979.0
10056	30	13188	1979.0	1979.0
12808	15	19027	1979.0	1979.0
29536	3	9316	1979.0	1979.0
39052	3	18819	1979.0	1979.0
36075	15	869	1979.0	1979.0
38026	15	42068	1979.0	1979.0
7294	15	869	1979.0	1979.0
7815	30	18067	1979.0	1979.0
5586	71	3977	1979.0	1979.0
28189	3	3234	1979.0	1979.0
21220	25	19783	1979.0	1979.0
22592	16	12799	1979.0	1979.0
27451	16	7064	1979.0	1979.0
6840	16	30133	1979.0	1979.0
20117	3	15520	1979.0	1979.0
2351	30	12147	1979.0	1979.0
4958	15	461	1979.0	1979.0
32852	3	5587	1979.0	1979.0
38041	71	856	1979.0	1979.0
22592	16	2902	1979.0	1979.0
4958	15	3034	1979.0	1979.0
2194	16	4558	1979.0	1979.0
35639	3	1017	1979.0	1979.0
6840	15	6841	1979.0	1979.0
4587	3	6449	1979.0	1979.0
8011	16	1504	1979.0	1979.0
17870	16	1026	1979.0	1979.0
13542	17	1037	1979.0	1979.0
11114	16	2873	1979.0	1979.0
26984	32	27931	1979.0	1979.0
2231	30	4320	1979.0	1979.0
7850	15	6884	1979.0	1979.0
42640	15	1650	1979.0	1979.0
18067	16	7815	1979.0	1979.0
18067	15	7815	1979.0	1979.0
262	32	19128	1979.0	1979.0
17204	3	17205	1979.0	1979.0
15604	15	3243	1979.0	1979.0
10221	32	8027	1979.0	1979.0
14683	15	197	1979.0	1979.0
15604	16	3243	1979.0	1979.0
24722	3	14701	1979.0	1980.0
14084	4	2977	1979.0	1980.0
33220	4	38969	1979.0	1980.0
33706	19	36066	1979.0	1980.0
40201	4	2606	1979.0	1980.0
34303	4	40013	1979.0	1980.0
17143	18	3698	1979.0	1980.0
10451	4	4991	1979.0	1980.0
27465	4	4661	1979.0	1980.0
33780	38	1566	1979.0	1980.03
9315	3	9316	1979.0	1981.0
14049	4	15582	1979.0	1981.0
25067	19	26294	1979.0	1981.0
12585	4	12185	1979.0	1981.0
18796	4	1877	1979.0	1981.0
30308	41	3698	1979.0	1981.0
12285	3	33993	1979.0	1981.0
33734	41	947	1979.0	1981.0
11260	41	511	1979.0	1981.0
6142	46	4445	1979.0	1981.0
32967	4	1044	1979.0	1982.0
25362	3	32792	1979.0	1982.0
40071	41	7393	1979.0	1982.0
5077	3	756	1979.0	1982.0
12316	46	3699	1979.0	1982.0
18744	41	999	1979.0	1982.0
4902	17	7127	1979.0	1982.0
7790	4	29977	1979.0	1982.0
7054	46	3699	1979.0	1982.0
17370	25	804	1979.0	1982.0
28199	3	23630	1979.0	1982.0
26675	4	8690	1979.0	1982.11
18381	14	1341	1979.0	1983.0
27587	14	12782	1979.0	1983.0
37738	18	2157	1979.0	1983.0
28933	41	17347	1979.0	1983.0
13582	14	3498	1979.0	1983.0
26621	3	3234	1979.0	1983.0
29536	14	9817	1979.0	1984.0
39751	19	10077	1979.0	1984.0
15931	41	718	1979.0	1984.0
11539	14	19628	1979.0	1984.0
10077	19	39751	1979.0	1984.0
3160	3	79	1979.0	1985.0
11811	41	11812	1979.0	1986.0
16399	17	2250	1979.0	1986.0
1338	18	1339	1979.0	1987.0
7488	154	41167	1979.0	1988.0
23518	18	1448	1979.0	1988.0
12883	41	718	1979.0	1989.0
31286	41	718	1979.0	1989.0
10485	41	718	1979.0	1989.0
25491	70	17095	1979.0	1989.0
2769	4	41779	1979.0	1989.0
36409	3	13954	1979.0	1990.0
36273	17	1709	1979.0	1990.0
460	4	1877	1979.0	1991.0
251	9	1812	1979.0	1991.0
3122	4	830	1979.0	1992.0
2428	25	804	1979.0	1993.0
29564	14	5616	1979.0	1996.0
42311	25	804	1979.0	1997.0
22839	41	3698	1979.0	1998.0
4743	41	3698	1979.0	1999.0
18042	41	718	1979.0	1999.0
40751	41	947	1979.0	2003.0
7126	41	17347	1979.0	2011.0
33162	18	1448	1979.0	2012.0
39561	17	4630	1979.0	2014.0
2249	17	2250	1979.0	2015.0
24386	21	113	1979.0	2015.0
10690	46	4813	1979.0	2015.0
29372	17	3617	1979.0	2016.0
33443	17	2412	1979.0	2018.0
36066	19	33706	1979.0101	1979.0
654	15	655	1979.0101	1979.0101
9296	4	9297	1979.0101	1979.0101
11358	15	5690	1979.0101	1979.0101
5074	15	5174	1979.0101	1979.0101
15250	97	1394	1979.0101	1979.0101
17441	4	1440	1979.0101	1979.0101
18962	15	7072	1979.0101	1979.0101
4811	15	955	1979.0101	1979.0101
2977	60	18852	1979.0101	1979.0101
18395	15	8365	1979.0101	1979.0101
23018	17	11873	1979.0101	1979.0101
7425	4	2880	1979.0101	1979.0101
8339	15	15746	1979.0101	1979.0101
2558	22	235	1979.0101	1979.0101
11906	15	6694	1979.0101	1979.0101
14724	3	8952	1979.0101	1979.0101
4366	19	25592	1979.0101	1979.0101
29553	15	655	1979.0101	1979.0101
9017	15	16111	1979.0101	1979.0101
31638	15	31639	1979.0101	1979.0101
19518	4	2880	1979.0101	1979.0101
3094	32	630	1979.0101	1979.0101
5449	4	9555	1979.0101	1979.0101
16669	4	25111	1979.0101	1979.0101
35403	4	6732	1979.0101	1979.0101
5339	15	275	1979.0101	1979.0101
25592	19	4366	1979.0101	1979.0101
35824	25	11130	1979.0101	1979.0101
7104	32	12622	1979.0101	1979.0101
5820	33	3916	1979.0101	1979.0101
4498	4	24936	1979.0101	1979.0101
4104	32	12919	1979.0101	1979.0101
9325	4	26920	1979.0101	1979.0101
20245	15	5967	1979.0101	1979.0101
24054	15	234	1979.0101	1979.0101
5202	15	4847	1979.0101	1979.0101
34372	4	35835	1979.0101	1979.0101
13	34	2003	1979.0101	1979.0101
11906	15	30473	1979.0101	1979.0101
25247	4	22971	1979.0101	1979.0101
19267	4	3568	1979.0101	1979.0101
7872	15	19410	1979.0101	1979.0101
7870	4	41019	1979.0101	1979.0101
15916	4	34950	1979.0101	1979.0101
15916	4	22971	1979.0101	1979.0101
6287	4	16617	1979.0101	1979.0101
4396	15	10634	1979.0101	1979.0101
38705	4	20328	1979.0101	1979.0101
35913	4	8305	1979.0101	1979.0101
41720	4	38559	1979.0101	1979.0101
6287	4	5290	1979.0101	1979.0101
41720	4	11943	1979.0101	1979.0101
3352	4	2315	1979.0101	1979.0101
39781	15	41755	1979.0101	1979.0101
15571	4	19009	1979.0101	1979.0101
18325	15	655	1979.0101	1979.0101
30156	15	2202	1979.0101	1979.0101
12537	15	11897	1979.0101	1979.0101
20449	15	28397	1979.0101	1979.0101
12537	15	1922	1979.0101	1979.0101
9754	4	376	1979.0101	1979.0101
29382	15	1772	1979.0101	1979.0101
23689	15	28397	1979.0101	1979.0101
35787	4	5290	1979.0101	1979.0101
23528	4	31288	1979.0101	1979.0101
2211	16	524	1979.0101	1979.0101
9513	32	9120	1979.0101	1979.0101
11415	15	7618	1979.0101	1979.0101
20245	15	3348	1979.0101	1979.0101
8049	15	7955	1979.0101	1979.0101
26322	15	6694	1979.0101	1979.0101
5271	15	1201	1979.0101	1979.0101
8027	32	10221	1979.0101	1979.0101
30934	15	20492	1979.0101	1979.0101
7113	15	655	1979.0101	1979.0101
18329	15	6694	1979.0101	1979.0101
16128	4	4728	1979.0101	1979.0101
140	32	4104	1979.0101	1979.0101
10491	15	869	1979.0101	1979.0101
35123	17	4046	1979.0101	1979.0101
4736	3	10363	1979.0101	1979.0101
25385	15	38578	1979.0101	1979.0101
1865	4	19470	1979.0101	1979.0101
14037	4	42079	1979.0101	1979.0101
35279	3	8354	1979.0101	1979.0101
7834	32	244	1979.0101	1979.0101
39197	4	36199	1979.0101	1979.0101
12919	32	4104	1979.0101	1979.0101
39197	4	10724	1979.0101	1979.0101
4104	32	140	1979.0101	1979.0101
18506	15	655	1979.0101	1979.0101
31834	15	655	1979.0101	1979.0101
7392	3	33944	1979.0101	1979.0101
19012	15	14740	1979.0101	1979.0101
4104	32	9956	1979.0101	1979.0101
22175	4	6477	1979.0101	1979.0101
34334	15	24110	1979.0101	1979.0101
34479	15	12160	1979.0101	1979.0101
9055	15	8277	1979.0101	1979.0101
9120	32	9513	1979.0101	1979.0101
30733	4	2880	1979.0101	1979.0101
11937	4	10880	1979.0101	1979.0101
20475	15	17233	1979.0101	1979.0101
13364	15	3159	1979.0101	1979.0101
145	15	2202	1979.0101	1979.0101
5820	14	12870	1979.0101	1979.0101
9956	32	4104	1979.0101	1979.0101
25593	3	5535	1979.0101	1979.0101
39041	4	14955	1979.0101	1979.0101
3158	15	11467	1979.0101	1979.0101
3985	4	8721	1979.0101	1980.0101
17049	4	5450	1979.0101	1980.0101
17115	4	2039	1979.0101	1980.0101
15780	4	8526	1979.0101	1980.0101
24201	4	5171	1979.0101	1980.0101
26895	4	1945	1979.0101	1980.0101
16219	41	1339	1979.0101	1980.0101
31522	4	15706	1979.0101	1980.0101
25247	4	25248	1979.0101	1980.0101
9296	4	17056	1979.0101	1980.0101
12592	4	2372	1979.0101	1980.0101
17015	4	3581	1979.0101	1980.0101
7622	4	10073	1979.0101	1980.0101
21634	4	35929	1979.0101	1980.0101
36755	4	15845	1979.0101	1980.0101
38170	4	4324	1979.0101	1980.0101
11937	4	10880	1979.0101	1980.0101
23866	4	22972	1979.0101	1980.0101
5874	4	38179	1979.0101	1980.0101
21128	4	12182	1979.0101	1980.0101
21408	4	13261	1979.0101	1980.0101
35913	4	6236	1979.0101	1980.0101
39333	4	1908	1979.0101	1980.0101
22848	4	30035	1979.0101	1980.0101
19276	4	4441	1979.0101	1980.0101
19114	4	5398	1979.0101	1980.0101
36780	4	14032	1979.0101	1980.0101
15291	4	19555	1979.0101	1980.0101
23399	4	12414	1979.0101	1980.0101
16669	4	7229	1979.0101	1980.0101
16999	4	24936	1979.0101	1980.0101
28543	4	24313	1979.0101	1980.0101
34890	4	4475	1979.0101	1980.0101
38124	4	2471	1979.0101	1980.0101
12322	4	18618	1979.0101	1980.0101
2654	4	11822	1979.0101	1980.0101
35557	4	11123	1979.0101	1980.0101
8169	4	3729	1979.0101	1980.0101
22175	4	6477	1979.0101	1980.0101
14508	4	4196	1979.0101	1980.0101
5207	4	13590	1979.0101	1980.0101
10302	4	15129	1979.0101	1980.0101
3012	4	3013	1979.0101	1981.0101
1169	3	10700	1979.0101	1981.0101
15811	4	4324	1979.0101	1981.0101
29924	4	15110	1979.0101	1981.0101
7392	14	8499	1979.0101	1981.0101
17479	17	1037	1979.0101	1981.0101
37430	4	22520	1979.0101	1981.0101
17940	4	4376	1979.0101	1981.0101
24375	4	5875	1979.0101	1981.0101
20089	4	2239	1979.0101	1981.0101
26951	4	376	1979.0101	1981.0101
18557	4	18558	1979.0101	1981.0101
17080	4	15149	1979.0101	1981.0101
3352	4	11541	1979.0101	1981.0101
29850	4	11287	1979.0101	1981.0101
14972	4	1766	1979.0101	1981.0101
7727	4	1427	1979.0101	1981.0101
15919	4	13307	1979.0101	1981.0101
16513	4	2897	1979.0101	1981.0101
36047	4	9258	1979.0101	1981.0101
26833	4	25	1979.0101	1981.0101
7504	4	27974	1979.0101	1981.0101
22699	4	12725	1979.0101	1981.0101
26294	19	25067	1979.0101	1981.0101
8683	4	4176	1979.0101	1981.0101
35045	4	25647	1979.0101	1981.0101
20312	4	2094	1979.0101	1981.0101
16330	4	11084	1979.0101	1981.0101
13957	4	25339	1979.0101	1981.0101
35403	4	1727	1979.0101	1981.0101
42593	4	3671	1979.0101	1981.0101
30235	4	15129	1979.0101	1981.0101
27328	4	3015	1979.0101	1982.0101
35904	4	4807	1979.0101	1982.0101
3461	4	17118	1979.0101	1982.0101
28407	4	10564	1979.0101	1982.0101
36601	4	15805	1979.0101	1982.0101
25456	4	2809	1979.0101	1982.0101
22683	4	2545	1979.0101	1982.0101
23011	4	6252	1979.0101	1982.0101
24403	19	6331	1979.0101	1982.0101
6331	19	24403	1979.0101	1982.0101
4354	4	15032	1979.0101	1982.0101
9231	4	7207	1979.0101	1982.0101
31924	4	14963	1979.0101	1982.0101
13830	4	5145	1979.0101	1982.0101
39481	4	4796	1979.0101	1982.0101
10409	4	10410	1979.0101	1983.0101
28034	4	15	1979.0101	1983.0101
28930	4	5660	1979.0101	1983.0101
30291	4	30292	1979.0101	1983.0101
17441	4	3015	1979.0101	1983.0101
5207	4	178	1979.0101	1983.0101
11519	4	2028	1979.0101	1983.0101
36266	4	35929	1979.0101	1983.0101
13792	4	1128	1979.0101	1983.0101
31490	4	34986	1979.0101	1983.0101
7059	4	2000	1979.0101	1983.0101
15571	4	39820	1979.0101	1983.0101
10885	4	8437	1979.0101	1983.0101
23297	4	6890	1979.0101	1983.0101
14410	4	6436	1979.0101	1983.0101
14972	4	2443	1979.0101	1983.0101
25914	4	5125	1979.0101	1983.0101
37894	4	5359	1979.0101	1983.0101
38273	4	288	1979.0101	1983.0101
35288	4	10410	1979.0101	1983.0101
40145	3	4097	1979.0101	1983.0101
30595	4	8475	1979.0101	1983.0101
10777	4	34986	1979.0101	1983.0101
22167	4	32016	1979.0101	1983.0101
15209	4	12874	1979.0101	1983.0101
16579	4	4206	1979.0101	1984.0101
8959	4	2423	1979.0101	1984.0101
24418	4	390	1979.0101	1984.0101
14557	4	581	1979.0101	1984.0101
17548	4	3015	1979.0101	1984.0101
18604	4	8610	1979.0101	1984.0101
21208	14	28781	1979.0101	1984.0101
34551	3	24675	1979.0101	1984.0101
25427	4	2138	1979.0101	1984.0101
32125	4	5946	1979.0101	1985.0101
16258	4	8325	1979.0101	1985.0101
17461	4	22216	1979.0101	1985.0101
18743	4	6296	1979.0101	1985.0101
25593	14	5535	1979.0101	1985.0101
4738	4	7931	1979.0101	1986.0101
37286	4	260	1979.0101	1986.0101
4344	25	15184	1979.0101	1986.0101
36796	4	376	1979.0101	1986.0101
27396	4	376	1979.0101	1986.0101
42099	4	91	1979.0101	1986.0101
25180	4	14032	1979.0101	1986.0101
16418	4	14032	1979.0101	1986.0101
36143	4	23636	1979.0101	1986.0101
1328	4	5290	1979.0101	1987.0101
16603	4	4441	1979.0101	1987.0101
38332	4	2423	1979.0101	1987.0101
19993	4	889	1979.0101	1987.0101
6767	41	6768	1979.0101	1988.0101
11962	4	14490	1979.0101	1988.0101
36811	4	24199	1979.0101	1988.0101
21384	4	10560	1979.0101	1988.0101
15559	4	28024	1979.0101	1988.0101
17236	4	1945	1979.0101	1988.0101
19937	4	117	1979.0101	1989.0101
33252	4	166	1979.0101	1989.0101
32213	19	21790	1979.0101	1991.0101
21790	19	32213	1979.0101	1991.0101
3572	17	728	1979.0101	1991.0801
41278	4	2935	1979.0101	1993.0101
41907	19	27807	1979.0101	1993.0101
27807	19	41907	1979.0101	1993.0101
30459	4	91	1979.0101	1993.0101
42134	19	42135	1979.0101	1997.0101
42135	19	42134	1979.0101	1997.0101
9159	4	429	1979.0101	1999.0101
11008	41	718	1979.0101	1999.0101
8407	29	1730	1979.0101	2004.1231
25101	44	8407	1979.0101	2004.1231
8407	29	8674	1979.0101	2004.1231
1730	44	8407	1979.0101	2004.1231
8674	44	8407	1979.0101	2004.1231
8407	29	37118	1979.0101	2004.1231
8407	29	5665	1979.0101	2004.1231
8407	29	25101	1979.0101	2004.1231
15493	19	34956	1979.0101	2010.0101
34956	19	15493	1979.0101	2010.0101
264	70	42254	1979.0102	1991.0102
19495	33	4333	1979.0105	1979.0105
610	25	1577	1979.0109	1979.0109
24575	15	197	1979.0112	1979.0112
24575	15	336	1979.0112	1979.0112
9446	40	774	1979.0114	1979.0114
7327	155	15405	1979.0117	1979.0318
23442	15	820	1979.0124	1979.0124
5878	15	1159	1979.0131	1979.0131
5878	15	197	1979.0206	1979.0206
5878	15	336	1979.0206	1979.0206
2447	25	14824	1979.0211	1979.0211
8921	15	2034	1979.022	1979.022
8921	15	1159	1979.0221	1979.0221
33642	15	1772	1979.0222	1979.0222
19376	15	451	1979.0301	1979.0301
11441	25	85	1979.0304	1979.0304
4913	32	2382	1979.0307	1979.0307
4913	32	6474	1979.0307	1979.0307
6474	32	4913	1979.0307	1979.0307
2382	32	4913	1979.0307	1979.0307
6653	32	9878	1979.0314	1979.0314
3123	15	2034	1979.0314	1979.0314
9878	32	6653	1979.0314	1979.0314
4744	25	6421	1979.0315	1984.1225
33182	41	13836	1979.0315	1985.0314
6657	25	2483	1979.0323	1979.0323
1808	15	197	1979.0326	1979.0326
19870	32	128	1979.033	1979.033
128	32	19870	1979.033	1979.033
19200	38	6932	1979.0401	1979.0401
7983	15	337	1979.0409	1979.0409
10910	70	35160	1979.0418	1986.0201
624	70	18244	1979.0419	1982.1202
11388	41	19739	1979.0424	1983.0506
11388	40	774	1979.0527	1979.0527
332	32	3633	1979.0531	1979.0531
175	9	176	1979.0531	1980.1104
176	41	13910	1979.0531	1983.0329
1108	19	1109	1979.0603	1979.0603
24460	32	25828	1979.0603	1979.0603
25828	32	24460	1979.0603	1979.0603
33520	41	718	1979.0607	1981.0522
28485	41	718	1979.0607	2004.061
21747	25	8987	1979.061	1986.1214
18713	15	15544	1979.0612	1979.0612
31411	32	7177	1979.0616	1979.0616
7177	32	31411	1979.0616	1979.0616
19444	33	14499	1979.062	1985.0
1087	29	10381	1979.0701	1979.0701
613	62	13653	1979.0701	1984.063
13653	41	4984	1979.0701	1984.063
4984	80	13653	1979.0701	1984.063
630	32	3094	1979.0703	1979.0703
34375	4	7484	1979.0707	1985.0629
21637	41	718	1979.0716	1981.0707
28017	41	718	1979.0716	1981.091
6581	41	718	1979.0716	1984.0723
24266	41	718	1979.0716	1984.0723
37649	41	718	1979.0716	1984.0723
17151	41	718	1979.0717	1979.0719
3546	41	718	1979.0717	1980.0114
6145	41	718	1979.0717	1980.0306
10082	41	718	1979.0717	1980.0428
19918	41	718	1979.0717	1980.062
9551	41	718	1979.0717	1980.0627
33520	41	718	1979.0717	1981.0616
23183	41	718	1979.0717	1981.1001
1902	41	718	1979.0717	1983.0804
15931	41	718	1979.0717	1984.0611
5529	41	718	1979.0717	1984.0723
7415	41	718	1979.0717	1984.0723
30411	41	718	1979.0717	1984.0723
34440	41	718	1979.0717	1984.0723
14425	41	718	1979.0717	1984.0723
11188	41	718	1979.0717	1984.0723
18042	41	718	1979.0717	1984.0723
22764	41	718	1979.0717	1984.0723
17983	41	718	1979.0717	1984.0723
11212	41	718	1979.0717	1984.0723
31778	41	718	1979.0717	1984.0723
21293	41	718	1979.0717	1984.0723
28485	41	718	1979.0717	1984.0723
35492	41	718	1979.0717	1984.0723
4938	41	718	1979.0717	1984.0723
8306	41	718	1979.0717	1984.0723
11008	41	718	1979.0717	1984.0723
29263	41	718	1979.0717	1984.0723
31659	41	718	1979.0717	1984.0723
18064	41	718	1979.0717	1984.0723
10518	41	718	1979.0717	1984.0723
19771	41	718	1979.0717	1984.0723
42219	41	718	1979.0717	1984.0723
28286	41	718	1979.0717	1984.0723
19034	41	718	1979.0717	1984.0723
21449	41	718	1979.0717	1984.0723
343	41	718	1979.0717	1984.0723
12883	41	718	1979.0717	1984.0723
13393	41	718	1979.0717	1984.0723
31286	41	718	1979.0717	1984.0723
26420	41	718	1979.0717	1984.0723
10485	41	718	1979.0717	1984.0723
17748	41	718	1979.0717	1984.0723
15364	41	718	1979.0717	1984.0723
32518	41	718	1979.0717	1984.0723
13221	41	29865	1979.0719	1987.0
7094	41	7095	1979.0728	1980.0114
553	70	7094	1979.0728	1980.0114
29608	41	2819	1979.0813	2001.1001
16644	15	336	1979.082	1979.082
16644	15	197	1979.082	1979.082
8500	15	2034	1979.0822	1979.0822
14227	15	336	1979.0824	1979.0824
14227	15	197	1979.0824	1979.0824
30571	15	336	1979.0907	1979.0907
30571	15	197	1979.0907	1979.0907
17617	32	10649	1979.0907	1979.0907
10649	32	17617	1979.0907	1979.0907
3655	32	18986	1979.0914	1979.0914
18986	32	3655	1979.0914	1979.0914
18829	40	11649	1979.0915	1979.0915
9327	15	10397	1979.1	1979.1
6153	15	17753	1979.1014	1979.1014
113	36	34642	1979.1019	1979.1019
113	36	35765	1979.1019	1979.1019
113	36	17908	1979.1019	1979.1019
113	36	1012	1979.1019	1979.1019
113	36	184	1979.1019	1979.1019
113	36	18246	1979.1019	1979.1019
113	36	21215	1979.1019	1979.1019
113	36	38966	1979.1019	1979.1019
113	36	619	1979.1019	1979.1019
14892	15	820	1979.1023	1979.1023
340	32	37608	1979.1023	1979.1023
37608	32	340	1979.1023	1979.1023
2550	15	336	1979.1024	1979.1024
2550	15	197	1979.1024	1979.1024
6778	32	8027	1979.1025	1979.1025
8027	32	6778	1979.1025	1979.1025
1771	15	2034	1979.1026	1979.1026
24834	32	1401	1979.1026	1979.1026
13091	15	197	1979.1026	1979.1026
12516	15	197	1979.1101	1979.1101
14409	41	17071	1979.1101	1980.1031
38367	31	4437	1979.1105	1979.1105
1383	25	2483	1979.1128	1979.1128
4239	25	1577	1979.1129	1979.1129
25959	15	1772	1979.113	1979.113
18781	32	40033	1979.1201	1979.1201
40033	32	18781	1979.1201	1979.1201
2558	62	37593	1979.1203	1989.0603
29608	40	774	1979.1208	1979.1208
3123	15	6617	1979.1218	1979.1218
9768	32	143	1979.1231	1979.1231
31678	15	5058	1979.1231	1979.1231
2777	15	2778	1980.0	1980.0
2351	30	460	1980.0	1980.0
2902	30	7442	1980.0	1980.0
3064	16	4558	1980.0	1980.0
10265	3	10266	1980.0	1980.0
10771	15	10772	1980.0	1980.0
2894	16	2895	1980.0	1980.0
11270	30	9692	1980.0	1980.0
12006	16	4540	1980.0	1980.0
12504	15	1772	1980.0	1980.0
2894	16	2980	1980.0	1980.0
13265	182	13266	1980.0	1980.0
13546	15	2034	1980.0	1980.0
9048	30	13109	1980.0	1980.0
173	30	14699	1980.0	1980.0
2232	16	2231	1980.0	1980.0
4359	30	15904	1980.0	1980.0
16104	15	7157	1980.0	1980.0
16239	15	16240	1980.0	1980.0
18008	15	2034	1980.0	1980.0
10451	4	3312	1980.0	1980.0
3410	15	197	1980.0	1980.0
3243	30	12565	1980.0	1980.0
7951	17	4046	1980.0	1980.0
21115	15	1650	1980.0	1980.0
21452	30	21453	1980.0	1980.0
21680	33	15169	1980.0	1980.0
20148	30	20167	1980.0	1980.0
24034	21	13	1980.0	1980.0
10012	15	18628	1980.0	1980.0
24752	30	24753	1980.0	1980.0
24999	3	23242	1980.0	1980.0
3122	15	5184	1980.0	1980.0
6938	32	7655	1980.0	1980.0
461	30	11864	1980.0	1980.0
22705	3	939	1980.0	1980.0
15255	15	197	1980.0	1980.0
4748	15	28397	1980.0	1980.0
15157	15	3034	1980.0	1980.0
2716	30	125	1980.0	1980.0
12565	15	3118	1980.0	1980.0
8039	15	31111	1980.0	1980.0
124	30	30315	1980.0	1980.0
32441	15	11678	1980.0	1980.0
4740	30	32710	1980.0	1980.0
32981	3	32982	1980.0	1980.0
10522	15	4533	1980.0	1980.0
33324	71	25435	1980.0	1980.0
11150	14	16729	1980.0	1980.0
124	30	28871	1980.0	1980.0
10700	15	3470	1980.0	1980.0
32346	3	10435	1980.0	1980.0
12565	16	3118	1980.0	1980.0
8854	43	19155	1980.0	1980.0
12006	15	4540	1980.0	1980.0
935	15	17794	1980.0	1980.0
3082	41	4374	1980.0	1980.0
283	30	35392	1980.0	1980.0
4292	15	24511	1980.0	1980.0
13151	3	28137	1980.0	1980.0
35392	15	283	1980.0	1980.0
12565	16	3243	1980.0	1980.0
21817	16	8521	1980.0	1980.0
32840	15	19388	1980.0	1980.0
20001	30	20126	1980.0	1980.0
4558	30	26536	1980.0	1980.0
33813	3	2613	1980.0	1980.0
503	30	1710	1980.0	1980.0
33369	3	27598	1980.0	1980.0
8952	15	820	1980.0	1980.0
17578	16	17682	1980.0	1980.0
3862	15	9072	1980.0	1980.0
33539	16	3982	1980.0	1980.0
36737	71	3977	1980.0	1980.0
10497	15	869	1980.0	1980.0
33780	3	4199	1980.0	1980.0
12565	15	3243	1980.0	1980.0
31935	15	31650	1980.0	1980.0
6001	3	115	1980.0	1980.0
18325	16	3982	1980.0	1980.0
10772	30	10771	1980.0	1980.0
39260	20	816	1980.0	1980.0
24147	15	8314	1980.0	1980.0
1026	30	17731	1980.0	1980.0
29999	3	26193	1980.0	1980.0
28270	33	705	1980.0	1980.0
29278	15	7064	1980.0	1980.0
24655	30	25737	1980.0	1980.0
7037	15	8314	1980.0	1980.0
3607	33	7749	1980.0	1980.0
8520	16	8521	1980.0	1980.0
40136	3	14387	1980.0	1980.0
4570	30	3122	1980.0	1980.0
27728	16	7815	1980.0	1980.0
8011	16	3982	1980.0	1980.0
11114	15	5490	1980.0	1980.0
31650	30	31935	1980.0	1980.0
6840	15	11965	1980.0	1980.0
9563	71	2157	1980.0	1980.0
31441	15	6250	1980.0	1980.0
19237	15	1650	1980.0	1980.0
3122	15	3034	1980.0	1980.0
31935	16	31650	1980.0	1980.0
5059	30	2894	1980.0	1980.0
28382	15	2907	1980.0	1980.0
124	30	2715	1980.0	1980.0
38122	3	36228	1980.0	1980.0
17145	16	7815	1980.0	1980.0
20853	15	820	1980.0	1980.0
460	15	5184	1980.0	1980.0
21720	18	1336	1980.0	1980.0
3918	15	1772	1980.0	1980.0
2599	15	2034	1980.0	1980.0
4562	15	2034	1980.0	1980.0
460	15	2351	1980.0	1980.0
126	33	15169	1980.0	1980.0
30890	25	897	1980.0	1980.0
35474	15	57	1980.0	1980.0
24196	41	4374	1980.0	1980.0
337	30	13188	1980.0	1980.0
2324	25	142	1980.0	1980.0
22006	17	12707	1980.0	1980.0
19237	25	142	1980.0	1980.0
13622	15	503	1980.0	1980.0
4814	14	20286	1980.0	1980.0
14323	3	6241	1980.0	1980.0
13860	14	12312	1980.0	1980.0
34577	3	30423	1980.0	1980.0
3422	30	36697	1980.0	1980.0
7549	14	18874	1980.0	1980.0
32819	32	20314	1980.0	1980.0
1710	15	503	1980.0	1980.0
20554	3	5273	1980.0	1980.0
27580	3	1017	1980.0	1980.0
13188	15	4131	1980.0	1980.0
13188	16	4131	1980.0	1980.0
3064	16	3065	1980.0	1980.0
29945	16	57	1980.0	1980.0
16695	15	31851	1980.0	1980.0
3064	16	16647	1980.0	1980.0
18376	15	443	1980.0	1980.0
16695	15	25562	1980.0	1980.0
16695	15	37240	1980.0	1980.0
10710	30	13109	1980.0	1980.0
42065	3	7712	1980.0	1980.0
4881	16	16647	1980.0	1980.0
18182	3	1369	1980.0	1980.0
28382	16	2907	1980.0	1980.0
16647	30	13526	1980.0	1980.0
3118	30	12565	1980.0	1980.0
7302	25	6187	1980.0	1980.0
5227	71	12751	1980.0	1980.0
12205	71	3977	1980.0	1980.0
32937	25	8084	1980.0	1980.0
15200	15	3982	1980.0	1980.0
3604	15	869	1980.0	1980.0
9869	15	2578	1980.0	1980.0
8281	3	27088	1980.0	1980.0
1158	15	6617	1980.0	1980.0
32326	15	32356	1980.0	1980.0
20941	15	32356	1980.0	1980.0
3410	15	336	1980.0	1980.0
2413	15	8314	1980.0	1980.0
2894	16	3243	1980.0	1980.0
25832	3	6593	1980.0	1980.0
2894	16	5059	1980.0	1980.0
2894	15	5059	1980.0	1980.0
32710	15	3034	1980.0	1980.0
32710	15	4740	1980.0	1980.0
596	32	14301	1980.0	1980.0
5631	16	8697	1980.0	1980.0
37931	25	4798	1980.0	1980.0
39267	3	2403	1980.0	1980.0
11864	15	3034	1980.0	1980.0
7442	15	2902	1980.0	1980.0
11864	15	461	1980.0	1980.0
21115	25	142	1980.0	1980.0
13477	15	451	1980.0	1980.0
10771	16	10772	1980.0	1980.0
6650	16	503	1980.0	1980.0
40882	16	2491	1980.0	1980.0
7157	30	16104	1980.0	1980.0
17449	15	8697	1980.0	1980.0
10963	15	1249	1980.0	1980.0
29839	16	503	1980.0	1980.0
21104	3	10266	1980.0	1980.0
13868	3	26491	1980.0	1980.0
42314	15	2257	1980.0	1980.0
11552	16	7064	1980.0	1980.0
28268	59	1423	1980.0	1980.0
42353	21	13	1980.0	1980.0
2578	30	9869	1980.0	1980.0
7983	16	2491	1980.0	1980.0
42353	21	364	1980.0	1980.0
19968	30	20377	1980.0	1980.0
17731	15	1026	1980.0	1980.0
17731	16	1026	1980.0	1980.0
34945	3	9984	1980.0	1980.0
1991	16	503	1980.0	1980.0
20599	21	590	1980.0	1980.0
35741	71	12751	1980.0	1980.0
21691	15	2034	1980.0	1980.0
125	15	2716	1980.0	1980.0
24426	3	22230	1980.0	1980.0
19423	3	33625	1980.0	1980.0
1401	32	24834	1980.0	1980.0
1213	30	6279	1980.0	1980.0
23888	3	9316	1980.0	1980.0
5871	15	2034	1980.0	1980.0
21975	3	6730	1980.0	1980.0
10056	30	21490	1980.0	1980.0
17628	16	19860	1980.0	1980.0
8123	16	2491	1980.0	1980.0
4893	16	10056	1980.0	1980.0
12525	33	648	1980.0	1980.0
10733	30	22920	1980.0	1980.0
3122	15	4570	1980.0	1980.0
27135	3	28931	1980.0	1980.0
19642	3	3234	1980.0	1980.0
11114	16	524	1980.0	1980.0
40292	3	5318	1980.0	1980.0
32862	41	4374	1980.0	1980.0
20167	15	20148	1980.0	1980.0
25406	15	3998	1980.0	1980.0
20838	15	6250	1980.0	1980.0
29968	15	6250	1980.0	1980.0
15604	16	3243	1980.0	1980.0
15604	16	5059	1980.0	1980.0
9073	14	9936	1980.0	1980.0
3998	30	25406	1980.0	1980.0
3151	3	19222	1980.0	1980.0
5419	17	10972	1980.0	1980.0
33039	6	32444	1980.0	1980.0
2232	15	2231	1980.0	1980.0
2231	30	2232	1980.0	1980.0
38200	41	4374	1980.0	1980.0
22920	15	10733	1980.0	1980.0
29278	16	7064	1980.0	1980.0
25405	15	8314	1980.0	1980.0
5493	15	869	1980.0	1980.0
42663	3	115	1980.0	1980.0
1250	15	8692	1980.0	1980.0
29909	4	3157	1980.0	1981.0
41139	25	41140	1980.0	1981.0
36321	4	35553	1980.0	1981.0
6699	59	7887	1980.0	1981.0
31334	4	32000	1980.0	1981.0
21612	4	27400	1980.0	1982.0
15434	3	27440	1980.0	1982.0
20699	3	1548	1980.0	1982.0
27888	170	20177	1980.0	1982.0
35050	14	2595	1980.0	1982.0
29030	17	7381	1980.0	1982.0
18787	3	42063	1980.0	1982.0
16761	4	2606	1980.0	1982.0
19889	4	16705	1980.0	1982.0
2595	123	35050	1980.0	1982.0
27950	3	12956	1980.0	1982.0
4565	14	16950	1980.0	1982.0
21364	3	1548	1980.0	1982.0
32944	3	7368	1980.0	1983.0
6183	4	27326	1980.0	1983.0
25550	15	16027	1980.0	1983.0
37282	4	8978	1980.0	1983.0
25550	3	3318	1980.0	1983.0
11641	4	28481	1980.0	1984.0
34029	4	35553	1980.0	1984.0
11719	41	15313	1980.0	1984.0
23314	96	31000	1980.0	1984.0
11641	3	36171	1980.0	1984.0
37565	3	19145	1980.0	1984.0
26570	41	42234	1980.0	1984.0
2149	41	3698	1980.0	1984.0
16384	9	4985	1980.0	1985.0
12036	3	9788	1980.0	1985.0
2788	9	6363	1980.0	1985.0
31710	4	11371	1980.0	1985.0
38931	41	1092	1980.0	1985.0
28344	14	1399	1980.0	1986.0
32050	41	947	1980.0	1986.0
21975	46	8178	1980.0	1986.0
7679	4	3312	1980.0	1986.0
30739	4	12648	1980.0	1987.0
16098	14	472	1980.0	1987.0
11038	3	23414	1980.0	1988.0
12414	123	10190	1980.0	1989.0
37005	14	13731	1980.0	1989.0
33263	14	1017	1980.0	1989.0
19376	19	38979	1980.0	1990.0
26340	4	5460	1980.0	1990.0
38979	19	19376	1980.0	1990.0
32778	4	2606	1980.0	1990.0
3068	41	3069	1980.0	1991.0
17434	17	728	1980.0	1991.0
35392	4	2885	1980.0	1991.0
3705	41	3706	1980.0	1992.0
23721	4	18866	1980.0	1992.0
6560	33	140	1980.0	1994.0
3153	17	1154	1980.0	1994.0
7213	33	4586	1980.0	2000.0
1451	25	26599	1980.0	2001.0
10311	14	8234	1980.0	2003.0
5088	17	11904	1980.0	2017.0
4743	25	3414	1980.0	2018.0
18929	25	18930	1980.01	1997.103
18930	50	18929	1980.01	1997.103
33202	25	18930	1980.01	2011.0921
7424	25	18930	1980.01	2011.0921
18930	50	7424	1980.01	2011.0921
18930	50	33202	1980.01	2011.0921
17587	25	18930	1980.01	2011.0921
18930	50	17587	1980.01	2011.0921
10874	4	376	1980.0101	1980.0101
14060	71	13745	1980.0101	1980.0101
14239	18	876	1980.0101	1980.0101
16669	4	16670	1980.0101	1980.0101
5554	15	869	1980.0101	1980.0101
13072	15	655	1980.0101	1980.0101
25041	15	25042	1980.0101	1980.0101
25747	19	25748	1980.0101	1980.0101
26425	15	8624	1980.0101	1980.0101
750	15	337	1980.0101	1980.0101
6287	4	28234	1980.0101	1980.0101
1921	15	5967	1980.0101	1980.0101
30311	15	655	1980.0101	1980.0101
7051	15	17860	1980.0101	1980.0101
19022	15	8314	1980.0101	1980.0101
31834	19	31835	1980.0101	1980.0101
16768	15	8744	1980.0101	1980.0101
33164	4	20165	1980.0101	1980.0101
25729	4	22030	1980.0101	1980.0101
30551	15	25232	1980.0101	1980.0101
33915	3	20138	1980.0101	1980.0101
32917	15	17875	1980.0101	1980.0101
11612	15	655	1980.0101	1980.0101
27919	15	30473	1980.0101	1980.0101
16999	4	26354	1980.0101	1980.0101
34705	3	8689	1980.0101	1980.0101
37120	15	6058	1980.0101	1980.0101
4019	71	2157	1980.0101	1980.0101
7502	15	3493	1980.0101	1980.0101
13831	15	22551	1980.0101	1980.0101
25427	4	15845	1980.0101	1980.0101
5075	4	9947	1980.0101	1980.0101
39644	37	203	1980.0101	1980.0101
20245	15	1922	1980.0101	1980.0101
16258	4	26920	1980.0101	1980.0101
36214	19	5383	1980.0101	1980.0101
35607	4	16427	1980.0101	1980.0101
6633	16	1504	1980.0101	1980.0101
4377	4	29864	1980.0101	1980.0101
31522	4	2982	1980.0101	1980.0101
12818	15	8314	1980.0101	1980.0101
7197	19	41173	1980.0101	1980.0101
15060	15	4363	1980.0101	1980.0101
26809	16	1504	1980.0101	1980.0101
6499	4	13612	1980.0101	1980.0101
26444	16	337	1980.0101	1980.0101
6137	4	1766	1980.0101	1980.0101
25247	4	22971	1980.0101	1980.0101
5449	4	15957	1980.0101	1980.0101
1921	15	1201	1980.0101	1980.0101
41173	15	655	1980.0101	1980.0101
27363	15	6846	1980.0101	1980.0101
41173	19	7197	1980.0101	1980.0101
12537	15	11897	1980.0101	1980.0101
28939	15	5174	1980.0101	1980.0101
613	22	7107	1980.0101	1980.0101
8682	19	38081	1980.0101	1980.0101
17049	4	1920	1980.0101	1980.0101
16184	3	1942	1980.0101	1980.0101
17049	4	5706	1980.0101	1980.0101
20314	32	32819	1980.0101	1980.0101
7159	3	13944	1980.0101	1980.0101
41137	15	17233	1980.0101	1980.0101
40008	15	3348	1980.0101	1980.0101
40872	15	25866	1980.0101	1980.0101
15848	15	451	1980.0101	1980.0101
4437	32	3094	1980.0101	1980.0101
15279	15	955	1980.0101	1980.0101
42129	19	25662	1980.0101	1980.0101
1093	15	15746	1980.0101	1980.0101
25190	15	655	1980.0101	1980.0101
32296	4	18027	1980.0101	1980.0101
6377	4	5747	1980.0101	1980.0101
7107	22	613	1980.0101	1980.0101
37931	21	73	1980.0101	1980.0101
6052	3	8689	1980.0101	1980.0101
7153	15	19410	1980.0101	1980.0101
25402	15	3577	1980.0101	1980.0101
4208	15	197	1980.0101	1980.0101
40882	15	655	1980.0101	1980.0101
2757	32	6778	1980.0101	1980.0101
38141	14	16950	1980.0101	1980.0101
38081	19	8682	1980.0101	1980.0101
32826	19	13663	1980.0101	1980.0101
34073	15	6865	1980.0101	1980.0101
5150	4	15845	1980.0101	1980.0101
38141	3	20321	1980.0101	1980.0101
9325	4	36199	1980.0101	1980.0101
23625	16	337	1980.0101	1980.0101
5127	15	4847	1980.0101	1980.0101
39625	15	14740	1980.0101	1980.0101
31330	4	2138	1980.0101	1980.0101
8168	15	42377	1980.0101	1980.0101
3094	32	1524	1980.0101	1980.0101
25662	19	42129	1980.0101	1980.0101
3094	32	4437	1980.0101	1980.0101
11580	15	14289	1980.0101	1980.0101
7655	32	6938	1980.0101	1980.0101
26353	4	36199	1980.0101	1980.0101
10000	15	13120	1980.0101	1980.0101
42458	4	2560	1980.0101	1980.0101
25748	19	25747	1980.0101	1980.0101
11906	15	20492	1980.0101	1980.0101
36749	15	3577	1980.0101	1980.0101
31835	19	31834	1980.0101	1980.0101
29213	16	337	1980.0101	1980.0101
13663	19	32826	1980.0101	1980.0101
7755	16	524	1980.0101	1980.0101
11114	16	524	1980.0101	1980.0101
1861	15	3470	1980.0101	1980.0101
24054	15	16240	1980.0101	1980.0101
489	4	8580	1980.0101	1980.0101
36545	15	8277	1980.0101	1980.0101
19193	4	25794	1980.0101	1980.0101
19993	4	5145	1980.0101	1980.0101
36545	15	9753	1980.0101	1980.0101
22381	4	8078	1980.0101	1981.0101
3985	4	15764	1980.0101	1981.0101
26919	4	26920	1980.0101	1981.0101
4498	4	26354	1980.0101	1981.0101
34763	4	16168	1980.0101	1981.0101
35706	4	8989	1980.0101	1981.0101
19276	4	8798	1980.0101	1981.0101
38705	4	4094	1980.0101	1981.0101
22683	4	5145	1980.0101	1981.0101
21698	4	12792	1980.0101	1981.0101
714	4	5118	1980.0101	1981.0101
7622	4	17869	1980.0101	1981.0101
39590	4	1792	1980.0101	1981.0101
4926	4	2733	1980.0101	1981.0101
9296	4	9297	1980.0101	1981.0101
2401	4	4272	1980.0101	1981.0101
6499	4	13612	1980.0101	1981.0101
17015	4	30877	1980.0101	1981.0101
11281	4	30217	1980.0101	1981.0101
17049	4	25339	1980.0101	1981.0101
40679	19	7102	1980.0101	1981.0101
30306	4	35285	1980.0101	1981.0101
35787	4	4291	1980.0101	1981.0101
23399	4	18618	1980.0101	1981.0101
6377	4	12519	1980.0101	1981.0101
21327	4	2982	1980.0101	1981.0101
21983	4	4077	1980.0101	1981.0101
7102	19	40679	1980.0101	1981.0101
23221	4	28250	1980.0101	1981.0101
1041	4	1042	1980.0101	1981.0101
3107	4	558	1980.0101	1981.0101
15380	4	24165	1980.0101	1981.0101
2422	4	2423	1980.0101	1982.0101
26368	4	882	1980.0101	1982.0101
3487	4	26483	1980.0101	1982.0101
9510	4	31825	1980.0101	1982.0101
3672	4	2074	1980.0101	1982.0101
28577	4	889	1980.0101	1982.0101
16513	4	25128	1980.0101	1982.0101
34723	4	29560	1980.0101	1982.0101
23306	4	33762	1980.0101	1982.0101
3690	4	3889	1980.0101	1982.0101
17316	4	14955	1980.0101	1982.0101
15916	4	3568	1980.0101	1982.0101
26538	4	24350	1980.0101	1982.0101
4323	4	19724	1980.0101	1982.0101
11972	4	36199	1980.0101	1982.0101
35284	4	26920	1980.0101	1982.0101
7389	4	33656	1980.0101	1982.0101
29477	4	376	1980.0101	1982.0101
14427	4	25429	1980.0101	1982.0101
30759	4	9943	1980.0101	1982.0101
28989	4	12792	1980.0101	1982.0101
17660	4	374	1980.0101	1982.0101
39515	4	12002	1980.0101	1982.0101
15514	4	10126	1980.0101	1982.0101
15918	4	2480	1980.0101	1982.0101
36379	17	9246	1980.0101	1982.0101
21724	4	27195	1980.0101	1982.0101
22242	4	15805	1980.0101	1982.0101
28171	4	22971	1980.0101	1982.0101
23866	4	13261	1980.0101	1982.0101
7319	4	1660	1980.0101	1983.0101
1067	4	172	1980.0101	1983.0101
35913	4	39845	1980.0101	1983.0101
8739	4	13055	1980.0101	1983.0101
12352	4	15881	1980.0101	1983.0101
25247	4	38144	1980.0101	1983.0101
8872	4	1620	1980.0101	1983.0101
33294	4	13960	1980.0101	1983.0101
14481	4	15957	1980.0101	1983.0101
14629	4	4475	1980.0101	1983.0101
18201	4	24811	1980.0101	1983.0101
34512	4	15032	1980.0101	1983.0101
21408	4	25339	1980.0101	1983.0101
14278	4	36764	1980.0101	1983.0101
10384	4	25111	1980.0101	1983.0101
15089	4	17927	1980.0101	1983.0101
31522	4	15706	1980.0101	1983.0101
29962	3	1017	1980.0101	1983.0101
3935	4	33656	1980.0101	1983.0101
19193	4	25	1980.0101	1983.0101
10302	4	2138	1980.0101	1983.0101
39570	4	4807	1980.0101	1983.0101
7397	4	7398	1980.0101	1984.0101
20126	4	3671	1980.0101	1984.0101
32873	4	21622	1980.0101	1984.0101
5105	4	1962	1980.0101	1984.0101
27832	4	6479	1980.0101	1984.0101
4738	4	23636	1980.0101	1984.0101
15848	14	15130	1980.0101	1984.0101
8835	4	390	1980.0101	1984.0101
34890	4	18618	1980.0101	1984.0101
14210	4	5311	1980.0101	1984.0101
10142	41	2973	1980.0101	1984.1231
6844	4	3729	1980.0101	1985.0101
13984	4	2039	1980.0101	1985.0101
34572	4	10575	1980.0101	1985.0101
19744	3	939	1980.0101	1985.0101
39041	4	1220	1980.0101	1985.0101
18452	4	376	1980.0101	1986.0101
32491	4	2315	1980.0101	1986.0101
1291	3	9788	1980.0101	1986.0101
35981	4	27819	1980.0101	1986.0101
16440	4	1781	1980.0101	1986.0101
34656	4	9955	1980.0101	1986.0101
10546	4	10547	1980.0101	1987.0101
28182	4	11665	1980.0101	1987.0101
36972	19	26789	1980.0101	1987.0101
26789	19	36972	1980.0101	1987.0101
38170	4	16297	1980.0101	1987.0101
13581	4	2094	1980.0101	1987.0101
32026	4	3015	1980.0101	1988.0101
21128	4	35835	1980.0101	1988.0101
20795	3	30675	1980.0101	1988.0101
34838	4	376	1980.0101	1988.0101
21166	4	21515	1980.0101	1988.0101
37193	4	20064	1980.0101	1989.0101
7870	4	41331	1980.0101	1989.0101
22175	4	2560	1980.0101	1989.0101
8554	4	1003	1980.0101	1989.0101
28129	17	12707	1980.0101	1989.0101
9425	4	1781	1980.0101	1990.0101
224	19	7320	1980.0101	1990.0101
35607	4	11170	1980.0101	1990.0101
4096	17	12707	1980.0101	1990.0101
21128	4	30217	1980.0101	1990.0101
7320	19	224	1980.0101	1990.0101
24201	4	8449	1980.0101	1991.0101
18452	4	4077	1980.0101	1991.0101
20344	21	73	1980.0101	1992.0101
36143	4	7931	1980.0101	1992.0101
26654	19	26655	1980.0101	1994.0101
29098	19	30043	1980.0101	1994.0101
30043	19	29098	1980.0101	1994.0101
26655	19	26654	1980.0101	1994.0101
17548	4	376	1980.0101	2000.0101
4101	37	997	1980.0101	2008.0101
11368	43	33431	1980.0101	2008.0101
33431	43	11368	1980.0101	2008.0101
32815	19	9777	1980.0101	2009.0101
9777	19	32815	1980.0101	2009.0101
21068	19	22218	1980.0101	2010.0101
22218	19	21068	1980.0101	2010.0101
14764	19	27101	1980.0101	2012.0101
27101	19	14764	1980.0101	2012.0101
7159	18	3342	1980.0101	2014.0805
9264	25	2483	1980.0107	1980.0107
10509	15	197	1980.0107	1980.0107
10509	15	336	1980.0107	1980.0107
32110	15	2034	1980.0108	1980.0108
4870	15	820	1980.0108	1980.0108
16130	41	7095	1980.0114	1984.1031
553	70	16130	1980.0114	1984.1031
6657	25	1577	1980.0116	1980.0116
29309	25	8987	1980.012	1987.0203
4924	25	1577	1980.0122	1980.0122
21952	32	12296	1980.0207	1980.0207
12296	32	21952	1980.0207	1980.0207
8797	15	197	1980.0211	1980.0211
35554	15	8120	1980.0225	1980.0225
9878	32	673	1980.0225	1980.0225
673	32	9878	1980.0225	1980.0225
33780	38	4222	1980.03	1988.02
6778	32	2757	1980.0303	1980.0303
2413	15	197	1980.0306	1980.0306
33359	21	113	1980.0317	2013.03
33227	25	142	1980.032	1980.032
6671	12	33892	1980.0401	1980.0401
4888	32	3788	1980.0407	1980.0407
3788	32	4888	1980.0407	1980.0407
2789	15	3470	1980.0407	1980.0407
22428	18	3459	1980.0412	1980.0412
2525	70	17019	1980.0424	2003.1216
17019	41	17020	1980.0424	2003.1217
2029	25	85	1980.0426	1980.0426
28551	15	2034	1980.0428	1980.0428
488	62	14145	1980.043	2013.043
14145	41	34273	1980.043	2013.043
35416	41	18907	1980.051	1985.031
1158	15	2034	1980.0513	1980.0513
814	62	35416	1980.0515	1985.031
41436	48	18290	1980.0522	1980.0522
4963	19	3408	1980.0522	2018.1114
3408	19	4963	1980.0522	2018.1114
26300	32	11668	1980.0527	1980.0527
11668	32	26300	1980.0527	1980.0527
3884	15	4455	1980.0531	1980.0531
42302	19	30707	1980.0531	1980.0531
30707	19	42302	1980.0531	1980.0531
1524	32	3094	1980.06	1980.06
38645	14	9322	1980.0611	2014.08
11458	41	718	1980.0617	1984.0723
2340	17	251	1980.0618	1980.0618
2340	17	2341	1980.0619	1980.0619
25839	4	9975	1980.0621	1984.1208
5078	25	2483	1980.0625	1980.0625
3123	15	8922	1980.07	1980.07
27982	48	25218	1980.0701	1980.0701
16735	15	8120	1980.071	1980.071
17861	25	1577	1980.0718	1980.0718
30878	15	1772	1980.0725	1980.0725
27900	15	1772	1980.0725	1980.0725
11819	32	5664	1980.0728	1980.0728
5664	32	11819	1980.0728	1980.0728
13294	33	140	1980.08	1980.08
13294	14	12600	1980.08	1980.08
7107	25	333	1980.0825	1980.0825
34464	32	30871	1980.091	1980.091
30871	32	34464	1980.091	1980.091
4834	32	1315	1980.0916	1980.0916
1315	32	4834	1980.0916	1980.0916
7107	25	1577	1980.0922	1980.0922
17344	15	197	1980.0927	1980.0927
610	25	611	1980.0929	1980.0929
33670	25	1577	1980.0929	1980.0929
7107	25	2483	1980.0929	1980.0929
7107	25	1559	1980.0929	1980.0929
7107	25	611	1980.0929	1980.0929
610	25	2483	1980.0929	1980.0929
610	25	1559	1980.0929	1980.0929
15012	19	13188	1980.0929	1990.1001
13188	19	15012	1980.0929	1990.1001
28053	15	3470	1980.093	1980.093
1524	32	5022	1980.1	1980.1
14488	25	2483	1980.1001	1980.1001
14488	25	611	1980.1001	1980.1001
1443	25	2483	1980.1001	1980.1001
14488	25	1559	1980.1001	1980.1001
1088	32	8190	1980.1007	1980.1007
25416	17	25417	1980.1011	1980.1011
36511	17	1430	1980.1011	1980.1011
25416	17	1430	1980.1011	1980.1011
13221	15	17753	1980.1012	1980.1012
20910	41	718	1980.1013	1981.0917
37557	15	8120	1980.1016	1980.1016
3	70	1422	1980.1018	1981.0628
4954	32	2650	1980.102	1980.102
2650	32	4954	1980.102	1980.102
73	70	1158	1980.1023	1985.0927
6835	32	34579	1980.1027	1980.1027
1966	32	1927	1980.1027	1980.1027
1927	32	1966	1980.1027	1980.1027
113	25	25984	1980.103	1980.103
28634	48	17950	1980.1103	1980.1103
6414	41	302	1980.1104	1981.0203
7400	41	302	1980.1104	1983.0329
37210	41	302	1980.1104	1983.0329
175	9	176	1980.1104	1983.0329
26627	41	302	1980.1105	2008.1027
10012	15	1501	1980.1114	1980.1114
15206	15	820	1980.1114	1980.1114
7358	32	3094	1980.1121	1980.1121
3094	32	7358	1980.1121	1980.1121
954	19	18028	1980.1127	2008.1224
18028	19	954	1980.1127	2008.1224
3403	2	673	1980.1201	1980.1201
11333	51	28785	1980.1204	1980.1204
9163	38	779	1980.1206	1980.1206
37373	21	75	1980.1207	1990.1003
3123	15	2034	1980.1218	1980.1218
9625	15	3470	1980.1223	1980.1223
19791	15	336	1980.1223	1980.1223
19791	15	197	1980.1223	1980.1223
5388	15	2034	1980.1223	1980.1223
17054	14	9817	1981.0	1980.0
173	30	174	1981.0	1981.0
2058	3	2059	1981.0	1981.0
2894	15	2895	1981.0	1981.0
3736	3	3737	1981.0	1981.0
6650	16	2902	1981.0	1981.0
6497	16	2873	1981.0	1981.0
11327	3	6498	1981.0	1981.0
13051	30	5631	1981.0	1981.0
13773	3	7712	1981.0	1981.0
13856	64	13857	1981.0	1981.0
14214	32	5835	1981.0	1981.0
13869	15	2902	1981.0	1981.0
11678	30	16675	1981.0	1981.0
124	30	17462	1981.0	1981.0
17588	3	427	1981.0	1981.0
18359	3	408	1981.0	1981.0
18436	3	3232	1981.0	1981.0
10809	15	7209	1981.0	1981.0
8684	3	550	1981.0	1981.0
10260	15	2491	1981.0	1981.0
10733	30	15243	1981.0	1981.0
1158	15	2750	1981.0	1981.0
24336	30	11253	1981.0	1981.0
24538	15	869	1981.0	1981.0
173	30	11070	1981.0	1981.0
19559	15	3982	1981.0	1981.0
21220	17	1037	1981.0	1981.0
18325	16	3982	1981.0	1981.0
18796	4	1305	1981.0	1981.0
337	30	15835	1981.0	1981.0
24943	3	115	1981.0	1981.0
27495	3	2306	1981.0	1981.0
3122	15	3034	1981.0	1981.0
29062	14	11134	1981.0	1981.0
29213	16	2491	1981.0	1981.0
3158	15	7955	1981.0	1981.0
23195	94	18250	1981.0	1981.0
31891	3	28885	1981.0	1981.0
3243	30	12565	1981.0	1981.0
6591	17	5911	1981.0	1981.0
10797	3	3232	1981.0	1981.0
23508	3	115	1981.0	1981.0
4341	30	23278	1981.0	1981.0
1966	32	14301	1981.0	1981.0
12528	15	869	1981.0	1981.0
1594	15	4686	1981.0	1981.0
2894	16	3118	1981.0	1981.0
1474	15	524	1981.0	1981.0
10710	30	6365	1981.0	1981.0
283	30	14049	1981.0	1981.0
22592	16	8521	1981.0	1981.0
35766	3	5038	1981.0	1981.0
9793	15	6250	1981.0	1981.0
25596	3	6730	1981.0	1981.0
3118	30	2894	1981.0	1981.0
17564	15	3470	1981.0	1981.0
13188	16	4131	1981.0	1981.0
12649	3	4516	1981.0	1981.0
35056	16	57	1981.0	1981.0
31169	3	1178	1981.0	1981.0
124	30	15666	1981.0	1981.0
34737	15	2716	1981.0	1981.0
15430	3	29654	1981.0	1981.0
35392	15	5184	1981.0	1981.0
10390	17	4046	1981.0	1981.0
10579	15	869	1981.0	1981.0
12780	32	6835	1981.0	1981.0
13511	3	14894	1981.0	1981.0
20001	30	20126	1981.0	1981.0
10012	15	869	1981.0	1981.0
2318	15	290	1981.0	1981.0
23795	15	39142	1981.0	1981.0
290	30	2318	1981.0	1981.0
37925	15	2257	1981.0	1981.0
11270	30	28322	1981.0	1981.0
733	3	5391	1981.0	1981.0
20589	15	8697	1981.0	1981.0
24003	16	13822	1981.0	1981.0
2894	16	13051	1981.0	1981.0
11566	25	3689	1981.0	1981.0
29278	16	7064	1981.0	1981.0
37250	17	1037	1981.0	1981.0
18094	15	10859	1981.0	1981.0
35828	15	820	1981.0	1981.0
32109	16	7815	1981.0	1981.0
18895	14	6449	1981.0	1981.0
21160	15	2778	1981.0	1981.0
29947	16	10772	1981.0	1981.0
15297	3	472	1981.0	1981.0
13356	15	20492	1981.0	1981.0
11070	15	173	1981.0	1981.0
32710	15	3034	1981.0	1981.0
3998	30	10332	1981.0	1981.0
11984	16	1487	1981.0	1981.0
27761	15	53	1981.0	1981.0
34082	16	19860	1981.0	1981.0
27856	15	33003	1981.0	1981.0
39969	15	1772	1981.0	1981.0
31925	30	39625	1981.0	1981.0
15604	16	5059	1981.0	1981.0
10056	30	33683	1981.0	1981.0
26027	15	4749	1981.0	1981.0
35862	41	1092	1981.0	1981.0
6365	15	10710	1981.0	1981.0
36343	16	12005	1981.0	1981.0
36201	3	11947	1981.0	1981.0
126	15	12655	1981.0	1981.0
22653	14	21377	1981.0	1981.0
16675	15	11678	1981.0	1981.0
15794	16	1504	1981.0	1981.0
9992	30	15480	1981.0	1981.0
11893	32	4884	1981.0	1981.0
39866	17	10087	1981.0	1981.0
2781	3	30065	1981.0	1981.0
35392	15	4570	1981.0	1981.0
1019	30	25375	1981.0	1981.0
401	15	869	1981.0	1981.0
232	15	33562	1981.0	1981.0
461	30	15157	1981.0	1981.0
29852	15	5739	1981.0	1981.0
4570	30	35392	1981.0	1981.0
3422	30	39337	1981.0	1981.0
7664	16	1487	1981.0	1981.0
18459	14	9817	1981.0	1981.0
4761	3	42009	1981.0	1981.0
40852	30	5631	1981.0	1981.0
3064	16	16647	1981.0	1981.0
14049	15	283	1981.0	1981.0
4558	30	32389	1981.0	1981.0
5739	30	29852	1981.0	1981.0
6153	15	792	1981.0	1981.0
124	30	26998	1981.0	1981.0
28552	3	41443	1981.0	1981.0
16049	15	869	1981.0	1981.0
26793	3	17501	1981.0	1981.0
13857	127	13856	1981.0	1981.0
4131	30	29938	1981.0	1981.0
17582	3	550	1981.0	1981.0
3569	15	4740	1981.0	1981.0
15468	15	14466	1981.0	1981.0
18493	15	2034	1981.0	1981.0
14401	14	22586	1981.0	1981.0
24752	30	11006	1981.0	1981.0
16647	30	26536	1981.0	1981.0
20066	21	1462	1981.0	1981.0
5501	30	7609	1981.0	1981.0
14370	71	856	1981.0	1981.0
16647	30	20377	1981.0	1981.0
8582	32	12780	1981.0	1981.0
29947	16	1026	1981.0	1981.0
35602	16	3982	1981.0	1981.0
27681	16	2491	1981.0	1981.0
7786	112	15994	1981.0	1981.0
19395	15	37869	1981.0	1981.0
4873	3	939	1981.0	1981.0
21677	3	39621	1981.0	1981.0
2147	32	6063	1981.0	1981.0
6729	3	10200	1981.0	1981.0
40458	3	16493	1981.0	1981.0
21817	16	8521	1981.0	1981.0
24034	3	10196	1981.0	1981.0
34327	15	14446	1981.0	1981.0
2894	15	3118	1981.0	1981.0
29869	16	1487	1981.0	1981.0
31271	15	14980	1981.0	1981.0
41256	15	14466	1981.0	1981.0
2716	30	34737	1981.0	1981.0
2894	16	2895	1981.0	1981.0
4359	30	15794	1981.0	1981.0
7522	25	3689	1981.0	1981.0
2894	15	5059	1981.0	1981.0
2894	16	3243	1981.0	1981.0
2894	16	5059	1981.0	1981.0
10451	4	4215	1981.0	1981.0
7157	30	24339	1981.0	1981.0
42243	15	24526	1981.0	1981.0
11864	15	3034	1981.0	1981.0
36026	14	472	1981.0	1981.0
8490	3	9316	1981.0	1981.0
17876	15	820	1981.0	1981.0
9727	15	1159	1981.0	1981.0
23500	71	2157	1981.0	1981.0
26485	3	24004	1981.0	1981.0
40640	3	115	1981.0	1981.0
3993	30	24991	1981.0	1981.0
13868	3	40462	1981.0	1981.0
31084	15	6884	1981.0	1981.0
38688	17	59	1981.0	1981.0
15157	15	461	1981.0	1981.0
24744	15	6250	1981.0	1981.0
15157	15	3034	1981.0	1981.0
15243	15	10733	1981.0	1981.0
6538	15	24511	1981.0	1981.0
41718	3	25131	1981.0	1981.0
10332	15	3998	1981.0	1981.0
18903	50	18904	1981.0	1981.0
15666	15	124	1981.0	1981.0
24339	15	7157	1981.0	1981.0
15080	15	36960	1981.0	1981.0
26998	15	124	1981.0	1981.0
13625	16	13404	1981.0	1981.0
17731	15	1026	1981.0	1981.0
32840	15	19388	1981.0	1981.0
39109	15	1772	1981.0	1981.0
17731	16	1026	1981.0	1981.0
7403	15	2913	1981.0	1981.0
30612	15	820	1981.0	1981.0
32109	15	7815	1981.0	1981.0
4740	30	3569	1981.0	1981.0
16067	15	869	1981.0	1981.0
40746	3	3645	1981.0	1981.0
12140	3	30245	1981.0	1981.0
13143	16	2491	1981.0	1981.0
32268	14	23566	1981.0	1981.0
2895	30	2894	1981.0	1981.0
11235	3	10435	1981.0	1981.0
1213	30	12045	1981.0	1981.0
13909	3	2763	1981.0	1981.0
19159	16	3422	1981.0	1981.0
2815	3	4199	1981.0	1981.0
36960	30	15080	1981.0	1981.0
7815	30	32109	1981.0	1981.0
38026	25	897	1981.0	1981.0
8500	25	6421	1981.0	1981.0
2902	30	13869	1981.0	1981.0
8586	15	1249	1981.0	1981.0
23278	15	4341	1981.0	1981.0
27609	15	25594	1981.0	1981.0
6884	30	31084	1981.0	1981.0
42545	25	3689	1981.0	1981.0
15262	41	3698	1981.0	1981.0
7928	17	1037	1981.0	1981.0
1026	30	17731	1981.0	1981.0
39950	3	9725	1981.0	1981.0
40271	3	14402	1981.0	1981.0
10809	15	8024	1981.0	1981.0
626	32	17993	1981.0	1981.0
12329	71	856	1981.0	1981.0
12565	15	3243	1981.0	1981.0
14921	16	10633	1981.0	1981.0
12565	16	3243	1981.0	1981.0
40724	17	59	1981.0	1981.0
24655	30	28854	1981.0	1981.0
17204	3	1369	1981.0	1981.0
15480	15	1487	1981.0	1981.0
17596	3	7892	1981.0	1981.0
13114	15	820	1981.0	1981.0
5059	30	2894	1981.0	1981.0
12006	16	4540	1981.0	1981.0
33572	41	27311	1981.0	1982.0
34053	4	25156	1981.0	1982.0
28026	60	1570	1981.0	1982.0
26003	3	31683	1981.0	1982.0
4476	4	30232	1981.0	1982.0
30241	14	26784	1981.0	1982.0
22187	14	23388	1981.0	1982.0
26211	4	26212	1981.0	1983.0
19714	3	22918	1981.0	1983.0
22593	41	3698	1981.0	1983.0
19930	3	28277	1981.0	1984.0
8490	14	9817	1981.0	1984.0
34515	33	37485	1981.0	1984.0
32431	3	5245	1981.0	1984.0
2815	14	2816	1981.0	1985.0
6900	3	9544	1981.0	1985.0
5272	3	16703	1981.0	1985.0
18960	18	25833	1981.0	1985.0
38822	41	7393	1981.0	1986.0
525	3	13937	1981.0	1986.0
35820	150	14586	1981.0	1986.0
2352	3	14421	1981.0	1986.0
4581	41	23009	1981.0	1987.0
17596	46	8178	1981.0	1987.0
8068	3	1139	1981.0	1987.0
24034	14	10196	1981.0	1987.0
29683	3	30774	1981.0	1988.0
14049	4	830	1981.0	1989.0
29121	21	75	1981.0	1989.0
382	17	1709	1981.0	1990.0
26193	9	2943	1981.0	1990.0
2943	14	26193	1981.0	1990.0
39260	4	3544	1981.0	1990.0
11487	46	1183	1981.0	1990.0
14549	14	14550	1981.0	1991.0
458	4	7791	1981.0	1992.0
9446	41	1954	1981.0	1992.1114
42220	25	804	1981.0	1994.0
7574	4	3312	1981.0	1994.0
2125	19	2126	1981.0	1996.0
23227	46	1183	1981.0	2001.0
9315	14	9817	1981.0	2001.0
26516	46	8178	1981.0	2005.0
23195	94	4572	1981.0	2006.0
35779	46	8178	1981.0	2014.0
9292	19	16876	1981.0	2014.0
16876	19	9292	1981.0	2014.0
12304	17	3617	1981.0	2016.0
40318	17	3617	1981.0	2016.0
16108	17	3617	1981.0	2017.0
851	15	852	1981.0101	1981.0101
1347	15	69	1981.0101	1981.0101
4498	4	4499	1981.0101	1981.0101
6057	15	6058	1981.0101	1981.0101
620	29	814	1981.0101	1981.0101
10329	4	2133	1981.0101	1981.0101
7236	15	10634	1981.0101	1981.0101
12608	15	1746	1981.0101	1981.0101
13312	16	1504	1981.0101	1981.0101
11370	15	4433	1981.0101	1981.0101
17609	15	6694	1981.0101	1981.0101
1921	15	3348	1981.0101	1981.0101
10070	15	3577	1981.0101	1981.0101
18391	3	3041	1981.0101	1981.0101
14443	15	21451	1981.0101	1981.0101
25247	4	25248	1981.0101	1981.0101
25867	4	8588	1981.0101	1981.0101
26144	17	4046	1981.0101	1981.0101
29850	4	20184	1981.0101	1981.0101
30733	4	14744	1981.0101	1981.0101
31418	19	17212	1981.0101	1981.0101
2684	16	524	1981.0101	1981.0101
324	15	3159	1981.0101	1981.0101
17887	3	5177	1981.0101	1981.0101
7236	15	27463	1981.0101	1981.0101
34597	15	655	1981.0101	1981.0101
35138	15	17233	1981.0101	1981.0101
15478	15	655	1981.0101	1981.0101
21663	4	9781	1981.0101	1981.0101
1504	30	5346	1981.0101	1981.0101
620	34	5040	1981.0101	1981.0101
5835	32	14214	1981.0101	1981.0101
36042	4	25913	1981.0101	1981.0101
1803	15	3493	1981.0101	1981.0101
33015	15	8277	1981.0101	1981.0101
33047	15	19207	1981.0101	1981.0101
29938	16	337	1981.0101	1981.0101
35622	4	14645	1981.0101	1981.0101
17993	32	626	1981.0101	1981.0101
36830	15	38578	1981.0101	1981.0101
2206	15	1883	1981.0101	1981.0101
9752	15	7072	1981.0101	1981.0101
3107	4	20064	1981.0101	1981.0101
6063	32	2147	1981.0101	1981.0101
26261	15	1650	1981.0101	1981.0101
36042	4	20064	1981.0101	1981.0101
18094	15	27903	1981.0101	1981.0101
27027	15	2034	1981.0101	1981.0101
7907	16	337	1981.0101	1981.0101
5040	34	620	1981.0101	1981.0101
15210	52	113	1981.0101	1981.0101
39159	15	41755	1981.0101	1981.0101
5449	4	9555	1981.0101	1981.0101
1194	21	613	1981.0101	1981.0101
39776	40	3823	1981.0101	1981.0101
15919	4	24936	1981.0101	1981.0101
1921	15	5967	1981.0101	1981.0101
33753	15	36779	1981.0101	1981.0101
26086	3	31531	1981.0101	1981.0101
12537	15	11897	1981.0101	1981.0101
17212	19	31418	1981.0101	1981.0101
28070	15	4363	1981.0101	1981.0101
18297	15	31140	1981.0101	1981.0101
683	4	27974	1981.0101	1981.0101
14909	15	39145	1981.0101	1981.0101
14909	15	23175	1981.0101	1981.0101
11650	15	12386	1981.0101	1981.0101
1907	4	39944	1981.0101	1981.0101
27985	16	1504	1981.0101	1981.0101
33746	4	3568	1981.0101	1981.0101
814	25	620	1981.0101	1981.0101
40598	3	550	1981.0101	1981.0101
10718	3	1341	1981.0101	1981.0101
4377	4	42172	1981.0101	1981.0101
8756	15	19207	1981.0101	1981.0101
33164	4	8449	1981.0101	1981.0101
11730	33	4710	1981.0101	1981.0101
22878	16	524	1981.0101	1981.0101
15709	4	24811	1981.0101	1981.0101
5346	15	1504	1981.0101	1981.0101
7609	15	5501	1981.0101	1981.0101
11253	15	24336	1981.0101	1981.0101
24856	15	18534	1981.0101	1981.0101
10777	4	39944	1981.0101	1981.0101
27618	15	6110	1981.0101	1981.0101
4685	15	27033	1981.0101	1981.0101
39625	15	31925	1981.0101	1981.0101
30109	4	8542	1981.0101	1981.0101
3717	15	12160	1981.0101	1981.0101
14760	15	36357	1981.0101	1981.0101
15210	40	42075	1981.0101	1981.0101
23618	15	1922	1981.0101	1981.0101
11289	4	8926	1981.0101	1981.0101
5202	15	4847	1981.0101	1981.0101
4104	32	4233	1981.0101	1981.0101
4833	15	655	1981.0101	1981.0101
34334	15	34509	1981.0101	1981.0101
7872	15	19410	1981.0101	1981.0101
24659	15	4433	1981.0101	1981.0101
4233	32	4104	1981.0101	1981.0101
42572	15	25583	1981.0101	1981.0101
37445	15	7434	1981.0101	1981.0101
9349	21	13	1981.0101	1981.0101
620	34	11372	1981.0101	1981.0101
4884	32	11893	1981.0101	1981.0101
18354	4	694	1981.0101	1981.0101
33135	17	1037	1981.0101	1981.0101
13150	4	16705	1981.0101	1981.0101
23408	15	3470	1981.0101	1981.0101
37682	15	5730	1981.0101	1981.0101
2502	4	2503	1981.0101	1982.0101
13792	4	1646	1981.0101	1982.0101
3012	4	63	1981.0101	1982.0101
9159	4	5145	1981.0101	1982.0101
22976	4	17056	1981.0101	1982.0101
23958	4	2315	1981.0101	1982.0101
16258	4	25248	1981.0101	1982.0101
25867	4	8588	1981.0101	1982.0101
683	4	684	1981.0101	1982.0101
33746	4	9682	1981.0101	1982.0101
15380	4	34559	1981.0101	1982.0101
19114	4	3425	1981.0101	1982.0101
14606	4	35255	1981.0101	1982.0101
26938	4	2560	1981.0101	1982.0101
8683	4	36824	1981.0101	1982.0101
20089	4	11599	1981.0101	1982.0101
714	4	18618	1981.0101	1982.0101
7778	4	374	1981.0101	1982.0101
3352	4	15047	1981.0101	1982.0101
16330	4	16331	1981.0101	1982.0101
31330	4	22520	1981.0101	1982.0101
38176	4	4140	1981.0101	1982.0101
39590	4	2982	1981.0101	1982.0101
24375	4	1057	1981.0101	1982.0101
21983	4	10410	1981.0101	1982.0101
39418	4	980	1981.0101	1982.0101
30622	4	15395	1981.0101	1982.0101
7687	4	2239	1981.0101	1982.0101
37926	4	21145	1981.0101	1982.0101
37926	4	41509	1981.0101	1982.0101
34763	4	19762	1981.0101	1982.0101
6377	4	34508	1981.0101	1982.0101
7899	4	7344	1981.0101	1982.0101
15709	4	15710	1981.0101	1982.0101
33574	4	19285	1981.0101	1982.0101
26353	4	36219	1981.0101	1982.0101
20622	4	27974	1981.0101	1982.0101
4926	4	35255	1981.0101	1982.0101
36042	4	21308	1981.0101	1982.0101
7212	4	15129	1981.0101	1982.0101
40892	4	12098	1981.0101	1982.0101
34182	4	15754	1981.0101	1982.0101
3690	4	3691	1981.0101	1983.0101
10329	4	4580	1981.0101	1983.0101
15919	4	11157	1981.0101	1983.0101
17496	4	5266	1981.0101	1983.0101
3582	4	4402	1981.0101	1983.0101
21592	4	16529	1981.0101	1983.0101
4498	4	2094	1981.0101	1983.0101
16999	4	27974	1981.0101	1983.0101
8791	4	1660	1981.0101	1983.0101
32831	4	4077	1981.0101	1983.0101
21327	4	8548	1981.0101	1983.0101
17940	4	15042	1981.0101	1983.0101
20712	4	2074	1981.0101	1983.0101
22876	4	5142	1981.0101	1983.0101
29924	4	13016	1981.0101	1983.0101
37992	4	12414	1981.0101	1983.0101
13957	4	6934	1981.0101	1983.0101
12472	4	25398	1981.0101	1983.0101
22923	4	38510	1981.0101	1983.0101
35045	4	20986	1981.0101	1983.0101
30351	4	9955	1981.0101	1983.0101
21781	4	370	1981.0101	1983.0101
38968	4	15360	1981.0101	1983.0101
16336	4	2595	1981.0101	1983.0101
11942	4	89	1981.0101	1983.0101
19276	4	8581	1981.0101	1983.0101
15811	4	9943	1981.0101	1983.0101
9296	4	12011	1981.0101	1983.0101
17049	4	8727	1981.0101	1983.0101
31061	4	10861	1981.0101	1983.0101
26833	4	15	1981.0101	1983.0101
36610	4	1120	1981.0101	1983.0101
8938	4	35671	1981.0101	1983.0101
20312	4	2737	1981.0101	1983.0101
32831	4	12607	1981.0101	1983.0101
35253	4	5192	1981.0101	1983.0101
35403	4	12098	1981.0101	1983.0101
26895	4	17972	1981.0101	1983.0101
3728	4	3729	1981.0101	1984.0101
3107	4	8419	1981.0101	1984.0101
16580	4	4796	1981.0101	1984.0101
16669	4	25111	1981.0101	1984.0101
5067	4	11868	1981.0101	1984.0101
12322	4	32925	1981.0101	1984.0101
3985	4	15754	1981.0101	1984.0101
17080	4	6257	1981.0101	1984.0101
25760	19	24159	1981.0101	1984.0101
39466	4	40152	1981.0101	1984.0101
23399	4	10705	1981.0101	1984.0101
23329	4	16708	1981.0101	1984.0101
35830	4	2560	1981.0101	1984.0101
24159	19	25760	1981.0101	1984.0101
2654	4	8368	1981.0101	1984.0101
25964	4	24977	1981.0101	1984.0101
7860	4	6890	1981.0101	1984.0101
30235	4	1952	1981.0101	1984.0101
11852	4	848	1981.0101	1984.0101
1169	3	27417	1981.0101	1985.0101
1907	4	2651	1981.0101	1985.0101
17276	4	11376	1981.0101	1985.0101
25127	4	5192	1981.0101	1985.0101
27920	4	5311	1981.0101	1985.0101
27209	4	10883	1981.0101	1985.0101
19810	4	3729	1981.0101	1985.0101
18564	4	9306	1981.0101	1985.0101
41751	4	3263	1981.0101	1985.0101
11281	4	2423	1981.0101	1985.0101
21634	4	11239	1981.0101	1985.0101
22416	4	588	1981.0101	1985.0101
22699	4	5266	1981.0101	1985.0101
12447	4	4796	1981.0101	1985.0101
28543	4	1374	1981.0101	1985.0101
1999	4	25817	1981.0101	1985.0101
35707	4	2560	1981.0101	1985.0101
11289	4	632	1981.0101	1985.0101
8554	4	29664	1981.0101	1985.0101
9930	4	948	1981.0101	1986.0101
12724	4	12725	1981.0101	1986.0101
18440	4	3622	1981.0101	1986.0101
28577	4	5145	1981.0101	1986.0101
29850	4	24472	1981.0101	1986.0101
5237	4	14955	1981.0101	1986.0101
17015	4	9049	1981.0101	1986.0101
31898	4	26854	1981.0101	1986.0101
8813	19	16003	1981.0101	1986.0101
16003	19	8813	1981.0101	1986.0101
16252	4	13878	1981.0101	1987.0101
18354	4	2094	1981.0101	1987.0101
37430	4	11685	1981.0101	1987.0101
4377	4	20623	1981.0101	1987.0101
5207	4	3671	1981.0101	1988.0101
1041	4	24519	1981.0101	1988.0101
39440	4	20505	1981.0101	1988.0101
38101	4	3032	1981.0101	1988.0101
40055	4	39879	1981.0101	1988.0101
15920	4	12414	1981.0101	1989.0101
37132	4	4125	1981.0101	1989.0101
10777	4	7931	1981.0101	1990.0101
29118	4	13268	1981.0101	1990.0101
2172	4	2949	1981.0101	1991.0101
23076	4	2480	1981.0101	1991.0101
2955	4	12725	1981.0101	1991.0101
23076	4	4125	1981.0101	1991.0101
19993	4	260	1981.0101	1991.0101
29657	4	2928	1981.0101	1994.0101
37365	4	11084	1981.0101	1994.0101
35622	4	429	1981.0101	1994.0101
36982	4	30912	1981.0101	1995.0101
2126	19	2125	1981.0101	1996.0101
2237	4	889	1981.0101	1996.0101
29781	4	8876	1981.0101	1997.0101
22323	9	31518	1981.0101	1999.0101
40095	19	36924	1981.0101	2000.0101
36924	19	40095	1981.0101	2000.0101
21230	14	4522	1981.0101	2001.0101
5620	14	4522	1981.0101	2002.0101
620	34	1760	1981.0101	2006.1231
8566	50	8567	1981.0101	2012.0101
8567	25	8566	1981.0101	2012.0101
17866	21	7561	1981.0114	2013.1123
17932	4	7484	1981.0117	1991.0316
30032	41	7691	1981.012	1981.033
4135	41	6709	1981.012	1989.012
13	70	4135	1981.012	1989.012
11315	41	11316	1981.0122	1982.0705
19765	9	11315	1981.0122	1982.0705
11316	80	11315	1981.0122	1982.0705
42555	41	37035	1981.0122	1992.102
27296	15	197	1981.013	1981.013
28153	4	35929	1981.0201	1987.0101
22532	41	18199	1981.0211	1985.1106
11009	15	197	1981.0212	1981.0212
11009	15	336	1981.0212	1981.0212
28376	19	13945	1981.0214	1981.0214
13945	19	28376	1981.0214	1981.0214
83	70	22312	1981.0225	1982.1201
26273	3	2167	1981.03	1981.03
1701	40	3823	1981.0303	1981.0303
24147	15	2034	1981.031	1981.031
24919	41	2006	1981.0311	1990.0311
5364	15	197	1981.0327	1981.0327
30032	160	19511	1981.033	1981.033
30032	160	39498	1981.033	1981.033
26273	41	16805	1981.04	1992.12
9704	25	1577	1981.0403	1981.0403
24538	15	820	1981.0408	1981.0408
630	32	8783	1981.041	1981.041
8783	32	630	1981.041	1981.041
542	15	336	1981.042	1981.042
542	15	197	1981.042	1981.042
4443	32	3984	1981.0423	1981.0423
3984	32	4443	1981.0423	1981.0423
28733	12	36748	1981.0428	1981.0428
2714	25	85	1981.0507	1981.0507
961	25	4054	1981.0507	1994.1027
17579	25	4054	1981.0507	2003.0917
23262	25	4054	1981.0507	2007.0506
11000	32	22906	1981.052	1981.052
22906	32	11000	1981.052	1981.052
6145	41	21204	1981.0521	1984.0717
8013	15	820	1981.0604	1981.0604
11241	25	652	1981.0604	1981.0604
2749	15	37234	1981.0608	1981.0608
2749	15	13097	1981.0608	1981.0608
13105	15	13097	1981.0611	1981.0611
29352	15	5058	1981.0613	1981.0613
1808	15	336	1981.0623	1981.0623
1808	15	197	1981.0623	1981.0623
6911	41	279	1981.063	1982.0127
16634	41	279	1981.063	1982.0127
4451	41	279	1981.063	1982.0127
6192	41	279	1981.063	1982.0127
23800	41	279	1981.063	1982.0127
21840	41	279	1981.063	1982.0127
19971	41	279	1981.063	1982.0127
22841	41	279	1981.063	1982.0127
28017	41	279	1981.063	1982.0127
12723	41	279	1981.063	1982.0127
29586	41	279	1981.063	1982.0127
21637	41	279	1981.063	1982.0127
39881	41	279	1981.063	1982.0127
717	41	279	1981.063	1982.0127
1844	41	279	1981.063	1982.0127
17910	41	279	1981.063	1982.0127
278	41	279	1981.063	1982.0127
19110	41	279	1981.063	1982.0127
23286	41	279	1981.063	1982.0127
883	41	279	1981.063	1982.0127
19929	41	279	1981.063	1982.0127
12824	15	69	1981.07	1981.07
5701	123	12190	1981.0701	1982.1201
34960	41	718	1981.0701	1982.1214
12792	123	25256	1981.0701	1987.063
28694	41	7796	1981.0701	1990.0301
5944	41	296	1981.0702	1981.0723
2719	41	296	1981.0702	1981.0723
19051	41	296	1981.0702	1981.0724
18761	41	296	1981.0702	1981.0724
12953	41	296	1981.0702	1986.0401
34885	41	296	1981.0702	1986.0401
2618	41	296	1981.0702	1986.0401
10082	41	3626	1981.0702	1986.0401
26766	41	296	1981.0702	1986.0401
10810	41	296	1981.0702	1986.0401
15905	41	296	1981.0702	1986.0401
3962	41	3626	1981.0702	1986.0401
25234	41	296	1981.0702	1986.0401
8299	41	296	1981.0702	1986.0401
29801	41	296	1981.0702	1986.0401
13176	41	296	1981.0702	1986.0401
13173	41	296	1981.0702	1986.0401
883	41	718	1981.0709	1983.041
39881	41	718	1981.0709	1984.0723
27788	41	302	1981.072	1983.0329
14776	19	16060	1981.0729	1996.0828
16060	19	14776	1981.0729	1996.0828
2558	70	28773	1981.0802	1981.083
18996	41	15313	1981.0817	1991.0521
10692	3	20428	1981.0901	1983.063
7345	41	718	1981.0901	1984.0723
8874	15	197	1981.0904	1981.0904
9727	15	2034	1981.0907	1981.0907
24145	15	3470	1981.0914	1981.0914
3800	25	333	1981.0915	1981.0915
5743	15	1159	1981.0915	1981.0915
5743	15	197	1981.0923	1981.0923
5743	15	336	1981.0923	1981.0923
19269	32	15616	1981.0925	1981.0925
2369	25	333	1981.0925	1981.0925
15616	32	19269	1981.0925	1981.0925
3800	25	611	1981.0928	1981.0928
3800	25	1559	1981.0928	1981.0928
3800	25	2483	1981.0928	1981.0928
13216	116	10324	1981.1009	1981.1009
2558	70	24047	1981.1013	1989.0803
2650	32	1524	1981.1022	1981.1022
42324	160	31499	1981.1101	1981.1101
6835	32	12780	1981.111	1981.111
8364	15	451	1981.1127	1981.1127
3123	15	13097	1981.12	1981.12
14909	15	69	1981.12	1981.12
3123	15	41227	1981.12	1981.12
3123	15	41544	1981.12	1981.12
3123	15	2750	1981.12	1981.12
27057	15	69	1981.12	1981.12
17516	15	1249	1981.1202	1981.1202
3123	15	22629	1981.1215	1981.1215
3123	15	1159	1981.1216	1981.1216
3123	15	13551	1981.1216	1981.1216
3123	15	17191	1981.1218	1981.1218
3123	15	562	1981.1218	1981.1218
3123	15	6617	1981.1218	1981.1218
19461	21	475	1981.1218	1981.1218
3123	15	197	1981.1218	1981.1218
10117	15	197	1981.1218	1981.1218
3123	15	1664	1981.1218	1981.1218
3123	15	29347	1981.1221	1981.1221
366	25	1559	1981.1223	1981.1223
10497	25	6421	1981.1229	1981.1229
17096	25	6421	1981.1229	1981.1229
42323	15	15544	1981.1231	1981.1231
289	15	290	1982.0	1982.0
3998	30	7679	1982.0	1982.0
11346	15	820	1982.0	1982.0
6560	14	9817	1982.0	1982.0
12380	15	12381	1982.0	1982.0
4740	30	3122	1982.0	1982.0
15085	3	15086	1982.0	1982.0
15157	15	3034	1982.0	1982.0
3992	16	3993	1982.0	1982.0
16074	15	5204	1982.0	1982.0
2231	30	16752	1982.0	1982.0
12664	15	6250	1982.0	1982.0
20226	15	867	1982.0	1982.0
17253	3	18103	1982.0	1982.0
15750	3	22647	1982.0	1982.0
7043	15	2034	1982.0	1982.0
20001	30	20126	1982.0	1982.0
7574	15	5184	1982.0	1982.0
173	30	2318	1982.0	1982.0
2107	16	229	1982.0	1982.0
2107	16	7395	1982.0	1982.0
17127	16	10772	1982.0	1982.0
1250	15	1772	1982.0	1982.0
18413	112	11559	1982.0	1982.0
27608	3	25138	1982.0	1982.0
27728	16	7815	1982.0	1982.0
27738	15	5369	1982.0	1982.0
25289	15	5296	1982.0	1982.0
10710	30	28854	1982.0	1982.0
5743	15	8314	1982.0	1982.0
4122	15	8314	1982.0	1982.0
1594	15	17794	1982.0	1982.0
11642	15	869	1982.0	1982.0
2499	32	5456	1982.0	1982.0
12044	15	4681	1982.0	1982.0
22592	15	229	1982.0	1982.0
1158	15	8922	1982.0	1982.0
26242	3	3498	1982.0	1982.0
29945	15	57	1982.0	1982.0
30936	16	33721	1982.0	1982.0
20716	15	10772	1982.0	1982.0
1091	3	17537	1982.0	1982.0
7213	3	9316	1982.0	1982.0
25939	16	7815	1982.0	1982.0
22391	16	1487	1982.0	1982.0
34928	25	3689	1982.0	1982.0
2107	15	7395	1982.0	1982.0
7793	15	283	1982.0	1982.0
31390	3	6418	1982.0	1982.0
32181	15	35220	1982.0	1982.0
28717	3	6498	1982.0	1982.0
28190	30	27923	1982.0	1982.0
13602	30	9724	1982.0	1982.0
35866	3	36410	1982.0	1982.0
20646	16	57	1982.0	1982.0
1474	16	2491	1982.0	1982.0
13525	30	13526	1982.0	1982.0
9137	3	9506	1982.0	1982.0
2107	15	229	1982.0	1982.0
29278	16	7064	1982.0	1982.0
17033	15	3470	1982.0	1982.0
9219	15	2491	1982.0	1982.0
16585	15	6250	1982.0	1982.0
3118	30	17731	1982.0	1982.0
12565	16	3243	1982.0	1982.0
27923	16	28190	1982.0	1982.0
30936	16	4681	1982.0	1982.0
4799	15	1772	1982.0	1982.0
17073	15	820	1982.0	1982.0
32846	16	3982	1982.0	1982.0
15604	16	3118	1982.0	1982.0
124	30	5775	1982.0	1982.0
29278	15	7064	1982.0	1982.0
3093	15	2034	1982.0	1982.0
39971	3	24361	1982.0	1982.0
10772	30	17127	1982.0	1982.0
14746	15	2716	1982.0	1982.0
34101	3	30716	1982.0	1982.0
18005	16	19968	1982.0	1982.0
6650	16	503	1982.0	1982.0
28621	16	1487	1982.0	1982.0
27153	30	3410	1982.0	1982.0
1026	30	13457	1982.0	1982.0
14909	15	13412	1982.0	1982.0
41015	4	38956	1982.0	1982.0
2894	16	2895	1982.0	1982.0
8520	16	8521	1982.0	1982.0
12516	15	2750	1982.0	1982.0
17900	17	4046	1982.0	1982.0
4053	15	12160	1982.0	1982.0
5582	15	17191	1982.0	1982.0
10503	16	19388	1982.0	1982.0
8011	16	2902	1982.0	1982.0
283	30	7793	1982.0	1982.0
34082	16	3422	1982.0	1982.0
32710	15	3034	1982.0	1982.0
2077	3	7800	1982.0	1982.0
20377	15	17682	1982.0	1982.0
17307	3	115	1982.0	1982.0
9992	30	22391	1982.0	1982.0
33141	3	31523	1982.0	1982.0
36298	3	18072	1982.0	1982.0
40065	3	32232	1982.0	1982.0
5204	30	16074	1982.0	1982.0
20716	16	10772	1982.0	1982.0
30936	15	4681	1982.0	1982.0
460	15	2351	1982.0	1982.0
40990	3	2763	1982.0	1982.0
12633	15	347	1982.0	1982.0
1019	30	21978	1982.0	1982.0
13412	30	14909	1982.0	1982.0
5775	15	124	1982.0	1982.0
17127	15	7064	1982.0	1982.0
41977	3	3234	1982.0	1982.0
17127	16	7064	1982.0	1982.0
17127	15	10772	1982.0	1982.0
1823	15	10733	1982.0	1982.0
461	30	4958	1982.0	1982.0
27408	17	7127	1982.0	1982.0
4570	30	38060	1982.0	1982.0
7638	30	28543	1982.0	1982.0
16074	16	5204	1982.0	1982.0
24551	3	3234	1982.0	1982.0
5088	21	83	1982.0	1982.0
27575	15	7218	1982.0	1982.0
38258	3	32068	1982.0	1982.0
18796	4	6047	1982.0	1982.0
124	30	22446	1982.0	1982.0
124	30	2357	1982.0	1982.0
15434	38	207	1982.0	1982.0
15750	3	25131	1982.0	1982.0
10157	32	1614	1982.0	1982.0
32454	3	13911	1982.0	1982.0
12622	32	10229	1982.0	1982.0
22393	15	1487	1982.0	1982.0
13051	30	33834	1982.0	1982.0
3410	15	31111	1982.0	1982.0
11270	30	39042	1982.0	1982.0
29564	15	16797	1982.0	1982.0
9546	32	11336	1982.0	1982.0
15049	3	12741	1982.0	1982.0
24049	15	13823	1982.0	1982.0
27923	15	28190	1982.0	1982.0
18310	32	2626	1982.0	1982.0
31935	16	9992	1982.0	1982.0
13651	3	37397	1982.0	1982.0
4359	30	18611	1982.0	1982.0
2894	15	2895	1982.0	1982.0
2716	30	14746	1982.0	1982.0
26543	3	33140	1982.0	1982.0
17876	15	820	1982.0	1982.0
6466	3	9566	1982.0	1982.0
11223	15	12160	1982.0	1982.0
2749	15	8314	1982.0	1982.0
3992	15	3993	1982.0	1982.0
35817	14	3948	1982.0	1982.0
289	15	9048	1982.0	1982.0
290	30	289	1982.0	1982.0
37168	3	1682	1982.0	1982.0
17349	15	3186	1982.0	1982.0
3993	30	3992	1982.0	1982.0
27033	30	28851	1982.0	1982.0
29036	3	38032	1982.0	1982.0
26504	15	2257	1982.0	1982.0
5837	15	5490	1982.0	1982.0
3264	3	31878	1982.0	1982.0
9048	30	289	1982.0	1982.0
21231	3	9278	1982.0	1982.0
25478	3	2659	1982.0	1982.0
17731	15	3118	1982.0	1982.0
17731	16	3118	1982.0	1982.0
12044	16	4681	1982.0	1982.0
750	16	524	1982.0	1982.0
26107	15	4341	1982.0	1982.0
22280	3	8997	1982.0	1982.0
32840	15	19388	1982.0	1982.0
2318	15	173	1982.0	1982.0
2318	16	173	1982.0	1982.0
12044	16	33721	1982.0	1982.0
37872	15	14466	1982.0	1982.0
14933	3	8937	1982.0	1982.0
25970	20	1044	1982.0	1982.0
2895	30	2894	1982.0	1982.0
11965	30	13186	1982.0	1982.0
13482	16	2491	1982.0	1982.0
18886	3	1687	1982.0	1982.0
35188	18	1448	1982.0	1982.0
26208	15	2754	1982.0	1982.0
417	15	7558	1982.0	1982.0
10772	30	20716	1982.0	1982.0
5604	15	197	1982.0	1982.0
11906	15	7912	1982.0	1982.0
2902	30	8011	1982.0	1982.0
4997	32	21773	1982.0	1982.0
14533	3	3608	1982.0	1982.0
7679	15	3998	1982.0	1982.0
4833	16	2491	1982.0	1982.0
7815	30	27728	1982.0	1982.0
17569	17	4046	1982.0	1982.0
3915	20	3570	1982.0	1982.0
36960	30	10625	1982.0	1982.0
3122	15	4740	1982.0	1982.0
2351	30	460	1982.0	1982.0
13186	15	11965	1982.0	1982.0
3122	15	3034	1982.0	1982.0
22592	15	1504	1982.0	1982.0
4958	15	3034	1982.0	1982.0
27728	15	7815	1982.0	1982.0
10809	15	8024	1982.0	1982.0
10733	30	1823	1982.0	1982.0
13186	15	12381	1982.0	1982.0
10809	15	13124	1982.0	1982.0
4958	15	461	1982.0	1982.0
42545	25	897	1982.0	1982.0
22592	16	229	1982.0	1982.0
13457	15	1026	1982.0	1982.0
41345	71	5421	1982.0	1982.0
4341	30	26107	1982.0	1982.0
24615	3	20264	1982.0	1982.0
12329	14	5038	1982.0	1982.0
2754	30	26208	1982.0	1982.0
9724	15	13602	1982.0	1982.0
10448	3	16493	1982.0	1982.0
8011	15	2902	1982.0	1982.0
23873	15	18883	1982.0	1982.0
13457	16	1026	1982.0	1982.0
39488	15	41048	1982.0	1982.0
15604	15	3118	1982.0	1982.0
1614	32	10157	1982.0	1982.0
15604	16	2980	1982.0	1982.0
25289	15	443	1982.0	1982.0
15604	15	5059	1982.0	1982.0
5059	30	15604	1982.0	1982.0
30162	33	203	1982.0	1982.0
36154	3	32590	1982.0	1982.0
15604	16	5059	1982.0	1982.0
16482	15	17460	1982.0	1982.0
15604	16	3243	1982.0	1982.0
2903	3	28400	1982.0	1982.0
12006	16	4540	1982.0	1982.0
18903	50	12563	1982.0	1982.11
12042	4	12043	1982.0	1983.0
37194	4	23376	1982.0	1983.0
18418	4	6047	1982.0	1983.0
15297	3	6774	1982.0	1983.0
29909	4	13941	1982.0	1983.0
31334	4	7109	1982.0	1983.0
18903	50	42399	1982.0	1983.03
21104	18	16805	1982.0	1984.0
33572	41	947	1982.0	1984.0
30704	4	8812	1982.0	1984.0
18787	3	2171	1982.0	1984.0
10244	38	973	1982.0	1984.0
37194	4	1305	1982.0	1984.0
41985	3	17555	1982.0	1984.0
29781	4	13899	1982.0	1984.0
16761	4	20324	1982.0	1984.0
16262	41	1092	1982.0	1984.0
73	62	19020	1982.0	1984.0
22145	14	5095	1982.0	1984.0
27675	3	472	1982.0	1985.0
14084	4	1668	1982.0	1985.0
14282	37	203	1982.0	1985.0
5342	17	3922	1982.0	1985.0
29219	41	26438	1982.0	1985.0
38536	41	1092	1982.0	1985.0
36316	3	10693	1982.0	1985.0
4958	4	816	1982.0	1986.0
28534	3	1017	1982.0	1986.0
29524	3	22400	1982.0	1986.0
36571	41	17347	1982.0	1986.0
6782	41	1092	1982.0	1986.0
27268	3	23856	1982.0	1986.0
27069	3	35510	1982.0	1986.0
681	43	54	1982.0	1986.03
19089	3	8044	1982.0	1987.0
6142	3	18295	1982.0	1987.0
38893	76	3123	1982.0	1987.0
9558	33	1631	1982.0	1988.0
33516	3	38575	1982.0	1988.0
6626	76	3123	1982.0	1988.0
9349	4	22186	1982.0	1989.0
24893	17	24894	1982.0	1989.0
29030	17	29031	1982.0	1989.0
25731	41	11812	1982.0	1989.0
36409	17	18820	1982.0	1989.0
27408	17	29517	1982.0	1989.0
14575	19	14574	1982.0	1989.0
40986	4	39847	1982.0	1989.0
28968	41	999	1982.0	1989.0
37325	17	29517	1982.0	1989.0
18071	14	18072	1982.0	1990.0
12919	70	7475	1982.0	1990.0
24301	41	1339	1982.0	1992.0
13076	41	11812	1982.0	1992.0
26714	25	804	1982.0	1993.0
28026	60	3475	1982.0	1993.0
24990	19	3976	1982.0	1993.0
21850	4	2885	1982.0	1993.0
4369	18	194	1982.0	1995.0
25542	17	15310	1982.0	1995.0
21563	123	26735	1982.0	1996.0
25947	25	25948	1982.0	1999.0
6680	14	6681	1982.0	2001.0
26612	14	9693	1982.0	2001.0
9835	46	8178	1982.0	2004.0
20971	19	8788	1982.0	2004.0
31124	1	3	1982.0	2005.0
18561	33	40954	1982.0	2007.0223
23627	19	12082	1982.0	2009.0
12082	19	23627	1982.0	2009.0101
1381	19	1382	1982.0	2010.0
2569	14	5562	1982.0	2013.0
32279	19	32278	1982.0101	1951.0101
683	4	684	1982.0101	1982.0101
4432	15	4433	1982.0101	1982.0101
673	32	332	1982.0101	1982.0101
24083	15	8624	1982.0101	1982.0101
26549	3	26550	1982.0101	1982.0101
26809	15	655	1982.0101	1982.0101
28067	4	3900	1982.0101	1982.0101
7705	15	4847	1982.0101	1982.0101
2422	4	14490	1982.0101	1982.0101
24844	4	172	1982.0101	1982.0101
33089	15	655	1982.0101	1982.0101
27799	17	4046	1982.0101	1982.0101
2345	16	1504	1982.0101	1982.0101
27606	4	3900	1982.0101	1982.0101
32519	71	3977	1982.0101	1982.0101
1194	17	4046	1982.0101	1982.0101
24991	19	33512	1982.0101	1982.0101
20452	15	25583	1982.0101	1982.0101
17435	19	23075	1982.0101	1982.0101
5216	15	3939	1982.0101	1982.0101
6181	15	39145	1982.0101	1982.0101
13186	15	37818	1982.0101	1982.0101
8022	4	7003	1982.0101	1982.0101
7907	15	655	1982.0101	1982.0101
33306	14	98	1982.0101	1982.0101
6074	15	6694	1982.0101	1982.0101
18732	15	27294	1982.0101	1982.0101
8703	32	9069	1982.0101	1982.0101
22221	15	3577	1982.0101	1982.0101
27649	15	22110	1982.0101	1982.0101
28390	3	9639	1982.0101	1982.0101
14145	15	6865	1982.0101	1982.0101
5088	21	113	1982.0101	1982.0101
14857	15	6694	1982.0101	1982.0101
9268	16	337	1982.0101	1982.0101
14334	16	1504	1982.0101	1982.0101
1921	15	5967	1982.0101	1982.0101
1921	15	3348	1982.0101	1982.0101
41703	15	655	1982.0101	1982.0101
613	22	2369	1982.0101	1982.0101
36013	15	21403	1982.0101	1982.0101
35890	3	8689	1982.0101	1982.0101
19551	15	655	1982.0101	1982.0101
21773	32	4997	1982.0101	1982.0101
11336	32	9546	1982.0101	1982.0101
1686	4	17856	1982.0101	1982.0101
1504	30	22592	1982.0101	1982.0101
12824	15	40725	1982.0101	1982.0101
2943	15	3939	1982.0101	1982.0101
37490	15	3493	1982.0101	1982.0101
14909	15	40135	1982.0101	1982.0101
5074	15	35931	1982.0101	1982.0101
32786	16	1504	1982.0101	1982.0101
2369	22	613	1982.0101	1982.0101
3492	15	1922	1982.0101	1982.0101
28323	15	955	1982.0101	1982.0101
14859	15	11934	1982.0101	1982.0101
8027	32	673	1982.0101	1982.0101
17811	21	1802	1982.0101	1982.0101
28543	15	4433	1982.0101	1982.0101
27434	15	5024	1982.0101	1982.0101
6377	4	5125	1982.0101	1982.0101
8022	4	1329	1982.0101	1982.0101
11436	15	3759	1982.0101	1982.0101
5620	15	5174	1982.0101	1982.0101
16752	15	655	1982.0101	1982.0101
27763	15	4136	1982.0101	1982.0101
35600	15	655	1982.0101	1982.0101
673	32	8027	1982.0101	1982.0101
25679	15	22760	1982.0101	1982.0101
28851	15	27033	1982.0101	1982.0101
4631	15	5024	1982.0101	1982.0101
22907	15	38093	1982.0101	1982.0101
4090	16	337	1982.0101	1982.0101
4510	16	524	1982.0101	1982.0101
5202	15	19410	1982.0101	1982.0101
1382	19	1381	1982.0101	1982.0101
34615	17	4046	1982.0101	1982.0101
1437	3	3041	1982.0101	1982.0101
27294	30	18732	1982.0101	1982.0101
13891	14	8084	1982.0101	1982.0101
23075	19	17435	1982.0101	1982.0101
36451	16	337	1982.0101	1982.0101
20074	3	1942	1982.0101	1982.0101
12256	4	41770	1982.0101	1982.0101
5849	15	32650	1982.0101	1982.0101
13183	3	2763	1982.0101	1982.0101
35713	15	8277	1982.0101	1982.0101
40892	4	6570	1982.0101	1982.0101
21756	15	8277	1982.0101	1982.0101
10681	15	38171	1982.0101	1982.0101
24134	3	21981	1982.0101	1982.0101
15552	15	6110	1982.0101	1982.0101
10490	15	545	1982.0101	1982.0101
10229	32	12622	1982.0101	1982.0101
33512	19	24991	1982.0101	1982.0101
6377	4	4140	1982.0101	1983.0101
14998	4	8475	1982.0101	1983.0101
8683	4	10880	1982.0101	1983.0101
9325	4	27560	1982.0101	1983.0101
12873	4	8382	1982.0101	1983.0101
4916	4	8542	1982.0101	1983.0101
28577	4	616	1982.0101	1983.0101
25867	4	13643	1982.0101	1983.0101
26919	4	38439	1982.0101	1983.0101
31923	4	17525	1982.0101	1983.0101
3672	4	26270	1982.0101	1983.0101
22976	4	13643	1982.0101	1983.0101
31381	4	6679	1982.0101	1983.0101
28171	4	22971	1982.0101	1983.0101
23221	4	36417	1982.0101	1983.0101
28067	4	9350	1982.0101	1983.0101
27444	4	16700	1982.0101	1983.0101
2502	4	8588	1982.0101	1983.0101
22683	4	374	1982.0101	1983.0101
26368	4	89	1982.0101	1983.0101
28407	4	4402	1982.0101	1983.0101
34723	4	11123	1982.0101	1983.0101
17316	4	359	1982.0101	1983.0101
41379	4	1565	1982.0101	1983.0101
28614	4	10883	1982.0101	1983.0101
33746	4	558	1982.0101	1983.0101
7859	4	27984	1982.0101	1983.0101
33541	4	23100	1982.0101	1983.0101
21698	4	15785	1982.0101	1983.0101
18557	4	29175	1982.0101	1983.0101
14578	4	4614	1982.0101	1983.0101
8726	4	6405	1982.0101	1983.0101
14210	4	172	1982.0101	1983.0101
4369	4	19974	1982.0101	1983.0101
38124	4	3555	1982.0101	1983.0101
39515	4	32335	1982.0101	1983.0101
17660	4	3425	1982.0101	1983.0101
12271	4	20212	1982.0101	1983.0101
4926	4	6167	1982.0101	1983.0101
13792	4	13878	1982.0101	1983.0101
23958	4	11520	1982.0101	1983.0101
33682	4	9555	1982.0101	1983.0101
4354	4	24977	1982.0101	1983.0101
21724	4	23532	1982.0101	1983.0101
25078	4	1646	1982.0101	1983.0101
13150	4	2275	1982.0101	1983.0101
3352	4	1263	1982.0101	1984.0101
14915	4	4796	1982.0101	1984.0101
16330	4	24039	1982.0101	1984.0101
33164	4	28666	1982.0101	1984.0101
21983	4	16195	1982.0101	1984.0101
16528	4	33352	1982.0101	1984.0101
30759	4	19724	1982.0101	1984.0101
20440	4	11427	1982.0101	1984.0101
39481	4	499	1982.0101	1984.0101
14655	4	15845	1982.0101	1984.0101
9507	4	14490	1982.0101	1984.0101
7389	4	9355	1982.0101	1984.0101
702	4	13055	1982.0101	1984.0101
34512	4	5145	1982.0101	1984.0101
7687	4	12414	1982.0101	1984.0101
32473	4	20954	1982.0101	1984.0101
36595	4	38144	1982.0101	1984.0101
14427	4	10883	1982.0101	1984.0101
39418	4	2315	1982.0101	1984.0101
29684	4	3541	1982.0101	1984.0101
13140	4	15011	1982.0101	1984.0101
20089	4	15670	1982.0101	1984.0101
15514	4	3836	1982.0101	1984.0101
10508	4	15632	1982.0101	1984.0101
3221	4	429	1982.0101	1984.0101
29936	4	8058	1982.0101	1984.0101
31924	4	5701	1982.0101	1984.0101
31944	4	13361	1982.0101	1984.0101
31924	4	28206	1982.0101	1984.0101
11292	4	13958	1982.0101	1984.0101
25427	4	1766	1982.0101	1984.0101
34182	4	4491	1982.0101	1984.0101
7212	4	1620	1982.0101	1984.0101
38734	4	33656	1982.0101	1984.0101
2423	123	35851	1982.0101	1984.063
1041	4	1042	1982.0101	1985.0101
16390	4	5140	1982.0101	1985.0101
23011	4	4196	1982.0101	1985.0101
30283	4	30284	1982.0101	1985.0101
11919	4	1374	1982.0101	1985.0101
19660	14	175	1982.0101	1985.0101
38176	4	29741	1982.0101	1985.0101
1865	4	5208	1982.0101	1985.0101
26951	4	11239	1982.0101	1985.0101
41817	4	30497	1982.0101	1985.0101
23864	4	9113	1982.0101	1985.0101
25030	37	15355	1982.0101	1985.0101
21316	4	5035	1982.0101	1985.0101
9051	4	4202	1982.0101	1985.0101
25680	4	1321	1982.0101	1985.0101
33915	3	1548	1982.0101	1985.0101
13555	4	22200	1982.0101	1985.0101
16514	4	14975	1982.0101	1985.0101
14534	4	15706	1982.0101	1985.0101
4851	4	13055	1982.0101	1986.0101
15070	19	11677	1982.0101	1986.0101
22381	4	25173	1982.0101	1986.0101
30664	4	9049	1982.0101	1986.0101
11677	19	15070	1982.0101	1986.0101
34763	4	29402	1982.0101	1986.0101
27328	4	23074	1982.0101	1986.0101
39333	4	7662	1982.0101	1986.0101
13145	4	27567	1982.0101	1986.0101
54	43	681	1982.0101	1986.0101
36823	4	1766	1982.0101	1986.0101
10064	4	5398	1982.0101	1986.0101
42299	4	4202	1982.0101	1986.0101
39515	4	23128	1982.0101	1986.0101
7778	4	5145	1982.0101	1986.0101
35622	4	5145	1982.0101	1986.0101
28919	4	12984	1982.0101	1986.0101
10874	4	14167	1982.0101	1987.0101
34572	4	10958	1982.0101	1987.0101
34266	4	4094	1982.0101	1987.0101
32012	4	2792	1982.0101	1987.0101
10644	4	14144	1982.0101	1987.0101
3843	3	4827	1982.0101	1987.0101
9231	4	1374	1982.0101	1987.0101
22242	4	14984	1982.0101	1987.0101
33574	4	14979	1982.0101	1988.0101
21409	4	14963	1982.0101	1988.0101
26910	4	948	1982.0101	1988.0101
36845	4	374	1982.0101	1988.0101
26831	4	1744	1982.0101	1988.0101
714	4	20177	1982.0101	1988.0101
3767	4	8798	1982.0101	1989.0101
14574	19	14575	1982.0101	1989.0101
15172	4	15173	1982.0101	1989.0101
19894	4	25304	1982.0101	1989.0101
7859	4	17352	1982.0101	1989.0101
8975	4	3015	1982.0101	1989.0101
24012	4	35671	1982.0101	1989.0101
7179	4	15957	1982.0101	1989.0101
39590	4	5030	1982.0101	1989.0101
36668	4	14025	1982.0101	1989.0101
7059	4	6455	1982.0101	1990.0101
20876	41	38930	1982.0101	1990.0101
19601	19	18390	1982.0101	1990.0101
20085	4	22140	1982.0101	1990.0101
18390	19	19601	1982.0101	1990.0101
36832	4	11692	1982.0101	1990.0101
31923	4	3425	1982.0101	1990.0101
12472	4	7931	1982.0101	1991.0101
19721	14	4522	1982.0101	1991.0101
38624	4	782	1982.0101	1991.0101
22850	19	38045	1982.0101	1991.0101
38045	19	22850	1982.0101	1991.0101
8057	4	8058	1982.0101	1993.0101
13830	4	260	1982.0101	1994.0101
15243	19	34835	1982.0101	1994.0101
22242	4	376	1982.0101	1994.0101
34835	19	15243	1982.0101	1994.0101
40923	4	29567	1982.0101	1996.0101
23221	4	4125	1982.0101	1996.0101
5637	4	21563	1982.0101	1996.0101
30225	18	876	1982.0101	1997.0101
7778	4	616	1982.0101	1997.0101
26466	14	4522	1982.0101	1998.0101
34658	41	4020	1982.0101	1998.0101
9159	4	260	1982.0101	1998.0101
6377	4	21538	1982.0101	1998.0101
8788	19	20971	1982.0101	2006.0
29348	14	4522	1982.0101	2006.0101
8349	19	8350	1982.0101	2010.0101
8350	19	8349	1982.0101	2010.0101
5912	19	5913	1982.0101	2011.0101
5913	19	5912	1982.0101	2011.0411
17096	15	336	1982.0105	1982.0105
17096	15	197	1982.0105	1982.0105
12516	15	197	1982.0111	1982.0111
12516	15	336	1982.0111	1982.0111
1004	41	296	1982.0117	1986.0401
332	32	673	1982.0119	1982.0119
366	25	85	1982.0122	1982.0122
6022	41	8617	1982.0127	1994.0301
15113	40	21953	1982.0202	1982.0202
2473	15	3470	1982.0202	1982.0202
3430	15	1112	1982.0216	1982.0216
25208	33	3103	1982.0217	1982.0217
29255	41	19739	1982.0217	1982.0217
9167	21	75	1982.0218	1990.1003
29030	41	26801	1982.0304	1986.0104
2413	15	2034	1982.0305	1982.0305
6911	41	279	1982.0309	1982.1104
17910	41	279	1982.0309	1982.1104
23800	41	279	1982.0309	1982.1104
21637	41	279	1982.0309	1982.1104
22841	41	279	1982.0309	1982.1104
28017	41	279	1982.0309	1982.1104
6192	41	279	1982.0309	1982.1104
19110	41	279	1982.0309	1982.1104
29586	41	279	1982.0309	1982.1104
4451	41	279	1982.0309	1982.1104
717	41	279	1982.0309	1982.1104
12723	41	279	1982.0309	1982.1104
34960	41	279	1982.0309	1982.1104
39881	41	279	1982.0309	1982.1104
1844	41	279	1982.0309	1982.1104
19971	41	279	1982.0309	1982.1104
25799	41	279	1982.0309	1982.1104
278	41	279	1982.0309	1982.1104
16634	41	279	1982.0309	1982.1104
23286	41	279	1982.0309	1982.1104
19929	41	279	1982.0309	1982.1104
883	41	279	1982.0309	1982.1104
21840	41	279	1982.0309	1982.1104
14227	15	2034	1982.031	1982.031
1927	32	244	1982.0313	1982.0313
2369	25	2483	1982.0319	1982.0319
2369	25	611	1982.0319	1982.0319
2369	25	1559	1982.0319	1982.0319
2219	19	2220	1982.0319	2000.0825
2220	19	2219	1982.0319	2000.0825
2849	9	11739	1982.04	1982.04
9768	32	23340	1982.0402	1982.0402
40653	41	302	1982.0416	1983.0329
364	12	1345	1982.0417	1982.0417
16713	32	4444	1982.042	1982.042
4444	32	16713	1982.042	1982.042
32299	48	3912	1982.0428	2010.0
1869	15	13823	1982.051	1982.051
10601	15	197	1982.051	1982.051
2369	25	1577	1982.051	1982.051
37383	15	2034	1982.0514	1982.0514
3884	15	13823	1982.0517	1982.0517
27289	15	7851	1982.052	1982.052
29916	32	34473	1982.052	1982.052
34473	32	29916	1982.052	1982.052
5917	48	3912	1982.0524	1982.0524
105	15	3470	1982.0526	1982.0526
30090	59	17530	1982.0528	1982.0528
83	25	10039	1982.053	1982.053
25303	15	197	1982.0531	1982.0531
9768	32	21952	1982.0611	1982.0611
10188	15	5058	1982.0612	1982.0612
17554	41	12784	1982.0613	2005.0801
3046	15	197	1982.0621	1982.0621
32110	15	197	1982.0621	1982.0621
33642	15	820	1982.0628	1982.0628
14400	15	820	1982.0628	1982.0628
11642	15	2034	1982.0628	1982.0628
29733	15	2257	1982.0629	1982.0629
29255	121	34920	1982.0703	1982.0703
203	32	6653	1982.0704	1982.0704
6653	32	203	1982.0704	1982.0704
453	25	611	1982.0707	1982.0707
16332	4	10670	1982.0719	2001.0
11311	32	29916	1982.0722	1982.0722
29916	32	11311	1982.0722	1982.0722
553	62	16751	1982.0725	1987.0725
16751	41	17559	1982.0725	1987.0725
33459	32	20689	1982.0805	1982.0805
20689	32	33459	1982.0805	1982.0805
25225	15	197	1982.0805	1982.0805
3980	32	4367	1982.0812	1982.0812
4367	32	3980	1982.0812	1982.0812
3255	4	9975	1982.0814	1996.1201
3123	15	23436	1982.0819	1982.0819
24584	15	197	1982.082	1982.082
24584	15	336	1982.082	1982.082
20583	19	36828	1982.0822	1992.0702
36828	19	20583	1982.0822	1992.0702
30090	48	24597	1982.083	1982.083
10813	15	3470	1982.083	1982.083
37907	40	39732	1982.0918	1982.0918
2749	15	1159	1982.093	1982.093
2749	15	13551	1982.093	1982.093
25478	14	14930	1982.1001	1993.093
20767	18	876	1982.1001	1999.0801
613	70	4157	1982.1004	1998.1026
12780	32	8582	1982.1005	1982.1005
10676	15	336	1982.1006	1982.1006
10676	15	197	1982.1006	1982.1006
5380	41	1000	1982.1008	1986.0228
1000	80	5380	1982.1008	1986.0228
1927	32	262	1982.1009	1982.1009
262	32	1927	1982.1009	1982.1009
1158	15	336	1982.1012	1982.1012
1158	15	197	1982.1012	1982.1012
8662	25	2483	1982.1022	1982.1022
41279	25	18903	1982.11	1986.0927
18903	50	41279	1982.11	1986.0927
27104	15	2034	1982.1105	1982.1105
38019	41	3443	1982.1201	1985.0706
624	70	13135	1982.1202	1997.0926
1805	93	40785	1982.121	1988.0221
19110	41	279	1982.1214	1983.0917
16634	41	279	1982.1214	1985.1221
23286	41	279	1982.1214	1987.012
883	41	279	1982.1214	1987.012
21637	41	279	1982.1214	1987.012
19971	41	279	1982.1214	1987.012
6911	41	279	1982.1214	1987.012
1844	41	279	1982.1214	1987.012
4451	41	279	1982.1214	1987.012
33173	41	279	1982.1214	1987.012
19929	41	279	1982.1214	1987.012
23800	41	279	1982.1214	1987.012
717	41	279	1982.1214	1987.012
12723	41	279	1982.1214	1987.012
34960	41	279	1982.1214	1987.012
39881	41	279	1982.1214	1987.012
17910	41	279	1982.1214	1987.012
22841	41	279	1982.1214	1987.012
278	41	279	1982.1214	1987.012
28017	41	279	1982.1214	1987.012
6192	41	279	1982.1214	1987.012
21840	41	279	1982.1214	1987.012
4870	15	3470	1982.1217	1982.1217
7591	15	347	1982.1227	1982.1227
124	30	125	1983.0	1983.0
