3999	15	1664	1944.0516	1944.0516
3999	15	197	1944.0516	1944.0516
3999	15	562	1944.0516	1944.0516
3999	38	5387	1944.0517	1944.0517
10504	25	27045	1944.0523	1967.0
34601	40	1483	1944.0527	1944.0527
2079	15	1112	1944.0529	1944.0529
3123	15	1112	1944.0529	1944.0529
18284	38	368	1944.06	1944.06
18549	78	30791	1944.06	1944.06
113	27	17626	1944.06	1944.09
7369	50	7663	1944.0601	1944.063
7663	84	7369	1944.0601	1944.063
28292	84	1236	1944.0601	1944.0731
15862	50	6150	1944.0601	1944.0731
1236	50	28292	1944.0601	1944.0731
6150	84	15862	1944.0601	1944.0731
2009	50	2983	1944.0601	1944.0801
2983	84	2009	1944.0601	1944.0801
4337	19	4338	1944.0603	1945.0428
4338	19	4337	1944.0603	1945.0428
7322	113	1237	1944.0606	1944.0606
10562	41	279	1944.0609	1945.0614
1986	41	279	1944.0609	1947.1211
24398	41	279	1944.0609	1947.1211
13666	41	279	1944.0609	1947.1211
12584	41	279	1944.0609	1947.1211
31176	15	21381	1944.0612	1944.0612
9175	113	1237	1944.0612	1944.0612
19391	86	6151	1944.0615	1945.0228
19391	113	1237	1944.0615	1945.051
14116	40	1483	1944.0616	1944.0616
1417	40	34272	1944.0617	1944.0617
8013	15	1112	1944.0617	1944.0617
1417	86	1418	1944.0618	1944.0801
27079	15	1112	1944.0621	1944.0621
27167	15	1112	1944.0621	1944.0621
16662	15	1112	1944.0621	1944.0621
10763	15	1112	1944.0622	1944.0622
35443	40	1483	1944.0624	1944.0624
2673	40	34272	1944.0625	1944.0625
4011	15	1112	1944.0626	1944.0626
7591	38	4222	1944.063	1944.063
7834	1	73	1944.07	1990.031
1111	15	1664	1944.0701	1944.0701
6866	15	197	1944.0701	1944.0701
25960	15	562	1944.0701	1944.0701
26327	15	1664	1944.0701	1944.0701
26327	15	562	1944.0701	1944.0701
6148	15	197	1944.0701	1944.0701
1111	15	562	1944.0701	1944.0701
6148	15	562	1944.0701	1944.0701
6148	15	1664	1944.0701	1944.0701
4221	15	562	1944.0701	1944.0701
4221	15	1664	1944.0701	1944.0701
727	15	562	1944.0701	1944.0701
727	15	1664	1944.0701	1944.0701
727	15	197	1944.0701	1944.0701
25960	15	1664	1944.0701	1944.0701
6866	15	562	1944.0701	1944.0701
6866	15	1664	1944.0701	1944.0701
17091	84	9833	1944.0701	1945.0215
7663	84	5056	1944.0701	1945.0228
5056	50	7663	1944.0701	1945.0228
31042	84	5019	1944.0701	1945.0228
5019	50	31042	1944.0701	1945.0228
17091	87	8940	1944.0701	1945.033
7663	139	4810	1944.0701	1945.0505
31042	139	4810	1944.0701	1945.0508
23772	135	9833	1944.0701	1945.0508
10464	86	10017	1944.0701	1945.0508
3884	38	368	1944.0702	1944.0702
10862	86	2009	1944.0702	1944.073
17407	15	1112	1944.0703	1944.0703
14554	15	12634	1944.0703	1944.0703
19540	15	12634	1944.0703	1944.0703
7163	44	28605	1944.0705	1944.0705
7163	66	28605	1944.0705	1944.0705
7507	66	31019	1944.0705	1944.0705
31019	44	716	1944.0705	1991.1225
31019	1	73	1944.0705	1991.1225
7507	44	31019	1944.0705	2004.1227
11535	44	12825	1944.0705	2005.0308
9163	38	368	1944.0706	1956.0201
3822	40	3823	1944.0707	1944.0707
6200	40	3823	1944.0707	1944.0707
17009	40	3823	1944.0707	1944.0707
19335	40	3823	1944.0707	1944.0707
25494	40	3823	1944.0707	1944.0707
36378	40	3823	1944.0707	1944.0707
29150	40	3823	1944.0707	1944.0707
13313	40	3823	1944.0707	1944.0707
12465	40	3823	1944.0707	1944.0707
32746	40	3823	1944.0707	1944.0707
24051	40	3823	1944.0707	1944.0707
3197	15	197	1944.0709	1944.0709
17298	1	73	1944.0714	1991.0824
9833	151	23772	1944.0716	1945.0508
6989	1	73	1944.0716	1991.0824
727	15	1112	1944.0717	1944.0717
34601	113	1237	1944.0718	1944.0718
708	15	197	1944.0719	1944.0719
17094	15	1664	1944.0722	1944.0722
17094	15	562	1944.0722	1944.0722
6702	15	562	1944.0722	1944.0722
6702	15	197	1944.0722	1944.0722
8873	15	9934	1944.0722	1944.0722
6702	15	1664	1944.0722	1944.0722
821	44	13190	1944.0722	1975.0601
10578	1	47	1944.0724	1944.0724
14116	113	1237	1944.0725	1945.0508
42494	18	3459	1944.0727	1944.0727
33198	1	73	1944.0727	1945.03
536	1	73	1944.0728	1991.0824
196	15	197	1944.0729	1944.0729
8698	15	197	1944.0729	1944.0729
8538	15	562	1944.0729	1944.0729
8698	15	1664	1944.0729	1944.0729
196	15	562	1944.0729	1944.0729
196	15	1664	1944.0729	1944.0729
8538	15	1664	1944.0729	1944.0729
708	15	1664	1944.0729	1944.0729
5830	15	197	1944.0729	1944.0729
708	15	562	1944.0729	1944.0729
8698	15	562	1944.0729	1944.0729
8538	15	197	1944.0729	1944.0729
5830	15	1664	1944.0729	1944.0729
5830	15	562	1944.0729	1944.0729
25146	15	1112	1944.0731	1944.0731
8873	86	7347	1944.08	1944.0919
12078	133	679	1944.08	1944.12
12078	113	1237	1944.08	1945.0508
6016	1	73	1944.08	1991.0823
30909	40	34272	1944.0801	1944.0801
4544	41	1839	1944.0801	1944.0801
8874	15	12634	1944.0801	1944.0801
19507	50	24599	1944.0801	1944.0904
24599	84	19507	1944.0801	1944.0904
15135	84	1418	1944.0801	1944.093
19507	50	28292	1944.0801	1944.093
28292	84	19507	1944.0801	1944.093
15862	50	32889	1944.0801	1944.093
32889	84	15862	1944.0801	1944.093
21271	84	1236	1944.0801	1944.1014
1236	50	21271	1944.0801	1944.1014
4364	50	24824	1944.0801	1944.1031
24824	84	4364	1944.0801	1944.1031
31826	84	2009	1944.0801	1945.0215
2009	50	31826	1944.0801	1945.0215
5056	50	6150	1944.0801	1945.0228
5056	50	2983	1944.0801	1945.0228
2983	84	5056	1944.0801	1945.0228
6150	84	5056	1944.0801	1945.0228
2983	139	4810	1944.0801	1945.0505
10217	38	368	1944.0802	1944.0802
18530	15	1664	1944.0802	1944.0802
18530	15	562	1944.0802	1944.0802
18530	15	197	1944.0802	1944.0802
8013	15	1112	1944.0802	1944.0802
29606	15	197	1944.0802	1944.0802
1948	41	8617	1944.0804	1946.0304
9002	15	197	1944.0805	1944.0805
5644	15	347	1944.0805	1944.0805
25225	15	197	1944.0805	1944.0805
16840	15	197	1944.0805	1944.0805
21706	40	34272	1944.0805	1944.0805
2749	15	197	1944.0805	1944.0805
3430	38	207	1944.0805	1944.0805
6866	15	1112	1944.0805	1944.0805
2009	50	11834	1944.0807	1945.0508
11834	84	2009	1944.0807	1945.0508
15550	15	2257	1944.0809	1944.0809
8874	38	4222	1944.0811	1944.0811
11876	44	716	1944.0813	1991.1225
5751	44	9810	1944.0813	1996.0
5161	44	11876	1944.0813	2005.0
3676	44	21020	1944.0814	1944.0814
21020	44	716	1944.0814	1991.1225
35487	44	2865	1944.0814	2004.0909
2864	44	2865	1944.0814	2004.1111
12879	44	2865	1944.0814	2004.1126
1242	15	197	1944.0815	1944.0815
1242	15	1664	1944.0815	1944.0815
1242	15	562	1944.0815	1944.0815
11849	15	197	1944.0815	1944.0815
13516	87	28513	1944.0815	1945.0508
13516	84	15136	1944.0815	1945.0508
15136	50	13516	1944.0815	1945.0508
7313	38	1566	1944.0816	1944.0816
1236	50	2673	1944.0816	1944.1023
2673	84	1236	1944.0816	1944.1023
3430	15	12634	1944.0817	1944.0817
7591	15	12634	1944.0817	1944.0817
5497	15	12634	1944.0817	1944.0817
14554	15	562	1944.0819	1944.0819
14013	15	197	1944.0819	1944.0819
3884	15	562	1944.0819	1944.0819
2473	15	1112	1944.0819	1944.0819
14554	15	1664	1944.0819	1944.0819
10235	15	1664	1944.0819	1944.0819
10235	15	197	1944.0819	1944.0819
4941	15	562	1944.0819	1944.0819
10235	15	562	1944.0819	1944.0819
4941	15	1664	1944.0819	1944.0819
14554	15	197	1944.0819	1944.0819
30799	15	9934	1944.0819	1944.0819
3884	15	1664	1944.0819	1944.0819
5319	15	1664	1944.0819	1944.0819
5319	15	562	1944.0819	1944.0819
5699	40	34272	1944.082	1944.082
26321	86	5698	1944.0821	1944.0908
15815	15	562	1944.0822	1944.0822
15815	15	1664	1944.0822	1944.0822
9829	44	9828	1944.0823	1944.0823
5489	70	4278	1944.0823	1944.1205
27234	40	34272	1944.0824	1944.0824
203	1	113	1944.0825	1944.0825
2721	44	28091	1944.0825	1991.0
2721	1	73	1944.0825	1991.0
20338	40	1483	1944.0826	1944.0826
7313	15	12634	1944.0827	1944.0827
2114	15	1112	1944.083	1944.083
4927	40	1483	1944.0831	1944.0831
18549	78	4884	1944.09	1944.09
4544	41	1839	1944.09	1945.05
1388	1	5463	1944.09	1945.1129
4257	14	21377	1944.09	1952.0
6090	38	25938	1944.0901	1944.0901
23900	15	3124	1944.0901	1944.0901
19507	50	20730	1944.0901	1944.1016
20730	84	19507	1944.0901	1944.1016
10881	84	19507	1944.0901	1945.032
19507	50	10881	1944.0901	1945.0323
4535	15	1112	1944.0903	1944.0903
1111	15	12634	1944.0905	1944.0905
12088	137	432	1944.0905	1944.1101
18060	19	26304	1944.0906	1960.0326
81	1	73	1944.0906	1991.0827
19507	50	7423	1944.0907	1945.0429
7423	84	19507	1944.0907	1945.0429
22640	40	1483	1944.091	1944.091
19990	1	73	1944.0912	1991.0823
10511	1	73	1944.0912	1991.0823
23863	1	73	1944.0912	1991.0824
17339	1	73	1944.0912	1991.0827
31836	1	73	1944.0912	1991.0827
22301	1	73	1944.0912	1991.0828
6025	15	1664	1944.0913	1944.0913
6025	15	562	1944.0913	1944.0913
10862	113	73	1944.0914	1945.082
35786	40	1483	1944.0915	1944.0915
12633	15	12634	1944.0918	1944.0918
39297	40	1483	1944.0918	1944.0918
6090	135	6786	1944.0918	1945.0513
30982	67	21944	1944.0918	1947.1121
35443	113	1237	1944.0919	1944.0919
5283	15	1112	1944.0919	1944.0919
4597	1	73	1944.0919	1991.1226
23616	15	25972	1944.092	1944.092
1247	62	15483	1944.092	1950.072
20338	113	1237	1944.0921	1945.0508
33503	40	1483	1944.0922	1944.0922
15842	15	1664	1944.0923	1944.0923
2114	15	1664	1944.0923	1944.0923
1005	15	562	1944.0923	1944.0923
1005	15	197	1944.0923	1944.0923
2114	15	562	1944.0923	1944.0923
1009	15	197	1944.0923	1944.0923
15362	15	562	1944.0923	1944.0923
15362	15	1664	1944.0923	1944.0923
15362	15	197	1944.0923	1944.0923
1005	15	1664	1944.0923	1944.0923
1009	15	1664	1944.0923	1944.0923
1009	15	562	1944.0923	1944.0923
206	15	1664	1944.0923	1944.0923
206	15	562	1944.0923	1944.0923
15842	15	197	1944.0923	1944.0923
15842	15	562	1944.0923	1944.0923
11223	15	347	1944.0924	1944.0924
8233	15	32825	1944.0925	1944.0925
25309	15	1112	1944.0927	1944.0927
8453	15	25972	1944.0927	1944.0927
26321	15	25972	1944.0927	1944.0927
4927	113	1237	1944.0927	1945.0508
9988	40	1483	1944.0928	1944.0928
22640	113	1237	1944.093	1945.0508
12088	33	4489	1944.1	1945.03
20751	84	15136	1944.1	1945.0506
33663	84	15136	1944.1001	1944.0508
16644	15	2257	1944.1001	1944.1001
11932	15	25972	1944.1001	1944.1001
15135	84	15136	1944.1001	1944.1028
15136	50	9375	1944.1001	1944.1031
24595	84	15136	1944.1001	1944.1031
14612	84	15136	1944.1001	1944.1201
15136	50	14612	1944.1001	1944.1201
23025	84	15136	1944.1001	1945.0505
15136	50	23025	1944.1001	1945.0505
16829	84	15136	1944.1001	1945.0508
19507	50	14617	1944.1001	1945.0508
32889	84	19507	1944.1001	1945.0508
15136	50	16829	1944.1001	1945.0508
15136	50	33663	1944.1001	1945.0508
19507	50	32889	1944.1001	1945.0508
14617	86	19507	1944.1001	1945.0508
31172	40	1483	1944.1003	1944.1003
35786	139	4810	1944.1004	1945.0508
35786	84	12078	1944.1004	1945.0508
35786	113	1237	1944.1004	1945.0508
5055	15	25972	1944.1007	1944.1007
23345	15	25972	1944.1007	1944.1007
29606	15	12634	1944.1007	1944.1007
39297	113	1237	1944.1009	1945.0504
39297	84	12078	1944.1009	1945.0504
6090	15	25972	1944.1012	1944.1012
1480	1	1758	1944.1012	1947.123
32503	40	1483	1944.1013	1944.1013
4014	1	73	1944.1013	1990.0503
21271	84	19507	1944.1015	1944.1217
4014	44	30639	1944.1015	1991.0906
9988	113	1237	1944.1016	1945.033
9988	139	4810	1944.1016	1945.033
12078	50	9988	1944.1016	1945.033
9988	84	12078	1944.1016	1945.033
1482	40	1483	1944.1018	1944.1018
21132	40	1483	1944.1018	1944.1018
3773	15	17357	1944.102	1944.102
6028	1	5463	1944.102	1945.1128
12078	50	31172	1944.1021	1945.0508
31172	113	1237	1944.1021	1945.0508
31172	84	12078	1944.1021	1945.0508
31172	139	4810	1944.1021	1945.1231
5497	15	1112	1944.1022	1944.1022
7220	15	25972	1944.1022	1944.1022
2673	40	34272	1944.1023	1944.1023
19540	15	1112	1944.1024	1944.1024
13105	38	4930	1944.1024	1944.1024
32858	40	1483	1944.1024	1944.1024
8874	15	1112	1944.1024	1944.1024
18052	1	5489	1944.1025	1944.1025
14013	38	4930	1944.1025	1944.1025
12115	1	5489	1944.1025	1944.1025
3003	1	1758	1944.1025	1947.123
5474	1	1758	1944.1025	1947.123
11101	15	197	1944.1026	1944.1026
17407	15	1664	1944.1026	1944.1026
5497	15	562	1944.1026	1944.1026
8874	15	197	1944.1026	1944.1026
8874	15	1664	1944.1026	1944.1026
6702	15	197	1944.1026	1944.1026
19540	15	562	1944.1026	1944.1026
19540	15	1664	1944.1026	1944.1026
19540	15	197	1944.1026	1944.1026
5497	15	1664	1944.1026	1944.1026
5497	15	197	1944.1026	1944.1026
17407	15	197	1944.1026	1944.1026
17407	15	562	1944.1026	1944.1026
11101	15	1664	1944.1026	1944.1026
11101	15	562	1944.1026	1944.1026
8874	15	562	1944.1026	1944.1026
24300	40	1483	1944.1028	1944.1028
32808	15	25972	1944.1028	1944.1028
10579	15	820	1944.1028	1944.1028
9570	15	1112	1944.11	1944.11
4766	21	113	1944.11	1944.11
10016	139	4810	1944.11	1945.0503
10016	84	5056	1944.11	1945.0503
15136	50	20022	1944.1101	1944.0312
32503	113	1237	1944.1101	1944.1226
32503	84	12078	1944.1101	1944.1226
12078	50	32503	1944.1101	1944.1226
32503	139	4810	1944.1101	1944.1226
24595	84	5056	1944.1101	1945.0129
5056	50	24595	1944.1101	1945.0129
22075	84	5056	1944.1101	1945.0131
5056	50	22075	1944.1101	1945.0131
12088	137	4489	1944.1101	1945.02
20022	84	15136	1944.1101	1945.0312
15136	50	38128	1944.1101	1945.0504
38128	84	15136	1944.1101	1945.0504
24824	84	19507	1944.1101	1945.0508
14664	84	19507	1944.1101	1945.0508
19507	50	14664	1944.1101	1945.0508
19507	50	24824	1944.1101	1945.0508
4597	44	4112	1944.1101	2005.1231
3123	38	1467	1944.1102	1944.1102
3773	15	1112	1944.1102	1944.1102
17407	15	1112	1944.1102	1944.1102
4929	15	5498	1944.1102	1944.1102
3367	15	1112	1944.1103	1944.1103
8538	15	1112	1944.1103	1944.1103
15842	15	1112	1944.1103	1944.1103
5510	15	347	1944.1103	1944.1103
14121	15	1112	1944.1103	1944.1103
11409	15	1112	1944.1103	1944.1103
7699	15	347	1944.1103	1944.1103
6702	15	1112	1944.1103	1944.1103
3884	15	5498	1944.1103	1944.1103
4870	15	5498	1944.1103	1944.1103
12747	15	1112	1944.1103	1944.1103
1596	15	1112	1944.1103	1944.1103
12037	15	1112	1944.1103	1944.1103
13212	15	1112	1944.1103	1944.1103
5388	15	347	1944.1103	1944.1103
2079	15	347	1944.1103	1944.1103
10601	15	1112	1944.1103	1944.1103
25146	15	347	1944.1103	1944.1103
3999	15	1112	1944.1103	1944.1103
1313	15	1112	1944.1103	1944.1103
25309	15	1112	1944.1103	1944.1103
12438	15	1112	1944.1103	1944.1103
2404	15	1112	1944.1103	1944.1103
708	15	1112	1944.1103	1944.1103
7695	15	5498	1944.1103	1944.1103
2806	15	1112	1944.1103	1944.1103
10202	15	347	1944.1103	1944.1103
5830	15	1112	1944.1103	1944.1103
2114	15	5498	1944.1103	1944.1103
196	15	1112	1944.1103	1944.1103
420	15	1112	1944.1103	1944.1103
25303	15	1112	1944.1103	1944.1103
30571	15	197	1944.1104	1944.1104
3604	15	347	1944.1104	1944.1104
16644	15	2257	1944.1104	1944.1104
8820	1	5463	1944.1104	1945.1129
335	15	5498	1944.1105	1944.1105
13105	15	12634	1944.1105	1944.1105
843	15	562	1944.1105	1944.1105
346	15	12634	1944.1105	1944.1105
16662	15	12634	1944.1105	1944.1105
7313	15	1112	1944.1105	1944.1105
843	15	1664	1944.1105	1944.1105
10763	15	1664	1944.1105	1944.1105
10763	15	562	1944.1105	1944.1105
33581	40	1483	1944.1106	1944.1106
12078	50	21132	1944.1106	1945.0215
21132	84	12078	1944.1106	1945.0215
21132	139	4810	1944.1106	1945.0505
21132	113	1237	1944.1106	1945.0505
19866	15	5498	1944.1107	1944.1107
32858	84	12078	1944.111	1945.0218
32858	113	1237	1944.111	1945.0218
12078	50	32858	1944.111	1945.0218
32858	139	4810	1944.111	1945.0218
33491	40	1483	1944.1111	1944.1111
32898	84	15136	1944.1111	1945.0314
10229	1	5463	1944.1113	1945.1129
30339	15	580	1944.1115	1944.1115
12078	50	33503	1944.1116	1944.1201
33503	84	12078	1944.1116	1944.1201
33503	139	4810	1944.1116	1945.0505
33503	113	1237	1944.1116	1945.0505
15255	15	1112	1944.1118	1944.1118
5319	38	207	1944.1119	1944.1119
15858	15	17357	1944.1119	1944.1119
18362	40	1483	1944.112	1944.112
3662	15	21434	1944.112	1944.112
33042	15	21434	1944.112	1944.112
12078	50	1482	1944.1121	1945.0215
1482	84	12078	1944.1121	1945.0215
1482	139	4810	1944.1121	1945.0505
1482	113	1237	1944.1121	1945.0508
15327	40	1483	1944.1122	1944.1122
10738	15	1112	1944.1122	1944.1122
3081	1	113	1944.1123	1944.1123
12077	40	1483	1944.1125	1944.1125
8873	15	25972	1944.1126	1944.1126
4870	15	197	1944.1126	1944.1126
27167	15	1112	1944.1129	1944.1129
31302	25	2951	1944.1129	1961.0615
3392	1	2396	1944.1129	1992.0427
8698	15	1112	1944.113	1944.113
30749	84	19507	1944.1201	1945.0227
19507	50	30749	1944.1201	1945.0227
31214	84	19507	1944.1201	1945.0508
19507	50	31214	1944.1201	1945.0508
33581	84	12078	1944.1202	1945.0215
12078	50	33581	1944.1202	1945.0215
33581	139	4810	1944.1202	1945.0505
33581	113	1237	1944.1202	1945.0508
1005	15	347	1944.1203	1944.1203
33491	139	4810	1944.1204	1945.0215
33491	84	12078	1944.1204	1945.0215
12078	50	33491	1944.1204	1945.0505
33491	113	1237	1944.1204	1945.0505
41530	40	1483	1944.1205	1944.1205
22055	40	1483	1944.1206	1944.1206
5489	70	9538	1944.1206	1945.0228
10241	18	3459	1944.1208	1944.1208
26982	23	77	1944.1208	1944.1208
27120	15	9528	1944.1208	1944.1208
10729	40	1483	1944.121	1944.121
4890	33	9872	1944.1211	1945.0116
18362	84	12078	1944.1211	1945.0215
18362	139	4810	1944.1211	1945.0505
18362	113	1237	1944.1211	1945.0505
12078	50	18362	1944.1211	1945.0505
26618	40	1483	1944.1213	1944.1213
25494	40	1483	1944.1214	1944.1214
40772	18	3459	1944.1217	1944.1217
21691	15	12634	1944.1217	1944.1217
35231	15	3163	1944.1219	1944.1219
32953	40	1483	1944.1219	1944.1219
5283	15	12634	1944.1219	1944.1219
3822	40	1483	1944.122	1944.122
27925	40	1483	1944.122	1944.122
2893	40	1483	1944.1222	1944.1222
33537	40	1483	1944.1223	1944.1223
15327	84	12078	1944.1223	1945.0215
15327	139	4810	1944.1223	1945.0508
15327	113	1237	1944.1223	1945.0508
12078	50	15327	1944.1223	1945.1128
2413	15	2257	1944.1225	1944.1225
38663	40	1483	1944.1229	1944.1229
12078	50	12077	1944.123	1944.0215
21691	15	1112	1944.123	1944.123
12077	84	12078	1944.123	1945.0215
12077	113	1237	1944.123	1945.0505
12077	139	4810	1944.123	1945.0505
791	15	792	1945.0	1945.0
2256	15	2257	1945.0	1945.0
7706	3	115	1945.0	1945.0
7995	3	7996	1945.0	1945.0
8861	1	47	1945.0	1945.0
1285	3	13474	1945.0	1945.0
16939	71	16940	1945.0	1945.0
17826	25	142	1945.0	1945.0
9904	31	119	1945.0	1945.0
20346	33	648	1945.0	1945.0
3123	15	21428	1945.0	1945.0
23752	3	233	1945.0	1945.0
196	15	709	1945.0	1945.0
24585	15	3163	1945.0	1945.0
4799	14	13437	1945.0	1945.0
16035	16	4131	1945.0	1945.0
4765	15	347	1945.0	1945.0
5923	15	197	1945.0	1945.0
15900	31	13467	1945.0	1945.0
31438	17	15214	1945.0	1945.0
20764	17	728	1945.0	1945.0
8053	15	1112	1945.0	1945.0
29733	14	12782	1945.0	1945.0
708	15	21428	1945.0	1945.0
16035	15	4131	1945.0	1945.0
24513	15	10841	1945.0	1945.0
1997	17	4046	1945.0	1945.0
22017	3	32720	1945.0	1945.0
36716	21	3	1945.0	1945.0
4799	15	17456	1945.0	1945.0
16053	3	550	1945.0	1945.0
1032	15	820	1945.0	1945.0
30878	14	12782	1945.0	1945.0
708	15	32825	1945.0	1945.0
18049	15	26834	1945.0	1945.0
1596	15	197	1945.0	1945.0
30089	15	1650	1945.0	1945.0
15362	15	4304	1945.0	1945.0
9806	15	820	1945.0	1945.0
13276	14	11284	1945.0	1945.0
30810	15	197	1945.0	1945.0
23442	14	12782	1945.0	1945.0
12378	15	820	1945.0	1945.0
5283	15	347	1945.0	1945.0
4409	15	820	1945.0	1945.0
1313	15	3186	1945.0	1945.0
10012	3	20974	1945.0	1945.0
14227	17	728	1945.0	1945.0
19955	3	9693	1945.0	1945.0
13550	15	18589	1945.0	1945.0
1313	15	34869	1945.0	1945.0
14421	228	40635	1945.0	1945.0
20280	41	455	1945.0	1945.0
10235	15	12634	1945.0	1945.0
38384	3	3232	1945.0	1945.0
20001	30	13491	1945.0	1945.0
5283	15	1112	1945.0	1945.0
13255	15	709	1945.0	1945.0
18106	17	1696	1945.0	1945.0
12747	15	5220	1945.0	1945.0
41469	137	9872	1945.0	1945.0
37832	25	3689	1945.0	1945.0
15900	31	8551	1945.0	1945.0
6791	44	4548	1945.0	1945.0
27080	3	6449	1945.0	1945.0
7399	34	613	1945.0	1945.0
15362	15	5220	1945.0	1945.0
6791	1	47	1945.0	1945.0
38910	17	1037	1945.0	1945.0
36966	3	904	1945.0	1945.0
4320	15	4131	1945.0	1945.0
24575	17	728	1945.0	1945.0
14924	15	709	1945.0	1945.0
6332	1	613	1945.0	1945.0
14924	15	5220	1945.0	1945.0
14924	15	5511	1945.0	1945.0
32947	15	25124	1945.0	1945.0
32947	15	2328	1945.0	1945.0
15115	15	2487	1945.0	1945.0
5923	15	1112	1945.0	1945.0
9438	15	12634	1945.0	1945.0
1045	14	5026	1945.0	1945.0
33689	3	1123	1945.0	1945.0
17102	17	728	1945.0	1945.0
9186	15	18589	1945.0	1945.0
18493	15	1772	1945.0	1945.0
3515	31	383	1945.0	1945.0
1313	15	21428	1945.0	1945.0
12747	15	4304	1945.0	1945.0
12747	15	709	1945.0	1945.0
20922	15	820	1945.0	1945.0
4732	17	728	1945.0	1945.0
761	30	23940	1945.0	1945.0
20952	3	11350	1945.0	1945.0
6148	15	12634	1945.0	1945.0
25837	15	1650	1945.0	1945.0
29523	15	820	1945.0	1945.0
20420	19	29928	1945.0	1945.0
8979	14	12782	1945.0	1945.0
25837	25	142	1945.0	1945.0
39211	17	1696	1945.0	1945.0
34815	21	1087	1945.0	1945.0
35005	31	10578	1945.0	1945.0
346	15	1112	1945.0	1945.0
8538	15	2328	1945.0	1945.0
35005	31	821	1945.0	1945.0
11570	15	1746	1945.0	1945.0
1606	21	13	1945.0	1945.0
10460	17	1037	1945.0	1945.0
21691	15	8871	1945.0	1945.0
2806	15	34869	1945.0	1945.0
708	15	3186	1945.0	1945.0
365	65	6809	1945.0	1945.0
5830	15	3186	1945.0	1945.0
4879	137	9872	1945.0	1945.0
74	109	3712	1945.0	1945.0
74	109	2388	1945.0	1945.0
28364	46	1183	1945.0	1945.0
4799	15	27223	1945.0	1945.0
18008	15	197	1945.0	1945.0
6308	78	11715	1945.0	1945.0
4799	14	12782	1945.0	1945.0
4799	15	709	1945.0	1945.0
13478	17	1037	1945.0	1945.0
15900	31	673	1945.0	1945.0
21756	46	352	1945.0	1945.0
5404	3	8383	1945.0	1945.0
30089	25	142	1945.0	1945.0
41925	3	115	1945.0	1945.0
28416	17	1037	1945.0	1945.0
18809	3	6730	1945.0	1945.0
15900	31	203	1945.0	1945.0
2569	3	30796	1945.0	1945.0
2007	3	6449	1945.0	1945.0
37086	3	7188	1945.0	1946.0
36414	46	1183	1945.0	1946.0
29458	46	1183	1945.0	1946.0
4463	14	14546	1945.0	1946.0
2882	46	8178	1945.0	1946.0
19157	46	3699	1945.0	1946.0
13093	17	1696	1945.0	1946.0
29062	46	8178	1945.0	1946.0
11538	46	1183	1945.0	1946.0
37166	1	10398	1945.0	1946.0201
2911	44	26878	1945.0	1946.0822
18074	44	26878	1945.0	1946.1101
5811	3	5812	1945.0	1947.0
9057	25	804	1945.0	1947.0
24261	4	19037	1945.0	1947.0
12616	33	7104	1945.0	1947.0
12079	4	13981	1945.0	1947.0
32532	3	18915	1945.0	1947.0
76	3	1123	1945.0	1947.0
8176	34	12155	1945.0	1947.0225
6562	34	12155	1945.0	1947.0225
7332	21	2176	1945.0	1948.0
8742	70	42329	1945.0	1948.0
25989	46	9603	1945.0	1949.0
6475	3	15324	1945.0	1949.0
9796	1	13302	1945.0	1949.0
3946	17	966	1945.0	1950.0
10831	3	1017	1945.0	1950.0
3947	14	3948	1945.0	1951.0
35716	41	296	1945.0	1951.0
3066	19	3067	1945.0	1952.0
8716	44	26266	1945.0	1952.0
10146	44	12719	1945.0	1952.0
7828	44	5784	1945.0	1952.0
15020	44	15019	1945.0	1952.0
8397	44	26266	1945.0	1952.0
5785	44	5784	1945.0	1952.0
4732	14	20246	1945.0	1953.0
2915	33	928	1945.0	1953.0
250	41	455	1945.0	1953.0
26470	21	2396	1945.0	1954.0
16952	14	9302	1945.0	1954.0
1331	36	2500	1945.0	1954.0321
2569	3	2763	1945.0	1955.0
21593	19	3226	1945.0	1955.0
13189	21	13190	1945.0	1956.0
41924	19	29968	1945.0	1956.0
27012	14	12782	1945.0	1956.0
16926	33	383	1945.0	1958.0
19053	19	41124	1945.0	1959.0
41124	19	19053	1945.0	1959.0
25968	18	194	1945.0	1961.0
33904	41	3069	1945.0	1961.0101
39118	41	1092	1945.0	1962.0
6308	76	11715	1945.0	1962.0
29367	14	11865	1945.0	1964.0
38222	17	2319	1945.0	1966.0
9650	25	1970	1945.0	1966.032
7488	154	10460	1945.0	1968.0
33006	14	6661	1945.0	1970.0
2574	41	1092	1945.0	1973.0
5414	14	28795	1945.0	1977.0
18809	46	8178	1945.0	1977.0
24291	19	9713	1945.0	1978.0
9713	19	24291	1945.0	1978.0
14028	1	2429	1945.0	1983.0
10067	46	692	1945.0	1985.0
32418	19	28286	1945.0	1986.0
28286	19	32418	1945.0	1986.0101
6562	34	8176	1945.0	1990.1003
8176	34	6562	1945.0	1990.1003
6222	44	1011	1945.0	1991.0
679	1	73	1945.0	1991.0
1833	1	73	1945.0	1991.1225
8417	44	22344	1945.0	1992.0
19791	14	12782	1945.0	1992.0
8417	1	2396	1945.0	1992.0
26235	12	1230	1945.0	1999.0
30593	40	34272	1945.01	1945.01
12078	133	109	1945.01	1945.0508
3208	16	503	1945.0101	1945.0101
13644	4	980	1945.0101	1945.0101
1421	1	613	1945.0101	1945.0101
14647	4	6068	1945.0101	1945.0101
23941	17	1696	1945.0101	1945.0101
15031	4	2503	1945.0101	1945.0101
22505	4	2138	1945.0101	1945.0101
10973	14	550	1945.0101	1945.0101
7872	15	19410	1945.0101	1945.0101
5817	4	2315	1945.0101	1945.0101
5355	4	6068	1945.0101	1945.0101
16544	16	524	1945.0101	1945.0101
8691	4	3701	1945.0101	1945.0101
19441	4	499	1945.0101	1945.0101
18562	15	6865	1945.0101	1945.0101
13920	4	3596	1945.0101	1945.0101
15067	16	503	1945.0101	1945.0101
6387	16	503	1945.0101	1945.0101
23432	4	6252	1945.0101	1945.0101
30698	4	980	1945.0101	1945.0101
35934	15	29894	1945.0101	1945.0101
38395	15	35167	1945.0101	1945.0101
30934	15	24940	1945.0101	1945.0101
7057	4	30928	1945.0101	1945.0101
6688	4	7649	1945.0101	1945.0101
26777	16	1746	1945.0101	1945.0101
4714	15	655	1945.0101	1945.0101
14179	4	2545	1945.0101	1945.0101
35808	15	5967	1945.0101	1945.0101
23940	15	761	1945.0101	1945.0101
31466	4	11157	1945.0101	1945.0101
12506	16	1504	1945.0101	1945.0101
28654	33	12919	1945.0101	1945.0101
27895	4	12011	1945.0101	1945.0101
23772	15	21061	1945.0101	1945.0101
25322	4	5191	1945.0101	1945.0101
1504	30	38527	1945.0101	1945.0101
16904	4	889	1945.0101	1945.0101
36380	4	40103	1945.0101	1945.0101
1124	4	1125	1945.0101	1945.0101
28546	21	13	1945.0101	1945.0101
778	15	12386	1945.0101	1945.0101
13532	4	247	1945.0101	1945.0101
12344	4	1100	1945.0101	1945.0101
21398	15	22814	1945.0101	1945.0101
22210	155	38471	1945.0101	1945.0101
18918	17	4046	1945.0101	1945.0101
16978	4	2471	1945.0101	1945.0101
21350	16	1746	1945.0101	1945.0101
17812	15	10284	1945.0101	1945.0101
2697	4	6216	1945.0101	1945.0101
26122	4	11685	1945.0101	1945.0101
31277	4	37114	1945.0101	1945.0101
15859	4	5191	1945.0101	1945.0101
29225	40	2916	1945.0101	1945.0101
38527	15	1504	1945.0101	1945.0101
35287	4	1766	1945.0101	1945.0101
11570	16	1746	1945.0101	1945.0101
12683	4	1652	1945.0101	1945.0101
26072	16	1746	1945.0101	1945.0101
22446	16	503	1945.0101	1945.0101
14381	16	1746	1945.0101	1945.0101
23294	4	980	1945.0101	1945.0101
37241	3	8689	1945.0101	1945.0101
13887	4	499	1945.0101	1945.0101
1780	4	9682	1945.0101	1945.0101
17711	16	1746	1945.0101	1945.0101
18782	4	2000	1945.0101	1945.0101
36442	4	89	1945.0101	1945.0101
19507	50	19506	1945.0101	1945.0204
19506	84	19507	1945.0101	1945.0304
23345	86	33481	1945.0101	1945.0309
6127	4	6128	1945.0101	1946.0101
8009	4	4753	1945.0101	1946.0101
4219	4	3857	1945.0101	1946.0101
9223	4	6470	1945.0101	1946.0101
9805	4	5759	1945.0101	1946.0101
10793	4	6405	1945.0101	1946.0101
13327	4	1816	1945.0101	1946.0101
14052	4	7196	1945.0101	1946.0101
14263	4	14264	1945.0101	1946.0101
15031	4	15032	1945.0101	1946.0101
5668	4	3425	1945.0101	1946.0101
12930	4	7649	1945.0101	1946.0101
8593	4	8310	1945.0101	1946.0101
1870	4	17518	1945.0101	1946.0101
18779	4	18780	1945.0101	1946.0101
6778	70	17845	1945.0101	1946.0101
5355	4	21694	1945.0101	1946.0101
23631	4	9682	1945.0101	1946.0101
24831	4	5118	1945.0101	1946.0101
9307	4	4531	1945.0101	1946.0101
24715	4	616	1945.0101	1946.0101
30197	4	6405	1945.0101	1946.0101
31621	4	14212	1945.0101	1946.0101
32176	4	1952	1945.0101	1946.0101
14647	4	2545	1945.0101	1946.0101
32783	4	7832	1945.0101	1946.0101
17921	4	29952	1945.0101	1946.0101
8691	4	15032	1945.0101	1946.0101
34160	4	4206	1945.0101	1946.0101
34329	4	17954	1945.0101	1946.0101
21574	4	34366	1945.0101	1946.0101
19160	4	6603	1945.0101	1946.0101
34958	4	11401	1945.0101	1946.0101
22093	4	6470	1945.0101	1946.0101
16983	4	24875	1945.0101	1946.0101
15774	4	17954	1945.0101	1946.0101
3621	4	698	1945.0101	1946.0101
31749	4	8148	1945.0101	1946.0101
21141	4	566	1945.0101	1946.0101
9805	4	21547	1945.0101	1946.0101
9046	4	2246	1945.0101	1946.0101
4375	4	14212	1945.0101	1946.0101
5034	4	39380	1945.0101	1946.0101
10782	4	429	1945.0101	1946.0101
33026	4	6068	1945.0101	1946.0101
39795	4	499	1945.0101	1946.0101
4320	19	16257	1945.0101	1946.0101
8615	4	89	1945.0101	1946.0101
15605	4	2039	1945.0101	1946.0101
11801	4	4056	1945.0101	1946.0101
20588	4	27343	1945.0101	1946.0101
19308	4	12067	1945.0101	1946.0101
35985	4	17525	1945.0101	1946.0101
8042	4	2133	1945.0101	1946.0101
39684	4	14661	1945.0101	1946.0101
10660	4	12002	1945.0101	1946.0101
26058	4	7649	1945.0101	1946.0101
39112	4	429	1945.0101	1946.0101
32677	4	1374	1945.0101	1946.0101
11610	4	1321	1945.0101	1946.0101
33611	4	889	1945.0101	1946.0101
34711	4	1652	1945.0101	1946.0101
1870	4	5151	1945.0101	1946.0101
35468	4	9113	1945.0101	1946.0101
13787	4	12426	1945.0101	1946.0101
36643	4	3836	1945.0101	1946.0101
9514	4	29390	1945.0101	1946.0101
41671	4	1652	1945.0101	1946.0101
33068	4	22164	1945.0101	1946.0101
16904	4	17525	1945.0101	1946.0101
1124	4	1267	1945.0101	1946.0101
17213	4	2427	1945.0101	1946.0101
28336	4	9555	1945.0101	1946.0101
41204	4	6339	1945.0101	1946.0101
23363	4	3857	1945.0101	1946.0101
1930	4	9113	1945.0101	1946.0101
34778	4	8148	1945.0101	1946.0101
35458	4	1766	1945.0101	1946.0101
24790	4	32168	1945.0101	1946.0101
18954	4	7649	1945.0101	1946.0101
2426	4	20879	1945.0101	1946.0101
1375	4	25	1945.0101	1946.0101
14754	4	3900	1945.0101	1946.0101
1266	4	8588	1945.0101	1946.0101
38330	4	24313	1945.0101	1946.0101
19135	4	889	1945.0101	1946.0101
2331	4	374	1945.0101	1946.0101
40829	4	3405	1945.0101	1946.0101
21984	4	40792	1945.0101	1946.0101
19983	4	1816	1945.0101	1946.0101
8608	4	429	1945.0101	1946.0101
29588	4	319	1945.0101	1946.0101
27143	4	1263	1945.0101	1946.0101
14179	4	10996	1945.0101	1946.0101
39606	4	7649	1945.0101	1946.0101
23545	4	15584	1945.0101	1946.0101
11211	4	429	1945.0101	1946.0101
3600	4	6068	1945.0101	1946.0101
1141	4	566	1945.0101	1946.0101
26271	4	22130	1945.0101	1946.0101
18591	4	7649	1945.0101	1946.0101
5526	4	5398	1945.0101	1946.0101
42503	4	319	1945.0101	1946.0101
6658	4	1741	1945.0101	1946.0101
15774	4	12426	1945.0101	1946.0101
28301	4	4196	1945.0101	1946.0101
16983	4	35251	1945.0101	1946.0101
10224	4	5398	1945.0101	1946.0101
16257	19	4320	1945.0101	1946.0101
1724	4	25549	1945.0101	1946.0101
38948	4	5359	1945.0101	1946.0101
34546	4	26114	1945.0101	1946.0101
10823	4	8437	1945.0101	1946.0101
11410	4	616	1945.0101	1946.0101
42598	4	5660	1945.0101	1946.0101
33428	4	6405	1945.0101	1946.0101
35896	4	1646	1945.0101	1946.0101
4229	4	1816	1945.0101	1946.0101
4153	4	4154	1945.0101	1947.0101
16956	4	3701	1945.0101	1947.0101
23177	4	8289	1945.0101	1947.0101
24567	4	14668	1945.0101	1947.0101
14660	4	1676	1945.0101	1947.0101
21376	4	172	1945.0101	1947.0101
22212	4	5575	1945.0101	1947.0101
15487	4	319	1945.0101	1947.0101
15568	4	4796	1945.0101	1947.0101
34778	4	1282	1945.0101	1947.0101
28678	4	5359	1945.0101	1947.0101
18664	41	4912	1945.0101	1947.0101
7111	4	5191	1945.0101	1947.0101
35110	4	4580	1945.0101	1947.0101
22735	4	6339	1945.0101	1947.0101
959	4	499	1945.0101	1947.0101
1765	4	1477	1945.0101	1947.0101
35845	4	1120	1945.0101	1947.0101
9998	4	5706	1945.0101	1947.0101
23586	4	1267	1945.0101	1947.0101
41352	4	1646	1945.0101	1947.0101
11246	4	882	1945.0101	1947.0101
14986	4	15957	1945.0101	1947.0101
21674	4	37004	1945.0101	1947.0101
18422	4	17954	1945.0101	1947.0101
10338	4	4154	1945.0101	1947.0101
17100	4	20879	1945.0101	1947.0101
15400	4	27371	1945.0101	1947.0101
20363	4	2028	1945.0101	1947.0101
3953	4	1952	1945.0101	1947.0101
19521	4	5398	1945.0101	1947.0101
28000	4	9113	1945.0101	1947.0101
1919	4	1374	1945.0101	1947.0101
16413	4	4206	1945.0101	1947.0101
40473	4	247	1945.0101	1947.0101
12644	4	41710	1945.0101	1947.0101
27496	4	889	1945.0101	1947.0101
21819	4	5290	1945.0101	1947.0101
22253	4	1267	1945.0101	1947.0101
35287	4	2471	1945.0101	1947.0101
22750	4	40103	1945.0101	1947.0101
7830	4	6252	1945.0101	1947.0101
21750	4	8148	1945.0101	1947.0101
29359	4	6068	1945.0101	1947.0101
22181	4	2427	1945.0101	1947.0101
2837	4	7898	1945.0101	1947.0101
2837	4	38826	1945.0101	1947.0101
4922	4	3216	1945.0101	1948.0101
26632	4	3405	1945.0101	1948.0101
22739	4	11365	1945.0101	1948.0101
27099	4	5575	1945.0101	1948.0101
15576	4	374	1945.0101	1948.0101
25603	4	429	1945.0101	1948.0101
18385	4	32985	1945.0101	1948.0101
14610	4	3729	1945.0101	1948.0101
30019	4	27371	1945.0101	1948.0101
23220	4	20184	1945.0101	1948.0101
15597	4	14668	1945.0101	1948.0101
11240	4	9355	1945.0101	1948.0101
1281	4	1282	1945.0101	1948.0101
35868	4	5359	1945.0101	1948.0101
32369	4	8382	1945.0101	1948.0101
7636	4	882	1945.0101	1948.0101
34801	4	247	1945.0101	1948.0101
11779	4	889	1945.0101	1948.0101
3222	4	4206	1945.0101	1948.0101
18606	4	5875	1945.0101	1948.0101
11248	4	429	1945.0101	1948.0101
38512	4	8289	1945.0101	1948.0101
37273	4	2427	1945.0101	1948.0101
338	19	21496	1945.0101	1948.0101
20798	4	1920	1945.0101	1948.0101
18190	4	1952	1945.0101	1948.0101
30895	4	6339	1945.0101	1949.0101
17336	4	2028	1945.0101	1949.0101
24106	4	1197	1945.0101	1949.0101
33830	4	10584	1945.0101	1949.0101
3856	4	10987	1945.0101	1949.0101
14146	4	36829	1945.0101	1949.0101
37263	4	2547	1945.0101	1949.0101
32570	4	1477	1945.0101	1949.0101
27321	4	2043	1945.0101	1949.0101
6688	4	7649	1945.0101	1949.0101
37493	4	1727	1945.0101	1949.0101
41748	4	15785	1945.0101	1949.0101
27553	4	2547	1945.0101	1949.0101
34342	4	260	1945.0101	1949.0101
29240	4	2545	1945.0101	1949.0101
29240	4	260	1945.0101	1949.0101
34342	4	2545	1945.0101	1949.0101
13046	4	1057	1945.0101	1949.0101
20002	4	12362	1945.0101	1949.0101
6787	4	6252	1945.0101	1949.0101
24337	4	4030	1945.0101	1949.0101
12683	4	2545	1945.0101	1949.0101
23762	4	3216	1945.0101	1949.0101
17384	4	9926	1945.0101	1950.0101
21529	19	1077	1945.0101	1950.0101
3102	4	15785	1945.0101	1950.0101
35606	37	203	1945.0101	1950.0101
11669	4	5660	1945.0101	1950.0101
18576	4	429	1945.0101	1950.0101
14068	4	6470	1945.0101	1950.0101
37743	4	4901	1945.0101	1950.0101
15822	3	1942	1945.0101	1950.0101
9889	4	260	1945.0101	1950.0101
9207	4	4917	1945.0101	1950.0101
37097	4	370	1945.0101	1950.0101
9222	19	30001	1945.0101	1950.0101
5020	4	4108	1945.0101	1950.0101
1077	19	21529	1945.0101	1950.0101
37679	4	6172	1945.0101	1950.0101
30568	4	6405	1945.0101	1950.0101
27431	19	27432	1945.0101	1951.0101
13491	4	178	1945.0101	1951.0101
33826	4	11520	1945.0101	1951.0101
29013	4	429	1945.0101	1951.0101
30448	4	3133	1945.0101	1951.0101
13646	4	3346	1945.0101	1951.0101
27432	19	27431	1945.0101	1951.0101
14095	4	14096	1945.0101	1952.0101
22583	4	6570	1945.0101	1952.0101
3067	19	3066	1945.0101	1952.0101
96	4	22599	1945.0101	1952.0101
7844	4	25913	1945.0101	1952.0101
15812	4	103	1945.0101	1952.0101
9548	4	5359	1945.0101	1953.0101
8902	4	5706	1945.0101	1953.0101
12190	4	28206	1945.0101	1953.0101
17553	4	1676	1945.0101	1953.0101
12190	4	5701	1945.0101	1953.0101
12479	4	8548	1945.0101	1953.0101
22220	4	260	1945.0101	1953.0101
14113	4	2809	1945.0101	1954.0101
23324	4	6405	1945.0101	1954.0101
21012	4	5030	1945.0101	1954.0101
7084	4	5311	1945.0101	1955.0101
3226	19	21593	1945.0101	1955.0101
11190	4	1920	1945.0101	1955.0101
8436	4	6339	1945.0101	1955.0101
19225	4	5706	1945.0101	1956.0101
7754	4	374	1945.0101	1956.0101
36337	4	5575	1945.0101	1956.0101
29968	19	41924	1945.0101	1956.0101
20827	4	374	1945.0101	1957.0101
3605	4	1374	1945.0101	1958.0101
13004	4	8108	1945.0101	1958.0101
19017	4	581	1945.0101	1959.0101
16675	19	11146	1945.0101	1959.0101
11146	19	16675	1945.0101	1959.0101
15935	37	673	1945.0101	1960.0101
3293	4	11520	1945.0101	1961.0101
40753	4	40754	1945.0101	1963.0101
9493	19	20957	1945.0101	1963.0101
20957	19	9493	1945.0101	1963.0101
37220	14	31053	1945.0101	1963.0101
29356	14	4522	1945.0101	1965.0101
39300	19	37968	1945.0101	1972.0101
37968	19	39300	1945.0101	1972.0101
725	19	39686	1945.0101	1975.0101
39686	19	725	1945.0101	1975.0101
2069	19	15941	1945.0101	1985.0101
8699	17	5911	1945.0101	1991.0203
27073	37	29	1945.0101	1992.0101
14163	19	21435	1945.0101	1993.0101
21435	19	14163	1945.0101	1993.0101
32142	19	9448	1945.0101	2005.0101
9448	19	32142	1945.0101	2005.0101
36378	40	1483	1945.0103	1945.0103
38796	40	1483	1945.0103	1945.0103
24684	37	1079	1945.0103	1945.0508
5723	15	1112	1945.0105	1945.0105
25146	15	1112	1945.0107	1945.0107
22055	84	12078	1945.0109	1945.0215
22055	113	1237	1945.0109	1945.0505
22055	139	4810	1945.0109	1945.0508
12078	50	22055	1945.0109	1945.1128
2820	50	25494	1945.011	1945.0505
25494	113	1237	1945.011	1945.0505
25494	84	2820	1945.011	1945.0505
25494	139	4810	1945.011	1945.0505
29150	40	1483	1945.0111	1945.0111
20976	40	1483	1945.0111	1945.0111
10729	84	12078	1945.0111	1945.0215
41530	84	12078	1945.0111	1945.0215
41530	139	4810	1945.0111	1945.0505
41530	113	1237	1945.0111	1945.0505
10729	139	4810	1945.0111	1945.0508
10729	113	1237	1945.0111	1945.0508
12078	50	10729	1945.0111	1945.0529
12078	50	41530	1945.0111	1945.1128
26618	84	12078	1945.0112	1945.0215
12078	50	26618	1945.0112	1945.0503
26618	113	1237	1945.0112	1945.0503
26618	139	4810	1945.0112	1945.0503
3822	113	1237	1945.0112	1945.0505
3822	139	4810	1945.0112	1945.0505
3822	84	2820	1945.0112	1945.0505
2820	50	3822	1945.0112	1945.0505
32953	139	4810	1945.0112	1945.0505
32953	113	1237	1945.0112	1945.0505
12078	50	32953	1945.0112	1945.0621
27925	84	12078	1945.0113	1945.0215
27925	139	4810	1945.0113	1945.0505
27925	113	1237	1945.0113	1945.0505
12078	50	27925	1945.0113	1945.0621
2893	84	12078	1945.0116	1945.0215
33537	84	12078	1945.0116	1945.0215
12078	50	33537	1945.0116	1945.0502
33537	113	1237	1945.0116	1945.0502
33537	139	4810	1945.0116	1945.0502
2893	113	1237	1945.0116	1945.0505
2893	139	4810	1945.0116	1945.0505
12078	50	2893	1945.0116	1945.0621
26700	15	20113	1945.0117	1945.0117
206	15	1112	1945.0117	1945.0117
4317	1	47	1945.0119	1945.0119
12465	40	1483	1945.0119	1945.0119
16833	15	9934	1945.0121	1945.0121
36378	84	2820	1945.0121	1945.0505
36378	113	1237	1945.0121	1945.0505
36378	139	4810	1945.0121	1945.0505
2820	50	36378	1945.0121	1945.0505
22049	40	1483	1945.0123	1945.0123
38663	84	12078	1945.0123	1945.0215
12078	50	38663	1945.0123	1945.0505
38663	113	1237	1945.0123	1945.0505
38663	139	4810	1945.0123	1945.0505
13299	1	47	1945.0124	1945.0124
13313	40	1483	1945.0125	1945.0125
36333	40	1483	1945.0126	1945.0126
432	1	47	1945.0127	1945.0127
432	1	680	1945.0127	1945.0127
7313	38	4222	1945.0127	1945.0127
12633	15	1112	1945.0129	1945.0129
24684	15	21061	1945.013	1945.013
8905	15	21061	1945.013	1945.013
21691	15	1112	1945.0131	1945.0131
10091	15	197	1945.02	1945.02
9833	133	8940	1945.02	1945.0508
14088	84	19507	1945.0201	1945.0408
19507	50	14088	1945.0201	1945.0408
29150	139	4810	1945.0202	1945.0503
2820	50	29150	1945.0202	1945.0503
29150	113	1237	1945.0202	1945.0503
29150	84	2820	1945.0202	1945.0503
10149	1	73	1945.0202	1991.0823
38796	84	12078	1945.0203	1945.0215
38796	113	1237	1945.0203	1945.0505
38796	139	4810	1945.0203	1945.0505
12078	50	38796	1945.0203	1945.1127
18261	84	12078	1945.0205	1945.0215
20976	84	12078	1945.0205	1945.0215
20976	139	4810	1945.0205	1945.0505
20976	113	1237	1945.0205	1945.0505
12078	50	20976	1945.0205	1945.0505
18261	113	1237	1945.0205	1945.0509
18261	139	4810	1945.0205	1945.0509
12078	50	18261	1945.0205	1945.1128
2820	50	12465	1945.0207	1945.0508
12465	139	4810	1945.0207	1945.0508
12465	113	1237	1945.0207	1945.0508
12465	84	2820	1945.0207	1945.0508
19335	40	1483	1945.0208	1945.0208
38463	15	9934	1945.0211	1945.0211
6200	40	1483	1945.0213	1945.0213
22049	84	12078	1945.0214	1945.0215
22049	139	4810	1945.0214	1945.0505
12078	50	22049	1945.0214	1945.0505
22049	113	1237	1945.0214	1945.0505
17091	40	34272	1945.0215	1945.0215
32953	84	12078	1945.0215	1945.0215
8119	15	9528	1945.0216	1945.0216
31826	84	2820	1945.0216	1945.0408
2820	50	31826	1945.0216	1945.0408
10017	50	33537	1945.0216	1945.0502
33537	84	10017	1945.0216	1945.0502
10017	50	26618	1945.0216	1945.0503
26618	84	10017	1945.0216	1945.0503
20976	84	10017	1945.0216	1945.0505
21132	84	10017	1945.0216	1945.0505
27925	84	10017	1945.0216	1945.0505
10017	50	33581	1945.0216	1945.0505
10017	50	20976	1945.0216	1945.0505
10017	50	32953	1945.0216	1945.0505
10017	50	2893	1945.0216	1945.0505
12077	84	10017	1945.0216	1945.0505
33581	84	10017	1945.0216	1945.0505
10017	50	38663	1945.0216	1945.0505
10017	50	21132	1945.0216	1945.0505
10017	50	12077	1945.0216	1945.0505
10017	50	27925	1945.0216	1945.0505
10017	50	41530	1945.0216	1945.0505
10017	50	22049	1945.0216	1945.0505
10017	50	1482	1945.0216	1945.0505
1482	84	10017	1945.0216	1945.0505
41530	84	10017	1945.0216	1945.0505
22049	84	10017	1945.0216	1945.0505
2893	84	10017	1945.0216	1945.0505
38663	84	10017	1945.0216	1945.0505
32953	84	10017	1945.0216	1945.0505
10017	50	10729	1945.0216	1945.0508
15327	84	10017	1945.0216	1945.0508
18362	84	10017	1945.0216	1945.0508
10017	50	15327	1945.0216	1945.0508
10017	50	22055	1945.0216	1945.0508
10017	50	33491	1945.0216	1945.0508
33491	84	10017	1945.0216	1945.0508
10017	50	38796	1945.0216	1945.0508
10017	50	18362	1945.0216	1945.0508
10729	84	10017	1945.0216	1945.0508
10017	50	36333	1945.0216	1945.0508
36333	84	10017	1945.0216	1945.0508
22055	84	10017	1945.0216	1945.0508
38796	84	10017	1945.0216	1945.0508
18261	84	10017	1945.0216	1945.0509
10017	50	18261	1945.0216	1945.0509
15591	84	6151	1945.022	1945.0503
6151	50	15591	1945.022	1945.0503
13313	84	2820	1945.022	1945.0505
13313	139	4810	1945.022	1945.0505
2820	50	13313	1945.022	1945.0505
13313	113	1237	1945.022	1945.0505
12037	15	197	1945.0221	1945.0221
420	15	197	1945.0221	1945.0221
2404	15	197	1945.0221	1945.0221
6702	15	197	1945.0221	1945.0221
25303	15	197	1945.0221	1945.0221
9572	15	347	1945.0221	1945.0221
12747	15	197	1945.0221	1945.0221
8538	15	197	1945.0221	1945.0221
4302	15	197	1945.0221	1945.0221
1313	15	197	1945.0221	1945.0221
8797	15	197	1945.0221	1945.0221
5830	15	197	1945.0221	1945.0221
4664	15	197	1945.0221	1945.0221
12438	15	197	1945.0221	1945.0221
3367	15	197	1945.0221	1945.0221
14121	15	197	1945.0221	1945.0221
32746	40	1483	1945.0221	1945.0221
2806	15	197	1945.0221	1945.0221
10738	15	197	1945.0221	1945.0221
25225	15	5498	1945.0221	1945.0221
196	15	197	1945.0221	1945.0221
16662	15	1112	1945.0222	1945.0222
727	15	12634	1945.0222	1945.0222
18530	15	1112	1945.0222	1945.0222
27079	15	1112	1945.0222	1945.0222
6866	15	12634	1945.0222	1945.0222
8013	15	197	1945.0223	1945.0223
9570	15	1664	1945.0223	1945.0223
1010	15	1664	1945.0223	1945.0223
27079	15	197	1945.0223	1945.0223
7313	15	1664	1945.0223	1945.0223
27079	15	1664	1945.0223	1945.0223
35215	40	1483	1945.0223	1945.0223
1010	15	197	1945.0223	1945.0223
7313	15	562	1945.0223	1945.0223
7313	15	197	1945.0223	1945.0223
18530	15	562	1945.0223	1945.0223
18530	15	1664	1945.0223	1945.0223
8013	15	562	1945.0223	1945.0223
8013	15	1664	1945.0223	1945.0223
27079	15	562	1945.0223	1945.0223
682	15	5438	1945.0223	1945.0223
29606	15	1664	1945.0223	1945.0223
29606	15	562	1945.0223	1945.0223
9570	15	562	1945.0223	1945.0223
9570	15	197	1945.0223	1945.0223
4535	15	1664	1945.0223	1945.0223
4535	15	562	1945.0223	1945.0223
21691	15	197	1945.0223	1945.0223
21691	15	1664	1945.0223	1945.0223
21691	15	562	1945.0223	1945.0223
16662	15	562	1945.0223	1945.0223
16662	15	1664	1945.0223	1945.0223
16662	15	197	1945.0223	1945.0223
11823	15	562	1945.0223	1945.0223
11823	15	1664	1945.0223	1945.0223
9876	15	197	1945.0224	1945.0224
6018	15	347	1945.0226	1945.0226
13879	15	197	1945.0227	1945.0227
13879	15	1664	1945.0227	1945.0227
13879	15	562	1945.0227	1945.0227
2983	84	6151	1945.0228	1945.0505
6151	50	2983	1945.0228	1945.0505
33198	1	47	1945.03	1945.03
21972	40	34272	1945.03	1945.03
2540	1	14936	1945.03	1949.0529
17009	40	1483	1945.0301	1945.0301
8454	46	14242	1945.0301	1945.0401
6150	84	6151	1945.0301	1945.0502
6151	50	6150	1945.0301	1945.0502
6151	50	7663	1945.0301	1945.0505
7663	84	6151	1945.0301	1945.0505
2820	50	22075	1945.0301	1945.0506
22075	84	2820	1945.0301	1945.0506
19507	50	19741	1945.0301	1945.0508
6151	50	31042	1945.0301	1945.0508
19741	84	19507	1945.0301	1945.0508
19391	86	19507	1945.0301	1945.0508
31042	84	6151	1945.0301	1945.0508
36333	84	12078	1945.0302	1945.0215
36333	139	4810	1945.0302	1945.0508
36333	113	1237	1945.0302	1945.0508
12078	50	36333	1945.0302	1945.0508
31837	40	34272	1945.0303	1945.0303
19335	84	2820	1945.0303	1945.0505
19335	139	4810	1945.0303	1945.0505
19335	113	1237	1945.0303	1945.0505
2820	50	19335	1945.0303	1945.0505
24684	15	25972	1945.0305	1945.0305
13986	135	12078	1945.0305	1945.0508
12078	151	13986	1945.0305	1945.0508
4453	15	197	1945.0306	1945.0306
4011	15	1664	1945.0306	1945.0306
28862	12	1345	1945.0307	1945.1129
19752	1	28862	1945.0307	1945.1129
19391	151	23345	1945.031	1945.0511
23345	135	19391	1945.031	1945.0511
22736	1	47	1945.0314	1945.0314
6200	113	1237	1945.0314	1945.0505
6200	84	2820	1945.0314	1945.0505
6200	139	4810	1945.0314	1945.0505
2820	50	6200	1945.0314	1945.0505
32378	40	34272	1945.0316	1945.0316
6151	50	23254	1945.0316	1945.0505
23254	84	6151	1945.0316	1945.0505
32766	15	451	1945.0317	1945.0317
35215	113	1237	1945.0317	1945.0508
35215	84	10017	1945.0317	1945.0509
35215	139	4810	1945.0317	1945.0509
10017	50	35215	1945.0317	1945.0509
5614	1	14936	1945.0318	1949.0522
6332	1	47	1945.0319	1945.0319
37990	40	1483	1945.0319	1945.0319
8411	1	14936	1945.0319	1949.0522
32746	1	680	1945.0321	1945.0503
32746	84	2820	1945.0321	1945.0503
2820	50	32746	1945.0321	1945.0503
32746	46	1237	1945.0321	1945.0503
32746	113	1237	1945.0321	1945.0503
32746	139	4810	1945.0321	1945.0503
440	25	14484	1945.0322	1945.0322
1798	25	14484	1945.0322	1945.0322
14484	34	5040	1945.0322	1945.0322
5041	25	14484	1945.0322	1945.0322
14484	34	2558	1945.0322	1945.0322
5040	34	14484	1945.0322	1945.0322
1960	25	14484	1945.0322	1945.0322
4134	15	197	1945.0324	1945.0324
12812	15	562	1945.0324	1945.0324
4134	15	1664	1945.0324	1945.0324
12812	15	1664	1945.0324	1945.0324
27167	15	12634	1945.0328	1945.0328
626	1	14936	1945.0328	1949.0522
5319	15	1112	1945.0329	1945.0329
6778	1	14936	1945.0329	1949.0522
3022	1	47	1945.033	1945.033
8538	15	39360	1945.033	1945.033
708	15	39360	1945.033	1945.033
196	15	39360	1945.033	1945.033
1978	1	14936	1945.033	1949.0522
9872	166	8178	1945.033	1990.0
13091	15	820	1945.0331	1945.0331
1158	15	197	1945.0331	1945.0331
3604	15	2257	1945.0331	1945.0331
25225	15	197	1945.0331	1945.0331
35439	84	19507	1945.04	1945.0508
6151	50	27861	1945.0401	1945.0503
27861	84	6151	1945.0401	1945.0505
29878	84	6151	1945.0401	1945.0505
17084	84	2820	1945.0401	1945.0508
2820	50	17084	1945.0401	1945.0508
17407	15	1112	1945.0402	1945.0402
17009	113	1237	1945.0403	1945.0503
2820	50	17009	1945.0403	1945.0503
17009	139	4810	1945.0403	1945.0503
17009	84	2820	1945.0403	1945.0503
2176	70	10544	1945.0405	1946.0702
12438	15	562	1945.0406	1945.0406
1005	15	1664	1945.0406	1945.0406
1596	15	562	1945.0406	1945.0406
14121	15	197	1945.0406	1945.0406
10202	15	562	1945.0406	1945.0406
1009	15	562	1945.0406	1945.0406
8797	15	562	1945.0406	1945.0406
14121	15	562	1945.0406	1945.0406
10202	15	1664	1945.0406	1945.0406
1596	15	1664	1945.0406	1945.0406
23900	15	1112	1945.0406	1945.0406
8797	15	1664	1945.0406	1945.0406
2223	15	1664	1945.0406	1945.0406
2223	15	562	1945.0406	1945.0406
1005	15	562	1945.0406	1945.0406
12747	15	1664	1945.0406	1945.0406
12747	15	562	1945.0406	1945.0406
1009	15	1664	1945.0406	1945.0406
12438	15	1664	1945.0406	1945.0406
15842	15	562	1945.0406	1945.0406
14121	15	1664	1945.0406	1945.0406
15842	15	1664	1945.0406	1945.0406
32110	15	1112	1945.0407	1945.0407
9120	1	14936	1945.041	1949.0522
1005	15	1112	1945.0411	1945.0411
10017	50	37990	1945.0411	1945.0505
37990	113	1237	1945.0411	1945.0505
37990	139	4810	1945.0411	1945.0505
37990	84	10017	1945.0411	1945.0505
27068	25	652	1945.0412	1945.0412
1850	1	14936	1945.0412	1945.0703
10862	40	4035	1945.0412	1945.082
24051	40	1483	1945.0414	1945.0414
10091	15	197	1945.0417	1945.0417
10091	15	562	1945.0417	1945.0417
10091	15	1664	1945.0417	1945.0417
13348	1	14936	1945.0417	1945.0629
1631	70	11546	1945.0417	1951.0618
9570	15	562	1945.0419	1945.0419
8013	15	1664	1945.0419	1945.0419
27167	15	197	1945.0419	1945.0419
21456	15	562	1945.0419	1945.0419
21456	15	197	1945.0419	1945.0419
7313	15	1112	1945.0419	1945.0419
2806	15	197	1945.0419	1945.0419
6702	15	562	1945.0419	1945.0419
27167	15	1664	1945.0419	1945.0419
3999	15	1664	1945.0419	1945.0419
21456	15	1664	1945.0419	1945.0419
25516	15	562	1945.0419	1945.0419
12633	15	1664	1945.0419	1945.0419
12633	15	562	1945.0419	1945.0419
25516	15	1664	1945.0419	1945.0419
12633	15	197	1945.0419	1945.0419
3999	15	562	1945.0419	1945.0419
8013	15	562	1945.0419	1945.0419
27079	15	1664	1945.0419	1945.0419
27079	15	562	1945.0419	1945.0419
27167	15	562	1945.0419	1945.0419
6702	15	1664	1945.0419	1945.0419
9570	15	1664	1945.0419	1945.0419
2806	15	1664	1945.0419	1945.0419
2806	15	562	1945.0419	1945.0419
3773	38	5387	1945.0419	1945.0419
5830	15	39360	1945.0419	1945.0419
10146	1	14936	1945.0419	1945.063
4892	15	1112	1945.042	1945.042
9186	38	5387	1945.042	1945.042
13252	15	1112	1945.042	1945.042
12622	1	14936	1945.0421	1949.0522
26404	1	14936	1945.0421	1949.0522
12623	1	14936	1945.0421	1949.0522
20213	1	14936	1945.0421	1949.0522
21096	1	14936	1945.0421	1949.0523
11932	135	6151	1945.0423	1945.0508
7695	15	1112	1945.0424	1945.0424
31073	15	3163	1945.0424	1945.0424
727	15	1112	1945.0425	1945.0425
1313	15	39360	1945.0426	1945.0426
572	4	7484	1945.0428	1945.0428
3773	15	562	1945.0428	1945.0428
3773	15	1664	1945.0428	1945.0428
4890	15	26834	1945.043	1945.043
3197	15	336	1945.043	1945.043
3999	15	197	1945.043	1945.043
3197	15	197	1945.043	1945.043
25960	38	207	1945.043	1945.043
2473	15	347	1945.043	1945.043
24383	41	19898	1945.043	1945.0501
8210	1	18650	1945.043	1949.1006
9186	15	3124	1945.05	1945.05
32631	67	21944	1945.05	1945.05
8453	67	21944	1945.05	1945.06
4544	41	1839	1945.05	1947.09
24051	139	4810	1945.0501	1945.0505
24051	113	1237	1945.0501	1945.0505
24051	84	2820	1945.0501	1945.0505
2820	50	24051	1945.0501	1945.0505
24051	46	1237	1945.0501	1945.0505
24051	1	680	1945.0501	1945.0505
23345	15	9934	1945.0502	1945.0502
9059	1	14936	1945.0502	1945.063
14047	70	17917	1945.0502	1945.0731
17009	40	17010	1945.0503	1945.0503
9328	40	17010	1945.0503	1945.0503
26618	40	17010	1945.0503	1945.0503
9473	40	29926	1945.0503	1945.0503
29150	40	17010	1945.0503	1945.0503
32746	40	17010	1945.0503	1945.0503
27861	40	17010	1945.0503	1945.0503
109	1	14936	1945.0503	1949.0522
9527	15	9528	1945.0504	1945.0504
6866	15	1112	1945.0504	1945.0504
38128	40	17010	1945.0504	1945.0504
949	70	35957	1945.0504	1948.063
21132	40	17010	1945.0505	1945.0505
29878	40	17010	1945.0505	1945.0505
22049	40	17010	1945.0505	1945.0505
32953	40	4928	1945.0505	1945.0505
13313	40	17010	1945.0505	1945.0505
3822	40	17010	1945.0505	1945.0505
36378	40	17010	1945.0505	1945.0505
4174	25	14484	1945.0505	1945.0505
23254	40	17010	1945.0505	1945.0505
12077	40	4928	1945.0505	1945.0505
7663	132	17010	1945.0505	1945.0505
23025	40	34272	1945.0505	1945.0505
30593	40	17010	1945.0505	1945.0505
25494	40	17010	1945.0505	1945.0505
33581	40	17010	1945.0505	1945.0505
20976	40	17010	1945.0505	1945.0505
18362	40	17010	1945.0505	1945.0505
21132	40	4928	1945.0505	1945.0505
2983	40	17010	1945.0505	1945.0505
7663	40	17010	1945.0505	1945.0505
19335	40	17010	1945.0505	1945.0505
31172	40	4928	1945.0505	1945.0505
6200	40	17010	1945.0505	1945.0505
1482	40	17010	1945.0505	1945.0505
37990	40	17010	1945.0505	1945.0505
38663	40	17010	1945.0505	1945.0505
33503	40	17010	1945.0505	1945.0505
30290	40	17010	1945.0505	1945.0505
23025	113	18667	1945.0505	1945.0902
796	70	30210	1945.0505	1945.1107
5055	86	2820	1945.0506	1945.0508
8905	67	21944	1945.0506	1945.0715
17595	67	21944	1945.0506	1945.09
17	1	2176	1945.0506	1992.1231
5016	1	613	1945.0508	1945.0508
988	1	47	1945.0508	1945.0508
2360	1	47	1945.0508	1945.0508
11771	1	613	1945.0508	1945.0508
1543	1	113	1945.0508	1945.0508
1360	1	613	1945.0508	1945.0508
12577	1	47	1945.0508	1945.0508
20972	1	613	1945.0508	1945.0508
12465	40	4928	1945.0508	1945.0508
18781	1	613	1945.0508	1945.0508
32808	15	9934	1945.0508	1945.0508
12797	1	613	1945.0508	1945.0508
6063	1	113	1945.0508	1945.0508
22670	1	613	1945.0508	1945.0508
18507	1	47	1945.0508	1945.0508
35833	1	613	1945.0508	1945.0508
2966	1	613	1945.0508	1945.0508
24792	1	613	1945.0508	1945.0508
7104	1	47	1945.0508	1945.0508
5055	67	21944	1945.0508	1945.0508
3417	1	488	1945.0508	1945.0508
8468	1	613	1945.0508	1945.0508
4251	1	47	1945.0508	1945.0508
821	1	47	1945.0508	1945.0508
18003	1	613	1945.0508	1945.0508
6038	1	613	1945.0508	1945.0508
10439	1	47	1945.0508	1945.0508
10221	1	613	1945.0508	1945.0508
11932	67	21944	1945.0508	1945.0902
13933	67	21944	1945.0508	1945.1115
1966	1	5463	1945.0508	1945.1128
15567	67	21944	1945.0508	1946.0109
14204	67	21944	1945.0508	1946.0707
109	44	26878	1945.0508	1947.0101
14047	44	26878	1945.0508	1947.0101
3526	1	14936	1945.0508	1949.0522
949	1	14936	1945.0508	1949.0522
5179	1	14936	1945.0508	1949.0522
12452	1	14936	1945.0508	1949.0522
15798	1	14936	1945.0508	1949.0522
18686	1	14936	1945.0508	1949.0523
12576	1	14936	1945.0508	1949.0523
8582	1	14936	1945.0508	1949.0523
6408	1	18650	1945.0508	1949.1006
383	1	18650	1945.0508	1949.1006
7828	1	18650	1945.0508	1949.1006
8761	1	18650	1945.0508	1949.1006
16668	1	18650	1945.0508	1949.1006
8716	1	18650	1945.0508	1949.1007
17967	1	14936	1945.0508	1949.1007
6672	1	14936	1945.0508	1949.1007
4325	1	18650	1945.0508	1949.1007
3783	1	2176	1945.0508	1992.1231
4927	40	4928	1945.0509	1945.0509
13386	40	4928	1945.0509	1945.0509
9175	40	4928	1945.0509	1945.0509
14116	40	4928	1945.0509	1945.0509
35786	40	4928	1945.0509	1945.0509
8538	15	709	1945.0509	1945.0509
5283	15	709	1945.0509	1945.0509
10729	40	4928	1945.0509	1945.0509
31042	40	34272	1945.0509	1945.0509
35215	40	17010	1945.0509	1945.0509
6702	15	709	1945.0509	1945.0509
22055	40	4928	1945.0509	1945.0509
24300	40	4928	1945.0509	1945.0509
38796	40	4928	1945.0509	1945.0509
3884	15	709	1945.0509	1945.0509
15327	40	4928	1945.0509	1945.0509
20338	40	4928	1945.0509	1945.0509
18261	40	4928	1945.0509	1945.0509
16829	40	34272	1945.0509	1945.0509
33491	40	4928	1945.0509	1945.0509
19741	40	4928	1945.0509	1945.0509
20061	67	21944	1945.0509	1945.0831
7220	67	21944	1945.0509	1945.0831
23772	67	21944	1945.0509	1945.0925
28976	67	21944	1945.0509	1945.1015
32889	113	4600	1945.0509	1945.1208
4868	67	21944	1945.0509	1947.0707
8873	67	21944	1945.0509	1948.0221
21167	1	14936	1945.0509	1949.0522
1703	1	18650	1945.0509	1949.1007
1288	44	2176	1945.0509	1969.0101
6354	1	73	1945.0509	1990.0504
3651	1	74	1945.0509	1991.0624
6996	1	2176	1945.0509	1992.1231
1288	1	2176	1945.0509	1992.1231
3604	15	197	1945.051	1945.051
17625	52	17624	1945.051	1945.051
33663	40	34272	1945.051	1945.051
16829	113	18667	1945.051	1945.0902
19391	113	4600	1945.051	1946.0107
24599	113	4600	1945.0511	1945.1213
23345	67	21944	1945.0511	1948.052
13615	67	21944	1945.0512	1947.0726
13212	15	12634	1945.0513	1945.0513
22640	40	4928	1945.0515	1945.0515
26296	38	3283	1945.0515	1945.1015
109	70	27704	1945.0515	1946.1115
12894	15	1112	1945.0518	1945.0518
828	70	13894	1945.0518	1957.0326
13894	41	4912	1945.0518	1957.0326
3419	67	21944	1945.052	1945.0817
18709	1	18650	1945.0523	1947.0225
18709	44	18650	1945.0523	1947.0225
30001	19	9222	1945.0525	1950.0
23900	15	197	1945.0529	1945.0529
12438	15	197	1945.0529	1945.0529
7521	15	1664	1945.0531	1945.0531
7521	15	197	1945.0531	1945.0531
25309	15	197	1945.0531	1945.0531
15362	15	1664	1945.0531	1945.0531
15362	15	562	1945.0531	1945.0531
13879	15	1664	1945.0531	1945.0531
13879	15	562	1945.0531	1945.0531
7521	15	562	1945.0531	1945.0531
25309	15	562	1945.0531	1945.0531
25309	15	1664	1945.0531	1945.0531
13253	137	9872	1945.06	1945.08
8538	15	1664	1945.0601	1945.0601
8538	15	562	1945.0601	1945.0601
708	15	562	1945.0601	1945.0601
708	15	197	1945.0601	1945.0601
708	15	1664	1945.0601	1945.0601
196	15	562	1945.0601	1945.0601
196	15	1664	1945.0601	1945.0601
7699	15	562	1945.0602	1945.0602
25303	15	1664	1945.0602	1945.0602
10676	15	347	1945.0602	1945.0602
5388	15	1664	1945.0602	1945.0602
5388	15	562	1945.0602	1945.0602
25303	15	562	1945.0602	1945.0602
7699	15	1664	1945.0602	1945.0602
12355	67	21944	1945.0602	1947.0302
2404	15	39360	1945.0604	1945.0604
7695	38	368	1945.0604	1945.0604
2898	15	39360	1945.0604	1945.0604
8233	15	39360	1945.0605	1945.0605
14165	19	17863	1945.0605	1955.0
17863	19	14165	1945.0605	1955.0101
3884	15	608	1945.0606	1945.0606
1005	15	1112	1945.0608	1945.0608
196	15	4304	1945.0609	1945.0609
196	15	5220	1945.0609	1945.0609
7591	15	5220	1945.0609	1945.0609
4664	15	709	1945.0609	1945.0609
14554	15	5511	1945.0609	1945.0609
7591	15	4304	1945.0609	1945.0609
4664	15	5511	1945.0609	1945.0609
8538	15	5511	1945.0609	1945.0609
8538	15	8243	1945.0609	1945.0609
8538	15	1597	1945.0609	1945.0609
3884	15	4304	1945.0609	1945.0609
3884	15	5220	1945.0609	1945.0609
42329	41	2521	1945.0609	1948.0
420	15	197	1945.061	1945.061
32937	15	820	1945.061	1945.061
18660	15	197	1945.061	1945.061
30571	15	197	1945.061	1945.061
4453	15	820	1945.061	1945.061
10117	15	197	1945.061	1945.061
11223	15	820	1945.061	1945.061
23619	15	820	1945.061	1945.061
14554	15	709	1945.0615	1945.0615
11261	9	16286	1945.0619	1976.0909
27925	40	17010	1945.0621	1945.0621
2893	40	17010	1945.0621	1945.0621
27415	67	21944	1945.0625	1945.0629
7591	15	562	1945.0627	1945.0627
10235	15	1664	1945.0627	1945.0627
6148	15	1664	1945.0627	1945.0627
6148	15	562	1945.0627	1945.0627
32110	15	1664	1945.0627	1945.0627
32110	15	562	1945.0627	1945.0627
10235	15	562	1945.0627	1945.0627
7591	15	1664	1945.0627	1945.0627
5497	15	562	1945.0627	1945.0627
5497	15	1664	1945.0627	1945.0627
22566	15	562	1945.0627	1945.0627
22566	15	1664	1945.0627	1945.0627
3430	15	562	1945.0627	1945.0627
3430	15	1664	1945.0627	1945.0627
7695	15	562	1945.0627	1945.0627
17448	15	197	1945.0627	1945.0627
17448	15	1664	1945.0627	1945.0627
727	15	1664	1945.0627	1945.0627
727	15	562	1945.0627	1945.0627
17448	15	562	1945.0627	1945.0627
7695	15	1664	1945.0627	1945.0627
6866	15	562	1945.0627	1945.0627
6866	15	1664	1945.0627	1945.0627
27104	15	347	1945.0628	1945.0628
6863	15	1664	1945.0629	1945.0629
27167	15	1664	1945.0629	1945.0629
19540	15	562	1945.0629	1945.0629
16662	15	1664	1945.0629	1945.0629
6863	15	562	1945.0629	1945.0629
16662	15	562	1945.0629	1945.0629
12633	15	1664	1945.0629	1945.0629
27167	15	562	1945.0629	1945.0629
7313	15	562	1945.0629	1945.0629
21456	15	562	1945.0629	1945.0629
21456	15	1664	1945.0629	1945.0629
7313	15	1664	1945.0629	1945.0629
14554	15	562	1945.0629	1945.0629
12633	15	562	1945.0629	1945.0629
19540	15	1664	1945.0629	1945.0629
14554	15	1664	1945.0629	1945.0629
17407	15	1664	1945.0629	1945.0629
17407	15	562	1945.0629	1945.0629
5723	15	1664	1945.0629	1945.0629
13252	15	1664	1945.0629	1945.0629
13252	15	562	1945.0629	1945.0629
5319	15	1112	1945.0629	1945.0629
14881	44	2008	1945.0629	1945.0629
2176	34	73	1945.0629	1991.1226
12720	44	1011	1945.063	1948.1029
13348	1	18650	1945.063	1949.1006
1011	44	716	1945.063	1954.0218
6222	66	1011	1945.063	1991.0211
14881	44	1011	1945.063	1991.0212
16945	44	1011	1945.063	1991.0212
26351	38	368	1945.07	1948.0126
11207	70	13924	1945.07	1951.07
4109	44	26878	1945.0701	1945.0701
10146	1	18650	1945.0701	1949.1006
9059	1	18650	1945.0701	1949.1007
542	15	197	1945.0702	1945.0702
13331	15	197	1945.0702	1945.0702
335	15	1112	1945.0702	1945.0702
14030	15	17357	1945.0704	1945.0704
1850	1	18650	1945.0704	1949.1006
6868	15	197	1945.0705	1945.0705
1515	1	47	1945.0706	1945.0706
41338	44	30958	1945.0706	1945.0706
28655	15	39360	1945.0706	1945.0706
15550	15	197	1945.0709	1945.0709
9876	38	5387	1945.0709	1945.0709
11207	29	11001	1945.0709	1946.0
11207	29	8210	1945.0709	1946.0
11207	34	13190	1945.0709	1946.0628
11207	34	30015	1945.0709	1946.0823
11207	34	4109	1945.0709	1946.0823
11207	34	12155	1945.0709	1947.0225
11207	44	18650	1945.0709	1949.1007
11207	29	8150	1945.0709	1950.063
11207	29	22295	1945.0709	1950.063
8761	44	11207	1945.0709	1952.0725
10853	66	11207	1945.0709	1952.0725
11207	29	10853	1945.0709	1952.0725
11207	29	9059	1945.0709	1952.0725
11207	29	15020	1945.0709	1952.0725
11207	29	8761	1945.0709	1952.0725
4664	15	34869	1945.0713	1945.0713
14199	15	12634	1945.0713	1945.0713
14013	15	12634	1945.0713	1945.0713
11788	41	6946	1945.0713	1949.1219
31252	18	3459	1945.0715	2002.0311
23900	15	709	1945.0719	1945.0719
7145	15	347	1945.0722	1945.0722
7524	41	6775	1945.0726	1951.1026
5319	15	12634	1945.0731	1945.0731
14047	70	40701	1945.0731	1965.072
13252	3	13213	1945.08	1946.04
13508	135	6786	1945.0805	1945.1104
28538	15	21434	1945.0807	1945.0807
29009	1	641	1945.0814	1945.0814
29009	1	73	1945.0814	1954.1012
5437	112	35749	1945.0815	1945.0815
822	44	1331	1945.0815	1945.0815
365	27	5370	1945.0817	1946.0104
5283	15	562	1945.0818	1945.0818
21691	15	562	1945.0818	1945.0818
5319	15	562	1945.0818	1945.0818
5283	15	1664	1945.0818	1945.0818
24147	15	347	1945.0818	1945.0818
8874	15	562	1945.0818	1945.0818
8874	15	1664	1945.0818	1945.0818
21691	15	1664	1945.0818	1945.0818
5319	15	1664	1945.0818	1945.0818
365	62	14002	1945.0818	1967.0312
10862	40	34272	1945.082	1945.082
1288	70	18402	1945.0827	1946.0501
21496	19	338	1945.0829	1948.0601
24684	67	21944	1945.0901	1945.0901
23616	67	21944	1945.0902	1947.1001
14301	44	13302	1945.0903	1949.093
3094	44	13302	1945.0903	1949.093
15613	44	13302	1945.0903	1949.093
9878	1	13302	1945.0903	1949.1001
3094	1	13302	1945.0903	1949.1001
206	15	1112	1945.0906	1945.0906
10091	15	1664	1945.0908	1945.0908
2806	15	562	1945.0908	1945.0908
1313	15	1664	1945.0908	1945.0908
5830	15	1664	1945.0908	1945.0908
10091	15	562	1945.0908	1945.0908
1313	15	197	1945.0908	1945.0908
1313	15	562	1945.0908	1945.0908
2806	15	1664	1945.0908	1945.0908
5830	15	562	1945.0908	1945.0908
11409	15	1664	1945.0908	1945.0908
11409	15	562	1945.0908	1945.0908
15858	15	39360	1945.0909	1945.0909
25416	3	11684	1945.091	1952.071
10751	15	347	1945.0914	1945.0914
11040	15	336	1945.0916	1945.0916
13091	15	347	1945.0916	1945.0916
13331	15	197	1945.0916	1945.0916
9002	15	336	1945.0916	1945.0916
13331	15	336	1945.0916	1945.0916
17509	15	197	1945.0916	1945.0916
8041	15	820	1945.0916	1945.0916
9002	15	197	1945.0916	1945.0916
11849	15	197	1945.0916	1945.0916
11849	15	336	1945.0916	1945.0916
11040	15	197	1945.0916	1945.0916
5830	15	197	1945.0929	1945.0929
4664	15	23117	1945.093	1945.093
6702	15	23117	1945.093	1945.093
708	15	23117	1945.093	1945.093
25295	17	11873	1945.1013	1974.0801
16233	1	73	1945.1017	1945.1017
703	15	21434	1945.1019	1945.1019
3604	14	36146	1945.1019	1959.1102
211	25	333	1945.1024	1945.1024
554	25	333	1945.1024	1945.1024
223	25	333	1945.1024	1945.1024
414	25	333	1945.1024	1945.1024
113	25	16870	1945.1024	1945.1024
13	25	333	1945.1024	1945.1024
440	25	333	1945.1024	1945.1024
1809	25	333	1945.1024	1945.1024
796	25	333	1945.1024	1945.1024
5040	25	333	1945.1024	1945.1024
137	25	333	1945.1024	1945.1024
925	25	333	1945.1024	1945.1024
113	25	333	1945.1024	1945.1024
2558	25	333	1945.1024	1945.1024
2647	25	333	1945.1024	1945.1024
1798	25	333	1945.1024	1945.1024
1763	25	333	1945.1024	1945.1024
1736	25	333	1945.1024	1945.1024
47	25	333	1945.1024	1945.1024
13302	25	16870	1945.1024	1945.1024
1723	25	333	1945.1024	1945.1024
20011	25	333	1945.1024	1945.1024
1960	25	333	1945.1024	1945.1024
1087	25	333	1945.1024	1971.1025
334	25	333	1945.1024	1991.0825
664	25	333	1945.1024	1991.121
73	25	333	1945.1024	1991.1224
2176	25	333	1945.1024	1992.1231
814	25	333	1945.1025	1945.1025
553	25	333	1945.103	1945.103
3085	25	333	1945.1031	1945.1031
1273	25	333	1945.1102	1945.1102
9397	15	5395	1945.1102	1945.1102
11025	25	333	1945.1105	1945.1105
2914	19	40868	1945.1105	1964.1116
40868	19	2914	1945.1105	1964.1116
13105	15	5498	1945.1106	1945.1106
8698	15	197	1945.1106	1945.1106
5364	15	347	1945.1106	1945.1106
10601	15	197	1945.1106	1945.1106
18099	41	296	1945.1106	1946.061
862	25	333	1945.1107	1945.1107
364	25	333	1945.1109	1945.1109
4870	15	347	1945.111	1945.111
12263	25	7667	1945.111	1972.0731
2003	25	333	1945.1113	1945.1113
7629	25	333	1945.1113	1945.1113
642	25	333	1945.1114	1945.1114
24300	139	4810	1945.1115	1945.0508
24300	84	12078	1945.1115	1945.0508
24300	113	1237	1945.1115	1945.0508
12078	50	24300	1945.1115	1945.0508
2616	25	333	1945.1115	1945.1115
8558	41	10876	1945.1115	1946.0201
12516	15	820	1945.1116	1945.1116
4766	15	21434	1945.1117	1945.1117
5854	15	21434	1945.1117	1945.1117
8233	41	18209	1945.1119	1948.0206
2385	25	333	1945.1121	1945.1121
9003	15	197	1945.1124	1945.1124
41530	40	17010	1945.1128	1945.1128
18181	19	36984	1945.1129	1959.0
36984	19	18181	1945.1129	1959.0
12085	1	2396	1945.1129	1991.0624
8930	1	2396	1945.1129	1991.0625
1524	1	2396	1945.1129	1991.0625
1388	1	2396	1945.1129	1991.0908
8820	1	2396	1945.1129	1991.0908
10229	1	2396	1945.1129	1991.1108
1966	1	2396	1945.1129	1992.0229
6028	1	2396	1945.1129	1992.0427
30871	1	2396	1945.1129	1992.0427
19752	1	2396	1945.1129	1992.0427
30753	1	2396	1945.1129	1992.0427
962	44	2396	1945.1129	1992.0427
28580	15	19545	1945.1201	1945.1201
4870	15	197	1945.1202	1945.1202
15941	19	2069	1945.1205	1985.0717
9816	14	9817	1945.121	1947.01
3174	25	333	1945.1217	1945.1217
1802	25	333	1945.1218	1945.1218
4962	19	4963	1945.1219	1953.0718
4963	19	4962	1945.1219	1953.0718
10310	25	333	1945.1221	1945.1221
5041	25	333	1945.1221	1945.1221
642	25	611	1945.1227	1945.1227
641	25	611	1945.1227	1945.1227
113	25	611	1945.1227	1945.1227
3174	25	611	1945.1227	1945.1227
13	25	611	1945.1227	1945.1227
1247	25	333	1945.1227	1945.1227
326	25	611	1945.1227	1945.1227
2647	25	611	1945.1227	1945.1227
553	25	611	1945.1227	1945.1227
7629	25	611	1945.1227	1945.1227
814	25	611	1945.1227	1945.1227
440	25	611	1945.1227	1945.1227
862	25	611	1945.1227	1945.1227
1247	25	611	1945.1227	1945.1227
364	25	611	1945.1227	1945.1227
414	25	611	1945.1227	1945.1227
5041	25	611	1945.1227	1945.1227
2385	25	611	1945.1228	1945.1228
10310	25	611	1945.1228	1945.1228
554	25	611	1945.1228	1945.1228
2558	25	611	1945.1229	1945.1229
1736	25	611	1945.1231	1945.1231
3085	25	611	1945.1231	1945.1231
938	3	939	1946.0	1946.0
4879	59	4880	1946.0	1946.0
5367	33	140	1946.0	1946.0
11237	15	820	1946.0	1946.0
3304	30	12327	1946.0	1946.0
13300	15	608	1946.0	1946.0
6118	15	1252	1946.0	1946.0
16477	17	1709	1946.0	1946.0
23298	15	1252	1946.0	1946.0
13020	17	1709	1946.0	1946.0
18049	15	26834	1946.0	1946.0
13999	15	28523	1946.0	1946.0
11849	15	1252	1946.0	1946.0
8523	33	4641	1946.0	1946.0
20531	17	1037	1946.0	1946.0
5293	3	7683	1946.0	1946.0
17147	3	7141	1946.0	1946.0
7776	3	9544	1946.0	1946.0
17094	3	2260	1946.0	1946.0
18493	15	608	1946.0	1946.0
17513	25	4659	1946.0	1946.0
13604	17	728	1946.0	1946.0
11971	15	503	1946.0	1946.0
30999	15	1970	1946.0	1946.0
35407	21	453	1946.0	1946.0
35130	17	728	1946.0	1946.0
10917	4	7602	1946.0	1946.0
7366	15	1252	1946.0	1946.0
29513	3	6576	1946.0	1946.0
27600	3	36902	1946.0	1946.0
14921	3	10266	1946.0	1946.0
5830	15	8871	1946.0	1946.0
6711	3	115	1946.0	1946.0
39211	17	1709	1946.0	1946.0
4748	17	1696	1946.0	1946.0
3304	30	39917	1946.0	1946.0
4321	4	28025	1946.0	1946.0
20280	41	455	1946.0	1946.0
20297	71	34055	1946.0	1946.0
16049	15	608	1946.0	1946.0
13483	15	3129	1946.0	1946.0
1374	1	3	1946.0	1946.0
33558	38	207	1946.0	1946.0
27012	15	1252	1946.0	1946.0
17326	30	39777	1946.0	1946.0
24147	17	728	1946.0	1946.0
7043	15	1252	1946.0	1946.0
38131	33	13	1946.0	1946.0
13093	17	1709	1946.0	1946.0
11431	15	1252	1946.0	1946.0
25892	1	613	1946.0	1946.0
18905	33	8290	1946.0	1946.0
35831	3	2296	1946.0	1946.0
3123	15	18589	1946.0	1946.0
40259	21	5489	1946.0	1946.0
26872	3	886	1946.0	1946.0
35407	21	613	1946.0	1946.0
39777	15	17326	1946.0	1946.0
337	30	10839	1946.0	1946.0
15597	4	5705	1946.0	1946.0
17625	52	10134	1946.0	1946.0
17428	15	7955	1946.0	1946.0
34238	21	13	1946.0	1946.0
2396	109	17589	1946.0	1946.0
21864	1	3	1946.0	1946.0
33805	15	1252	1946.0	1946.0
5179	44	1536	1946.0	1946.0
18493	15	820	1946.0	1946.0
28769	15	1252	1946.0	1946.0
3123	15	3186	1946.0	1946.0
14351	15	524	1946.0	1946.0
11400	15	197	1946.0	1946.0
4985	17	9246	1946.0	1946.0
13093	25	15712	1946.0	1946.0
16271	4	6436	1946.0	1946.0
10537	15	1252	1946.0	1946.0
6448	15	197	1946.0	1946.0
14474	15	197	1946.0	1946.0
17237	14	12312	1946.0	1946.0
6448	15	820	1946.0	1946.0
32001	17	4046	1946.0	1946.0
6448	15	1249	1946.0	1946.0
25168	21	113	1946.0	1946.0
8019	3	6724	1946.0	1946.0
23373	14	12782	1946.0	1946.0
4257	15	1252	1946.0	1946.0
5219	15	27463	1946.0	1946.0
4670	3	115	1946.0	1946.0
27931	32	35118	1946.0	1946.0
8538	15	18589	1946.0	1946.0
503	30	11971	1946.0	1946.0
31312	16	1746	1946.0	1946.0
3197	25	3689	1946.0	1946.0
1729	44	4109	1946.0	1946.0
32766	14	12782	1946.0	1946.0
12511	17	1709	1946.0	1946.0
19192	15	608	1946.0	1946.0
20001	30	13491	1946.0	1946.0
21876	15	197	1946.0	1946.0
125	16	503	1946.0	1946.0
18140	30	26740	1946.0	1946.0
12112	15	820	1946.0	1946.0
42440	138	15208	1946.0	1946.0
8225	17	728	1946.0	1946.0
4879	59	574	1946.0	1946.0
5830	15	4155	1946.0	1946.0
30090	21	13190	1946.0	1946.0
40037	17	728	1946.0	1946.0
21183	32	1561	1946.0	1946.0
12112	15	608	1946.0	1946.0
18106	33	6562	1946.0	1946.0
18220	3	34191	1946.0	1946.0
18106	17	1709	1946.0	1946.0
18106	33	4895	1946.0	1946.0
1516	3	12423	1946.0	1946.0
9120	44	1536	1946.0	1946.0
12378	15	197	1946.0	1946.0
3304	30	14247	1946.0	1946.0
12894	38	368	1946.0	1946.0
40407	15	820	1946.0	1946.0
92	3	5177	1946.0	1946.0
9008	15	792	1946.0	1946.0
21320	17	4046	1946.0	1946.0
1648	32	1561	1946.0	1946.0
6514	41	1339	1946.0	1946.0
22809	17	1709	1946.0	1946.0
20002	4	32077	1946.0	1946.0101
28072	3	3156	1946.0	1947.0
6830	4	7602	1946.0	1947.0
13956	4	27734	1946.0	1947.0
10088	4	1040	1946.0	1947.0
16271	4	5118	1946.0	1947.0
29742	3	8769	1946.0	1947.0
5729	46	8178	1946.0	1947.0
6830	4	1835	1946.0	1947.0
11920	46	40835	1946.0	1947.0327
1708	17	1709	1946.0	1948.0
1309	14	2212	1946.0	1948.0
12889	4	12893	1946.0	1948.0
5367	33	673	1946.0	1948.0
31849	4	12893	1946.0	1948.0
28965	46	8178	1946.0	1948.0
10425	18	1007	1946.0	1948.0
20641	4	2471	1946.0	1948.0
1577	9	4783	1946.0	1948.0
36821	41	947	1946.0	1948.0
38818	19	26125	1946.0	1949.0
23387	33	613	1946.0	1949.0
33790	14	5613	1946.0	1949.0
27300	3	1017	1946.0	1949.0
2318	3	19118	1946.0	1950.0
21502	3	21886	1946.0	1950.0
17652	3	6449	1946.0	1950.0
8523	3	2403	1946.0	1950.0
9783	33	140	1946.0	1950.0
9783	37	140	1946.0	1950.0
17035	38	6932	1946.0	1951.0
34197	4	7993	1946.0	1951.0
10337	17	39356	1946.0	1951.0
28976	3	28850	1946.0	1951.0
7740	4	499	1946.0	1951.0
11283	3	11284	1946.0	1951.0
3120	4	1866	1946.0	1952.0
3828	9	22324	1946.0	1952.0
73	62	2511	1946.0	1953.0
5658	17	1709	1946.0	1953.0
32937	14	36146	1946.0	1953.0
31561	3	4315	1946.0	1953.0
29047	33	715	1946.0	1953.0
38154	4	6831	1946.0	1953.0
10917	4	1835	1946.0	1954.0
35801	80	23564	1946.0	1955.0
16803	4	20708	1946.0	1955.0
2418	4	4037	1946.0	1955.0
1536	70	23564	1946.0	1955.0
23564	41	35801	1946.0	1955.0
17239	4	11332	1946.0	1956.0
33125	4	1835	1946.0	1957.0
32894	14	23126	1946.0	1957.0
10615	14	28835	1946.0	1957.0
23460	4	19712	1946.0	1959.0
33663	113	10134	1946.0	1959.1123
14857	14	7880	1946.0	1960.0
25011	4	11332	1946.0	1960.0
3526	44	1536	1946.0	1964.0
12297	4	4037	1946.0	1967.0
22449	19	16635	1946.0	1970.1005
16635	19	22449	1946.0	1970.1005
12056	4	1668	1946.0	1971.0
1115	19	30156	1946.0	1977.0
30156	19	1115	1946.0	1977.0
36531	19	18377	1946.0	1977.0
27410	19	22413	1946.0	1978.0101
1729	1	613	1946.0	1978.0131
1729	44	1536	1946.0	1978.0131
20142	14	5869	1946.0	1979.0
27080	14	12782	1946.0	1983.0
15807	33	453	1946.0	1984.0
24295	14	939	1946.0	1986.0
31097	154	20423	1946.0	1987.0
14431	33	673	1946.0	1988.032
34952	17	1709	1946.0	1990.0
4748	17	1709	1946.0	1990.0
73	25	16870	1946.0	1991.0
3651	44	22344	1946.0	1991.0625
1868	1	664	1946.0	1991.0824
1724	4	1040	1946.0101	1946.0101
5351	15	5352	1946.0101	1946.0101
5775	16	337	1946.0101	1946.0101
10442	4	3340	1946.0101	1946.0101
5817	4	10779	1946.0101	1946.0101
11319	16	1746	1946.0101	1946.0101
12347	15	655	1946.0101	1946.0101
15205	4	6339	1946.0101	1946.0101
16714	33	5473	1946.0101	1946.0101
791	16	1746	1946.0101	1946.0101
11746	4	11413	1946.0101	1946.0101
11163	16	524	1946.0101	1946.0101
20057	15	20058	1946.0101	1946.0101
21800	16	503	1946.0101	1946.0101
8221	4	1676	1946.0101	1946.0101
22150	4	6252	1946.0101	1946.0101
23846	4	6732	1946.0101	1946.0101
14736	4	2000	1946.0101	1946.0101
26701	4	5307	1946.0101	1946.0101
364	25	20431	1946.0101	1946.0101
29462	3	22726	1946.0101	1946.0101
30943	15	5967	1946.0101	1946.0101
14309	4	3562	1946.0101	1946.0101
26740	15	18140	1946.0101	1946.0101
6635	4	9682	1946.0101	1946.0101
18834	15	1201	1946.0101	1946.0101
13374	15	7853	1946.0101	1946.0101
16765	4	7649	1946.0101	1946.0101
1561	32	21183	1946.0101	1946.0101
36707	15	29881	1946.0101	1946.0101
28425	3	7476	1946.0101	1946.0101
10626	4	22164	1946.0101	1946.0101
9784	4	1040	1946.0101	1946.0101
16105	16	1746	1946.0101	1946.0101
311	4	2435	1946.0101	1946.0101
34231	4	3596	1946.0101	1946.0101
14763	15	655	1946.0101	1946.0101
13840	4	18776	1946.0101	1946.0101
37923	16	337	1946.0101	1946.0101
36052	37	140	1946.0101	1946.0101
4752	4	8419	1946.0101	1946.0101
23294	4	100	1946.0101	1946.0101
36341	15	1252	1946.0101	1946.0101
30136	4	10779	1946.0101	1946.0101
2506	4	15244	1946.0101	1946.0101
12327	15	3304	1946.0101	1946.0101
37514	4	20969	1946.0101	1946.0101
35118	32	27931	1946.0101	1946.0101
33068	4	38559	1946.0101	1946.0101
41789	134	8591	1946.0101	1946.0101
41789	40	22223	1946.0101	1946.0101
14332	4	5191	1946.0101	1946.0101
14247	15	3304	1946.0101	1946.0101
25547	4	9276	1946.0101	1946.0101
29474	15	22551	1946.0101	1946.0101
1555	15	655	1946.0101	1946.0101
27895	4	20879	1946.0101	1946.0101
27531	4	8333	1946.0101	1946.0101
29828	15	29117	1946.0101	1946.0101
1561	32	1648	1946.0101	1946.0101
39917	15	3304	1946.0101	1946.0101
25674	4	7649	1946.0101	1946.0101
5817	4	15047	1946.0101	1946.0101
25164	4	2133	1946.0101	1946.0101
39914	4	965	1946.0101	1946.0101
37933	4	7649	1946.0101	1946.0101
30920	4	7649	1946.0101	1946.0101
10726	4	499	1946.0101	1946.0101
13309	16	1746	1946.0101	1946.0101
27436	4	7649	1946.0101	1946.0101
3850	44	1536	1946.0101	1946.0101
13309	15	1746	1946.0101	1946.0101
10471	15	2575	1946.0101	1946.0101
30854	4	7649	1946.0101	1946.0101
18954	4	9347	1946.0101	1946.0101
18954	4	499	1946.0101	1946.0101
31822	15	7523	1946.0101	1946.0101
14649	4	11520	1946.0101	1946.0101
6253	4	13439	1946.0101	1946.0101
15867	37	1631	1946.0101	1946.0101
40808	4	9682	1946.0101	1946.0101
16654	15	7610	1946.0101	1946.0101
11565	4	9347	1946.0101	1946.0101
19983	4	8289	1946.0101	1946.0101
20166	15	30473	1946.0101	1946.0101
37082	4	1477	1946.0101	1946.0101
16464	4	5440	1946.0101	1946.0101
31802	4	5660	1946.0101	1946.0101
24874	4	1130	1946.0101	1946.0101
24874	4	40176	1946.0101	1946.0101
42057	19	12347	1946.0101	1946.0101
33531	4	7649	1946.0101	1946.0101
26072	16	1746	1946.0101	1946.0101
19504	4	2028	1946.0101	1946.0101
31647	16	1746	1946.0101	1946.0101
4961	4	5359	1946.0101	1946.0101
33025	4	5234	1946.0101	1946.0101
7872	15	19410	1946.0101	1946.0101
17142	16	337	1946.0101	1946.0101
8691	4	3836	1946.0101	1946.0101
12347	19	42057	1946.0101	1946.0101
22921	16	1746	1946.0101	1946.0101
10813	37	35487	1946.0101	1946.0101
29486	4	18170	1946.0101	1946.0101
37317	15	655	1946.0101	1946.0101
10589	16	524	1946.0101	1946.0101
17711	16	1746	1946.0101	1946.0101
40399	15	36958	1946.0101	1946.0101
28973	4	6570	1946.0101	1946.0101
1129	4	1130	1946.0101	1947.0101
3605	4	3606	1946.0101	1947.0101
5754	4	980	1946.0101	1947.0101
5233	4	6252	1946.0101	1947.0101
9514	4	429	1946.0101	1947.0101
10630	4	10631	1946.0101	1947.0101
14022	4	4206	1946.0101	1947.0101
14739	4	1282	1946.0101	1947.0101
11970	4	5234	1946.0101	1947.0101
15901	4	2792	1946.0101	1947.0101
11610	4	3701	1946.0101	1947.0101
6067	4	616	1946.0101	1947.0101
17259	4	11685	1946.0101	1947.0101
15774	4	17954	1946.0101	1947.0101
18240	4	321	1946.0101	1947.0101
18805	4	4491	1946.0101	1947.0101
19429	4	9347	1946.0101	1947.0101
8479	4	7196	1946.0101	1947.0101
6196	4	3596	1946.0101	1947.0101
1720	4	3622	1946.0101	1947.0101
6215	4	4152	1946.0101	1947.0101
24935	4	1263	1946.0101	1947.0101
25351	4	13878	1946.0101	1947.0101
25415	4	3746	1946.0101	1947.0101
23846	4	12529	1946.0101	1947.0101
14818	4	429	1946.0101	1947.0101
20900	4	2471	1946.0101	1947.0101
4961	4	370	1946.0101	1947.0101
26447	4	20184	1946.0101	1947.0101
2596	4	18045	1946.0101	1947.0101
27811	4	2547	1946.0101	1947.0101
28433	4	5134	1946.0101	1947.0101
29040	4	3900	1946.0101	1947.0101
24898	4	20969	1946.0101	1947.0101
2184	4	5706	1946.0101	1947.0101
30698	4	5575	1946.0101	1947.0101
24715	4	616	1946.0101	1947.0101
12901	4	370	1946.0101	1947.0101
32139	4	6216	1946.0101	1947.0101
6789	4	1620	1946.0101	1947.0101
2766	4	1040	1946.0101	1947.0101
32740	4	1741	1946.0101	1947.0101
8042	4	4796	1946.0101	1947.0101
27293	4	10089	1946.0101	1947.0101
13441	4	1676	1946.0101	1947.0101
28036	4	14668	1946.0101	1947.0101
6289	4	1727	1946.0101	1947.0101
33927	4	33928	1946.0101	1947.0101
14529	4	2043	1946.0101	1947.0101
4219	4	6068	1946.0101	1947.0101
34186	4	11685	1946.0101	1947.0101
18385	4	18844	1946.0101	1947.0101
28669	4	889	1946.0101	1947.0101
30197	4	8727	1946.0101	1947.0101
34546	4	4056	1946.0101	1947.0101
9814	4	36339	1946.0101	1947.0101
32938	4	6636	1946.0101	1947.0101
36643	4	26288	1946.0101	1947.0101
36892	4	8108	1946.0101	1947.0101
29486	4	3729	1946.0101	1947.0101
35896	4	370	1946.0101	1947.0101
35374	4	6252	1946.0101	1947.0101
37379	4	1374	1946.0101	1947.0101
28809	4	4580	1946.0101	1947.0101
14895	4	20064	1946.0101	1947.0101
27855	4	10938	1946.0101	1947.0101
16510	4	889	1946.0101	1947.0101
15568	4	9429	1946.0101	1947.0101
16978	4	1727	1946.0101	1947.0101
14332	4	3729	1946.0101	1947.0101
35985	4	3425	1946.0101	1947.0101
16530	4	10513	1946.0101	1947.0101
18039	4	1510	1946.0101	1947.0101
39998	4	4753	1946.0101	1947.0101
27284	4	370	1946.0101	1947.0101
13227	4	5953	1946.0101	1947.0101
34520	4	13878	1946.0101	1947.0101
10224	4	429	1946.0101	1947.0101
10552	4	10996	1946.0101	1947.0101
10387	4	15047	1946.0101	1947.0101
35688	4	616	1946.0101	1947.0101
16294	4	13065	1946.0101	1947.0101
35458	4	5118	1946.0101	1947.0101
24562	4	4531	1946.0101	1947.0101
15774	4	566	1946.0101	1947.0101
32122	4	12529	1946.0101	1947.0101
30042	4	882	1946.0101	1947.0101
25466	4	390	1946.0101	1947.0101
23367	4	980	1946.0101	1947.0101
39112	4	616	1946.0101	1947.0101
32783	4	6934	1946.0101	1947.0101
13423	4	15129	1946.0101	1947.0101
20674	4	6068	1946.0101	1947.0101
19394	4	11413	1946.0101	1947.0101
1004	3	1548	1946.0101	1947.0101
23631	4	1130	1946.0101	1947.0101
14647	4	2547	1946.0101	1947.0101
41323	4	8108	1946.0101	1947.0101
23401	4	13042	1946.0101	1947.0101
1264	4	172	1946.0101	1947.0101
34711	4	429	1946.0101	1947.0101
27895	4	12185	1946.0101	1947.0101
3790	4	8876	1946.0101	1947.0101
20632	4	3606	1946.0101	1947.0101
15518	4	11685	1946.0101	1947.0101
16904	4	3135	1946.0101	1947.0101
22880	4	1267	1946.0101	1947.0101
25164	4	5118	1946.0101	1947.0101
41989	4	37108	1946.0101	1947.0101
17241	4	10996	1946.0101	1947.0101
4091	4	8289	1946.0101	1947.0101
13787	4	2547	1946.0101	1947.0101
22093	4	8148	1946.0101	1947.0101
33068	4	8548	1946.0101	1947.0101
9307	4	15244	1946.0101	1947.0101
9925	4	40507	1946.0101	1947.0101
31749	4	15032	1946.0101	1947.0101
32227	4	2792	1946.0101	1947.0101
1124	4	10513	1946.0101	1947.0101
2283	4	1040	1946.0101	1947.0101
29007	4	39791	1946.0101	1947.0101
30052	4	5307	1946.0101	1947.0101
15041	4	33	1946.0101	1947.0101
28896	4	1263	1946.0101	1947.0101
23363	4	9926	1946.0101	1947.0101
24334	4	9426	1946.0101	1947.0101
19441	4	14650	1946.0101	1947.0101
22589	4	6732	1946.0101	1947.0101
30825	4	172	1946.0101	1947.0101
41087	4	33	1946.0101	1947.0101
33568	4	1620	1946.0101	1947.0101
42145	4	1100	1946.0101	1947.0101
24790	4	32168	1946.0101	1947.0101
18281	4	14668	1946.0101	1947.0101
29328	4	28908	1946.0101	1947.0101
18278	4	8876	1946.0101	1947.0101
15304	4	1263	1946.0101	1947.0101
463	4	1040	1946.0101	1947.0101
22101	4	3729	1946.0101	1947.0101
18842	4	33881	1946.0101	1947.0101
2426	4	566	1946.0101	1947.0101
26778	4	2000	1946.0101	1947.0101
41586	4	1741	1946.0101	1947.0101
11340	4	13643	1946.0101	1947.0101
10552	4	1374	1946.0101	1947.0101
35572	4	4580	1946.0101	1947.0101
3466	4	588	1946.0101	1947.0101
9486	4	9591	1946.0101	1947.0101
10408	4	6339	1946.0101	1947.0101
38330	4	20184	1946.0101	1947.0101
25548	4	4531	1946.0101	1947.0101
4752	4	2043	1946.0101	1947.0101
22649	4	1510	1946.0101	1947.0101
42294	4	1620	1946.0101	1947.0101
21984	4	9926	1946.0101	1947.0101
42305	4	552	1946.0101	1947.0101
39795	4	499	1946.0101	1947.0101
8842	4	1781	1946.0101	1947.0101
5230	4	4531	1946.0101	1947.0101
36730	4	5575	1946.0101	1947.0101
29496	4	10996	1946.0101	1947.0101
14179	4	41891	1946.0101	1947.0101
26058	4	2792	1946.0101	1947.0101
39606	4	8305	1946.0101	1947.0101
23545	4	1374	1946.0101	1947.0101
2506	4	20064	1946.0101	1947.0101
42384	4	25913	1946.0101	1947.0101
33926	4	4196	1946.0101	1947.0101
32007	4	25913	1946.0101	1947.0101
6782	3	1548	1946.0101	1947.0101
28477	4	32077	1946.0101	1947.0101
9046	4	566	1946.0101	1947.0101
20912	4	5307	1946.0101	1947.0101
18444	4	5030	1946.0101	1947.0101
25054	4	3622	1946.0101	1947.0101
41731	4	3729	1946.0101	1947.0101
36411	4	11520	1946.0101	1947.0101
42491	4	3729	1946.0101	1947.0101
6658	4	3746	1946.0101	1947.0101
7086	4	5398	1946.0101	1947.0101
11968	4	15	1946.0101	1947.0101
15945	4	8727	1946.0101	1947.0101
42502	4	5234	1946.0101	1947.0101
29913	4	7398	1946.0101	1947.0101
17680	4	5140	1946.0101	1947.0101
10442	4	5311	1946.0101	1947.0101
38948	4	3087	1946.0101	1947.0101
5564	4	2545	1946.0101	1947.0101
35046	4	5134	1946.0101	1947.0101
42598	4	588	1946.0101	1947.0101
5668	4	9926	1946.0101	1947.0101
6789	4	522	1946.0101	1947.0101
8037	4	5118	1946.0101	1947.0101
15139	4	3087	1946.0101	1947.0101
12872	4	13042	1946.0101	1947.0101
32977	4	5151	1946.0101	1947.0101
20772	4	11685	1946.0101	1947.0101
28507	4	370	1946.0101	1947.0101
211	25	16870	1946.0101	1947.1231
318	4	319	1946.0101	1948.0101
4980	4	321	1946.0101	1948.0101
5977	4	3405	1946.0101	1948.0101
6622	4	6339	1946.0101	1948.0101
10782	4	15584	1946.0101	1948.0101
17973	4	6405	1946.0101	1948.0101
18400	4	3596	1946.0101	1948.0101
20063	4	20064	1946.0101	1948.0101
21734	4	10938	1946.0101	1948.0101
23122	4	1646	1946.0101	1948.0101
24787	4	5234	1946.0101	1948.0101
25627	4	21547	1946.0101	1948.0101
23880	4	18170	1946.0101	1948.0101
21892	4	321	1946.0101	1948.0101
30505	4	4030	1946.0101	1948.0101
1619	4	4901	1946.0101	1948.0101
1266	4	11267	1946.0101	1948.0101
32090	4	1727	1946.0101	1948.0101
5526	4	2547	1946.0101	1948.0101
24126	4	2000	1946.0101	1948.0101
16463	4	4154	1946.0101	1948.0101
22482	4	11413	1946.0101	1948.0101
24069	4	4206	1946.0101	1948.0101
34895	4	33928	1946.0101	1948.0101
4649	4	5398	1946.0101	1948.0101
17959	4	100	1946.0101	1948.0101
25701	4	1676	1946.0101	1948.0101
15793	4	4979	1946.0101	1948.0101
18183	4	2435	1946.0101	1948.0101
10626	4	1128	1946.0101	1948.0101
311	4	3216	1946.0101	1948.0101
24172	4	3216	1946.0101	1948.0101
25207	4	3087	1946.0101	1948.0101
6410	4	172	1946.0101	1948.0101
19160	4	4077	1946.0101	1948.0101
16943	4	4531	1946.0101	1948.0101
14736	4	1952	1946.0101	1948.0101
26701	4	28367	1946.0101	1948.0101
15352	4	15244	1946.0101	1948.0101
40731	4	6252	1946.0101	1948.0101
16983	4	3425	1946.0101	1948.0101
21831	4	11685	1946.0101	1948.0101
35846	4	5134	1946.0101	1948.0101
33405	4	24211	1946.0101	1948.0101
36661	4	6455	1946.0101	1948.0101
8127	4	980	1946.0101	1948.0101
9154	4	1646	1946.0101	1948.0101
25229	4	5660	1946.0101	1948.0101
26143	4	100	1946.0101	1948.0101
7000	4	581	1946.0101	1948.0101
32677	4	10996	1946.0101	1948.0101
9223	4	1267	1946.0101	1948.0101
16011	4	2028	1946.0101	1948.0101
41314	4	5575	1946.0101	1948.0101
33611	4	20184	1946.0101	1948.0101
34223	4	3405	1946.0101	1948.0101
20240	4	8876	1946.0101	1948.0101
22773	4	1792	1946.0101	1948.0101
41671	4	33928	1946.0101	1948.0101
42048	4	89	1946.0101	1948.0101
24873	4	8876	1946.0101	1948.0101
33026	4	429	1946.0101	1948.0101
17802	4	588	1946.0101	1948.0101
1034	4	1766	1946.0101	1948.0101
25509	4	25	1946.0101	1948.0101
29650	4	3606	1946.0101	1948.0101
34313	4	6732	1946.0101	1948.0101
37460	4	5140	1946.0101	1948.0101
29004	4	882	1946.0101	1948.0101
10292	4	5359	1946.0101	1948.0101
28255	4	2039	1946.0101	1948.0101
36499	4	9113	1946.0101	1948.0101
9145	4	8305	1946.0101	1948.0101
14071	4	8876	1946.0101	1948.0101
88	4	4753	1946.0101	1948.0101
8385	4	1263	1946.0101	1948.0101
16765	4	11247	1946.0101	1948.0101
34032	4	1676	1946.0101	1948.0101
2331	4	5398	1946.0101	1948.0101
41296	4	1727	1946.0101	1948.0101
20836	4	552	1946.0101	1948.0101
31767	4	2423	1946.0101	1948.0101
12960	4	3087	1946.0101	1948.0101
15046	4	4491	1946.0101	1948.0101
39683	4	8108	1946.0101	1948.0101
1141	4	1057	1946.0101	1948.0101
34732	4	6479	1946.0101	1948.0101
19253	4	7207	1946.0101	1948.0101
10660	4	2471	1946.0101	1948.0101
1793	4	14668	1946.0101	1948.0101
37811	4	4753	1946.0101	1948.0101
369	4	1040	1946.0101	1948.0101
24590	4	312	1946.0101	1948.0101
1718	4	558	1946.0101	1948.0101
1645	4	7196	1946.0101	1948.0101
21667	4	8876	1946.0101	1949.0101
23401	4	1620	1946.0101	1949.0101
6253	4	11413	1946.0101	1949.0101
12786	4	616	1946.0101	1949.0101
25548	4	5140	1946.0101	1949.0101
14052	4	2471	1946.0101	1949.0101
22995	4	4796	1946.0101	1949.0101
8691	4	5706	1946.0101	1949.0101
31376	4	31377	1946.0101	1949.0101
11565	4	6570	1946.0101	1949.0101
32506	4	8876	1946.0101	1949.0101
18419	4	980	1946.0101	1949.0101
33062	4	9338	1946.0101	1949.0101
12416	4	2792	1946.0101	1949.0101
8875	4	2471	1946.0101	1949.0101
2672	4	8548	1946.0101	1949.0101
33608	4	5311	1946.0101	1949.0101
38737	4	6479	1946.0101	1949.0101
27383	4	3622	1946.0101	1949.0101
17663	4	5398	1946.0101	1949.0101
32155	4	3216	1946.0101	1949.0101
21574	4	1565	1946.0101	1949.0101
9300	4	4030	1946.0101	1949.0101
14876	4	5953	1946.0101	1949.0101
20235	4	558	1946.0101	1949.0101
25237	4	13878	1946.0101	1949.0101
14263	4	12011	1946.0101	1949.0101
8304	4	1676	1946.0101	1949.0101
39382	4	1263	1946.0101	1949.0101
30621	4	1040	1946.0101	1949.0101
20588	4	1057	1946.0101	1949.0101
42032	4	882	1946.0101	1949.0101
41204	4	6436	1946.0101	1949.0101
12344	4	1263	1946.0101	1949.0101
40452	4	14668	1946.0101	1949.0101
35758	4	3729	1946.0101	1949.0101
17754	4	2792	1946.0101	1949.0101
18954	4	2028	1946.0101	1949.0101
31771	4	2627	1946.0101	1949.0101
19864	4	2000	1946.0101	1949.0101
4375	4	9338	1946.0101	1949.0101
19135	4	20184	1946.0101	1949.0101
8615	4	6252	1946.0101	1949.0101
41268	4	5359	1946.0101	1949.0101
10793	4	2545	1946.0101	1949.0101
8608	4	616	1946.0101	1949.0101
16613	4	1781	1946.0101	1949.0101
30674	4	319	1946.0101	1949.0101
22013	4	2028	1946.0101	1949.0101
24954	4	1816	1946.0101	1949.0101
13473	4	15	1946.0101	1949.0101
27732	4	3087	1946.0101	1949.0101
11410	4	12011	1946.0101	1949.0101
13041	4	7649	1946.0101	1949.0101
4229	4	6405	1946.0101	1949.0101
5137	4	5138	1946.0101	1950.0101
11746	4	6339	1946.0101	1950.0101
15875	4	616	1946.0101	1950.0101
29611	4	29612	1946.0101	1950.0101
30243	4	4901	1946.0101	1950.0101
32230	4	3405	1946.0101	1950.0101
31621	4	15	1946.0101	1950.0101
34031	4	15129	1946.0101	1950.0101
1724	4	9347	1946.0101	1950.0101
34157	4	2000	1946.0101	1950.0101
34329	4	13958	1946.0101	1950.0101
27531	4	30784	1946.0101	1950.0101
36229	4	2028	1946.0101	1950.0101
5804	4	6455	1946.0101	1950.0101
9804	19	14699	1946.0101	1950.0101
26158	4	6570	1946.0101	1950.0101
2038	4	2039	1946.0101	1950.0101
1039	4	1040	1946.0101	1950.0101
36250	4	5140	1946.0101	1950.0101
10908	4	588	1946.0101	1950.0101
29008	4	1646	1946.0101	1950.0101
3077	4	1952	1946.0101	1950.0101
14699	19	9804	1946.0101	1950.0101
3339	4	3746	1946.0101	1950.0101
14283	4	3405	1946.0101	1950.0101
31771	4	5307	1946.0101	1950.0101
41010	4	321	1946.0101	1950.0101
19098	4	2000	1946.0101	1950.0101
9784	4	9347	1946.0101	1950.0101
37417	4	6436	1946.0101	1950.0101
35368	4	2792	1946.0101	1950.0101
35798	4	18901	1946.0101	1950.0101
32176	4	1620	1946.0101	1950.0101
2571	19	14468	1946.0101	1950.0101
16960	4	7398	1946.0101	1950.0101
5439	4	5191	1946.0101	1950.0101
22564	4	8876	1946.0101	1950.0101
19420	4	6216	1946.0101	1950.0101
25079	4	1620	1946.0101	1950.0101
28811	4	18607	1946.0101	1950.0101
10823	4	390	1946.0101	1951.0101
30220	4	4152	1946.0101	1951.0101
32024	4	1510	1946.0101	1951.0101
38095	4	29830	1946.0101	1951.0101
27754	19	37626	1946.0101	1951.0101
13887	4	882	1946.0101	1951.0101
30442	4	1766	1946.0101	1951.0101
22859	4	2547	1946.0101	1951.0101
5137	4	4125	1946.0101	1951.0101
1862	4	5307	1946.0101	1951.0101
3621	4	7649	1946.0101	1951.0101
7237	4	4753	1946.0101	1951.0101
33972	4	13878	1946.0101	1951.0101
8576	4	2028	1946.0101	1951.0101
19934	4	1128	1946.0101	1951.0101
19983	4	5706	1946.0101	1951.0101
10680	4	1267	1946.0101	1951.0101
30112	4	19762	1946.0101	1951.0101
33651	4	5140	1946.0101	1951.0101
42503	4	5440	1946.0101	1951.0101
18885	4	7649	1946.0101	1951.0101
28987	4	6172	1946.0101	1951.0101
6285	4	5035	1946.0101	1951.0101
5034	4	5035	1946.0101	1952.0101
13793	4	5311	1946.0101	1952.0101
30281	4	6636	1946.0101	1952.0101
33839	4	5035	1946.0101	1952.0101
16464	4	13878	1946.0101	1952.0101
4355	4	6436	1946.0101	1952.0101
35961	4	1952	1946.0101	1952.0101
3925	4	1920	1946.0101	1952.0101
12760	4	33	1946.0101	1952.0101
13107	4	89	1946.0101	1952.0101
21599	4	29612	1946.0101	1952.0101
34752	4	4491	1946.0101	1952.0101
9743	4	5035	1946.0101	1953.0101
30766	4	89	1946.0101	1953.0101
31926	4	247	1946.0101	1953.0101
19996	19	9451	1946.0101	1953.0101
27091	19	10839	1946.0101	1953.0101
29007	4	2627	1946.0101	1953.0101
26116	4	390	1946.0101	1953.0101
10839	19	27091	1946.0101	1953.0101
39915	4	91	1946.0101	1953.0101
35468	4	616	1946.0101	1953.0101
27831	4	522	1946.0101	1953.0101
19814	4	3405	1946.0101	1953.0101
14754	4	8305	1946.0101	1953.0101
39684	4	5035	1946.0101	1953.0101
15031	4	1374	1946.0101	1953.0101
26000	4	5030	1946.0101	1953.0101
9451	19	19996	1946.0101	1953.0101
8384	4	2133	1946.0101	1953.0101
34832	4	6216	1946.0101	1954.0101
498	4	522	1946.0101	1954.0101
10921	4	4152	1946.0101	1954.0101
31024	4	5035	1946.0101	1954.0101
5659	4	3405	1946.0101	1954.0101
37773	4	29612	1946.0101	1954.0101
12159	4	8548	1946.0101	1954.0101
8990	4	6216	1946.0101	1955.0101
13327	4	1374	1946.0101	1955.0101
28818	4	2809	1946.0101	1955.0101
20034	4	390	1946.0101	1955.0101
42385	4	390	1946.0101	1955.0101
22802	4	581	1946.0101	1955.0101
29918	4	6252	1946.0101	1956.0101
28973	4	9347	1946.0101	1956.0101
633	4	8548	1946.0101	1956.0101
39589	4	29612	1946.0101	1956.0101
8009	4	5140	1946.0101	1956.0101
36913	4	4491	1946.0101	1956.0101
10239	4	1676	1946.0101	1956.0101
37431	4	2000	1946.0101	1956.0101
33030	4	588	1946.0101	1956.0101
19991	4	5118	1946.0101	1957.0101
24825	4	6436	1946.0101	1957.0101
14997	4	5575	1946.0101	1957.0101
26997	4	8305	1946.0101	1957.0101
42047	4	3729	1946.0101	1957.0101
30052	4	2000	1946.0101	1957.0101
38711	4	1792	1946.0101	1957.0101
18850	4	6339	1946.0101	1957.0101
17356	4	6636	1946.0101	1958.0101
12480	4	103	1946.0101	1958.0101
7057	4	30928	1946.0101	1958.0101
10689	4	29223	1946.0101	1958.0101
29331	4	1040	1946.0101	1958.0101
22745	4	558	1946.0101	1959.0101
40808	4	3562	1946.0101	1959.0101
18600	4	20064	1946.0101	1960.0101
39055	4	5748	1946.0101	1961.0101
15345	19	33819	1946.0101	1961.0101
13422	4	1374	1946.0101	1961.0101
26010	4	1792	1946.0101	1961.0101
26581	4	15769	1946.0101	1962.0101
35365	4	8548	1946.0101	1965.0101
18377	19	36531	1946.0101	1977.0101
6159	19	6160	1946.0101	1979.0101
6160	19	6159	1946.0101	1979.0101
15948	19	15497	1946.0101	1980.0101
15497	19	15948	1946.0101	1980.0101
7911	14	29557	1946.0101	1986.0101
11198	17	12707	1946.0101	1990.0101
17151	17	5911	1946.0101	1991.0203
22323	78	119	1946.0101	1993.1
27027	14	12782	1946.0101	1994.0101
14468	19	2571	1946.0103	1950.0821
1273	25	611	1946.0108	1946.0108
211	25	611	1946.0114	1946.0114
13	25	16870	1946.0117	1946.0117
827	15	21434	1946.012	1946.012
2413	15	347	1946.0123	1946.0123
9480	38	4222	1946.02	1946.02
23950	1	453	1946.0201	1946.0201
6583	85	6604	1946.0201	1946.0201
6604	65	6583	1946.0201	1946.0201
10398	85	6604	1946.0201	1946.0201
8558	41	4250	1946.0201	1948.0804
20292	1	6604	1946.0201	1949.0819
1351	1	6604	1946.0201	1949.0819
33540	21	6604	1946.0201	1949.082
37166	1	6604	1946.0201	1949.082
13655	21	6604	1946.0201	1949.082
14558	21	6604	1946.0201	1949.082
6604	12	1345	1946.0201	1949.082
32429	17	18015	1946.0209	1946.0209
410	17	18015	1946.0209	1946.0209
22055	113	41355	1946.0213	1952.0317
32903	25	652	1946.0214	1946.0214
15407	25	652	1946.0214	1946.0214
33698	25	652	1946.0214	1952.0912
11148	41	6751	1946.0218	1975.0506
37369	15	820	1946.0228	1946.0228
28639	15	2328	1946.0308	1946.0308
1802	25	611	1946.0311	1946.0311
20011	25	611	1946.0314	1946.0314
2003	25	611	1946.0314	1946.0314
15858	15	39141	1946.0316	1946.0316
15858	15	18589	1946.0316	1946.0316
16947	25	142	1946.0321	1946.0321
16947	15	1650	1946.0321	1946.0321
32101	15	1650	1946.0321	1946.0321
32101	25	142	1946.0321	1946.0321
10086	40	5504	1946.0328	1946.0328
10086	48	378	1946.0328	1978.0101
13295	14	9817	1946.04	1981.0
25761	25	652	1946.0404	1946.0404
14381	25	652	1946.0404	1946.0404
25413	25	652	1946.0404	1946.0404
8874	15	27381	1946.0406	1946.0406
41840	1	73	1946.0407	1991.1225
41840	44	716	1946.0407	1991.1225
2486	41	15198	1946.0412	1952.0228
1696	28	1709	1946.0421	1946.0421
1709	9	6715	1946.0422	1950.0725
1709	9	36583	1946.0422	1950.0725
3742	41	2819	1946.0423	1946.0423
26726	15	1112	1946.043	1946.043
37626	19	27754	1946.0502	1951.0125
2553	62	14027	1946.0509	1946.0618
6743	15	608	1946.0515	1946.0515
28420	41	26639	1946.0522	1947.0524
32916	220	37602	1946.0531	1946.0531
5878	15	197	1946.0531	1946.0531
3	27	1300	1946.0602	1946.0602
3419	3	7184	1946.0604	1950.0
3419	18	17765	1946.0604	1950.0
3067	41	6452	1946.0604	1955.0921
10117	15	820	1946.061	1946.061
748	41	296	1946.0611	1946.1127
18099	41	296	1946.0611	1946.1127
4776	21	2553	1946.0613	1946.0613
18478	21	2553	1946.0613	1946.0613
18478	21	3	1946.0613	1946.0613
4776	21	3	1946.0613	1946.0613
28580	41	5452	1946.0617	1952.0815
3924	1	3	1946.0618	1946.0618
4425	1	3	1946.0618	1946.0618
630	1	3	1946.0618	1946.0618
3	109	17589	1946.0618	1946.0618
3924	44	3	1946.0618	1946.0618
11325	1	3	1946.0618	1946.0618
4425	44	3	1946.0618	1946.0618
9132	1	3	1946.0618	1946.0618
12605	1	3	1946.0618	2014.1231
41900	15	8065	1946.0625	1946.0625
6222	66	1011	1946.0625	1991.0619
2176	70	19465	1946.0702	1948.0615
143	66	414	1946.0704	1948.0717
28052	116	16282	1946.0707	1946.0707
40800	41	35177	1946.0709	1947.0305
32886	41	21487	1946.0716	1951.0827
7277	70	11530	1946.0724	1947.0422
11530	41	23595	1946.0724	1947.0422
23595	80	11530	1946.0724	1947.0422
25803	19	25804	1946.0724	1949.0509
25804	19	25803	1946.0724	1949.0509
8031	9	29353	1946.0724	1949.1129
33819	19	15345	1946.081	1961.122
213	44	30015	1946.0823	1937.0401
2911	44	7277	1946.0823	1946.0823
26878	29	4109	1946.0823	1946.0823
26878	29	7277	1946.0823	1946.0823
213	44	4655	1946.0823	1946.0823
26878	29	4655	1946.0823	1946.0823
26878	29	30015	1946.0823	1946.0823
1536	44	26878	1946.0823	1947.0101
4655	44	26878	1946.0823	1947.0101
7277	44	26878	1946.0823	1947.0101
11207	34	4655	1946.0823	1952.0725
8407	44	1536	1946.0823	2004.1231
9779	44	7769	1946.083	1946.083
21167	44	7769	1946.083	1946.083
20855	44	7769	1946.083	1946.083
32716	76	2303	1946.0913	1957.1
33830	4	25112	1946.0914	1949.0921
9974	4	9975	1946.0914	1949.0924
24367	41	2819	1946.0915	1968.0131
6341	3	2260	1946.1	1947.11
17044	1	641	1946.1001	1946.1001
5016	70	16878	1946.1004	1951.063
32886	40	774	1946.1009	1946.1009
11713	41	1241	1946.1011	1969.1001
11713	41	1000	1946.1011	1969.1014
1000	80	11713	1946.1011	1969.1014
25383	25	7667	1946.1012	1961.0308
1001	48	3912	1946.1013	1946.1013
26961	25	652	1946.1024	1946.1024
5281	25	652	1946.1024	1946.1024
26878	29	1536	1946.1101	1946.1101
26878	29	18074	1946.1101	1946.1101
183	44	18074	1946.1101	1946.1101
26984	44	18074	1946.1101	1946.1101
11207	34	1536	1946.1101	1952.0725
5040	25	1577	1946.1104	1946.1104
553	25	1577	1946.1104	1946.1104
211	25	1577	1946.1104	1946.1104
113	25	1577	1946.1104	1946.1104
1798	25	1577	1946.1104	1946.1104
814	25	1577	1946.1104	1946.1104
641	25	1577	1946.1104	1946.1104
364	25	1577	1946.1104	1946.1104
796	25	1577	1946.1104	1946.1104
1809	25	1577	1946.1104	1946.1104
862	25	1577	1946.1104	1956.1231
13	25	1577	1946.1104	1984.1231
15180	41	296	1946.1106	1946.061
47	25	1577	1946.1106	1946.1106
1111	15	5498	1946.1106	1946.1106
642	25	1577	1946.1113	1946.1113
1960	25	1577	1946.1116	1946.1116
9796	44	13302	1946.1118	1949.042
637	25	333	1946.1119	1946.1119
326	25	333	1946.1119	1946.1119
9865	25	333	1946.1119	1946.1119
414	25	1577	1946.1121	1946.1121
3085	25	1577	1946.1121	1946.1121
109	70	3838	1946.1122	1953.1202
2616	25	1577	1946.1125	1946.1125
4353	3	42304	1946.1126	1947.07
8299	41	296	1946.1128	1951.0703
15180	41	296	1946.1128	1951.0703
18099	41	296	1946.1128	1951.0704
1247	25	1577	1946.1129	1946.1129
12719	70	39034	1946.12	1949.1
8454	112	35749	1946.1201	1946.1201
7584	41	19739	1946.1201	1959.1126
13894	25	652	1946.1205	1946.1205
8986	48	35878	1946.1207	1946.1207
25925	15	1501	1946.1216	1946.1216
11025	25	611	1946.1224	1946.1224
8538	15	197	1946.1225	1946.1225
2616	25	611	1946.123	1946.123
3460	21	2529	1947.0	1947.0
3460	21	553	1947.0	1947.0
6908	21	2529	1947.0	1947.0
11208	21	553	1947.0	1947.0
15361	15	451	1947.0	1947.0
18668	21	553	1947.0	1947.0
4941	15	347	1947.0	1947.0
19033	71	856	1947.0	1947.0
19547	15	19548	1947.0	1947.0
11333	21	13	1947.0	1947.0
2536	15	8004	1947.0	1947.0
4932	21	2529	1947.0	1947.0
3185	15	9957	1947.0	1947.0
22697	15	22698	1947.0	1947.0
24809	15	1252	1947.0	1947.0
6117	3	886	1947.0	1947.0
27862	17	1709	1947.0	1947.0
16644	15	1252	1947.0	1947.0
21175	32	15830	1947.0	1947.0
29565	19	27507	1947.0	1947.0
30868	109	4478	1947.0	1947.0
25516	15	347	1947.0	1947.0
7635	15	486	1947.0	1947.0
25860	3	20447	1947.0	1947.0
4932	21	553	1947.0	1947.0
8695	15	792	1947.0	1947.0
12747	15	1856	1947.0	1947.0
1108	21	2529	1947.0	1947.0
20907	21	2529	1947.0	1947.0
31505	3	25532	1947.0	1947.0
20764	15	1252	1947.0	1947.0
4257	15	1252	1947.0	1947.0
32914	21	2529	1947.0	1947.0
10117	17	728	1947.0	1947.0
33227	3	9999	1947.0	1947.0
34179	21	2529	1947.0	1947.0
37091	21	553	1947.0	1947.0
30780	15	451	1947.0	1947.0
10600	3	20639	1947.0	1947.0
24499	3	1017	1947.0	1947.0
25168	21	6437	1947.0	1947.0
18686	44	8407	1947.0	1947.0
32914	21	553	1947.0	1947.0
3123	15	21428	1947.0	1947.0
3185	15	5058	1947.0	1947.0
2298	15	1252	1947.0	1947.0
31393	33	673	1947.0	1947.0
35806	15	1249	1947.0	1947.0
20908	21	2529	1947.0	1947.0
23392	15	2491	1947.0	1947.0
337	30	15890	1947.0	1947.0
17179	25	142	1947.0	1947.0
41276	3	886	1947.0	1947.0
12968	4	37078	1947.0	1947.0
14172	15	1252	1947.0	1947.0
20907	21	553	1947.0	1947.0
1108	21	553	1947.0	1947.0
31049	3	2296	1947.0	1947.0
10315	15	14980	1947.0	1947.0
13300	15	1772	1947.0	1947.0
819	15	1252	1947.0	1947.0
40466	25	1394	1947.0	1947.0
27575	21	553	1947.0	1947.0
27575	21	2529	1947.0	1947.0
11208	21	2529	1947.0	1947.0
36038	14	14458	1947.0	1947.0
2868	21	2529	1947.0	1947.0
2868	21	553	1947.0	1947.0
6908	21	553	1947.0	1947.0
6118	15	820	1947.0	1947.0
6448	15	1252	1947.0	1947.0
7043	15	451	1947.0	1947.0
29869	3	115	1947.0	1947.0
7043	15	1252	1947.0	1947.0
878	15	8004	1947.0	1947.0
6118	15	1252	1947.0	1947.0
2104	15	42242	1947.0	1947.0
37448	21	2529	1947.0	1947.0
37448	21	553	1947.0	1947.0
24809	15	1772	1947.0	1947.0
14496	3	427	1947.0	1947.0
20916	15	1252	1947.0	1947.0
39746	3	115	1947.0	1947.0
20243	25	142	1947.0	1947.0
31312	16	1746	1947.0	1947.0
32201	3	7800	1947.0	1947.0
4721	3	2613	1947.0	1947.0
2867	21	2529	1947.0	1947.0
2867	21	553	1947.0	1947.0
18686	44	8408	1947.0	1947.0
37091	21	2529	1947.0	1947.0
31765	112	2861	1947.0	1947.0
26878	29	14047	1947.0	1947.0
503	30	27995	1947.0	1947.0
11971	15	1487	1947.0	1947.0
22731	15	451	1947.0	1947.0
24499	3	550	1947.0	1947.0
19192	15	1772	1947.0	1947.0
24499	14	2312	1947.0	1947.0
1713	3	115	1947.0	1947.0
20001	30	13491	1947.0	1947.0
29367	3	5038	1947.0	1947.0
12107	15	3065	1947.0	1947.0
24157	3	15324	1947.0	1947.0
17462	15	2491	1947.0	1947.0
5293	17	12707	1947.0	1947.0
39369	21	553	1947.0	1947.0
28684	30	36995	1947.0	1947.0
40662	21	2529	1947.0	1947.0
25149	15	451	1947.0	1947.0
40662	21	553	1947.0	1947.0
10855	15	2257	1947.0	1947.0
9563	3	4718	1947.0	1947.0
39369	21	2529	1947.0	1947.0
10855	15	1772	1947.0	1947.0
27507	19	29565	1947.0	1947.0
15361	15	1252	1947.0	1947.0
20908	21	553	1947.0	1947.0
2114	15	21428	1947.0	1947.0
2789	15	1252	1947.0	1947.0
7699	3	2260	1947.0	1947.0
27877	21	2529	1947.0	1947.0
31393	33	4332	1947.0	1947.0
11530	17	15717	1947.0	1947.0
1771	15	1252	1947.0	1947.0
3686	4	7602	1947.0	1947.0
13815	15	1252	1947.0	1947.0
14921	3	8653	1947.0	1947.0
27877	21	553	1947.0	1947.0
6058	30	11646	1947.0	1947.0
18668	21	2529	1947.0	1947.0
9797	3	11947	1947.0	1947.0
25087	21	553	1947.0	1947.0
34179	21	553	1947.0	1947.0
31519	4	31520	1947.0	1948.0
998	41	482	1947.0	1948.0
12616	33	22736	1947.0	1948.0
12079	4	19784	1947.0	1948.0
24261	4	9508	1947.0	1948.0
10399	14	9964	1947.0	1948.0
3185	41	4626	1947.0	1948.0
27963	3	7904	1947.0	1949.0
12961	41	3698	1947.0	1949.0
33004	33	113	1947.0	1949.0
28863	14	392	1947.0	1949.0
31676	33	3095	1947.0	1949.0
26072	41	3698	1947.0	1949.0
9816	14	16448	1947.0	1950.0
34245	14	5038	1947.0	1950.0
31318	3	408	1947.0	1950.0
32700	19	38081	1947.0	1950.0101
8718	41	455	1947.0	1951.0
11295	3	11284	1947.0	1952.0
10088	4	4206	1947.0	1953.0
14902	19	21352	1947.0	1953.0
9657	41	3698	1947.0	1954.0
17260	17	9940	1947.0	1955.0
7443	14	1894	1947.0	1956.0
9255	17	59	1947.0	1959.0
33655	14	9817	1947.0	1960.0
17834	14	26996	1947.0	1961.0
27234	113	10134	1947.0	1961.1115
18397	33	11234	1947.0	1963.0801
9303	46	11488	1947.0	1966.0
10504	25	14366	1947.0	1967.0
24674	154	8987	1947.0	1968.0
27389	19	30489	1947.0	1968.0
16994	21	2901	1947.0	1971.0
32265	21	2901	1947.0	1971.0
32534	33	383	1947.0	1983.0
8177	33	673	1947.0	1989.0
28667	19	39079	1947.0	1989.102
27305	33	648	1947.0	1996.0
4286	48	7970	1947.0	2017.1216
34327	21	553	1947.0	2018.0
13759	42	8089	1947.01	1947.01
9486	4	6405	1947.0101	1947.0101
13840	4	2315	1947.0101	1947.0101
14835	4	4196	1947.0101	1947.0101
15139	4	980	1947.0101	1947.0101
5165	15	7523	1947.0101	1947.0101
26715	3	8689	1947.0101	1947.0101
16271	4	15769	1947.0101	1947.0101
8276	16	1746	1947.0101	1947.0101
7628	4	8648	1947.0101	1947.0101
15205	4	14668	1947.0101	1947.0101
21112	15	5967	1947.0101	1947.0101
16105	16	1746	1947.0101	1947.0101
33025	4	10779	1947.0101	1947.0101
32977	4	7649	1947.0101	1947.0101
7427	15	3577	1947.0101	1947.0101
338	16	337	1947.0101	1947.0101
14818	4	13847	1947.0101	1947.0101
23585	4	2028	1947.0101	1947.0101
31876	4	1727	1947.0101	1947.0101
11319	16	1746	1947.0101	1947.0101
18330	4	9155	1947.0101	1947.0101
11246	4	5660	1947.0101	1947.0101
37417	4	1766	1947.0101	1947.0101
488	25	1577	1947.0101	1947.0101
7617	15	7955	1947.0101	1947.0101
33025	4	1646	1947.0101	1947.0101
8695	15	13484	1947.0101	1947.0101
39199	16	1746	1947.0101	1947.0101
36305	15	22551	1947.0101	1947.0101
19441	4	7649	1947.0101	1947.0101
4584	4	1565	1947.0101	1947.0101
32007	4	172	1947.0101	1947.0101
32962	71	13744	1947.0101	1947.0101
14660	4	4206	1947.0101	1947.0101
13532	4	4206	1947.0101	1947.0101
40659	15	3304	1947.0101	1947.0101
29588	4	11520	1947.0101	1947.0101
33201	4	9306	1947.0101	1947.0101
27553	4	260	1947.0101	1947.0101
11712	4	558	1947.0101	1947.0101
16768	40	11649	1947.0101	1947.0101
25164	4	8437	1947.0101	1947.0101
20904	15	34693	1947.0101	1947.0101
4760	4	24885	1947.0101	1947.0101
30798	15	3493	1947.0101	1947.0101
26446	15	655	1947.0101	1947.0101
37514	4	33	1947.0101	1947.0101
37050	4	5311	1947.0101	1947.0101
28314	15	20058	1947.0101	1947.0101
17119	4	11685	1947.0101	1947.0101
10744	16	503	1947.0101	1947.0101
26777	16	1746	1947.0101	1947.0101
39795	4	7649	1947.0101	1947.0101
37082	4	1040	1947.0101	1947.0101
33677	15	6846	1947.0101	1947.0101
13227	4	5191	1947.0101	1947.0101
13245	15	18869	1947.0101	1947.0101
26072	16	1746	1947.0101	1947.0101
23160	3	886	1947.0101	1947.0101
41352	4	2792	1947.0101	1947.0101
14381	16	1746	1947.0101	1947.0101
33025	4	390	1947.0101	1947.0101
11646	15	6058	1947.0101	1947.0101
7872	15	19410	1947.0101	1947.0101
29994	3	8689	1947.0101	1947.0101
1052	4	5660	1947.0101	1947.0101
9120	32	18877	1947.0101	1947.0101
38948	4	100	1947.0101	1947.0101
29545	4	390	1947.0101	1947.0101
38948	4	41118	1947.0101	1947.0101
10096	16	1746	1947.0101	1947.0101
33103	4	1766	1947.0101	1947.0101
7261	3	8689	1947.0101	1947.0101
15117	15	655	1947.0101	1947.0101
18877	32	9120	1947.0101	1947.0101
7931	123	20382	1947.0101	1947.0101
8695	15	7955	1947.0101	1947.0101
40528	15	1201	1947.0101	1947.0101
27293	4	6033	1947.0101	1947.0101
1124	4	1125	1947.0101	1948.0101
2027	4	2028	1947.0101	1948.0101
6209	4	6210	1947.0101	1948.0101
6789	4	100	1947.0101	1948.0101
8849	4	100	1947.0101	1948.0101
8163	4	5307	1947.0101	1948.0101
5564	4	10996	1947.0101	1948.0101
17983	3	1548	1947.0101	1948.0101
20772	4	2792	1947.0101	1948.0101
17543	4	22340	1947.0101	1948.0101
23294	4	6044	1947.0101	1948.0101
15774	4	27343	1947.0101	1948.0101
15590	4	2028	1947.0101	1948.0101
28669	4	15032	1947.0101	1948.0101
29284	4	2982	1947.0101	1948.0101
30197	4	15584	1947.0101	1948.0101
30684	4	1263	1947.0101	1948.0101
14082	4	13042	1947.0101	1948.0101
33960	4	8108	1947.0101	1948.0101
32007	4	12529	1947.0101	1948.0101
30042	4	3900	1947.0101	1948.0101
29473	4	5035	1947.0101	1948.0101
36373	4	1130	1947.0101	1948.0101
36411	4	2028	1947.0101	1948.0101
8842	4	1676	1947.0101	1948.0101
17680	4	1646	1947.0101	1948.0101
20900	4	588	1947.0101	1948.0101
25466	4	2792	1947.0101	1948.0101
38006	4	1263	1947.0101	1948.0101
33398	4	4206	1947.0101	1948.0101
35985	4	1374	1947.0101	1948.0101
3328	4	172	1947.0101	1948.0101
6368	4	25	1947.0101	1948.0101
18278	4	6455	1947.0101	1948.0101
26103	4	39136	1947.0101	1948.0101
16294	4	370	1947.0101	1948.0101
14022	4	2435	1947.0101	1948.0101
39335	4	4030	1947.0101	1948.0101
15568	4	2471	1947.0101	1948.0101
10582	4	1128	1947.0101	1948.0101
33312	4	1792	1947.0101	1948.0101
31749	4	10987	1947.0101	1948.0101
13384	4	2435	1947.0101	1948.0101
9486	4	36339	1947.0101	1948.0101
25415	4	370	1947.0101	1948.0101
9514	4	3701	1947.0101	1948.0101
32938	4	14212	1947.0101	1948.0101
34711	4	12011	1947.0101	1948.0101
34417	4	29360	1947.0101	1948.0101
4705	4	6732	1947.0101	1948.0101
23586	4	6068	1947.0101	1948.0101
21399	4	4901	1947.0101	1948.0101
13723	4	3087	1947.0101	1948.0101
17213	4	889	1947.0101	1948.0101
37979	4	1766	1947.0101	1948.0101
29853	4	321	1947.0101	1948.0101
32740	4	2028	1947.0101	1948.0101
35896	4	10779	1947.0101	1948.0101
24402	4	5151	1947.0101	1948.0101
23846	4	3596	1947.0101	1948.0101
29091	4	27343	1947.0101	1948.0101
19394	4	37495	1947.0101	1948.0101
27496	4	1057	1947.0101	1948.0101
23631	4	1263	1947.0101	1948.0101
3605	4	15032	1947.0101	1948.0101
13423	4	25913	1947.0101	1948.0101
20632	4	566	1947.0101	1948.0101
26447	4	889	1947.0101	1948.0101
11712	4	15244	1947.0101	1948.0101
38151	4	6479	1947.0101	1948.0101
41323	4	11520	1947.0101	1948.0101
35134	4	4206	1947.0101	1948.0101
27284	4	14668	1947.0101	1948.0101
33068	4	6455	1947.0101	1948.0101
16450	4	588	1947.0101	1948.0101
17945	4	6252	1947.0101	1948.0101
33927	4	8727	1947.0101	1948.0101
3132	4	2792	1947.0101	1948.0101
27353	4	14212	1947.0101	1948.0101
3953	4	9347	1947.0101	1948.0101
20363	4	9276	1947.0101	1948.0101
4760	4	8305	1947.0101	1948.0101
28249	4	4206	1947.0101	1948.0101
9925	4	29560	1947.0101	1948.0101
19521	4	1057	1947.0101	1948.0101
10391	4	1130	1947.0101	1948.0101
1930	4	429	1947.0101	1948.0101
41121	4	5307	1947.0101	1948.0101
28896	4	12529	1947.0101	1948.0101
40163	4	558	1947.0101	1948.0101
16510	4	1321	1947.0101	1948.0101
15487	4	11520	1947.0101	1948.0101
8311	4	1100	1947.0101	1948.0101
2042	4	321	1947.0101	1948.0101
35458	4	6436	1947.0101	1948.0101
1129	4	30277	1947.0101	1948.0101
38544	4	4030	1947.0101	1948.0101
40473	4	980	1947.0101	1948.0101
14274	4	321	1947.0101	1948.0101
31628	4	3087	1947.0101	1948.0101
19429	4	5307	1947.0101	1948.0101
37050	4	4901	1947.0101	1948.0101
1127	4	1952	1947.0101	1948.0101
18876	4	6216	1947.0101	1948.0101
16413	4	6044	1947.0101	1948.0101
8221	4	3596	1947.0101	1948.0101
3466	4	2471	1947.0101	1948.0101
1564	4	1374	1947.0101	1948.0101
36730	4	1100	1947.0101	1948.0101
13227	4	1510	1947.0101	1948.0101
22124	4	5118	1947.0101	1948.0101
21984	4	13420	1947.0101	1948.0101
22173	4	4196	1947.0101	1948.0101
25751	4	4531	1947.0101	1948.0101
2824	4	3746	1947.0101	1948.0101
39007	4	2471	1947.0101	1948.0101
5886	4	6570	1947.0101	1948.0101
22253	4	37108	1947.0101	1948.0101
40934	4	8108	1947.0101	1948.0101
2766	4	13878	1947.0101	1948.0101
18727	4	260	1947.0101	1948.0101
26332	4	321	1947.0101	1948.0101
32139	4	558	1947.0101	1948.0101
10865	4	552	1947.0101	1948.0101
9046	4	1565	1947.0101	1948.0101
20912	4	5134	1947.0101	1948.0101
26174	4	6732	1947.0101	1948.0101
8404	4	6479	1947.0101	1948.0101
41731	4	5191	1947.0101	1948.0101
18590	4	38140	1947.0101	1948.0101
42456	4	2982	1947.0101	1948.0101
20221	4	39136	1947.0101	1948.0101
39889	4	370	1947.0101	1948.0101
7830	4	522	1947.0101	1948.0101
23199	4	4152	1947.0101	1948.0101
23585	4	8305	1947.0101	1948.0101
42493	4	3729	1947.0101	1948.0101
15774	4	566	1947.0101	1948.0101
28809	4	172	1947.0101	1948.0101
7450	4	6405	1947.0101	1948.0101
35046	4	14668	1947.0101	1948.0101
5754	4	1741	1947.0101	1948.0101
29486	4	24211	1947.0101	1948.0101
3478	4	6405	1947.0101	1948.0101
13722	4	6479	1947.0101	1948.0101
42589	4	33	1947.0101	1948.0101
24851	4	6252	1947.0101	1948.0101
18798	4	2133	1947.0101	1948.0101
42598	4	3216	1947.0101	1948.0101
35008	4	616	1947.0101	1948.0101
19737	4	2133	1947.0101	1948.0101
32977	4	319	1947.0101	1948.0101
24898	4	15769	1947.0101	1948.0101
28507	4	1741	1947.0101	1948.0101
4153	4	37108	1947.0101	1948.0101
7469	3	1548	1947.0101	1948.0101
1675	4	1676	1947.0101	1949.0101
10559	4	10560	1947.0101	1949.0101
10793	4	260	1947.0101	1949.0101
14895	4	1792	1947.0101	1949.0101
15041	4	15042	1947.0101	1949.0101
24126	4	588	1947.0101	1949.0101
20763	4	6570	1947.0101	1949.0101
12901	4	13439	1947.0101	1949.0101
23545	4	5398	1947.0101	1949.0101
29359	4	29360	1947.0101	1949.0101
29400	4	6236	1947.0101	1949.0101
5668	4	24875	1947.0101	1949.0101
16030	4	8148	1947.0101	1949.0101
13441	4	2435	1947.0101	1949.0101
32227	4	2471	1947.0101	1949.0101
32354	4	1477	1947.0101	1949.0101
15139	4	3087	1947.0101	1949.0101
13644	4	9276	1947.0101	1949.0101
17100	4	1374	1947.0101	1949.0101
27811	4	6405	1947.0101	1949.0101
22750	4	13958	1947.0101	1949.0101
36729	4	889	1947.0101	1949.0101
27855	4	5398	1947.0101	1949.0101
3472	4	522	1947.0101	1949.0101
30825	4	6732	1947.0101	1949.0101
28678	4	4206	1947.0101	1949.0101
29545	4	4901	1947.0101	1949.0101
24484	4	2547	1947.0101	1949.0101
7086	4	1374	1947.0101	1949.0101
1126	4	4206	1947.0101	1949.0101
11610	4	12216	1947.0101	1949.0101
31770	4	10631	1947.0101	1949.0101
35441	4	6216	1947.0101	1949.0101
39606	4	3216	1947.0101	1949.0101
14815	4	1781	1947.0101	1949.0101
4091	4	2547	1947.0101	1949.0101
10338	4	429	1947.0101	1949.0101
29007	4	15129	1947.0101	1949.0101
12538	4	6732	1947.0101	1949.0101
26662	4	370	1947.0101	1949.0101
6484	4	15047	1947.0101	1949.0101
15901	4	100	1947.0101	1949.0101
12644	4	2547	1947.0101	1949.0101
32783	4	25339	1947.0101	1949.0101
25178	4	3729	1947.0101	1949.0101
29123	4	319	1947.0101	1949.0101
35073	4	2138	1947.0101	1949.0101
14647	4	9926	1947.0101	1949.0101
22735	4	5035	1947.0101	1949.0101
10396	4	1781	1947.0101	1949.0101
28433	4	10281	1947.0101	1949.0101
25674	4	4196	1947.0101	1949.0101
7356	4	3900	1947.0101	1949.0101
25772	4	4196	1947.0101	1949.0101
37379	4	6172	1947.0101	1949.0101
39914	4	1727	1947.0101	1949.0101
18039	4	9155	1947.0101	1949.0101
23171	4	11685	1947.0101	1949.0101
11246	4	11685	1947.0101	1949.0101
11290	4	1727	1947.0101	1949.0101
23363	4	889	1947.0101	1949.0101
18080	4	464	1947.0101	1949.0101
28000	4	8289	1947.0101	1949.0101
29328	4	4614	1947.0101	1949.0101
26635	4	882	1947.0101	1949.0101
14756	4	1510	1947.0101	1949.0101
42207	4	2138	1947.0101	1949.0101
22943	4	1727	1947.0101	1949.0101
41586	4	2028	1947.0101	1949.0101
24562	4	6636	1947.0101	1949.0101
42305	4	247	1947.0101	1949.0101
9998	4	7432	1947.0101	1949.0101
39998	4	247	1947.0101	1949.0101
35972	4	20177	1947.0101	1949.0101
29496	4	3425	1947.0101	1949.0101
13888	4	6455	1947.0101	1949.0101
4219	4	10466	1947.0101	1949.0101
12683	4	260	1947.0101	1949.0101
35287	4	882	1947.0101	1949.0101
33926	4	2982	1947.0101	1949.0101
21802	4	1477	1947.0101	1949.0101
26271	4	6167	1947.0101	1949.0101
37851	4	15	1947.0101	1949.0101
31876	4	5440	1947.0101	1949.0101
1765	4	2471	1947.0101	1949.0101
5550	4	9896	1947.0101	1949.0101
31983	4	11685	1947.0101	1949.0101
6270	4	45	1947.0101	1949.0101
28734	4	6339	1947.0101	1949.0101
10630	4	5706	1947.0101	1949.0101
32122	4	41118	1947.0101	1949.0101
27168	4	8727	1947.0101	1949.0101
29913	4	2043	1947.0101	1949.0101
5668	4	35251	1947.0101	1949.0101
29040	4	100	1947.0101	1949.0101
10267	4	15	1947.0101	1949.0101
10529	4	882	1947.0101	1949.0101
7277	44	8707	1947.0101	1949.0408
109	44	8707	1947.0101	1949.0408
14047	44	8707	1947.0101	1949.0408
4084	44	8707	1947.0101	1949.0408
7278	44	8707	1947.0101	1949.0408
1536	44	8707	1947.0101	1949.0408
4655	44	8707	1947.0101	1949.0523
10552	4	3836	1947.0101	1950.0101
11340	4	6405	1947.0101	1950.0101
20674	4	1267	1947.0101	1950.0101
18281	4	980	1947.0101	1950.0101
2492	4	5311	1947.0101	1950.0101
23346	4	21504	1947.0101	1950.0101
10886	4	5575	1947.0101	1950.0101
18212	4	4152	1947.0101	1950.0101
37905	4	2982	1947.0101	1950.0101
38948	4	698	1947.0101	1950.0101
13787	4	1920	1947.0101	1950.0101
35580	4	2028	1947.0101	1950.0101
40294	4	4796	1947.0101	1950.0101
4041	4	7196	1947.0101	1950.0101
34958	4	889	1947.0101	1950.0101
22150	4	15	1947.0101	1950.0101
2283	4	5311	1947.0101	1950.0101
38554	4	429	1947.0101	1950.0101
33745	4	7398	1947.0101	1950.0101
3600	4	6470	1947.0101	1950.0101
32666	4	6732	1947.0101	1950.0101
8680	4	2547	1947.0101	1950.0101
36892	4	3900	1947.0101	1950.0101
39112	4	5398	1947.0101	1950.0101
3790	4	14212	1947.0101	1950.0101
29932	4	11685	1947.0101	1950.0101
26496	4	5234	1947.0101	1950.0101
22589	4	15129	1947.0101	1950.0101
25813	4	1676	1947.0101	1950.0101
30052	4	6436	1947.0101	1950.0101
39860	4	2133	1947.0101	1950.0101
8479	4	24211	1947.0101	1950.0101
10408	4	882	1947.0101	1950.0101
38081	19	32700	1947.0101	1950.0101
15704	4	13439	1947.0101	1950.0101
881	4	15244	1947.0101	1950.0101
21124	3	1123	1947.0101	1950.0101
24681	4	1792	1947.0101	1950.0101
26058	4	2471	1947.0101	1950.0101
41352	4	882	1947.0101	1950.0101
4961	4	3596	1947.0101	1950.0101
11968	4	2435	1947.0101	1950.0101
42491	4	3562	1947.0101	1950.0101
21750	4	3135	1947.0101	1950.0101
18240	4	4580	1947.0101	1950.0101
37591	4	15039	1947.0101	1950.0101
24137	4	16760	1947.0101	1950.0101
15400	4	6339	1947.0101	1951.0101
28155	4	2471	1947.0101	1951.0101
23367	4	5191	1947.0101	1951.0101
14649	4	7649	1947.0101	1951.0101
31005	4	2028	1947.0101	1951.0101
31224	4	7398	1947.0101	1951.0101
22212	4	8437	1947.0101	1951.0101
2184	4	8148	1947.0101	1951.0101
14103	4	370	1947.0101	1951.0101
24790	4	889	1947.0101	1951.0101
17442	4	1792	1947.0101	1951.0101
2426	4	2545	1947.0101	1951.0101
31351	4	9350	1947.0101	1951.0101
24567	4	15	1947.0101	1951.0101
36196	4	4901	1947.0101	1951.0101
31870	4	15129	1947.0101	1951.0101
833	4	13878	1947.0101	1951.0101
40236	4	2471	1947.0101	1951.0101
12872	4	25	1947.0101	1951.0101
8902	4	260	1947.0101	1952.0101
21223	4	5307	1947.0101	1952.0101
25623	4	5140	1947.0101	1952.0101
5230	4	6636	1947.0101	1952.0101
15333	4	6732	1947.0101	1952.0101
12845	3	15208	1947.0101	1952.0101
35374	4	2792	1947.0101	1952.0101
13971	4	321	1947.0101	1952.0101
28451	4	5311	1947.0101	1952.0101
17259	4	4901	1947.0101	1952.0101
9307	4	1263	1947.0101	1952.0101
34530	4	1676	1947.0101	1952.0101
7248	19	7247	1947.0101	1952.0101
7247	19	7248	1947.0101	1952.0101
18444	4	5575	1947.0101	1952.0101
26778	4	5359	1947.0101	1953.0101
25351	4	3746	1947.0101	1953.0101
6027	4	4202	1947.0101	1953.0101
33947	19	34613	1947.0101	1953.0101
34613	19	33947	1947.0101	1953.0101
14332	4	172	1947.0101	1953.0101
13270	4	1727	1947.0101	1953.0101
40045	4	11413	1947.0101	1953.0101
21006	4	1620	1947.0101	1953.0101
41087	4	4753	1947.0101	1953.0101
39249	4	4901	1947.0101	1953.0101
41092	4	1781	1947.0101	1953.0101
29918	4	2000	1947.0101	1953.0101
35693	4	1646	1947.0101	1953.0101
42497	4	8548	1947.0101	1953.0101
21352	19	14902	1947.0101	1953.0101
40907	4	5191	1947.0101	1953.0101
14529	4	5575	1947.0101	1954.0101
35688	4	429	1947.0101	1954.0101
28019	4	2000	1947.0101	1954.0101
37933	4	2471	1947.0101	1954.0101
1919	4	3836	1947.0101	1954.0101
29172	4	4152	1947.0101	1954.0101
39214	4	9682	1947.0101	1954.0101
26956	4	24885	1947.0101	1955.0101
30450	4	5307	1947.0101	1955.0101
36884	4	5359	1947.0101	1955.0101
28301	4	6570	1947.0101	1955.0101
959	4	6570	1947.0101	1955.0101
17242	4	13862	1947.0101	1955.0101
35579	4	5035	1947.0101	1955.0101
8691	4	260	1947.0101	1956.0101
36039	4	1040	1947.0101	1956.0101
36938	4	4206	1947.0101	1956.0101
39813	4	5660	1947.0101	1957.0101
36023	4	321	1947.0101	1957.0101
4752	4	29612	1947.0101	1957.0101
15945	4	429	1947.0101	1958.0101
22881	4	15129	1947.0101	1958.0101
24870	4	27403	1947.0101	1959.0101
13422	4	260	1947.0101	1960.0101
2596	4	37004	1947.0101	1960.0101
12845	37	949	1947.0101	1966.0101
30489	19	27389	1947.0101	1968.0101
35056	19	17268	1947.0101	1973.0101
17268	19	35056	1947.0101	1973.0101
39736	19	7716	1947.0101	1976.0101
7716	19	39736	1947.0101	1976.0101
27618	33	13	1947.0101	1977.0101
6064	19	35987	1947.0101	1979.0101
35987	19	6064	1947.0101	1979.0101
20139	19	34795	1947.0101	1984.0101
34795	19	20139	1947.0101	1984.0101
4032	19	4033	1947.0101	1986.0101
4033	19	4032	1947.0101	1986.0101
39079	19	28667	1947.0101	1989.102
5344	19	5467	1947.0101	1991.0101
5467	19	5344	1947.0101	1991.0101
10395	33	13	1947.0101	2012.0219
36887	4	1550	1947.0118	1947.0118
27108	4	1550	1947.0118	1949.0115
12889	4	7554	1947.0118	1949.0319
40011	4	1550	1947.0118	1950.0325
12480	4	1550	1947.0118	1957.0202
16709	4	1550	1947.0118	1957.0323
17105	41	11316	1947.0121	1949.012
11316	80	17105	1947.0121	1949.012
10310	25	1577	1947.0122	1947.0122
440	25	1577	1947.0122	1947.0122
42464	4	26827	1947.0125	1958.0301
11642	15	451	1947.0127	1947.0127
18049	15	26834	1947.0131	1947.0131
102	4	1550	1947.0201	1948.0221
27372	4	1550	1947.0201	1951.031
7200	15	20946	1947.0204	1947.0204
27389	41	18199	1947.0206	1952.112
18662	4	7554	1947.0208	1947.0208
20056	40	34272	1947.0217	1947.0217
24123	19	37146	1947.0218	1953.0715
37146	19	24123	1947.0218	1953.0715
17125	4	17417	1947.0222	1947.0315
12719	44	18650	1947.0225	1949.1007
26266	44	18650	1947.0225	1949.1007
35574	44	12719	1947.0225	1950.0701
26266	34	6562	1947.0225	1952.0725
26266	34	8176	1947.0225	1952.0725
26266	34	11207	1947.0225	1952.0725
8176	34	26266	1947.0225	1952.0725
26266	34	1536	1947.0225	1952.0725
26266	34	12719	1947.0225	1952.0725
6562	34	26266	1947.0225	1952.0725
11207	34	26266	1947.0225	1952.0725
7366	15	1249	1947.0226	1947.0226
22094	15	20709	1947.03	1947.03
5510	3	2260	1947.03	1949.01
5040	25	611	1947.0311	1947.0311
34487	15	197	1947.0319	1947.0319
34487	15	336	1947.0319	1947.0319
8225	15	336	1947.0319	1947.0319
8225	15	197	1947.0319	1947.0319
18202	15	197	1947.0319	1947.0319
18202	15	336	1947.0319	1947.0319
7385	15	1650	1947.032	1947.032
17179	15	1650	1947.032	1947.032
7385	25	142	1947.032	1947.032
3391	44	716	1947.032	1958.0602
15812	4	1550	1947.0322	1951.041
3	25	611	1947.0327	1947.0327
30211	41	11812	1947.04	1947.04
2857	14	9817	1947.04	1981.0
1960	25	611	1947.041	1947.041
1798	25	611	1947.0414	1947.0414
34401	4	7554	1947.0419	1956.0414
796	62	19121	1947.042	1972.0114
19121	41	27817	1947.042	1972.0114
13432	33	5787	1947.05	2006.06
26894	14	26784	1947.0502	1960.0
475	109	4478	1947.0503	1947.0503
4941	15	1112	1947.0516	1947.0516
1736	36	21215	1947.0521	2015.0303
37369	15	197	1947.0609	1947.0609
8538	15	1856	1947.0612	1947.0612
12994	41	21487	1947.0612	1948.0922
7769	70	31240	1947.0613	1947.0709
20614	4	9975	1947.0628	1958.0118
2423	123	12981	1947.0701	1948.1231
10577	44	12719	1947.0701	1950.0701
41183	44	12719	1947.0701	1950.0701
3748	70	36020	1947.0703	1956.0
22978	48	11526	1947.071	1947.071
13253	40	21480	1947.0718	1966.1001
19061	116	16282	1947.072	1947.072
3178	21	1472	1947.0723	1949.1007
6242	15	820	1947.0806	1947.0806
11040	15	197	1947.081	1947.081
39528	21	2529	1947.0813	1947.0813
29641	21	2529	1947.0814	1947.0814
5278	21	2529	1947.0814	1947.0814
29897	21	2529	1947.0814	1947.0814
10476	21	2529	1947.0814	1947.0814
30518	21	2529	1947.0814	1947.0814
35504	21	2529	1947.0814	1947.0814
39528	21	553	1947.0814	1947.0814
19717	21	2529	1947.0814	1947.0814
11805	1	3070	1947.0814	1956.0322
10476	21	553	1947.0815	1947.0815
28447	21	2901	1947.0815	1947.0815
35504	21	553	1947.0815	1947.0815
553	84	864	1947.0815	1947.0815
5278	21	553	1947.0815	1947.0815
553	12	1345	1947.0815	1947.0815
2436	44	553	1947.0815	1947.0815
553	25	864	1947.0815	1947.0815
29897	21	553	1947.0815	1947.0815
19717	21	553	1947.0815	1947.0815
13657	44	553	1947.0815	1947.0815
30518	21	553	1947.0815	1947.0815
180	66	2436	1947.0815	1947.0815
42496	1	553	1947.0815	1947.0815
29641	21	553	1947.0815	1947.0815
42358	3	10312	1947.0826	1947.0826
1763	25	1577	1947.0829	1947.0829
11642	15	2257	1947.0906	1947.0906
16840	15	197	1947.0906	1947.0906
3788	1	2396	1947.0915	1991.0624
17624	50	4793	1947.0918	1947.0918
10738	15	1856	1947.0921	1947.0921
196	15	1856	1947.0921	1947.0921
4174	25	333	1947.093	1947.093
2901	25	333	1947.093	1947.093
10288	48	17950	1947.1008	1947.1008
387	70	572	1947.1019	1995.0619
2647	25	1577	1947.1027	1947.1027
11025	25	1577	1947.1031	1947.1031
25633	41	455	1947.11	1948.0901
13380	15	451	1947.1105	1947.1105
4257	15	1772	1947.1105	1947.1105
2114	15	347	1947.1106	1947.1106
2079	15	1112	1947.1106	1947.1106
3884	15	347	1947.1106	1947.1106
8538	15	1112	1947.1106	1947.1106
2404	15	1112	1947.1106	1947.1106
1802	25	1577	1947.1108	1947.1108
796	70	15134	1947.1113	1950.103
37179	4	17417	1947.1122	1953.0321
8698	15	197	1947.1201	1947.1201
3123	15	197	1947.1202	1947.1202
31260	19	14831	1947.121	1953.0828
14831	19	31260	1947.121	1953.0828
14828	44	9133	1947.1211	1947.1211
1845	70	29506	1947.1215	1955.1023
3174	25	1577	1947.1216	1947.1216
196	15	197	1947.1227	1947.1227
2577	15	2578	1948.0	1948.0
4929	38	4930	1948.0	1948.0
3410	3	1942	1948.0	1948.0
7332	40	7333	1948.0	1948.0
8517	15	2491	1948.0	1948.0
12072	3	3535	1948.0	1948.0
11274	15	197	1948.0	1948.0
17162	3	115	1948.0	1948.0
19902	57	235	1948.0	1948.0
337	30	11898	1948.0	1948.0
1248	14	12782	1948.0	1948.0
9600	15	8744	1948.0	1948.0
3185	40	2916	1948.0	1948.0
13276	14	23236	1948.0	1948.0
25925	19	6242	1948.0	1948.0
22040	15	1487	1948.0	1948.0
10537	15	1249	1948.0	1948.0
6058	30	16947	1948.0	1948.0
28102	3	9506	1948.0	1948.0
12747	15	12126	1948.0	1948.0
6242	19	25925	1948.0	1948.0
1005	3	2260	1948.0	1948.0
5299	1	235	1948.0	1948.0
20722	17	728	1948.0	1948.0
1708	17	4046	1948.0	1948.0
3321	15	14495	1948.0	1948.0
5604	17	728	1948.0	1948.0
34408	15	22803	1948.0	1948.0
2789	15	1252	1948.0	1948.0
14218	3	20585	1948.0	1948.0
4302	15	1112	1948.0	1948.0
35841	71	856	1948.0	1948.0
1661	25	864	1948.0	1948.0
144	1	235	1948.0	1948.0
36029	3	427	1948.0	1948.0
2386	22	137	1948.0	1948.0
7739	15	2491	1948.0	1948.0
3717	17	728	1948.0	1948.0
39309	15	2491	1948.0	1948.0
8797	15	1112	1948.0	1948.0
39777	15	18140	1948.0	1948.0
1313	15	23436	1948.0	1948.0
21633	3	1178	1948.0	1948.0
8440	41	4374	1948.0	1948.0
18140	30	39777	1948.0	1948.0
38792	3	5038	1948.0	1948.0
16471	3	4953	1948.0	1948.0
503	30	9173	1948.0	1948.0
30999	15	2328	1948.0	1948.0
37336	19	32762	1948.0	1948.0
761	30	19590	1948.0	1948.0
15781	15	1252	1948.0	1948.0
14092	3	115	1948.0	1948.0
31312	16	1746	1948.0	1948.0
31202	15	22698	1948.0	1948.0
8483	1	235	1948.0	1948.0
6488	3	4790	1948.0	1948.0
4022	33	6437	1948.0	1948.0
9625	3	2260	1948.0	1948.0
24274	33	113	1948.0	1948.0
31221	33	648	1948.0	1948.0
20752	3	21127	1948.0	1948.0
13300	15	197	1948.0	1948.0
9600	25	3689	1948.0	1948.0
21546	21	13	1948.0	1948.0
10471	15	24634	1948.0	1948.0
31681	15	19548	1948.0	1948.0
31681	15	14844	1948.0	1948.0
18493	15	1856	1948.0	1948.0
33227	3	9999	1948.0	1948.0
5403	41	4374	1948.0	1948.0
6743	15	1856	1948.0	1948.0
30780	15	1252	1948.0	1948.0
38386	3	5869	1948.0	1948.0
11270	30	27536	1948.0	1948.0
1010	3	8269	1948.0	1948.0
3410	14	12782	1948.0	1948.0
13999	15	25462	1948.0	1948.0
3410	14	13437	1948.0	1948.0
38884	3	3307	1948.0	1948.0
29606	38	207	1948.0	1948.0
29344	3	115	1948.0	1948.0
9707	3	3079	1948.0	1948.0
24643	25	142	1948.0	1948.0
7145	14	11216	1948.0	1948.0
8512	15	5711	1948.0	1948.0
35928	3	8852	1948.0	1948.0
5713	3	2403	1948.0	1948.0
2757	1	235	1948.0	1948.0
32762	19	37336	1948.0	1948.0
34258	3	115	1948.0	1948.0
26327	3	6415	1948.0	1948.0
29733	15	1252	1948.0	1948.0
11431	15	1252	1948.0	1948.0
20376	4	7602	1948.0	1948.0
38618	16	337	1948.0	1948.0
2578	30	2577	1948.0	1948.0
31537	3	1942	1948.0	1948.0
33840	33	119	1948.0	1948.0
4398	15	1252	1948.0	1948.0
4398	14	22362	1948.0	1948.0
4892	3	6415	1948.0	1948.0
9057	25	804	1948.0	1948.0
19192	15	1856	1948.0	1948.0
1487	30	372	1948.0	1948.0
5830	15	23436	1948.0	1948.0
12112	15	1252	1948.0	1948.0
9303	3	1848	1948.0	1948.0
12494	3	115	1948.0	1948.0
24234	41	4374	1948.0	1948.0
35325	71	25435	1948.0	1948.0
18220	15	1252	1948.0	1948.0
14597	19	3027	1948.0	1948.0
2114	3	2260	1948.0	1948.0
29780	3	5391	1948.0	1948.0
16239	3	5869	1948.0	1948.0
5582	15	7429	1948.0	1948.0
372	15	1487	1948.0	1948.0
2789	17	728	1948.0	1948.0
17065	15	1249	1948.0	1948.0
10221	32	2926	1948.0	1948.0
21624	71	856	1948.0	1948.0
29448	15	7209	1948.0	1948.0
21273	4	25986	1948.0	1949.0
20641	4	3386	1948.0	1949.0
28759	3	31046	1948.0	1949.0
12616	33	34130	1948.0	1949.0
13582	14	13583	1948.0	1950.0
15606	18	3342	1948.0	1950.0
19616	14	16448	1948.0	1950.0
20669	3	8508	1948.0	1950.0
27332	3	17017	1948.0	1950.0
38422	18	482	1948.0	1950.0
31969	14	16448	1948.0	1950.0
6637	33	34742	1948.0	1950.08
13894	41	3698	1948.0	1951.0
28072	33	203	1948.0	1951.0
13510	4	12893	1948.0	1951.0
24804	3	9738	1948.0	1951.0
13510	4	10437	1948.0	1952.0
2402	14	36766	1948.0	1952.0
14554	3	13213	1948.0	1952.06
10399	14	9817	1948.0	1952.11
35426	19	5594	1948.0	1953.0
37935	3	25472	1948.0	1953.0
36112	46	21206	1948.0	1953.0
28609	3	2059	1948.0	1953.0
39969	3	1942	1948.0	1953.0
31846	3	20974	1948.0	1953.0
42085	14	3517	1948.0	1954.0
25413	41	3698	1948.0	1955.0
39239	44	8559	1948.0	1955.0
8532	19	3410	1948.0	1956.0
4581	17	23116	1948.0	1956.0
29171	19	39965	1948.0	1956.0
3410	19	8532	1948.0	1956.0
39965	19	29171	1948.0	1956.0
29365	41	4626	1948.0	1956.0
21633	41	1954	1948.0	1956.0
9341	17	23116	1948.0	1956.0
23460	4	4037	1948.0	1959.0
8994	14	5038	1948.0	1959.0
19902	46	21206	1948.0	1959.0
9457	14	5038	1948.0	1961.0
36261	4	19024	1948.0	1962.0
25168	18	1007	1948.0	1962.0
38277	4	11332	1948.0	1963.0
33073	4	594	1948.0	1964.0
36926	4	37316	1948.0	1964.0
9560	3	4374	1948.0	1968.0
33014	4	1835	1948.0	1969.0
5618	21	73	1948.0	1974.0
2595	78	10758	1948.0	1974.0
24755	78	109	1948.0	1977.0
5254	46	5255	1948.0	1983.0
5254	14	34171	1948.0	1988.0
17522	25	804	1948.0	1994.0
24948	25	804	1948.0	1994.0718
7332	37	5909	1948.0	2006.0
235	117	2853	1948.0	2018.0719
4544	41	5453	1948.01	1951.09
3884	3	6415	1948.0101	1948.0101
4617	16	1504	1948.0101	1948.0101
13013	16	1746	1948.0101	1948.0101
13923	15	3577	1948.0101	1948.0101
15793	4	1727	1948.0101	1948.0101
21892	4	4196	1948.0101	1948.0101
18400	4	22786	1948.0101	1948.0101
6071	15	1504	1948.0101	1948.0101
17847	4	172	1948.0101	1948.0101
28761	4	91	1948.0101	1948.0101
28809	4	1130	1948.0101	1948.0101
30568	4	260	1948.0101	1948.0101
31147	15	31148	1948.0101	1948.0101
16943	4	24885	1948.0101	1948.0101
33398	4	5234	1948.0101	1948.0101
33568	4	7649	1948.0101	1948.0101
14085	16	1746	1948.0101	1948.0101
32786	3	8689	1948.0101	1948.0101
2574	15	15980	1948.0101	1948.0101
10836	15	655	1948.0101	1948.0101
23586	4	260	1948.0101	1948.0101
37317	16	337	1948.0101	1948.0101
27658	4	2000	1948.0101	1948.0101
37679	4	260	1948.0101	1948.0101
2292	15	19410	1948.0101	1948.0101
30450	4	2627	1948.0101	1948.0101
34341	4	1741	1948.0101	1948.0101
23631	4	15276	1948.0101	1948.0101
26072	16	1746	1948.0101	1948.0101
38614	15	1201	1948.0101	1948.0101
6633	3	8689	1948.0101	1948.0101
24674	16	1746	1948.0101	1948.0101
15205	4	10779	1948.0101	1948.0101
33201	4	8960	1948.0101	1948.0101
137	22	2386	1948.0101	1948.0101
29637	15	37703	1948.0101	1948.0101
16294	4	9306	1948.0101	1948.0101
25229	4	3216	1948.0101	1948.0101
41822	15	10687	1948.0101	1948.0101
33960	4	5134	1948.0101	1948.0101
8276	16	1746	1948.0101	1948.0101
23631	4	5234	1948.0101	1948.0101
18714	15	6846	1948.0101	1948.0101
16129	3	1942	1948.0101	1948.0101
28439	4	2423	1948.0101	1948.0101
11465	4	260	1948.0101	1948.0101
37732	16	1746	1948.0101	1948.0101
1504	30	6071	1948.0101	1948.0101
20363	4	4356	1948.0101	1948.0101
42047	4	24885	1948.0101	1948.0101
12190	4	7931	1948.0101	1948.0101
36887	4	8848	1948.0101	1948.0101
15487	4	9785	1948.0101	1948.0101
1283	3	8689	1948.0101	1948.0101
42107	15	655	1948.0101	1948.0101
16105	16	1746	1948.0101	1948.0101
16947	15	6058	1948.0101	1948.0101
42139	4	11685	1948.0101	1948.0101
37050	4	522	1948.0101	1948.0101
11319	16	1746	1948.0101	1948.0101
16413	4	26287	1948.0101	1948.0101
19918	15	34693	1948.0101	1948.0101
38614	15	5967	1948.0101	1948.0101
1127	4	5118	1948.0101	1948.0101
5977	4	24885	1948.0101	1948.0101
30934	15	38432	1948.0101	1948.0101
16654	15	30473	1948.0101	1948.0101
25415	4	2133	1948.0101	1948.0101
20425	15	655	1948.0101	1948.0101
3222	4	6033	1948.0101	1948.0101
27578	16	1746	1948.0101	1948.0101
38618	16	337	1948.0101	1948.0101
26777	16	1746	1948.0101	1948.0101
24874	4	4807	1948.0101	1948.0101
37703	30	29637	1948.0101	1948.0101
39335	4	2133	1948.0101	1948.0101
20578	14	1323	1948.0101	1948.0101
24484	4	260	1948.0101	1948.0101
41728	3	11714	1948.0101	1948.0101
41296	4	6436	1948.0101	1948.0101
13724	15	32992	1948.0101	1948.0101
10362	15	29388	1948.0101	1948.0101
12393	4	260	1948.0101	1948.0101
18805	4	6732	1948.0101	1948.0101
18183	4	100	1948.0101	1948.0101
26174	4	5359	1948.0101	1948.0101
20912	4	1766	1948.0101	1948.0101
1141	4	12426	1948.0101	1948.0101
14381	16	1746	1948.0101	1948.0101
10813	37	15558	1948.0101	1948.0101
42493	4	22276	1948.0101	1948.0101
11839	4	321	1948.0101	1948.0101
29353	15	7429	1948.0101	1948.0101
15321	15	6865	1948.0101	1948.0101
3027	19	14597	1948.0101	1948.0101
5526	4	260	1948.0101	1948.0101
28809	4	9306	1948.0101	1948.0101
18716	4	319	1948.0101	1948.0101
35853	4	9682	1948.0101	1948.0101
2926	32	10221	1948.0101	1948.0101
6368	4	6210	1948.0101	1948.0101
10096	16	1746	1948.0101	1948.0101
42598	4	18694	1948.0101	1948.0101
19590	15	761	1948.0101	1948.0101
35808	15	3348	1948.0101	1948.0101
791	16	1746	1948.0101	1948.0101
102	4	5200	1948.0101	1948.0101
1189	16	503	1948.0101	1948.0101
643	4	25	1948.0101	1949.0101
1645	4	1646	1948.0101	1949.0101
8404	4	2315	1948.0101	1949.0101
11712	4	8876	1948.0101	1949.0101
15568	4	247	1948.0101	1949.0101
3605	4	1057	1948.0101	1949.0101
18840	4	14212	1948.0101	1949.0101
9411	4	20754	1948.0101	1949.0101
11104	4	8727	1948.0101	1949.0101
7636	4	2471	1948.0101	1949.0101
22236	4	1646	1948.0101	1949.0101
24172	4	3900	1948.0101	1949.0101
24898	4	370	1948.0101	1949.0101
26710	4	15	1948.0101	1949.0101
6410	4	4580	1948.0101	1949.0101
3466	4	4807	1948.0101	1949.0101
11266	4	899	1948.0101	1949.0101
3328	4	6732	1948.0101	1949.0101
29572	4	7649	1948.0101	1949.0101
29821	4	13973	1948.0101	1949.0101
21223	4	2627	1948.0101	1949.0101
5526	4	7432	1948.0101	1949.0101
31492	4	100	1948.0101	1949.0101
32977	4	14650	1948.0101	1949.0101
25192	4	20157	1948.0101	1949.0101
1718	4	4753	1948.0101	1949.0101
8163	4	172	1948.0101	1949.0101
5886	4	7649	1948.0101	1949.0101
36088	4	8437	1948.0101	1949.0101
23358	4	1766	1948.0101	1949.0101
17524	4	37108	1948.0101	1949.0101
27496	4	9926	1948.0101	1949.0101
8425	4	6732	1948.0101	1949.0101
26143	4	5030	1948.0101	1949.0101
26103	4	558	1948.0101	1949.0101
23401	4	8437	1948.0101	1949.0101
31749	4	26288	1948.0101	1949.0101
16294	4	3746	1948.0101	1949.0101
28036	4	10779	1948.0101	1949.0101
6789	4	2138	1948.0101	1949.0101
40934	4	6732	1948.0101	1949.0101
29091	4	1057	1948.0101	1949.0101
13723	4	38559	1948.0101	1949.0101
36373	4	3729	1948.0101	1949.0101
8127	4	4901	1948.0101	1949.0101
2813	4	8108	1948.0101	1949.0101
27271	4	889	1948.0101	1949.0101
5977	4	2809	1948.0101	1949.0101
20664	4	1057	1948.0101	1949.0101
41731	4	3596	1948.0101	1949.0101
35868	4	4807	1948.0101	1949.0101
33960	4	2471	1948.0101	1949.0101
1281	4	6068	1948.0101	1949.0101
19394	4	15129	1948.0101	1949.0101
13423	4	18170	1948.0101	1949.0101
33611	4	3479	1948.0101	1949.0101
34223	4	8437	1948.0101	1949.0101
34711	4	7832	1948.0101	1949.0101
20632	4	1057	1948.0101	1949.0101
41314	4	1510	1948.0101	1949.0101
26447	4	13958	1948.0101	1949.0101
17241	4	9555	1948.0101	1949.0101
33405	4	25913	1948.0101	1949.0101
16904	4	12168	1948.0101	1949.0101
26101	4	24977	1948.0101	1949.0101
9514	4	4056	1948.0101	1949.0101
24787	4	5151	1948.0101	1949.0101
3953	4	1952	1948.0101	1949.0101
9925	4	27998	1948.0101	1949.0101
32938	4	9350	1948.0101	1949.0101
19521	4	429	1948.0101	1949.0101
28249	4	8580	1948.0101	1949.0101
20363	4	6436	1948.0101	1949.0101
1124	4	5809	1948.0101	1949.0101
2027	4	4796	1948.0101	1949.0101
28849	33	29	1948.0101	1949.0101
24873	4	39791	1948.0101	1949.0101
17213	4	5398	1948.0101	1949.0101
25509	4	3729	1948.0101	1949.0101
10391	4	6732	1948.0101	1949.0101
23220	4	3135	1948.0101	1949.0101
29284	4	7649	1948.0101	1949.0101
20063	4	980	1948.0101	1949.0101
19429	4	13042	1948.0101	1949.0101
14818	4	5290	1948.0101	1949.0101
34186	4	13727	1948.0101	1949.0101
25548	4	14212	1948.0101	1949.0101
1564	4	10987	1948.0101	1949.0101
9486	4	899	1948.0101	1949.0101
38330	4	13958	1948.0101	1949.0101
14071	4	1646	1948.0101	1949.0101
8385	4	9155	1948.0101	1949.0101
37781	4	14661	1948.0101	1949.0101
21984	4	20184	1948.0101	1949.0101
2331	4	1920	1948.0101	1949.0101
22124	4	4356	1948.0101	1949.0101
41296	4	3729	1948.0101	1949.0101
9805	4	5875	1948.0101	1949.0101
20836	4	9682	1948.0101	1949.0101
32007	4	26287	1948.0101	1949.0101
15046	4	20969	1948.0101	1949.0101
34936	4	1676	1948.0101	1949.0101
25525	4	24211	1948.0101	1949.0101
19031	4	3405	1948.0101	1949.0101
18805	4	1263	1948.0101	1949.0101
13723	4	8836	1948.0101	1949.0101
20221	4	9338	1948.0101	1949.0101
23294	4	1263	1948.0101	1949.0101
318	4	6286	1948.0101	1949.0101
19253	4	9916	1948.0101	1949.0101
10607	4	15110	1948.0101	1949.0101
28876	4	3729	1948.0101	1949.0101
8338	4	3479	1948.0101	1949.0101
38838	4	10987	1948.0101	1949.0101
11839	4	464	1948.0101	1949.0101
37811	4	1781	1948.0101	1949.0101
13682	4	21266	1948.0101	1949.0101
10582	4	2138	1948.0101	1949.0101
16983	4	24875	1948.0101	1949.0101
26701	4	2138	1948.0101	1949.0101
34546	4	37178	1948.0101	1949.0101
35046	4	9347	1948.0101	1949.0101
30341	4	1676	1948.0101	1949.0101
7450	4	9113	1948.0101	1949.0101
4980	4	15129	1948.0101	1949.0101
30341	4	2000	1948.0101	1949.0101
8477	4	2435	1948.0101	1949.0101
35008	4	3606	1948.0101	1949.0101
30770	4	1510	1948.0101	1949.0101
15576	4	6934	1948.0101	1949.0101
3478	4	2427	1948.0101	1949.0101
34585	4	11287	1948.0101	1949.0101
9145	4	1620	1948.0101	1950.0101
10865	4	15244	1948.0101	1950.0101
17802	4	321	1948.0101	1950.0101
20798	4	889	1948.0101	1950.0101
9046	4	429	1948.0101	1950.0101
28896	4	2315	1948.0101	1950.0101
23846	4	3562	1948.0101	1950.0101
23432	4	1040	1948.0101	1950.0101
22253	4	1197	1948.0101	1950.0101
1669	4	319	1948.0101	1950.0101
8842	4	4491	1948.0101	1950.0101
22227	4	5398	1948.0101	1950.0101
25229	4	3746	1948.0101	1950.0101
25603	4	14579	1948.0101	1950.0101
14257	4	1646	1948.0101	1950.0101
21399	4	3386	1948.0101	1950.0101
30042	4	5151	1948.0101	1950.0101
16011	4	8437	1948.0101	1950.0101
23585	4	5118	1948.0101	1950.0101
36380	4	31700	1948.0101	1950.0101
25477	4	3836	1948.0101	1950.0101
31874	4	882	1948.0101	1950.0101
22617	4	4108	1948.0101	1950.0101
14124	4	2471	1948.0101	1950.0101
34187	4	2138	1948.0101	1950.0101
18840	4	5140	1948.0101	1950.0101
35199	4	2138	1948.0101	1950.0101
34157	4	1128	1948.0101	1950.0101
31565	4	18170	1948.0101	1950.0101
32430	4	2000	1948.0101	1950.0101
9154	4	3405	1948.0101	1950.0101
888	4	429	1948.0101	1950.0101
27353	4	8305	1948.0101	1950.0101
27387	4	4154	1948.0101	1950.0101
8849	4	3596	1948.0101	1950.0101
29650	4	28880	1948.0101	1950.0101
33026	4	5809	1948.0101	1950.0101
22482	4	25549	1948.0101	1950.0101
17055	4	14579	1948.0101	1950.0101
34313	4	10779	1948.0101	1950.0101
6622	4	1952	1948.0101	1950.0101
18278	4	8305	1948.0101	1950.0101
29004	4	4196	1948.0101	1950.0101
28116	4	5359	1948.0101	1950.0101
29146	4	2792	1948.0101	1950.0101
42298	3	42303	1948.0101	1950.0101
37082	4	1263	1948.0101	1950.0101
36730	4	25	1948.0101	1950.0101
13227	4	1277	1948.0101	1950.0101
36441	4	2133	1948.0101	1950.0101
31767	4	14490	1948.0101	1950.0101
39007	4	2982	1948.0101	1950.0101
21141	4	11084	1948.0101	1950.0101
39683	4	319	1948.0101	1950.0101
11248	4	9113	1948.0101	1950.0101
26332	4	7196	1948.0101	1950.0101
20912	4	8108	1948.0101	1950.0101
30189	4	3596	1948.0101	1950.0101
4922	4	14668	1948.0101	1950.0101
41020	4	2028	1948.0101	1950.0101
42456	4	12529	1948.0101	1950.0101
18850	4	1766	1948.0101	1950.0101
7830	4	11520	1948.0101	1950.0101
36661	4	100	1948.0101	1950.0101
17973	4	8727	1948.0101	1950.0101
35853	4	4753	1948.0101	1950.0101
10626	4	100	1948.0101	1950.0101
19737	4	172	1948.0101	1950.0101
1990	4	40792	1948.0101	1950.0101
18798	4	30277	1948.0101	1950.0101
8037	4	4206	1948.0101	1950.0101
18527	4	178	1948.0101	1950.0101
1619	4	1620	1948.0101	1951.0101
14736	4	5307	1948.0101	1951.0101
23122	4	1792	1948.0101	1951.0101
18400	4	172	1948.0101	1951.0101
31574	4	2547	1948.0101	1951.0101
16765	4	5953	1948.0101	1951.0101
27099	4	1620	1948.0101	1951.0101
32139	4	15244	1948.0101	1951.0101
34801	4	3087	1948.0101	1951.0101
22773	4	1128	1948.0101	1951.0101
14022	4	6216	1948.0101	1951.0101
3132	4	3900	1948.0101	1951.0101
36411	4	11520	1948.0101	1951.0101
10792	19	41096	1948.0101	1951.0101
24069	4	5575	1948.0101	1951.0101
38600	4	5311	1948.0101	1951.0101
13027	4	5398	1948.0101	1951.0101
16463	4	429	1948.0101	1951.0101
38151	4	370	1948.0101	1951.0101
33927	4	8289	1948.0101	1951.0101
25142	4	3729	1948.0101	1951.0101
4760	4	5575	1948.0101	1951.0101
42048	4	1510	1948.0101	1951.0101
1930	4	9113	1948.0101	1951.0101
26632	4	1646	1948.0101	1951.0101
27743	4	319	1948.0101	1951.0101
14275	4	15129	1948.0101	1951.0101
19098	4	6436	1948.0101	1951.0101
4573	4	8108	1948.0101	1951.0101
14274	4	15129	1948.0101	1951.0101
31245	4	321	1948.0101	1951.0101
31864	4	1792	1948.0101	1951.0101
15352	4	1130	1948.0101	1951.0101
36499	4	6470	1948.0101	1951.0101
25415	4	3746	1948.0101	1951.0101
35869	3	22726	1948.0101	1951.0101
25751	4	1781	1948.0101	1951.0101
36438	19	30702	1948.0101	1951.0101
25816	4	370	1948.0101	1951.0101
22173	4	8648	1948.0101	1951.0101
12393	4	889	1948.0101	1951.0101
13972	4	2138	1948.0101	1951.0101
13022	4	4154	1948.0101	1951.0101
34895	4	20184	1948.0101	1951.0101
28078	4	260	1948.0101	1951.0101
35896	4	172	1948.0101	1951.0101
18190	4	3729	1948.0101	1951.0101
23586	4	2427	1948.0101	1951.0101
20772	4	2138	1948.0101	1951.0101
15590	4	2133	1948.0101	1952.0101
15793	4	3405	1948.0101	1952.0101
18591	4	6479	1948.0101	1952.0101
19773	4	1766	1948.0101	1952.0101
22170	4	2028	1948.0101	1952.0101
25233	4	1267	1948.0101	1952.0101
9629	4	21538	1948.0101	1952.0101
2042	4	8876	1948.0101	1952.0101
15474	4	2792	1948.0101	1952.0101
37049	4	15805	1948.0101	1952.0101
15597	4	2435	1948.0101	1952.0101
34036	19	338	1948.0101	1952.0101
35985	4	5398	1948.0101	1952.0101
3876	4	8548	1948.0101	1952.0101
23590	4	319	1948.0101	1952.0101
30011	4	2133	1948.0101	1952.0101
17543	4	616	1948.0101	1952.0101
30197	4	6405	1948.0101	1952.0101
34032	4	2138	1948.0101	1952.0101
21734	4	15032	1948.0101	1952.0101
33965	4	33	1948.0101	1952.0101
15774	4	15032	1948.0101	1952.0101
7745	4	20642	1948.0101	1952.0101
15774	4	27343	1948.0101	1952.0101
25627	4	15584	1948.0101	1952.0101
338	19	34036	1948.0101	1952.0101
41005	4	5191	1948.0101	1952.0101
4705	4	3596	1948.0101	1953.0101
33312	4	2435	1948.0101	1953.0101
29473	4	6216	1948.0101	1953.0101
35846	4	319	1948.0101	1953.0101
2365	96	30571	1948.0101	1953.0101
3222	4	3622	1948.0101	1953.0101
27039	41	455	1948.0101	1953.0101
2766	4	1263	1948.0101	1953.0101
32430	4	5307	1948.0101	1953.0101
17680	4	321	1948.0101	1953.0101
7000	4	10207	1948.0101	1953.0101
28439	4	9508	1948.0101	1953.0101
42145	4	1781	1948.0101	1953.0101
31138	4	5030	1948.0101	1953.0101
36808	4	889	1948.0101	1953.0101
21892	4	522	1948.0101	1953.0101
18385	4	13847	1948.0101	1953.0101
5594	19	35426	1948.0101	1953.0101
30019	4	1040	1948.0101	1953.0101
9407	3	10363	1948.0101	1953.0411
20240	4	9682	1948.0101	1954.0101
33068	4	3216	1948.0101	1954.0101
2129	4	3889	1948.0101	1954.0101
17663	4	260	1948.0101	1954.0101
37460	4	8305	1948.0101	1954.0101
16510	4	7832	1948.0101	1954.0101
32677	4	616	1948.0101	1954.0101
25293	4	260	1948.0101	1954.0101
5952	4	100	1948.0101	1954.0101
22739	4	2545	1948.0101	1954.0101
14610	4	980	1948.0101	1954.0101
4649	4	1374	1948.0101	1955.0101
19864	4	1952	1948.0101	1955.0101
10660	4	390	1948.0101	1955.0101
25466	4	3216	1948.0101	1955.0101
16943	4	25913	1948.0101	1955.0101
18129	4	20064	1948.0101	1955.0101
39104	4	2471	1948.0101	1955.0101
23199	4	1781	1948.0101	1955.0101
311	4	1952	1948.0101	1955.0101
14896	19	18251	1948.0101	1955.0101
18251	19	14896	1948.0101	1956.0101
1171	4	390	1948.0101	1956.0101
22881	4	2000	1948.0101	1956.0101
36939	4	2790	1948.0101	1956.0101
20633	4	1040	1948.0101	1956.0101
25701	4	5575	1948.0101	1956.0101
27842	4	8437	1948.0101	1956.0101
28669	4	3836	1948.0101	1956.0101
27732	4	24885	1948.0101	1956.0101
10696	4	10697	1948.0101	1957.0101
36887	4	11	1948.0101	1957.0101
1793	4	1646	1948.0101	1957.0101
5564	4	6405	1948.0101	1957.0101
26674	4	6216	1948.0101	1957.0101
23880	4	8876	1948.0101	1958.0101
34417	4	6405	1948.0101	1959.0101
32441	37	113	1948.0101	1959.0101
13747	41	6768	1948.0101	1959.0101
40163	4	1792	1948.0101	1960.0101
19160	4	16700	1948.0101	1960.0101
30505	4	1646	1948.0101	1961.0101
22472	4	22618	1948.0101	1961.0101
22784	4	2930	1948.0101	1962.0101
15822	19	8039	1948.0101	1963.0101
8039	19	15822	1948.0101	1963.0101
14095	4	1003	1948.0101	1964.0101
20158	40	11649	1948.0101	1964.0101
12119	4	8721	1948.0101	1965.0101
17254	41	6768	1948.0101	1968.0101
18896	19	11898	1948.0101	1979.0101
11898	19	18896	1948.0101	1979.0101
17067	19	12260	1948.0101	1985.0101
12260	19	17067	1948.0101	1985.0101
30344	19	21528	1948.0101	2008.0101
21528	19	30344	1948.0101	2008.0101
20169	19	6608	1948.0101	2010.0101
40753	4	7554	1948.0103	1958.0315
7570	27	30131	1948.0104	2005.1106
1462	25	611	1948.0114	1948.0114
41979	4	1550	1948.0117	1948.0221
12136	44	5850	1948.0119	1991.0
9727	15	197	1948.0123	1948.0123
5364	15	197	1948.0123	1948.0123
19445	15	197	1948.0123	1948.0123
1089	15	197	1948.0123	1948.0123
16644	15	820	1948.0123	1948.0123
23900	15	197	1948.0123	1948.0123
11844	15	820	1948.0123	1948.0123
23257	19	17404	1948.0124	1976.0425
17404	19	23257	1948.0124	1976.0425
6608	19	20169	1948.0124	2010.0101
3	25	1577	1948.0127	1948.0127
36032	52	113	1948.0128	1948.0128
13666	41	279	1948.0218	1951.0502
12584	41	279	1948.0218	1951.0502
1986	41	279	1948.0218	1951.0502
24398	41	279	1948.0218	1951.0502
196	15	12126	1948.0222	1948.0222
10738	15	12126	1948.0222	1948.0222
8538	15	12126	1948.0222	1948.0222
3884	15	12126	1948.0222	1948.0222
18372	15	562	1948.0223	1948.0223
18372	15	1664	1948.0223	1948.0223
16089	14	5552	1948.03	1948.03
32066	17	34127	1948.0301	1952.0105
26894	14	26784	1948.0301	1965.1001
37729	19	8741	1948.0305	2014.0624
8741	19	37729	1948.0305	2014.0624
18202	15	197	1948.031	1948.031
2166	41	26639	1948.031	1948.1015
8225	15	197	1948.0314	1948.0314
9277	15	1650	1948.0318	1948.0318
9277	25	142	1948.0318	1948.0318
4053	25	4054	1948.0318	1994.053
37369	15	336	1948.0326	1948.0326
37369	15	197	1948.0326	1948.0326
17146	48	3912	1948.0401	1948.0401
47	25	3693	1948.0407	1948.0407
10323	41	1954	1948.0409	1952.1206
30702	19	36438	1948.0412	1951.0517
4892	38	4930	1948.0413	1948.0413
7570	25	333	1948.0419	1948.0419
12424	32	9643	1948.0426	1948.0426
9643	32	32881	1948.0426	1948.0426
9643	32	12424	1948.0426	1948.0426
32881	32	9643	1948.0426	1948.0426
20011	25	1577	1948.0428	1948.0428
113	210	24273	1948.0429	1948.0429
10988	38	4930	1948.05	1948.05
21756	21	235	1948.05	1948.05
9865	25	1577	1948.0504	1948.0504
2625	1	235	1948.0514	1948.0514
235	65	26560	1948.0514	1948.0514
440	34	235	1948.0514	1948.0514
3529	21	235	1948.0514	1948.0514
14484	34	235	1948.0514	1948.0514
26560	85	235	1948.0514	1948.0514
2131	1	235	1948.0514	1948.0514
13904	21	235	1948.0514	1948.0514
2625	44	235	1948.0514	1957.0
10686	41	5418	1948.0517	1954.0126
5418	80	10686	1948.0517	1954.0126
235	70	10686	1948.0517	1954.0126
11846	41	21470	1948.052	1949.0121
1808	15	347	1948.06	1948.06
17659	41	2794	1948.0601	1950.0101
2176	62	19465	1948.0614	1953.0614
2176	70	15779	1948.0615	1953.0321
22097	43	30079	1948.0618	1948.0618
30079	43	22097	1948.0618	1948.0618
14013	15	5498	1948.0624	1948.0624
10738	15	1112	1948.0624	1948.0624
14199	15	5498	1948.0624	1948.0624
13212	15	5498	1948.0624	1948.0624
12037	15	1112	1948.0624	1948.0624
949	70	28465	1948.0701	1960.0503
3066	41	455	1948.0708	1952.0726
19255	44	716	1948.0802	1991.1225
41096	19	10792	1948.0805	1951.102
488	70	31927	1948.0807	1958.1222
590	25	1577	1948.0813	1948.0813
7591	38	207	1948.0814	1948.0814
8874	38	207	1948.0814	1948.0814
32853	19	21030	1948.0821	1969.1112
21030	19	32853	1948.0821	1969.1112
590	25	611	1948.0827	1948.0827
4788	38	6932	1948.0901	1948.0901
17102	15	336	1948.0902	1948.0902
17102	15	197	1948.0902	1948.0902
1158	15	197	1948.0904	1948.0904
18424	41	34273	1948.0904	1980.043
488	62	18424	1948.0904	1980.043
2558	25	1577	1948.0906	1948.0906
2386	62	8053	1948.0909	1994.0708
453	25	1577	1948.0914	1948.0914
22724	14	9817	1948.0914	1948.0914
223	25	1577	1948.0915	1948.0915
8346	21	83	1948.092	1963.1201
39437	15	10397	1948.1	1948.1
136	76	14474	1948.1	1989.01
28420	41	26639	1948.1015	1954.121
36676	33	140	1948.1019	1948.1019
5041	25	1577	1948.1021	1948.1021
8984	76	14474	1948.1022	1989.0113
819	15	1249	1948.1026	1948.1026
819	15	820	1948.1026	1948.1026
6743	15	820	1948.1026	1948.1026
10537	15	820	1948.1026	1948.1026
20916	15	1249	1948.1026	1948.1026
1242	15	197	1948.1028	1948.1028
36956	112	2861	1948.11	1948.11
27649	19	33641	1948.1101	1949.0101
33641	19	27649	1948.1101	1949.0101
15858	25	4054	1948.1111	1980.0504
11586	48	3912	1948.1122	1948.1122
38875	48	3912	1948.1203	1948.1203
34739	19	41656	1948.1222	2010.1023
41656	19	34739	1948.1222	2018.0213
26726	15	197	1948.123	1948.123
20201	21	75	1949.0	1900.0
1819	94	1820	1949.0	1949.0
5404	3	939	1949.0	1949.0
9484	44	9485	1949.0	1949.0
11063	94	13669	1949.0	1949.0
15694	15	15695	1949.0	1949.0
19192	15	1252	1949.0	1949.0
3	84	10039	1949.0	1949.0
23592	25	23593	1949.0	1949.0
16713	29	17215	1949.0	1949.0
2223	3	2260	1949.0	1949.0
3304	30	15626	1949.0	1949.0
25915	34	641	1949.0	1949.0
2298	15	2257	1949.0	1949.0
4929	15	347	1949.0	1949.0
764	1	1087	1949.0	1949.0
22503	3	29170	1949.0	1949.0
24655	30	14059	1949.0	1949.0
31901	25	4798	1949.0	1949.0
16713	29	4887	1949.0	1949.0
4257	15	1252	1949.0	1949.0
28046	3	33472	1949.0	1949.0
32505	3	2078	1949.0	1949.0
2789	15	1252	1949.0	1949.0
21691	3	6415	1949.0	1949.0
31312	16	1746	1949.0	1949.0
15361	15	1252	1949.0	1949.0
36133	3	2189	1949.0	1949.0
23387	33	235	1949.0	1949.0
12262	32	22897	1949.0	1949.0
37411	3	115	1949.0	1949.0
17984	15	14980	1949.0	1949.0
33840	40	11649	1949.0	1949.0
23373	15	1252	1949.0	1949.0
11566	3	5038	1949.0	1949.0
17598	3	11284	1949.0	1949.0
5283	3	6415	1949.0	1949.0
38884	3	886	1949.0	1949.0
14059	15	24655	1949.0	1949.0
16526	41	455	1949.0	1949.0
4067	15	3982	1949.0	1949.0
40609	4	5705	1949.0	1949.0
24499	14	4164	1949.0	1949.0
3	84	4899	1949.0	1949.0
4453	15	1252	1949.0	1949.0
12590	4	10437	1949.0	1949.0
18009	94	34870	1949.0	1949.0
819	15	1252	1949.0	1949.0
7037	3	18008	1949.0	1949.0
11063	172	13669	1949.0	1949.0
11063	94	203	1949.0	1949.0
26097	15	2491	1949.0	1949.0
15362	3	2260	1949.0	1949.0
11063	172	203	1949.0	1949.0
337	30	38098	1949.0	1949.0
32195	41	1339	1949.0	1949.0
4664	15	1112	1949.0	1949.0
10884	3	6449	1949.0	1949.0
33805	15	1252	1949.0	1949.0
33072	4	12893	1949.0	1949.0
7776	3	5038	1949.0	1949.0
5510	15	1112	1949.0	1949.0
3604	15	1252	1949.0	1949.0
41348	3	115	1949.0	1949.0
13091	15	1252	1949.0	1949.0
29688	15	3304	1949.0	1949.0
14351	15	524	1949.0	1949.0
17094	15	1112	1949.0	1949.0
41055	3	1942	1949.0	1949.0
29606	3	6415	1949.0	1949.0
20114	21	1087	1949.0	1949.0
8512	15	1252	1949.0	1949.0
4411	15	486	1949.0	1949.0
6118	15	1249	1949.0	1949.0
33023	3	19973	1949.0	1949.0
24809	15	1252	1949.0	1949.0
20916	15	1252	1949.0	1949.0
11223	15	1252	1949.0	1949.0
972	3	13883	1949.0	1949.0
1996	15	1487	1949.0	1949.0
5666	15	792	1949.0	1949.0
926	15	1252	1949.0	1949.0
235	27	2131	1949.0	1949.0
23656	21	1087	1949.0	1949.0
11849	15	1252	1949.0	1949.0
1087	142	641	1949.0	1949.0
1997	3	19312	1949.0	1949.0
38784	3	115	1949.0	1949.0
9652	15	8243	1949.0	1949.0
10855	15	1252	1949.0	1949.0
3304	30	8260	1949.0	1949.0
19547	15	19548	1949.0	1949.0
3304	30	29688	1949.0	1949.0
34408	25	142	1949.0	1949.0
21871	44	641	1949.0	1949.0
2256	15	1252	1949.0	1949.0
25407	3	115	1949.0	1949.0
40259	39	424	1949.0	1949.0
31644	76	7985	1949.0	1949.0
11538	3	25722	1949.0	1949.0
28561	3	115	1949.0	1949.0
1771	15	1249	1949.0	1949.0
25915	34	13302	1949.0	1949.0
18028	3	115	1949.0	1949.0
15552	71	856	1949.0	1949.0
9796	1	641	1949.0	1949.0
24679	21	641	1949.0	1950.0
32195	41	1339	1949.0	1950.0
29234	3	40357	1949.0	1950.0
12040	41	3698	1949.0	1950.0
12079	4	9057	1949.0	1950.0
12616	33	22736	1949.0	1951.0
24261	4	14490	1949.0	1951.0
5833	3	21228	1949.0	1951.0
16384	9	35619	1949.0	1951.0
625	4	12893	1949.0	1951.0
36053	4	12893	1949.0	1951.0
33869	4	20802	1949.0	1952.0
20641	4	7649	1949.0	1952.0
36414	46	4793	1949.0	1952.0
10647	4	2922	1949.0	1953.0
35619	41	302	1949.0	1953.0
18999	3	29654	1949.0	1953.0
15207	46	8178	1949.0	1953.0
15207	38	7592	1949.0	1953.0
3979	27	21640	1949.0	1954.0
32222	3	17076	1949.0	1954.0
18395	3	1942	1949.0	1954.0
10855	14	25893	1949.0	1955.0
3588	19	17138	1949.0	1955.0
31676	33	5163	1949.0	1956.0
4275	40	36795	1949.0	1956.0
20688	14	1687	1949.0	1957.0
28167	21	75	1949.0	1959.0
31491	19	32357	1949.0	1959.0
32357	19	31491	1949.0	1959.0
20661	19	6833	1949.0	1959.0101
21415	41	3698	1949.0	1963.0
24949	19	2141	1949.0	1964.0
8880	17	5911	1949.0	1964.0
2141	19	24949	1949.0	1964.0
4868	21	6246	1949.0	1964.0717
10460	41	302	1949.0	1965.0
9189	21	1087	1949.0	1965.0305
1087	25	16870	1949.0	1971.0
19008	25	11130	1949.0	1976.0227
35151	33	673	1949.0	1978.0
1819	94	22283	1949.0	1978.0
20862	21	6246	1949.0	1979.0601
1370	21	1087	1949.0	1979.0814
29271	41	302	1949.0	1983.0
16360	46	4813	1949.0	1987.0
13093	21	75	1949.0	1990.0
4754	21	6246	1949.0	1990.1003
18009	94	3309	1949.0	2006.0
32853	21	641	1949.0	2006.1013
9484	44	2718	1949.0	2013.0
25700	21	1087	1949.0	2018.0318
26947	21	641	1949.0	2018.1117
2813	4	2435	1949.0101	1949.0101
2713	16	503	1949.0101	1949.0101
10491	15	1252	1949.0101	1949.0101
10726	4	319	1949.0101	1949.0101
7857	16	524	1949.0101	1949.0101
15875	4	260	1949.0101	1949.0101
16388	15	16389	1949.0101	1949.0101
5319	3	13213	1949.0101	1949.0101
11063	44	1110	1949.0101	1949.0101
20368	15	5058	1949.0101	1949.0101
12275	15	8744	1949.0101	1949.0101
24340	4	21504	1949.0101	1949.0101
29123	4	7649	1949.0101	1949.0101
26997	4	1766	1949.0101	1949.0101
30674	4	1263	1949.0101	1949.0101
32007	4	6044	1949.0101	1949.0101
22619	15	6846	1949.0101	1949.0101
18039	4	6033	1949.0101	1949.0101
24674	16	1746	1949.0101	1949.0101
16105	16	1746	1949.0101	1949.0101
35046	4	980	1949.0101	1949.0101
13494	15	3577	1949.0101	1949.0101
35413	15	5967	1949.0101	1949.0101
10096	16	1746	1949.0101	1949.0101
791	16	1746	1949.0101	1949.0101
26072	16	1746	1949.0101	1949.0101
1745	16	1746	1949.0101	1949.0101
473	16	1504	1949.0101	1949.0101
39382	4	4206	1949.0101	1949.0101
7965	3	9278	1949.0101	1949.0101
38120	4	1620	1949.0101	1949.0101
8260	15	3304	1949.0101	1949.0101
2027	4	4356	1949.0101	1949.0101
18181	16	524	1949.0101	1949.0101
22897	32	12262	1949.0101	1949.0101
34668	15	3348	1949.0101	1949.0101
1126	4	980	1949.0101	1949.0101
15901	4	1510	1949.0101	1949.0101
24825	4	2000	1949.0101	1949.0101
35868	4	33478	1949.0101	1949.0101
4150	15	1746	1949.0101	1949.0101
7508	16	337	1949.0101	1949.0101
8276	16	1746	1949.0101	1949.0101
26982	17	1709	1949.0101	1949.0101
25674	4	89	1949.0101	1949.0101
25157	4	4206	1949.0101	1949.0101
1668	15	19410	1949.0101	1949.0101
35029	4	19326	1949.0101	1949.0101
14614	3	37559	1949.0101	1949.0101
12538	4	2028	1949.0101	1949.0101
37732	16	1746	1949.0101	1949.0101
16714	3	6199	1949.0101	1949.0101
28879	15	18534	1949.0101	1949.0101
8425	4	662	1949.0101	1949.0101
32227	4	11541	1949.0101	1949.0101
33904	15	6865	1949.0101	1949.0101
20057	15	24940	1949.0101	1949.0101
17812	15	18869	1949.0101	1949.0101
16856	71	13744	1949.0101	1949.0101
38711	4	1766	1949.0101	1949.0101
26405	3	5038	1949.0101	1949.0101
4418	16	1746	1949.0101	1949.0101
11319	16	1746	1949.0101	1949.0101
35035	15	20113	1949.0101	1949.0101
18419	4	12529	1949.0101	1949.0101
12389	16	503	1949.0101	1949.0101
26777	16	1746	1949.0101	1949.0101
32670	15	1252	1949.0101	1949.0101
23325	16	1746	1949.0101	1949.0101
15890	16	337	1949.0101	1949.0101
7403	16	503	1949.0101	1949.0101
39199	16	1746	1949.0101	1949.0101
8404	4	4356	1949.0101	1949.0101
6410	4	3596	1949.0101	1949.0101
37444	15	20058	1949.0101	1949.0101
24156	4	9261	1949.0101	1949.0101
15626	15	3304	1949.0101	1949.0101
20491	15	20058	1949.0101	1949.0101
35853	4	14212	1949.0101	1949.0101
2878	15	655	1949.0101	1949.0101
10503	15	655	1949.0101	1949.0101
28678	4	6044	1949.0101	1949.0101
27383	4	33873	1949.0101	1949.0101
369	4	370	1949.0101	1950.0101
2672	4	2435	1949.0101	1950.0101
4091	4	566	1949.0101	1950.0101
5550	4	1057	1949.0101	1950.0101
14718	4	1652	1949.0101	1950.0101
16749	4	1477	1949.0101	1950.0101
18183	4	4580	1949.0101	1950.0101
10267	4	4356	1949.0101	1950.0101
13682	4	8310	1949.0101	1950.0101
16613	4	8419	1949.0101	1950.0101
20063	4	5134	1949.0101	1950.0101
1718	4	7196	1949.0101	1950.0101
10559	4	10560	1949.0101	1950.0101
13159	4	5191	1949.0101	1950.0101
22943	4	12098	1949.0101	1950.0101
12583	4	2792	1949.0101	1950.0101
25772	4	9429	1949.0101	1950.0101
18805	4	25913	1949.0101	1950.0101
27027	14	1942	1949.0101	1950.0101
20763	4	4196	1949.0101	1950.0101
9223	4	9297	1949.0101	1950.0101
23401	4	5953	1949.0101	1950.0101
12583	4	2627	1949.0101	1950.0101
30674	4	3386	1949.0101	1950.0101
12344	4	4206	1949.0101	1950.0101
22236	4	5134	1949.0101	1950.0101
26103	4	13439	1949.0101	1950.0101
37360	4	2315	1949.0101	1950.0101
24484	4	6172	1949.0101	1950.0101
7636	4	17413	1949.0101	1950.0101
23775	4	19555	1949.0101	1950.0101
38838	4	1057	1949.0101	1950.0101
35287	4	499	1949.0101	1950.0101
39606	4	7649	1949.0101	1950.0101
33258	4	1781	1949.0101	1950.0101
29359	4	8727	1949.0101	1950.0101
11540	4	2000	1949.0101	1950.0101
37614	4	5311	1949.0101	1950.0101
1141	4	10073	1949.0101	1950.0101
36729	4	8310	1949.0101	1950.0101
4270	4	1040	1949.0101	1950.0101
37104	4	1321	1949.0101	1950.0101
40808	4	100	1949.0101	1950.0101
33405	4	11520	1949.0101	1950.0101
8163	4	100	1949.0101	1950.0101
10552	4	1374	1949.0101	1950.0101
8127	4	4979	1949.0101	1950.0101
2697	4	3087	1949.0101	1950.0101
21984	4	5450	1949.0101	1950.0101
37063	4	15	1949.0101	1950.0101
26840	4	13862	1949.0101	1950.0101
1675	4	32419	1949.0101	1950.0101
25178	4	1952	1949.0101	1950.0101
33062	4	1263	1949.0101	1950.0101
34711	4	10987	1949.0101	1950.0101
13046	4	18607	1949.0101	1950.0101
10338	4	8727	1949.0101	1950.0101
26447	4	36339	1949.0101	1950.0101
38737	4	1727	1949.0101	1950.0101
37379	4	5706	1949.0101	1950.0101
32613	4	11413	1949.0101	1950.0101
42032	4	15047	1949.0101	1950.0101
19521	4	8289	1949.0101	1950.0101
32450	4	5191	1949.0101	1950.0101
29007	4	980	1949.0101	1950.0101
1124	4	1125	1949.0101	1950.0101
9925	4	1816	1949.0101	1950.0101
28249	4	18776	1949.0101	1950.0101
27387	4	429	1949.0101	1950.0101
27658	4	9347	1949.0101	1950.0101
3953	4	522	1949.0101	1950.0101
11246	4	882	1949.0101	1950.0101
35441	4	5953	1949.0101	1950.0101
31553	4	21266	1949.0101	1950.0101
24172	4	9429	1949.0101	1950.0101
40452	4	1477	1949.0101	1950.0101
23877	4	4196	1949.0101	1950.0101
30825	4	5134	1949.0101	1950.0101
27811	4	2427	1949.0101	1950.0101
6484	4	13042	1949.0101	1950.0101
14756	4	3216	1949.0101	1950.0101
19429	4	10996	1949.0101	1950.0101
6253	4	8419	1949.0101	1950.0101
1564	4	1057	1949.0101	1950.0101
11565	4	2138	1949.0101	1950.0101
27496	4	18607	1949.0101	1950.0101
7965	3	9278	1949.0101	1950.0101
28036	4	5234	1949.0101	1950.0101
24884	4	882	1949.0101	1950.0101
37263	4	2427	1949.0101	1950.0101
42294	4	1952	1949.0101	1950.0101
42305	4	4580	1949.0101	1950.0101
19504	4	6479	1949.0101	1950.0101
34982	4	9206	1949.0101	1950.0101
18800	4	11685	1949.0101	1950.0101
31876	4	8238	1949.0101	1950.0101
37851	4	3729	1949.0101	1950.0101
28876	4	5151	1949.0101	1950.0101
22263	4	616	1949.0101	1950.0101
42498	4	18027	1949.0101	1950.0101
22995	4	9347	1949.0101	1950.0101
31983	4	7649	1949.0101	1950.0101
34664	4	1282	1949.0101	1950.0101
24156	4	10089	1949.0101	1950.0101
11266	4	27006	1949.0101	1950.0101
4980	4	6455	1949.0101	1950.0101
35046	4	4206	1949.0101	1950.0101
27168	4	1374	1949.0101	1950.0101
24954	4	1374	1949.0101	1950.0101
35008	4	566	1949.0101	1950.0101
3478	4	2545	1949.0101	1950.0101
30770	4	522	1949.0101	1950.0101
29040	4	13878	1949.0101	1950.0101
24898	4	3746	1949.0101	1950.0101
35688	4	260	1949.0101	1950.0101
13441	4	2133	1949.0101	1950.0101
4153	4	37177	1949.0101	1950.0101
15139	4	1100	1949.0101	1950.0101
11540	4	588	1949.0101	1950.0101
26710	4	89	1949.0101	1950.0101
21667	4	2043	1949.0101	1950.0101
1126	4	9155	1949.0101	1951.0101
20664	4	6068	1949.0101	1951.0101
96	4	178	1949.0101	1951.0101
27691	4	11239	1949.0101	1951.0101
28000	4	15032	1949.0101	1951.0101
10529	4	319	1949.0101	1951.0101
4541	4	30807	1949.0101	1951.0101
34585	4	17056	1949.0101	1951.0101
19031	4	4807	1949.0101	1951.0101
12416	4	522	1949.0101	1951.0101
7850	3	1548	1949.0101	1951.0101
14071	4	4030	1949.0101	1951.0101
33960	4	6216	1949.0101	1951.0101
36088	4	2471	1949.0101	1951.0101
11032	4	18659	1949.0101	1951.0101
29913	4	15129	1949.0101	1951.0101
5526	4	2427	1949.0101	1951.0101
29607	4	3596	1949.0101	1951.0101
33075	4	2545	1949.0101	1951.0101
25237	4	1510	1949.0101	1951.0101
23762	4	980	1949.0101	1951.0101
14876	4	27239	1949.0101	1951.0101
24787	4	6252	1949.0101	1951.0101
37001	4	25549	1949.0101	1951.0101
1281	4	1057	1949.0101	1951.0101
8875	4	5151	1949.0101	1951.0101
15398	4	2435	1949.0101	1951.0101
10396	4	2435	1949.0101	1951.0101
23401	4	1128	1949.0101	1951.0101
28433	4	37495	1949.0101	1951.0101
22735	4	4196	1949.0101	1951.0101
7316	4	6570	1949.0101	1951.0101
27284	4	7196	1949.0101	1951.0101
33608	4	1130	1949.0101	1951.0101
35758	4	9	1949.0101	1951.0101
32506	4	1477	1949.0101	1951.0101
32843	4	11541	1949.0101	1951.0101
19831	4	9685	1949.0101	1951.0101
24126	4	4901	1949.0101	1951.0101
29328	4	2547	1949.0101	1951.0101
6454	4	5234	1949.0101	1951.0101
31770	4	429	1949.0101	1951.0101
26635	4	319	1949.0101	1951.0101
29853	4	2982	1949.0101	1951.0101
8615	4	321	1949.0101	1951.0101
4328	4	1263	1949.0101	1951.0101
19135	4	9555	1949.0101	1951.0101
24562	4	4152	1949.0101	1951.0101
35972	4	7227	1949.0101	1951.0101
39998	4	15129	1949.0101	1951.0101
21919	4	3464	1949.0101	1951.0101
32244	4	2547	1949.0101	1951.0101
20805	4	882	1949.0101	1951.0101
21802	4	5359	1949.0101	1951.0101
35655	4	37178	1949.0101	1951.0101
41731	4	1130	1949.0101	1951.0101
26271	4	9926	1949.0101	1951.0101
11104	4	10938	1949.0101	1951.0101
24340	4	6477	1949.0101	1951.0101
11839	4	11520	1949.0101	1951.0101
10582	4	2133	1949.0101	1951.0101
10995	4	8289	1949.0101	1951.0101
39889	4	3746	1949.0101	1951.0101
34546	4	5706	1949.0101	1951.0101
29545	4	4196	1949.0101	1951.0101
7450	4	1057	1949.0101	1951.0101
29091	4	889	1949.0101	1951.0101
13473	4	8580	1949.0101	1951.0101
17879	4	5953	1949.0101	1951.0101
6789	4	10073	1949.0101	1951.0101
24917	4	3729	1949.0101	1951.0101
25001	4	15042	1949.0101	1951.0101
8304	4	8305	1949.0101	1952.0101
8477	4	3622	1949.0101	1952.0101
11410	4	22972	1949.0101	1952.0101
29389	4	1952	1949.0101	1952.0101
20588	4	260	1949.0101	1952.0101
23220	4	260	1949.0101	1952.0101
28734	4	8437	1949.0101	1952.0101
15576	4	10513	1949.0101	1952.0101
14146	4	429	1949.0101	1952.0101
30895	4	14668	1949.0101	1952.0101
13888	4	3596	1949.0101	1952.0101
10630	4	2545	1949.0101	1952.0101
13649	4	1920	1949.0101	1952.0101
4219	4	4220	1949.0101	1952.0101
24873	4	370	1949.0101	1952.0101
30341	4	4196	1949.0101	1952.0101
4375	4	11520	1949.0101	1952.0101
27855	4	429	1949.0101	1952.0101
27553	4	5398	1949.0101	1952.0101
25157	4	12529	1949.0101	1952.0101
32369	4	29380	1949.0101	1952.0101
24106	4	1374	1949.0101	1952.0101
32113	4	2133	1949.0101	1952.0101
20363	4	35646	1949.0101	1952.0101
32938	4	9338	1949.0101	1952.0101
22438	4	11632	1949.0101	1952.0101
25509	4	5151	1949.0101	1952.0101
15041	4	4901	1949.0101	1952.0101
17754	4	89	1949.0101	1952.0101
7612	4	31660	1949.0101	1952.0101
17408	4	4901	1949.0101	1952.0101
4584	4	1565	1949.0101	1952.0101
2331	4	9555	1949.0101	1952.0101
14660	4	15	1949.0101	1952.0101
26085	4	1040	1949.0101	1952.0101
8608	4	6172	1949.0101	1952.0101
40934	4	1727	1949.0101	1952.0101
30698	4	2471	1949.0101	1952.0101
27271	4	1197	1949.0101	1952.0101
20221	4	5118	1949.0101	1952.0101
8691	4	2545	1949.0101	1952.0101
3873	4	6271	1949.0101	1952.0101
32570	4	2471	1949.0101	1952.0101
4579	4	370	1949.0101	1952.0101
42589	4	11413	1949.0101	1952.0101
1637	4	10996	1949.0101	1953.0101
16030	4	1374	1949.0101	1953.0101
18039	4	4901	1949.0101	1953.0101
3856	4	6172	1949.0101	1953.0101
19394	4	13878	1949.0101	1953.0101
32542	4	25304	1949.0101	1953.0101
14815	4	4491	1949.0101	1953.0101
10391	4	3746	1949.0101	1953.0101
14647	4	889	1949.0101	1953.0101
11712	4	6455	1949.0101	1953.0101
18449	4	5706	1949.0101	1953.0101
7356	4	11685	1949.0101	1953.0101
20002	4	33295	1949.0101	1953.0101
888	4	260	1949.0101	1953.0101
27846	4	3216	1949.0101	1953.0101
30630	4	1197	1949.0101	1953.0101
23220	4	1374	1949.0101	1953.0101
6177	4	1263	1949.0101	1953.0101
37493	4	2028	1949.0101	1953.0101
18419	4	9347	1949.0101	1953.0101
12159	4	1766	1949.0101	1953.0101
9998	4	3135	1949.0101	1953.0101
26662	4	1477	1949.0101	1953.0101
23545	4	9555	1949.0101	1953.0101
17663	4	1374	1949.0101	1953.0101
9300	4	1040	1949.0101	1953.0101
37796	4	588	1949.0101	1953.0101
18779	4	10778	1949.0101	1953.0101
3478	4	260	1949.0101	1953.0101
22220	4	1920	1949.0101	1954.0101
5451	4	13960	1949.0101	1954.0101
3466	4	6252	1949.0101	1954.0101
35739	4	13878	1949.0101	1954.0101
10132	4	2094	1949.0101	1954.0101
12960	4	5575	1949.0101	1954.0101
20588	4	1374	1949.0101	1954.0101
14895	4	13878	1949.0101	1954.0101
19225	4	260	1949.0101	1954.0101
20632	4	2545	1949.0101	1954.0101
12538	4	5118	1949.0101	1954.0101
41852	4	4206	1949.0101	1954.0101
7754	4	260	1949.0101	1954.0101
8385	4	13042	1949.0101	1954.0101
33601	4	612	1949.0101	1954.0101
22013	4	2471	1949.0101	1954.0101
10607	4	13016	1949.0101	1954.0101
15945	4	260	1949.0101	1954.0101
7086	4	5398	1949.0101	1954.0101
29486	4	4491	1949.0101	1954.0101
13544	4	5307	1949.0101	1954.0101
17138	19	3588	1949.0101	1955.0101
32122	4	3405	1949.0101	1955.0101
25701	4	1766	1949.0101	1955.0101
18495	3	1942	1949.0101	1955.0101
12786	4	9555	1949.0101	1955.0101
18954	4	11520	1949.0101	1955.0101
41586	4	4796	1949.0101	1955.0101
28009	4	3405	1949.0101	1955.0101
12644	4	15957	1949.0101	1955.0101
24337	4	1128	1949.0101	1955.0101
4229	4	1920	1949.0101	1955.0101
15323	19	4090	1949.0101	1956.0101
15046	4	6252	1949.0101	1956.0101
24203	14	12782	1949.0101	1956.0101
34936	4	6436	1949.0101	1956.0101
30621	4	13878	1949.0101	1956.0101
6688	4	18061	1949.0101	1956.0101
42207	4	6252	1949.0101	1956.0101
35365	4	1766	1949.0101	1956.0101
6787	4	2028	1949.0101	1956.0101
37713	4	2471	1949.0101	1956.0101
4090	19	15323	1949.0101	1956.0101
5564	4	260	1949.0101	1956.0101
473	19	474	1949.0101	1957.0101
7337	19	7338	1949.0101	1957.0101
7338	19	7337	1949.0101	1957.0101
1637	4	429	1949.0101	1957.0101
20235	4	4491	1949.0101	1957.0101
34186	4	2133	1949.0101	1957.0101
41268	4	7649	1949.0101	1957.0101
24559	4	2443	1949.0101	1957.0101
27732	4	27733	1949.0101	1957.0101
474	19	473	1949.0101	1957.0101
30434	19	38818	1949.0101	1958.0101
643	4	100	1949.0101	1958.0101
38818	19	30434	1949.0101	1958.0101
3503	41	6768	1949.0101	1958.0101
17336	4	6252	1949.0101	1959.0101
6833	19	20661	1949.0101	1959.0101
21574	4	6405	1949.0101	1959.0101
19552	4	429	1949.0101	1960.0101
17100	4	5398	1949.0101	1960.0101
31404	4	33501	1949.0101	1960.0101
37052	4	5035	1949.0101	1961.0101
17894	4	1676	1949.0101	1961.0101
31277	4	10410	1949.0101	1961.0101
10387	4	15244	1949.0101	1963.0101
30513	4	15129	1949.0101	1964.0101
