191533	235	205972	964	964
228363	235	192186	964	964
227018	235	188552	964	964
226967	282	190355	964	964
242413	235	191908	964	964
195973	235	188333	964	964
194616	235	188790	964	964
258306	235	190064	964	964
231758	235	189332	964	964
219137	235	192187	964	964
254486	235	188465	964	964
257240	235	188738	964	964
206949	235	189775	964	964
303567	235	190368	964	964
299460	235	196355	964	964
210554	235	188859	964	964
196201	235	188068	964	964
225530	235	192621	964	964
209630	235	188443	964	964
287564	235	193160	964	964
287858	282	211512	964	964
321089	282	271308	964	964
317103	282	211512	964	964
296251	235	191142	964	964
272095	282	372834	964	964
290061	235	190358	964	964
298556	235	195295	964	964
243096	235	189610	964	964
213296	282	191708	964	964
269022	282	312507	964	964
225728	235	188729	964	964
205721	235	191090	964	964
218230	235	188498	964	964
239855	235	188891	964	964
236111	235	226070	964	964
243389	235	188694	964	964
250839	235	190214	964	964
196919	235	189292	964	964
205511	235	189595	964	964
253248	235	188122	964	964
192907	52	190247	964	964
198452	235	188558	964	964
198018	235	188887	964	964
200188	235	188864	964	964
199710	235	188226	964	964
208861	235	188074	964	964
265420	235	188524	964	964
213165	235	188462	964	964
241592	235	190545	964	964
203603	235	188384	964	964
199546	235	188173	964	964
203661	235	188418	964	964
194718	235	189662	964	964
194680	235	188075	964	964
242473	235	188405	964	964
241393	235	188761	964	964
218916	235	188726	964	964
285898	235	191162	964	964
204547	235	189386	964	964
209850	235	193614	964	964
202175	235	188351	964	964
276067	282	190599	964	964
206546	235	188106	964	964
359156	282	190175	964	964
192574	235	188202	964	964
268199	235	191998	964	964
257546	235	189333	964	964
207840	235	188388	964	964
209384	235	189806	964	964
213977	235	188054	964	964
226643	52	374975	964	964
315028	235	191264	964	964
277006	235	194357	964	964
206342	235	189306	964	964
238537	235	188700	964	964
209599	235	192573	964	964
243918	235	189422	964	964
285208	235	190269	964	964
207564	235	189215	964	964
215351	235	188957	964	964
251483	235	188333	964	964
307713	282	193302	964	964
210001	235	189795	964	964
226988	235	191403	964	964
232258	235	190027	964	964
322910	52	345407	964	964
246656	235	189188	964	964
194133	235	188564	964	964
218042	235	188546	964	964
266548	235	189772	964	964
231999	235	190066	964	964
211743	235	188995	964	964
227401	235	188580	964	964
215506	235	188924	964	964
243069	235	191116	964	964
235570	235	188967	964	964
277172	235	188898	964	964
221308	235	190104	964	964
236408	235	188025	964	964
199482	235	188685	964	964
197103	235	188599	964	964
261554	235	189563	964	964
192309	235	188802	964	964
255669	235	189930	964	964
328375	235	189728	964	964
213494	235	189238	964	964
195019	235	189097	964	964
246878	235	190149	964	964
204323	235	188565	964	964
246172	235	189883	964	964
206089	235	188294	964	964
226790	235	194212	964	964
260429	235	195599	964	964
199134	235	188985	964	964
226067	235	189344	964	964
202035	235	189921	964	964
194028	235	188137	964	964
212367	235	191142	964	964
252278	235	189519	964	964
218353	235	189102	964	964
235520	235	263788	964	964
365815	235	191982	964	964
292509	235	194551	964	964
256142	235	190333	964	964
256215	235	188106	964	964
252685	235	190172	964	964
239948	52	204616	964	964
208048	235	190310	964	964
239071	235	207471	964	964
192993	235	193181	964	964
266548	235	189461	964	964
324761	235	217871	964	964
246595	235	188681	964	964
260578	235	192977	964	964
204881	235	189855	964	964
281927	235	219597	964	964
207041	235	188111	964	964
247598	235	192350	964	964
220881	235	189398	964	964
224850	235	190149	964	964
204470	235	188993	964	964
222375	235	193033	964	964
233438	235	190541	964	964
218472	235	188552	964	964
253087	235	189945	964	964
199555	235	188098	964	964
203392	235	188524	964	964
291293	235	189544	964	964
200406	235	189230	964	964
298256	235	191828	964	964
251530	235	189005	964	964
260167	282	189654	964	964
231723	235	189593	964	964
227359	235	189241	964	964
199447	235	194401	964	964
199426	235	190916	964	964
213215	139	315338	964	964
258534	235	188076	964	964
279053	235	189896	964	964
234062	235	190469	964	964
212486	235	218989	964	964
225356	235	191512	964	964
210822	235	192295	964	964
232264	235	256771	964	964
248450	235	189207	964	964
247541	235	190053	964	964
240186	235	195138	964	964
265349	235	190833	964	964
225646	235	188803	964	964
220744	235	190037	964	964
195235	235	188633	964	964
246492	235	191501	964	964
203001	235	188025	964	964
234827	235	188203	964	964
313935	235	190214	964	964
205415	235	188027	964	964
198014	235	189861	964	964
201992	52	313793	964	964
224430	235	188247	964	964
201308	235	188627	964	964
237256	235	190112	964	964
239554	235	188066	964	964
221241	235	188123	964	964
293455	235	188479	964	964
372208	282	329997	964	964
236486	235	190472	964	964
324593	235	190134	964	964
198797	235	189137	964	964
338593	282	324352	964	964
308772	235	197616	964	964
247057	282	256770	964	964
273603	235	188887	964	964
203642	235	188957	964	964
300909	235	190538	964	964
280648	235	189577	964	964
203873	235	189045	964	964
277628	282	191267	964	964
222001	235	192188	964	964
233878	235	188473	964	964
295756	282	282774	964	964
210293	235	188677	964	964
245012	235	189982	964	964
284527	235	189256	964	964
198997	235	189035	964	964
266368	235	189780	964	964
252280	52	338889	964	964
221302	235	188106	964	964
259717	235	189519	964	964
201694	235	206860	964	964
192971	235	188629	964	964
207794	282	198956	964	964
199309	235	191217	964	964
194345	235	189148	964	964
254723	52	356277	964	964
313187	282	217246	964	964
201733	235	191151	964	964
237962	235	201834	964	964
263996	235	191675	964	964
366613	139	229269	964	964
221100	235	191795	964	964
199457	235	189699	964	964
231008	235	193592	964	964
344010	285	313498	964	964
232421	235	189952	964	964
209544	235	188732	964	964
242125	235	188685	964	964
235580	235	188064	964	964
203457	235	189540	964	964
294104	282	191515	964	964
230488	235	190360	964	964
202700	235	194363	964	964
200077	235	189666	964	964
234015	235	188817	964	964
211848	235	188878	964	964
228935	235	196020	964	964
281572	235	189558	964	964
198060	235	188878	964	964
203717	235	188193	964	964
247505	235	188476	964	964
275949	235	191980	964	964
215107	235	188500	964	964
208124	235	188041	964	964
264413	235	193648	964	964
250805	235	188352	964	964
219506	235	188059	964	964
244238	235	191797	964	964
256627	235	189043	964	964
232026	235	188469	964	964
265408	235	196152	964	964
287836	235	207984	964	964
218762	235	188122	964	964
249418	235	190785	964	964
205280	235	188211	964	964
256959	235	190707	964	964
201763	235	188256	964	964
221069	235	190280	964	964
196728	235	188839	964	964
198814	235	188165	964	964
203332	235	192314	964	964
282211	235	190734	964	964
276819	235	188294	964	964
195387	235	189470	964	964
232966	52	193759	964	964
199077	235	189464	964	964
254090	282	309554	964	964
238981	235	205425	964	964
272428	235	190123	964	964
208658	235	188059	964	964
199055	235	188375	964	964
214351	235	188223	964	964
288380	235	191828	964	964
193129	235	189289	964	964
267769	235	192328	964	964
197488	235	188066	964	964
226020	235	189153	964	964
275347	52	343681	964	964
218384	235	188555	964	964
200642	235	188887	964	964
218971	235	188540	964	964
197276	235	190381	964	964
212387	235	190321	964	964
309111	282	365173	964	964
315714	235	194595	964	964
218444	235	188050	964	964
217633	235	188558	964	964
245634	235	189494	964	964
193415	235	189068	964	964
200953	235	191984	964	964
284769	235	188523	964	964
194886	235	190899	964	964
201679	235	188232	964	964
232700	235	188726	964	964
202488	235	189471	964	964
201246	235	188338	964	964
261913	282	326034	964	964
266913	282	309554	964	964
193834	235	189407	964	964
260548	235	190153	964	964
198756	235	189224	964	964
288840	235	193977	964	964
251186	235	188592	964	964
195369	235	188109	964	964
237301	235	201757	964	964
214347	235	219919	964	964
278853	235	189092	964	964
194839	235	188259	964	964
200998	235	188601	964	964
252138	235	190115	964	964
210555	235	189002	964	964
201671	235	189583	964	964
233634	235	190161	964	964
200466	235	192186	964	964
251419	235	277456	964	964
226182	235	189659	964	964
233948	235	189518	964	964
260945	235	190055	964	964
204201	235	188344	964	964
206409	235	188442	964	964
219589	235	188968	964	964
217624	235	190360	964	964
206675	235	188710	964	964
200593	235	189341	964	964
263479	235	189320	964	964
253697	235	188649	964	964
200899	235	190558	964	964
219196	235	188539	964	964
323832	49	303487	964	964
218650	235	188386	964	964
231680	235	189205	964	964
221037	235	189100	964	964
213852	235	188878	964	964
259690	235	192592	964	964
219822	235	197363	964	964
333657	235	188820	964	964
206305	235	189201	964	964
263684	235	188730	964	964
311443	235	198900	964	964
231494	235	189994	964	964
270819	235	205974	964	964
195307	235	188802	964	964
226792	235	270130	964	964
191227	235	192399	964	964
252732	235	191665	964	964
235182	282	188889	964	964
326824	282	190783	964	964
202146	235	188011	964	964
210015	235	189195	964	964
238083	235	188420	964	964
288372	139	215442	964	964
339176	282	370362	964	964
197271	235	193656	964	964
242554	235	190888	964	964
215566	235	196853	964	964
213353	235	188414	964	964
232228	235	188627	964	964
194310	235	188162	964	964
272102	235	189121	964	964
276389	235	190785	964	964
249424	235	191092	964	964
253066	235	192841	964	964
240074	235	191941	964	964
257218	235	191454	964	964
241005	235	189577	964	964
269790	235	191452	964	964
195047	235	188045	964	964
202488	235	188402	964	964
204428	235	190960	964	964
276634	235	189065	964	964
199443	235	188353	964	964
237226	235	206802	964	964
213968	235	188894	964	964
229912	235	192046	964	964
245064	235	188473	964	964
230358	52	339746	964	964
194172	235	199092	964	964
243595	282	370647	964	964
227248	235	188754	964	964
211204	235	188389	964	964
195793	235	188452	964	964
278473	235	191116	964	964
356206	139	275385	964	964
207929	235	189461	964	964
219335	52	231069	964	964
228652	235	189550	964	964
243654	235	188070	964	964
225802	235	188165	964	964
235548	235	188736	964	964
246636	282	207620	964	964
232663	235	196102	964	964
309213	282	209040	964	964
215340	235	190171	964	964
202554	235	188629	964	964
216489	235	188298	964	964
240842	235	188726	964	964
257425	235	189241	964	964
218994	235	189443	964	964
197103	235	188108	964	964
246255	235	191096	964	964
244610	235	190251	964	964
241841	235	192075	964	964
320368	282	373234	964	964
191727	264	188548	964	964
282011	235	189696	964	964
196511	235	188754	964	964
275987	235	188352	964	964
200283	235	188040	964	964
331254	139	192723	964	964
209451	235	190215	964	964
369917	160	188022	964	964
226487	235	262423	964	964
194425	235	189653	964	964
227637	235	190273	964	964
271891	235	190650	964	964
199823	235	188052	964	964
261290	235	189202	964	964
272998	235	189753	964	964
225142	235	188396	964	964
209540	235	191941	964	964
277946	235	190801	964	964
194884	235	188324	964	964
211126	235	188237	964	964
199087	235	188121	964	964
209952	235	189616	964	964
281791	235	189333	964	964
259464	235	189948	964	964
251514	235	189980	964	964
220587	282	190355	964	964
247025	235	211828	964	964
197722	235	190499	964	964
312569	235	189550	964	964
247680	235	188677	964	964
193488	235	188107	964	964
269236	235	188736	964	964
193317	235	188438	964	964
221021	235	189327	964	964
275123	235	192311	964	964
251739	235	192520	964	964
215748	235	191264	964	964
226554	235	189341	964	964
217956	235	188406	964	964
204701	282	317111	964	964
215058	235	196293	964	964
201317	235	209486	964	964
311438	235	188803	964	964
200715	235	188027	964	964
198117	235	200641	964	964
227359	235	188649	964	964
211909	235	188621	964	964
233410	235	188634	964	964
277345	235	189054	964	964
225937	235	218849	964	964
262766	235	246867	964	964
258014	235	231910	964	964
199764	235	188949	964	964
235824	235	191304	964	964
227649	235	188634	964	964
221115	235	188771	964	964
202146	235	188027	964	964
191396	235	190684	964	964
228304	235	188557	964	964
239948	52	366035	964	964
229576	235	188539	964	964
230842	235	189518	964	964
198886	235	188275	964	964
218847	235	189846	964	964
305985	235	192638	964	964
275584	235	228632	964	964
225248	235	188298	964	964
192723	282	331254	964	964
221241	235	188476	964	964
262560	235	191382	964	964
206975	235	189201	964	964
218119	285	345000	964	964
296394	52	231069	964	964
240410	235	191828	964	964
233513	235	190541	964	964
204284	235	188161	964	964
302521	282	193403	964	964
225082	235	234883	964	964
224641	235	194242	964	964
267346	235	189659	964	964
312150	282	268550	964	964
196386	235	188511	964	964
200547	235	190610	964	964
196789	235	188076	964	964
300976	282	355794	964	964
218221	235	192475	964	964
281978	235	189053	964	964
209979	235	191828	964	964
225886	235	229878	964	964
366919	282	251069	964	964
196350	235	188895	964	964
200505	235	191103	964	964
209702	235	188423	964	964
215587	235	189344	964	964
314879	235	189315	964	964
239885	235	193350	964	964
208628	235	189645	964	964
256252	235	190591	964	964
197155	235	190162	964	964
202292	235	188388	964	964
213121	235	189091	964	964
257370	235	191731	964	964
261616	235	192592	964	964
228635	235	189061	964	964
208782	235	189581	964	964
227814	235	188203	964	964
280909	235	189417	964	964
292325	282	195330	964	964
210290	235	189085	964	964
222084	235	188515	964	964
198237	235	190888	964	964
240080	235	188237	964	964
200201	235	189452	964	964
233544	235	189994	964	964
265118	52	356206	964	964
195771	235	188555	964	964
292793	235	190504	964	964
235382	235	189092	964	964
217157	235	189677	964	964
197946	235	188476	964	964
327551	282	194109	964	964
213973	235	192870	964	964
257398	235	192035	964	964
217964	235	188803	964	964
283636	235	189019	964	964
242767	235	196227	964	964
311905	235	188975	964	964
226442	235	188527	964	964
203633	235	188017	964	964
252688	235	190203	964	964
266227	235	188978	964	964
241393	235	189529	964	964
366984	235	189061	964	964
203069	235	188901	964	964
233310	235	188255	964	964
255347	235	190027	964	964
215074	235	188469	964	964
195923	235	190381	964	964
263515	235	191586	964	964
216727	235	188116	964	964
310531	235	191125	964	964
201410	235	189219	964	964
298098	235	191797	964	964
191496	235	189352	964	964
200051	235	188298	964	964
195443	235	188264	964	964
268282	235	190513	964	964
229520	235	191062	964	964
200822	235	188264	964	964
275227	235	189201	964	964
194453	235	189613	964	964
294839	282	191831	964	964
229797	235	189329	964	964
202190	235	189614	964	964
240972	235	190135	964	964
195383	235	188332	964	964
192486	282	240909	964	964
195532	235	188319	964	964
207162	235	188134	964	964
272415	235	188527	964	964
206385	235	196044	964	964
259836	235	190353	964	964
280645	235	201868	964	964
209636	235	188397	964	964
259922	235	225848	964	964
207603	235	188297	964	964
261665	235	189277	964	964
365588	282	331934	964	964
235012	235	236882	964	964
255464	235	190139	964	964
282975	282	308345	964	964
192486	52	190811	964	964
299568	235	189224	964	964
237539	235	189651	964	964
216288	235	189584	964	964
203138	235	188487	964	964
253377	235	189692	964	964
222386	235	218080	964	964
273515	282	226761	964	964
205420	235	188140	964	964
247305	235	189358	964	964
257218	235	193614	964	964
245514	235	209684	964	964
253082	235	190210	964	964
209405	235	188524	964	964
194513	235	190210	964	964
308578	235	189391	964	964
233748	235	188041	964	964
222130	235	194881	964	964
239600	235	188645	964	964
203209	235	188808	964	964
328883	235	196227	964	964
319879	235	205350	964	964
313887	282	190977	964	964
195147	235	188869	964	964
355380	139	193243	964	964
213630	235	189894	964	964
226771	235	189094	964	964
219690	235	188146	964	964
213964	235	188896	964	964
209954	235	190045	964	964
223947	52	346702	964	964
254037	235	189149	964	964
194444	235	188033	964	964
216786	235	188645	964	964
243343	235	189281	964	964
192153	52	307706	964	964
196385	235	190038	964	964
203088	235	190455	964	964
279457	235	197407	964	964
211468	235	196693	964	964
194707	52	256770	964	964
234757	235	188743	964	964
297104	235	231104	964	964
200231	235	189671	964	964
212743	235	189293	964	964
339430	282	188431	964	964
260382	235	188557	964	964
289931	235	243677	964	964
256657	235	202269	964	964
262560	235	190075	964	964
231482	235	198866	964	964
243350	235	189726	964	964
285625	235	190785	964	964
224787	235	189789	964	964
194086	52	338690	964	964
225892	235	201594	964	964
352328	282	189330	964	964
215385	235	188126	964	964
218769	235	188461	964	964
202504	235	188901	964	964
347750	282	369885	964	964
212538	235	225267	964	964
224660	235	188877	964	964
203963	235	188098	964	964
217102	235	190535	964	964
301445	235	189904	964	964
193692	235	188616	964	964
212002	235	188564	964	964
252946	235	191312	964	964
206500	235	190653	964	964
211774	235	188773	964	964
283811	235	191964	964	964
233917	235	192295	964	964
230951	235	192730	964	964
200547	235	189707	964	964
202988	235	230677	964	964
233889	235	188454	964	964
213032	235	189013	964	964
199309	235	190310	964	964
216020	235	194002	964	964
195179	235	190665	964	964
200858	235	188742	964	964
273441	235	189083	964	964
197511	235	189397	964	964
197437	235	190353	964	964
273014	235	190835	964	964
239740	235	190306	964	964
200939	235	190890	964	964
206406	235	190104	964	964
317759	235	189544	964	964
224032	235	201692	964	964
256167	235	190836	964	964
206956	235	189516	964	964
263095	235	190833	964	964
226237	235	189811	964	964
217150	235	190066	964	964
285038	235	191116	964	964
211681	235	188985	964	964
231086	235	188028	964	964
264927	235	188228	964	964
337168	235	193167	964	964
241024	235	189751	964	964
276336	235	189277	964	964
313498	120	344010	964	964
211676	235	188629	964	964
193226	235	224479	964	964
219006	235	191726	964	964
195615	235	189614	964	964
196170	235	188126	964	964
229460	235	188054	964	964
201798	235	194881	964	964
253230	235	191180	964	964
203370	235	188320	964	964
239069	235	188223	964	964
225445	235	190953	964	964
194518	235	188126	964	964
188910	239	235270	964	964
212445	235	190846	964	964
288820	235	188700	964	964
205989	235	189593	964	964
206233	235	191256	964	964
191371	52	366996	964	964
252298	235	192108	964	964
214882	235	190505	964	964
287748	235	188838	964	964
199610	235	188161	964	964
216531	235	202697	964	964
196029	235	192144	964	964
197525	235	190052	964	964
224491	282	188295	964	964
274905	235	188792	964	964
201509	235	191747	964	964
297642	235	191310	964	964
269537	235	191495	964	964
262583	235	199124	964	964
227367	235	188991	964	964
292108	235	191406	964	964
197761	235	188546	964	964
199279	235	189892	964	964
204201	235	198607	964	964
193527	235	188249	964	964
212470	235	189718	964	964
263375	235	191372	964	964
203802	235	188277	964	964
259458	235	188552	964	964
196468	235	188589	964	964
259958	235	189391	964	964
217962	235	189702	964	964
197862	235	188285	964	964
277607	235	233502	964	964
200911	235	188442	964	964
217139	235	191768	964	964
206638	235	188315	964	964
241372	235	192745	964	964
222123	235	188858	964	964
203969	235	189041	964	964
208743	235	188087	964	964
212432	235	189098	964	964
213474	235	190474	964	964
195735	235	189495	964	964
191881	139	196277	964	964
219900	235	188134	964	964
280888	235	202433	964	964
220577	235	298977	964	964
195294	282	189856	964	964
306214	235	188619	964	964
211936	235	188202	964	964
364111	52	365234	964	964
251815	235	190822	964	964
213180	235	188344	964	964
194598	235	188839	964	964
267983	235	188015	964	964
217246	139	313187	964	964
216947	235	190402	964	964
199494	235	188065	964	964
217198	235	188884	964	964
248059	235	189677	964	964
374576	282	190575	964	964
194941	235	189035	964	964
203898	235	196401	964	964
210086	235	189835	964	964
273016	235	188608	964	964
208155	235	188297	964	964
207510	235	188052	964	964
220637	235	189390	964	964
339543	235	189241	964	964
264106	235	190866	964	964
249821	235	190558	964	964
193716	235	188443	964	964
215273	235	189866	964	964
217495	235	190443	964	964
209236	235	189220	964	964
194814	235	190127	964	964
249540	235	249541	964	964
194169	235	191854	964	964
227309	235	191368	964	964
250582	235	193895	964	964
365234	139	274825	964	964
202517	235	189443	964	964
205688	235	189241	964	964
373546	235	326461	964	964
282235	235	190785	964	964
224382	235	189001	964	964
213455	235	192222	964	964
221276	235	188470	964	964
200283	235	188802	964	964
223527	235	195397	964	964
204087	235	188476	964	964
273263	235	202993	964	964
203289	235	194211	964	964
265901	235	188886	964	964
193714	235	189911	964	964
297265	235	189123	964	964
335616	235	255005	964	964
293401	235	189045	964	964
194008	235	193539	964	964
293033	235	192171	964	964
318018	235	188250	964	964
194102	235	188619	964	964
215148	235	189717	964	964
207600	235	188143	964	964
309565	235	193495	964	964
287105	235	188924	964	964
198800	235	189145	964	964
205289	235	188073	964	964
204614	235	189950	964	964
291742	235	191116	964	964
199825	235	188568	964	964
199005	235	188096	964	964
209973	235	188344	964	964
229432	235	188414	964	964
213892	235	191462	964	964
198011	235	189696	964	964
301883	235	189681	964	964
198414	235	189148	964	964
229182	282	190779	964	964
261317	235	188382	964	964
221115	235	188556	964	964
307646	235	188690	964	964
221704	235	190523	964	964
215873	235	190640	964	964
259494	235	190251	964	964
213386	235	188744	964	964
203242	235	230886	964	964
216520	235	191151	964	964
367397	282	361065	964	964
251043	235	190311	964	964
231983	235	189853	964	964
196245	235	188085	964	964
209862	235	189520	964	964
257299	235	198686	964	964
201158	235	189263	964	964
197086	235	189827	964	964
201858	235	191625	964	964
305694	235	188544	964	964
256279	235	189065	964	964
241958	235	191828	964	964
243995	235	189307	964	964
366647	139	215172	964	964
299072	235	188019	964	964
198059	235	188314	964	964
209849	235	190650	964	964
218649	235	188541	964	964
270605	235	243760	964	964
203420	235	189246	964	964
202701	52	346182	964	964
211734	235	188059	964	964
256924	235	188998	964	964
243976	235	188647	964	964
197218	235	188107	964	964
208473	235	190867	964	964
264484	235	190278	964	964
371274	282	190713	964	964
303505	139	204159	964	964
196874	235	189054	964	964
232125	235	191420	964	964
288981	235	188469	964	964
252394	235	190360	964	964
218397	235	189159	964	964
204674	235	188414	964	964
205323	235	189191	964	964
342793	235	188892	964	964
258660	235	190785	964	964
218503	235	188201	964	964
206888	235	191142	964	964
282449	139	319622	964	964
236497	235	189453	964	964
276316	235	192091	964	964
222466	235	188685	964	964
194168	235	188060	964	964
226597	235	188862	964	964
239427	235	188038	964	964
204616	139	296024	964	964
365891	235	206641	964	964
211465	235	190285	964	964
215950	235	188492	964	964
242040	235	212118	964	964
277644	235	188403	964	964
255998	235	188264	964	964
224251	235	189713	964	964
261554	235	189333	964	964
319613	235	191989	964	964
217504	235	191989	964	964
198932	235	189177	964	964
248735	235	188694	964	964
267302	235	188477	964	964
196787	235	188015	964	964
333833	282	190128	964	964
279028	235	194005	964	964
288635	235	304569	964	964
195953	235	190134	964	964
219539	235	188502	964	964
243255	235	189554	964	964
236472	235	190866	964	964
221405	235	189855	964	964
229000	235	188876	964	964
198579	235	188768	964	964
244909	235	188616	964	964
239335	235	189013	964	964
199056	235	189555	964	964
230214	235	188294	964	964
346182	139	233274	964	964
203226	235	189281	964	964
252489	235	211940	964	964
192301	139	343346	964	964
292901	235	189538	964	964
280559	235	198425	964	964
220280	235	189468	964	964
291735	235	188402	964	964
258056	235	189471	964	964
279731	235	192100	964	964
242392	52	338889	964	964
212968	235	193958	964	964
231845	235	188415	964	964
300050	235	191911	964	964
254306	235	190023	964	964
218853	235	197178	964	964
211253	235	188816	964	964
265239	235	190096	964	964
330879	235	281995	964	964
230803	235	189894	964	964
202540	235	189681	964	964
248526	235	188768	964	964
225036	235	189028	964	964
216632	235	189401	964	964
223610	235	193592	964	964
206014	235	188480	964	964
253172	235	188768	964	964
240892	235	231282	964	964
239848	235	188365	964	964
216499	235	188647	964	964
272285	235	190037	964	964
240901	235	188438	964	964
234977	235	188370	964	964
254331	235	188532	964	964
265105	235	188960	964	964
230057	235	188802	964	964
262048	235	190027	964	964
199272	235	188876	964	964
295630	235	188660	964	964
193767	235	188010	964	964
211671	235	193164	964	964
203634	235	189849	964	964
274847	282	366365	964	964
227569	235	190223	964	964
203271	235	188050	964	964
250642	235	188778	964	964
196632	235	190558	964	964
201470	235	191256	964	964
205149	235	188386	964	964
221580	235	191768	964	964
237630	235	188943	964	964
196830	235	193359	964	964
274637	235	189229	964	964
283596	235	255005	964	964
200266	235	188298	964	964
326034	139	261913	964	964
194778	235	188298	964	964
216056	235	194750	964	964
200082	235	188640	964	964
337104	282	284989	964	964
235592	235	191998	964	964
196814	235	216354	964	964
248012	235	190676	964	964
364837	282	190086	964	964
207518	235	198505	964	964
223286	235	188223	964	964
203311	235	189321	964	964
227963	235	188403	964	964
264300	52	197528	964	964
296619	235	190323	964	964
224571	235	188496	964	964
192913	235	188616	964	964
275855	235	191811	964	964
195293	235	188010	964	964
298315	235	191372	964	964
251629	235	190506	964	964
202712	235	188582	964	964
213984	235	190952	964	964
198389	235	188393	964	964
193380	235	188270	964	964
274225	235	188264	964	964
195073	235	189086	964	964
287922	235	209684	964	964
198627	235	188747	964	964
192679	235	188044	964	964
203059	235	191989	964	964
221054	235	189111	964	964
287461	52	192039	964	964
210507	235	189887	964	964
238096	235	220590	964	964
236408	235	190866	964	964
271990	235	193614	964	964
193409	235	188617	964	964
220548	282	218854	964	964
283476	235	189071	964	964
235366	235	189738	964	964
209051	235	189637	964	964
252999	235	188851	964	964
209874	235	188094	964	964
198835	235	189760	964	964
276594	235	332586	964	964
248176	235	190251	964	964
290895	235	189563	964	964
303961	235	188070	964	964
249379	235	188700	964	964
192896	235	188050	964	964
192401	235	190689	964	964
233123	235	188765	964	964
232846	235	189123	964	964
238848	235	189763	964	964
284829	235	191105	964	964
244565	235	193840	964	964
207176	235	189346	964	964
192377	235	188031	964	964
225232	235	189870	964	964
275941	235	188384	964	964
225530	235	189765	964	964
220327	235	188405	964	964
304629	235	191308	964	964
228724	235	189238	964	964
197209	235	194891	964	964
226132	235	188894	964	964
271963	235	189320	964	964
233147	235	188874	964	964
196668	235	198478	964	964
228306	235	189422	964	964
341928	235	188609	964	964
309554	139	266913	964	964
235523	235	201314	964	964
206772	235	189028	964	964
207227	235	190541	964	964
223429	235	188025	964	964
242181	235	189696	964	964
242151	235	190785	964	964
192861	235	188616	964	964
244863	235	221362	964	964
217102	235	188432	964	964
214550	235	189345	964	964
233184	235	188458	964	964
295512	235	189814	964	964
258367	235	190838	964	964
223495	235	256783	964	964
216472	235	188629	964	964
269431	235	192568	964	964
204678	235	190591	964	964
263599	235	190310	964	964
205657	235	188677	964	964
313498	120	375716	964	964
239708	235	192496	964	964
289868	235	188886	964	964
274651	235	225848	964	964
217612	235	189377	964	964
232790	235	188538	964	964
253111	282	236704	964	964
211537	235	188729	964	964
280878	235	189651	964	964
247862	235	189215	964	964
256523	235	196619	964	964
251019	235	194067	964	964
195871	235	188802	964	964
210014	235	188060	964	964
278543	235	189162	964	964
203099	235	189298	964	964
277433	235	188538	964	964
201271	235	188742	964	964
248835	235	192607	964	964
201654	235	190504	964	964
235816	235	355821	964	964
234375	235	190760	964	964
246808	235	233502	964	964
207380	235	188589	964	964
248954	235	189286	964	964
199910	235	189164	964	964
215581	235	188878	964	964
220221	282	189368	964	964
325283	52	190284	964	964
334023	235	190538	964	964
246215	235	190778	964	964
263752	52	288372	964	964
209068	235	188068	964	964
232379	235	191557	964	964
208762	282	366365	964	964
205609	235	188123	964	964
213636	235	189921	964	964
216925	235	191409	964	964
216549	235	189345	964	964
205157	235	188334	964	964
224692	235	193784	964	964
258587	235	188465	964	964
273464	235	188523	964	964
245658	235	190244	964	964
203603	235	188599	964	964
200901	235	188451	964	964
196505	235	188544	964	964
243603	235	189866	964	964
207062	235	355821	964	964
245813	235	189376	964	964
304343	52	196752	964	964
355478	139	285229	964	964
196970	235	188701	964	964
249880	235	188838	964	964
195308	235	189421	964	964
232559	235	188924	964	964
337066	139	251697	964	964
230272	235	188700	964	964
302554	235	190183	964	964
309554	139	254090	964	964
236023	235	201282	964	964
217905	235	189384	964	964
277767	235	189095	964	964
242946	235	189705	964	964
237740	235	188868	964	964
249907	235	189908	964	964
200466	235	190298	964	964
192309	235	188558	964	964
198610	235	188202	964	964
197539	235	188270	964	964
276050	235	189099	964	964
209777	235	189727	964	964
202245	235	188371	964	964
201804	235	193592	964	964
209455	235	188923	964	964
206394	235	192374	964	964
238096	235	190066	964	964
209028	235	188444	964	964
201194	235	192853	964	964
269315	235	195851	964	964
363494	282	333239	964	964
211343	235	188491	964	964
295278	235	189647	964	964
215091	235	198949	964	964
229833	235	189273	964	964
298229	235	191310	964	964
235760	235	189419	964	964
239643	235	188469	964	964
245151	235	190976	964	964
230059	235	188145	964	964
199950	235	188219	964	964
208203	235	189541	964	964
251061	235	188146	964	964
232611	235	188444	964	964
213571	235	188614	964	964
207832	235	190184	964	964
201533	235	188068	964	964
231555	235	188638	964	964
242165	235	188761	964	964
276490	235	189712	964	964
219108	235	188173	964	964
204233	235	188683	964	964
301030	235	188523	964	964
271688	235	190027	964	964
309081	235	188106	964	964
192048	235	189136	964	964
201918	235	188153	964	964
226790	235	190874	964	964
277856	235	203451	964	964
297531	235	190385	964	964
223524	235	203382	964	964
239721	235	188754	964	964
232162	235	189610	964	964
211306	235	192108	964	964
239344	235	188033	964	964
212432	235	190538	964	964
194858	235	188078	964	964
272258	235	189659	964	964
245454	235	192295	964	964
216777	235	188050	964	964
189432	139	218953	964	964
252229	235	193614	964	964
222313	235	191828	964	964
201849	235	188837	964	964
207284	235	190307	964	964
275052	235	190538	964	964
215427	235	191313	964	964
197132	235	193181	964	964
242405	235	192730	964	964
272265	52	270293	964	964
239423	235	191142	964	964
296804	235	188519	964	964
246801	235	188432	964	964
280746	235	189727	964	964
298654	235	188009	964	964
216885	235	188870	964	964
339746	139	297217	964	964
284568	235	190646	964	964
245062	282	188295	964	964
352885	139	354933	964	964
296462	235	238061	964	964
251526	235	188123	964	964
234758	235	188838	964	964
335783	282	344332	964	964
263746	235	190353	964	964
234959	235	190250	964	964
288518	235	190501	964	964
215691	235	188767	964	964
204548	235	188585	964	964
200837	235	190248	964	964
197645	235	188737	964	964
224303	235	188133	964	964
200226	235	189819	964	964
192787	235	188394	964	964
205867	235	188179	964	964
287754	235	237651	964	964
207840	235	188011	964	964
263663	235	190190	964	964
206635	235	189530	964	964
232439	235	189455	964	964
210439	235	190682	964	964
211887	235	191269	964	964
197369	235	201155	964	964
237458	235	188019	964	964
194264	235	188887	964	964
289960	235	195651	964	964
226889	235	190007	964	964
271516	282	192400	964	964
317312	235	188146	964	964
203992	235	188222	964	964
212651	235	188833	964	964
350842	139	327527	964	964
193883	235	189001	964	964
236566	235	190866	964	964
219607	235	188794	964	964
278425	235	190538	964	964
201030	235	232301	964	964
213599	235	193614	964	964
201841	235	189500	964	964
212692	235	190278	964	964
197759	235	188592	964	964
195859	235	188076	964	964
372890	235	188228	964	964
194133	235	189293	964	964
220251	235	188381	964	964
244108	235	188449	964	964
280752	235	190944	964	964
353331	235	189638	964	964
206783	235	189188	964	964
198623	235	188126	964	964
307706	139	250427	964	964
204217	235	192091	964	964
205288	235	188555	964	964
239885	235	188390	964	964
214666	235	189110	964	964
226010	235	194164	964	964
240362	282	188889	964	964
296394	52	288910	964	964
226809	235	188556	964	964
272551	235	188200	964	964
222827	235	213087	964	964
335543	282	190364	964	964
195073	235	189789	964	964
277996	235	189109	964	964
336626	52	352374	964	964
260455	235	189137	964	964
254277	235	188768	964	964
198323	235	188015	964	964
323752	235	313486	964	964
295816	235	198302	964	964
200463	235	192091	964	964
200222	235	188073	964	964
208969	235	188055	964	964
201813	235	189045	964	964
193113	235	188935	964	964
283377	52	346702	964	964
207878	235	189447	964	964
336115	52	192039	964	964
229722	235	188773	964	964
271773	235	191209	964	964
200105	235	189341	964	964
214728	235	193044	964	964
302055	282	358083	964	964
253102	235	189003	964	964
247143	235	192737	964	964
255920	235	215657	964	964
194325	235	191933	964	964
261071	282	195572	964	964
217982	235	190785	964	964
200421	235	189377	964	964
221594	235	190385	964	964
252313	235	188989	964	964
247759	235	188514	964	964
210204	235	188314	964	964
210762	282	358621	964	964
269553	235	189885	964	964
205672	235	188805	964	964
272982	235	202775	964	964
199474	235	189218	964	964
197182	235	200923	964	964
194325	235	189376	964	964
202518	235	188999	964	964
304015	235	189358	964	964
287317	235	190785	964	964
291169	235	189828	964	964
197177	235	188601	964	964
212580	235	188414	964	964
250150	235	218522	964	964
214166	235	192222	964	964
227133	235	188037	964	964
258002	235	191908	964	964
204339	235	188419	964	964
366793	235	189577	964	964
208735	235	192427	964	964
194578	235	189035	964	964
207325	235	188043	964	964
253843	235	188268	964	964
348361	52	317111	964	964
233916	235	224479	964	964
214740	235	188147	964	964
274255	235	188496	964	964
268810	235	190944	964	964
211306	235	188991	964	964
206649	235	190066	964	964
199696	235	189021	964	964
208128	235	188175	964	964
225694	235	189002	964	964
223017	235	188345	964	964
235254	235	190576	964	964
226692	235	190801	964	964
196170	235	188050	964	964
208562	235	188109	964	964
244204	235	190653	964	964
200657	235	189404	964	964
199694	235	188543	964	964
299230	235	189520	964	964
230380	235	188552	964	964
201030	235	189518	964	964
196026	235	188647	964	964
196600	235	189946	964	964
203028	235	188232	964	964
214264	235	190174	964	964
194369	235	220248	964	964
287724	235	191310	964	964
223385	235	188474	964	964
197796	235	190310	964	964
203088	235	190750	964	964
211325	235	189581	964	964
261026	282	191042	964	964
255347	235	233502	964	964
225248	235	188489	964	964
281966	235	188801	964	964
269755	235	189544	964	964
200551	235	188738	964	964
365234	139	228731	964	964
188769	139	218207	964	964
219645	235	189495	964	964
266985	235	188567	964	964
292613	235	188557	964	964
324030	235	190833	964	964
307728	235	190220	964	964
282754	235	343837	964	964
203641	235	188067	964	964
264008	235	188556	964	964
198018	235	191768	964	964
204761	235	188028	964	964
230720	235	188468	964	964
260654	235	189338	964	964
267516	235	190526	964	964
294133	235	195494	964	964
282425	235	193772	964	964
267032	235	188405	964	964
199383	235	189855	964	964
251533	282	220566	964	964
226135	235	188202	964	964
212340	235	196384	964	964
201202	235	188802	964	964
248270	235	190675	964	964
200214	235	188607	964	964
228888	235	188941	964	964
208039	235	188148	964	964
225547	235	188694	964	964
214886	235	189352	964	964
195496	235	189251	964	964
227180	235	192186	964	964
270317	235	189579	964	964
277186	139	273321	964	964
205236	235	188556	964	964
264937	235	191780	964	964
200126	235	188105	964	964
296054	235	188960	964	964
205249	235	188617	964	964
194088	235	189341	964	964
253878	235	189894	964	964
195350	235	191663	964	964
229014	235	188830	964	964
199455	235	188208	964	964
238423	235	190069	964	964
242563	235	223201	964	964
192064	235	189982	964	964
199442	235	189613	964	964
217905	235	189133	964	964
194170	52	328752	964	964
209693	235	188041	964	964
221127	235	189455	964	964
310880	235	188260	964	964
286887	235	189202	964	964
242185	235	189039	964	964
211970	235	188433	964	964
281736	282	217246	964	964
251956	235	192231	964	964
202525	235	193614	964	964
240936	235	188773	964	964
194109	139	327551	964	964
234422	235	191462	964	964
255750	235	201273	964	964
189776	52	314753	964	964
198729	235	188557	964	964
265492	235	189563	964	964
198332	235	189487	964	964
198323	235	188061	964	964
205637	235	188747	964	964
261582	235	188738	964	964
201734	235	189935	964	964
196248	235	188358	964	964
280237	235	191512	964	964
204006	235	188629	964	964
208425	235	189104	964	964
290253	235	189555	964	964
196607	235	188570	964	964
206822	235	189936	964	964
191949	106	189342	964	964
276198	235	191846	964	964
204765	235	190381	964	964
244396	235	188964	964	964
237940	235	190398	964	964
198162	235	189048	964	964
217203	235	191698	964	964
237593	235	188108	964	964
222459	235	190385	964	964
202546	235	188827	964	964
238753	235	189809	964	964
259698	235	188294	964	964
241584	235	189307	964	964
209128	235	188432	964	964
197827	235	192328	964	964
258749	235	191780	964	964
244276	235	189411	964	964
192670	52	361937	964	964
226855	235	188754	964	964
309437	235	189742	964	964
232229	235	195998	964	964
198300	235	188139	964	964
211890	235	191797	964	964
228898	235	188231	964	964
292952	52	363553	964	964
255609	235	191096	964	964
210472	235	188017	964	964
235025	235	193977	964	964
221137	235	188263	964	964
191861	235	188616	964	964
289237	235	191200	964	964
296224	235	189397	964	964
193337	235	188121	964	964
194625	235	191756	964	964
296556	235	192821	964	964
237226	235	189013	964	964
363494	282	205892	964	964
303197	235	188398	964	964
211691	235	188901	964	964
215933	235	188345	964	964
201245	235	190910	964	964
323489	282	251069	964	964
216881	235	189354	964	964
199525	235	188802	964	964
260454	235	188976	964	964
199388	235	191058	964	964
287401	235	189333	964	964
279353	235	189253	964	964
260966	235	189471	964	964
206947	235	188444	964	964
226657	52	267546	964	964
211965	235	190381	964	964
194316	235	188356	964	964
273603	235	189631	964	964
276217	235	190215	964	964
351463	235	327677	964	964
204787	235	237570	964	964
355478	139	316248	964	964
227718	235	188597	964	964
205595	235	194976	964	964
193891	235	188438	964	964
256339	235	239349	964	964
199621	235	188726	964	964
254479	235	190833	964	964
199740	282	188930	964	964
268634	235	188899	964	964
202536	235	189351	964	964
278905	235	188960	964	964
194088	235	188839	964	964
276569	235	194534	964	964
207865	235	199285	964	964
215631	235	189709	964	964
206565	235	188519	964	964
273304	235	219805	964	964
217660	235	221098	964	964
280145	235	189053	964	964
352846	282	214186	964	964
257138	235	188768	964	964
199563	235	188183	964	964
192064	235	190082	964	964
226309	235	188402	964	964
234815	235	188471	964	964
263469	235	209684	964	964
287914	52	362460	964	964
248328	235	190223	964	964
287969	235	189939	964	964
202540	235	188414	964	964
246657	235	191980	964	964
227845	235	188555	964	964
329211	282	191195	964	964
201088	235	188444	964	964
210430	235	213464	964	964
202904	235	192446	964	964
211954	235	188038	964	964
199778	235	188147	964	964
257443	235	188011	964	964
258571	235	188557	964	964
195893	235	188798	964	964
314146	235	188649	964	964
198456	235	193359	964	964
268947	235	188552	964	964
206418	235	188275	964	964
252211	235	193189	964	964
219839	235	188802	964	964
238041	235	192340	964	964
221153	235	188137	964	964
230506	235	189431	964	964
228047	235	188452	964	964
215989	235	189520	964	964
200126	235	188126	964	964
196123	235	188056	964	964
220792	235	188348	964	964
287515	235	194040	964	964
249793	235	190385	964	964
255769	235	191304	964	964
206221	235	188050	964	964
211024	235	196081	964	964
219199	235	190505	964	964
276659	282	191885	964	964
313997	52	192039	964	964
276022	235	189205	964	964
216234	235	188419	964	964
350435	139	298320	964	964
192307	235	188701	964	964
210325	235	188489	964	964
262881	235	190538	964	964
251340	235	189134	964	964
200136	235	188476	964	964
235050	235	188710	964	964
242827	235	188097	964	964
209679	235	192328	964	964
208400	235	189387	964	964
266713	235	188126	964	964
253633	235	189307	964	964
201750	235	188137	964	964
225832	235	211060	964	964
212649	235	189855	964	964
209439	235	189100	964	964
280405	235	191629	964	964
208743	235	188113	964	964
277261	235	205350	964	964
201975	235	189614	964	964
224328	235	195851	964	964
227471	235	189137	964	964
204224	235	188264	964	964
203270	235	192220	964	964
256576	235	189307	964	964
296951	282	331934	964	964
231461	282	188431	964	964
216697	235	188829	964	964
236741	235	188663	964	964
214327	235	188645	964	964
196778	235	192295	964	964
287985	235	289339	964	964
211295	235	189242	964	964
219005	235	188519	964	964
236839	235	189058	964	964
230745	235	194976	964	964
193703	235	188285	964	964
209888	235	188388	964	964
210433	235	188223	964	964
227306	235	190307	964	964
248752	235	188388	964	964
263147	235	190054	964	964
247737	235	189005	964	964
198240	235	189452	964	964
210770	235	189048	964	964
213743	235	189317	964	964
310974	235	188935	964	964
297885	139	195922	964	964
280694	235	188556	964	964
221245	235	188710	964	964
211047	235	188206	964	964
196295	235	189007	964	964
257373	235	210415	964	964
207837	52	198956	964	964
219525	235	191557	964	964
331247	139	244129	964	964
262944	282	191609	964	964
209545	235	188276	964	964
201437	235	188970	964	964
255242	235	191058	964	964
199833	235	204792	964	964
229460	235	190129	964	964
196592	235	189030	964	964
282665	235	189121	964	964
290118	235	191310	964	964
228167	235	188173	964	964
227837	235	189136	964	964
201729	235	189358	964	964
282291	235	237570	964	964
227384	235	188068	964	964
235588	235	190138	964	964
239581	235	190360	964	964
235081	235	188699	964	964
200356	235	188139	964	964
200533	235	189603	964	964
205405	235	189240	964	964
225399	235	191487	964	964
232174	235	190558	964	964
236265	235	188132	964	964
201949	235	188076	964	964
226835	235	189762	964	964
285488	282	308161	964	964
202508	235	188003	964	964
288495	235	189139	964	964
206208	235	188710	964	964
280580	235	193318	964	964
271410	235	188465	964	964
290455	235	194620	964	964
272080	235	188826	964	964
304015	235	190676	964	964
199008	235	188113	964	964
261228	235	189894	964	964
200227	235	188225	964	964
276943	282	343549	964	964
250584	235	191972	964	964
226984	235	190801	964	964
245820	235	191400	964	964
310554	235	189967	964	964
202738	235	257618	964	964
214329	235	188381	964	964
213317	282	372834	964	964
255232	235	188627	964	964
336999	76	261785	964	964
281150	235	190840	964	964
201740	235	191366	964	964
195127	235	189524	964	964
199455	235	237190	964	964
195045	235	188113	964	964
212514	235	189289	964	964
272777	235	189135	964	964
200844	235	190707	964	964
219534	235	189582	964	964
211687	235	197267	964	964
195859	235	188015	964	964
200192	235	190285	964	964
209064	235	188906	964	964
196071	235	189005	964	964
195776	235	188129	964	964
237940	235	189376	964	964
218574	235	188069	964	964
205801	235	189487	964	964
205561	235	188935	964	964
209749	235	190082	964	964
262972	235	191125	964	964
211268	235	188615	964	964
204221	235	188078	964	964
204427	235	189417	964	964
275786	235	190715	964	964
201206	235	189118	964	964
274488	235	204307	964	964
236264	235	236882	964	964
224438	235	188544	964	964
263438	235	190153	964	964
304292	235	189880	964	964
212928	235	190068	964	964
256962	235	190311	964	964
268824	235	190183	964	964
281066	235	189165	964	964
236665	235	188782	964	964
265118	52	331797	964	964
219422	235	205402	964	964
218862	235	192295	964	964
248176	235	188816	964	964
320069	235	189391	964	964
226897	52	194700	964	964
203933	235	189228	964	964
190120	264	188548	964	964
215139	235	201757	964	964
197797	235	188678	964	964
294846	235	192711	964	964
241420	235	188617	964	964
204159	52	307706	964	964
203722	235	188451	964	964
239653	235	188015	964	964
248215	235	218814	964	964
192406	235	188432	964	964
273287	235	209684	964	964
240158	235	300103	964	964
201556	235	188659	964	964
275164	235	188106	964	964
246052	235	191254	964	964
198395	235	192397	964	964
353331	235	188689	964	964
205070	235	188094	964	964
265104	235	189317	964	964
271735	235	188348	964	964
203225	235	188414	964	964
357404	282	188431	964	964
242794	235	191964	964	964
246754	235	190037	964	964
260961	235	192046	964	964
286522	235	190191	964	964
224874	235	189840	964	964
329950	235	190572	964	964
203406	235	191795	964	964
212531	235	191454	964	964
247072	235	198086	964	964
341968	235	206466	964	964
200959	235	188437	964	964
212877	235	190172	964	964
337384	235	189925	964	964
197140	235	188441	964	964
211622	235	201319	964	964
278678	235	191058	964	964
201533	235	188432	964	964
256122	235	188772	964	964
195107	235	188050	964	964
203269	235	188285	964	964
197512	235	189487	964	964
201830	235	190068	964	964
203792	235	188015	964	964
194169	235	190165	964	964
217399	235	191989	964	964
194569	235	188765	964	964
275244	235	188862	964	964
203461	235	188469	964	964
218892	235	211574	964	964
242755	235	190385	964	964
249325	235	190432	964	964
203649	235	189910	964	964
284314	235	192328	964	964
273016	235	188884	964	964
240513	235	188268	964	964
249398	235	236882	964	964
208562	235	188076	964	964
200683	235	193140	964	964
274265	235	196240	964	964
269099	235	189070	964	964
213933	235	190221	964	964
241883	235	208917	964	964
331906	235	188868	964	964
266758	235	188592	964	964
196055	235	190513	964	964
267785	235	189333	964	964
209384	235	189341	964	964
337991	235	188411	964	964
198231	235	188015	964	964
258327	235	193066	964	964
372834	139	213317	964	964
344514	235	188403	964	964
230152	235	260599	964	964
238228	235	192592	964	964
357067	52	370415	964	964
217794	235	189818	964	964
280926	235	188206	964	964
309920	235	190075	964	964
204714	235	221986	964	964
197465	235	188878	964	964
205220	235	190772	964	964
257211	235	188448	964	964
232361	235	188298	964	964
367002	282	214389	964	964
207713	235	188066	964	964
270213	235	188358	964	964
195956	235	188050	964	964
212410	235	189725	964	964
340091	235	321680	964	964
208425	235	188284	964	964
259595	235	189078	964	964
273515	282	226761	964	964
205786	235	188590	964	964
231830	235	189630	964	964
279292	235	194357	964	964
207661	235	188420	964	964
291773	235	190538	964	964
261756	235	189201	964	964
193106	235	189351	964	964
278997	235	189531	964	964
234332	235	190558	964	964
316917	235	188388	964	964
263037	235	188914	964	964
295938	235	189188	964	964
227780	235	190049	964	964
197304	235	188615	964	964
224737	235	188647	964	964
215104	235	193795	964	964
193569	235	188324	964	964
313997	52	240954	964	964
201202	235	188200	964	964
227834	235	203201	964	964
291462	235	209684	964	964
200309	282	373515	964	964
278712	235	190646	964	964
207577	235	191142	964	964
229232	235	204748	964	964
214692	235	188839	964	964
331563	235	211940	964	964
193692	235	189493	964	964
253390	235	189893	964	964
263892	235	188552	964	964
196789	235	188226	964	964
219900	235	189013	964	964
288618	235	190888	964	964
195261	235	188789	964	964
216141	235	188186	964	964
314989	52	329616	964	964
218472	235	189121	964	964
309289	235	225848	964	964
256666	235	188388	964	964
212180	235	188753	964	964
224517	235	188794	964	964
192086	139	338537	964	964
193902	235	188045	964	964
253123	235	189835	964	964
311733	235	188297	964	964
242854	235	189257	964	964
289607	235	193167	964	964
253121	235	188891	964	964
195269	235	188034	964	964
273070	235	189244	964	964
253959	235	190650	964	964
201926	235	188407	964	964
276809	235	188892	964	964
207368	235	188868	964	964
226557	235	188920	964	964
336876	282	190342	964	964
209573	235	188901	964	964
270567	235	188420	964	964
219068	235	188357	964	964
228557	235	189549	964	964
198187	235	188515	964	964
195090	235	190675	964	964
285134	235	189991	964	964
240884	235	189968	964	964
243350	235	188526	964	964
197933	235	189760	964	964
249223	235	190785	964	964
236896	235	189780	964	964
279957	235	189454	964	964
200283	235	188015	964	964
202937	235	188094	964	964
214692	235	188691	964	964
289599	235	191100	964	964
208531	235	188414	964	964
201055	235	188091	964	964
292566	235	203382	964	964
262950	235	191675	964	964
330523	235	190538	964	964
214736	235	189015	964	964
226266	235	188910	964	964
196850	235	188546	964	964
201470	235	192399	964	964
232788	235	188203	964	964
227509	235	188568	964	964
213579	235	189218	964	964
192862	235	188285	964	964
248331	235	236882	964	964
214536	235	189821	964	964
258367	235	189707	964	964
321535	282	329997	964	964
234938	235	189880	964	964
313374	235	188552	964	964
374568	235	193368	964	964
292952	52	339750	964	964
199262	235	189742	964	964
266471	235	191989	964	964
215369	235	189522	964	964
196365	235	188221	964	964
193527	235	188479	964	964
208653	235	194908	964	964
196752	139	273631	964	964
230576	235	289077	964	964
217083	235	188622	964	964
217010	235	189118	964	964
256628	235	280210	964	964
310385	235	195851	964	964
194960	235	188702	964	964
197596	235	189350	964	964
215805	235	189854	964	964
226925	235	190563	964	964
272155	235	190935	964	964
202542	235	190420	964	964
251210	235	188193	964	964
192455	235	189117	964	964
240172	235	188178	964	964
224851	235	189577	964	964
217587	235	190334	964	964
196204	235	188040	964	964
196592	235	188972	964	964
326018	235	190358	964	964
235922	235	189384	964	964
261759	235	211940	964	964
204550	235	188432	964	964
266605	235	192766	964	964
217615	235	188031	964	964
198467	235	188486	964	964
224097	235	188033	964	964
202880	235	188681	964	964
290268	235	191679	964	964
253351	235	188201	964	964
198970	235	189138	964	964
287407	235	193160	964	964
284189	235	188806	964	964
206258	235	189097	964	964
250070	235	192197	964	964
291533	235	203157	964	964
215215	235	188242	964	964
264929	235	197453	964	964
205099	235	188069	964	964
200740	235	189202	964	964
255361	235	191125	964	964
314993	235	189201	964	964
207683	235	192573	964	964
254725	235	201950	964	964
245202	235	188524	964	964
211450	235	188573	964	964
203099	235	190248	964	964
237187	235	188120	964	964
244108	235	188700	964	964
214229	235	189048	964	964
198591	235	188592	964	964
217258	235	209672	964	964
242794	235	188457	964	964
342878	282	358007	964	964
225770	235	189780	964	964
343093	235	188106	964	964
223188	235	189329	964	964
343681	139	343384	964	964
245576	235	188121	964	964
269791	235	191271	964	964
205892	139	363494	964	964
201741	235	188065	964	964
213859	235	189418	964	964
203681	235	190866	964	964
220873	235	189055	964	964
196159	235	188147	964	964
239594	235	190459	964	964
228919	235	188677	964	964
199047	235	188695	964	964
212165	235	190052	964	964
223076	235	188010	964	964
204259	235	188206	964	964
210460	235	191162	964	964
269449	235	191193	964	964
206392	235	189013	964	964
213195	235	190968	964	964
350174	282	192227	964	964
203071	235	192139	964	964
278335	235	191648	964	964
201379	235	188621	964	964
247779	282	215177	964	964
274676	235	189164	964	964
199587	235	189242	964	964
204260	235	188051	964	964
202558	235	188959	964	964
207333	235	188627	964	964
196511	235	194736	964	964
245244	235	188611	964	964
235825	235	188923	964	964
260598	235	188627	964	964
231086	235	189955	964	964
203739	235	188454	964	964
236264	235	189003	964	964
333206	282	336786	964	964
327947	235	212118	964	964
202637	235	188050	964	964
245712	235	189603	964	964
285650	235	191752	964	964
295944	235	188690	964	964
193915	235	189462	964	964
216462	235	188544	964	964
201031	235	188647	964	964
212101	235	188771	964	964
260488	235	190037	964	964
273321	282	277186	964	964
220553	235	188802	964	964
230894	235	190265	964	964
220210	235	189413	964	964
215157	235	188173	964	964
210982	235	188310	964	964
196977	235	188452	964	964
194843	235	188074	964	964
225098	235	188756	964	964
285015	235	190143	964	964
197591	235	190153	964	964
269817	235	188592	964	964
251377	235	190477	964	964
229872	235	189645	964	964
284855	235	190699	964	964
201930	235	188065	964	964
314416	52	363648	964	964
223123	235	189499	964	964
204943	235	190072	964	964
372966	282	193292	964	964
319846	235	189514	964	964
278103	235	191701	964	964
269300	235	188444	964	964
217988	235	188066	964	964
251878	235	188803	964	964
269264	235	189333	964	964
248816	235	190138	964	964
207260	235	188794	964	964
227069	235	188405	964	964
209558	235	188085	964	964
263598	235	202697	964	964
203749	235	189848	964	964
195186	52	317111	964	964
196662	235	189126	964	964
275556	235	190824	964	964
253066	235	189803	964	964
248997	235	191625	964	964
201603	235	232935	964	964
195774	235	260430	964	964
235445	235	189137	964	964
284987	235	190640	964	964
270659	235	191665	964	964
338982	282	292902	964	964
216146	235	189017	964	964
234722	235	196477	964	964
251082	235	189659	964	964
343576	139	291651	964	964
198660	235	188402	964	964
282124	235	193393	964	964
264300	282	197528	964	964
212449	235	188208	964	964
259392	52	353315	964	964
204308	235	189054	964	964
225131	235	189696	964	964
199233	235	189004	964	964
273739	235	189540	964	964
346373	235	189795	964	964
239260	235	192730	964	964
191973	235	193359	964	964
210924	235	190499	964	964
272393	282	191609	964	964
201431	235	192295	964	964
194680	235	188202	964	964
218079	235	188699	964	964
281352	235	208917	964	964
196862	235	188285	964	964
252318	235	191058	964	964
219765	235	188700	964	964
196458	235	193164	964	964
318655	282	331934	964	964
208846	235	189188	964	964
203384	235	189191	964	964
324014	235	188646	964	964
218803	235	188577	964	964
236865	235	202096	964	964
216547	235	189318	964	964
202596	235	188284	964	964
229514	235	189246	964	964
227246	235	188093	964	964
208342	235	189319	964	964
215608	235	190310	964	964
255638	235	209539	964	964
212189	235	190628	964	964
238575	235	188249	964	964
226439	235	188823	964	964
274243	235	192568	964	964
267335	235	189326	964	964
351422	282	338895	964	964
221212	235	191578	964	964
217997	235	192186	964	964
194103	235	188438	964	964
213719	235	188792	964	964
263299	235	188838	964	964
230324	235	193233	964	964
248566	235	190589	964	964
257576	235	189338	964	964
197552	235	188133	964	964
210431	235	188079	964	964
296024	52	324352	964	964
204583	282	239037	964	964
318479	235	193160	964	964
257532	235	189316	964	964
339736	235	189523	964	964
237093	235	189289	964	964
237743	235	189540	964	964
209561	235	188035	964	964
197860	235	190866	964	964
206407	235	190610	964	964
200468	235	189595	964	964
239742	235	191275	964	964
241002	235	188821	964	964
255873	235	188768	964	964
273849	235	207079	964	964
216771	235	188107	964	964
269323	235	189471	964	964
205494	235	189532	964	964
194974	235	188247	964	964
199409	235	188471	964	964
257840	235	188794	964	964
289951	235	188519	964	964
301324	235	202269	964	964
202828	235	189137	964	964
214556	235	189884	964	964
220577	235	192997	964	964
230029	235	190925	964	964
250070	235	189085	964	964
205830	235	189075	964	964
256159	235	190276	964	964
297770	235	204584	964	964
280489	235	192397	964	964
254501	235	191687	964	964
250200	235	189207	964	964
208756	235	188547	964	964
198967	235	191805	964	964
324280	235	189894	964	964
265120	235	188145	964	964
247541	235	188665	964	964
272943	235	189728	964	964
227820	282	188295	964	964
293076	235	189256	964	964
240783	235	189298	964	964
212613	235	188972	964	964
254037	235	190895	964	964
310555	52	270293	964	964
269323	235	208917	964	964
242001	235	190027	964	964
250427	282	307706	964	964
232966	282	193759	964	964
204668	235	189194	964	964
208724	235	189100	964	964
193970	235	190184	964	964
198625	235	188627	964	964
238538	52	329616	964	964
198760	235	192738	964	964
246427	235	188725	964	964
225214	235	192781	964	964
253349	235	190895	964	964
292534	282	308970	964	964
210408	235	189295	964	964
242952	235	195494	964	964
235040	235	188681	964	964
199497	235	191701	964	964
195353	235	188298	964	964
253236	235	190772	964	964
212029	235	188604	964	964
194616	235	188003	964	964
219384	235	191768	964	964
272551	235	190789	964	964
253539	235	191162	964	964
194700	139	191201	964	964
213799	235	191264	964	964
195642	235	189925	964	964
257527	235	217871	964	964
223146	235	189640	964	964
197168	235	193164	964	964
245454	235	189449	964	964
195728	235	188059	964	964
248432	235	189757	964	964
197811	235	188130	964	964
247305	235	189775	964	964
198128	235	188798	964	964
209176	235	188074	964	964
248434	235	190333	964	964
229362	235	190385	964	964
241432	235	223007	964	964
207134	235	214698	964	964
212121	235	262493	964	964
268927	235	188417	964	964
211427	235	188542	964	964
316834	235	188268	964	964
350767	282	190128	964	964
372982	282	267790	964	964
196069	235	192575	964	964
262934	235	189529	964	964
200217	235	191409	964	964
271171	235	189279	964	964
196644	235	190298	964	964
318659	282	192039	964	964
341822	235	188659	964	964
271895	235	188480	964	964
221984	235	190734	964	964
203001	235	189102	964	964
216419	235	190275	964	964
233692	235	188342	964	964
262744	47	290695	964	964
213032	235	189136	964	964
199866	235	188015	964	964
213113	235	188041	964	964
223848	235	303728	964	964
313498	120	278146	964	964
196909	282	190779	964	964
229051	235	191390	964	964
195483	235	188438	964	964
204827	235	188617	964	964
248363	235	188440	964	964
211671	235	188246	964	964
251007	235	188958	964	964
198907	235	189292	964	964
271837	235	190833	964	964
255959	235	190549	964	964
213358	235	188733	964	964
288604	235	189256	964	964
293660	235	188939	964	964
302460	235	190385	964	964
199750	235	188827	964	964
368655	282	330174	964	964
224068	235	191512	964	964
246070	235	190515	964	964
242635	235	190570	964	964
260816	235	188344	964	964
248267	235	188803	964	964
193569	235	190535	964	964
274670	282	211512	964	964
195179	235	188710	964	964
236969	235	188223	964	964
214142	235	188483	964	964
283670	235	188332	964	964
205431	235	188538	964	964
215295	235	188003	964	964
269804	235	190675	964	964
322622	52	329616	964	964
287068	235	188898	964	964
269280	235	188761	964	964
217836	235	189696	964	964
197988	235	188798	964	964
202503	235	188388	964	964
297319	235	190526	964	964
211656	235	192240	964	964
196312	235	188754	964	964
350555	139	333341	964	964
233485	235	202976	964	964
243425	235	189253	964	964
271752	235	188514	964	964
320240	235	191360	964	964
235981	235	189358	964	964
210625	235	188570	964	964
199834	235	188458	964	964
214941	235	214742	964	964
205388	235	190432	964	964
213489	235	188941	964	964
194140	235	189910	964	964
225772	235	189671	964	964
280727	235	189780	964	964
342373	282	190364	964	964
239218	235	189333	964	964
257707	235	189870	964	964
229045	235	189835	964	964
252682	235	199529	964	964
217389	235	188153	964	964
208862	235	191828	964	964
308052	235	188523	964	964
223884	235	191495	964	964
221178	235	190011	964	964
203625	235	190360	964	964
216474	235	189275	964	964
199560	235	188052	964	964
215979	235	190538	964	964
232966	52	197528	964	964
218320	235	188657	964	964
199595	235	189209	964	964
220765	52	347585	964	964
293877	52	267546	964	964
340908	282	248181	964	964
262010	235	188552	964	964
201842	235	189150	964	964
230782	235	189140	964	964
208093	235	188808	964	964
192052	235	191068	964	964
190906	235	188515	964	964
241834	235	204149	964	964
199033	235	188358	964	964
283317	282	190770	964	964
196717	235	204792	964	964
339746	139	323286	964	964
222123	235	190689	964	964
246221	235	188802	964	964
259352	235	197165	964	964
200351	235	188106	964	964
199639	235	188853	964	964
252673	235	188471	964	964
218401	235	257212	964	964
196173	235	188419	964	964
194174	235	188320	964	964
233327	235	190432	964	964
195180	235	188633	964	964
247057	282	267546	964	964
222757	282	189204	964	964
214323	235	190501	964	964
210952	235	189319	964	964
242141	235	189600	964	964
293668	235	205974	964	964
236241	235	190251	964	964
324990	235	188470	964	964
202474	235	189241	964	964
236675	282	323293	964	964
205479	235	189172	964	964
201969	235	190381	964	964
252058	235	207146	964	964
214370	235	188754	964	964
260718	235	219783	964	964
205479	235	189048	964	964
255763	235	191090	964	964
240156	52	331038	964	964
196740	235	188498	964	964
361022	282	322422	964	964
217268	235	189397	964	964
205492	235	192034	964	964
241432	235	191256	964	964
204001	235	188285	964	964
214011	235	189065	964	964
295505	235	190385	964	964
250760	235	192675	964	964
269604	235	289077	964	964
248212	235	188164	964	964
220947	235	188792	964	964
226609	235	188971	964	964
216612	235	188315	964	964
236566	235	188960	964	964
303696	235	189894	964	964
212207	235	189636	964	964
337057	235	188143	964	964
194541	235	190184	964	964
201020	235	188314	964	964
221769	52	261308	964	964
242311	235	190833	964	964
210043	235	189344	964	964
196804	235	188091	964	964
283740	282	201301	964	964
262180	235	190223	964	964
218488	235	188294	964	964
202533	235	189307	964	964
195210	235	188023	964	964
263273	235	202096	964	964
295555	139	307213	964	964
242651	235	190065	964	964
199510	235	189610	964	964
207050	235	188446	964	964
204564	235	196855	964	964
200536	235	197261	964	964
210493	235	189323	964	964
199003	235	189034	964	964
193485	235	283342	964	964
239354	235	192581	964	964
208551	235	199968	964	964
201424	235	188432	964	964
287582	235	190827	964	964
235025	235	189315	964	964
208472	235	189679	964	964
213901	235	190381	964	964
217540	235	188540	964	964
356758	52	346182	964	964
211866	235	189154	964	964
282236	235	194260	964	964
196818	235	188725	964	964
207892	235	188105	964	964
204420	235	188785	964	964
287810	235	189582	964	964
302611	235	189047	964	964
217190	235	189055	964	964
197951	235	189464	964	964
345591	282	188295	964	964
299085	235	188989	964	964
214324	235	188318	964	964
220129	235	190866	964	964
245970	235	189225	964	964
266157	235	255005	964	964
196324	235	188126	964	964
248106	235	188754	964	964
196892	235	188026	964	964
339176	52	370362	964	964
219637	235	188153	964	964
209068	235	188066	964	964
345407	139	297252	964	964
250166	235	190529	964	964
295132	235	198344	964	964
238041	235	189862	964	964
239948	282	366035	964	964
198756	235	190217	964	964
247479	235	190978	964	964
244790	235	191324	964	964
195118	235	188815	964	964
270846	52	366035	964	964
198864	235	188501	964	964
307213	282	295555	964	964
256395	235	189391	964	964
208962	235	188629	964	964
267743	235	205811	964	964
264982	42	188910	964	964
227456	235	188567	964	964
331958	139	304727	964	964
289016	235	188940	964	964
194274	235	192295	964	964
206221	235	188015	964	964
291554	235	190541	964	964
215834	235	244068	964	964
311575	235	235450	964	964
195671	235	189582	964	964
222196	235	188093	964	964
192384	235	191269	964	964
224185	235	191828	964	964
197416	235	188556	964	964
196674	235	188107	964	964
192993	235	188685	964	964
271169	235	192295	964	964
201592	235	339277	964	964
226182	235	189638	964	964
266301	235	188513	964	964
247780	235	188024	964	964
196126	235	188584	964	964
194771	235	191601	964	964
230683	235	189726	964	964
278659	235	194357	964	964
201331	235	189910	964	964
249777	52	329616	964	964
289745	235	188838	964	964
203359	235	190541	964	964
268918	235	192475	964	964
266605	235	188865	964	964
230055	235	291285	964	964
335691	235	189085	964	964
241226	235	188577	964	964
210831	235	188065	964	964
335658	52	346182	964	964
278688	235	208917	964	964
249322	52	313793	964	964
194008	235	189854	964	964
192874	235	188109	964	964
282759	235	220010	964	964
239454	235	202413	964	964
282116	235	189085	964	964
202156	235	188524	964	964
203397	235	188076	964	964
240400	235	188894	964	964
196214	235	189103	964	964
242267	235	188419	964	964
261393	235	190214	964	964
243521	235	192592	964	964
233917	235	189333	964	964
201102	235	189020	964	964
232136	235	189121	964	964
272271	282	243095	964	964
311365	235	190850	964	964
195523	52	307706	964	964
279555	235	192607	964	964
204852	235	189598	964	964
296556	235	201950	964	964
306009	235	189494	964	964
243702	235	189752	964	964
217058	235	189789	964	964
287461	52	240954	964	964
306742	235	188935	964	964
285236	235	189438	964	964
194282	235	188950	964	964
215900	235	188551	964	964
305781	282	284989	964	964
253614	235	188158	964	964
226203	235	188079	964	964
191818	235	188155	964	964
323423	235	189780	964	964
197641	235	188031	964	964
218791	235	229517	964	964
312820	282	312507	964	964
216905	235	188438	964	964
329616	139	322622	964	964
297077	235	198100	964	964
198671	235	188802	964	964
208620	235	188432	964	964
221341	235	188414	964	964
215617	235	188066	964	964
249984	235	190965	964	964
216106	235	192255	964	964
298547	282	195330	964	964
228621	235	188980	964	964
196349	235	193163	964	964
355380	139	191777	964	964
192866	235	188079	964	964
257186	235	188041	964	964
251124	235	188223	964	964
259824	235	188202	964	964
262149	52	343681	964	964
197486	235	189050	964	964
198959	235	188616	964	964
204630	235	188835	964	964
200003	235	188078	964	964
202236	235	189524	964	964
276681	235	188869	964	964
323286	52	331254	964	964
235128	235	194479	964	964
286787	235	188470	964	964
362460	139	288909	964	964
213085	235	188612	964	964
252318	235	189449	964	964
264684	235	188348	964	964
198059	235	188979	964	964
268997	235	219070	964	964
203850	235	188463	964	964
268589	235	203670	964	964
281832	235	251509	964	964
222142	235	188801	964	964
196086	235	188874	964	964
223429	235	188098	964	964
210576	235	188567	964	964
207056	235	189186	964	964
211374	235	189160	964	964
198776	235	188633	964	964
232445	235	189494	964	964
219535	235	189970	964	964
206520	235	192766	964	964
235483	235	189998	964	964
199979	235	188153	964	964
235798	235	195099	964	964
232839	235	188364	964	964
219525	235	191454	964	964
194088	235	188092	964	964
320961	235	188469	964	964
192347	235	188156	964	964
242598	235	190572	964	964
196577	235	189145	964	964
282469	235	190138	964	964
216713	235	189780	964	964
206818	235	188226	964	964
299693	282	308161	964	964
259477	235	190335	964	964
250630	235	221304	964	964
203469	235	196858	964	964
280105	235	189121	964	964
215013	235	276018	964	964
204026	235	190251	964	964
235178	235	189614	964	964
208710	235	192371	964	964
254717	235	189137	964	964
336705	282	336324	964	964
235497	235	295069	964	964
195531	235	190684	964	964
208846	235	188844	964	964
329174	101	197150	964	964
305529	235	192070	964	964
221833	282	191850	964	964
296309	282	370647	964	964
217716	235	202383	964	964
266416	235	188997	964	964
355571	282	194480	964	964
222857	235	188166	964	964
237564	235	205199	964	964
201622	235	190558	964	964
247116	235	189377	964	964
196066	235	188610	964	964
203802	235	188338	964	964
269281	235	190115	964	964
288431	235	190850	964	964
223622	235	191138	964	964
247307	235	193614	964	964
205249	235	188450	964	964
272057	235	188449	964	964
199148	235	188524	964	964
208783	235	188584	964	964
222103	235	188576	964	964
193954	235	188026	964	964
356383	139	225467	964	964
199144	235	188098	964	964
215384	235	188892	964	964
203238	235	289077	964	964
196079	235	188109	964	964
197930	282	192128	964	964
214524	235	189921	964	964
239053	235	190174	964	964
214615	235	189705	964	964
238174	235	188261	964	964
239793	235	188690	964	964
196187	235	193592	964	964
202799	235	188740	964	964
204438	235	189225	964	964
218415	235	191422	964	964
287797	235	188773	964	964
356383	139	243601	964	964
257184	235	194736	964	964
230630	235	190039	964	964
285450	235	188399	964	964
195532	235	188285	964	964
213386	235	192240	964	964
227025	235	208679	964	964
216495	235	190153	964	964
339725	235	233502	964	964
221504	235	189762	964	964
212565	235	188613	964	964
196971	235	188035	964	964
261433	235	249541	964	964
305670	235	190676	964	964
205395	235	190803	964	964
287364	52	231069	964	964
201808	235	188895	964	964
257713	235	374704	964	964
200361	235	266376	964	964
296394	52	197528	964	964
267223	235	188375	964	964
366227	49	252669	964	964
193676	235	188060	964	964
194549	235	189717	964	964
219794	235	189237	964	964
198117	235	197616	964	964
231585	235	188561	964	964
205393	235	194976	964	964
208414	235	188228	964	964
212422	235	332059	964	964
273234	235	190541	964	964
238443	235	188093	964	964
197171	235	188237	964	964
318654	235	189894	964	964
223848	235	188592	964	964
249171	235	189651	964	964
228040	235	188421	964	964
283446	235	188804	964	964
201847	235	188037	964	964
199055	235	188881	964	964
197865	235	192872	964	964
216462	235	188392	964	964
196435	235	189021	964	964
254717	235	188592	964	964
216561	235	188450	964	964
225822	235	189851	964	964
232446	235	189366	964	964
200432	235	236882	964	964
275798	235	189894	964	964
188910	239	264982	964	964
194157	235	190248	964	964
321983	139	228459	964	964
217908	235	191917	964	964
206787	235	203157	964	964
209162	235	188410	964	964
205662	235	188551	964	964
346864	282	190779	964	964
205553	235	188192	964	964
208766	235	188645	964	964
306865	235	203382	964	964
290091	235	192174	964	964
201183	235	189492	964	964
252639	282	316736	964	964
200971	235	188894	964	964
205632	235	195546	964	964
249140	235	189116	964	964
246062	235	190473	964	964
201154	235	192409	964	964
306408	235	188557	964	964
280630	282	191205	964	964
212907	235	188778	964	964
288635	235	200987	964	964
209022	235	190628	964	964
203045	235	189267	964	964
256456	235	188476	964	964
202948	235	192104	964	964
208303	235	188498	964	964
255508	235	188592	964	964
209329	235	188060	964	964
229944	235	191264	964	964
241743	235	189433	964	964
317653	235	189205	964	964
203023	235	189982	964	964
252278	235	190229	964	964
228962	235	213291	964	964
208230	235	190134	964	964
363879	282	193292	964	964
209778	235	191274	964	964
211169	235	188551	964	964
207831	235	198505	964	964
255867	235	189164	964	964
227871	235	196793	964	964
254974	52	327700	964	964
195518	235	188477	964	964
272307	235	188877	964	964
194771	235	191806	964	964
346182	139	335658	964	964
206555	235	189762	964	964
224083	235	188960	964	964
278081	235	211940	964	964
263537	235	189471	964	964
212568	235	188248	964	964
203095	235	189191	964	964
207579	235	192538	964	964
210952	235	190595	964	964
225367	235	188126	964	964
210913	235	189523	964	964
230727	235	189874	964	964
198892	235	189087	964	964
225093	235	188662	964	964
245896	235	195254	964	964
267769	235	214865	964	964
247961	235	189121	964	964
240759	235	190628	964	964
271046	235	224283	964	964
346182	139	357957	964	964
212704	235	201155	964	964
197532	235	189582	964	964
198016	52	194700	964	964
195176	235	189188	964	964
250481	235	191758	964	964
260588	235	188041	964	964
256183	235	190223	964	964
255280	235	223003	964	964
251553	235	192187	964	964
195661	235	189383	964	964
331165	235	190334	964	964
273350	235	188972	964	964
210951	235	189530	964	964
193699	235	188259	964	964
244156	235	190068	964	964
292412	235	188438	964	964
228509	235	242557	964	964
232025	235	188501	964	964
370116	139	349954	964	964
296714	235	194357	964	964
217937	235	191990	964	964
240123	235	189657	964	964
196201	235	188026	964	964
245613	282	322420	964	964
204417	235	188055	964	964
226407	235	189188	964	964
269191	235	188392	964	964
237871	235	188774	964	964
233896	235	188333	964	964
282495	235	191062	964	964
238014	235	188826	964	964
196822	235	188043	964	964
239722	235	188877	964	964
312809	235	188297	964	964
249462	235	192231	964	964
197049	235	188906	964	964
200426	235	188833	964	964
201237	235	189202	964	964
209035	235	191984	964	964
193241	235	189520	964	964
268967	235	196044	964	964
201738	235	188627	964	964
216558	235	188305	964	964
221519	235	188733	964	964
211651	235	189004	964	964
222953	235	188240	964	964
234697	235	191980	964	964
352374	139	276943	964	964
194248	235	188601	964	964
210792	235	189974	964	964
209859	235	189528	964	964
199482	235	188202	964	964
251958	235	190988	964	964
214884	235	188285	964	964
274170	235	189638	964	964
211729	235	188099	964	964
258272	282	220238	964	964
235864	235	188898	964	964
281329	235	188838	964	964
219583	235	188136	964	964
247915	235	193491	964	964
212500	235	191624	964	964
200411	235	188297	964	964
236411	235	190054	964	964
233485	235	191908	964	964
202453	235	189908	964	964
229756	235	192745	964	964
196936	235	188958	964	964
203287	235	189669	964	964
213149	235	188069	964	964
200173	235	189238	964	964
213301	235	188819	964	964
223818	235	189361	964	964
190906	235	191624	964	964
194962	235	189126	964	964
192598	139	365965	964	964
237108	235	189994	964	964
206431	235	188393	964	964
206605	235	189151	964	964
255045	235	204392	964	964
218181	235	213044	964	964
193613	235	188045	964	964
270721	235	188541	964	964
276856	235	194968	964	964
211427	235	188041	964	964
207521	235	188872	964	964
289232	52	331374	964	964
203406	235	189075	964	964
194274	235	189471	964	964
213785	235	188358	964	964
259270	235	191797	964	964
307979	235	188281	964	964
212744	235	188441	964	964
212676	235	188104	964	964
205519	235	188710	964	964
317816	235	190172	964	964
193203	235	189620	964	964
327551	52	194109	964	964
205343	235	188256	964	964
247435	235	189500	964	964
317170	235	191454	964	964
216508	235	191264	964	964
206695	235	188935	964	964
266192	235	208917	964	964
253118	282	189992	964	964
201383	235	188629	964	964
242819	235	189317	964	964
208886	235	193262	964	964
235443	235	188113	964	964
205363	235	191264	964	964
201024	235	190899	964	964
207121	235	189851	964	964
299054	235	219597	964	964
263095	235	201594	964	964
198525	235	188173	964	964
264036	235	189383	964	964
197685	235	191654	964	964
242935	235	188075	964	964
310782	235	191303	964	964
237695	235	189866	964	964
199954	235	189058	964	964
204189	235	189655	964	964
245636	52	355026	964	964
310690	235	239349	964	964
197035	235	192186	964	964
202146	235	188802	964	964
199357	235	188211	964	964
218166	235	188713	964	964
224892	235	188399	964	964
271816	235	189484	964	964
370367	235	310069	964	964
202743	235	192745	964	964
224310	235	188429	964	964
319733	235	190589	964	964
197423	235	188242	964	964
297811	235	189932	964	964
282449	139	267149	964	964
198692	235	189720	964	964
278279	235	193198	964	964
202161	235	188979	964	964
230372	235	194591	964	964
305189	235	189577	964	964
278377	235	189827	964	964
208522	235	189540	964	964
311656	235	190850	964	964
218953	282	189432	964	964
300889	235	190636	964	964
362395	52	321983	964	964
234605	235	188803	964	964
203234	235	188175	964	964
204899	235	188414	964	964
202223	235	189610	964	964
194917	235	188173	964	964
231982	235	190432	964	964
228212	235	189307	964	964
198666	235	188031	964	964
243281	235	201402	964	964
232966	52	284614	964	964
231662	52	267546	964	964
212201	235	189121	964	964
211396	235	190914	964	964
260846	235	190191	964	964
203847	235	188297	964	964
197902	235	189500	964	964
199442	235	188798	964	964
202826	235	189118	964	964
201786	235	190420	964	964
209019	235	189225	964	964
208842	235	189020	964	964
299250	37	189755	964	964
260987	235	211940	964	964
207712	235	189137	964	964
205146	235	189165	964	964
196985	282	356277	964	964
295332	235	190084	964	964
330676	282	346182	964	964
246403	235	188616	964	964
260877	235	190027	964	964
225473	235	188348	964	964
240840	282	332391	964	964
209239	235	190360	964	964
192265	282	339746	964	964
256755	235	188855	964	964
243357	235	193614	964	964
217823	235	190729	964	964
242751	235	188397	964	964
354797	235	188859	964	964
252471	235	188348	964	964
221069	235	198656	964	964
197121	235	188109	964	964
209066	235	189350	964	964
334476	47	308828	964	964
197147	235	188792	964	964
203744	235	188120	964	964
281149	282	190393	964	964
223916	235	188407	964	964
250166	235	189749	964	964
192861	235	220731	964	964
287281	235	289077	964	964
292677	235	192397	964	964
244410	235	190122	964	964
300136	235	193614	964	964
212229	235	188510	964	964
248383	235	190037	964	964
258094	282	203375	964	964
204582	235	189095	964	964
214298	235	189530	964	964
298229	235	189712	964	964
205534	235	190221	964	964
194029	235	188958	964	964
211991	235	201757	964	964
198152	235	188737	964	964
216815	235	190172	964	964
212497	235	188737	964	964
268274	235	190953	964	964
194373	235	191392	964	964
233473	235	188732	964	964
215940	235	188891	964	964
220347	235	201594	964	964
200002	235	188906	964	964
192096	52	307706	964	964
193183	235	206226	964	964
212846	235	190653	964	964
256638	235	190248	964	964
195385	235	188048	964	964
259540	235	208917	964	964
204216	235	188633	964	964
218637	235	189884	964	964
311912	235	191092	964	964
256238	235	189071	964	964
313077	273	208829	964	964
200543	235	188152	964	964
229736	235	212109	964	964
201737	235	188161	964	964
257082	235	189411	964	964
204970	235	190129	964	964
206125	235	189741	964	964
260724	235	360646	964	964
195001	235	188753	964	964
326060	235	188601	964	964
296174	235	233502	964	964
245737	235	206641	964	964
191868	235	188438	964	964
296989	235	197721	964	964
331828	235	190569	964	964
263796	235	191571	964	964
205243	235	190059	964	964
221021	235	188268	964	964
229854	235	190866	964	964
198490	235	188985	964	964
248666	282	188930	964	964
213054	235	190477	964	964
196263	235	188298	964	964
198731	235	192318	964	964
213873	235	188520	964	964
188548	264	191727	964	964
210407	235	188847	964	964
208646	235	190167	964	964
209436	235	188264	964	964
217015	235	189228	964	964
259658	235	189945	964	964
243028	235	195164	964	964
211212	235	192018	964	964
205391	282	296196	964	964
209976	235	189242	964	964
252763	235	193164	964	964
329077	52	298157	964	964
226643	52	196752	964	964
234574	52	353315	964	964
213021	235	188294	964	964
209536	235	188624	964	964
199400	235	190570	964	964
202813	235	188211	964	964
335658	282	346182	964	964
227324	235	188719	964	964
269449	235	188414	964	964
263313	235	188665	964	964
214351	235	188803	964	964
281621	235	316801	964	964
220831	235	214355	964	964
206751	235	188779	964	964
198394	235	188754	964	964
198490	235	188438	964	964
194128	235	189699	964	964
226761	139	273515	964	964
203463	235	188034	964	964
210172	235	188660	964	964
278231	235	188396	964	964
269247	235	190027	964	964
192241	235	189064	964	964
204362	235	188048	964	964
229027	235	190950	964	964
262596	235	189429	964	964
259107	235	193386	964	964
211628	235	190385	964	964
198414	235	188438	964	964
198012	235	188099	964	964
226513	235	189466	964	964
281558	235	188338	964	964
217329	235	193536	964	964
286293	235	267180	964	964
216663	235	190295	964	964
199592	235	188228	964	964
314226	235	195958	964	964
194856	52	329616	964	964
237184	235	189709	964	964
207925	235	188094	964	964
276227	235	188426	964	964
330101	235	190833	964	964
201141	235	190866	964	964
343554	235	219031	964	964
317828	235	195494	964	964
192721	235	188319	964	964
298302	235	191116	964	964
195098	235	190303	964	964
291489	235	192446	964	964
199385	235	189642	964	964
215442	282	288372	964	964
221701	235	189195	964	964
201796	235	189289	964	964
221796	235	236587	964	964
277689	235	194067	964	964
235270	42	188910	964	964
237676	235	188076	964	964
209104	235	188441	964	964
307932	235	189117	964	964
199259	235	188526	964	964
197307	235	188253	964	964
210758	235	188050	964	964
244120	235	201757	964	964
198374	235	188386	964	964
208941	235	188892	964	964
233799	235	188246	964	964
227444	235	192906	964	964
257989	235	188584	964	964
265126	235	189679	964	964
238722	282	192154	964	964
212992	235	188655	964	964
259708	235	190538	964	964
205296	235	190083	964	964
230233	235	188768	964	964
232716	235	189972	964	964
282930	235	191509	964	964
228964	235	189180	964	964
219335	282	375593	964	964
195755	235	188030	964	964
293728	235	189908	964	964
197334	235	188584	964	964
214922	282	354211	964	964
345064	282	189773	964	964
198482	235	192187	964	964
197352	235	189994	964	964
237539	235	188891	964	964
225211	235	189188	964	964
195060	235	189950	964	964
306572	235	188025	964	964
201796	235	189560	964	964
196660	235	190219	964	964
225907	235	246867	964	964
204795	235	188161	964	964
250917	235	218522	964	964
239121	235	188398	964	964
262802	235	237570	964	964
253840	235	190514	964	964
236224	235	188208	964	964
239414	235	208917	964	964
192755	235	189622	964	964
249885	235	189595	964	964
290114	282	195967	964	964
253293	235	189751	964	964
259034	235	189454	964	964
263520	235	188802	964	964
200925	235	190102	964	964
200084	235	188645	964	964
214719	235	189253	964	964
264073	235	191452	964	964
323286	282	339746	964	964
263731	235	189514	964	964
228802	235	191775	964	964
210255	235	191666	964	964
225973	235	188463	964	964
280998	282	224797	964	964
253116	235	208917	964	964
250814	235	188599	964	964
206415	235	188173	964	964
193436	235	190558	964	964
267179	235	190395	964	964
214033	235	190421	964	964
195472	235	188220	964	964
201729	235	190890	964	964
232377	235	190949	964	964
312674	235	196424	964	964
258694	235	188470	964	964
192321	235	188958	964	964
211724	235	188935	964	964
299152	235	190001	964	964
261534	235	190570	964	964
205880	106	355495	964	964
256621	235	191264	964	964
205296	235	190509	964	964
215740	235	189646	964	964
206335	235	188263	964	964
250812	235	190115	964	964
218348	235	189895	964	964
204701	52	317111	964	964
197912	235	188910	964	964
205840	235	220010	964	964
231455	235	189316	964	964
209379	235	188154	964	964
251347	235	188621	964	964
264482	235	214346	964	964
209590	235	188050	964	964
245230	235	188470	964	964
271221	235	195219	964	964
198811	235	191003	964	964
204786	235	193895	964	964
350149	235	189814	964	964
241934	235	236882	964	964
204620	235	188419	964	964
260296	235	191936	964	964
217139	235	188610	964	964
274966	235	190137	964	964
202656	235	189603	964	964
254861	235	188557	964	964
276237	235	191071	964	964
255060	235	200379	964	964
346182	139	311059	964	964
266096	235	211940	964	964
233564	235	189577	964	964
275341	235	188249	964	964
269219	235	194363	964	964
194600	235	188040	964	964
292699	235	191045	964	964
264150	235	188803	964	964
211143	235	188935	964	964
209129	235	188610	964	964
242895	235	189383	964	964
232264	235	191828	964	964
219720	235	189156	964	964
228807	235	188197	964	964
356030	73	284959	964	964
208401	235	190153	964	964
332078	282	224702	964	964
257562	235	190215	964	964
260816	235	191304	964	964
227751	235	188669	964	964
222137	235	192487	964	964
202524	235	188619	964	964
218563	235	189560	964	964
247424	235	196044	964	964
192385	290	187990	964	964
242278	235	188388	964	964
208732	235	236587	964	964
357578	235	188792	964	964
300471	235	190711	964	964
215962	235	231104	964	964
276462	235	196227	964	964
323286	52	339746	964	964
215172	282	366647	964	964
204567	235	192220	964	964
235954	235	189709	964	964
228416	235	188708	964	964
250961	235	188997	964	964
193063	235	188015	964	964
237430	235	188228	964	964
191973	235	188647	964	964
199362	235	189057	964	964
212687	235	188880	964	964
251533	282	213215	964	964
232555	282	190779	964	964
257944	235	189563	964	964
236536	235	190888	964	964
250153	235	188126	964	964
276596	235	209684	964	964
228164	235	190490	964	964
201345	235	192732	964	964
275375	235	190143	964	964
213785	235	189466	964	964
250440	235	190317	964	964
205289	235	188802	964	964
264576	235	191648	964	964
211546	235	190102	964	964
322622	52	193759	964	964
203210	235	188827	964	964
198889	235	189407	964	964
221510	235	196549	964	964
221419	235	188202	964	964
223742	235	188592	964	964
269865	235	191648	964	964
198909	235	188153	964	964
204369	235	190866	964	964
199881	235	190901	964	964
235529	235	188352	964	964
205477	235	188568	964	964
206011	235	188261	964	964
245877	235	199544	964	964
296262	235	189070	964	964
310205	235	189449	964	964
222135	235	198586	964	964
275012	235	188297	964	964
228509	235	190312	964	964
214340	235	188060	964	964
195409	235	189809	964	964
220723	235	192885	964	964
195422	235	190827	964	964
198188	235	188798	964	964
268798	235	200321	964	964
218207	282	188769	964	964
212100	282	189365	964	964
257991	235	188907	964	964
211678	235	188452	964	964
227440	235	189283	964	964
224382	235	196278	964	964
288802	235	188599	964	964
209198	235	192091	964	964
287521	235	191673	964	964
213318	235	189397	964	964
247683	235	190910	964	964
261770	235	266376	964	964
214967	235	190955	964	964
320917	290	187987	964	964
283763	282	292123	964	964
210068	235	188700	964	964
209904	235	188054	964	964
236502	235	192511	964	964
238575	235	188690	964	964
336337	235	189221	964	964
209007	235	188158	964	964
277901	235	189463	964	964
207638	235	189577	964	964
197499	235	189789	964	964
211882	235	188685	964	964
274859	235	200701	964	964
208506	235	188582	964	964
204590	235	190312	964	964
192842	235	189173	964	964
246892	235	188486	964	964
228317	235	188700	964	964
269280	235	188736	964	964
302055	52	358083	964	964
220340	235	188173	964	964
230477	235	190219	964	964
278391	235	189816	964	964
263515	235	190185	964	964
219697	235	188594	964	964
193119	235	188147	964	964
211708	235	188226	964	964
217809	282	213387	964	964
221510	235	190261	964	964
332761	235	189930	964	964
196312	235	189937	964	964
252509	235	188019	964	964
230456	235	191467	964	964
302380	235	188952	964	964
208544	235	189081	964	964
219127	235	189318	964	964
252763	235	189163	964	964
291208	235	189972	964	964
279370	235	188428	964	964
199648	235	188556	964	964
201400	52	356277	964	964
204936	235	191901	964	964
209142	235	188979	964	964
193460	235	188527	964	964
257851	235	191675	964	964
243389	235	188172	964	964
315712	235	197125	964	964
321089	282	251069	964	964
198802	235	189068	964	964
216832	235	188765	964	964
213727	235	189126	964	964
274070	235	193234	964	964
327086	139	296697	964	964
321990	235	189280	964	964
319734	52	365234	964	964
225235	235	189100	964	964
234333	282	224702	964	964
233774	235	188373	964	964
203749	235	189937	964	964
211499	235	188422	964	964
282186	235	189540	964	964
202727	52	214572	964	964
192871	235	189751	964	964
194325	235	189493	964	964
200845	235	188079	964	964
302982	235	190958	964	964
228011	235	189298	964	964
198016	52	361937	964	964
276088	235	190084	964	964
205880	106	196585	964	964
261994	235	188649	964	964
367997	282	189365	964	964
205220	235	191058	964	964
267270	235	188868	964	964
195883	235	188406	964	964
245613	52	349078	964	964
193936	235	189329	964	964
329884	282	346946	964	964
244522	52	261308	964	964
245012	235	210844	964	964
250448	282	282565	964	964
240216	235	189884	964	964
259277	235	188892	964	964
258677	235	189435	964	964
202683	235	188429	964	964
195488	235	188596	964	964
201817	235	188745	964	964
253192	235	191797	964	964
207498	235	188123	964	964
209993	235	190027	964	964
212590	235	188438	964	964
226897	52	190247	964	964
194295	235	188540	964	964
354211	139	297578	964	964
258679	235	194005	964	964
213418	235	189715	964	964
200370	235	189793	964	964
211429	235	188375	964	964
207505	235	190963	964	964
255315	282	188930	964	964
227402	235	188627	964	964
197236	235	188989	964	964
207505	235	191000	964	964
240099	235	189972	964	964
219461	235	190251	964	964
200850	235	188314	964	964
197812	235	188109	964	964
198985	235	189762	964	964
202571	235	189461	964	964
334794	235	189299	964	964
214057	139	369538	964	964
204003	235	188851	964	964
278437	235	188378	964	964
193354	235	188544	964	964
207271	235	189651	964	964
193268	235	191984	964	964
332015	139	224589	964	964
275881	235	190310	964	964
200569	235	191494	964	964
221920	235	188405	964	964
198098	235	190916	964	964
197675	235	189177	964	964
340286	52	240954	964	964
210800	235	188094	964	964
212067	235	189042	964	964
366971	139	282537	964	964
316248	282	355478	964	964
246449	282	188295	964	964
227471	235	188524	964	964
194761	235	191580	964	964
206981	235	191118	964	964
194302	235	190684	964	964
193193	235	188052	964	964
193838	235	188126	964	964
316916	235	192074	964	964
204970	235	188738	964	964
230949	235	188433	964	964
304731	235	211940	964	964
199722	235	188899	964	964
288903	282	199826	964	964
267963	235	192302	964	964
212928	235	192711	964	964
234690	235	188964	964	964
206582	235	189396	964	964
196891	235	188738	964	964
232105	235	189645	964	964
204258	235	193147	964	964
192814	235	188419	964	964
223822	235	190278	964	964
327801	282	371651	964	964
197360	235	188647	964	964
284551	235	192592	964	964
202497	235	188043	964	964
298157	139	345852	964	964
207382	235	188498	964	964
222737	235	190866	964	964
194172	235	189789	964	964
231533	235	188226	964	964
375716	285	313498	964	964
211604	235	188433	964	964
282537	282	366971	964	964
196928	235	192592	964	964
223835	235	192214	964	964
195889	52	338690	964	964
203760	235	188444	964	964
219204	235	188003	964	964
214797	235	188964	964	964
363553	139	285229	964	964
209008	235	189149	964	964
209915	235	192255	964	964
198696	235	188030	964	964
226231	235	188268	964	964
276659	282	194381	964	964
198069	235	188333	964	964
266272	235	204925	964	964
206228	235	188790	964	964
225891	235	189282	964	964
236745	235	194420	964	964
267087	235	236882	964	964
254985	235	188815	964	964
246224	235	188859	964	964
225283	235	188468	964	964
211536	235	189279	964	964
192782	235	189812	964	964
193714	235	194547	964	964
209234	235	189998	964	964
284713	235	372489	964	964
194417	235	188060	964	964
272863	235	343837	964	964
194329	235	189975	964	964
201682	235	190867	964	964
334668	235	189041	964	964
276845	235	191648	964	964
260057	235	219783	964	964
204308	235	189452	964	964
197860	235	188226	964	964
264566	235	190066	964	964
292201	235	189095	964	964
201808	235	190402	964	964
235131	235	191390	964	964
338651	235	189047	964	964
194962	235	188099	964	964
239954	235	205719	964	964
325412	52	361667	964	964
236680	235	239898	964	964
204315	235	188378	964	964
306758	235	189455	964	964
263868	235	188989	964	964
301547	235	246555	964	964
293455	235	189869	964	964
195176	235	188923	964	964
207577	235	190801	964	964
272369	235	190989	964	964
222525	235	188792	964	964
255950	235	188414	964	964
310126	235	220010	964	964
205551	235	190402	964	964
196946	235	191426	964	964
207493	235	188030	964	964
212791	235	188109	964	964
308330	235	188700	964	964
195656	235	188036	964	964
310337	235	190499	964	964
223343	235	188890	964	964
231063	235	189501	964	964
246265	235	190499	964	964
262731	235	188414	964	964
212403	235	189972	964	964
230863	235	189151	964	964
203966	235	188872	964	964
221712	235	188244	964	964
244442	235	188599	964	964
251082	235	189544	964	964
300637	282	308161	964	964
222204	235	189973	964	964
191676	235	191392	964	964
224386	235	188231	964	964
337991	235	189201	964	964
210663	235	188402	964	964
250806	235	189965	964	964
367193	282	351202	964	964
216088	235	189728	964	964
214686	235	189312	964	964
197508	52	331254	964	964
262393	235	264086	964	964
260339	235	188627	964	964
215304	235	188011	964	964
198248	235	188837	964	964
241076	235	191058	964	964
207830	235	229878	964	964
227963	235	188802	964	964
210778	235	215657	964	964
219624	235	189952	964	964
310579	235	193160	964	964
218708	235	188110	964	964
219607	235	190306	964	964
280786	282	241487	964	964
199405	235	188633	964	964
281944	235	189677	964	964
259443	235	190205	964	964
220909	235	188526	964	964
207981	235	188968	964	964
259465	235	190123	964	964
243797	235	188838	964	964
268557	235	189581	964	964
196996	235	188954	964	964
275210	235	203382	964	964
309247	235	189647	964	964
216603	235	189077	964	964
239377	235	188393	964	964
248468	235	189241	964	964
224622	235	189408	964	964
193956	52	267546	964	964
254974	282	327700	964	964
253205	235	211940	964	964
251015	52	339746	964	964
206376	235	189341	964	964
228590	235	190057	964	964
243325	235	189252	964	964
272319	235	188552	964	964
199568	235	189001	964	964
229107	235	191230	964	964
326029	235	189154	964	964
371997	282	248181	964	964
241655	235	189951	964	964
192835	235	188285	964	964
295151	235	191454	964	964
221984	235	188996	964	964
224925	235	198344	964	964
214437	235	188043	964	964
203312	235	190298	964	964
215134	235	188541	964	964
196620	235	188546	964	964
277323	235	188480	964	964
313887	282	203375	964	964
260427	235	188592	964	964
194228	235	188833	964	964
207896	235	188067	964	964
221662	235	188998	964	964
204839	235	188128	964	964
204752	235	188050	964	964
201511	235	188068	964	964
212458	235	190772	964	964
230545	235	192397	964	964
229555	235	189028	964	964
345706	282	201785	964	964
246234	282	195258	964	964
224925	235	188647	964	964
267167	235	201868	964	964
233399	235	188506	964	964
211941	235	188923	964	964
215788	235	189075	964	964
226792	235	189401	964	964
280037	235	189855	964	964
201920	235	188706	964	964
259503	235	188557	964	964
296024	282	204616	964	964
190792	282	211512	964	964
229206	235	189034	964	964
204339	235	188544	964	964
205781	235	224130	964	964
256710	235	188820	964	964
272720	235	192186	964	964
317739	235	190775	964	964
267458	235	189651	964	964
271683	235	192592	964	964
240001	235	188592	964	964
232878	235	188647	964	964
272042	235	189292	964	964
200984	235	192974	964	964
211329	235	188268	964	964
203654	235	188419	964	964
232269	235	188446	964	964
212549	235	205076	964	964
197369	235	192500	964	964
240496	235	188173	964	964
208745	235	190278	964	964
230770	235	188613	964	964
195533	235	188066	964	964
245230	235	189121	964	964
225358	282	203375	964	964
230851	235	188405	964	964
271934	235	196227	964	964
361113	235	336970	964	964
199646	235	188069	964	964
365836	282	195121	964	964
291073	235	193842	964	964
223902	235	189159	964	964
235471	235	191452	964	964
282267	52	240665	964	964
206195	235	190545	964	964
201618	235	196269	964	964
318866	235	194357	964	964
322827	235	190968	964	964
236604	235	188634	964	964
295045	235	190754	964	964
262944	282	309554	964	964
202603	235	189582	964	964
268824	235	190221	964	964
204910	235	189201	964	964
201926	235	188387	964	964
218802	235	316560	964	964
193633	139	310555	964	964
219417	235	188211	964	964
279160	235	189375	964	964
266165	235	192186	964	964
208340	235	188719	964	964
199535	235	208917	964	964
314981	235	188154	964	964
216752	235	188472	964	964
198180	235	190903	964	964
196122	235	200379	964	964
252827	235	193653	964	964
192521	282	204634	964	964
204848	235	188075	964	964
213377	235	188935	964	964
214161	235	188827	964	964
197048	235	188060	964	964
230164	235	189086	964	964
200380	235	188261	964	964
206251	235	188040	964	964
218001	235	188669	964	964
287980	235	190816	964	964
260048	235	188627	964	964
266301	235	190251	964	964
218298	235	189067	964	964
200033	235	188085	964	964
202667	235	188153	964	964
282699	235	190530	964	964
195809	235	188619	964	964
201769	235	189238	964	964
196123	235	188010	964	964
228240	235	189085	964	964
195433	235	188454	964	964
198247	235	193614	964	964
347822	42	332897	964	964
365234	139	244129	964	964
252211	235	192314	964	964
224135	235	189853	964	964
195418	235	188394	964	964
261393	235	190205	964	964
314416	282	363648	964	964
234941	235	192766	964	964
217138	235	189588	964	964
262863	235	188703	964	964
196678	235	188956	964	964
195838	235	188539	964	964
273515	52	190977	964	964
268259	235	191454	964	964
253776	235	188552	964	964
245167	235	188869	964	964
254006	235	189289	964	964
258801	235	190049	964	964
196464	235	188107	964	964
244499	235	188561	964	964
196968	235	189040	964	964
241878	235	188041	964	964
232249	235	189514	964	964
207265	235	190846	964	964
195814	235	189075	964	964
277338	235	194164	964	964
204295	235	193233	964	964
208158	235	188375	964	964
193082	235	191161	964	964
257613	235	190554	964	964
273894	235	192075	964	964
299367	235	205425	964	964
214365	235	188294	964	964
198238	235	188394	964	964
265104	235	190409	964	964
234722	235	192738	964	964
197955	235	190059	964	964
197873	235	189708	964	964
219620	235	189068	964	964
284753	282	189365	964	964
224340	235	188877	964	964
240400	235	190223	964	964
199891	235	188048	964	964
282971	282	346182	964	964
197136	235	189622	964	964
220872	235	189333	964	964
206749	235	188448	964	964
200536	235	188264	964	964
315338	282	213215	964	964
220133	235	188223	964	964
212899	235	188989	964	964
224383	235	223007	964	964
195830	235	192387	964	964
237743	235	188297	964	964
225694	235	189726	964	964
209825	235	188808	964	964
209772	235	189137	964	964
277394	235	191675	964	964
222916	235	188950	964	964
195437	235	190586	964	964
244581	235	188419	964	964
228011	235	189035	964	964
199827	235	188276	964	964
219721	235	188975	964	964
246676	235	295148	964	964
198180	235	189524	964	964
201086	235	188647	964	964
202026	235	189461	964	964
209498	235	188487	964	964
231003	235	192885	964	964
214451	235	188106	964	964
205992	235	188929	964	964
270324	235	189570	964	964
203533	235	191155	964	964
291169	235	216115	964	964
257127	282	195077	964	964
196248	235	188078	964	964
200865	235	189575	964	964
210778	235	189092	964	964
282824	235	189846	964	964
216457	235	188935	964	964
199307	235	188173	964	964
199258	235	190184	964	964
248566	235	189885	964	964
228255	235	190147	964	964
202491	235	188267	964	964
277864	235	189241	964	964
293087	282	215903	964	964
232386	235	189068	964	964
192209	235	188985	964	964
224883	235	188558	964	964
233995	235	193513	964	964
195454	235	188880	964	964
204957	235	188555	964	964
201368	235	188104	964	964
211546	235	192186	964	964
253123	235	188744	964	964
195167	235	188219	964	964
326849	235	190454	964	964
202182	235	189323	964	964
281815	235	235450	964	964
208305	235	190408	964	964
357957	282	346182	964	964
236169	235	190007	964	964
291651	282	343576	964	964
217615	235	188802	964	964
191562	52	356277	964	964
216967	235	188048	964	964
220106	235	188223	964	964
243328	235	188121	964	964
199580	235	201094	964	964
210544	235	188802	964	964
196789	235	188025	964	964
209233	235	189795	964	964
329572	235	202269	964	964
215893	235	188964	964	964
218132	235	192745	964	964
211004	235	188414	964	964
198341	235	203079	964	964
239577	282	190086	964	964
217710	235	192035	964	964
296024	52	204616	964	964
224083	235	188584	964	964
198802	235	189078	964	964
203359	235	188891	964	964
294853	235	193233	964	964
192384	235	269713	964	964
199580	235	189124	964	964
193436	235	189919	964	964
192972	235	188237	964	964
201461	235	205424	964	964
249735	235	188938	964	964
192802	235	188094	964	964
246676	235	332588	964	964
253099	235	188381	964	964
255957	235	202985	964	964
230311	235	188465	964	964
301547	235	198256	964	964
206873	235	188910	964	964
247055	235	189214	964	964
318660	282	207620	964	964
283571	282	208823	964	964
243883	235	233502	964	964
228754	235	188624	964	964
281692	235	194750	964	964
254962	235	202096	964	964
274564	282	193882	964	964
314416	52	295555	964	964
218247	235	191499	964	964
191267	139	277628	964	964
221044	235	189095	964	964
272644	235	189816	964	964
216600	235	191213	964	964
242967	235	189715	964	964
258947	235	188523	964	964
202156	235	189137	964	964
242001	235	188592	964	964
237799	235	188847	964	964
204072	235	188076	964	964
286287	235	197496	964	964
229833	235	188486	964	964
196047	235	188693	964	964
258175	235	188242	964	964
206786	235	188893	964	964
236045	235	188347	964	964
270458	235	190102	964	964
258625	235	189048	964	964
195223	235	188438	964	964
274226	235	188147	964	964
194549	235	190988	964	964
253992	235	193198	964	964
292765	235	192784	964	964
219794	235	188483	964	964
367784	235	190850	964	964
191852	235	189404	964	964
194146	282	192266	964	964
199841	235	195574	964	964
267040	235	188344	964	964
279015	235	189160	964	964
220580	235	188803	964	964
249635	235	189418	964	964
228134	235	188094	964	964
259479	235	188518	964	964
242502	235	201594	964	964
213096	235	189408	964	964
360116	235	191090	964	964
288996	235	191372	964	964
291230	235	190210	964	964
194833	235	190298	964	964
317888	235	251509	964	964
337104	282	349775	964	964
212649	235	195664	964	964
320573	52	338690	964	964
236947	235	188979	964	964
256621	235	189522	964	964
196828	235	188438	964	964
213418	235	190785	964	964
194269	235	192828	964	964
215966	235	188040	964	964
212775	235	189394	964	964
248569	235	192187	964	964
240843	235	195099	964	964
194174	235	189188	964	964
245204	235	190135	964	964
326024	235	209739	964	964
239446	235	188700	964	964
212980	235	189896	964	964
286649	235	189061	964	964
219196	235	190020	964	964
263449	235	188348	964	964
215636	235	188385	964	964
205800	235	188995	964	964
207709	235	188419	964	964
241627	235	189242	964	964
292952	52	355478	964	964
210325	235	190867	964	964
215844	52	372834	964	964
327801	52	371651	964	964
198482	235	196855	964	964
223066	235	188451	964	964
237308	235	190610	964	964
197755	235	190194	964	964
195671	235	189974	964	964
200555	235	191264	964	964
205370	235	188091	964	964
210848	235	189826	964	964
219543	235	193386	964	964
192486	52	240909	964	964
261525	235	194363	964	964
205576	235	189762	964	964
364667	139	296697	964	964
197988	235	197267	964	964
196173	235	188498	964	964
209573	235	189697	964	964
190929	52	307706	964	964
212448	235	192867	964	964
207366	235	188284	964	964
241372	235	189697	964	964
242563	235	189064	964	964
252275	235	211560	964	964
250805	235	191977	964	964
294493	235	190891	964	964
196396	235	189230	964	964
251721	235	201399	964	964
210758	235	188137	964	964
213488	235	188510	964	964
226643	52	193633	964	964
247733	235	224130	964	964
283816	282	190951	964	964
285580	235	188449	964	964
267690	235	188527	964	964
249684	235	188878	964	964
211022	235	188793	964	964
218348	235	188877	964	964
252896	235	191021	964	964
259717	235	190229	964	964
203693	235	188414	964	964
195024	235	189508	964	964
197982	235	188202	964	964
240057	235	190223	964	964
211132	235	189086	964	964
296024	52	240909	964	964
287909	282	371460	964	964
231529	282	192128	964	964
291076	282	281777	964	964
248162	235	190925	964	964
218796	235	189508	964	964
294273	235	209684	964	964
304179	235	197496	964	964
361599	235	188405	964	964
278124	235	188248	964	964
196607	235	192872	964	964
348263	235	191771	964	964
205175	235	188294	964	964
194566	235	188454	964	964
365234	139	266476	964	964
192309	235	188079	964	964
199138	235	189880	964	964
200691	235	188094	964	964
240573	235	189747	964	964
233054	235	188998	964	964
196632	235	198459	964	964
229019	282	318439	964	964
350149	235	190402	964	964
194733	282	370415	964	964
192178	235	189267	964	964
306593	235	195254	964	964
284802	235	193499	964	964
243626	235	189121	964	964
213165	235	189558	964	964
312809	235	190682	964	964
197174	235	188226	964	964
232779	282	370647	964	964
264817	235	191785	964	964
219330	235	188254	964	964
209352	235	188958	964	964
305789	235	188515	964	964
280811	235	188218	964	964
195782	235	192166	964	964
264706	235	190801	964	964
282104	235	190589	964	964
200347	235	188152	964	964
253950	235	191989	964	964
223700	235	188634	964	964
208393	235	188888	964	964
282536	235	197616	964	964
321099	235	189173	964	964
196489	235	189142	964	964
193746	235	188790	964	964
195423	235	188044	964	964
247408	235	188975	964	964
238765	235	189068	964	964
204219	235	190251	964	964
247696	235	188773	964	964
292602	235	189202	964	964
197040	235	188027	964	964
213363	235	189419	964	964
289507	235	192204	964	964
197184	235	189351	964	964
201574	235	196446	964	964
232539	235	191962	964	964
277644	235	188465	964	964
247116	235	188606	964	964
212460	235	189435	964	964
194330	235	188798	964	964
197369	235	255075	964	964
199089	235	188802	964	964
277047	235	202096	964	964
205493	235	188390	964	964
224320	235	188610	964	964
209494	235	191578	964	964
232546	235	189679	964	964
192723	52	313793	964	964
192835	235	188059	964	964
198205	235	189215	964	964
265945	235	188802	964	964
285464	235	190610	964	964
267955	235	188294	964	964
200837	235	189157	964	964
305215	235	190059	964	964
261224	235	188405	964	964
200228	235	188411	964	964
230425	235	190161	964	964
197426	235	228677	964	964
266367	235	190589	964	964
281254	235	188312	964	964
207170	235	188129	964	964
215590	235	218080	964	964
246938	235	188449	964	964
249323	52	267546	964	964
315902	235	189047	964	964
297047	235	188690	964	964
286870	235	194968	964	964
374926	52	240954	964	964
228545	235	188579	964	964
248160	235	193160	964	964
246036	235	190771	964	964
309214	235	190229	964	964
212182	235	190184	964	964
335012	235	190295	964	964
226686	235	193463	964	964
291193	235	188706	964	964
230494	235	188041	964	964
193898	235	189725	964	964
196968	235	190062	964	964
217251	235	189494	964	964
192670	52	328752	964	964
200538	235	193614	964	964
259704	235	188404	964	964
257308	235	233502	964	964
208680	235	188019	964	964
234854	235	189083	964	964
208931	235	188035	964	964
213085	235	189351	964	964
296596	235	189326	964	964
212874	235	188543	964	964
346182	139	368830	964	964
317952	235	188143	964	964
331038	139	285856	964	964
226241	235	194571	964	964
263383	235	197320	964	964
196105	235	188645	964	964
200590	235	189100	964	964
328652	235	188247	964	964
204661	235	190903	964	964
232792	235	201944	964	964
235824	235	194363	964	964
225530	235	191773	964	964
296565	235	192607	964	964
237239	235	188402	964	964
257059	235	188555	964	964
210006	235	189341	964	964
261798	235	224875	964	964
244534	235	194291	964	964
298754	235	289077	964	964
221436	235	188992	964	964
371401	282	191157	964	964
199473	235	211940	964	964
211212	235	190665	964	964
289042	235	188837	964	964
208779	235	188542	964	964
270037	235	190083	964	964
188122	239	198211	964	964
282953	235	188978	964	964
247372	235	190251	964	964
209191	235	189191	964	964
212869	235	191341	964	964
232245	235	188627	964	964
225812	235	189173	964	964
375689	282	191364	964	964
195419	235	188544	964	964
297609	235	188557	964	964
210356	235	191275	964	964
207125	235	192047	964	964
241603	235	199411	964	964
217759	235	188901	964	964
240281	235	209684	964	964
248445	235	190865	964	964
255391	52	240954	964	964
202327	235	188074	964	964
213721	235	189361	964	964
210870	235	188555	964	964
197930	282	338690	964	964
269728	235	190538	964	964
238228	235	249541	964	964
335937	282	323869	964	964
220251	235	189522	964	964
232126	235	189664	964	964
207755	235	198524	964	964
197674	235	188050	964	964
246280	235	189563	964	964
197905	235	188165	964	964
295632	235	189061	964	964
194574	235	188238	964	964
198155	235	189318	964	964
195273	235	190548	964	964
193962	235	189116	964	964
202013	235	190082	964	964
263946	235	192607	964	964
311409	235	189194	964	964
201445	235	201479	964	964
356030	73	294172	964	964
310537	235	194054	964	964
236775	282	193725	964	964
218802	235	188795	964	964
297149	235	190699	964	964
215426	235	232998	964	964
223463	235	191512	964	964
198491	235	188438	964	964
197874	235	188438	964	964
210449	235	190134	964	964
214702	235	191138	964	964
257299	235	202668	964	964
257989	235	188388	964	964
357323	282	190898	964	964
263102	235	188300	964	964
211785	235	188126	964	964
197796	235	190558	964	964
274570	235	196140	964	964
356383	139	352089	964	964
255243	235	202890	964	964
227228	235	190065	964	964
193865	235	188246	964	964
226093	235	188365	964	964
196704	235	191142	964	964
231533	235	189433	964	964
262686	235	190562	964	964
270374	167	288240	964	964
243393	235	189383	964	964
197206	235	188624	964	964
245661	235	189620	964	964
237161	235	191754	964	964
194670	235	188802	964	964
214115	235	188398	964	964
194422	235	189826	964	964
207210	235	192766	964	964
219658	235	196278	964	964
203976	235	188405	964	964
200507	235	188949	964	964
247303	235	189429	964	964
210156	235	188357	964	964
228445	235	191795	964	964
212763	235	190409	964	964
196237	52	194700	964	964
214423	235	190023	964	964
268496	235	188238	964	964
260574	235	190538	964	964
236058	235	189855	964	964
219761	235	188264	964	964
248413	235	188767	964	964
353441	139	228091	964	964
215975	235	189407	964	964
268949	235	191980	964	964
200823	235	188480	964	964
252488	235	189333	964	964
298376	282	211512	964	964
262583	235	189756	964	964
215043	235	191786	964	964
292271	235	188375	964	964
210827	235	190251	964	964
202968	235	189077	964	964
282554	235	188838	964	964
221501	235	189613	964	964
199780	235	188483	964	964
227837	235	189320	964	964
197922	235	188998	964	964
305111	235	189266	964	964
212343	235	188774	964	964
194804	52	346702	964	964
232878	235	189577	964	964
237868	235	190138	964	964
341431	235	189921	964	964
222039	235	189238	964	964
220392	235	188891	964	964
327700	139	254974	964	964
318081	282	191564	964	964
260622	235	192186	964	964
309403	282	328423	964	964
232927	235	192018	964	964
252310	235	190057	964	964
202858	235	189173	964	964
225199	235	189124	964	964
201290	235	188886	964	964
203274	235	188063	964	964
261494	235	196665	964	964
270938	235	190538	964	964
282573	282	191364	964	964
281245	235	188899	964	964
206844	235	189387	964	964
262448	235	191271	964	964
192670	52	310902	964	964
284572	235	189407	964	964
262945	235	190465	964	964
200102	235	188250	964	964
274674	235	189121	964	964
230108	235	191142	964	964
262910	235	191601	964	964
196709	235	188104	964	964
248331	235	188761	964	964
192384	235	191698	964	964
256620	235	189071	964	964
326818	235	189047	964	964
204430	235	188316	964	964
204050	235	189219	964	964
217179	235	188384	964	964
201860	235	188802	964	964
235451	235	188795	964	964
237852	235	190594	964	964
198525	235	188092	964	964
255780	282	211512	964	964
277174	235	188898	964	964
252917	235	190570	964	964
213278	235	188656	964	964
202808	235	188999	964	964
239948	52	209610	964	964
224032	235	190285	964	964
249794	235	188914	964	964
197505	235	188033	964	964
222998	235	189932	964	964
197593	235	188092	964	964
202232	235	188601	964	964
278233	235	189625	964	964
206644	235	189815	964	964
213977	235	190866	964	964
250742	235	195611	964	964
206751	235	188599	964	964
253766	235	188321	964	964
202454	235	198478	964	964
215429	235	189230	964	964
276619	235	188055	964	964
306566	235	189121	964	964
314392	235	241180	964	964
301294	235	188649	964	964
274878	235	192295	964	964
201833	235	188816	964	964
240387	235	190278	964	964
313388	235	192568	964	964
289822	235	192152	964	964
198541	235	191773	964	964
216048	235	188105	964	964
196258	235	189384	964	964
192347	235	188887	964	964
233530	235	189451	964	964
295945	235	190569	964	964
235419	52	339746	964	964
197885	235	191366	964	964
199430	235	189495	964	964
262945	235	191971	964	964
296394	282	375593	964	964
201485	235	189121	964	964
319846	235	191982	964	964
317688	235	297116	964	964
346182	139	330676	964	964
289618	235	188851	964	964
223874	235	193359	964	964
282554	235	188892	964	964
299759	235	188306	964	964
261067	235	190037	964	964
262960	235	189975	964	964
291651	282	308161	964	964
265042	235	221927	964	964
252160	235	189728	964	964
207293	235	188211	964	964
199443	235	188660	964	964
229481	235	188107	964	964
200796	235	189494	964	964
206952	235	188031	964	964
207133	235	189121	964	964
192787	235	188310	964	964
252220	235	188557	964	964
297682	235	190863	964	964
235096	235	193614	964	964
206574	235	188837	964	964
247462	235	188754	964	964
188143	239	228975	964	964
204276	235	200321	964	964
294236	235	192328	964	964
203210	235	191608	964	964
239260	235	193592	964	964
207735	235	188116	964	964
217495	235	189005	964	964
302829	235	190171	964	964
198760	235	191092	964	964
204736	235	188052	964	964
238501	235	189994	964	964
198536	235	191275	964	964
206621	235	190264	964	964
272985	235	191785	964	964
277206	235	191797	964	964
200201	235	188919	964	964
272014	235	189241	964	964
211022	235	192399	964	964
227679	235	191454	964	964
240369	282	224702	964	964
236924	235	188633	964	964
207376	235	190378	964	964
234397	235	189129	964	964
192276	235	190838	964	964
294901	235	191454	964	964
207084	235	190505	964	964
194886	235	193393	964	964
219627	235	189109	964	964
206000	235	188041	964	964
265716	235	227744	964	964
200937	235	188627	964	964
212131	235	217940	964	964
194046	235	188546	964	964
205611	235	188627	964	964
238115	235	190203	964	964
323174	235	190246	964	964
238543	235	188433	964	964
266516	235	188736	964	964
223380	235	193263	964	964
218237	235	193784	964	964
276174	235	192730	964	964
313963	235	190538	964	964
252576	235	238061	964	964
209467	235	203476	964	964
313148	282	321402	964	964
200338	235	189462	964	964
264429	282	356672	964	964
280786	52	241487	964	964
202589	235	188156	964	964
233048	282	211512	964	964
210991	235	188479	964	964
191251	282	189365	964	964
239011	235	189780	964	964
199309	235	192409	964	964
200325	235	190360	964	964
222701	235	195717	964	964
228370	235	188476	964	964
226966	235	193163	964	964
221115	235	192186	964	964
216596	235	189215	964	964
252298	235	192500	964	964
242211	235	190538	964	964
218333	235	219919	964	964
247025	235	191883	964	964
197893	235	188419	964	964
196928	235	189449	964	964
261174	235	192669	964	964
205132	235	188480	964	964
263429	235	189307	964	964
210305	235	189812	964	964
244426	235	189055	964	964
226057	235	207971	964	964
213988	235	204094	964	964
195305	282	192892	964	964
201158	235	188540	964	964
225842	235	195958	964	964
245020	235	193752	964	964
196015	235	188754	964	964
233037	235	189312	964	964
226705	235	189775	964	964
203642	235	188232	964	964
287993	235	196240	964	964
261141	235	189630	964	964
193759	139	197205	964	964
229794	235	190257	964	964
216493	235	188078	964	964
282830	235	191648	964	964
259748	235	225848	964	964
220167	235	188405	964	964
209730	235	189994	964	964
200448	235	189013	964	964
215890	235	191171	964	964
212768	235	188041	964	964
196220	235	190914	964	964
219415	235	190149	964	964
235700	235	243760	964	964
198516	235	189318	964	964
220238	139	258272	964	964
196632	235	205972	964	964
199983	235	190298	964	964
196094	235	188139	964	964
316116	235	191768	964	964
317826	235	188736	964	964
273350	235	188107	964	964
280311	235	226251	964	964
206136	235	190532	964	964
201202	235	188388	964	964
226888	235	188294	964	964
263982	235	188060	964	964
309786	282	251069	964	964
217992	235	189073	964	964
290526	235	193419	964	964
268078	52	284614	964	964
210338	235	188044	964	964
228952	235	189512	964	964
221802	235	188486	964	964
340091	235	265857	964	964
253012	235	189883	964	964
302008	282	349775	964	964
218466	235	189860	964	964
260499	235	188265	964	964
229737	235	189540	964	964
240281	235	188838	964	964
210885	235	189189	964	964
246861	282	191609	964	964
290033	139	224272	964	964
196581	235	188107	964	964
256252	235	205685	964	964
227720	235	190385	964	964
232304	235	188053	964	964
196602	235	188044	964	964
290183	235	189483	964	964
242827	235	188043	964	964
201206	235	189560	964	964
203440	235	188381	964	964
278747	235	190138	964	964
212779	235	195641	964	964
346182	139	282971	964	964
295938	235	189119	964	964
213187	235	189651	964	964
213149	235	188097	964	964
214044	235	190961	964	964
259163	235	228801	964	964
317495	235	190801	964	964
195453	235	188414	964	964
208127	235	189150	964	964
196352	235	188034	964	964
198750	235	191116	964	964
197369	235	195254	964	964
216670	235	191701	964	964
211844	235	188061	964	964
291677	235	189039	964	964
197426	235	194420	964	964
214942	235	193013	964	964
240566	235	191159	964	964
228906	235	188567	964	964
208051	235	189468	964	964
194311	235	189910	964	964
298872	235	273366	964	964
194785	235	188657	964	964
247307	235	189930	964	964
317266	235	210326	964	964
317038	235	255005	964	964
200690	235	188991	964	964
228122	235	188414	964	964
228241	235	188396	964	964
243227	235	189316	964	964
210169	235	190251	964	964
217432	235	188649	964	964
267033	235	188320	964	964
230991	235	192790	964	964
203062	235	189396	964	964
204904	235	188014	964	964
218866	235	190303	964	964
328776	235	190549	964	964
195890	235	189921	964	964
310875	282	296196	964	964
343346	282	192301	964	964
300119	235	188479	964	964
193607	235	188494	964	964
196828	235	192018	964	964
202206	235	188034	964	964
193866	235	188781	964	964
200048	235	188644	964	964
208635	235	192231	964	964
194676	235	188018	964	964
248734	235	189137	964	964
260536	235	188307	964	964
194369	235	194291	964	964
277767	235	189117	964	964
208687	235	190082	964	964
273088	235	189164	964	964
239366	235	189228	964	964
201353	235	199912	964	964
288961	37	191597	964	964
200138	235	188098	964	964
270640	235	189488	964	964
297953	235	189238	964	964
195518	235	188544	964	964
198610	235	188802	964	964
217325	235	199124	964	964
233199	235	188223	964	964
205799	235	189853	964	964
247574	235	233502	964	964
317621	235	188414	964	964
218398	235	188430	964	964
235661	235	191661	964	964
227178	235	188394	964	964
323765	76	261785	964	964
242975	235	189137	964	964
199089	235	188073	964	964
212683	235	193614	964	964
262872	235	201868	964	964
356030	73	229957	964	964
200967	235	189972	964	964
210904	235	190145	964	964
193201	235	188438	964	964
210527	235	188416	964	964
195928	235	196152	964	964
189432	139	239698	964	964
277731	235	190138	964	964
209871	235	189921	964	964
201737	235	188029	964	964
213836	235	188381	964	964
194886	235	189707	964	964
209048	235	188094	964	964
340863	235	289077	964	964
313839	235	190203	964	964
196846	282	264961	964	964
198252	235	188136	964	964
244426	235	189899	964	964
325671	235	191463	964	964
200555	235	244435	964	964
290694	235	195641	964	964
195755	235	188020	964	964
194193	235	188408	964	964
267983	235	190903	964	964
228509	235	191673	964	964
240501	235	190039	964	964
265483	235	190785	964	964
312150	282	206298	964	964
220485	235	190946	964	964
242709	235	203956	964	964
204886	235	189677	964	964
216343	282	191044	964	964
244947	235	194067	964	964
207669	235	188454	964	964
267533	235	188803	964	964
197604	235	188147	964	964
193043	235	190963	964	964
196866	235	189950	964	964
193201	235	188091	964	964
260083	235	189495	964	964
196567	235	189582	964	964
200269	282	366365	964	964
375593	139	219335	964	964
198809	235	188119	964	964
349775	139	337104	964	964
263027	235	189451	964	964
316266	282	191011	964	964
221467	235	188055	964	964
223373	235	205974	964	964
249032	235	190039	964	964
232575	235	190267	964	964
294337	282	190284	964	964
238317	282	191784	964	964
214180	235	188627	964	964
193490	235	188137	964	964
360600	235	234973	964	964
294393	235	208468	964	964
204198	235	188683	964	964
217517	235	188994	964	964
254527	235	189600	964	964
265695	235	205857	964	964
263537	235	189333	964	964
196367	235	190270	964	964
224971	235	188792	964	964
245630	282	370647	964	964
278611	235	188599	964	964
242798	235	190473	964	964
201833	235	189407	964	964
260612	235	202432	964	964
212147	235	188693	964	964
202832	235	188519	964	964
215344	235	188702	964	964
193692	235	188691	964	964
236839	235	189361	964	964
234773	235	188753	964	964
249706	235	352649	964	964
195627	235	188446	964	964
207094	235	188713	964	964
204794	235	191698	964	964
203701	235	188153	964	964
207929	235	190353	964	964
192798	235	192044	964	964
197530	235	188379	964	964
264138	235	189080	964	964
204614	235	188524	964	964
208960	235	188567	964	964
247961	235	188552	964	964
241944	235	189312	964	964
244915	235	188964	964	964
245894	235	190385	964	964
275653	235	190771	964	964
206070	235	189011	964	964
230095	235	189292	964	964
301765	235	191701	964	964
275244	235	190385	964	964
199736	235	188256	964	964
242501	235	188093	964	964
231511	235	188225	964	964
208413	235	188041	964	964
291203	235	189039	964	964
203490	235	189855	964	964
212590	235	189699	964	964
203260	235	188740	964	964
250678	235	189499	964	964
195973	235	188345	964	964
197870	235	188307	964	964
272836	235	190649	964	964
236394	235	188761	964	964
355552	37	187993	964	964
241232	235	188403	964	964
196781	235	188050	964	964
212580	235	188808	964	964
285745	235	189253	964	964
240756	235	189326	964	964
248181	139	371997	964	964
319411	235	189247	964	964
247760	235	189546	964	964
213315	235	188444	964	964
313793	139	239029	964	964
200079	235	188377	964	964
212206	235	188950	964	964
210559	235	188098	964	964
192588	235	189501	964	964
256666	235	188802	964	964
198490	235	189109	964	964
267062	235	189449	964	964
196727	235	209765	964	964
275896	235	188157	964	964
294164	235	190220	964	964
230072	235	198586	964	964
254508	235	189588	964	964
275425	235	188472	964	964
192486	282	190811	964	964
260432	282	195258	964	964
352635	273	206334	964	964
337541	52	361667	964	964
199556	235	188010	964	964
360430	139	291351	964	964
200113	235	188868	964	964
193109	235	188107	964	964
235435	235	189230	964	964
224999	235	238935	964	964
296822	235	190785	964	964
216782	235	189530	964	964
203693	235	188579	964	964
197393	235	188201	964	964
217995	235	188068	964	964
215617	235	188054	964	964
270624	235	194970	964	964
270127	235	206641	964	964
276780	235	303215	964	964
202365	235	188010	964	964
214759	235	190185	964	964
272610	235	189816	964	964
226966	235	206094	964	964
249979	235	190006	964	964
255003	235	190336	964	964
197889	235	188305	964	964
209888	235	188025	964	964
227764	235	188348	964	964
232723	235	189077	964	964
258561	235	189980	964	964
193451	235	188334	964	964
251697	282	337066	964	964
239164	235	189720	964	964
216468	235	188348	964	964
200499	235	188706	964	964
230644	235	188201	964	964
202422	235	188629	964	964
198370	235	188422	964	964
245389	235	188317	964	964
203238	235	190499	964	964
341968	235	189236	964	964
233399	235	201712	964	964
207066	235	188464	964	964
200128	235	190866	964	964
297920	235	189072	964	964
296196	139	205391	964	964
209683	235	191548	964	964
222622	235	188574	964	964
293563	235	194529	964	964
234227	235	188691	964	964
230794	235	203385	964	964
233158	235	253353	964	964
194524	235	188421	964	964
218585	235	188116	964	964
226258	235	188907	964	964
202008	235	188610	964	964
196545	235	189254	964	964
270293	139	192851	964	964
226845	235	189352	964	964
240074	235	189070	964	964
205578	235	189950	964	964
284347	139	281714	964	964
203649	235	191873	964	964
345749	282	191886	964	964
249544	235	189449	964	964
298650	235	190850	964	964
194947	235	216120	964	964
222154	235	188061	964	964
209716	235	188515	964	964
331343	52	349167	964	964
313389	282	190779	964	964
194196	235	192091	964	964
243096	235	204925	964	964
199144	235	188026	964	964
201634	235	190295	964	964
312582	235	188183	964	964
205641	235	188656	964	964
201214	235	188524	964	964
202627	235	188559	964	964
206981	235	188677	964	964
196505	235	188121	964	964
250155	235	191264	964	964
278515	235	200641	964	964
266687	235	188729	964	964
229770	235	191980	964	964
265755	235	188442	964	964
213862	235	190040	964	964
293899	235	190850	964	964
232026	235	188646	964	964
198300	235	188710	964	964
206876	235	188794	964	964
225277	235	188627	964	964
198332	235	188574	964	964
245661	235	189598	964	964
202534	235	202017	964	964
260835	235	189053	964	964
193292	139	363879	964	964
298125	235	192327	964	964
219927	235	188489	964	964
222127	235	189598	964	964
217265	235	188659	964	964
232011	52	267546	964	964
285838	235	198586	964	964
203641	235	188069	964	964
229478	235	190360	964	964
252003	235	209684	964	964
247755	235	189333	964	964
236521	235	188094	964	964
217488	235	189205	964	964
209523	235	191061	964	964
260597	282	192411	964	964
231981	235	189169	964	964
193408	235	198900	964	964
211180	235	189544	964	964
206424	235	188041	964	964
199169	235	188439	964	964
297869	235	190303	964	964
221179	235	189419	964	964
199516	235	189435	964	964
201112	235	189281	964	964
200608	235	188133	964	964
210698	235	188034	964	964
192309	235	188137	964	964
318737	282	190788	964	964
253650	235	188469	964	964
373277	235	188098	964	964
303281	282	308161	964	964
292151	235	189291	964	964
248566	235	195888	964	964
246400	235	211940	964	964
267092	235	188106	964	964
207170	235	188065	964	964
207632	235	189772	964	964
207180	235	190505	964	964
221102	235	188635	964	964
210949	235	188397	964	964
193905	235	210768	964	964
218943	235	188093	964	964
213176	235	205941	964	964
290039	235	188592	964	964
207117	235	188859	964	964
198553	235	188546	964	964
214826	235	188324	964	964
261067	235	189712	964	964
197359	235	188402	964	964
296414	235	189453	964	964
195801	235	189798	964	964
318674	235	190443	964	964
357223	235	198586	964	964
217202	235	189495	964	964
201622	235	189499	964	964
298012	235	188702	964	964
356206	139	298320	964	964
198163	235	188173	964	964
213498	235	188207	964	964
365965	282	192598	964	964
195001	235	188519	964	964
210052	235	189780	964	964
216977	235	190408	964	964
246130	235	201094	964	964
212060	235	188685	964	964
300218	235	189075	964	964
258936	235	190785	964	964
312117	52	343681	964	964
200323	235	192467	964	964
275453	235	194551	964	964
281531	235	192669	964	964
283172	282	286689	964	964
245630	282	213925	964	964
226204	235	189040	964	964
207563	235	188061	964	964
309533	235	189390	964	964
211169	235	189202	964	964
199299	235	203382	964	964
221102	235	188891	964	964
202826	235	188794	964	964
268224	235	189193	964	964
255918	235	188449	964	964
278831	235	190229	964	964
239798	52	332391	964	964
203871	235	196152	964	964
216085	235	188768	964	964
253407	282	198404	964	964
229590	282	352304	964	964
209862	235	188389	964	964
212036	235	188121	964	964
216217	235	189303	964	964
232302	235	202788	964	964
263965	235	351315	964	964
280870	235	190246	964	964
202771	235	188010	964	964
205375	235	188545	964	964
270399	235	188408	964	964
358083	139	302055	964	964
202939	235	188034	964	964
253629	235	196227	964	964
265405	235	208917	964	964
329310	235	267729	964	964
242206	235	205425	964	964
223162	235	188878	964	964
240410	235	192737	964	964
201329	235	189645	964	964
204203	235	189202	964	964
331463	235	189201	964	964
249424	235	192738	964	964
210546	235	188438	964	964
250660	235	190138	964	964
212478	235	192730	964	964
255976	235	188579	964	964
205991	235	190360	964	964
256648	235	193076	964	964
192930	235	188003	964	964
246277	235	190521	964	964
276316	235	192711	964	964
270582	235	188290	964	964
226554	235	189209	964	964
216865	235	188438	964	964
193978	235	190196	964	964
198085	235	188057	964	964
232588	235	188246	964	964
263826	235	190321	964	964
363648	139	314416	964	964
288680	235	189642	964	964
332243	235	188211	964	964
214877	235	188373	964	964
195782	235	188324	964	964
212699	235	189390	964	964
273641	235	189816	964	964
194637	235	190351	964	964
248140	235	188970	964	964
236505	235	190989	964	964
245062	282	354580	964	964
201321	235	190381	964	964
234013	235	188877	964	964
231069	139	200619	964	964
220380	235	189100	964	964
312830	52	209610	964	964
248238	235	222767	964	964
212729	235	189015	964	964
198452	235	188206	964	964
196491	235	189167	964	964
277996	235	188985	964	964
317312	235	189391	964	964
210529	235	189226	964	964
285949	235	189312	964	964
246931	235	188344	964	964
250653	235	219227	964	964
209603	235	190174	964	964
221940	235	188294	964	964
221276	235	189121	964	964
208964	235	192821	964	964
366961	235	192745	964	964
197895	235	196477	964	964
273321	52	277186	964	964
196025	235	190090	964	964
195979	235	188463	964	964
287842	282	279404	964	964
224704	235	188256	964	964
363456	282	214389	964	964
194432	235	189821	964	964
205817	235	191086	964	964
204704	235	189577	964	964
202307	235	193593	964	964
220080	235	188778	964	964
210307	282	256770	964	964
220553	235	188011	964	964
192616	235	189970	964	964
207816	235	188802	964	964
201187	235	190445	964	964
230863	235	189821	964	964
234395	235	188526	964	964
296528	235	193386	964	964
199578	235	188844	964	964
260286	235	194060	964	964
270034	235	188557	964	964
217359	235	188943	964	964
191283	282	374975	964	964
242883	235	189242	964	964
246887	235	190925	964	964
208536	235	189757	964	964
211271	235	188223	964	964
193354	235	189000	964	964
224440	235	188335	964	964
195822	235	206441	964	964
322420	139	195921	964	964
195861	235	188452	964	964
245813	235	189727	964	964
220116	235	205025	964	964
264927	235	188627	964	964
217854	235	189068	964	964
194625	235	254145	964	964
209245	235	188298	964	964
196151	235	190513	964	964
220977	235	188403	964	964
375103	282	310705	964	964
257407	235	231282	964	964
221245	235	188397	964	964
253430	235	189530	964	964
245750	282	248181	964	964
241559	235	188454	964	964
210439	235	189522	964	964
290467	235	215054	964	964
200710	235	188584	964	964
211018	282	331934	964	964
201055	235	188616	964	964
237425	235	190850	964	964
318659	52	192039	964	964
256142	235	189499	964	964
204044	235	188793	964	964
242751	235	189018	964	964
240908	235	255005	964	964
239468	235	189116	964	964
232765	235	190306	964	964
290024	235	189728	964	964
192341	235	190891	964	964
282037	235	189053	964	964
210209	235	207079	964	964
202790	235	188101	964	964
287407	235	191675	964	964
281188	282	193725	964	964
345862	235	191665	964	964
260787	235	189646	964	964
241249	235	190139	964	964
242150	235	191162	964	964
200954	139	298142	964	964
195466	235	199972	964	964
245702	235	208917	964	964
192411	139	260597	964	964
196158	235	189100	964	964
228211	235	188835	964	964
215748	235	189763	964	964
293826	235	209684	964	964
206210	235	191668	964	964
205077	235	188079	964	964
205873	235	188053	964	964
208494	235	188958	964	964
250655	235	190055	964	964
268362	235	189121	964	964
304414	235	193512	964	964
257958	235	189637	964	964
193575	235	188399	964	964
242898	235	188330	964	964
206564	235	189072	964	964
239432	235	201834	964	964
232714	235	189119	964	964
192478	235	188064	964	964
310494	235	190095	964	964
220047	235	202017	964	964
219002	235	188091	964	964
232966	52	328752	964	964
238483	235	190191	964	964
243044	235	204925	964	964
316344	235	263788	964	964
199699	235	188801	964	964
244405	235	191980	964	964
272986	235	189346	964	964
194103	235	188098	964	964
204438	235	188694	964	964
203357	235	188629	964	964
245815	235	189816	964	964
305986	235	188019	964	964
214166	235	189949	964	964
248142	235	188685	964	964
205788	235	191286	964	964
295011	235	193614	964	964
287615	235	189102	964	964
192039	139	318659	964	964
233320	235	189974	964	964
236197	282	191850	964	964
209834	235	192781	964	964
259881	235	196355	964	964
215950	235	289077	964	964
219062	235	190251	964	964
225341	235	188964	964	964
219896	235	188155	964	964
200438	235	188228	964	964
232174	235	219380	964	964
201024	235	190082	964	964
195519	235	189642	964	964
365234	139	191769	964	964
219571	235	189500	964	964
197982	235	188066	964	964
202700	235	188592	964	964
239423	235	190801	964	964
256368	235	188892	964	964
220327	235	188320	964	964
291598	235	188856	964	964
275938	235	190579	964	964
203911	235	188414	964	964
257050	235	189549	964	964
198042	282	193687	964	964
193441	235	188054	964	964
290091	235	191420	964	964
296738	235	189083	964	964
222637	235	188557	964	964
236964	235	190925	964	964
321228	235	190023	964	964
201067	235	188090	964	964
202664	235	188444	964	964
193890	235	189466	964	964
207556	235	188446	964	964
192862	235	188054	964	964
205800	235	188720	964	964
195086	235	188408	964	964
236668	235	188011	964	964
214199	235	197407	964	964
249093	235	188973	964	964
273383	235	211638	964	964
194785	235	189035	964	964
194567	235	188134	964	964
209731	235	191828	964	964
267526	235	188627	964	964
218854	139	220548	964	964
292337	235	238402	964	964
200217	235	189002	964	964
291731	235	190465	964	964
204993	235	188070	964	964
211996	282	188889	964	964
229960	235	188324	964	964
206421	235	189814	964	964
242932	235	194591	964	964
218106	282	224080	964	964
294290	282	189654	964	964
197075	235	188060	964	964
210025	235	189014	964	964
217399	235	190699	964	964
228522	235	198524	964	964
192208	235	188285	964	964
204505	235	191058	964	964
224083	235	188066	964	964
297568	235	190850	964	964
225123	235	189377	964	964
196512	235	192362	964	964
213195	235	188633	964	964
263609	235	223636	964	964
208520	235	191625	964	964
254416	235	289077	964	964
211926	235	188740	964	964
232224	235	189195	964	964
193292	139	372966	964	964
211738	235	189103	964	964
282530	235	191855	964	964
230710	235	190796	964	964
229312	235	188249	964	964
218462	235	189908	964	964
338537	282	192086	964	964
299032	235	188449	964	964
246247	235	191058	964	964
238672	235	295769	964	964
205182	282	188295	964	964
245576	235	188545	964	964
218169	235	193512	964	964
259350	235	188497	964	964
272208	52	329616	964	964
196096	235	188725	964	964
216353	235	189100	964	964
196763	235	188627	964	964
367278	52	365234	964	964
192930	235	188802	964	964
208303	235	188616	964	964
204345	235	188241	964	964
231841	235	189725	964	964
222296	235	188772	964	964
194983	235	192219	964	964
210764	235	189092	964	964
205272	235	188056	964	964
212973	235	188312	964	964
256621	235	188381	964	964
316503	235	188653	964	964
281405	235	209684	964	964
255654	235	192231	964	964
204282	235	191142	964	964
193389	235	188179	964	964
230402	235	206226	964	964
204480	235	188168	964	964
276912	235	189828	964	964
240348	235	188215	964	964
207845	235	188389	964	964
216900	235	190307	964	964
221776	235	189072	964	964
238633	235	189320	964	964
196243	235	189892	964	964
274610	235	190223	964	964
223369	235	188480	964	964
189776	52	319269	964	964
236154	235	194484	964	964
241612	235	189642	964	964
230174	235	189085	964	964
197528	139	264300	964	964
282240	235	189119	964	964
267212	235	189749	964	964
199979	235	188165	964	964
277813	235	190214	964	964
198430	235	188489	964	964
339869	52	356277	964	964
198237	235	198900	964	964
213987	235	190576	964	964
342138	235	289077	964	964
237539	235	190541	964	964
216642	235	188351	964	964
200309	52	355676	964	964
201188	235	189306	964	964
229761	235	188557	964	964
212596	235	189763	964	964
205959	235	188443	964	964
219243	235	193592	964	964
216472	235	188685	964	964
204704	235	188560	964	964
294263	282	370938	964	964
240617	235	189411	964	964
199225	235	189308	964	964
285918	235	188712	964	964
197839	235	188993	964	964
200044	235	188649	964	964
240497	235	199285	964	964
284572	235	188808	964	964
257198	235	189500	964	964
225406	235	192446	964	964
298507	235	192745	964	964
225915	235	203849	964	964
257126	235	189814	964	964
204955	235	191026	964	964
239532	235	188053	964	964
203401	235	191601	964	964
217781	235	188438	964	964
220231	235	188097	964	964
211723	235	188298	964	964
202504	235	192745	964	964
262638	235	188404	964	964
194780	235	197453	964	964
225447	235	234454	964	964
314781	235	200321	964	964
201741	235	188051	964	964
198136	235	189289	964	964
195661	235	188592	964	964
273363	235	189680	964	964
196188	235	188175	964	964
252486	52	339746	964	964
240723	235	188582	964	964
217389	235	188010	964	964
196007	235	188657	964	964
199286	235	188065	964	964
238501	235	190321	964	964
253561	235	188606	964	964
229185	235	268621	964	964
215590	235	191264	964	964
340550	235	190203	964	964
205798	235	189005	964	964
226757	235	194976	964	964
248450	235	188444	964	964
195996	235	188202	964	964
249682	235	241108	964	964
246780	282	224702	964	964
211984	235	189815	964	964
200382	235	188498	964	964
210010	235	189043	964	964
204480	235	188613	964	964
204609	235	188228	964	964
208810	235	189163	964	964
295410	235	189517	964	964
235464	235	192334	964	964
251172	235	226978	964	964
195814	235	191795	964	964
196302	235	188020	964	964
195353	235	188545	964	964
241372	235	188901	964	964
239698	282	189432	964	964
223460	235	188773	964	964
216077	282	220566	964	964
327158	235	188601	964	964
246142	235	192219	964	964
282371	52	332391	964	964
250620	235	190143	964	964
276009	235	189241	964	964
371841	235	293316	964	964
259590	235	189287	964	964
286055	235	188609	964	964
218520	235	188802	964	964
194342	235	190129	964	964
208235	235	188802	964	964
260454	235	190591	964	964
192982	235	189588	964	964
352908	282	192811	964	964
221677	235	203759	964	964
276163	235	190850	964	964
274905	235	191487	964	964
294595	235	190066	964	964
225907	235	192166	964	964
235650	235	191795	964	964
215224	235	189341	964	964
235128	235	204392	964	964
321089	282	326318	964	964
273374	235	190084	964	964
207521	235	189717	964	964
303607	235	192004	964	964
200385	235	190353	964	964
247901	235	188419	964	964
209550	235	189952	964	964
237117	235	234774	964	964
267576	235	189678	964	964
209360	235	189757	964	964
200010	235	190127	964	964
251845	235	189320	964	964
201385	235	188662	964	964
209184	235	189018	964	964
295985	235	189516	964	964
271757	235	188627	964	964
199427	235	188869	964	964
200766	235	188189	964	964
221874	235	189044	964	964
202894	235	188574	964	964
204662	235	188091	964	964
258783	235	190595	964	964
196667	290	187987	964	964
236460	282	189204	964	964
203749	235	188792	964	964
214406	235	188627	964	964
257250	235	188423	964	964
296196	139	373910	964	964
197894	235	189281	964	964
220229	235	189205	964	964
289967	282	243095	964	964
197220	235	188015	964	964
224145	235	188803	964	964
239758	235	189319	964	964
192888	235	188109	964	964
199865	235	188253	964	964
210355	235	196401	964	964
211510	235	189292	964	964
260724	235	194100	964	964
259903	235	190183	964	964
218426	235	190080	964	964
198585	235	188092	964	964
193902	235	188145	964	964
243943	235	188223	964	964
253488	235	188592	964	964
197823	235	190297	964	964
220295	235	188223	964	964
277722	235	198900	964	964
204501	235	189780	964	964
193143	235	190059	964	964
241054	235	190833	964	965
270046	235	205402	964	965
194677	235	190045	964	965
215920	235	189295	964	965
242789	235	191360	964	965
243425	235	208424	964	965
271929	235	190836	964	965
202680	235	188394	964	965
287366	235	189095	964	965
210438	235	189367	964	965
231051	235	188244	964	965
263348	235	188835	964	965
226549	235	188072	964	965
208400	235	189387	964	965
256221	235	190550	964	965
223426	235	188799	964	965
277901	235	250662	964	965
196787	235	188874	964	965
199000	235	188801	964	965
216755	235	188705	964	965
213893	235	190563	964	965
216526	235	188209	964	965
218415	235	191422	964	965
283416	235	190855	964	965
284572	235	190276	964	965
210563	235	188201	964	965
265202	235	188646	964	965
208688	235	210742	964	965
259443	235	190214	964	965
250402	235	188237	964	965
194921	235	189630	964	965
206496	235	190267	964	965
198271	235	188490	964	965
234734	235	188859	964	965
262650	235	189326	964	965
220816	235	189197	964	965
217210	235	188555	964	965
207907	235	188512	964	965
257671	235	188577	964	965
195094	235	188468	964	965
254159	235	189558	964	965
350338	235	188231	964	965
214800	235	188522	964	965
204989	235	188488	964	965
261391	235	188838	964	965
196119	235	188615	964	965
283016	235	191422	964	965
238275	235	188041	964	965
274046	235	189121	964	965
198152	235	189603	964	965
260931	235	189719	964	965
224536	235	188385	964	965
297189	235	188260	964	965
280908	235	191401	964	965
263809	235	189647	964	965
213935	235	188123	964	965
247594	235	188542	964	965
276438	235	189236	964	965
242502	235	190833	964	965
242378	235	212641	964	965
227601	235	188895	964	965
213413	235	189530	964	965
346907	235	198208	964	965
210781	235	195980	964	965
284249	235	199975	964	965
279160	235	189827	964	965
257273	235	191126	964	965
234225	235	188183	964	965
263547	235	191601	964	965
236405	235	189037	964	965
201390	235	188653	964	965
206897	235	194291	964	965
317121	235	191045	964	965
208627	235	189327	964	965
233938	235	195398	964	965
215351	235	188957	964	965
216789	235	190185	964	965
316370	235	190506	964	965
265483	235	191971	964	965
239057	235	188405	964	965
313353	235	190663	964	965
238360	235	202993	964	965
221569	235	189466	964	965
193261	235	188432	964	965
238431	235	189549	964	965
202674	235	189166	964	965
196349	235	191354	964	965
255464	235	190636	964	965
273111	235	190443	964	965
254952	235	189738	964	965
250784	235	191305	964	965
256300	235	188430	964	965
214298	235	199968	964	965
288331	235	199975	964	965
227248	235	189471	964	965
245393	235	196102	964	965
294954	235	217871	964	965
211235	235	189431	964	965
205609	235	188123	964	965
254154	235	231282	964	965
286401	235	213824	964	965
278707	235	188599	964	965
201738	235	188537	964	965
272998	235	190134	964	965
228756	235	190655	964	965
238919	235	235839	964	965
209156	235	188030	964	965
197419	235	188888	964	965
232136	235	188470	964	965
207380	235	188589	964	965
215129	235	188994	964	965
212460	235	191000	964	965
218585	235	188116	964	965
213587	235	193656	964	965
235525	235	188178	964	965
195810	235	188226	964	965
247634	235	189175	964	965
193305	235	188452	964	965
273632	235	210463	964	965
218206	235	189530	964	965
239150	235	189985	964	965
217418	235	188038	964	965
202555	235	188907	964	965
203309	235	188589	964	965
207635	235	188032	964	965
282665	235	188470	964	965
287612	235	189221	964	965
222312	235	188394	964	965
234505	235	190952	964	965
195184	235	188072	964	965
205005	235	188514	964	965
204853	235	188446	964	965
262021	235	189536	964	965
236661	235	191984	964	965
204877	235	189278	964	965
245378	235	188370	964	965
281135	235	189466	964	965
200142	235	188371	964	965
203968	235	191209	964	965
194489	235	189479	964	965
245790	235	190049	964	965
276438	235	188901	964	965
203992	235	188395	964	965
218068	235	189159	964	965
195782	235	189911	964	965
224951	235	188308	964	965
219223	235	188947	964	965
253863	235	188695	964	965
195873	235	188368	964	965
195202	235	188419	964	965
206952	235	188010	964	965
216820	235	188503	964	965
236163	235	188268	964	965
249349	235	189312	964	965
252505	235	189471	964	965
270478	235	194095	964	965
200822	235	188285	964	965
290644	235	191665	964	965
209860	235	189010	964	965
209002	235	188555	964	965
212603	235	189858	964	965
247767	235	196150	964	965
193329	235	189138	964	965
217863	235	188332	964	965
241701	235	188387	964	965
233762	235	188872	964	965
309597	235	188118	964	965
197693	235	190135	964	965
205243	235	189107	964	965
235650	235	207936	964	965
199509	235	189075	964	965
199308	235	188091	964	965
292966	235	212329	964	965
295121	235	189780	964	965
207776	235	189316	964	965
315346	235	198861	964	965
209576	235	189264	964	965
251422	235	189750	964	965
218428	235	191079	964	965
256858	235	217002	964	965
290147	235	193356	964	965
228069	235	190775	964	965
223062	235	188739	964	965
205382	235	189973	964	965
250103	235	188898	964	965
197660	235	188091	964	965
290364	235	190727	964	965
275295	235	188826	964	965
341783	235	191045	964	965
230907	235	188302	964	965
357380	235	189921	964	965
215461	235	189973	964	965
198429	235	188541	964	965
308968	235	189746	964	965
217205	235	188282	964	965
348698	235	188365	964	965
198467	235	188409	964	965
267823	235	190521	964	965
255185	235	314005	964	965
206638	235	188315	964	965
259704	235	189659	964	965
268435	235	196999	964	965
220431	235	188120	964	965
235978	235	188364	964	965
208575	235	188123	964	965
231511	235	219783	964	965
206028	235	188261	964	965
213018	235	188584	964	965
204577	235	194242	964	965
201924	235	195651	964	965
207130	235	188226	964	965
206784	235	189011	964	965
222146	235	189466	964	965
224111	235	188899	964	965
273467	235	201275	964	965
222507	235	189408	964	965
218088	235	189015	964	965
202217	235	189005	964	965
201798	235	190196	964	965
202855	235	190074	964	965
232361	235	188298	964	965
260988	235	189004	964	965
223833	235	188588	964	965
209726	235	190271	964	965
204804	235	188098	964	965
283149	235	189202	964	965
299966	235	189834	964	965
216182	235	190727	964	965
198827	235	192284	964	965
276686	235	188891	964	965
263769	235	201264	964	965
217121	235	189161	964	965
194119	235	190334	964	965
245779	235	191661	964	965
200765	235	188576	964	965
214496	235	188370	964	965
217104	235	188284	964	965
217214	235	189252	964	965
196368	235	188703	964	965
196201	235	188098	964	965
199629	235	188086	964	965
211123	235	233870	964	965
296528	235	190813	964	965
359864	235	188502	964	965
288177	235	229372	964	965
293108	235	189534	964	965
244814	235	188690	964	965
222712	235	188417	964	965
206486	235	188424	964	965
211383	235	189035	964	965
204246	235	188064	964	965
218058	235	189129	964	965
265632	235	189842	964	965
237452	235	188542	964	965
262069	235	235839	964	965
199580	235	189124	964	965
257930	235	190953	964	965
240856	235	188237	964	965
222250	235	189640	964	965
259779	235	190215	964	965
206400	235	188568	964	965
198015	235	193782	964	965
252061	235	189397	964	965
207350	235	189613	964	965
209644	235	188057	964	965
197388	235	188545	964	965
197847	235	190242	964	965
213168	235	188146	964	965
283886	235	206606	964	965
292705	235	192197	964	965
251669	235	207079	964	965
253500	235	192592	964	965
200377	235	188545	964	965
220237	235	188878	964	965
229494	235	188532	964	965
243569	235	189102	964	965
206241	235	188261	964	965
238564	235	189611	964	965
250385	235	234398	964	965
290884	235	248263	964	965
268656	235	188770	964	965
266037	235	191754	964	965
191824	235	189765	964	965
303567	235	189264	964	965
271749	235	188653	964	965
221507	235	188898	964	965
267216	235	190055	964	965
213885	235	188582	964	965
196787	235	308300	964	965
238038	235	188583	964	965
195153	235	188697	964	965
343410	235	189255	964	965
229571	235	188690	964	965
233598	235	191694	964	965
334794	235	188883	964	965
289147	235	189638	964	965
230492	235	188502	964	965
212860	235	188156	964	965
255755	235	189224	964	965
277527	235	189023	964	965
261303	235	192302	964	965
231010	235	188981	964	965
216922	235	188244	964	965
200687	235	203621	964	965
196738	235	189252	964	965
250859	235	189638	964	965
240726	235	188776	964	965
201455	235	189645	964	965
283596	235	189099	964	965
240862	235	198866	964	965
239666	235	188105	964	965
198738	235	188826	964	965
194374	235	188805	964	965
219645	235	188098	964	965
197115	235	189482	964	965
257014	235	190961	964	965
235497	235	194971	964	965
278451	235	189018	964	965
199272	235	188876	964	965
317038	235	189099	964	965
221116	235	189854	964	965
193196	235	189598	964	965
223902	235	192371	964	965
271526	235	188875	964	965
197557	235	188121	964	965
224152	235	189011	964	965
196034	235	188094	964	965
218697	235	188337	964	965
255842	235	190257	964	965
200763	235	188444	964	965
202172	235	189520	964	965
197078	235	188844	964	965
197710	235	188197	964	965
207609	235	274300	964	965
281549	235	189121	964	965
250143	235	241113	964	965
214063	235	190045	964	965
234434	235	191093	964	965
280156	235	189256	964	965
255508	235	343837	964	965
228653	235	188745	964	965
264482	235	205425	964	965
226917	235	189479	964	965
218462	235	189461	964	965
201584	235	188316	964	965
227803	235	350457	964	965
241922	235	188658	964	965
209114	235	188324	964	965
277607	235	188344	964	965
223930	235	189582	964	965
201324	235	189516	964	965
298847	235	194410	964	965
273297	235	191125	964	965
204929	235	192581	964	965
240892	235	189781	964	965
329210	235	188595	964	965
209090	235	188912	964	965
210064	235	188952	964	965
211872	235	188038	964	965
203965	235	189431	964	965
252312	235	188452	964	965
199680	235	189539	964	965
208225	235	189166	964	965
230324	235	189068	964	965
227677	235	202334	964	965
198056	235	188728	964	965
224186	235	189764	964	965
202038	235	189229	964	965
325833	235	215657	964	965
223293	235	193553	964	965
281934	235	189031	964	965
236743	235	191000	964	965
264743	235	189448	964	965
281537	235	189070	964	965
213440	235	188897	964	965
272213	235	190037	964	965
251068	235	190083	964	965
299679	235	195662	964	965
236130	235	191162	964	965
231440	235	188570	964	965
215875	235	193285	964	965
212045	235	188402	964	965
206595	235	189598	964	965
233560	235	190171	964	965
247121	235	191661	964	965
344576	235	317434	964	965
235661	235	197396	964	965
288668	235	191308	964	965
293899	235	194484	964	965
199375	235	218463	964	965
258796	235	190477	964	965
267256	235	189746	964	965
289374	235	190585	964	965
208275	235	189137	964	965
236976	235	188050	964	965
227845	235	188622	964	965
250705	235	189099	964	965
214410	235	188803	964	965
245937	235	188298	964	965
332650	235	215035	964	965
210054	235	189017	964	965
195423	235	188105	964	965
207608	235	188584	964	965
214853	235	191368	964	965
283913	235	192885	964	965
248987	235	190735	964	965
206526	235	206350	964	965
194441	235	188394	964	965
217623	235	189194	964	965
270663	235	189142	964	965
279455	235	237293	964	965
258984	235	188232	964	965
271095	235	189793	964	965
276525	235	188054	964	965
345201	235	188519	964	965
209948	235	190930	964	965
232180	235	188300	964	965
200519	235	188570	964	965
236376	235	197798	964	965
220692	235	188505	964	965
214773	235	188321	964	965
201267	235	189454	964	965
252000	235	189045	964	965
225907	235	188054	964	965
230361	235	194591	964	965
198184	235	189455	964	965
200194	235	189479	964	965
255362	235	188320	964	965
212343	235	188820	964	965
198155	235	189318	964	965
192307	235	188515	964	965
208487	235	190836	964	965
193227	235	195888	964	965
262491	235	189121	964	965
195185	235	188560	964	965
207828	235	189705	964	965
277976	235	194896	964	965
205010	235	188113	964	965
226010	235	188898	964	965
193954	235	189152	964	965
281833	235	189848	964	965
204530	235	213056	964	965
254011	235	189054	964	965
198057	235	190453	964	965
267073	235	192100	964	965
218452	235	189391	964	965
216767	235	189031	964	965
194198	235	189054	964	965
204993	235	188070	964	965
264817	235	191014	964	965
202469	235	190035	964	965
269256	235	191797	964	965
285129	235	190576	964	965
203340	235	188364	964	965
250402	235	189655	964	965
203992	235	188222	964	965
205641	235	188223	964	965
238700	235	188594	964	965
256476	235	189967	964	965
310632	235	190408	964	965
222072	235	189367	964	965
224435	235	189950	964	965
212730	235	188486	964	965
210758	235	188073	964	965
232587	235	192079	964	965
257756	235	188707	964	965
204857	235	188316	964	965
254786	235	189708	964	965
257666	235	189221	964	965
217985	235	188121	964	965
248009	235	188732	964	965
205722	235	188961	964	965
260174	235	188005	964	965
200333	235	190074	964	965
201520	235	188147	964	965
206038	235	190307	964	965
233314	235	189540	964	965
327690	235	330408	964	965
225624	235	188733	964	965
200642	235	188887	964	965
205524	235	190032	964	965
212797	235	190066	964	965
204027	235	189827	964	965
204697	235	189133	964	965
207275	235	189822	964	965
292047	235	192247	964	965
323817	235	191754	964	965
202715	235	188438	964	965
216816	235	189103	964	965
257534	235	189375	964	965
223849	235	190140	964	965
217321	235	188247	964	965
201934	235	190023	964	965
237040	235	190795	964	965
239600	235	189289	964	965
298022	235	189664	964	965
282941	235	190955	964	965
296882	235	201594	964	965
253087	235	189945	964	965
192826	235	188392	964	965
206818	235	188558	964	965
192208	235	189470	964	965
226297	235	191920	964	965
196822	235	188025	964	965
219927	235	188368	964	965
214292	235	188956	964	965
235815	235	188320	964	965
219591	235	188483	964	965
275111	235	254257	964	965
202744	235	189387	964	965
317225	235	189640	964	965
213968	235	188894	964	965
341027	235	189638	964	965
244565	235	197738	964	965
267854	235	188116	964	965
206465	235	188502	964	965
225304	235	190775	964	965
193501	235	188065	964	965
218649	235	189182	964	965
203427	235	188282	964	965
214218	235	188514	964	965
255412	235	226422	964	965
276992	235	188988	964	965
260025	235	189354	964	965
196354	235	188086	964	965
236921	235	246100	964	965
194224	235	188420	964	965
201211	235	188673	964	965
217403	235	189075	964	965
215555	235	188542	964	965
287515	235	192005	964	965
201212	235	189264	964	965
239865	235	188219	964	965
236745	235	195461	964	965
210424	235	189080	964	965
305514	235	190824	964	965
210205	235	194401	964	965
286914	235	189107	964	965
202159	235	188473	964	965
258804	235	190149	964	965
200857	235	188851	964	965
263154	235	193939	964	965
219583	235	188060	964	965
200996	235	188911	964	965
237233	235	188585	964	965
229147	235	188486	964	965
220115	235	189646	964	965
276804	235	193386	964	965
227804	235	188617	964	965
199374	235	191731	964	965
268927	235	190833	964	965
231494	235	189714	964	965
316740	235	188917	964	965
329210	235	191636	964	965
252976	235	188830	964	965
239232	235	189823	964	965
199299	235	191140	964	965
195502	235	188612	964	965
255669	235	190432	964	965
296624	235	192256	964	965
219844	235	188060	964	965
247780	235	188364	964	965
368483	235	189165	964	965
239082	235	193977	964	965
332321	235	196140	964	965
250263	235	188567	964	965
247706	235	188107	964	965
195045	235	188087	964	965
278328	235	189121	964	965
225198	235	209474	964	965
244014	235	192618	964	965
247881	235	188868	964	965
196406	235	287288	964	965
299230	235	189518	964	965
236996	235	189150	964	965
234512	235	188470	964	965
201106	235	189369	964	965
334238	235	297325	964	965
225872	235	190041	964	965
284782	235	188628	964	965
197063	235	191275	964	965
204922	235	189123	964	965
205168	235	189539	964	965
265872	235	192496	964	965
203966	235	189685	964	965
208662	235	188659	964	965
309560	235	188260	964	965
207875	235	188514	964	965
264150	235	189208	964	965
226416	235	191353	964	965
317816	235	188486	964	965
259595	235	188948	964	965
203426	235	188040	964	965
212593	235	190421	964	965
218893	235	188221	964	965
265541	235	188465	964	965
201932	235	190675	964	965
204284	235	188161	964	965
199088	235	188754	964	965
193632	235	188584	964	965
249954	235	233870	964	965
204060	235	204234	964	965
261299	235	189989	964	965
197783	235	188356	964	965
215509	235	188712	964	965
194780	235	189098	964	965
199163	235	195059	964	965
198236	235	188478	964	965
190983	235	188498	964	965
264150	235	188223	964	965
212012	235	189952	964	965
338255	235	188694	964	965
294339	235	224107	964	965
196391	235	229398	964	965
280680	235	189799	964	965
216457	235	188935	964	965
208358	235	188188	964	965
209022	235	188564	964	965
214959	235	197267	964	965
277940	235	188681	964	965
222753	235	189530	964	965
237904	235	190335	964	965
323784	235	188086	964	965
216127	235	188173	964	965
363186	235	324260	964	965
237092	235	189299	964	965
231149	235	190203	964	965
199764	235	188949	964	965
283138	235	190138	964	965
222003	235	188005	964	965
242330	235	190955	964	965
295232	235	191092	964	965
256438	235	188026	964	965
203267	235	188509	964	965
249559	235	190059	964	965
199409	235	188878	964	965
217083	235	189158	964	965
204687	235	189148	964	965
239718	235	190311	964	965
213077	235	188801	964	965
193793	235	189296	964	965
299126	235	266376	964	965
259387	235	190045	964	965
259081	235	207936	964	965
229990	235	263024	964	965
309747	235	198586	964	965
267998	235	188469	964	965
271066	235	190953	964	965
223922	235	210742	964	965
252546	235	190585	964	965
213757	235	189687	964	965
247294	235	189972	964	965
307979	235	188281	964	965
208673	235	188806	964	965
206343	235	229878	964	965
195728	235	188319	964	965
315421	235	190595	964	965
223590	235	190264	964	965
198545	235	188537	964	965
198843	235	188512	964	965
213184	235	188110	964	965
199561	235	189007	964	965
194628	235	189259	964	965
207387	235	188790	964	965
204907	235	190057	964	965
244990	235	189319	964	965
219249	235	188490	964	965
226236	235	188357	964	965
281416	235	189534	964	965
264819	235	192172	964	965
226324	235	188006	964	965
202503	235	188010	964	965
205653	235	188219	964	965
206251	235	188358	964	965
194820	235	188206	964	965
234724	235	190147	964	965
340941	235	188024	964	965
259316	235	189045	964	965
204197	235	188276	964	965
198150	235	189664	964	965
208830	235	189686	964	965
293660	235	191843	964	965
208004	235	191655	964	965
252240	235	190104	964	965
300027	235	190118	964	965
258340	235	190066	964	965
226523	235	195623	964	965
196781	235	188059	964	965
201498	235	190059	964	965
235367	235	372489	964	965
255298	235	191186	964	965
249968	235	189391	964	965
197673	235	188210	964	965
195496	235	193212	964	965
217822	235	188106	964	965
271005	235	188710	964	965
208293	235	189752	964	965
241603	235	189323	964	965
208921	235	189195	964	965
295488	235	192733	964	965
290236	235	190159	964	965
226252	235	188284	964	965
206862	235	189713	964	965
231232	235	192233	964	965
239607	235	189122	964	965
219812	235	189945	964	965
295708	235	190183	964	965
226117	235	189662	964	965
273651	235	188110	964	965
283896	235	190368	964	965
242131	235	188609	964	965
307905	235	188294	964	965
199909	235	188106	964	965
256307	235	188249	964	965
192900	235	188324	964	965
230525	235	190368	964	965
216598	235	188060	964	965
230494	235	188131	964	965
221561	235	188357	964	965
259179	235	188830	964	965
218073	235	189967	964	965
199426	235	188961	964	965
233658	235	190669	964	965
221701	235	189195	964	965
200517	235	188596	964	965
193898	235	203377	964	965
231830	235	188868	964	965
296079	235	193652	964	965
192795	235	189493	964	965
206141	235	188133	964	965
301027	235	209220	964	965
196296	235	193407	964	965
201988	235	188061	964	965
202799	235	190171	964	965
246964	235	228632	964	965
242696	235	189967	964	965
244607	235	188794	964	965
247514	235	189840	964	965
200724	235	188317	964	965
240333	235	189314	964	965
220113	235	189793	964	965
209742	235	188161	964	965
302325	235	189230	964	965
212841	235	189315	964	965
195309	235	189471	964	965
282983	235	189782	964	965
215935	235	188551	964	965
283185	235	191116	964	965
207487	235	188392	964	965
217024	235	188781	964	965
342609	235	223003	964	965
211592	235	188774	964	965
198610	235	188202	964	965
254782	235	193429	964	965
211465	235	189452	964	965
227733	235	188783	964	965
240835	235	188381	964	965
201633	235	189950	964	965
283685	235	189587	964	965
213175	235	191946	964	965
232132	235	189645	964	965
280004	235	188281	964	965
195419	235	188546	964	965
288092	235	190676	964	965
292628	235	188690	964	965
199171	235	188961	964	965
197423	235	189169	964	965
268645	235	189953	964	965
233985	235	190185	964	965
275313	235	189407	964	965
224211	235	188495	964	965
229457	235	198861	964	965
271590	235	190083	964	965
220922	235	188659	964	965
254416	235	188219	964	965
207212	235	193147	964	965
234062	235	191436	964	965
260011	235	190095	964	965
209131	235	190244	964	965
221069	235	234087	964	965
211514	235	188745	964	965
246203	235	191142	964	965
196188	235	188175	964	965
195044	235	188732	964	965
230669	235	188250	964	965
224978	235	188878	964	965
222384	235	188909	964	965
262991	235	191879	964	965
271410	235	188403	964	965
217855	235	189622	964	965
200223	235	189408	964	965
212590	235	221098	964	965
231279	235	188677	964	965
300544	235	188064	964	965
201556	235	188659	964	965
224515	235	191764	964	965
223861	235	188646	964	965
297171	235	188798	964	965
226012	235	189126	964	965
206418	235	188726	964	965
270939	235	189375	964	965
333023	235	190551	964	965
200676	235	188110	964	965
282209	235	192143	964	965
219906	235	188493	964	965
200113	235	188884	964	965
248468	235	188649	964	965
198589	235	188470	964	965
202294	235	188231	964	965
215809	235	189443	964	965
193441	235	188040	964	965
271688	235	189383	964	965
204308	235	206044	964	965
227005	235	188061	964	965
274692	235	230734	964	965
211778	235	190901	964	965
220290	235	188621	964	965
224770	235	188298	964	965
197685	235	191654	964	965
208801	235	189452	964	965
199450	235	188615	964	965
251007	235	190525	964	965
197203	235	188601	964	965
244212	235	188972	964	965
228197	235	189311	964	965
291059	235	188353	964	965
196218	235	189501	964	965
203674	235	188956	964	965
209487	235	188757	964	965
258967	235	195888	964	965
194781	235	189377	964	965
191396	235	188091	964	965
248068	235	191668	964	965
270268	235	189093	964	965
206183	235	188407	964	965
280338	235	190386	964	965
222755	235	189332	964	965
194566	235	188725	964	965
225264	235	189718	964	965
196469	235	191000	964	965
206133	235	189092	964	965
247643	235	189158	964	965
255763	235	190504	964	965
285606	235	189862	964	965
194477	235	189326	964	965
307636	235	210161	964	965
215971	235	196485	964	965
199144	235	188060	964	965
331321	235	188690	964	965
256724	235	189201	964	965
204674	235	188414	964	965
202179	235	188619	964	965
193201	235	188420	964	965
222219	235	189229	964	965
201875	235	189004	964	965
277947	235	189102	964	965
215467	235	188960	964	965
229512	235	189499	964	965
253976	235	188702	964	965
210980	235	188056	964	965
244256	235	194736	964	965
282596	235	190953	964	965
331551	235	190840	964	965
299688	235	205811	964	965
357086	235	189061	964	965
195996	235	188048	964	965
291630	235	189664	964	965
198389	235	189613	964	965
268066	235	188332	964	965
271315	235	191000	964	965
285312	235	189848	964	965
228426	235	188712	964	965
194545	235	189017	964	965
235440	235	190336	964	965
285809	235	259579	964	965
231738	235	188060	964	965
198098	235	190916	964	965
204547	235	188973	964	965
262497	235	197407	964	965
335679	235	189117	964	965
235125	235	188418	964	965
235204	235	191000	964	965
289177	235	189514	964	965
279396	235	197496	964	965
248096	235	191499	964	965
224202	235	190421	964	965
247254	235	188246	964	965
200320	235	189642	964	965
219865	235	191229	964	965
209550	235	191324	964	965
193002	235	188003	964	965
195874	235	202433	964	965
207496	235	188059	964	965
262634	235	189595	964	965
253203	235	190775	964	965
336386	235	188219	964	965
199610	235	188367	964	965
276600	235	188275	964	965
221238	235	188294	964	965
277668	235	188298	964	965
194675	235	188054	964	965
206063	235	188789	964	965
261649	235	190711	964	965
197274	235	188450	964	965
200216	235	188082	964	965
199595	235	189019	964	965
200338	235	189042	964	965
261798	235	195599	964	965
206674	235	188868	964	965
245970	235	188146	964	965
300471	235	209992	964	965
204554	235	189326	964	965
204933	235	188054	964	965
226997	235	188020	964	965
195236	235	188878	964	965
241515	235	188472	964	965
317845	235	192669	964	965
263083	235	188452	964	965
265493	235	188277	964	965
284950	235	191079	964	965
195284	235	189023	964	965
215009	235	191500	964	965
217084	235	190775	964	965
255925	235	189528	964	965
207026	235	193958	964	965
234534	235	192853	964	965
218728	235	191806	964	965
193276	235	188142	964	965
210124	235	188646	964	965
196794	235	188249	964	965
271429	235	189601	964	965
323027	235	209992	964	965
211146	235	188242	964	965
208233	235	192255	964	965
228747	235	189216	964	965
338245	235	190264	964	965
273505	235	191754	964	965
208076	235	188754	964	965
325777	235	195629	964	965
227493	235	188506	964	965
234754	235	188143	964	965
252788	235	189141	964	965
208889	235	191890	964	965
205309	235	188574	964	965
192565	235	189973	964	965
236499	235	188594	964	965
230609	235	188577	964	965
205963	235	188542	964	965
222637	235	188557	964	965
215273	235	188381	964	965
268154	235	189664	964	965
257542	235	190070	964	965
239677	235	196429	964	965
273466	235	190149	964	965
224798	235	188341	964	965
195361	235	189896	964	965
198800	235	190456	964	965
270034	235	189939	964	965
196648	235	188490	964	965
204963	235	188614	964	965
295563	235	188959	964	965
202973	235	188166	964	965
221602	235	189736	964	965
210465	235	188392	964	965
195827	235	188264	964	965
268598	235	188874	964	965
200021	235	188827	964	965
255298	235	189205	964	965
280475	235	190261	964	965
297485	235	189311	964	965
192513	235	189911	964	965
310519	235	189031	964	965
241354	235	194891	964	965
198967	235	189010	964	965
251620	235	188790	964	965
228282	235	192917	964	965
259792	235	189560	964	965
317028	235	193495	964	965
234780	235	188106	964	965
213903	235	189134	964	965
316742	235	196650	964	965
271596	235	190663	964	965
227091	235	188269	964	965
226539	235	188065	964	965
316520	235	192397	964	965
214316	235	191529	964	965
201373	235	199092	964	965
240441	235	188465	964	965
290663	235	188753	964	965
266367	235	190506	964	965
211147	235	188403	964	965
209915	235	192255	964	965
204639	235	188970	964	965
298413	235	193854	964	965
230047	235	189102	964	965
332651	235	246078	964	965
265465	235	199317	964	965
208666	235	189191	964	965
291773	235	201338	964	965
213442	235	188778	964	965
254708	235	191436	964	965
240000	235	190529	964	965
205213	235	263024	964	965
221733	235	188029	964	965
192829	235	188107	964	965
225630	235	191045	964	965
236739	235	188773	964	965
224046	235	188979	964	965
227264	235	189071	964	965
274704	235	190519	964	965
251103	235	188761	964	965
290822	235	189043	964	965
195793	235	188388	964	965
197191	235	188634	964	965
195178	235	188166	964	965
304612	235	191917	964	965
203124	235	188994	964	965
213635	235	188729	964	965
202743	235	190526	964	965
204028	235	189692	964	965
264972	235	233684	964	965
372742	235	310069	964	965
280270	235	189225	964	965
209244	235	188829	964	965
208873	235	188543	964	965
225430	235	188241	964	965
199583	235	188038	964	965
239034	235	189389	964	965
251752	235	190896	964	965
201380	235	196900	964	965
236840	235	188623	964	965
199881	235	190901	964	965
211656	235	192240	964	965
219400	235	189121	964	965
270324	235	191945	964	965
230233	235	188907	964	965
257437	235	189702	964	965
219338	235	188394	964	965
219177	235	189011	964	965
195092	235	188371	964	965
232758	235	189421	964	965
201776	235	188307	964	965
274722	235	191982	964	965
212941	235	193262	964	965
228959	235	188229	964	965
251704	235	188356	964	965
209479	235	189540	964	965
195236	235	188798	964	965
228190	235	196102	964	965
206483	235	189071	964	965
206771	235	190963	964	965
227627	235	188166	964	965
245445	235	188662	964	965
203263	235	193034	964	965
246364	235	189529	964	965
303303	235	188054	964	965
208740	235	190410	964	965
197361	235	188542	964	965
230354	235	201319	964	965
194426	235	191947	964	965
292217	235	189597	964	965
195612	235	188616	964	965
199654	235	188246	964	965
198312	235	190307	964	965
317263	235	192350	964	965
316382	235	188294	964	965
195682	235	188072	964	965
200849	235	189765	964	965
232256	235	188297	964	965
250381	235	189835	964	965
287128	235	194516	964	965
206668	235	188386	964	965
272420	235	192315	964	965
263910	235	188779	964	965
195905	235	190279	964	965
236246	235	188601	964	965
231334	235	189118	964	965
195650	235	189806	964	965
298336	235	188773	964	965
370487	235	192256	964	965
225282	235	191856	964	965
244523	235	190335	964	965
268634	235	188899	964	965
221186	235	188887	964	965
209243	235	188147	964	965
237380	235	188260	964	965
343073	235	189010	964	965
192802	235	188094	964	965
230918	235	188463	964	965
246801	235	188461	964	965
210222	235	213331	964	965
246846	235	192828	964	965
268414	235	192144	964	965
274274	235	190519	964	965
235215	235	190106	964	965
232303	235	189286	964	965
193587	235	193810	964	965
192721	235	188107	964	965
314208	235	189451	964	965
261397	235	188126	964	965
242263	235	189587	964	965
291677	235	189350	964	965
197319	235	188316	964	965
309274	235	189256	964	965
236944	235	188424	964	965
197812	235	188164	964	965
202167	235	191327	964	965
219084	235	188546	964	965
200153	235	188254	964	965
226085	235	189523	964	965
354749	235	190007	964	965
218157	235	188806	964	965
294644	235	190215	964	965
214508	235	196813	964	965
281198	235	192390	964	965
229118	235	200255	964	965
200294	235	188964	964	965
237367	235	189798	964	965
211976	235	188351	964	965
296888	235	188491	964	965
207376	235	189030	964	965
270557	235	202375	964	965
206452	235	188929	964	965
196714	235	188659	964	965
200429	235	188685	964	965
194444	235	188098	964	965
311438	235	189123	964	965
203789	235	191613	964	965
207325	235	188029	964	965
248697	235	189500	964	965
266435	235	191161	964	965
196786	235	188166	964	965
329038	235	188019	964	965
230625	235	188132	964	965
211853	235	190246	964	965
298456	235	194571	964	965
236410	235	189319	964	965
257744	235	188060	964	965
246754	235	189749	964	965
244236	235	231910	964	965
245788	235	188835	964	965
228898	235	189854	964	965
193692	235	189910	964	965
203046	235	191327	964	965
241416	235	189569	964	965
286468	235	189752	964	965
210433	235	188223	964	965
195693	235	188910	964	965
194084	235	188158	964	965
204833	235	188109	964	965
199947	235	189697	964	965
212963	235	190201	964	965
235568	235	189391	964	965
221452	235	189501	964	965
225904	235	188956	964	965
206171	235	188794	964	965
242936	235	188465	964	965
198098	235	188790	964	965
257936	235	188432	964	965
241974	235	189156	964	965
311416	235	198256	964	965
199036	235	188097	964	965
206156	235	188595	964	965
204509	235	189588	964	965
216590	235	190942	964	965
272624	235	209230	964	965
238981	235	191181	964	965
197661	235	189060	964	965
214406	235	188228	964	965
208409	235	196407	964	965
234004	235	189712	964	965
202215	235	191726	964	965
291738	235	192754	964	965
204577	235	188496	964	965
230703	235	188847	964	965
258262	235	192172	964	965
278631	235	189047	964	965
224530	235	188373	964	965
215886	235	191000	964	965
273733	235	190469	964	965
205382	235	189973	964	965
366984	235	189061	964	965
195883	235	194551	964	965
224438	235	188544	964	965
268673	235	192350	964	965
228906	235	188567	964	965
273425	235	198764	964	965
197539	235	188545	964	965
199692	235	210415	964	965
249772	235	197396	964	965
229196	235	189648	964	965
206421	235	191426	964	965
286423	235	189939	964	965
191868	235	192284	964	965
199003	235	223735	964	965
197226	235	188995	964	965
204693	235	188300	964	965
195540	235	188544	964	965
229498	235	188604	964	965
207363	235	189369	964	965
216500	235	189512	964	965
340969	235	225165	964	965
204205	235	188878	964	965
199192	235	188783	964	965
200481	235	188740	964	965
216913	235	189102	964	965
226716	235	188697	964	965
282126	235	189240	964	965
252227	235	188494	964	965
236228	235	188993	964	965
201212	235	189628	964	965
252852	235	192397	964	965
227292	235	188379	964	965
282599	235	188568	964	965
272102	235	188470	964	965
202813	235	188211	964	965
264971	235	196525	964	965
229938	235	188155	964	965
214360	235	189255	964	965
205676	235	190066	964	965
251674	235	196150	964	965
235656	235	188066	964	965
200932	235	188066	964	965
193962	235	189019	964	965
208493	235	188577	964	965
210800	235	188094	964	965
199177	235	188307	964	965
196419	235	188595	964	965
243978	235	189216	964	965
269906	235	191038	964	965
199841	235	189742	964	965
279582	235	188757	964	965
288118	235	188495	964	965
246884	235	190936	964	965
264305	235	189286	964	965
232384	235	235662	964	965
220931	235	188853	964	965
193891	235	192284	964	965
205042	235	188017	964	965
193260	235	188041	964	965
254536	235	190595	964	965
234050	235	188983	964	965
317170	235	190432	964	965
197774	235	188706	964	965
231124	235	192047	964	965
208396	235	188489	964	965
280148	235	189939	964	965
197690	235	188691	964	965
323864	235	188050	964	965
279166	235	188357	964	965
220019	235	192302	964	965
220154	235	189023	964	965
198752	235	189827	964	965
207757	235	189177	964	965
205332	235	188899	964	965
219375	235	188260	964	965
208213	235	189318	964	965
216687	235	188436	964	965
271243	235	217713	964	965
207463	235	189246	964	965
239778	235	190981	964	965
225406	235	191000	964	965
210507	235	189887	964	965
197435	235	188395	964	965
237643	235	188690	964	965
248997	235	191625	964	965
196481	235	188147	964	965
216076	235	189094	964	965
200891	235	189399	964	965
232240	235	189495	964	965
281420	235	189326	964	965
221859	235	188032	964	965
237184	235	188496	964	965
233458	235	191374	964	965
223873	235	188456	964	965
202688	235	190132	964	965
208480	235	188166	964	965
297941	235	191601	964	965
226661	235	188518	964	965
278195	235	190176	964	965
233003	235	188517	964	965
192406	235	188173	964	965
200299	235	188263	964	965
205273	235	193184	964	965
251706	235	189391	964	965
228140	235	188113	964	965
248092	235	194516	964	965
248151	235	189319	964	965
244961	235	189386	964	965
215188	235	188876	964	965
280128	235	188290	964	965
196562	235	191140	964	965
234015	235	188604	964	965
197551	235	188057	964	965
239121	235	188398	964	965
205955	235	194244	964	965
259556	235	189061	964	965
235791	235	189104	964	965
284114	235	189447	964	965
266508	235	189163	964	965
309744	235	189582	964	965
203969	235	198234	964	965
263881	235	188773	964	965
310536	235	188856	964	965
238644	235	189097	964	965
237301	235	193110	964	965
219579	235	188779	964	965
249366	235	194410	964	965
196086	235	188899	964	965
199691	235	191984	964	965
219636	235	190477	964	965
236897	235	188524	964	965
222668	235	188507	964	965
267754	235	189355	964	965
221270	235	189200	964	965
232846	235	189123	964	965
196639	235	189793	964	965
207199	235	188870	964	965
226617	235	189194	964	965
237349	235	188705	964	965
231165	235	189338	964	965
266382	235	188532	964	965
253776	235	188470	964	965
291203	235	189587	964	965
208693	235	188729	964	965
281780	235	190504	964	965
204414	235	190307	964	965
226417	235	188608	964	965
200128	235	188031	964	965
281407	235	189811	964	965
201929	235	190023	964	965
240353	235	188670	964	965
220835	235	192256	964	965
282066	235	190040	964	965
243574	235	190445	964	965
292555	235	204541	964	965
235647	235	188690	964	965
315079	235	256165	964	965
295182	235	188482	964	965
253399	235	189208	964	965
234806	235	189585	964	965
200145	235	189461	964	965
197970	235	190955	964	965
254313	235	189760	964	965
215223	235	188086	964	965
255361	235	189286	964	965
252053	235	189219	964	965
205655	235	192255	964	965
201694	235	192818	964	965
255273	235	188914	964	965
243229	235	192055	964	965
229026	235	191454	964	965
284761	235	191890	964	965
214318	235	188878	964	965
227998	235	189646	964	965
247558	235	189647	964	965
211807	235	188082	964	965
240508	235	189952	964	965
259187	235	192547	964	965
287317	235	257804	964	965
292023	235	189994	964	965
194601	235	189244	964	965
217867	235	191131	964	965
204668	235	188874	964	965
251617	235	210238	964	965
196515	235	189123	964	965
197209	235	189004	964	965
204984	235	188898	964	965
207579	235	190695	964	965
290465	235	197713	964	965
216623	235	190408	964	965
223524	235	189191	964	965
216175	235	188059	964	965
205585	235	190234	964	965
248925	235	189225	964	965
217586	235	188415	964	965
235046	235	190833	964	965
318551	235	188706	964	965
254529	235	207079	964	965
238159	235	191368	964	965
204239	235	188065	964	965
272061	235	189840	964	965
273444	235	188981	964	965
215550	235	189048	964	965
200507	235	188949	964	965
228325	235	188666	964	965
203203	235	189306	964	965
219243	235	223443	964	965
211271	235	188273	964	965
195308	235	188133	964	965
250370	235	190072	964	965
199501	235	188883	964	965
208848	235	191409	964	965
209676	235	191000	964	965
247777	235	188728	964	965
345976	235	188110	964	965
199128	235	188072	964	965
207053	235	188403	964	965
237378	235	188051	964	965
221702	235	194922	964	965
271821	235	188988	964	965
207074	235	188830	964	965
278831	235	189519	964	965
200331	235	188820	964	965
216832	235	188900	964	965
263499	235	218450	964	965
229124	235	189102	964	965
282578	235	189932	964	965
198814	235	188043	964	965
207547	235	207168	964	965
236665	235	189068	964	965
338260	235	201950	964	965
214728	235	193044	964	965
317046	235	189060	964	965
194317	235	188663	964	965
208943	235	188043	964	965
201082	235	189905	964	965
226339	235	188394	964	965
271057	235	188590	964	965
198534	235	189499	964	965
321790	235	229372	964	965
201050	235	188935	964	965
268253	235	188881	964	965
292124	235	188604	964	965
201112	235	188610	964	965
260967	235	189400	964	965
252145	235	189044	964	965
225218	235	188842	964	965
259081	235	189570	964	965
278450	235	189014	964	965
282807	235	189256	964	965
236497	235	189453	964	965
203698	235	194544	964	965
259523	235	188460	964	965
193649	235	188092	964	965
275612	235	189471	964	965
214511	235	188567	964	965
330101	235	190833	964	965
220580	235	188188	964	965
213127	235	189697	964	965
207108	235	188277	964	965
205390	235	188041	964	965
211929	235	189095	964	965
240451	235	188542	964	965
299310	235	189124	964	965
244996	235	189044	964	965
198193	235	188222	964	965
271027	235	189835	964	965
232852	235	189870	964	965
260945	235	189377	964	965
201918	235	188014	964	965
215980	235	188668	964	965
219634	235	188500	964	965
306952	235	189286	964	965
280379	235	192506	964	965
282824	235	189886	964	965
349353	235	191835	964	965
194134	235	190936	964	965
247333	235	189555	964	965
197654	235	188190	964	965
280398	235	197407	964	965
222953	235	188240	964	965
243960	235	188601	964	965
237574	235	189595	964	965
276901	235	200454	964	965
235487	235	189280	964	965
224258	235	188992	964	965
218948	235	188250	964	965
213017	235	189918	964	965
351623	235	196510	964	965
204794	235	205456	964	965
252552	235	189638	964	965
327930	235	196216	964	965
260163	235	190161	964	965
242456	235	188403	964	965
210359	235	189221	964	965
209420	235	188546	964	965
265529	235	188448	964	965
272892	235	189092	964	965
218156	235	188516	964	965
241249	235	188604	964	965
211268	235	188615	964	965
235733	235	189597	964	965
275177	235	188242	964	965
206467	235	188147	964	965
214670	235	190183	964	965
218249	235	188469	964	965
276286	235	189696	964	965
299237	235	193198	964	965
254861	235	188106	964	965
198717	235	188074	964	965
274070	235	215645	964	965
287566	235	188482	964	965
206778	235	189291	964	965
202259	235	189183	964	965
244209	235	188407	964	965
214578	235	188739	964	965
242898	235	188330	964	965
201283	235	188490	964	965
281007	235	188898	964	965
215691	235	188936	964	965
260156	235	194516	964	965
263277	235	200335	964	965
258525	235	190655	964	965
203274	235	188063	964	965
244466	235	190476	964	965
212385	235	188394	964	965
218195	235	188613	964	965
290259	235	225413	964	965
245070	235	188486	964	965
243045	235	190140	964	965
215635	235	189471	964	965
216135	235	188429	964	965
241678	235	188394	964	965
202011	235	188056	964	965
238889	235	189955	964	965
214751	235	189643	964	965
205276	235	188712	964	965
201549	235	189138	964	965
196181	235	193030	964	965
229421	235	189017	964	965
217633	235	189501	964	965
285609	235	194038	964	965
252210	235	191665	964	965
200281	235	188956	964	965
210072	235	189055	964	965
209493	235	189404	964	965
215398	235	189060	964	965
211429	235	190445	964	965
243366	235	211513	964	965
289011	235	188350	964	965
200884	235	197798	964	965
211751	235	188968	964	965
195538	235	188474	964	965
205839	235	188949	964	965
222744	235	189874	964	965
220103	235	189861	964	965
226415	235	189550	964	965
205645	235	189156	964	965
338818	235	189464	964	965
265211	235	188200	964	965
200998	235	188511	964	965
300115	235	188697	964	965
367802	235	190833	964	965
218354	235	188406	964	965
291874	235	188754	964	965
206868	235	188567	964	965
205958	235	188801	964	965
270315	235	188964	964	965
274582	235	189970	964	965
258625	235	189048	964	965
209758	235	188835	964	965
350385	235	190443	964	965
257967	235	242414	964	965
211423	235	190215	964	965
308041	235	191828	964	965
194193	235	188408	964	965
257433	235	188250	964	965
375399	235	188666	964	965
217412	235	188141	964	965
279697	235	188858	964	965
210236	235	188365	964	965
249544	235	249541	964	965
201207	235	189531	964	965
256202	235	188029	964	965
219610	235	189071	964	965
209588	235	190636	964	965
209932	235	189369	964	965
193575	235	188399	964	965
207615	235	188044	964	965
298098	235	190242	964	965
237334	235	188878	964	965
232455	235	188607	964	965
280918	235	188693	964	965
232511	235	188278	964	965
298569	235	188666	964	965
208043	235	189963	964	965
197840	235	188815	964	965
226091	235	188709	964	965
282018	235	188032	964	965
237016	235	189448	964	965
205268	235	188737	964	965
213697	235	189749	964	965
255483	235	190665	964	965
219108	235	188173	964	965
281574	235	191737	964	965
236942	235	189397	964	965
203556	235	189543	964	965
269281	235	188801	964	965
255280	235	191743	964	965
263702	235	189367	964	965
196371	235	188029	964	965
231602	235	191946	964	965
256249	235	189316	964	965
242094	235	230734	964	965
209411	235	189577	964	965
230311	235	188403	964	965
304041	235	188665	964	965
318110	235	188441	964	965
202809	235	188149	964	965
221250	235	189680	964	965
294853	235	193233	964	965
201137	235	188219	964	965
197488	235	189837	964	965
248617	235	193614	964	965
197978	235	191000	964	965
350969	235	196423	964	965
200275	235	188319	964	965
311444	235	189098	964	965
337218	235	188628	964	965
199205	235	189219	964	965
273875	235	190005	964	965
201671	235	189125	964	965
201345	235	188126	964	965
225020	235	189017	964	965
206221	235	188050	964	965
203740	235	188200	964	965
222004	235	188706	964	965
224788	235	192511	964	965
205014	235	188489	964	965
257682	235	195177	964	965
228534	235	188824	964	965
235791	235	190092	964	965
198846	235	191529	964	965
283153	235	188779	964	965
211516	235	188941	964	965
241771	235	189262	964	965
242684	235	188106	964	965
199628	235	188073	964	965
223367	235	188596	964	965
212150	235	188556	964	965
227456	235	188567	964	965
222736	235	188813	964	965
254647	235	188999	964	965
344773	235	188185	964	965
199910	235	189035	964	965
202687	235	291285	964	965
226203	235	188126	964	965
222194	235	188390	964	965
202577	235	190402	964	965
223070	235	189682	964	965
241973	235	198586	964	965
194670	235	188074	964	965
223427	235	190408	964	965
194533	235	189361	964	965
223956	235	192853	964	965
199012	235	188394	964	965
211095	235	188278	964	965
236427	235	188241	964	965
264370	235	189048	964	965
194188	235	189361	964	965
206688	235	188249	964	965
217642	235	188929	964	965
202535	235	189892	964	965
198215	235	188829	964	965
259154	235	190261	964	965
209744	235	188981	964	965
211052	235	188606	964	965
271840	235	205050	964	965
212392	235	189949	964	965
198907	235	188247	964	965
272264	235	189097	964	965
196948	235	191490	964	965
204304	235	188506	964	965
215314	235	189292	964	965
240731	235	189105	964	965
255316	235	190532	964	965
214217	235	188094	964	965
241375	235	338874	964	965
299127	235	216115	964	965
226612	235	188086	964	965
213776	235	189207	964	965
218328	235	189182	964	965
205341	235	188367	964	965
205817	235	188835	964	965
263704	235	189225	964	965
279800	235	189894	964	965
214529	235	195271	964	965
291793	235	189798	964	965
198411	235	192965	964	965
219059	235	190194	964	965
219355	235	188540	964	965
284722	235	191187	964	965
291059	235	308300	964	965
342792	235	188250	964	965
208565	235	188086	964	965
287810	235	189582	964	965
209007	235	188241	964	965
230894	235	189758	964	965
254825	235	188426	964	965
233948	235	193456	964	965
307117	235	193608	964	965
208694	235	209719	964	965
248562	235	189509	964	965
207066	235	188464	964	965
200451	235	188910	964	965
204042	235	188202	964	965
230043	235	189925	964	965
234232	235	190118	964	965
230506	235	190700	964	965
212445	235	192188	964	965
276320	235	188660	964	965
260112	235	188043	964	965
197902	235	190062	964	965
271985	235	189514	964	965
215933	235	188345	964	965
227889	235	192328	964	965
228048	235	188567	964	965
204189	235	215640	964	965
205929	235	190289	964	965
200011	235	190946	964	965
257759	235	191871	964	965
264866	235	189047	964	965
213126	235	189585	964	965
231070	235	190515	964	965
237187	235	188290	964	965
201816	235	190755	964	965
195034	235	188806	964	965
209806	235	190684	964	965
240908	235	189099	964	965
218457	235	188771	964	965
203781	235	189637	964	965
252778	235	297325	964	965
208561	235	188705	964	965
270753	235	188434	964	965
281901	235	188735	964	965
332877	235	190298	964	965
284790	235	188757	964	965
260315	235	188557	964	965
256145	235	189312	964	965
194562	235	188054	964	965
197604	235	189727	964	965
284249	235	188557	964	965
199276	235	189075	964	965
237687	235	189403	964	965
218301	235	233226	964	965
268904	235	190118	964	965
299963	235	190968	964	965
252785	235	189939	964	965
228164	235	190640	964	965
214381	235	188995	964	965
280247	235	193034	964	965
295376	235	192197	964	965
213052	235	189244	964	965
222828	235	189869	964	965
205436	235	191116	964	965
198516	235	188486	964	965
292091	235	189763	964	965
199100	235	188143	964	965
208260	235	188217	964	965
207381	235	189004	964	965
211387	235	188298	964	965
241655	235	189951	964	965
203919	235	188403	964	965
214554	235	188589	964	965
193132	235	189736	964	965
198162	235	189854	964	965
207803	235	189549	964	965
260467	235	189529	964	965
251082	235	189638	964	965
218401	235	188605	964	965
256733	235	189677	964	965
217719	235	188509	964	965
195565	235	189740	964	965
326881	235	188656	964	965
211344	235	209922	964	965
226569	235	188058	964	965
241906	235	190695	964	965
246265	235	188589	964	965
254798	235	190675	964	965
230844	235	193076	964	965
212497	235	188737	964	965
245571	235	188899	964	965
194857	235	188229	964	965
228317	235	188449	964	965
303546	235	189601	964	965
195476	235	188188	964	965
198140	235	188917	964	965
226441	235	188656	964	965
207051	235	189040	964	965
215440	235	188821	964	965
204360	235	188298	964	965
196199	235	189125	964	965
217306	235	189548	964	965
267740	235	190548	964	965
250200	235	190378	964	965
305514	235	195255	964	965
247220	235	189530	964	965
218097	235	189945	964	965
229436	235	188864	964	965
267438	235	188350	964	965
358239	235	193233	964	965
270861	235	188357	964	965
303915	235	190095	964	965
283277	235	192669	964	965
202678	235	191571	964	965
212066	235	189840	964	965
227377	235	190542	964	965
318587	235	283342	964	965
222684	235	188379	964	965
231809	235	189994	964	965
330298	235	191187	964	965
200560	235	188851	964	965
240334	235	188829	964	965
230214	235	188294	964	965
197520	235	189853	964	965
202715	235	188079	964	965
233425	235	189687	964	965
233666	235	194242	964	965
267142	235	188111	964	965
205099	235	188069	964	965
209544	235	188178	964	965
202618	235	188483	964	965
264496	235	191181	964	965
196249	235	188059	964	965
201504	235	188582	964	965
217628	235	188843	964	965
205157	235	189145	964	965
199747	235	188567	964	965
197500	235	189179	964	965
233147	235	188662	964	965
308082	235	189210	964	965
204987	235	188054	964	965
221353	235	188158	964	965
239143	235	188254	964	965
217967	235	189004	964	965
198826	235	188875	964	965
197976	235	188185	964	965
310218	235	189249	964	965
314756	235	188086	964	965
223017	235	188345	964	965
249000	235	188469	964	965
197315	235	188054	964	965
249288	235	191025	964	965
198864	235	189751	964	965
239914	235	190836	964	965
199368	235	188379	964	965
206998	235	192409	964	965
222271	235	189319	964	965
207029	235	188096	964	965
258260	235	191324	964	965
255159	235	191941	964	965
199539	235	189377	964	965
215994	292	363954	964	965
217019	235	188826	964	965
273306	235	190228	964	965
197811	235	188029	964	965
331091	235	189781	964	965
254689	235	192104	964	965
229148	235	188357	964	965
206110	235	188267	964	965
237871	235	189466	964	965
214209	235	188419	964	965
230758	235	190946	964	965
202387	235	188929	964	965
295112	235	195599	964	965
299767	235	190171	964	965
220409	235	189963	964	965
214433	235	190538	964	965
198756	235	192783	964	965
262378	235	188940	964	965
271390	235	190519	964	965
260699	235	189645	964	965
195732	235	188140	964	965
287071	235	191209	964	965
205377	235	188192	964	965
195027	235	190822	964	965
203136	235	189125	964	965
258532	235	189075	964	965
235232	235	189445	964	965
192982	235	189615	964	965
247416	235	188869	964	965
195167	235	188702	964	965
196455	235	192247	964	965
241915	235	188689	964	965
209509	235	188964	964	965
263200	235	189752	964	965
278859	235	189973	964	965
203407	235	188161	964	965
241610	235	188308	964	965
221044	235	189390	964	965
236305	235	188223	964	965
223779	235	189583	964	965
270410	235	188127	964	965
234101	235	192630	964	965
262881	235	190882	964	965
208559	235	188387	964	965
216546	235	188003	964	965
202171	235	188815	964	965
207359	235	190952	964	965
240743	235	189610	964	965
212210	235	194534	964	965
291384	235	194401	964	965
212036	235	188094	964	965
254921	235	191222	964	965
224936	235	189106	964	965
207560	235	188638	964	965
272155	235	203070	964	965
230673	235	188910	964	965
297987	235	193785	964	965
283833	235	188315	964	965
271021	235	188989	964	965
205707	235	204140	964	965
246890	235	190650	964	965
242267	235	188026	964	965
235631	235	189639	964	965
211024	235	188238	964	965
210638	235	189321	964	965
224362	235	199079	964	965
203319	235	190076	964	965
193317	235	188515	964	965
207427	235	188220	964	965
217203	235	337777	964	965
204498	235	192166	964	965
219553	235	188878	964	965
296063	235	192139	964	965
197210	235	188765	964	965
264230	235	188979	964	965
263247	235	189054	964	965
279079	235	188247	964	965
213708	235	191665	964	965
203063	235	191409	964	965
214759	235	189953	964	965
213350	235	188353	964	965
195207	235	188564	964	965
290425	235	192390	964	965
211289	235	188198	964	965
244627	235	189509	964	965
312249	235	191310	964	965
254681	235	188673	964	965
205788	235	189517	964	965
206584	235	194515	964	965
214758	235	188265	964	965
202429	235	188693	964	965
209666	235	190307	964	965
219896	235	188432	964	965
278233	235	188623	964	965
232089	235	190321	964	965
358560	235	310069	964	965
200431	235	188541	964	965
207360	235	193386	964	965
245859	235	189385	964	965
260803	235	188923	964	965
228134	235	188094	964	965
209759	235	188078	964	965
279792	235	190989	964	965
198936	235	198100	964	965
194126	235	189904	964	965
221037	235	188182	964	965
220894	235	190515	964	965
237775	235	188878	964	965
250771	235	190432	964	965
227653	235	191858	964	965
202722	235	188941	964	965
199750	235	188827	964	965
306216	235	189097	964	965
281298	235	201399	964	965
223653	235	188785	964	965
235523	235	188883	964	965
317459	235	192669	964	965
284146	235	268285	964	965
227764	235	188473	964	965
224273	235	189397	964	965
222125	235	188874	964	965
230615	235	194082	964	965
197856	235	188153	964	965
239643	235	188567	964	965
227529	235	188041	964	965
227307	235	188993	964	965
201414	235	189479	964	965
210637	235	188019	964	965
276461	235	189921	964	965
196836	235	190311	964	965
193420	235	188054	964	965
232201	235	190399	964	965
309197	235	191162	964	965
200580	235	188121	964	965
278485	235	188660	964	965
207353	235	188056	964	965
333602	235	188127	964	965
243666	235	189224	964	965
213769	235	189641	964	965
241619	235	192079	964	965
241191	235	190789	964	965
270399	235	189244	964	965
203653	235	191754	964	965
265090	235	188393	964	965
208168	235	188089	964	965
230963	235	193839	964	965
290066	235	188899	964	965
201778	235	191409	964	965
198553	235	189413	964	965
301359	235	190490	964	965
237350	235	188812	964	965
230277	235	191370	964	965
228490	235	190949	964	965
239992	235	189329	964	965
202906	235	191733	964	965
254423	235	191397	964	965
200162	235	192573	964	965
313977	235	191901	964	965
206720	235	188192	964	965
194638	235	188027	964	965
205534	235	190183	964	965
311452	235	193076	964	965
246647	235	190594	964	965
265969	235	192691	964	965
226427	235	188562	964	965
261770	235	226978	964	965
284341	235	236285	964	965
213786	235	188096	964	965
207597	235	191000	964	965
228040	235	188883	964	965
210221	235	190384	964	965
303052	235	194484	964	965
295609	235	193262	964	965
322430	235	188492	964	965
195093	235	188202	964	965
201485	235	188470	964	965
219470	235	188005	964	965
261184	235	191341	964	965
256200	235	194736	964	965
295227	235	190007	964	965
196740	235	188091	964	965
211238	235	188695	964	965
235738	235	193468	964	965
220043	235	189230	964	965
250322	235	190711	964	965
219276	235	188878	964	965
197076	235	188367	964	965
245230	235	188557	964	965
284960	235	188705	964	965
195696	235	190261	964	965
256951	235	189061	964	965
248365	235	189263	964	965
205307	235	188120	964	965
214879	235	189220	964	965
224614	235	188780	964	965
302285	235	217713	964	965
242690	235	188269	964	965
228509	235	190312	964	965
212791	235	188015	964	965
260291	235	189544	964	965
324319	235	209220	964	965
