209720	235	188226	967	969
198930	235	188331	967	969
348705	235	188661	967	969
221028	235	188626	967	969
244556	235	189069	967	969
214600	235	188145	967	969
200939	235	194333	967	969
322037	235	188074	967	969
329236	235	189770	967	969
225473	235	188323	967	969
208546	235	190934	967	969
290157	235	189219	967	969
196787	235	188576	967	969
217196	235	192726	967	969
321612	235	189382	967	969
223644	235	190095	967	969
266971	235	188182	967	969
188948	239	227447	967	969
250963	235	188568	967	969
208921	235	192115	967	969
315627	235	240176	967	969
217854	235	188703	967	969
195136	235	189064	967	969
197017	235	188954	967	969
205313	235	189399	967	969
264074	235	190169	967	969
253267	235	189500	967	969
205248	235	188110	967	969
253048	235	188315	967	969
199755	235	188128	967	969
213473	235	210415	967	969
208413	235	188111	967	969
198154	235	198518	967	969
228133	235	188668	967	969
288746	235	190444	967	969
244674	235	189708	967	969
225291	235	190161	967	969
213171	235	189723	967	969
198833	235	188085	967	969
304713	235	188090	967	969
214662	235	188278	967	969
198436	235	189880	967	969
197414	235	188017	967	969
259989	235	188630	967	969
258242	235	190408	967	969
208152	235	188017	967	969
249516	235	188488	967	969
232061	235	189453	967	969
265528	235	188423	967	969
229503	235	188119	967	969
226430	235	189789	967	969
220834	235	188420	967	969
211151	235	190330	967	969
194280	235	188827	967	969
300829	235	189421	967	969
259474	235	188978	967	969
314361	235	190548	967	969
308281	235	188136	967	969
214381	235	189183	967	969
301557	235	188826	967	969
229914	235	188506	967	969
292107	235	188989	967	969
198800	235	188833	967	969
303907	235	188111	967	969
282972	235	191401	967	969
198126	235	188020	967	969
272369	235	188709	967	969
336696	235	191090	967	969
209086	235	188703	967	969
217414	235	201319	967	969
269051	235	188529	967	969
226216	235	189853	967	969
220516	235	188157	967	969
213648	235	188156	967	969
292303	235	189073	967	969
193963	235	195354	967	969
206766	235	188128	967	969
210244	235	188027	967	969
325859	235	188494	967	969
192815	235	215779	967	969
236840	235	225376	967	969
219000	235	192362	967	969
202685	235	188006	967	969
196329	235	220155	967	969
243402	235	188789	967	969
204713	235	188027	967	969
219790	235	191732	967	969
254332	235	188495	967	969
206504	235	188068	967	969
198671	235	188558	967	969
218720	235	188989	967	969
197780	235	188584	967	969
306504	235	188640	967	969
218871	235	188219	967	969
237789	235	189890	967	969
205529	235	189167	967	969
296292	235	189447	967	969
225516	235	189354	967	969
202743	235	188429	967	969
243363	235	188830	967	969
243945	235	188190	967	969
207896	235	188052	967	969
221204	235	188033	967	969
257290	235	190934	967	969
207942	235	188099	967	969
209898	235	199115	967	969
273913	235	188874	967	969
288802	235	188502	967	969
194168	235	188175	967	969
225680	235	191737	967	969
216293	235	188110	967	969
220074	235	188744	967	969
289726	235	189228	967	969
222857	235	188601	967	969
313581	235	189119	967	969
247950	235	189692	967	969
298707	235	188727	967	969
287076	235	189840	967	969
217196	235	192726	967	969
223531	235	188580	967	969
218708	235	188747	967	969
214755	235	188161	967	969
324476	235	188909	967	969
281844	235	188219	967	969
211266	235	188374	967	969
212706	235	188703	967	969
219474	235	188819	967	969
276432	235	268226	967	969
223634	235	188498	967	969
269430	235	189030	967	969
319721	235	190174	967	969
217119	235	188732	967	969
341168	235	199131	967	969
198325	235	188792	967	969
299311	235	189249	967	969
194858	235	188139	967	969
210554	235	188280	967	969
269676	235	214270	967	969
218721	235	188888	967	969
200506	235	188720	967	969
265392	235	192340	967	969
265407	235	189789	967	969
226386	235	196032	967	969
215241	235	188495	967	969
194799	235	188839	967	969
250828	235	189921	967	969
208614	235	192713	967	969
197394	235	188386	967	969
260801	235	189664	967	969
199248	235	188186	967	969
305215	235	188262	967	969
228162	235	190864	967	969
209476	235	188158	967	969
200036	235	188615	967	969
279738	235	188409	967	969
239703	235	188280	967	969
283016	235	212255	967	969
282913	235	188005	967	969
214498	235	188585	967	969
226298	235	190408	967	969
240427	235	193496	967	969
210527	235	188395	967	969
212018	235	188291	967	969
223826	235	188221	967	969
297432	235	188054	967	969
200574	235	188066	967	969
217244	235	188356	967	969
276446	235	188719	967	969
217041	235	188820	967	969
207493	235	188003	967	969
338804	235	190476	967	969
205816	235	189516	967	969
234348	235	192360	967	969
280494	235	188026	967	969
208981	235	189065	967	969
273025	235	190423	967	969
310365	235	188141	967	969
265349	235	188606	967	969
214457	235	188647	967	969
280762	235	188242	967	969
229453	235	188060	967	969
202869	235	190474	967	969
210623	235	188186	967	969
262672	235	193822	967	969
201733	235	192882	967	969
194253	235	188208	967	969
365253	235	188065	967	969
224218	235	188094	967	969
309475	235	190454	967	969
257025	235	189600	967	969
208915	235	188076	967	969
207264	235	188736	967	969
258340	235	193822	967	969
303032	235	190734	967	969
222507	235	188681	967	969
370398	235	210178	967	969
290063	235	189692	967	969
273674	235	196095	967	969
223163	235	188242	967	969
360391	235	189534	967	969
214652	235	192204	967	969
241426	235	188570	967	969
274397	235	189471	967	969
305132	235	188388	967	969
231843	235	189014	967	969
252636	235	188423	967	969
283636	235	188244	967	969
217488	235	188178	967	969
272769	235	191958	967	969
238803	235	188727	967	969
274250	235	261123	967	969
223369	235	188574	967	969
333378	235	205503	967	969
205054	235	188025	967	969
194648	235	188519	967	969
226864	235	188356	967	969
309310	235	189718	967	969
317459	235	188182	967	969
310871	235	190118	967	969
216779	235	189849	967	969
251435	235	189198	967	969
198427	235	188406	967	969
226625	235	190930	967	969
201077	235	188107	967	969
219117	235	188209	967	969
210839	235	188149	967	969
254262	235	193513	967	969
231231	235	188127	967	969
287724	235	190126	967	969
202137	235	188123	967	969
198657	235	193540	967	969
316314	235	189041	967	969
213117	235	188330	967	969
215691	235	190988	967	969
286982	235	188448	967	969
318460	235	207819	967	969
286731	235	196424	967	969
300792	235	188496	967	969
218709	235	188226	967	969
259824	235	188073	967	969
201217	235	188087	967	969
222686	235	188817	967	969
248546	235	190161	967	969
211194	235	188302	967	969
327489	235	195955	967	969
274643	235	188034	967	969
278512	235	228346	967	969
307040	235	189138	967	969
202809	235	192867	967	969
210570	235	188051	967	969
219584	235	188044	967	969
292975	235	190749	967	969
335126	235	188226	967	969
311452	235	189048	967	969
309432	235	188235	967	969
212159	235	188386	967	969
201244	235	189904	967	969
201521	235	188855	967	969
199046	235	188614	967	969
236097	235	188998	967	969
198838	235	188396	967	969
215367	235	200923	967	969
312569	235	191118	967	969
317979	235	214270	967	969
229529	235	189464	967	969
251389	235	188606	967	969
224256	235	188424	967	969
231279	235	191118	967	969
233471	235	189094	967	969
219343	235	188728	967	969
256067	235	189559	967	969
260392	235	188780	967	969
232733	235	194214	967	969
227923	235	188538	967	969
288818	235	189242	967	969
233480	235	188157	967	969
275301	235	188765	967	969
210031	235	188005	967	969
276446	235	192104	967	969
236154	235	189874	967	969
206742	235	188865	967	969
312711	235	284103	967	969
242066	235	189860	967	969
206014	235	189104	967	969
268451	235	188543	967	969
215587	235	188679	967	969
296092	235	201062	967	969
223896	235	188410	967	969
216377	235	188340	967	969
231969	235	189189	967	969
211464	235	188976	967	969
194666	235	197914	967	969
290376	235	230857	967	969
296348	235	188054	967	969
249097	235	188557	967	969
237721	235	188280	967	969
272303	235	188596	967	969
219555	235	188488	967	969
201220	235	188037	967	969
252403	235	188574	967	969
210359	235	188660	967	969
203255	235	188611	967	969
208518	235	188053	967	969
215957	235	190091	967	969
330338	235	191021	967	969
198563	235	188070	967	969
294651	235	190589	967	969
291244	235	190451	967	969
214684	235	207320	967	969
200538	235	192204	967	969
205149	235	190701	967	969
306789	235	196032	967	969
288271	235	188015	967	969
281759	235	188051	967	969
237440	235	188485	967	969
272905	235	237780	967	969
263348	235	189221	967	969
298520	235	188862	967	969
294856	235	189834	967	969
219062	235	188589	967	969
275756	235	188689	967	969
371493	235	188123	967	969
309093	235	194429	967	969
333379	235	189279	967	969
244906	235	189449	967	969
262251	235	188038	967	969
233357	235	197277	967	969
205896	235	188096	967	969
249179	235	188923	967	969
373605	235	188192	967	969
308775	235	188260	967	969
247281	235	190474	967	969
193694	235	188139	967	969
239113	235	188562	967	969
273426	235	188543	967	969
289025	235	189858	967	969
222598	235	188437	967	969
242545	235	190515	967	969
213288	235	189319	967	969
202363	235	188678	967	969
265529	235	188148	967	969
241842	235	188059	967	969
289634	235	196305	967	969
206835	235	189276	967	969
203898	235	188659	967	969
325429	235	197564	967	969
210639	235	188092	967	969
220946	235	190398	967	969
195101	235	190106	967	969
303032	235	188996	967	969
274417	235	188120	967	969
339745	235	188816	967	969
255353	235	188136	967	969
274073	235	189092	967	969
219065	235	188585	967	969
208620	235	188087	967	969
224373	235	188123	967	969
324952	235	192613	967	969
274348	235	197277	967	969
299389	235	188357	967	969
340184	235	188690	967	969
207004	235	188045	967	969
214855	235	193491	967	969
302648	235	189718	967	969
215006	235	188116	967	969
207588	235	188998	967	969
236191	235	188994	967	969
246109	235	190302	967	969
271891	235	208053	967	969
315079	235	189085	967	969
285100	235	188820	967	969
257491	235	188463	967	969
212018	235	188291	967	969
259704	235	189692	967	969
289492	235	188975	967	969
244449	235	192867	967	969
227202	235	188420	967	969
194334	235	196436	967	969
233621	235	189168	967	969
358866	235	192618	967	969
232969	235	188134	967	969
210654	235	191390	967	969
200174	235	188053	967	969
285027	235	188979	967	969
268253	235	192104	967	969
294044	235	188597	967	969
287225	235	188260	967	969
220390	235	188433	967	969
215663	235	188076	967	969
201727	235	191406	967	969
314578	235	188201	967	969
273053	235	192942	967	969
295622	235	188142	967	969
251684	235	189319	967	969
257182	235	188918	967	969
298946	235	189072	967	969
211048	235	189194	967	969
262858	235	189009	967	969
197037	235	188958	967	969
200640	235	188722	967	969
214583	235	188051	967	969
286290	235	188373	967	969
250948	235	189936	967	969
233788	235	189646	967	969
261135	235	188895	967	969
201087	289	215721	967	969
293433	235	188298	967	969
199624	289	201902	967	969
202918	235	188450	967	969
222132	235	189756	967	969
212914	235	188198	967	969
213548	235	189022	967	969
228239	235	188087	967	969
257087	235	191327	967	969
213048	235	188202	967	969
281549	235	188241	967	969
206470	235	190179	967	969
228740	235	190423	967	969
303956	235	188340	967	969
228204	235	189109	967	969
210149	235	188562	967	969
231009	235	188829	967	969
250362	235	190749	967	969
201511	235	188165	967	969
247981	235	195737	967	969
250209	235	189344	967	969
265918	235	189463	967	969
202983	235	188948	967	969
217015	235	192487	967	969
234225	235	193066	967	969
264396	235	188720	967	969
226328	235	188966	967	969
305090	235	188961	967	969
306773	235	188522	967	969
188435	245	196618	967	969
193336	235	189620	967	969
310564	235	195205	967	969
250020	235	193338	967	969
209991	235	188269	967	969
197936	235	188101	967	969
272459	235	190551	967	969
224083	235	188544	967	969
198377	235	194467	967	969
210370	235	188579	967	969
202246	235	188855	967	969
299975	235	188963	967	969
208493	235	189860	967	969
258563	235	190275	967	969
284285	235	189397	967	969
321912	235	189894	967	969
198830	235	191613	967	969
234569	235	188420	967	969
266766	235	188927	967	969
225079	235	188509	967	969
231248	235	188509	967	969
253257	235	188744	967	969
209322	235	188817	967	969
201267	235	188028	967	969
239119	235	272962	967	969
270127	235	189407	967	969
199885	235	188096	967	969
283012	235	190883	967	969
212320	235	188034	967	969
289896	235	188350	967	969
242342	235	189823	967	969
201811	235	188310	967	969
218295	235	188483	967	969
309637	235	190095	967	969
248833	235	192575	967	969
227155	235	188116	967	969
312950	235	188133	967	969
282665	235	188260	967	969
229571	235	190408	967	969
317028	235	190928	967	969
275729	235	193854	967	969
212908	235	191918	967	969
290040	235	188663	967	969
261553	235	188961	967	969
303696	235	188211	967	969
218630	235	190650	967	969
219355	235	188615	967	969
207546	235	188305	967	969
209263	235	188476	967	969
203344	235	188350	967	969
246669	235	190967	967	969
282671	235	188145	967	969
247901	235	188538	967	969
193260	235	188161	967	969
203625	235	191181	967	969
229171	235	195148	967	969
265777	235	188165	967	969
230402	235	190925	967	969
228283	235	189727	967	969
231973	235	195517	967	969
247112	235	189283	967	969
198980	235	188661	967	969
243098	235	188172	967	969
250101	235	188485	967	969
196030	235	189000	967	969
205079	235	188498	967	969
201428	235	188157	967	969
276912	235	188844	967	969
203711	235	188067	967	969
210305	235	188421	967	969
228435	235	188007	967	969
208390	235	188379	967	969
214458	235	188280	967	969
235331	235	188042	967	969
210106	235	188415	967	969
212626	235	188626	967	969
193613	235	188104	967	969
196788	235	190271	967	969
293409	235	189225	967	969
280922	235	188342	967	969
306128	235	188315	967	969
299158	235	189296	967	969
305304	235	190152	967	969
250150	235	189449	967	969
325949	235	188197	967	969
207259	235	188010	967	969
206933	235	188988	967	969
196250	235	188206	967	969
290852	235	189397	967	969
231071	235	190697	967	969
209840	235	188865	967	969
202303	235	188616	967	969
224160	235	188158	967	969
237631	235	189007	967	969
285244	235	189045	967	969
214686	235	188168	967	969
307833	235	188736	967	969
245378	235	190846	967	969
220404	235	189280	967	969
216756	235	189147	967	969
255654	235	188576	967	969
218843	235	191370	967	969
335515	235	188607	967	969
271840	235	189262	967	969
311656	235	190882	967	969
241491	235	191351	967	969
206130	235	188656	967	969
305680	235	189040	967	969
201648	235	189946	967	969
239810	235	189021	967	969
337484	235	189788	967	969
289937	235	203567	967	969
274692	235	189301	967	969
278736	235	191187	967	969
242850	235	188765	967	969
213843	235	188137	967	969
242848	235	188385	967	969
291366	235	188059	967	969
245576	235	188276	967	969
201902	289	199624	967	969
268137	235	188765	967	969
214144	235	188003	967	969
226877	235	189004	967	969
232008	235	188439	967	969
198907	235	188547	967	969
203584	235	188197	967	969
246022	235	188853	967	969
205632	235	189468	967	969
305052	235	188057	967	969
204033	235	189118	967	969
207715	235	188387	967	969
195095	235	188823	967	969
232939	235	188736	967	969
284414	235	189512	967	969
315421	235	188505	967	969
209905	235	191661	967	969
299871	235	188164	967	969
305660	235	188727	967	969
263313	235	188733	967	969
236513	235	195517	967	969
293210	235	188227	967	969
250181	235	188900	967	969
199322	235	190444	967	969
218916	235	189018	967	969
351724	235	188232	967	969
228040	235	355821	967	969
251061	235	188997	967	969
219634	235	188396	967	969
193287	235	193189	967	969
258495	235	231107	967	969
325550	235	328480	967	969
241603	235	189823	967	969
194590	235	188048	967	969
274480	235	189569	967	969
235514	235	189097	967	969
273442	235	188488	967	969
211510	235	188422	967	969
220239	235	188217	967	969
272497	235	188201	967	969
301059	235	189629	967	969
253087	235	190289	967	969
205646	235	189092	967	969
212048	235	189441	967	969
210724	235	188158	967	969
238275	235	188130	967	969
214560	235	189763	967	969
199235	235	188086	967	969
197562	235	188827	967	969
268645	235	189080	967	969
233828	235	189449	967	969
232576	235	188110	967	969
217364	235	190126	967	969
199234	235	188040	967	969
252998	235	188382	967	969
228492	235	188051	967	969
279873	235	188512	967	969
216779	235	188120	967	969
272084	235	188880	967	969
195225	235	188438	967	969
233476	235	188367	967	969
284698	235	188898	967	969
238564	235	241628	967	969
208061	235	188619	967	969
281293	235	218933	967	969
317389	235	188366	967	969
210318	235	188356	967	969
260574	235	188805	967	969
229028	235	188101	967	969
327745	235	188166	967	969
229554	235	189585	967	969
307105	235	188318	967	969
201307	235	190532	967	969
228172	235	189371	967	969
265416	235	214241	967	969
243039	235	188418	967	969
230876	235	188385	967	969
197253	235	188606	967	969
300982	235	191412	967	969
202305	235	189106	967	969
201216	235	188043	967	969
256955	235	188890	967	969
205373	235	188070	967	969
215330	235	188386	967	969
198555	235	188657	967	969
272420	235	188514	967	969
204164	235	188896	967	969
228590	235	191689	967	969
217991	235	188839	967	969
301303	235	188331	967	969
203306	235	188211	967	969
301756	235	188024	967	969
304997	235	263782	967	969
237614	235	188048	967	969
200693	235	188161	967	969
300632	235	188290	967	969
295643	235	188038	967	969
281352	235	191972	967	969
218009	235	189279	967	969
216496	235	189279	967	969
307741	235	188824	967	969
300106	235	191879	967	969
195718	235	189013	967	969
301671	235	189519	967	969
297396	235	202334	967	969
207755	235	188256	967	969
273312	235	188757	967	969
353080	235	190073	967	969
296813	235	189320	967	969
275741	235	188253	967	969
296086	235	192360	967	969
305968	235	189767	967	969
207506	235	188279	967	969
200264	235	192038	967	969
275561	235	188877	967	969
280860	235	188534	967	969
230580	235	188279	967	969
219885	235	188647	967	969
266180	235	188874	967	969
217781	235	188662	967	969
266393	235	188998	967	969
197804	235	188155	967	969
250642	235	189146	967	969
259783	235	188476	967	969
199586	235	195737	967	969
208610	235	188476	967	969
214432	235	188323	967	969
251831	235	188373	967	969
286349	235	188338	967	969
194576	235	189972	967	969
211212	235	190665	967	969
314493	235	205025	967	969
249053	235	188979	967	969
262257	235	190127	967	969
295375	235	190679	967	969
195101	235	189920	967	969
321973	235	188262	967	969
244293	235	190289	967	969
198648	235	192461	967	969
266422	235	195737	967	969
220873	235	188247	967	969
209959	235	188910	967	969
312672	235	188829	967	969
197910	235	188248	967	969
312846	235	201338	967	969
312665	235	188406	967	969
201470	235	192399	967	969
284100	235	189357	967	969
270182	235	188493	967	969
221059	235	189094	967	969
254804	235	189738	967	969
282714	235	190373	967	969
193881	235	189585	967	969
257776	235	190351	967	969
289274	235	189555	967	969
217365	235	189823	967	969
206671	235	189299	967	969
291978	235	188690	967	969
228830	235	189404	967	969
219827	235	188364	967	969
250391	235	188057	967	969
219948	235	188043	967	969
217127	235	188358	967	969
311952	235	188511	967	969
212144	235	188842	967	969
305755	235	188486	967	969
228330	235	188816	967	969
199706	235	189055	967	969
214386	235	188264	967	969
217742	235	188014	967	969
255663	235	188350	967	969
334184	235	189696	967	969
200351	235	188143	967	969
260530	235	188175	967	969
216053	235	188371	967	969
263920	235	188583	967	969
214832	235	188765	967	969
237016	235	188490	967	969
198810	235	193075	967	969
194255	235	189308	967	969
318829	235	188443	967	969
269431	235	189464	967	969
286731	235	189500	967	969
251023	235	188604	967	969
195214	235	188437	967	969
280793	235	190335	967	969
235447	235	188630	967	969
240440	235	188097	967	969
213489	235	188754	967	969
197837	235	188107	967	969
317675	235	190934	967	969
223930	235	194214	967	969
248331	235	189484	967	969
234655	235	189803	967	969
236543	235	188614	967	969
315160	235	188070	967	969
305680	235	191764	967	969
247154	235	203199	967	969
252497	235	191406	967	969
205260	235	190057	967	969
217698	235	189195	967	969
265137	235	189319	967	969
229563	235	189377	967	969
293108	235	188660	967	969
282408	235	189083	967	969
278588	235	189601	967	969
259270	235	188167	967	969
222229	235	188026	967	969
328836	235	192744	967	969
269162	235	190795	967	969
298294	235	188284	967	969
258262	235	188132	967	969
199979	235	188139	967	969
241825	235	190417	967	969
268927	235	191291	967	969
195814	235	189081	967	969
295266	235	188347	967	969
215675	235	188031	967	969
222622	235	191151	967	969
213699	235	188226	967	969
199846	235	188829	967	969
302806	235	188320	967	969
235150	235	236644	967	969
217102	235	188035	967	969
284878	235	188332	967	969
239126	235	188192	967	969
217925	235	188006	967	969
235215	235	191471	967	969
281608	235	189110	967	969
274722	235	188979	967	969
276538	273	193253	967	969
206140	235	192630	967	969
247915	235	189022	967	969
220044	235	189797	967	969
212581	235	188155	967	969
230646	235	191181	967	969
316137	235	188190	967	969
193649	235	188079	967	969
228566	235	188433	967	969
266458	235	188168	967	969
339703	235	188232	967	969
201438	235	188869	967	969
203906	235	188026	967	969
269773	235	188929	967	969
274626	235	188801	967	969
289312	235	189019	967	969
198491	235	221098	967	969
196672	235	188105	967	969
278326	235	188396	967	969
216628	235	188218	967	969
290146	235	188312	967	969
278307	235	188828	967	969
205323	235	188259	967	969
268979	235	188668	967	969
224464	235	189325	967	969
240023	235	192204	967	969
205971	235	189772	967	969
220569	235	188201	967	969
267452	235	188464	967	969
330359	235	189442	967	969
197038	235	190444	967	969
248670	235	188520	967	969
293973	235	188753	967	969
228964	235	189249	967	969
205777	235	189142	967	969
240823	235	188296	967	969
200495	235	191538	967	969
210973	235	188962	967	969
209058	235	191026	967	969
241953	235	188357	967	969
205326	235	188238	967	969
343573	235	188119	967	969
263382	235	188281	967	969
250078	235	189169	967	969
283680	235	188290	967	969
253430	235	191303	967	969
219187	235	188668	967	969
278328	235	188373	967	969
194808	235	189697	967	969
212409	235	188246	967	969
219645	235	188793	967	969
212635	235	189021	967	969
236465	235	190040	967	969
225927	235	191303	967	969
301335	235	188665	967	969
195811	235	189823	967	969
271797	235	189550	967	969
247205	235	189822	967	969
289373	235	190040	967	969
323895	235	189973	967	969
246846	235	188089	967	969
230924	235	230677	967	969
224905	235	188887	967	969
207437	235	188786	967	969
284178	235	188753	967	969
207510	235	188015	967	969
232235	235	189753	967	969
269216	235	189110	967	969
305603	235	188779	967	969
251203	235	188296	967	969
221712	235	188259	967	969
198707	235	188035	967	969
251576	235	190839	967	969
301616	235	188785	967	969
321682	235	203468	967	969
252976	235	188190	967	969
298661	235	188995	967	969
219610	235	188024	967	969
201414	235	188816	967	969
289598	235	191308	967	969
193864	235	189973	967	969
195020	235	188202	967	969
285431	235	188009	967	969
206090	235	188367	967	969
243951	235	188423	967	969
251422	235	191463	967	969
210532	235	189299	967	969
301630	235	188597	967	969
295909	235	188305	967	969
209028	235	190378	967	969
199494	235	188026	967	969
263372	235	257026	967	969
284749	235	196650	967	969
251352	235	234202	967	969
218503	235	188485	967	969
214886	235	189495	967	969
316547	235	188189	967	969
235344	235	188024	967	969
264819	235	188957	967	969
264703	235	188388	967	969
209412	235	189890	967	969
241340	235	188201	967	969
235937	235	188172	967	969
199333	235	222276	967	969
263731	235	188979	967	969
195856	235	188712	967	969
337480	235	189811	967	969
247505	235	189707	967	969
304033	235	191140	967	969
294770	235	188486	967	969
329057	235	188070	967	969
241797	235	188197	967	969
269656	235	196424	967	969
226105	235	188315	967	969
250389	235	188119	967	969
230636	235	197564	967	969
219127	235	191543	967	969
329673	235	190250	967	969
196472	235	188262	967	969
234125	235	192034	967	969
194172	235	189980	967	969
242405	235	188906	967	969
206028	235	188085	967	969
255756	235	189023	967	969
197194	235	188681	967	969
256254	235	192204	967	969
293716	235	190190	967	969
216788	235	188977	967	969
212643	235	188063	967	969
274222	235	188379	967	969
228666	235	189186	967	969
247627	235	188799	967	969
206895	235	188519	967	969
200894	235	194291	967	969
218260	235	188155	967	969
213321	235	188585	967	969
250181	235	188760	967	969
217454	235	189753	967	969
236405	235	188382	967	969
208658	235	190664	967	969
328220	235	188658	967	969
331236	235	190809	967	969
215306	235	188142	967	969
279099	235	188061	967	969
205452	235	188321	967	969
272157	235	189486	967	969
342667	235	201831	967	969
286788	235	188253	967	969
201923	235	189483	967	969
285695	235	188357	967	969
232234	235	188911	967	969
196849	235	190675	967	969
219850	235	188434	967	969
197484	235	190123	967	969
232711	235	189692	967	969
271092	235	188298	967	969
218490	235	189276	967	969
274631	235	269100	967	969
226710	235	226711	967	969
247902	235	188918	967	969
295367	235	188975	967	969
221238	235	188561	967	969
213431	235	188143	967	969
283184	235	188826	967	969
219951	235	188829	967	969
261871	235	189781	967	969
281559	235	190275	967	969
204417	235	188070	967	969
209824	235	193782	967	969
217732	235	189166	967	969
237132	235	192882	967	969
202112	235	194214	967	969
253369	235	190169	967	969
200767	235	189063	967	969
195223	235	188226	967	969
260863	235	238051	967	969
216621	235	192665	967	969
248124	235	188829	967	969
240099	235	188248	967	969
243313	235	188250	967	969
302500	235	204094	967	969
354376	235	189228	967	969
200390	235	188035	967	969
200338	235	228512	967	969
196135	235	189232	967	969
259458	235	188557	967	969
313946	235	198586	967	969
258230	235	190960	967	969
232015	235	188864	967	969
216538	235	188132	967	969
247691	235	189226	967	969
342954	235	189583	967	969
203457	235	195998	967	969
224880	235	188830	967	969
250613	235	188806	967	969
306289	235	281837	967	969
240253	235	192618	967	969
274117	235	188731	967	969
297545	235	188693	967	969
198490	235	188134	967	969
233277	235	188935	967	969
197927	235	188262	967	969
246411	235	192204	967	969
227602	235	188273	967	969
234662	235	188342	967	969
261355	235	188658	967	969
224232	235	188017	967	969
248799	235	188142	967	969
269894	235	197349	967	969
280702	235	189382	967	969
247829	235	241309	967	969
295332	235	189538	967	969
243343	235	196152	967	969
219195	235	190139	967	969
270909	235	189698	967	969
202762	235	188067	967	969
338260	235	189316	967	969
293470	235	188690	967	969
230241	235	191954	967	969
270640	235	192474	967	969
248819	235	247306	967	969
298620	235	188666	967	969
221104	235	189680	967	969
259389	235	189198	967	969
243359	235	188296	967	969
222047	235	189013	967	969
244120	235	191405	967	969
244067	235	188474	967	969
294786	235	189292	967	969
246212	235	188943	967	969
237475	235	189346	967	969
241813	235	196777	967	969
240337	235	189308	967	969
236405	235	205025	967	969
202484	235	189684	967	969
297248	235	188838	967	969
304328	235	189454	967	969
219516	235	188464	967	969
219242	235	192611	967	969
215633	235	188770	967	969
206118	235	196777	967	969
239893	235	188505	967	969
217587	235	188677	967	969
198096	235	188290	967	969
215721	289	201087	967	969
230675	235	188731	967	969
199168	235	188055	967	969
237681	235	189585	967	969
232838	235	188057	967	969
213829	235	188524	967	969
223914	235	189092	967	969
205665	235	189560	967	969
318252	235	188034	967	969
209384	235	188079	967	969
221100	235	189075	967	969
223626	235	189936	967	969
202196	235	193030	967	969
202827	235	196777	967	969
303933	235	188356	967	969
197274	235	190803	967	969
220383	235	190223	967	969
230469	235	188120	967	969
263134	235	188681	967	969
272107	235	189109	967	969
202416	235	188602	967	969
304431	235	188388	967	969
236942	235	189017	967	969
212829	235	188680	967	969
214999	235	188522	967	969
340912	235	289885	967	969
195833	235	188104	967	969
200018	235	188744	967	969
227986	235	188962	967	969
198954	235	188056	967	969
265388	235	189610	967	969
297997	235	188826	967	969
309460	235	189451	967	969
211936	235	188155	967	969
195142	235	188344	967	969
314933	235	189994	967	969
272538	235	188006	967	969
233691	235	188407	967	969
216587	235	188036	967	969
253831	235	188839	967	969
235434	235	188619	967	969
294909	235	188235	967	969
227518	235	233684	967	969
279494	235	188232	967	969
258471	235	188136	967	969
217412	235	188048	967	969
235696	235	190423	967	969
285804	235	190548	967	969
219270	235	188110	967	969
286207	235	188557	967	969
244525	235	188603	967	969
194994	235	188061	967	969
195995	235	188175	967	969
197293	235	193075	967	969
260578	235	189013	967	969
279028	235	198191	967	969
295853	235	194591	967	969
220281	235	188387	967	969
214391	235	188890	967	969
198608	235	188426	967	969
223295	235	188109	967	969
217190	235	188551	967	969
234094	235	188054	967	969
302492	235	191390	967	969
268440	235	189316	967	969
248629	235	188604	967	969
236793	235	188010	967	969
203905	235	188190	967	969
210610	235	188107	967	969
218168	235	189275	967	969
286625	235	191846	967	969
229761	235	192744	967	969
199223	235	188056	967	969
214830	235	190289	967	969
237027	235	189386	967	969
247663	235	190040	967	969
199845	235	188422	967	969
235639	235	189332	967	969
279417	235	188116	967	969
239666	235	188156	967	969
263531	235	194505	967	969
283151	235	190217	967	969
315918	235	191181	967	969
216379	235	188879	967	969
292403	235	188441	967	969
224324	235	188448	967	969
332098	235	188342	967	969
250901	235	188417	967	969
207677	235	192821	967	969
287615	235	188149	967	969
239102	235	189699	967	969
215133	235	188294	967	969
304383	235	197221	967	969
198245	235	189708	967	969
220346	235	188079	967	969
202941	235	188452	967	969
217500	235	188826	967	969
205142	235	189760	967	969
301563	235	188679	967	969
220901	235	188065	967	969
210099	235	298544	967	969
361571	235	188222	967	969
256988	235	189277	967	969
317856	235	190701	967	969
299474	235	188557	967	969
212058	235	188318	967	969
208656	235	188131	967	969
243434	235	190532	967	969
243255	235	189280	967	969
231193	235	189138	967	969
202352	235	190066	967	969
204339	235	188237	967	969
215515	235	188493	967	969
232429	235	190351	967	969
243619	235	188577	967	969
369140	235	188225	967	969
199138	235	191883	967	969
215630	235	192158	967	969
270437	235	189516	967	969
211708	235	188202	967	969
248011	235	188619	967	969
274385	235	188375	967	969
210533	235	188731	967	969
220347	235	189048	967	969
276471	235	188853	967	969
229432	235	189798	967	969
278999	235	190946	967	969
232865	235	189167	967	969
197119	235	188067	967	969
201249	235	191624	967	969
202271	235	191067	967	969
215320	235	188164	967	969
276324	235	188679	967	969
297512	235	188904	967	969
236238	235	192611	967	969
227066	235	190135	967	969
273474	235	189471	967	969
263890	235	189173	967	969
197693	235	191666	967	969
317450	235	188156	967	969
262766	235	188432	967	969
229171	235	188970	967	969
312817	235	188739	967	969
271005	235	192828	967	969
219123	235	188731	967	969
315510	235	195620	967	969
283240	235	189225	967	969
206405	235	188014	967	969
234819	235	188578	967	969
201106	235	190720	967	969
249941	235	189542	967	969
275576	235	195424	967	969
316189	235	192204	967	969
302661	235	188366	967	969
260509	235	190265	967	969
271157	235	189371	967	969
230346	235	188730	967	970
200850	235	188559	967	970
249448	235	188395	967	970
266206	235	188041	967	970
214857	235	188371	967	970
280599	235	189118	967	970
232949	235	192781	967	970
294121	235	245054	967	970
290086	235	188806	967	970
237452	235	188583	967	970
211206	235	188626	967	970
317114	235	188133	967	970
212610	235	188615	967	970
313002	235	188133	967	970
221473	235	188409	967	970
251077	235	188152	967	970
199563	235	189822	967	970
200754	235	188935	967	970
226407	235	189899	967	970
199366	235	188569	967	970
285685	235	188113	967	970
245358	235	188141	967	970
298027	235	196305	967	970
228624	235	188570	967	970
316450	235	188967	967	970
235640	235	188464	967	970
243585	235	188221	967	970
280135	235	188259	967	970
268008	235	188269	967	970
240788	235	188551	967	970
234827	235	188681	967	970
295182	235	189194	967	970
217662	235	188059	967	970
234012	235	190523	967	970
249283	235	188828	967	970
276471	235	188496	967	970
209087	235	188264	967	970
232699	235	188959	967	970
271420	235	190169	967	970
209516	235	188896	967	970
232201	235	188101	967	970
247825	235	188806	967	970
313178	235	188727	967	970
224273	235	189017	967	970
215520	235	188681	967	970
269655	235	190217	967	970
203869	235	188732	967	970
192871	235	189950	967	970
226387	235	189579	967	970
318050	235	188053	967	970
249349	235	188149	967	970
340550	235	189135	967	970
209710	235	243660	967	970
297783	235	191529	967	970
318126	235	188190	967	970
221068	235	188977	967	970
225052	235	188162	967	970
208592	235	188740	967	970
262514	235	189048	967	970
226144	235	189641	967	970
208676	235	188211	967	970
311209	235	188119	967	970
274635	235	188024	967	970
300078	235	188913	967	970
223521	235	189680	967	970
250961	235	189198	967	970
243010	235	188705	967	970
233949	235	188770	967	970
217164	235	188694	967	970
328375	235	189564	967	970
237093	235	189280	967	970
337948	235	188565	967	970
192871	235	189950	967	970
322655	235	190976	967	970
214756	235	189723	967	970
206785	235	188907	967	970
324911	235	188269	967	970
306518	235	188874	967	970
206725	235	188923	967	970
267438	235	188316	967	970
199345	235	200471	967	970
291059	235	188935	967	970
229904	235	188823	967	970
236044	235	188028	967	970
327101	235	189283	967	970
266325	235	188189	967	970
240335	235	189094	967	970
252504	235	188082	967	970
315444	235	195105	967	970
207000	235	188264	967	970
206614	235	189980	967	970
233225	235	190152	967	970
253826	235	188483	967	970
281021	235	188445	967	970
200057	235	188035	967	970
277522	235	188862	967	970
197646	235	188316	967	970
206952	235	188060	967	970
252504	235	188082	967	970
231872	235	188992	967	970
204187	235	188899	967	970
276009	235	188753	967	970
271381	235	189955	967	970
252606	235	188239	967	970
302753	235	189411	967	970
284907	235	190443	967	970
311181	235	188037	967	970
217644	235	188172	967	970
199793	235	188033	967	970
212895	235	188414	967	970
305514	235	188107	967	970
321912	235	189126	967	970
301070	235	278918	967	970
247825	235	188806	967	970
206407	235	190610	967	970
242150	235	189111	967	970
195951	235	188154	967	970
239379	235	188948	967	970
271604	235	188816	967	970
274566	235	190444	967	970
279120	235	188456	967	970
205322	235	188051	967	970
209356	235	188133	967	970
317254	235	189094	967	970
249072	235	188524	967	970
224997	235	188154	967	970
206861	235	196619	967	970
205702	235	188265	967	970
291389	235	188682	967	970
218899	235	188067	967	970
275771	235	189727	967	970
230805	235	188241	967	970
366583	235	188010	967	970
194061	235	190443	967	970
275132	235	189822	967	970
206455	235	189197	967	970
279813	235	189316	967	970
237610	235	188056	967	970
287648	235	188064	967	970
358533	235	188580	967	970
268656	235	189442	967	970
244454	235	189407	967	970
374646	55	234574	967	970
216978	235	188520	967	970
269402	235	188626	967	970
204040	235	188307	967	970
212691	235	188086	967	970
207559	235	188066	967	970
214965	235	188411	967	970
208851	235	188190	967	970
267965	235	188694	967	970
288297	235	189564	967	970
227732	235	189057	967	970
218488	235	188179	967	970
305796	235	188608	967	970
296619	235	188540	967	970
252213	235	188426	967	970
213568	235	188358	967	970
321999	235	188250	967	970
342186	235	188273	967	970
316695	235	188279	967	970
269402	235	188626	967	970
335155	235	192104	967	970
195092	235	189822	967	970
201265	235	188161	967	970
206450	235	188424	967	970
233658	235	191543	967	970
272443	235	188730	967	970
233792	235	188222	967	970
201265	235	189322	967	970
310559	235	188158	967	970
229064	235	188410	967	970
268629	235	189216	967	970
213278	235	188626	967	970
284245	235	189484	967	970
232525	235	188172	967	970
236900	235	188982	967	970
259708	235	188663	967	970
258196	235	188423	967	970
226121	235	190809	967	970
278674	235	188290	967	970
286519	235	188480	967	970
214365	235	188422	967	970
206816	235	188737	967	970
214340	235	188089	967	970
277522	235	188862	967	970
207305	235	188154	967	970
272493	235	191181	967	970
209683	235	190417	967	970
208275	235	188152	967	970
224177	235	189938	967	970
249351	235	188202	967	970
221900	235	188429	967	970
241313	235	188780	967	970
331926	235	189269	967	970
193579	235	189352	967	970
202682	235	188456	967	970
299268	235	189579	967	970
202533	235	189696	967	970
227956	235	188402	967	970
268743	235	189078	967	970
188039	239	218094	967	970
222125	235	189017	967	970
216753	235	188119	967	970
324046	235	188387	967	970
212218	235	188007	967	970
286333	235	188118	967	970
250897	235	190223	967	970
251539	235	191846	967	970
263375	235	188398	967	970
204355	235	188183	967	970
251956	235	189319	967	970
249140	235	249141	967	970
260822	235	188375	967	970
248752	235	188165	967	970
220032	235	189500	967	970
231086	235	188282	967	970
215478	235	188306	967	970
267601	235	189037	967	970
199047	235	298949	967	970
197869	235	188104	967	970
227260	235	188594	967	970
224409	235	188374	967	970
204528	235	188139	967	970
227631	235	189064	967	970
233006	235	197277	967	970
244366	235	188500	967	970
240474	235	188020	967	970
199018	235	188264	967	970
273474	235	189137	967	970
206395	235	188082	967	970
294891	235	188308	967	970
280994	235	188770	967	970
200776	235	188988	967	970
224536	235	188443	967	970
208496	235	188746	967	970
222582	235	188262	967	970
220792	235	188039	967	970
237171	235	188753	967	970
283908	235	189408	967	970
319226	235	188035	967	970
257660	235	188034	967	970
221716	235	191928	967	970
311452	235	188082	967	970
227075	235	189094	967	970
231006	235	188732	967	970
262615	235	188090	967	970
227324	235	188658	967	970
258264	235	189746	967	970
331191	235	188108	967	970
201968	235	188853	967	970
207195	235	188712	967	970
271865	235	190665	967	970
315533	235	191764	967	970
201740	235	190153	967	970
220961	235	188014	967	970
283530	235	189214	967	970
239306	235	188683	967	970
247266	235	189585	967	970
236305	235	188020	967	970
205722	235	188983	967	970
223350	235	188500	967	970
202711	235	188630	967	970
260464	235	188445	967	970
217354	235	188611	967	970
213784	235	188023	967	970
304701	235	206641	967	970
211418	235	188215	967	970
241207	235	189094	967	970
220709	235	188082	967	970
287985	235	190882	967	970
230454	235	188014	967	970
273583	235	188059	967	970
238554	235	189847	967	970
216484	235	226449	967	970
210484	235	202097	967	970
316042	235	188268	967	970
201860	235	190665	967	970
220526	235	240699	967	970
232536	235	188538	967	970
215929	235	189209	967	970
280385	235	188105	967	970
281266	235	188727	967	970
226010	235	189858	967	970
355822	235	188260	967	970
285876	235	188476	967	970
327205	235	190118	967	970
246883	235	188092	967	970
213158	235	188111	967	970
228409	235	188149	967	970
228462	235	188966	967	970
328652	235	190767	967	970
243504	235	189872	967	970
329867	235	188597	967	970
280448	235	188827	967	970
303483	235	188398	967	970
294301	235	191687	967	970
265458	235	190139	967	970
342302	235	188946	967	970
196123	235	188026	967	970
248145	235	188578	967	970
258563	235	188294	967	970
262962	235	188041	967	970
300676	235	188495	967	970
267070	235	188365	967	970
247204	235	188367	967	970
211007	235	188107	967	970
309351	235	232301	967	970
198947	235	188189	967	970
249962	235	188221	967	970
232606	235	188239	967	970
247253	235	188379	967	970
239494	235	188940	967	970
217014	235	188433	967	970
298727	235	190267	967	970
220335	235	188342	967	970
373230	235	189138	967	970
219178	235	188261	967	970
249253	235	188935	967	970
202213	235	188395	967	970
209532	235	191665	967	970
249462	235	188342	967	970
243049	235	189418	967	970
210913	235	188887	967	970
284550	235	188694	967	970
304258	235	188242	967	970
235605	235	188207	967	970
243537	235	189686	967	970
192930	235	188006	967	970
206030	235	188094	967	970
302959	235	189913	967	970
261174	235	188186	967	970
232696	235	188767	967	970
249210	235	188385	967	970
253205	235	189484	967	970
354212	235	188479	967	970
201291	235	190984	967	970
206851	235	189147	967	970
250716	235	189681	967	970
217888	235	188253	967	970
201055	235	188616	967	970
208299	235	188493	967	970
232102	235	228507	967	970
213184	235	188493	967	970
280919	235	189441	967	970
198924	235	192796	967	970
355203	235	189215	967	970
197317	235	189275	967	970
315058	235	189872	967	970
293874	235	188522	967	970
300336	235	188673	967	970
215784	235	188445	967	970
281940	235	188264	967	970
264457	235	191187	967	970
201440	235	188035	967	970
212355	47	197897	967	970
195147	235	190196	967	970
277165	235	191187	967	970
237346	235	189283	967	970
298410	235	188123	967	970
302642	235	190350	967	970
195565	235	192914	967	970
252807	235	188087	967	970
205931	235	206344	967	970
230521	235	192459	967	970
313696	235	189523	967	970
340350	235	188506	967	970
206786	235	190474	967	970
351951	235	188357	967	970
284251	235	188298	967	970
228170	235	189789	967	970
240250	235	188753	967	970
223727	235	192638	967	970
219459	235	188225	967	970
286030	235	190991	967	970
243462	235	188118	967	970
209597	235	189513	967	970
280105	235	188106	967	970
222379	235	188477	967	970
294183	235	188155	967	970
303325	235	188745	967	970
235257	235	188979	967	970
338210	235	190910	967	970
217364	235	188168	967	970
207755	235	188805	967	970
240204	235	188395	967	970
205261	235	188386	967	970
272821	235	188683	967	970
259234	235	189742	967	970
200612	235	188452	967	970
277284	235	188377	967	970
269044	235	188611	967	970
254681	235	188626	967	970
251918	235	188493	967	970
295303	235	188373	967	970
202006	235	188321	967	970
270932	235	189050	967	970
205458	235	188928	967	970
202454	235	188129	967	970
209675	235	188153	967	970
219430	235	188092	967	970
261450	235	191849	967	970
197673	235	188038	967	970
199785	235	188038	967	970
204284	235	188312	967	970
254416	235	191382	967	970
270756	235	191038	967	970
266906	235	188145	967	970
316706	235	189417	967	970
330928	235	188018	967	970
251950	235	188993	967	970
270992	235	189296	967	970
195172	235	189484	967	970
223583	235	189195	967	970
303207	235	188246	967	970
367838	235	190334	967	970
243681	235	188131	967	970
280850	235	188222	967	970
199778	235	190280	967	970
227657	235	188273	967	970
197986	235	188378	967	970
311597	235	188603	967	970
198988	235	188235	967	970
200438	235	189135	967	970
242208	235	190191	967	970
262398	235	189108	967	970
272050	235	188493	967	970
202905	235	188145	967	970
206395	235	188082	967	970
201809	235	192362	967	970
293101	235	188398	967	970
220258	235	188017	967	970
277073	235	188511	967	970
236558	235	191732	967	970
295243	235	190707	967	970
232060	235	189404	967	970
257765	235	294149	967	970
239683	235	188496	967	970
220383	235	188007	967	970
241157	235	188998	967	970
232060	235	189404	967	970
276384	235	188111	967	970
295229	235	189507	967	970
203589	235	188148	967	970
260488	235	188375	967	970
262650	235	188344	967	970
309247	235	188005	967	970
286402	235	188398	967	970
215806	235	188420	967	970
197378	235	188379	967	970
204175	235	188167	967	970
267464	235	190576	967	970
197153	235	188307	967	970
233170	235	189166	967	970
244108	235	188462	967	970
208446	235	188443	967	970
244498	235	188279	967	970
283126	235	188154	967	970
257254	235	188154	967	970
288244	235	188595	967	970
290046	235	188422	967	970
240441	235	188039	967	970
214719	235	188496	967	970
216135	235	190145	967	970
224533	235	188179	967	970
333666	235	188996	967	970
249900	235	188097	967	970
245045	235	189173	967	970
271424	235	188377	967	970
244476	235	188386	967	970
301411	235	191304	967	970
290233	235	188496	967	970
236978	235	191106	967	970
232039	235	188158	967	970
293348	235	188267	967	970
334355	235	190672	967	970
221699	235	188152	967	970
256436	235	188529	967	970
209668	235	188056	967	970
205405	235	188139	967	970
193371	235	188017	967	970
324823	235	188573	967	970
259502	235	188375	967	970
208751	235	188058	967	970
202146	235	188153	967	970
206269	235	189585	967	970
246650	235	189666	967	970
194962	235	188161	967	970
333826	235	189464	967	970
200880	235	188830	967	970
226158	235	192174	967	970
203512	235	190062	967	970
248073	235	189730	967	970
237378	235	188073	967	970
305796	235	188608	967	970
205695	235	188688	967	970
207815	235	188232	967	970
206185	235	189740	967	970
208339	235	190946	967	970
240883	235	189157	967	970
338651	235	188903	967	970
276799	235	189568	967	970
228732	235	188658	967	970
282002	235	188728	967	970
201716	235	188743	967	970
209531	235	188018	967	970
345784	235	189580	967	970
210927	235	188209	967	970
291598	235	189045	967	970
238889	235	189579	967	970
205322	235	188051	967	970
230299	235	188006	967	970
212959	235	188086	967	970
223545	235	188132	967	970
217409	235	189447	967	970
260816	235	189484	967	970
220867	235	210161	967	970
197008	235	188515	967	970
243089	235	188031	967	970
276154	235	189523	967	970
291297	235	190101	967	970
197112	235	188064	967	970
325028	235	189322	967	970
214633	235	188829	967	970
201861	239	247665	967	970
198332	235	189293	967	970
199710	235	190190	967	970
234053	235	188147	967	970
265906	235	188133	967	970
221480	235	189462	967	970
271139	235	188192	967	970
305558	235	188454	967	970
229796	235	189154	967	970
274764	235	257172	967	970
258376	235	188792	967	970
224614	235	237235	967	970
257872	235	190147	967	970
231730	235	188235	967	970
188211	239	217336	967	970
295052	235	188694	967	970
232727	235	189795	967	970
261510	235	190091	967	970
248165	235	188579	967	970
280450	235	188998	967	970
249667	235	188975	967	970
232136	235	188070	967	970
259446	235	188344	967	970
307920	235	188302	967	970
243626	235	188058	967	970
197338	235	188052	967	970
217375	235	188075	967	970
274656	235	198667	967	970
277264	235	188660	967	970
328278	235	190126	967	970
213231	235	188907	967	970
293351	235	188161	967	970
267068	235	188595	967	970
302568	235	188239	967	970
194723	235	188029	967	970
297453	235	189540	967	970
188336	267	254984	967	970
226390	235	188853	967	970
205953	235	188101	967	970
247476	235	188323	967	970
266062	235	188500	967	970
239051	235	211207	967	970
198589	235	188039	967	970
218794	235	188545	967	970
232379	235	193512	967	970
270124	235	188149	967	970
291526	235	188269	967	970
241196	235	188968	967	970
284970	235	188290	967	970
195444	235	188024	967	970
232718	235	188971	967	970
283091	235	189822	967	970
343324	235	188727	967	970
258008	235	190408	967	970
257534	235	188997	967	970
347783	235	189962	967	970
198498	235	188209	967	970
306593	235	190169	967	970
215617	235	189699	967	970
280384	235	188129	967	970
214112	235	188681	967	970
216696	235	189208	967	970
197816	235	209660	967	970
277494	235	188612	967	970
292547	235	188727	967	970
211642	235	219819	967	970
275401	235	189638	967	970
198510	235	188695	967	970
195386	235	189559	967	970
208927	235	189815	967	970
196333	235	188574	967	970
198550	235	188035	967	970
317653	235	188955	967	970
235781	235	188238	967	970
198675	235	205820	967	970
221898	235	188090	967	970
212676	235	188052	967	970
247351	235	191849	967	970
320361	235	188139	967	970
215759	235	188243	967	970
227064	235	188149	967	970
219666	235	191602	967	970
219828	235	188029	967	970
262066	235	188779	967	970
305468	235	188304	967	970
195410	289	342905	967	970
230134	235	188220	967	970
228946	235	188027	967	970
239775	235	192362	967	970
328377	235	188602	967	970
257744	235	188206	967	970
236615	235	188282	967	970
299505	235	188183	967	970
203372	235	188140	967	970
239126	235	189587	967	970
201951	235	188564	967	970
198249	235	188152	967	970
296127	235	188731	967	970
271899	235	188506	967	970
330685	235	188110	967	970
309405	235	188741	967	970
222941	235	188239	967	970
215377	235	190066	967	970
266338	235	188768	967	970
262968	235	189587	967	970
302667	235	188189	967	970
220185	235	188422	967	970
207267	235	188149	967	970
202779	235	188246	967	970
333666	235	190734	967	970
226987	235	188959	967	970
213270	235	188594	967	970
208119	235	188448	967	970
226627	235	190147	967	970
201847	235	188657	967	970
266677	235	194400	967	970
232699	235	188959	967	970
200160	235	188624	967	970
207759	235	188450	967	970
257523	235	188935	967	970
212429	235	189014	967	970
232340	235	188279	967	970
226762	235	189639	967	970
204907	235	189904	967	970
225373	235	240699	967	970
202673	235	188101	967	970
214004	235	190421	967	970
205717	235	188666	967	970
282444	235	189367	967	970
254560	235	190101	967	970
280133	235	189686	967	970
219868	235	188099	967	970
218158	235	188900	967	970
194000	235	188064	967	970
197937	235	188420	967	970
287909	273	340845	967	970
213952	235	189094	967	970
227569	235	188128	967	970
322918	235	188140	967	970
252062	235	188950	967	970
218033	235	188063	967	970
250309	235	188247	967	970
240445	235	188089	967	970
255816	235	188730	967	970
227732	235	189057	967	970
274637	235	188416	967	970
267021	235	189037	967	970
221921	235	188009	967	970
229382	235	189772	967	970
216557	235	188614	967	970
296988	47	296854	967	970
280004	235	188089	967	970
287645	235	191360	967	970
227845	235	188744	967	970
201725	235	188111	967	970
198170	235	188371	967	970
202867	235	188540	967	970
270353	235	189245	967	970
242936	235	188017	967	970
239240	235	188830	967	970
228993	235	188130	967	970
239740	235	191021	967	970
231647	235	188887	967	970
272213	235	190126	967	970
239522	235	188225	967	970
226315	235	188529	967	970
261719	235	196942	967	970
257719	235	188179	967	970
283239	235	188973	967	970
230871	235	188904	967	970
198702	235	189042	967	970
212540	235	188189	967	970
214750	235	188540	967	970
325098	235	289885	967	970
233692	235	189386	967	970
301950	235	188669	967	970
222759	235	188681	967	970
317038	235	189516	967	970
269540	235	188760	967	970
279396	235	188116	967	970
283277	235	188088	967	970
213715	235	188827	967	970
241232	235	188017	967	970
204957	235	188579	967	970
220172	235	190152	967	970
210460	235	189023	967	970
207162	235	188544	967	970
201088	235	188056	967	970
214012	235	189466	967	970
331910	235	188048	967	970
206452	235	188042	967	970
216772	235	190091	967	970
198917	235	188357	967	970
216915	235	188162	967	970
218308	235	190351	967	970
207252	235	188107	967	970
205954	235	188703	967	970
216480	235	188034	967	970
210666	235	190936	967	970
206593	235	188044	967	970
239164	235	189217	967	970
217711	235	188656	967	970
218902	235	188520	967	970
217403	235	189523	967	970
225209	235	189386	967	970
218766	235	191846	967	970
195386	235	189559	967	970
262733	235	188007	967	970
323195	235	369775	967	970
249440	292	351142	967	970
282036	235	190882	967	970
315988	235	189114	967	970
244397	235	203567	967	970
224241	235	189314	967	970
207802	235	188307	967	970
282658	235	188149	967	970
207847	235	189131	967	970
207344	235	188830	967	970
324148	235	188398	967	970
221834	235	188389	967	970
202522	235	188206	967	970
220079	235	188342	967	970
233263	235	189111	967	970
211418	235	188215	967	970
224224	235	188404	967	970
325848	235	188409	967	970
201574	235	298977	967	970
300211	235	188686	967	970
224676	235	188082	967	970
344327	235	188981	967	970
220529	235	188273	967	970
293350	235	188776	967	970
201679	235	188476	967	970
202674	235	189681	967	970
261350	235	188440	967	970
257514	235	188634	967	970
207030	235	188485	967	970
222539	235	188966	967	970
253817	235	188900	967	970
202879	235	189299	967	970
198099	235	188056	967	970
206432	235	188024	967	970
305008	235	188753	967	970
290958	235	188161	967	970
274992	235	188744	967	970
230710	235	188110	967	970
241559	235	189035	967	970
216419	235	188316	967	970
232507	235	193342	967	970
257211	235	188044	967	970
201285	235	188411	967	970
293351	235	189322	967	970
306936	235	188116	967	970
274027	235	188179	967	970
201050	235	188740	967	970
227898	235	189215	967	970
221796	235	188149	967	970
296071	235	188350	967	970
288431	235	189858	967	970
200411	235	189811	967	970
235734	235	189738	967	970
293891	235	188374	967	970
317900	235	191305	967	970
367776	235	188725	967	970
230445	235	188145	967	970
198585	235	189064	967	970
314238	235	188402	967	970
243393	235	189484	967	970
231413	235	188111	967	970
212577	235	188045	967	970
229794	235	188034	967	970
278631	235	188185	967	970
273014	235	189023	967	970
295335	235	190228	967	970
206426	235	189559	967	970
228236	235	189028	967	970
211717	235	189904	967	970
268313	235	188005	967	970
217427	235	188291	967	970
289627	235	188595	967	970
236373	235	191062	967	970
218360	235	188461	967	970
237948	235	190864	967	970
228476	235	191954	967	970
239843	235	191954	967	970
282495	235	196160	967	970
209231	235	188740	967	970
207448	235	188200	967	970
203536	235	188411	967	970
303818	235	188039	967	970
303726	235	188994	967	970
203631	235	188101	967	970
311964	235	190149	967	970
342077	235	189370	967	970
255341	235	188167	967	970
228675	235	188490	967	970
238563	235	188665	967	970
343391	235	189417	967	970
295116	235	188594	967	970
212563	235	188101	967	970
195812	235	189982	967	970
236670	235	189549	967	970
209126	235	188064	967	970
203303	235	188450	967	970
320552	235	188918	967	970
206658	235	188127	967	970
331241	235	189250	967	970
221952	235	188127	967	970
255998	235	188202	967	970
301477	235	188608	967	970
239360	235	190322	967	970
335691	235	188709	967	970
227010	235	192564	967	970
337200	235	188005	967	970
219777	235	190167	967	970
238404	235	188014	967	970
232424	235	188896	967	970
243462	235	188118	967	970
249053	235	188028	967	970
210952	235	189179	967	970
246647	235	189579	967	970
323007	235	189195	967	970
338648	235	189822	967	970
205955	235	188490	967	970
219302	235	189764	967	970
236698	235	189037	967	970
236874	235	190934	967	970
285080	235	188145	967	970
290311	235	193216	967	970
232296	235	188110	967	970
208087	235	196777	967	970
224808	235	188192	967	970
210600	235	188321	967	970
271113	235	188158	967	970
221561	235	188232	967	970
227428	235	189208	967	970
306296	235	188217	967	970
263253	235	191062	967	970
300195	235	188219	967	970
212974	235	188488	967	970
196992	235	189186	967	970
207348	235	188039	967	970
208962	235	188042	967	970
270961	235	188243	967	970
250433	235	190968	967	970
321390	235	188681	967	970
236986	235	188280	967	970
290275	235	189921	967	970
341056	235	195105	967	970
214165	235	188104	967	970
202327	235	188319	967	970
210172	235	188241	967	970
216025	235	189004	967	970
202880	235	189484	967	970
221216	235	188042	967	970
238501	235	188090	967	970
251016	235	188366	967	970
209513	235	188087	967	970
277296	235	188296	967	970
259532	235	196140	967	970
340941	235	192139	967	970
264684	235	188518	967	970
311068	235	188468	967	970
210050	235	188396	967	970
197679	235	188264	967	970
208808	235	190474	967	970
248931	235	188208	967	970
217872	235	248675	967	970
281731	235	188315	967	970
274343	235	189730	967	970
255656	235	189523	967	970
346486	235	188123	967	970
288051	235	192744	967	970
211045	235	296379	967	970
212985	235	188192	967	970
236731	235	189188	967	970
313131	235	191230	967	970
221625	235	188297	967	970
294114	235	188417	967	970
207054	235	188096	967	970
288588	235	192130	967	970
188338	239	239584	967	970
205551	235	190402	967	970
240339	235	189154	967	970
279799	235	188765	967	970
306785	235	188003	967	970
219609	235	188017	967	970
208644	235	188264	967	970
302331	235	196777	967	970
202320	235	189022	967	970
246272	235	188097	967	970
224380	235	188086	967	970
213901	235	188683	967	970
263818	235	190464	967	970
239347	235	189022	967	970
208708	235	188203	967	970
274446	235	188344	967	970
269302	235	188058	967	970
313798	235	189962	967	970
252718	235	188887	967	970
311209	235	188119	967	970
202218	235	188090	967	970
204982	235	188072	967	970
209954	235	190697	967	970
210030	235	188074	967	970
307214	235	188024	967	970
284447	235	188179	967	970
202813	235	188574	967	970
201615	235	188128	967	970
236204	235	188315	967	970
252034	235	188585	967	970
209563	235	188020	967	970
193866	235	188582	967	970
243943	235	189513	967	970
253888	235	189267	967	970
328018	235	188768	967	970
209107	235	189720	967	970
259036	235	188496	967	970
196408	235	188065	967	970
276032	235	188059	967	970
199677	235	188900	967	970
195701	235	190304	967	970
209192	235	188240	967	970
216655	235	188488	967	970
278495	235	188041	967	970
374856	235	278280	967	970
239190	235	189980	967	970
237710	235	248263	967	970
269020	235	188474	967	970
268834	235	189086	967	970
270370	235	188912	967	970
317455	235	188200	967	970
201096	235	189381	967	970
213565	235	188099	967	970
222271	235	355821	967	970
243552	235	189022	967	970
284024	235	195295	967	970
219048	235	189018	967	970
196903	235	188607	967	970
205334	235	188411	967	970
285949	235	188172	967	970
273803	235	188583	967	970
297491	235	188489	967	970
302500	235	188423	967	970
238034	235	188896	967	970
229101	235	188246	967	970
236161	235	188496	967	970
245244	235	188656	967	970
223204	235	188267	967	970
211407	235	189555	967	970
208092	235	188680	967	970
276170	235	188142	967	970
284485	235	188222	967	970
202236	235	191540	967	970
279620	235	369775	967	970
232922	235	188456	967	970
289152	235	188088	967	970
270349	235	188011	967	970
218979	235	188185	967	970
225182	235	188164	967	970
354370	235	188603	967	970
242457	235	188166	967	970
203732	235	188547	967	970
213955	235	188188	967	970
242765	235	188364	967	970
233504	235	215458	967	970
220382	235	188959	967	970
312485	235	196650	967	970
226382	235	188374	967	970
317459	235	188088	967	970
238816	235	188141	967	970
269236	235	188768	967	970
230445	235	188145	967	970
226934	235	189105	967	970
219499	235	188500	967	970
366793	235	188418	967	970
225831	235	188697	967	970
299103	235	189228	967	970
195815	235	188189	967	970
238563	235	188493	967	971
223502	235	188971	967	971
228743	235	196777	967	971
267801	235	189050	967	971
324749	235	199900	967	971
266926	289	330512	967	971
210124	235	188032	967	971
330984	235	188232	967	971
240908	235	188396	967	971
218789	235	188131	967	971
208176	235	188036	967	971
257516	235	188640	967	971
285625	235	189715	967	971
191367	267	318068	967	971
221624	235	188561	967	971
227651	235	192638	967	971
222859	235	188024	967	971
274124	235	189182	967	971
296107	235	188631	967	971
231746	245	307897	967	971
228212	235	194556	967	971
288823	235	188820	967	971
292245	235	188304	967	971
295152	235	188097	967	971
335350	235	188262	967	971
264971	235	193426	967	971
330984	235	188957	967	971
198736	235	188143	967	971
207635	235	188032	967	971
243008	235	188009	967	971
318594	235	188063	967	971
245497	235	188387	967	971
203379	235	188610	967	971
248386	235	188680	967	971
204198	235	188640	967	971
211785	235	208163	967	971
230648	235	188827	967	971
307307	235	188608	967	971
265290	235	188862	967	971
221024	235	188055	967	971
216752	235	188141	967	971
332166	235	189670	967	971
248841	235	192104	967	971
234739	235	188606	967	971
211727	235	188209	967	971
262679	235	188249	967	971
325495	235	188304	967	971
188001	239	193138	967	971
279075	235	188918	967	971
226756	235	188037	967	971
200661	235	188728	967	971
278495	235	188585	967	971
271937	235	189110	967	971
282940	235	188578	967	971
200869	235	188374	967	971
217164	235	188585	967	971
207830	235	188168	967	971
218608	235	189482	967	971
222388	235	188655	967	971
248372	235	190098	967	971
242433	235	188207	967	971
351613	235	189161	967	971
298175	235	189050	967	971
188911	239	238523	967	971
198873	235	188067	967	971
229711	235	188123	967	971
310280	235	188805	967	971
229584	235	188017	967	971
369821	235	372582	967	971
335692	235	190734	967	971
224029	235	190960	967	971
202820	235	188407	967	971
216894	235	188028	967	971
243696	235	188178	967	971
201060	235	188215	967	971
200577	235	188560	967	971
215107	235	188385	967	971
309251	235	190688	967	971
223355	235	188936	967	971
203179	235	188399	967	971
240936	235	188786	967	971
353097	235	198208	967	971
299640	235	188312	967	971
262399	235	188185	967	971
229882	235	191305	967	971
264749	235	188695	967	971
278712	235	189821	967	971
230236	235	188911	967	971
291917	235	188130	967	971
287445	235	188211	967	971
286649	235	188291	967	971
252490	235	225313	967	971
291588	235	188018	967	971
218095	235	188503	967	971
195163	235	188385	967	971
244282	235	189279	967	971
282877	235	188538	967	971
224121	235	189006	967	971
250255	235	188979	967	971
229839	235	188389	967	971
214488	235	188399	967	971
227031	235	189177	967	971
325622	235	188238	967	971
205868	235	188416	967	971
253626	235	188302	967	971
317511	235	188785	967	971
295357	235	189110	967	971
200827	235	188141	967	971
249176	235	189332	967	971
209411	235	188418	967	971
207288	235	188152	967	971
272167	235	188037	967	971
301754	235	189872	967	971
260337	235	188188	967	971
260236	235	188321	967	971
257923	235	188032	967	971
247816	235	188495	967	971
227121	235	189167	967	971
226874	235	188998	967	971
274886	235	195882	967	971
311953	235	191208	967	971
201037	235	188038	967	971
257159	235	188247	967	971
314521	235	192311	967	971
284081	235	188300	967	971
208017	235	188215	967	971
199750	235	188316	967	971
222726	235	189752	967	971
239011	235	188014	967	971
211120	235	188028	967	971
218435	235	188410	967	971
361652	42	203468	967	971
222912	235	192130	967	971
198990	235	188141	967	971
350086	235	188386	967	971
224571	235	188038	967	971
311954	235	188935	967	971
223273	235	189404	967	971
218458	235	188829	967	971
232661	235	188227	967	971
212976	235	188994	967	971
208347	235	188005	967	971
192278	267	295171	967	971
194178	47	306606	967	971
342285	235	188778	967	971
242717	235	188024	967	971
278961	235	188262	967	971
286151	235	189746	967	971
230555	235	188179	967	971
218352	235	188179	967	971
221275	235	188149	967	971
295458	235	246555	967	971
198059	235	188031	967	971
196187	235	190057	967	971
305714	235	188460	967	971
221526	235	188225	967	971
368946	235	188247	967	971
235658	235	188416	967	972
258660	235	191181	967	972
218664	235	366702	967	972
339778	235	188156	967	972
212658	235	188126	967	972
189523	239	267766	967	972
200116	235	189287	967	972
359445	167	327544	967	972
236058	235	190351	967	972
359065	235	188603	967	972
292117	235	188980	967	972
224610	235	188451	967	972
195102	37	360990	967	972
198458	235	188445	967	972
218664	235	188141	967	972
224177	235	188127	967	972
187992	254	195102	967	972
200203	254	195102	967	972
275884	235	188441	967	972
202152	235	188537	967	972
212878	235	188026	967	972
323556	235	188963	967	972
303889	235	188045	967	972
189199	254	312333	967	972
263911	235	189860	967	972
280127	42	331388	967	972
188114	254	245672	967	972
203923	235	188037	967	972
187994	254	244118	967	972
191216	267	288967	967	972
331388	222	280127	967	972
219779	235	188578	967	972
188129	239	199572	967	973
334296	235	195105	967	973
217410	235	188058	967	973
285744	129	189170	967	973
221135	235	188032	967	973
204507	235	188009	967	973
263345	235	230302	967	973
228155	235	188009	967	973
189701	267	287094	967	973
188626	239	196019	967	973
190351	233	368955	967	973
281732	245	354229	967	973
208558	235	188141	967	973
206974	235	188518	967	973
336357	245	245539	967	974
212071	235	188513	968	0
289748	235	190190	968	0
203151	235	189001	968	0
238115	235	189135	968	0
254181	235	188577	968	0
266617	235	194036	968	0
339357	235	194467	968	0
209938	235	188006	968	0
214286	235	188562	968	0
197620	235	190402	968	0
264956	235	192528	968	0
228374	235	188518	968	0
212717	235	188007	968	0
313675	235	194107	968	0
230135	235	189060	968	0
250389	235	189319	968	0
207658	235	188585	968	0
233037	235	188193	968	0
285181	235	188472	968	0
354713	235	188479	968	0
201413	235	188035	968	0
307407	235	188032	968	0
315744	264	190349	968	0
307622	235	248675	968	0
333842	235	188510	968	0
249065	235	189501	968	0
196026	235	189494	968	0
220380	235	188089	968	0
337911	235	192676	968	0
241728	235	190115	968	0
198141	235	188113	968	0
207832	235	189685	968	0
236263	235	206606	968	0
192519	106	205240	968	0
312970	235	189131	968	0
197360	235	212979	968	0
239126	235	188510	968	0
267060	235	188697	968	0
235496	235	188291	968	0
271759	235	189714	968	0
219156	235	188471	968	0
246110	278	336688	968	0
248814	235	188404	968	0
196869	235	188237	968	0
201993	235	188168	968	0
197678	235	188036	968	0
305943	235	196559	968	0
256321	235	190686	968	0
275484	235	188106	968	0
193389	235	188583	968	0
258587	235	188007	968	0
282234	235	191658	968	0
248272	106	194091	968	0
205152	235	191308	968	0
199052	235	232520	968	0
229194	235	188279	968	0
312933	235	188162	968	0
224991	235	289339	968	0
269191	235	192230	968	0
208287	235	188645	968	0
217332	235	188972	968	0
207608	235	188276	968	0
210372	235	188154	968	0
193749	106	206295	968	0
251706	235	188086	968	0
237837	235	188166	968	0
287445	235	188398	968	0
237141	235	192383	968	0
269448	235	189277	968	0
228018	235	189317	968	0
302496	235	188638	968	0
217853	235	189073	968	0
266392	42	188376	968	0
231715	235	195623	968	0
275615	235	188503	968	0
283698	235	189543	968	0
247371	235	189441	968	0
211661	254	196528	968	0
208635	235	188590	968	0
199565	235	188154	968	0
198226	235	188673	968	0
300326	235	197202	968	0
226781	235	188906	968	0
342985	235	192413	968	0
305533	235	189752	968	0
239057	235	188582	968	0
340659	235	188783	968	0
279555	235	188761	968	0
223080	235	190822	968	0
216441	235	237235	968	0
217921	235	194922	968	0
204295	235	201399	968	0
214959	235	188899	968	0
258336	235	244941	968	0
209484	235	189275	968	0
303890	235	188856	968	0
213209	235	188429	968	0
244407	235	188404	968	0
344030	235	190140	968	0
245746	235	188256	968	0
322001	235	190358	968	0
217138	235	231743	968	0
218866	235	189886	968	0
290057	235	189418	968	0
295904	235	188497	968	0
275220	235	188051	968	0
233370	235	188430	968	0
294465	235	188557	968	0
237370	235	188023	968	0
214884	235	188420	968	0
271653	235	190126	968	0
214973	235	192496	968	0
217412	235	196436	968	0
211553	235	188066	968	0
223758	235	188060	968	0
225367	235	189191	968	0
301019	235	190858	968	0
234503	235	242108	968	0
196015	235	191230	968	0
292104	106	313914	968	0
213581	235	188342	968	0
204197	235	189834	968	0
211495	235	188165	968	0
201549	235	193592	968	0
282990	235	191658	968	0
254479	235	188231	968	0
255745	235	188640	968	0
190093	106	204760	968	0
238083	235	190647	968	0
232026	235	188239	968	0
291803	235	188222	968	0
305755	235	188415	968	0
202157	235	188514	968	0
208967	235	190955	968	0
253948	235	188666	968	0
341381	235	297122	968	0
283321	235	188510	968	0
225182	235	190192	968	0
239408	235	189582	968	0
331429	235	195727	968	0
231998	235	236847	968	0
238803	235	188041	968	0
215384	235	188437	968	0
229464	235	188129	968	0
319883	235	188844	968	0
229312	235	189216	968	0
202595	106	229420	968	0
291632	235	188072	968	0
299524	235	188239	968	0
219040	235	189321	968	0
190873	106	189261	968	0
273942	235	188535	968	0
210301	235	249859	968	0
312906	235	188503	968	0
284249	235	188219	968	0
225786	235	188457	968	0
201330	235	189622	968	0
241474	235	188728	968	0
298131	273	213780	968	0
235502	235	190135	968	0
231196	235	188306	968	0
309062	235	188997	968	0
324626	235	188294	968	0
288584	235	189031	968	0
188533	239	234106	968	0
334366	235	190761	968	0
296025	235	188043	968	0
258947	235	188638	968	0
313914	106	292104	968	0
201497	235	189821	968	0
246733	235	190443	968	0
283393	235	190740	968	0
259497	235	188047	968	0
303950	235	190761	968	0
242602	278	336688	968	0
291040	235	188694	968	0
205059	235	188223	968	0
230006	235	188756	968	0
194656	235	190164	968	0
207119	235	199548	968	0
211846	235	190011	968	0
199888	235	191200	968	0
253600	235	198539	968	0
194393	235	189842	968	0
289374	235	201014	968	0
266693	42	192289	968	0
217168	106	256834	968	0
292087	235	190957	968	0
229520	235	192906	968	0
265709	235	188241	968	0
284982	235	188987	968	0
227262	235	189585	968	0
311153	106	288836	968	0
257936	235	188098	968	0
271857	235	188167	968	0
199884	235	188086	968	0
271424	235	188223	968	0
213739	235	188790	968	0
195832	235	188113	968	0
243170	106	220042	968	0
203122	235	190895	968	0
198225	235	192091	968	0
239425	235	206860	968	0
318976	235	188306	968	0
354212	235	188510	968	0
249032	235	188906	968	0
199881	235	191126	968	0
363325	235	190192	968	0
314477	235	245054	968	0
311320	235	188975	968	0
215290	235	188823	968	0
203100	235	191467	968	0
200756	235	189152	968	0
250166	235	188451	968	0
218756	235	188958	968	0
229420	106	219670	968	0
272160	235	190686	968	0
223829	235	201282	968	0
312263	235	188374	968	0
198315	235	193013	968	0
205555	235	188312	968	0
275906	235	188225	968	0
290774	235	188057	968	0
211383	235	190520	968	0
310536	235	192618	968	0
364013	37	191721	968	0
248009	235	188355	968	0
228017	235	190091	968	0
293238	235	188268	968	0
220316	235	189078	968	0
256620	235	188188	968	0
305215	235	188534	968	0
315739	235	188149	968	0
210872	235	189423	968	0
364083	235	214279	968	0
203802	235	189209	968	0
335085	235	194826	968	0
283803	235	191090	968	0
232525	235	188472	968	0
202412	235	189616	968	0
200496	235	189244	968	0
235255	235	188732	968	0
260194	235	188107	968	0
193068	267	321931	968	0
232681	235	190701	968	0
260880	235	189135	968	0
294465	235	188106	968	0
285267	235	189801	968	0
368275	235	188853	968	0
337057	235	188255	968	0
242246	235	188648	968	0
298630	235	188493	968	0
338651	235	188486	968	0
198018	235	189156	968	0
237045	235	190215	968	0
266698	235	189468	968	0
271547	235	188149	968	0
325597	235	188492	968	0
202687	235	188157	968	0
284669	235	197564	968	0
211251	235	189264	968	0
270602	235	190833	968	0
197352	235	188507	968	0
296135	235	188306	968	0
291072	235	209220	968	0
256628	235	194114	968	0
270801	235	190509	968	0
236990	235	198177	968	0
214752	235	189097	968	0
239578	235	220018	968	0
229690	235	188450	968	0
239249	235	190304	968	0
190889	267	257234	968	0
198708	235	190381	968	0
210251	235	189125	968	0
317599	235	188189	968	0
199299	235	195149	968	0
223370	235	188745	968	0
200690	235	189077	968	0
339946	235	188706	968	0
227248	235	191487	968	0
205336	235	188505	968	0
255393	235	189801	968	0
202933	235	189352	968	0
335978	235	188432	968	0
223758	235	188011	968	0
274243	235	189057	968	0
248707	235	188188	968	0
277767	235	225446	968	0
190918	245	282956	968	0
253971	235	188655	968	0
267847	235	188270	968	0
262895	235	188660	968	0
260631	235	189741	968	0
194145	235	193744	968	0
275106	235	191291	968	0
212529	235	188038	968	0
312521	235	188635	968	0
231053	235	188472	968	0
314420	235	188432	968	0
249001	235	188668	968	0
323026	235	192413	968	0
236828	235	188744	968	0
223732	235	188630	968	0
193002	235	191032	968	0
306086	235	188856	968	0
191861	235	193077	968	0
216144	235	188052	968	0
207868	235	188161	968	0
292707	235	188038	968	0
205240	106	192519	968	0
197549	235	188638	968	0
233153	47	286609	968	0
206033	235	188043	968	0
198283	235	189705	968	0
342284	49	188380	968	0
215718	235	189714	968	0
202710	235	191643	968	0
231841	235	192230	968	0
225714	273	250984	968	0
287669	235	188234	968	0
204997	235	191737	968	0
273907	235	189269	968	0
276555	235	189907	968	0
291694	235	348690	968	0
260009	235	194003	968	0
271619	235	188904	968	0
321709	235	190054	968	0
222239	235	188078	968	0
212797	235	191305	968	0
204121	235	188829	968	0
238884	235	190351	968	0
206469	235	189444	968	0
198339	235	188096	968	0
222627	235	191602	968	0
282468	235	228837	968	0
201472	235	190665	968	0
324920	235	190358	968	0
225347	235	188188	968	0
220976	235	190803	968	0
218068	235	228346	968	0
227819	235	189422	968	0
216142	235	192214	968	0
233110	235	188229	968	0
342257	235	289077	968	0
220374	235	188951	968	0
274310	235	192261	968	0
223635	235	188248	968	0
210912	235	188355	968	0
210487	235	191462	968	0
213710	235	192142	968	0
242116	235	188149	968	0
252018	235	189197	968	0
290780	235	188783	968	0
194562	235	198656	968	0
223058	235	189104	968	0
264406	235	188249	968	0
276281	235	204766	968	0
263037	235	189157	968	0
229855	235	188609	968	0
305378	235	189316	968	0
253846	235	188243	968	0
293238	235	189007	968	0
222923	235	188951	968	0
287615	235	188472	968	0
267087	235	217886	968	0
229525	235	189441	968	0
194549	235	193111	968	0
218229	235	188168	968	0
200998	235	192463	968	0
331495	235	189872	968	0
300250	235	191918	968	0
280531	235	189596	968	0
231525	289	308694	968	0
275381	235	190146	968	0
235636	235	197721	968	0
206905	235	189036	968	0
286798	235	189801	968	0
263695	235	190133	968	0
215165	235	188856	968	0
201119	235	189531	968	0
216881	235	197277	968	0
282807	235	188573	968	0
234734	235	189118	968	0
234410	235	191849	968	0
284293	235	188971	968	0
234855	235	190303	968	0
367024	235	188368	968	0
212943	235	188063	968	0
266604	235	188193	968	0
274243	235	188497	968	0
202995	235	188086	968	0
200078	235	190280	968	0
270908	235	191340	968	0
285918	235	188450	968	0
208835	235	188485	968	0
266198	235	190126	968	0
272553	235	188874	968	0
273240	235	188400	968	0
281152	235	189938	968	0
280774	235	188294	968	0
311207	235	191859	968	0
223648	235	199444	968	0
203001	235	188193	968	0
226465	235	188085	968	0
325510	235	188154	968	0
196365	235	188357	968	0
227605	235	192756	968	0
287566	235	188358	968	0
209041	235	188166	968	0
202265	235	189039	968	0
189802	106	336781	968	0
223212	235	188047	968	0
223156	235	188565	968	0
212674	235	219979	968	0
297568	235	189110	968	0
216428	235	188197	968	0
252652	235	191144	968	0
209560	235	189194	968	0
237389	235	282704	968	0
209590	235	205877	968	0
270521	235	190961	968	0
276428	235	188042	968	0
193902	235	188085	968	0
313968	235	192180	968	0
217397	235	189126	968	0
237626	235	188387	968	0
276877	235	189515	968	0
212090	235	188018	968	0
243325	235	190065	968	0
298944	235	200908	968	0
210899	235	198544	968	0
318583	235	188510	968	0
248270	235	190675	968	0
274426	235	191650	968	0
230782	235	257172	968	0
244780	235	188677	968	0
254484	235	188517	968	0
199291	235	188200	968	0
207808	235	188385	968	0
219173	235	188533	968	0
229409	235	188005	968	0
262265	235	193049	968	0
339110	235	189666	968	0
234231	235	188122	968	0
206919	235	190443	968	0
241077	235	189555	968	0
251414	235	188415	968	0
249965	235	188111	968	0
245360	235	194505	968	0
209340	235	190386	968	0
195949	106	333547	968	0
269616	235	188879	968	0
232527	235	189824	968	0
203118	235	189152	968	0
339921	235	189169	968	0
225814	235	192051	968	0
292087	235	189287	968	0
271601	235	188355	968	0
211385	235	190525	968	0
250837	235	190145	968	0
324331	235	189264	968	0
209206	235	193342	968	0
225682	235	188569	968	0
289134	235	201767	968	0
280625	235	189229	968	0
327295	235	189619	968	0
229208	289	236019	968	0
324102	235	189034	968	0
293283	235	189619	968	0
204308	235	189741	968	0
234977	235	188948	968	0
310539	235	188975	968	0
254804	235	189885	968	0
280902	235	230857	968	0
305894	235	219783	968	0
214914	235	188034	968	0
193007	235	203759	968	0
256726	235	189114	968	0
228167	235	191086	968	0
351510	235	200324	968	0
214158	235	190916	968	0
253775	235	188399	968	0
365971	235	246065	968	0
282988	235	189740	968	0
190093	106	252435	968	0
262980	235	188254	968	0
282236	235	189055	968	0
299540	235	197113	968	0
315079	235	188400	968	0
200937	235	188163	968	0
267142	235	188310	968	0
265957	262	286440	968	0
249187	235	189702	968	0
298857	235	188036	968	0
263968	235	188179	968	0
342333	235	212287	968	0
222242	235	189186	968	0
193109	235	194394	968	0
206184	235	188946	968	0
246244	235	202604	968	0
199036	235	188079	968	0
198797	235	188399	968	0
211453	235	188936	968	0
270925	235	188240	968	0
327101	235	189283	968	0
207785	235	188096	968	0
193348	235	189470	968	0
279635	235	199285	968	0
258288	235	190090	968	0
278818	235	189629	968	0
245165	235	194750	968	0
188287	254	244215	968	0
215630	235	192158	968	0
197511	235	196546	968	0
256813	235	189257	968	0
280718	235	188255	968	0
308343	235	188582	968	0
292313	235	188541	968	0
199575	235	188316	968	0
314057	235	189001	968	0
259277	235	188980	968	0
188233	267	251661	968	0
292729	235	188265	968	0
262750	235	188795	968	0
188926	267	315946	968	0
199764	235	188489	968	0
293813	235	189410	968	0
205338	235	190250	968	0
310944	34	231506	968	0
244947	235	188458	968	0
200763	235	192230	968	0
296381	235	256693	968	0
201719	289	193016	968	0
247116	235	209539	968	0
222382	106	190093	968	0
207927	235	188451	968	0
251782	290	187987	968	0
191656	254	299319	968	0
296820	235	188265	968	0
235631	235	188382	968	0
269107	235	195623	968	0
305269	235	188562	968	0
192277	106	229420	968	0
217058	235	192158	968	0
298318	235	188460	968	0
228547	235	189652	968	0
340945	235	245054	968	0
219687	235	191112	968	0
205574	235	188491	968	0
263029	235	188507	968	0
207046	235	188162	968	0
205544	289	251970	968	0
250971	235	188223	968	0
193516	235	188098	968	0
285502	235	189466	968	0
188981	239	226053	968	0
258209	235	188093	968	0
225418	235	189390	968	0
242662	235	188564	968	0
259482	235	189311	968	0
221422	235	274766	968	0
190036	106	187991	968	0
211774	235	188569	968	0
306923	235	188241	968	0
306171	235	189395	968	0
229420	106	196143	968	0
305835	235	188140	968	0
243551	235	188163	968	0
303800	235	190563	968	0
231100	235	190864	968	0
202623	235	190169	968	0
315451	235	189357	968	0
270317	235	188298	968	0
198074	235	188635	968	0
339598	235	188987	968	0
324019	235	188243	968	0
241418	235	189766	968	0
197559	235	188806	968	0
213091	235	188240	968	0
293397	235	188468	968	0
311831	235	189009	968	0
284110	235	188890	968	0
288987	235	188378	968	0
328777	235	300236	968	0
217029	235	188655	968	0
196000	235	189013	968	0
197367	235	189419	968	0
301742	262	192539	968	0
230879	235	188082	968	0
277227	235	206441	968	0
196896	235	188044	968	0
317287	235	189938	968	0
242511	235	188415	968	0
194296	254	277364	968	0
217703	235	188063	968	0
303800	235	189252	968	0
279224	235	188874	968	0
213367	235	265857	968	0
268333	235	189629	968	0
202218	235	188263	968	0
271161	235	189452	968	0
252040	235	188440	968	0
285011	235	190090	968	0
200600	235	188382	968	0
276183	235	188158	968	0
267842	235	205350	968	0
209807	235	191406	968	0
304363	235	189756	968	0
237119	235	188830	968	0
284106	235	188355	968	0
258445	235	191193	968	0
245150	235	189135	968	0
247137	235	188742	968	0
251167	235	189718	968	0
234745	235	189237	968	0
204474	235	190612	968	0
257639	235	189775	968	0
313028	289	313029	968	0
239500	235	189358	968	0
207018	235	189355	968	0
232721	235	188291	968	0
277622	235	189529	968	0
283101	235	191090	968	0
293210	235	188227	968	0
314709	235	188096	968	0
249595	235	188179	968	0
218615	235	188010	968	0
197880	235	189740	968	0
198169	235	189265	968	0
258342	235	195452	968	0
216125	235	189055	968	0
213769	235	210241	968	0
336033	235	188398	968	0
262911	235	190782	968	0
305835	235	190789	968	0
288331	235	201767	968	0
235680	235	188966	968	0
275376	235	198544	968	0
232543	235	205973	968	0
217394	235	189975	968	0
278881	235	188406	968	0
317669	235	188416	968	0
316827	235	188668	968	0
204706	235	188133	968	0
289418	235	355821	968	0
201015	235	188316	968	0
318612	235	189062	968	0
202718	235	189921	968	0
283289	235	189119	968	0
280233	235	194439	968	0
194103	235	189145	968	0
190837	267	286493	968	0
237593	235	188529	968	0
216825	235	189919	968	0
334285	235	188490	968	0
228935	235	196020	968	0
355071	235	188009	968	0
285823	235	189316	968	0
290712	235	189086	968	0
215321	235	200346	968	0
256951	235	188294	968	0
214466	235	188681	968	0
295303	235	188856	968	0
298958	235	193630	968	0
191818	235	188839	968	0
211130	235	219713	968	0
210234	235	188020	968	0
207439	235	188201	968	0
214424	235	191354	968	0
332852	235	188709	968	0
323671	235	188782	968	0
253381	235	188522	968	0
196695	235	190772	968	0
298760	235	190616	968	0
246466	235	188210	968	0
297969	235	233063	968	0
297559	235	193822	968	0
226231	235	188893	968	0
236201	235	188421	968	0
208602	235	190149	968	0
305534	235	189849	968	0
241375	235	189770	968	0
289728	235	188704	968	0
337323	235	190443	968	0
203048	235	189524	968	0
199430	235	189352	968	0
281194	235	190681	968	0
301754	235	190192	968	0
272966	235	188249	968	0
237595	235	217765	968	0
302713	42	302589	968	0
272837	106	256834	968	0
291319	235	191090	968	0
189599	267	331552	968	0
238353	235	211756	968	0
216805	235	196485	968	0
300153	235	194439	968	0
206695	235	370135	968	0
237595	235	188342	968	0
305045	235	190244	968	0
256345	235	188770	968	0
194461	235	192502	968	0
264415	235	188573	968	0
226464	235	188337	968	0
282371	289	366439	968	0
220886	106	192200	968	0
215829	289	240182	968	0
323435	235	191594	968	0
217594	235	188856	968	0
278909	235	188426	968	0
212186	235	188085	968	0
282346	235	189652	968	0
333795	235	190619	968	0
269402	235	190852	968	0
267655	235	211090	968	0
295263	235	188074	968	0
322511	235	188609	968	0
287980	235	188494	968	0
243582	235	204766	968	0
217633	235	188710	968	0
239944	235	191966	968	0
215354	235	188446	968	0
308848	235	189137	968	0
225351	235	188003	968	0
214184	235	189863	968	0
270925	235	189488	968	0
359231	235	194410	968	0
239677	235	193123	968	0
344675	235	188474	968	0
255728	235	189587	968	0
204271	235	188529	968	0
237630	235	188211	968	0
323752	235	188713	968	0
274722	235	188430	968	0
197871	235	190023	968	0
293439	235	188983	968	0
291150	235	189496	968	0
227814	235	189362	968	0
196174	235	188875	968	0
270506	235	247840	968	0
272624	235	189801	968	0
214882	235	189362	968	0
255188	235	188665	968	0
191620	106	192440	968	0
335040	235	189217	968	0
282019	235	244974	968	0
244602	235	188254	968	0
273632	235	188999	968	0
265206	235	188879	968	0
273089	235	188741	968	0
210722	106	224062	968	0
287833	235	188120	968	0
343945	235	188554	968	0
262980	235	196401	968	0
204052	235	189389	968	0
206779	235	258810	968	0
229375	235	188827	968	0
207159	235	188445	968	0
197709	235	195846	968	0
232924	235	190261	968	0
303576	235	191851	968	0
370515	235	190538	968	0
298073	235	191406	968	0
305675	235	243031	968	0
216500	235	194314	968	0
214166	235	189291	968	0
335483	235	189587	968	0
330298	235	328480	968	0
197712	235	188058	968	0
306957	235	192538	968	0
203234	235	189468	968	0
229338	235	188753	968	0
293484	235	188093	968	0
312485	235	189801	968	0
228224	235	191303	968	0
280046	235	188294	968	0
302656	235	188822	968	0
296361	235	224170	968	0
303503	235	188166	968	0
198479	235	193393	968	0
329099	235	189619	968	0
243489	235	188134	968	0
220002	235	188001	968	0
247854	235	189550	968	0
211552	235	188747	968	0
301629	235	188976	968	0
340386	245	343000	968	0
294101	235	189195	968	0
230553	235	188215	968	0
226585	235	188122	968	0
199483	235	190250	968	0
211409	235	196051	968	0
329453	235	188695	968	0
203859	235	190269	968	0
232650	235	191067	968	0
202639	235	190971	968	0
277644	235	188059	968	0
214076	235	198484	968	0
287379	235	188260	968	0
343924	47	361913	968	0
305335	61	189489	968	0
263015	235	188357	968	0
294588	235	188782	968	0
297997	235	189542	968	0
212344	235	188520	968	0
262583	235	236847	968	0
307898	235	191218	968	0
218066	235	256783	968	0
207581	235	189403	968	0
219560	235	188040	968	0
207741	235	188128	968	0
352466	273	203356	968	0
262563	235	190796	968	0
324823	235	188573	968	0
264727	235	212222	968	0
242525	235	189513	968	0
218466	235	212222	968	0
214317	235	208543	968	0
269537	235	188987	968	0
276014	235	190950	968	0
195989	235	189492	968	0
250788	235	189387	968	0
366439	289	282371	968	0
289147	235	188655	968	0
201212	235	189423	968	0
198204	235	189352	968	0
269223	235	190264	968	0
190637	290	188080	968	0
259465	235	188847	968	0
202709	235	189826	968	0
283980	235	188239	968	0
274402	235	190009	968	0
278902	235	191152	968	0
207183	235	190276	968	0
212357	235	188439	968	0
229722	235	188254	968	0
218727	235	188733	968	0
272310	235	206227	968	0
223175	235	189123	968	0
281953	235	192744	968	0
201829	235	188688	968	0
211879	235	191463	968	0
241362	235	188961	968	0
198300	235	190072	968	0
292566	235	189362	968	0
231171	235	189741	968	0
187991	106	190036	968	0
326015	235	189164	968	0
318147	235	189182	968	0
312499	235	190186	968	0
262992	235	191637	968	0
268141	235	222276	968	0
234451	235	189299	968	0
287344	235	204769	968	0
313835	235	213011	968	0
260093	235	197564	968	0
231100	235	200257	968	0
292965	235	190330	968	0
198790	235	189441	968	0
300194	235	194593	968	0
276138	235	189013	968	0
237123	235	188321	968	0
284965	235	201755	968	0
211667	235	252614	968	0
218471	262	331470	968	0
289434	235	188088	968	0
200010	235	190127	968	0
255178	235	368987	968	0
203316	235	189148	968	0
301228	235	188254	968	0
289472	273	213780	968	0
289373	235	254444	968	0
213845	235	188043	968	0
285823	235	188713	968	0
248038	235	193723	968	0
224619	235	188166	968	0
249806	235	189164	968	0
372306	235	189374	968	0
208680	235	188657	968	0
316155	235	190443	968	0
226352	235	193039	968	0
276603	235	196546	968	0
194453	235	192225	968	0
221477	235	189471	968	0
265854	235	188704	968	0
320183	235	188421	968	0
222028	235	188663	968	0
310497	262	294859	968	0
271420	235	188904	968	0
210224	235	190285	968	0
238211	235	188444	968	0
215979	235	188355	968	0
337098	235	188232	968	0
255784	235	257026	968	0
274316	235	200335	968	0
250800	235	188053	968	0
318297	235	188183	968	0
222884	235	189114	968	0
230170	235	189935	968	0
287570	235	188168	968	0
286830	235	190619	968	0
271712	235	190090	968	0
288981	235	188239	968	0
200410	235	190612	968	0
209175	235	189885	968	0
304415	235	190833	968	0
194839	235	189148	968	0
291862	235	188145	968	0
216790	235	189815	968	0
224455	235	190011	968	0
310079	235	357237	968	0
312973	235	188282	968	0
215304	235	188558	968	0
340344	235	191144	968	0
204516	235	190825	968	0
206874	235	188774	968	0
239188	235	190795	968	0
276305	235	188296	968	0
295612	235	188122	968	0
289740	235	188856	968	0
282596	235	196341	968	0
266570	235	188388	968	0
294865	235	188355	968	0
259424	235	188415	968	0
200603	235	188237	968	0
216459	235	188870	968	0
285266	235	188582	968	0
216043	235	190572	968	0
268838	235	188039	968	0
217882	235	188585	968	0
272299	235	189980	968	0
339441	235	357237	968	0
322146	235	188522	968	0
312136	235	188509	968	0
312944	235	191351	968	0
262713	235	193426	968	0
222428	235	188929	968	0
252490	235	188073	968	0
291651	235	188670	968	0
220005	235	189550	968	0
340280	235	189062	968	0
306301	235	190551	968	0
251692	235	191360	968	0
235128	235	190395	968	0
305193	235	193496	968	0
228547	235	188149	968	0
318353	235	190466	968	0
209972	235	190057	968	0
281914	235	254377	968	0
302332	235	188228	968	0
296525	235	188758	968	0
215074	235	196436	968	0
359053	235	188796	968	0
231014	235	188163	968	0
284818	235	189453	968	0
294007	235	190112	968	0
210409	235	189376	968	0
218400	235	188039	968	0
294028	235	191778	968	0
230085	235	189924	968	0
194008	235	197738	968	0
222055	235	188437	968	0
218220	235	195378	968	0
304711	235	189695	968	0
318224	235	188415	968	0
249633	235	188070	968	0
208418	235	188543	968	0
250381	235	191785	968	0
234308	235	192100	968	0
254898	235	190796	968	0
272624	235	192192	968	0
280908	235	189885	968	0
280122	235	212695	968	0
207929	235	191731	968	0
211678	235	191063	968	0
242311	235	188032	968	0
198797	235	188437	968	0
226870	235	188756	968	0
229124	235	188042	968	0
256464	235	189642	968	0
339598	235	188031	968	0
283803	235	189849	968	0
328625	235	219031	968	0
312769	235	189319	968	0
296135	235	189604	968	0
200382	235	189145	968	0
282132	235	189652	968	0
291423	235	192744	968	0
218551	235	193981	968	0
315430	235	188358	968	0
202113	235	193466	968	0
294630	235	191626	968	0
237532	235	190642	968	0
301811	235	189991	968	0
230323	235	188331	968	0
307001	235	188119	968	0
223939	235	189929	968	0
258221	235	189015	968	0
244498	235	188507	968	0
371226	235	190385	968	0
227799	235	188944	968	0
232659	235	188261	968	0
279813	235	188713	968	0
245217	235	190679	968	0
312916	235	206693	968	0
232093	235	188907	968	0
305697	235	188941	968	0
226241	235	200346	968	0
206000	235	188161	968	0
236219	235	188688	968	0
229006	235	190055	968	0
337781	235	190152	968	0
328480	233	349273	968	0
246187	235	188583	968	0
261141	235	193152	968	0
236238	235	192611	968	0
239978	235	224019	968	0
201738	235	191152	968	0
237599	235	188142	968	0
189414	106	188571	968	0
188632	254	225038	968	0
196505	235	191920	968	0
260386	235	188032	968	0
219848	235	192751	968	0
252537	235	190695	968	0
196811	235	188710	968	0
226613	235	216295	968	0
363003	235	195479	968	0
308551	235	188399	968	0
312916	235	188987	968	0
273712	235	188843	968	0
263826	235	189229	968	0
248685	235	194599	968	0
306010	235	188727	968	0
219481	235	188485	968	0
201886	235	189734	968	0
278140	235	190959	968	0
297242	235	188027	968	0
240597	235	189499	968	0
288844	235	188464	968	0
211722	235	191233	968	0
223460	235	188023	968	0
296019	235	188510	968	0
247777	235	189945	968	0
293721	235	190028	968	0
224968	235	188468	968	0
205026	235	188624	968	0
221880	235	190891	968	0
214362	235	189252	968	0
288790	235	188887	968	0
319739	235	189046	968	0
228652	235	220018	968	0
200533	235	192756	968	0
215119	235	191434	968	0
339210	235	201693	968	0
206042	235	188479	968	0
270695	235	191637	968	0
222316	235	189741	968	0
259465	235	188756	968	0
193815	262	324297	968	0
219670	106	229420	968	0
275004	235	188458	968	0
198710	235	235662	968	0
215005	235	189747	968	0
209132	235	188239	968	0
202862	235	189395	968	0
233037	235	189652	968	0
218641	235	193822	968	0
287939	235	191291	968	0
206974	235	188223	968	0
256332	235	189582	968	0
206295	106	193749	968	0
212705	235	191143	968	0
285275	235	188997	968	0
282126	235	188254	968	0
239103	235	192735	968	0
242211	235	188201	968	0
266015	235	188241	968	0
312782	235	189122	968	0
210006	235	190153	968	0
306080	235	190888	968	0
211980	235	191086	968	0
251906	235	188830	968	0
203311	235	190585	968	0
263661	235	191601	968	0
210329	235	188152	968	0
243990	235	368384	968	0
197144	235	203079	968	0
226168	235	216849	968	0
301711	235	188527	968	0
299311	235	189180	968	0
260631	235	188680	968	0
309487	235	188282	968	0
221557	235	189369	968	0
311831	235	189046	968	0
196994	235	188546	968	0
283139	235	188707	968	0
216613	235	253415	968	0
275164	235	188660	968	0
216571	235	205820	968	0
215744	235	191593	968	0
227198	235	189408	968	0
209860	235	191928	968	0
224439	235	188047	968	0
219453	235	188031	968	0
207574	235	188210	968	0
196960	235	188210	968	0
264919	235	252938	968	0
230601	235	189721	968	0
262750	235	188375	968	0
273875	235	188063	968	0
244770	235	188562	968	0
200662	235	188016	968	0
197809	235	189819	968	0
258008	235	188171	968	0
198500	235	188677	968	0
260088	235	189846	968	0
277016	235	188837	968	0
284568	235	190115	968	0
211141	235	216560	968	0
203461	235	188561	968	0
258228	235	188879	968	0
204692	235	188018	968	0
204282	235	192751	968	0
363378	239	339907	968	0
215314	235	189018	968	0
307295	235	188037	968	0
250624	235	188037	968	0
291839	235	188042	968	0
276987	235	188067	968	0
315582	235	188506	968	0
286178	235	188305	968	0
288020	235	190954	968	0
213248	235	190771	968	0
237542	235	193985	968	0
223703	235	195980	968	0
212751	235	189230	968	0
201129	235	188506	968	0
292699	235	191067	968	0
218776	235	188009	968	0
232345	235	190367	968	0
280305	235	188123	968	0
251970	289	205544	968	0
304206	235	189555	968	0
240976	235	188237	968	0
269079	235	195785	968	0
214115	235	189143	968	0
236764	235	188312	968	0
212491	235	190382	968	0
342698	235	190681	968	0
207157	235	191106	968	0
333193	235	188527	968	0
283476	235	188223	968	0
351531	235	243661	968	0
225148	235	191420	968	0
274621	235	189357	968	0
228864	235	188983	968	0
305694	235	188003	968	0
210016	235	188450	968	0
257792	235	191123	968	0
276336	235	192739	968	0
193583	235	188941	968	0
246582	235	191475	968	0
224754	235	188291	968	0
290880	106	200540	968	0
194785	235	191269	968	0
214838	235	188997	968	0
287605	235	193950	968	0
371784	235	203468	968	0
263559	235	189801	968	0
236398	235	188011	968	0
298294	235	188510	968	0
237768	235	189689	968	0
214519	235	188055	968	0
252435	106	190093	968	0
199977	235	189443	968	0
259750	235	189278	968	0
199831	235	189372	968	0
205332	235	193393	968	0
283126	235	189137	968	0
297642	235	188375	968	0
245937	235	238077	968	0
250442	235	190542	968	0
227062	235	229820	968	0
211295	235	189520	968	0
305335	257	295435	968	0
251131	235	188485	968	0
214604	235	191351	968	0
217329	235	191917	968	0
346728	290	188548	968	0
299600	37	187992	968	0
257832	235	188828	968	0
294676	235	188032	968	0
251943	235	188847	968	0
225020	235	189466	968	0
243119	235	190672	968	0
223887	235	189140	968	0
312090	235	212222	968	0
294175	235	227218	968	0
236818	235	188143	968	0
305968	235	191105	968	0
218126	235	227218	968	0
246414	235	188444	968	0
359710	235	188178	968	0
234723	235	198667	968	0
245445	235	188662	968	0
238398	235	188143	968	0
282317	235	188143	968	0
267094	235	188330	968	0
194444	235	188089	968	0
197488	235	188043	968	0
356556	235	191144	968	0
269582	235	188559	968	0
320403	235	188796	968	0
322514	235	214279	968	0
239036	235	188341	968	0
220131	235	188039	968	0
239686	273	187995	968	0
196143	106	229420	968	0
197911	235	189001	968	0
194929	235	192219	968	0
224776	235	188940	968	0
199457	235	191322	968	0
272688	235	188472	968	0
201720	235	188370	968	0
272061	235	189742	968	0
275401	235	188404	968	0
317826	235	242477	968	0
257572	235	189033	968	0
285301	235	193046	968	0
261693	235	189194	968	0
219698	235	190113	968	0
191021	233	368955	968	0
201571	235	190900	968	0
220231	235	188139	968	0
194091	106	248272	968	0
292477	235	192362	968	0
316712	235	188853	968	0
204896	235	188304	968	0
277441	235	189885	968	0
233147	235	189466	968	0
311732	235	355821	968	0
203643	235	188096	968	0
241320	235	189035	968	0
264406	235	188690	968	0
256060	235	188743	968	0
271423	235	189769	968	0
294644	235	222276	968	0
236421	235	189303	968	0
255377	235	309419	968	0
276931	235	188941	968	0
228882	235	188110	968	0
197044	235	188200	968	0
301119	235	189085	968	0
206378	235	189741	968	0
319594	235	188228	968	0
279961	235	189616	968	0
195083	235	210844	968	0
235798	235	188792	968	0
277985	235	246131	968	0
340912	235	214279	968	0
244475	235	188284	968	0
276102	235	189068	968	0
226988	235	188209	968	0
253131	235	188082	968	0
227011	42	188630	968	0
197315	235	188345	968	0
206941	235	193212	968	0
223066	235	188502	968	0
207137	235	189218	968	0
366299	242	336678	968	0
262950	235	190066	968	0
206496	235	196900	968	0
297459	235	188690	968	0
209620	235	188573	968	0
222556	235	190864	968	0
218500	235	188225	968	0
264414	235	191687	968	0
244382	235	188694	968	0
344421	235	189695	968	0
199615	235	188056	968	0
301330	235	212472	968	0
230213	235	194750	968	0
244548	235	190330	968	0
214740	235	188285	968	0
323035	235	191471	968	0
208466	235	189395	968	0
255100	235	190564	968	0
226304	235	192139	968	0
192178	235	188290	968	0
227371	235	189344	968	0
208487	235	196546	968	0
265983	235	189641	968	0
264240	235	189319	968	0
239575	235	188047	968	0
259281	235	197321	968	0
238475	235	189734	968	0
276555	235	188479	968	0
304867	235	188557	968	0
291654	235	246065	968	0
212625	235	188031	968	0
303969	235	188782	968	0
267028	235	206620	968	0
278096	235	188260	968	0
195899	235	189952	968	0
258454	235	188218	968	0
254096	235	275068	968	0
288509	235	188830	968	0
205516	235	188256	968	0
208586	47	363191	968	0
370591	235	189033	968	0
370515	235	188665	968	0
196258	235	194080	968	0
239950	235	190271	968	0
340931	235	212222	968	0
242750	235	208349	968	0
282668	235	188534	968	0
200540	106	290880	968	0
193627	235	192738	968	0
295767	235	188337	968	0
189213	267	267897	968	0
271911	235	202985	968	0
204798	235	188830	968	0
202234	235	188728	968	0
281727	235	189159	968	0
204645	235	189240	968	0
283777	235	296603	968	0
311377	235	191067	968	0
210827	235	188146	968	0
326825	235	193745	968	0
261298	235	190317	968	0
334818	235	188232	968	0
301811	235	195205	968	0
254647	235	192139	968	0
221229	235	188488	968	0
210221	235	193057	968	0
261421	235	188406	968	0
203453	235	262099	968	0
246938	235	188018	968	0
306053	235	191152	968	0
194814	235	229820	968	0
293899	235	188665	968	0
206376	235	190069	968	0
226754	235	188027	968	0
275615	235	190595	968	0
238484	235	188163	968	0
189439	267	276711	968	0
296240	235	189488	968	0
269115	235	189471	968	0
222072	235	189367	968	0
224692	235	189448	968	0
242808	235	194010	968	0
202013	235	190838	968	0
235841	235	188669	968	0
281784	235	226449	968	0
276129	235	189907	968	0
241639	235	188728	968	0
234795	235	189179	968	0
204837	235	188452	968	0
216828	235	188379	968	0
239100	290	187987	968	0
227471	235	188378	968	0
215580	235	213056	968	0
197259	235	188451	968	0
209501	235	188580	968	0
242754	235	190152	968	0
200084	235	190900	968	0
323671	235	190321	968	0
259546	235	263040	968	0
286887	235	189899	968	0
284782	235	189137	968	0
317060	101	187999	968	0
230785	235	191756	968	0
200215	235	191322	968	0
195364	235	190803	968	0
214653	235	190864	968	0
314926	235	189037	968	0
207511	235	191306	968	0
200175	235	189552	968	0
216015	235	188060	968	0
234410	235	190468	968	0
298939	235	188584	968	0
218830	235	189524	968	0
207324	235	188297	968	0
216922	235	189140	968	0
288703	235	188694	968	0
293548	235	189278	968	0
337725	235	188847	968	0
257177	235	189278	968	0
269369	235	192269	968	0
214913	235	188806	968	0
265202	235	188464	968	0
224775	235	193847	968	0
228164	235	188256	968	0
226954	106	188749	968	0
237703	235	188856	968	0
291529	235	188837	968	0
229550	235	189346	968	0
328708	235	188098	968	0
188177	254	196528	968	0
259203	235	198539	968	0
202948	235	210729	968	0
354296	235	194554	968	0
246395	235	188193	968	0
312180	235	189264	968	0
217275	235	189874	968	0
211672	235	188956	968	0
259359	235	188204	968	0
209183	235	190217	968	0
249984	235	189165	968	0
296071	235	189033	968	0
214754	235	190090	968	0
283636	235	189116	968	0
333577	235	189728	968	0
209052	235	201062	968	0
281749	235	189449	968	0
217062	235	193399	968	0
374892	235	189801	968	0
197280	235	191663	968	0
227222	235	188161	968	0
239448	235	188122	968	0
274566	235	188513	968	0
233171	235	188033	968	0
199711	235	189685	968	0
204334	235	188471	968	0
292936	235	190126	968	0
200684	235	188685	968	0
251639	235	189471	968	0
259014	235	188790	968	0
203586	235	188235	968	0
259792	235	189289	968	0
281804	235	188320	968	0
340476	235	188778	968	0
238783	235	188480	968	0
195697	235	188244	968	0
280746	235	197181	968	0
194897	235	216295	968	0
226088	235	188247	968	0
199810	235	188452	968	0
311209	235	188231	968	0
246137	235	189301	968	0
214853	235	194736	968	0
280124	235	188086	968	0
307968	235	188488	968	0
215514	235	216849	968	0
237981	235	188113	968	0
282104	235	189885	968	0
224659	235	188047	968	0
221212	235	229399	968	0
240701	235	189193	968	0
263664	235	188429	968	0
243596	235	188535	968	0
273942	235	188694	968	0
196660	235	188136	968	0
342257	235	188771	968	0
265568	235	188041	968	0
334975	235	189803	968	0
330062	235	188479	968	0
223738	235	188635	968	0
323583	235	191594	968	0
371605	106	205240	968	0
239787	235	188239	968	0
214773	235	188585	968	0
207757	235	188518	968	0
205595	235	191230	968	0
221707	235	194910	968	0
205240	106	371605	968	0
234638	235	240699	968	0
229512	235	189296	968	0
245523	235	190161	968	0
304414	235	193512	968	0
334799	278	373583	968	0
281528	235	188457	968	0
229433	273	273760	968	0
255714	235	188728	968	0
340754	235	188500	968	0
217266	235	189433	968	0
303576	235	189137	968	0
265113	235	190700	968	0
247702	235	189103	968	0
197913	235	189905	968	0
206787	235	189338	968	0
284256	235	189885	968	0
199168	235	188024	968	0
196598	235	188505	968	0
206247	235	190734	968	0
273228	235	188527	968	0
370247	235	189123	968	0
210958	235	189358	968	0
209642	235	188520	968	0
255361	235	190076	968	0
295308	235	199972	968	0
225101	235	188958	968	0
215299	235	188312	968	0
212691	235	188856	968	0
285396	235	189132	968	0
197622	235	191538	968	0
199413	235	189114	968	0
207801	235	193466	968	0
228815	235	188906	968	0
193016	289	201719	968	0
288840	235	189046	968	0
272872	235	188060	968	0
223158	235	191633	968	0
188322	254	225536	968	0
227889	235	195733	968	0
222473	235	190408	968	0
256215	235	188260	968	0
203193	235	198459	968	0
306639	235	189247	968	0
254689	235	189723	968	0
220033	235	190688	968	0
195984	235	190279	968	0
200199	235	188324	968	0
302655	235	334923	968	0
262093	235	190558	968	0
306853	235	188987	968	0
211890	235	188335	968	0
227648	235	218212	968	0
270285	235	188141	968	0
292070	273	368151	968	0
270286	235	189596	968	0
309432	235	188235	968	0
201998	235	188826	968	0
233439	235	188006	968	0
285534	235	190761	968	0
331930	235	188623	968	0
352282	235	189907	968	0
204760	106	190093	968	0
246062	235	189664	968	0
262967	235	188310	968	0
235294	235	197564	968	0
250710	235	198122	968	0
284912	235	188999	968	0
246082	235	188609	968	0
296807	235	188705	968	0
295400	235	188200	968	0
242066	235	188796	968	0
273474	235	189137	968	0
352903	235	188796	968	0
229420	106	202595	968	0
260703	235	188456	968	0
256834	106	272837	968	0
250385	235	189626	968	0
196631	235	189224	968	0
265062	235	188690	968	0
305940	235	188514	968	0
210633	235	217700	968	0
228742	235	189102	968	0
267462	262	286828	968	0
221753	235	188819	968	0
224582	235	191206	968	0
192440	106	191620	968	0
255775	235	190900	968	0
320276	235	188522	968	0
221029	235	188635	968	0
234985	235	188097	968	0
286366	235	188268	968	0
229420	106	192277	968	0
294366	235	191418	968	0
211865	235	188495	968	0
283205	235	188130	968	0
217161	235	254201	968	0
221701	235	188183	968	0
213482	235	191846	968	0
250475	235	227218	968	0
208665	235	211400	968	0
279076	235	188445	968	0
195793	235	188259	968	0
297504	235	189278	968	0
244780	235	188255	968	0
216217	235	189279	968	0
209509	235	188471	968	0
224408	235	188502	968	0
283205	235	189037	968	0
285903	235	188690	968	0
218848	235	240699	968	0
264040	235	238377	968	0
215496	235	188451	968	0
274653	262	294859	968	0
272231	235	188207	968	0
317404	235	188585	968	0
211881	235	192268	968	0
281348	235	188635	968	0
260083	235	188452	968	0
266508	235	190377	968	0
311436	235	188585	968	0
243670	235	190115	968	0
324399	37	188080	968	0
218024	235	188538	968	0
263209	235	238356	968	0
272870	235	194910	968	0
204580	235	188310	968	0
297504	235	188513	968	0
242799	235	190196	968	0
209081	245	272036	968	0
223083	235	188727	968	0
246987	235	190443	968	0
316356	235	188837	968	0
313510	235	188381	968	0
196989	235	189352	968	0
363414	235	188665	968	0
242330	235	189730	968	0
297836	235	196793	968	0
262971	235	222767	968	0
211242	235	188218	968	0
311369	235	188406	968	0
215108	235	188037	968	0
263086	235	193399	968	0
224493	235	210415	968	0
207666	235	188609	968	0
194196	235	229820	968	0
219526	235	190964	968	0
222516	235	189407	968	0
282564	235	191230	968	0
308134	235	191060	968	0
203541	235	191487	968	0
288911	235	188450	968	0
227723	235	188123	968	0
204516	235	188929	968	0
219004	235	189134	968	0
188749	106	226954	968	0
245128	235	188471	968	0
248562	235	188997	968	0
219415	235	188713	968	0
368432	235	189283	968	0
280265	235	188741	968	0
208205	235	189600	968	0
203571	235	188837	968	0
209559	235	189471	968	0
295291	235	189289	968	0
209379	235	188307	968	0
233138	235	189106	968	0
301607	235	191851	968	0
228894	235	188030	968	0
291682	235	189085	968	0
335938	235	189697	968	0
205461	235	188518	968	0
340935	235	213391	968	0
214193	235	188959	968	0
296952	235	188756	968	0
297527	235	188019	968	0
190058	264	189206	968	0
202971	289	316676	968	0
248564	235	189582	968	0
356932	290	187994	968	0
192967	235	188164	968	0
244887	235	188414	968	0
307295	235	188011	968	0
280206	235	189695	968	0
272706	235	270266	968	0
342257	235	188492	968	0
292542	235	188393	968	0
323407	235	189319	968	0
305744	235	188143	968	0
286163	235	188111	968	0
196821	235	192487	968	0
297539	235	193638	968	0
241907	235	192566	968	0
263832	235	189798	968	0
217719	235	189389	968	0
295816	235	198441	968	0
196606	235	188254	968	0
205435	235	188371	968	0
270779	235	188404	968	0
298379	235	189780	968	0
227317	235	191463	968	0
287837	235	189034	968	0
283326	235	188578	968	0
330495	235	189369	968	0
258050	235	188444	968	0
279562	76	243538	968	0
229056	235	230302	968	0
222479	235	188225	968	0
238727	235	188060	968	0
243085	235	188027	968	0
293253	235	188033	968	0
249053	235	188314	968	0
231086	235	189741	968	0
232551	235	188703	968	0
214891	235	222685	968	0
213164	235	193466	968	0
298827	278	336688	968	0
297736	278	336688	968	0
278290	235	190795	968	0
288627	235	191793	968	0
204239	235	188040	968	0
217613	235	190934	968	0
212089	235	188009	968	0
271241	235	188444	968	0
291139	235	188527	968	0
287482	235	219227	968	0
305335	263	192664	968	0
242211	235	189033	968	0
268121	235	223847	968	0
302949	235	188665	968	0
315724	235	188707	968	0
198361	235	207894	968	0
271381	235	188364	968	0
252724	235	191275	968	0
302448	235	188335	968	0
275010	235	188209	968	0
363932	235	256950	968	0
212325	235	189563	968	0
210662	235	191928	968	0
219583	235	188001	968	0
201698	235	188037	968	0
278450	235	188457	968	0
242496	235	188146	968	0
264658	235	188720	968	0
312858	235	189907	968	0
308507	235	188355	968	0
302229	235	190466	968	0
264470	235	189042	968	0
239513	235	188510	968	0
195915	273	213780	968	0
325576	235	192261	968	0
320055	235	188189	968	0
291350	235	190749	968	0
315035	235	188260	968	0
318523	235	251160	968	0
337506	235	188486	968	0
246822	235	189177	968	0
203012	235	189552	968	0
249015	235	196436	968	0
359017	262	331470	968	0
221879	235	188436	968	0
287380	235	189541	968	0
286702	235	189264	968	0
194830	235	216849	968	0
243065	235	189767	968	0
371223	235	203468	968	0
263619	235	192340	968	0
207563	235	188175	968	0
286293	235	190619	968	0
304822	290	188548	968	0
235257	235	188979	968	0
264351	235	188042	968	0
224515	235	190169	968	0
355511	235	209342	968	0
267044	235	194100	968	0
294156	235	189835	968	0
244961	235	189738	968	0
244931	235	188907	968	0
227712	235	189488	968	0
205280	235	188918	968	0
258749	235	188833	968	0
242141	235	243660	968	0
187993	267	248695	968	0
192555	264	190349	968	0
221412	235	188565	968	0
230632	235	190055	968	0
255945	235	188001	968	0
215497	235	191308	968	0
259584	235	188087	968	0
268427	235	189643	968	0
247372	235	191966	968	0
314524	235	190251	968	0
298534	235	188430	968	0
209071	235	188382	968	0
209203	235	188017	968	0
198116	235	188018	968	0
213795	235	188350	968	0
298224	235	189054	968	0
214751	235	200788	968	0
230869	235	189240	968	0
298520	235	188856	968	0
264869	235	188503	968	0
211941	235	188519	968	0
302648	235	190862	968	0
246992	235	193123	968	0
241580	235	188472	968	0
265568	235	188127	968	0
328272	235	188143	968	0
282368	235	189180	968	0
335238	37	217724	968	0
262552	235	188355	968	0
291072	235	340195	968	0
283171	235	189381	968	0
298693	235	188471	968	0
223742	235	188592	968	0
276248	235	189931	968	0
221141	235	188728	968	0
242445	235	205350	968	0
226660	235	188497	968	0
220485	235	189186	968	0
230794	235	190443	968	0
196830	235	229517	968	0
213350	235	192248	968	0
292975	235	189165	968	0
301324	235	188492	968	0
214122	235	191602	968	0
305612	235	188005	968	0
255764	235	189885	968	0
195871	235	188039	968	0
218226	235	192607	968	0
197955	235	193840	968	0
280645	235	188962	968	0
304848	235	188635	968	0
281965	235	191792	968	0
193002	235	269306	968	0
293126	235	193652	968	0
218585	235	189884	968	0
217883	235	203199	968	0
200720	235	190373	968	0
241892	235	210161	968	0
256589	235	188535	968	0
236019	289	229208	968	0
233258	235	194835	968	0
202122	235	189194	968	0
335903	235	189201	968	0
286227	235	189664	968	0
326001	235	328480	968	0
259858	235	188384	968	0
273714	235	188457	968	0
311592	235	190223	968	0
279396	235	188782	968	0
211562	235	188016	968	0
254725	235	188713	968	0
343085	235	189013	968	0
269009	235	188128	968	0
212545	235	188416	968	0
201647	235	189588	968	0
231132	235	251160	968	0
291773	235	188663	968	0
218484	235	201062	968	0
336337	235	190934	968	0
359710	235	190464	968	0
278501	235	190679	968	0
330293	235	298841	968	0
230507	235	253876	968	0
287559	235	189546	968	0
210130	235	188410	968	0
243151	235	188783	968	0
215871	235	188410	968	0
264869	235	188204	968	0
278496	235	189622	968	0
198864	235	189642	968	0
255098	235	189530	968	0
214952	235	211835	968	0
245724	235	190298	968	0
189489	262	305335	968	0
246656	235	216660	968	0
277689	235	188458	968	0
204573	235	190113	968	0
284805	235	192613	968	0
208024	235	188003	968	0
282310	235	190673	968	0
243835	235	189114	968	0
318032	235	188402	968	0
367631	245	299319	968	0
225238	235	188229	968	0
285100	235	188171	968	0
197840	235	190020	968	0
214918	235	194736	968	0
220184	235	188147	968	0
245825	235	190899	968	0
351227	290	189489	968	0
203191	235	188310	968	0
279444	235	189583	968	0
194578	235	190381	968	0
211062	235	188355	968	0
275301	235	189319	968	0
220042	106	243170	968	0
335548	235	243661	968	0
267965	235	188535	968	0
239651	235	192254	968	0
361913	47	343924	968	0
218893	235	188996	968	0
228206	235	188381	968	0
230129	235	188615	968	0
269427	235	192550	968	0
304051	235	189283	968	0
265420	235	189449	968	0
372743	290	187987	968	0
202047	235	188524	968	0
300381	235	188157	968	0
357339	235	188312	968	0
214708	235	188193	968	0
341448	235	212811	968	0
304454	235	190313	968	0
247962	235	188312	968	0
225407	235	188021	968	0
215133	235	188310	968	0
202419	235	189087	968	0
223370	235	189033	968	0
259988	235	188355	968	0
316676	289	202971	968	0
223655	235	247397	968	0
190349	264	315744	968	0
268283	235	191990	968	0
206916	235	189262	968	0
227853	235	192710	968	0
230596	235	189411	968	0
197674	235	191063	968	0
287481	235	201315	968	0
205500	235	241914	968	0
223306	235	220590	968	0
212024	235	189895	968	0
219720	235	190646	968	0
248459	235	188019	968	0
212973	235	188021	968	0
312745	235	189788	968	0
318126	235	190833	968	0
373258	235	189577	968	0
288281	290	188159	968	0
254295	235	188666	968	0
313637	235	188038	968	0
212416	235	188747	968	0
286092	235	188983	968	0
228509	235	242557	968	0
271867	235	191467	968	0
293983	235	188640	968	0
204153	235	188355	968	0
207534	235	188616	968	0
320812	235	200324	968	0
283028	235	189629	968	0
227505	235	190529	968	0
265890	235	188584	968	0
335205	235	188232	968	0
282443	235	188822	968	0
240671	235	188429	968	0
305622	235	189811	968	0
252210	235	228507	968	0
225937	235	189193	968	0
209260	235	246131	968	0
217083	235	189158	968	0
215496	235	188399	968	0
275584	235	190373	968	0
209809	235	191020	968	0
212157	235	239620	968	0
221741	235	188118	968	0
211240	235	188517	968	0
246028	235	191467	968	0
262527	235	188198	968	0
307527	235	188032	968	0
190093	106	222382	968	0
200498	235	188122	968	0
237102	235	188070	968	0
210711	235	191230	968	0
198735	235	193698	968	0
314653	235	189640	968	0
283308	235	188979	968	0
207903	235	193015	968	0
264917	235	216120	968	0
206513	235	190701	968	0
221115	235	189528	968	0
288758	235	188180	968	0
311458	235	189098	968	0
259918	235	194242	968	0
218880	235	189358	968	0
288039	235	189641	968	0
248586	235	193744	968	0
241697	235	188510	968	0
338004	235	205224	968	0
239540	235	188055	968	0
266683	235	188545	968	0
206258	235	194544	968	0
296935	235	188936	968	0
268329	235	189499	968	0
342700	278	373583	968	0
200145	235	190533	968	0
216834	235	190795	968	0
273159	235	188064	968	0
204804	235	188076	968	0
287127	235	241309	968	0
271227	235	189097	968	0
201254	235	204552	968	0
189120	106	190293	968	0
357229	235	189046	968	0
266683	235	188960	968	0
257354	235	188366	968	0
254218	235	256882	968	0
262497	235	189065	968	0
217822	235	188036	968	0
259708	235	188355	968	0
278972	235	188260	968	0
208189	235	189524	968	0
343029	235	240699	968	0
253878	235	188480	968	0
336790	235	188253	968	0
226893	235	188896	968	0
236044	235	188472	968	0
209825	235	189179	968	0
210957	235	188924	968	0
213497	235	188262	968	0
306516	235	191954	968	0
235525	235	188119	968	0
295357	235	188355	968	0
282066	235	190113	968	0
231780	235	188705	968	0
253775	235	188437	968	0
202033	235	189273	968	0
216931	235	189446	968	0
270620	235	188782	968	0
271547	235	189652	968	0
272800	235	188694	968	0
209494	235	190087	968	0
328462	235	189746	968	0
248408	235	225167	968	0
219928	235	188918	968	0
200796	235	189762	968	0
193241	235	189055	968	0
254907	235	190594	968	0
232650	235	188510	968	0
275710	235	323729	968	0
206720	235	188042	968	0
231053	235	188218	968	0
349933	235	238592	968	0
285918	235	188122	968	0
249495	235	194910	968	0
215797	235	188065	968	0
293886	235	189319	968	0
233336	235	188979	968	0
282944	235	233063	968	0
209599	235	190724	968	0
234819	235	189015	968	0
292883	235	189048	968	0
236325	235	188740	968	0
263498	235	189543	968	0
272890	235	188440	968	0
278641	235	190509	968	0
371849	235	188426	968	0
316155	235	189587	968	0
204206	235	188904	968	0
232337	235	188621	968	0
283353	235	192545	968	0
314564	235	188599	968	0
288739	235	191312	968	0
277260	235	188023	968	0
358144	235	188207	968	0
223568	235	188900	968	0
255478	235	188731	968	0
203963	235	188072	968	0
286323	235	189790	968	0
285083	235	188255	968	0
197484	235	190123	968	0
203901	235	189108	968	0
205495	235	188677	968	0
230105	235	188722	968	0
229130	235	188141	968	0
261633	235	189180	968	0
196936	235	203377	968	0
319130	235	301631	968	0
287071	235	192751	968	0
270033	235	192496	968	0
214974	235	190101	968	0
230727	235	191888	968	0
241507	235	189077	968	0
312136	235	190321	968	0
331900	235	234316	968	0
204021	235	205194	968	0
283650	235	188088	968	0
349124	235	191125	968	0
279193	37	187992	968	0
227598	235	227504	968	0
210675	235	190195	968	0
296858	235	189036	968	0
271596	235	189930	968	0
268053	235	189650	968	0
250536	235	188214	968	0
364588	235	188665	968	0
263340	235	188041	968	0
214600	235	188193	968	0
227554	235	200701	968	0
209567	235	189849	968	0
206246	235	201701	968	0
205272	235	188038	968	0
248334	235	226489	968	0
239148	235	190298	968	0
190349	264	303191	968	0
259953	235	191193	968	0
342711	235	189728	968	0
255938	235	191163	968	0
289836	235	190957	968	0
250705	235	188485	968	0
232217	235	193810	968	0
232554	235	188171	968	0
335493	262	331470	968	0
302282	235	188450	968	0
243011	235	190161	968	0
307057	235	188418	968	0
346799	262	366868	968	0
193112	235	192974	968	0
297193	235	188128	968	0
288106	235	188704	968	0
230763	235	196160	968	0
317687	235	189224	968	0
280478	235	197498	968	0
307006	235	189741	968	0
194680	235	188001	968	0
224843	235	188141	968	0
205094	235	188406	968	0
236380	235	188207	968	0
283596	235	188379	968	0
206355	235	190675	968	0
280411	235	189283	968	0
209996	235	194558	968	0
220435	235	189403	968	0
230918	235	188940	968	0
215790	235	190298	968	0
325797	235	189515	968	0
313029	289	313028	968	0
195908	235	190616	968	0
313822	235	188456	968	0
209648	235	188790	968	0
288039	235	196401	968	0
188857	245	234017	968	0
254691	235	188076	968	0
285823	235	188154	968	0
240439	235	199161	968	0
291040	235	188535	968	0
258563	235	188294	968	0
336781	106	189802	968	0
208522	235	189872	968	0
204197	235	190740	968	0
224338	235	188038	968	0
290838	235	362425	968	0
235382	235	189259	968	0
321103	235	192413	968	0
354212	235	189587	968	0
202083	235	188992	968	0
263993	235	188058	968	0
302554	235	191060	968	0
358994	235	188207	968	0
205240	106	194091	968	0
196466	235	190598	968	0
318615	235	263782	968	0
226134	235	196813	968	0
226232	235	195424	968	0
197063	235	190351	968	0
290162	292	350370	968	0
294919	235	189311	968	0
294695	235	188028	968	0
342835	235	189530	968	0
239897	235	188197	968	0
279828	235	195737	968	0
266124	235	188373	968	0
197488	235	188016	968	0
245262	235	190147	968	0
259642	235	189466	968	0
325891	235	188050	968	0
214272	235	189062	968	0
229556	235	188574	968	0
325259	235	188399	968	0
206058	235	190057	968	0
292958	235	188562	968	0
291578	235	188379	968	0
287669	235	189817	968	0
209582	235	188929	968	0
275215	235	190113	968	0
232676	235	194558	968	0
240918	235	188014	968	0
225740	262	331470	968	0
277607	235	189563	968	0
305534	235	191090	968	0
193305	235	190398	968	0
209637	235	188034	968	0
200534	235	188291	968	0
240445	235	190957	968	0
204154	235	190499	968	0
350338	235	188201	968	0
247753	235	189131	968	0
245967	235	188350	968	0
271929	235	191847	968	0
205756	235	188812	968	0
200211	235	188323	968	0
280634	235	189484	968	0
240901	235	189725	968	0
196010	235	188043	968	0
251704	235	188421	968	0
304431	235	188060	968	0
231585	235	189471	968	0
216786	235	193111	968	0
209213	235	188393	968	0
195180	235	189520	968	0
262934	235	189681	968	0
261698	235	190402	968	0
207353	235	189408	968	0
329902	235	238592	968	0
219078	235	188382	968	0
239961	235	188382	968	0
274083	235	188355	968	0
337340	235	214279	968	0
329252	235	188355	968	0
304625	235	188183	968	0
209904	235	188052	968	0
270602	235	188727	968	0
296364	235	197564	968	0
263296	235	191303	968	0
215707	235	188837	968	0
231983	235	189886	968	0
302537	235	188527	968	0
290149	235	247397	968	0
281281	235	188444	968	0
199378	235	189150	968	0
354713	235	191045	968	0
214577	235	188999	968	0
250677	235	336252	968	0
349937	235	189110	968	0
314879	235	188590	968	0
324586	235	188585	968	0
369222	235	193179	968	0
313353	235	189930	968	0
204971	235	188906	968	0
204026	235	188402	968	0
285964	235	189398	968	0
204259	235	189237	968	0
340539	235	190761	968	0
199446	235	189699	968	0
213630	235	188211	968	0
210124	235	188047	968	0
287821	235	189455	968	0
205240	106	190582	968	0
237324	235	189924	968	0
290185	235	188182	968	0
283080	235	193150	968	0
232404	235	244941	968	0
226427	235	195473	968	0
259502	235	188451	968	0
366594	235	188918	968	0
231078	235	189614	968	0
348555	235	190681	968	0
341151	235	189587	968	0
325028	235	188161	968	0
212848	235	188774	968	0
208192	235	192269	968	0
331450	235	194554	968	0
236262	235	200439	968	0
272220	235	191313	968	0
328150	235	188690	968	0
280847	235	191187	968	0
354566	235	212287	968	0
281560	235	189085	968	0
267690	235	190068	968	0
217251	235	190925	968	0
269431	235	188497	968	0
258262	235	188122	968	0
350073	235	188999	968	0
286609	47	233153	968	0
331353	235	328480	968	0
199706	235	188393	968	0
240945	235	188745	968	0
218132	235	188635	968	0
307333	235	188353	968	0
236499	235	190795	968	0
286068	235	217232	968	0
220111	235	188033	968	0
239842	235	225154	968	0
216937	235	188285	968	0
198877	235	207243	968	0
270316	235	188240	968	0
249774	235	196305	968	0
295535	235	189803	968	0
237334	235	201701	968	0
231494	235	188605	968	0
202488	235	190554	968	0
198746	235	189129	968	0
244667	235	188513	968	0
203615	235	188489	968	0
242794	235	188532	968	0
232446	235	189494	968	0
202172	235	323754	968	0
230174	235	188400	968	0
334473	235	189031	968	0
197224	235	188481	968	0
266897	235	189291	968	0
280332	235	189587	968	0
196560	235	188546	968	0
229156	235	190991	968	0
215873	235	189709	968	0
225822	235	189851	968	0
251691	235	188110	968	0
190609	267	317060	968	0
219099	235	188539	968	0
246203	235	189930	968	0
275314	235	194595	968	0
312329	235	189357	968	0
245967	235	188254	968	0
203820	235	188035	968	0
227278	235	188310	968	0
253846	235	188214	968	0
212320	235	188210	968	0
239424	235	189267	968	0
223206	235	188366	968	0
197135	235	190013	968	0
221110	235	188255	968	0
275761	235	226489	968	0
284212	235	197666	968	0
278195	235	188820	968	0
373258	235	188476	968	0
195654	235	189645	968	0
279075	235	188480	968	0
247052	235	205350	968	0
354444	290	188287	968	0
237297	277	189490	968	0
281762	235	188193	968	0
340324	235	189967	968	0
226893	235	188093	968	0
200272	235	188385	968	0
224869	235	188830	968	0
335692	235	188996	968	0
340476	235	188635	968	0
202733	235	216295	968	0
239262	235	189230	968	0
202295	235	190900	968	0
316803	235	190595	968	0
218604	235	193700	968	0
242714	235	188527	968	0
244554	235	188713	968	0
243823	235	188710	968	0
208067	235	190519	968	0
355303	235	193753	968	0
189406	245	266973	968	0
252917	235	190900	968	0
234050	235	189265	968	0
197557	235	190013	968	0
236932	235	188948	968	0
318758	235	189835	968	0
299856	235	246065	968	0
271096	235	189319	968	0
192309	235	188059	968	0
258936	235	188987	968	0
256183	235	206259	968	0
207078	235	192134	968	0
215951	235	188312	968	0
253598	235	188314	968	0
239657	235	191701	968	0
217261	235	190895	968	0
270141	235	191945	968	0
323784	235	188837	968	0
337171	176	320636	968	0
199479	235	196436	968	0
237663	235	188411	968	0
217053	235	239412	968	0
329378	235	188254	968	0
258809	235	189895	968	0
303191	264	190349	968	0
188322	267	313783	968	0
244601	235	269907	968	0
214327	235	189860	968	0
247546	235	188294	968	0
338989	235	188190	968	0
194311	235	189910	968	0
206148	235	192751	968	0
302652	235	188658	968	0
282814	235	189009	968	0
282807	235	188268	968	0
276022	235	188337	968	0
235827	235	188005	968	0
263875	235	188434	968	0
355532	235	188353	968	0
251924	235	189039	968	0
199087	235	190767	968	0
205587	235	188613	968	0
206873	235	189219	968	0
214433	235	188355	968	0
326135	235	243727	968	0
279588	235	190215	968	0
283308	235	188314	968	0
289507	235	188853	968	0
309029	235	189065	968	0
317585	235	191847	968	0
281235	235	189110	968	0
214861	235	188010	968	0
368275	235	190251	968	0
276438	235	189828	968	0
241225	235	189887	968	0
314933	235	190321	968	0
330488	235	188294	968	0
271243	235	211560	968	0
297009	235	188485	968	0
257184	235	191058	968	0
198541	235	189725	968	0
223077	235	190880	968	0
258431	235	189815	968	0
213961	235	199444	968	0
372742	235	204396	968	0
289260	235	188436	968	0
238992	235	195059	968	0
279728	235	189922	968	0
257385	235	189229	968	0
271157	235	188497	968	0
333058	245	299319	968	0
281328	235	210176	968	0
289629	235	188707	968	0
207524	235	188335	968	0
278024	235	188982	968	0
281017	235	248675	968	0
257846	235	238592	968	0
358236	235	190780	968	0
201812	235	188829	968	0
214018	235	188145	968	0
209523	235	190396	968	0
291172	106	192191	968	0
262811	235	188688	968	0
325012	235	189939	968	0
203454	235	190007	968	0
310880	235	263153	968	0
239901	235	188896	968	0
242973	235	228527	968	0
280606	235	188575	968	0
232304	235	189395	968	0
208627	235	189327	968	0
213177	235	188450	968	0
305763	235	188440	968	0
255238	235	188255	968	0
228362	235	189757	968	0
204249	235	191471	968	0
304322	235	220018	968	0
261082	235	201822	968	0
236441	235	188532	968	0
205698	235	308803	968	0
281879	235	189636	968	0
238856	235	188030	968	0
276793	235	188337	968	0
272790	235	190499	968	0
206454	235	188351	968	0
333874	235	189068	968	0
203605	235	189842	968	0
204330	235	188856	968	0
215630	235	189269	968	0
209875	235	357237	968	0
191253	106	225740	968	0
213587	235	188068	968	0
225740	106	191253	968	0
297485	235	188353	968	0
267505	235	189770	968	0
207327	235	188180	968	0
203966	235	189238	968	0
352052	235	189533	968	0
261507	235	189555	968	0
278367	235	188835	968	0
271653	235	189780	968	0
273981	235	189186	968	0
233645	235	195582	968	0
349035	235	189849	968	0
335305	235	297354	968	0
224947	235	189395	968	0
311583	235	208553	968	0
210087	235	188056	968	0
229028	235	188019	968	0
242724	235	188822	968	0
337642	235	188214	968	0
278504	235	189770	968	0
226632	235	191687	968	0
318516	235	191187	968	0
266206	235	188041	968	0
353957	235	189046	968	0
262552	235	188663	968	0
315591	235	188422	968	0
210148	235	190013	968	0
266899	235	188139	968	0
269115	235	189137	968	0
190582	106	205240	968	0
244630	235	188240	968	0
238969	235	190453	968	0
350591	235	192618	968	0
199830	235	188086	968	0
337218	235	189137	968	0
194091	106	205240	968	0
211964	235	188420	968	0
200442	273	208829	968	0
272061	235	190642	968	0
358236	235	188039	968	0
240182	289	215829	968	0
295121	235	189471	968	0
338808	235	190179	968	0
214964	235	188613	968	0
196042	235	189148	968	0
268333	235	191305	968	0
256834	106	217168	968	0
207121	235	189377	968	0
282559	235	188613	968	0
226566	235	188347	968	0
301494	235	188704	968	0
254715	262	331470	968	0
213743	235	190803	968	0
197539	235	206094	968	0
267596	235	188231	968	0
292290	235	282098	968	0
289147	235	188215	968	0
342218	235	188476	968	0
274131	235	189160	968	0
288106	235	188020	968	0
302462	235	188402	968	0
281808	235	194558	968	0
233783	235	188093	968	0
272045	235	190969	968	0
198150	235	189068	968	0
223277	235	188128	968	0
243977	235	190612	968	0
322806	235	188457	968	0
189261	106	190873	968	0
231965	235	189203	968	0
211923	235	188003	968	0
260945	235	200439	968	0
233427	235	188291	968	0
269074	235	188497	968	0
200845	235	188098	968	0
275248	235	188999	968	0
279696	235	188072	968	0
276471	235	188256	968	0
301736	235	191255	968	0
216479	235	188520	968	0
242594	235	191156	968	0
188915	259	355539	968	0
209526	235	188059	968	0
209404	235	189124	968	0
272068	235	190795	968	0
240844	235	194591	968	0
210079	235	188154	968	0
289622	290	188301	968	0
317202	106	193573	968	0
209862	235	192362	968	0
194474	235	188481	968	0
201281	235	206259	968	0
202121	235	189689	968	0
296858	235	216845	968	0
304030	235	189247	968	0
252978	235	189697	968	0
280156	235	188051	968	0
239478	235	243007	968	0
280156	235	188268	968	0
188571	106	189414	968	0
190349	264	192555	968	0
275437	273	250984	968	0
297740	235	188633	968	0
221856	235	249859	968	0
198813	235	193465	968	0
304018	235	189596	968	0
246474	235	232301	968	0
241938	235	188756	968	0
214826	235	191068	968	0
226547	235	190363	968	0
303537	47	279285	968	0
208763	235	188320	968	0
200815	235	188094	968	0
297047	235	196575	968	0
264316	235	216310	968	959
248181	139	269110	968	968
206010	235	189652	968	968
289932	235	192144	968	968
240204	235	188856	968	968
289282	235	190360	968	968
280489	235	240830	968	968
236321	235	201749	968	968
229735	235	189306	968	968
265541	235	188136	968	968
297867	235	189045	968	968
265483	235	190785	968	968
207655	235	188838	968	968
212014	235	191538	968	968
325862	235	190443	968	968
271092	235	189320	968	968
207844	235	188884	968	968
198898	235	188419	968	968
220173	235	189133	968	968
306742	235	189980	968	968
284888	235	239349	968	968
239106	235	189539	968	968
251553	235	208679	968	968
194051	235	191046	968	968
205792	235	189652	968	968
229741	235	190976	968	968
296908	235	190023	968	968
194700	139	194379	968	968
274095	235	190275	968	968
208787	235	189464	968	968
266673	235	191811	968	968
292784	235	190196	968	968
208857	235	189919	968	968
264615	235	189697	968	968
284970	235	188262	968	968
287105	235	189303	968	968
277512	235	192475	968	968
195032	235	188109	968	968
342176	235	323729	968	968
222181	235	188139	968	968
196201	235	188065	968	968
308107	282	197448	968	968
217647	235	190934	968	968
221320	235	188249	968	968
243281	235	250071	968	968
344406	235	193753	968	968
202946	235	188211	968	968
206365	235	189198	968	968
284894	235	191625	968	968
293885	235	188731	968	968
342591	235	190278	968	968
248707	235	188350	968	968
198163	235	189890	968	968
220580	235	191847	968	968
271357	235	195733	968	968
277156	235	189671	968	968
228487	235	188911	968	968
261314	235	189518	968	968
256456	235	189094	968	968
293022	235	189699	968	968
256620	235	188567	968	968
201287	235	191625	968	968
271292	235	189202	968	968
204656	235	188237	968	968
199436	235	188304	968	968
270709	235	189399	968	968
261011	235	189453	968	968
203112	235	188746	968	968
211509	235	197178	968	968
279636	235	188175	968	968
336475	235	188398	968	968
270663	235	190303	968	968
203313	235	189601	968	968
257782	235	190038	968	968
281417	235	190278	968	968
198215	235	188371	968	968
243206	235	190402	968	968
236413	235	188068	968	968
207307	235	188070	968	968
216711	235	189224	968	968
221741	235	188474	968	968
351158	282	191784	968	968
217556	235	188491	968	968
194487	235	190880	968	968
354085	282	220564	968	968
268974	235	191230	968	968
191396	235	189064	968	968
223276	235	188350	968	968
196869	235	188419	968	968
304383	235	188375	968	968
224263	235	189224	968	968
329514	52	374975	968	968
213998	235	189004	968	968
207070	235	209889	968	968
219409	235	188094	968	968
201390	235	191689	968	968
323694	282	191042	968	968
238349	282	189773	968	968
252570	235	188092	968	968
275666	235	190141	968	968
191652	282	192128	968	968
233427	235	189753	968	968
206829	235	188488	968	968
315522	235	191105	968	968
338537	282	344779	968	968
244856	235	189182	968	968
197533	235	188524	968	968
198061	235	188029	968	968
258684	235	189745	968	968
201424	235	188147	968	968
280294	235	189913	968	968
231899	282	191708	968	968
266673	235	188761	968	968
330759	235	191200	968	968
346684	282	356672	968	968
213972	235	189653	968	968
340400	235	189930	968	968
261279	235	188761	968	968
269110	282	248181	968	968
342705	282	308345	968	968
237670	235	189857	968	968
193825	235	188075	968	968
212565	235	188771	968	968
299286	235	188348	968	968
298472	235	188843	968	968
207130	235	190270	968	968
214286	235	196032	968	968
375133	235	188143	968	968
303350	235	193571	968	968
210748	235	188515	968	968
372984	52	370001	968	968
260296	235	191998	968	968
252621	235	189338	968	968
242450	235	188340	968	968
224451	282	190779	968	968
268782	235	190472	968	968
254952	235	204397	968	968
306009	235	189982	968	968
255018	235	189892	968	968
351736	282	261308	968	968
227553	235	188246	968	968
261480	235	188682	968	968
280514	235	192024	968	968
259074	235	190930	968	968
266514	235	192459	968	968
292555	235	255782	968	968
202709	235	192738	968	968
236141	235	190278	968	968
222050	235	188524	968	968
310933	235	294592	968	968
294018	235	190967	968	968
278458	235	188116	968	968
300641	235	192152	968	968
270264	235	188792	968	968
308756	235	188398	968	968
235479	235	188389	968	968
238647	235	188122	968	968
201952	235	188452	968	968
218371	235	188494	968	968
197920	235	190477	968	968
247223	235	190871	968	968
281319	235	189605	968	968
219613	235	189169	968	968
259446	235	189137	968	968
316959	235	238377	968	968
276435	235	190213	968	968
192415	235	188050	968	968
195739	235	190285	968	968
309554	139	243796	968	968
309787	235	191180	968	968
261061	235	189203	968	968
200106	235	191058	968	968
259337	235	190417	968	968
206042	235	189689	968	968
213146	235	188977	968	968
193063	235	188038	968	968
261002	235	191494	968	968
298556	235	190402	968	968
249430	235	192566	968	968
198718	235	190844	968	968
201808	235	188389	968	968
231156	235	252938	968	968
292534	282	248181	968	968
285799	235	188838	968	968
226010	235	190091	968	968
360864	235	188375	968	968
234732	235	189814	968	968
321237	235	188486	968	968
290902	235	189924	968	968
255243	235	211913	968	968
225658	235	197446	968	968
256639	235	188729	968	968
208327	235	188277	968	968
337991	235	189387	968	968
284402	235	228527	968	968
208045	235	193427	968	968
224754	235	188782	968	968
276569	235	190501	968	968
200078	235	188068	968	968
285769	235	192079	968	968
312823	282	213215	968	968
195766	235	190954	968	968
326529	52	343681	968	968
242151	235	194556	968	968
263273	235	189883	968	968
240514	235	189151	968	968
199862	235	189500	968	968
193430	235	188025	968	968
251837	139	270828	968	968
194780	235	188452	968	968
280088	282	195077	968	968
281283	235	191731	968	968
295738	235	188426	968	968
280917	282	224797	968	968
276936	235	189729	968	968
272992	235	188032	968	968
273306	235	355821	968	968
239007	235	188142	968	968
231758	235	189597	968	968
331300	235	190195	968	968
223142	235	188042	968	968
313834	235	292010	968	968
271471	235	188470	968	968
194163	139	257127	968	968
276754	235	195104	968	968
209551	235	205872	968	968
276483	235	192914	968	968
214076	235	204140	968	968
322782	235	188153	968	968
253010	235	188622	968	968
205498	235	189000	968	968
269030	235	190041	968	968
196361	235	189198	968	968
325058	235	189197	968	968
208743	235	188136	968	968
215894	235	190068	968	968
309838	235	188445	968	968
326691	235	190538	968	968
249876	235	189982	968	968
351647	235	188742	968	968
260597	282	189992	968	968
226106	235	191490	968	968
213133	235	188166	968	968
313137	235	188275	968	968
236482	235	191063	968	968
249435	235	190795	968	968
270410	235	188957	968	968
314257	235	191925	968	968
253633	235	189696	968	968
358083	139	240314	968	968
230402	235	189351	968	968
247558	235	188106	968	968
339668	235	188091	968	968
314287	235	191689	968	968
204928	235	190186	968	968
205923	235	212255	968	968
297799	235	202963	968	968
226199	235	188776	968	968
210423	235	188498	968	968
250917	235	218522	968	968
311783	235	190595	968	968
196998	235	201701	968	968
191481	52	346182	968	968
315023	235	190195	968	968
215880	235	188333	968	968
308623	235	191112	968	968
226910	235	191571	968	968
261755	235	190968	968	968
348705	235	188473	968	968
234276	235	189762	968	968
300210	282	193363	968	968
274582	235	188238	968	968
265541	235	188113	968	968
259443	235	188754	968	968
366299	242	367590	968	968
337455	282	191784	968	968
212558	235	196900	968	968
197552	235	189981	968	968
269604	235	189913	968	968
287259	235	188155	968	968
209028	235	188546	968	968
208962	235	188048	968	968
194424	235	189301	968	968
205309	235	188574	968	968
308245	235	202963	968	968
245661	235	191063	968	968
267972	282	232762	968	968
286098	235	193545	968	968
312300	235	188803	968	968
242185	235	192906	968	968
260427	235	189383	968	968
236760	235	188480	968	968
207352	235	188332	968	968
220383	235	188162	968	968
272208	52	329616	968	968
324352	139	301105	968	968
331958	139	292270	968	968
205097	235	189017	968	968
312553	235	190399	968	968
232258	235	240830	968	968
249378	235	188085	968	968
364727	235	188070	968	968
313962	235	189449	968	968
280494	235	188281	968	968
227047	235	189860	968	968
201279	235	189475	968	968
270780	235	214346	968	968
300366	139	223203	968	968
261756	235	189251	968	968
359241	282	208125	968	968
265785	235	189350	968	968
261228	235	188733	968	968
270042	235	189582	968	968
207271	235	228655	968	968
200996	235	189597	968	968
203518	235	201868	968	968
283664	235	190091	968	968
248383	235	190048	968	968
272774	235	188962	968	968
266460	235	199836	968	968
201455	235	190701	968	968
300427	282	189432	968	968
284782	235	217886	968	968
237308	235	221362	968	968
199674	235	188098	968	968
220786	235	190062	968	968
283939	235	290153	968	968
249055	235	188567	968	968
343576	139	275312	968	968
241705	235	195781	968	968
206406	235	200454	968	968
357223	235	189471	968	968
236051	235	191908	968	968
295681	235	189224	968	968
208474	235	204538	968	968
340400	235	192192	968	968
224102	235	189034	968	968
292091	235	190697	968	968
281687	235	188776	968	968
273129	235	189040	968	968
356932	282	189432	968	968
202965	235	188524	968	968
329577	282	346946	968	968
261836	235	189251	968	968
197252	235	192459	968	968
275659	235	189555	968	968
289103	235	190275	968	968
248162	235	191883	968	968
327892	235	188895	968	968
336765	235	189383	968	968
335507	235	202987	968	968
291894	235	278067	968	968
287861	235	188743	968	968
337066	139	242846	968	968
265492	235	188761	968	968
219243	235	218690	968	968
198045	235	188043	968	968
222961	235	189195	968	968
280135	235	191875	968	968
256368	235	194095	968	968
252061	235	195844	968	968
212180	235	189584	968	968
222090	235	190545	968	968
271230	235	189154	968	968
284960	235	189041	968	968
264040	235	194214	968	968
194416	235	189699	968	968
239815	235	188514	968	968
306640	282	191157	968	968
254640	235	224283	968	968
319226	235	189013	968	968
209826	235	188577	968	968
285446	235	188780	968	968
285721	235	188884	968	968
263996	235	191213	968	968
275187	235	217300	968	968
220157	235	190519	968	968
217372	235	190023	968	968
233206	235	190408	968	968
258669	282	323293	968	968
279728	235	254500	968	968
218132	235	189697	968	968
339746	139	238552	968	968
287212	235	189681	968	968
220167	235	188726	968	968
296046	235	194811	968	968
265490	235	190019	968	968
268763	235	224170	968	968
209464	235	189539	968	968
219896	235	188092	968	968
326669	139	267035	968	968
218596	235	205872	968	968
205375	235	188261	968	968
298682	235	188601	968	968
281572	235	188067	968	968
218697	235	188178	968	968
219046	282	188769	968	968
279160	235	188997	968	968
228806	235	188895	968	968
262526	282	343173	968	968
241026	235	188452	968	968
213584	235	188682	968	968
257532	235	189924	968	968
342881	235	193233	968	968
295263	235	188408	968	968
205059	235	188350	968	968
223919	235	190824	968	968
258266	235	190228	968	968
206251	235	189145	968	968
280633	235	189727	968	968
224512	235	188487	968	968
339598	235	206693	968	968
211275	235	188710	968	968
202238	235	188101	968	968
242670	235	188472	968	968
217584	235	188689	968	968
196839	235	190520	968	968
252014	235	188802	968	968
234644	235	189453	968	968
228906	235	188483	968	968
200256	235	191274	968	968
237346	235	238377	968	968
216740	235	188104	968	968
218959	235	188079	968	968
369846	52	267546	968	968
251434	235	188685	968	968
206483	235	188294	968	968
297242	235	188097	968	968
275032	235	190070	968	968
255316	235	188709	968	968
243670	235	189550	968	968
240495	235	189404	968	968
231339	235	188760	968	968
353448	282	212304	968	968
252765	235	188966	968	968
217340	282	188889	968	968
252286	235	192327	968	968
248328	235	206259	968	968
210130	235	188310	968	968
319494	235	188603	968	968
241229	235	188665	968	968
257333	282	291840	968	968
322782	235	190251	968	968
269281	235	189970	968	968
192454	235	189461	968	968
221017	235	188601	968	968
373885	235	191594	968	968
326112	235	190549	968	968
188146	239	220186	968	968
295958	235	188202	968	968
251533	262	191653	968	968
343922	235	359372	968	968
221776	235	188699	968	968
200407	235	188838	968	968
200682	235	188488	968	968
211895	235	189189	968	968
198684	235	290153	968	968
294029	235	189351	968	968
299051	235	203559	968	968
244328	235	188054	968	968
284956	235	189749	968	968
264704	235	190172	968	968
199498	235	188264	968	968
307755	235	191123	968	968
245947	235	188294	968	968
204250	235	188219	968	968
202387	235	189539	968	968
204325	235	188324	968	968
236619	235	188483	968	968
267092	235	188988	968	968
271057	235	188790	968	968
191824	235	290752	968	968
289931	235	189119	968	968
203496	235	188122	968	968
196956	235	188778	968	968
327700	139	261610	968	968
233327	235	189073	968	968
315412	235	189316	968	968
245158	235	216660	968	968
202128	235	188503	968	968
196752	139	250449	968	968
235436	235	191467	968	968
261891	235	188106	968	968
279464	235	188464	968	968
236661	235	189470	968	968
268665	235	191152	968	968
250352	282	370647	968	968
335787	235	190157	968	968
204961	235	189045	968	968
196243	235	193491	968	968
199577	235	189765	968	968
198545	235	188551	968	968
208964	235	190149	968	968
207769	235	188778	968	968
299032	235	188640	968	968
302942	235	188906	968	968
223889	235	189444	968	968
284982	235	206693	968	968
243001	235	189077	968	968
222884	235	188070	968	968
200523	235	193700	968	968
269854	282	370938	968	968
196196	235	189620	968	968
330990	235	192613	968	968
210145	235	190549	968	968
313904	235	190636	968	968
329514	52	284614	968	968
196207	235	189010	968	968
197437	235	190062	968	968
254962	235	188869	968	968
251196	235	188041	968	968
235468	235	188488	968	968
296818	235	190285	968	968
301692	235	197564	968	968
216820	235	189068	968	968
200943	235	190413	968	968
225985	235	188865	968	968
233279	235	244974	968	968
294695	235	189531	968	968
300072	235	189197	968	968
246964	235	189423	968	968
319733	235	189678	968	968
195696	235	229376	968	968
329310	235	193263	968	968
265493	235	188140	968	968
316248	282	355478	968	968
292765	235	189370	968	968
257936	235	188078	968	968
260362	235	190711	968	968
196895	235	188865	968	968
253156	235	190113	968	968
275764	235	191780	968	968
227917	235	188610	968	968
334162	235	190244	968	968
207705	235	191406	968	968
199490	235	193754	968	968
300127	235	190090	968	968
293423	235	188414	968	968
305225	235	188523	968	968
237981	235	192284	968	968
289396	235	188801	968	968
208710	235	190545	968	968
304179	235	190321	968	968
286444	235	198697	968	968
202430	235	188894	968	968
366613	139	204555	968	968
196248	235	218933	968	968
257500	235	189555	968	968
240186	235	196693	968	968
242167	235	190217	968	968
260530	235	188691	968	968
197818	235	189499	968	968
284557	235	239870	968	968
291037	235	190007	968	968
199442	235	189708	968	968
274150	235	190470	968	968
244969	235	198875	968	968
261140	235	192974	968	968
273116	235	189943	968	968
199330	235	188344	968	968
204470	235	188621	968	968
306280	235	189518	968	968
253861	235	190549	968	968
209589	235	190934	968	968
261011	235	189391	968	968
218079	235	192214	968	968
233437	235	189041	968	968
215831	235	188733	968	968
204115	235	189080	968	968
358011	52	347585	968	968
212953	235	191305	968	968
293249	235	189042	968	968
228967	235	188739	968	968
343465	282	236704	968	968
235448	235	230886	968	968
297327	282	191885	968	968
283495	235	190477	968	968
237962	235	189982	968	968
203445	235	188949	968	968
305628	235	191531	968	968
316240	235	188690	968	968
333231	235	189287	968	968
311425	235	188772	968	968
356206	139	374771	968	968
209988	235	188134	968	968
268773	235	189232	968	968
201622	235	192225	968	968
281815	235	189154	968	968
375283	235	190850	968	968
308229	235	190041	968	968
340595	235	189132	968	968
256342	235	188201	968	968
237618	235	190554	968	968
261054	235	212472	968	968
217858	235	189296	968	968
294385	235	188805	968	968
219317	235	188868	968	968
243016	282	231319	968	968
243163	235	189686	968	968
201951	235	189138	968	968
196487	235	188628	968	968
237633	235	188731	968	968
276097	235	196305	968	968
284402	235	259175	968	968
306682	235	192427	968	968
263373	235	189133	968	968
197184	235	190096	968	968
270033	235	207203	968	968
298195	235	189137	968	968
318594	235	189320	968	968
203677	235	188345	968	968
232636	235	188189	968	968
338623	235	209879	968	968
289056	42	188990	968	968
198360	235	201155	968	968
248160	235	190126	968	968
279612	235	188388	968	968
195363	235	188137	968	968
278024	235	189048	968	968
230043	235	189132	968	968
231032	235	193368	968	968
252312	235	188054	968	968
216877	235	190118	968	968
279974	235	237252	968	968
371007	235	189083	968	968
217056	235	189814	968	968
212344	235	188381	968	968
260234	235	189696	968	968
262436	235	189129	968	968
257552	235	189717	968	968
275219	235	191063	968	968
207519	235	190809	968	968
211225	52	356277	968	968
213724	235	188611	968	968
281435	235	188802	968	968
272397	235	188263	968	968
279099	235	188105	968	968
273936	235	188171	968	968
339970	235	191060	968	968
198332	235	189982	968	968
295092	235	189487	968	968
235090	235	189628	968	968
215462	235	188473	968	968
374895	235	188754	968	968
318399	235	188844	968	968
259027	235	233618	968	968
323803	235	199246	968	968
254044	235	237692	968	968
291226	282	190779	968	968
199653	235	188162	968	968
203603	235	188393	968	968
196441	235	189138	968	968
262750	235	188795	968	968
203615	235	188244	968	968
310939	235	190228	968	968
211579	235	188720	968	968
373713	282	194081	968	968
286151	235	188856	968	968
206225	235	188256	968	968
266843	235	191851	968	968
261745	235	189824	968	968
224821	235	189146	968	968
262638	235	188404	968	968
193201	235	188839	968	968
216976	235	190464	968	968
208782	235	190066	968	968
203739	235	197321	968	968
221458	235	192550	968	968
217650	235	207154	968	968
234985	235	189501	968	968
226705	235	192464	968	968
310466	52	308274	968	968
288150	282	290033	968	968
366804	235	203266	968	968
241923	235	188803	968	968
217059	235	188294	968	968
218833	235	190278	968	968
199479	235	189280	968	968
302338	235	189863	968	968
256962	235	188304	968	968
327194	235	188514	968	968
215395	235	188783	968	968
369439	282	194297	968	968
244505	235	188134	968	968
249160	235	196429	968	968
295643	235	189749	968	968
267223	235	189554	968	968
199262	235	189742	968	968
280867	235	190138	968	968
368790	235	191557	968	968
268440	235	188713	968	968
247025	235	192047	968	968
262242	235	214346	968	968
289669	235	189471	968	968
221027	235	201701	968	968
191818	235	192018	968	968
272187	139	200622	968	968
276266	235	188265	968	968
216857	235	193453	968	968
318200	282	308161	968	968
253279	235	189055	968	968
286700	52	343681	968	968
252126	235	188585	968	968
195996	235	188155	968	968
325259	235	195955	968	968
313899	52	329616	968	968
275796	235	188118	968	968
194156	235	188545	968	968
216506	235	188026	968	968
201103	235	189431	968	968
246746	282	351948	968	968
341081	282	193759	968	968
247223	235	192818	968	968
240101	235	219818	968	968
322622	52	332391	968	968
212207	235	188768	968	968
211275	235	189058	968	968
309088	235	194604	968	968
239902	235	190882	968	968
200622	52	297885	968	968
192585	235	190210	968	968
282014	235	196305	968	968
198479	235	189707	968	968
273159	235	190195	968	968
216506	235	188034	968	968
214110	235	189277	968	968
288188	235	189279	968	968
197776	235	189542	968	968
259187	235	188959	968	968
204697	235	189387	968	968
222321	235	188454	968	968
253865	235	191071	968	968
233888	235	188524	968	968
211148	235	204180	968	968
197855	235	189065	968	968
202457	235	190477	968	968
333231	235	189244	968	968
207524	235	193046	968	968
282714	235	190115	968	968
213195	235	188756	968	968
372984	52	363553	968	968
281804	235	188880	968	968
301522	235	188663	968	968
221368	235	258992	968	968
193767	235	188206	968	968
197920	235	189461	968	968
255318	235	188220	968	968
372834	139	246746	968	968
234013	235	188681	968	968
247696	235	188227	968	968
286323	235	218713	968	968
242189	235	191308	968	968
215454	235	227984	968	968
215231	235	192156	968	968
207533	235	189542	968	968
194058	235	189003	968	968
235284	235	205996	968	968
195754	235	188017	968	968
227505	235	189626	968	968
327565	282	358621	968	968
299813	235	190275	968	968
215615	235	190041	968	968
220104	235	189555	968	968
339921	235	189102	968	968
256883	235	188562	968	968
276754	235	191199	968	968
202817	235	188076	968	968
237515	235	190065	968	968
270611	235	194214	968	968
194380	282	310070	968	968
220816	235	189197	968	968
370478	235	188106	968	968
325979	235	188419	968	968
216572	235	189470	968	968
287068	235	198667	968	968
196110	235	188078	968	968
262881	235	205857	968	968
355676	139	205909	968	968
212426	235	188454	968	968
282608	235	188778	968	968
247270	235	261509	968	968
302229	235	189225	968	968
266604	235	188472	968	968
290385	235	234774	968	968
207077	235	194556	968	968
202645	235	189431	968	968
195436	235	188740	968	968
202933	235	188420	968	968
237425	235	188430	968	968
199045	282	188841	968	968
342673	235	189638	968	968
234854	235	188736	968	968
204199	235	188975	968	968
289155	235	191060	968	968
200068	235	189041	968	968
257549	235	188597	968	968
341081	52	193759	968	968
223538	235	188237	968	968
253381	235	188370	968	968
197949	235	191928	968	968
302941	235	188064	968	968
270375	235	190203	968	968
214193	235	193637	968	968
194614	235	190334	968	968
314653	235	188597	968	968
239083	235	226422	968	968
280268	235	193491	968	968
224858	235	190653	968	968
293813	235	189429	968	968
205789	235	355821	968	968
207555	235	188367	968	968
211706	235	189532	968	968
196720	235	188094	968	968
296348	235	188165	968	968
248836	235	188962	968	968
202453	235	189461	968	968
198700	235	188494	968	968
328568	282	242576	968	968
243508	235	188153	968	968
229268	235	237312	968	968
254155	235	188096	968	968
252534	235	188782	968	968
192279	282	339746	968	968
253146	235	189338	968	968
292813	235	205872	968	968
240468	235	189738	968	968
333231	235	190129	968	968
194960	235	188395	968	968
218866	235	190303	968	968
194680	235	188033	968	968
367300	235	189756	968	968
372984	282	370001	968	968
196178	235	218212	968	968
198540	235	188761	968	968
277668	235	188685	968	968
262686	235	188091	968	968
227607	235	188096	968	968
321983	139	358908	968	968
250835	235	189383	968	968
339569	235	193147	968	968
317618	235	193496	968	968
263382	235	188087	968	968
197388	235	188538	968	968
265084	235	189950	968	968
271480	235	225167	968	968
213712	235	188450	968	968
195361	235	188076	968	968
302537	235	188493	968	968
308413	235	190628	968	968
257707	235	201468	968	968
213426	235	189494	968	968
218158	235	188337	968	968
275490	235	189781	968	968
248631	235	188044	968	968
210113	235	188906	968	968
213440	235	189539	968	968
198490	235	188710	968	968
274528	235	190824	968	968
300392	52	329616	968	968
254878	235	188091	968	968
203371	235	189043	968	968
195725	235	188167	968	968
316680	282	248181	968	968
242756	235	190126	968	968
346182	139	370736	968	968
261212	235	189381	968	968
329514	52	193633	968	968
264817	235	191181	968	968
287071	235	188028	968	968
239622	282	356672	968	968
199062	235	188141	968	968
248348	235	188015	968	968
202175	235	191625	968	968
280385	235	189320	968	968
262522	235	194538	968	968
206609	235	188284	968	968
196041	235	188136	968	968
226447	235	189715	968	968
195533	235	189765	968	968
283886	235	190112	968	968
258686	235	202048	968	968
280674	235	188367	968	968
266925	235	189494	968	968
266597	235	189682	968	968
292023	235	188782	968	968
194170	52	346601	968	968
219243	235	296148	968	968
307156	235	189449	968	968
239423	235	188039	968	968
279595	235	188186	968	968
204616	139	326866	968	968
191881	139	207794	968	968
368844	282	211808	968	968
219539	235	188024	968	968
248154	235	190115	968	968
222571	235	188781	968	968
289610	235	189012	968	968
325027	52	261308	968	968
275061	235	188579	968	968
211694	235	188622	968	968
231069	139	262805	968	968
283298	235	188029	968	968
215415	235	191636	968	968
199648	235	188381	968	968
266375	235	189628	968	968
215891	235	192360	968	968
214025	235	189377	968	968
241915	235	188622	968	968
364097	52	194700	968	968
245738	235	191217	968	968
235091	235	189763	968	968
279773	235	188348	968	968
196720	235	188173	968	968
326691	235	189669	968	968
256399	235	188687	968	968
281085	235	189950	968	968
193421	235	188188	968	968
249522	235	193017	968	968
301522	235	188665	968	968
203779	235	188206	968	968
246656	235	231743	968	968
278900	235	192743	968	968
215478	235	188959	968	968
202102	235	200701	968	968
219765	235	188627	968	968
297883	282	191076	968	968
292217	235	191181	968	968
229696	235	248675	968	968
200527	235	190772	968	968
206329	235	191118	968	968
282032	235	193456	968	968
265742	235	188913	968	968
251553	235	188601	968	968
275301	235	190796	968	968
199580	235	190295	968	968
224940	235	188754	968	968
253748	235	188201	968	968
354211	139	272475	968	968
248687	235	189444	968	968
218891	235	188429	968	968
203744	235	189092	968	968
276248	235	189795	968	968
251741	235	190739	968	968
285702	235	190690	968	968
295430	282	366365	968	968
234272	235	189343	968	968
330990	235	192288	968	968
279008	235	188217	968	968
247611	235	188442	968	968
220671	235	189182	968	968
257532	235	203199	968	968
336903	235	188541	968	968
286960	235	190227	968	968
240957	235	188250	968	968
210770	235	188911	968	968
200611	235	202963	968	968
334794	235	190333	968	968
260642	235	190082	968	968
211415	235	188516	968	968
230539	235	200701	968	968
200603	235	188730	968	968
202216	235	188386	968	968
232089	235	189080	968	968
249349	235	188472	968	968
299072	235	188275	968	968
216773	235	225154	968	968
239106	235	192463	968	968
218103	235	192914	968	968
292908	235	189065	968	968
209501	235	188529	968	968
360955	235	243661	968	968
259469	235	189224	968	968
220916	235	188622	968	968
307866	235	189752	968	968
224740	235	188319	968	968
322038	235	188666	968	968
216852	235	189040	968	968
195951	235	188406	968	968
329885	235	190143	968	968
252394	235	189597	968	968
195984	235	189892	968	968
218426	235	188702	968	968
265742	235	191689	968	968
197236	235	189461	968	968
197539	235	189413	968	968
224488	235	190771	968	968
271688	235	189908	968	968
298336	235	188254	968	968
222340	282	217845	968	968
355478	139	327997	968	968
205744	235	189492	968	968
300497	235	188473	968	968
268072	235	195304	968	968
298650	235	188665	968	968
275407	235	223631	968	968
203204	235	188044	968	968
203496	235	188024	968	968
272872	235	188025	968	968
314125	235	192737	968	968
197153	235	189351	968	968
199881	235	190132	968	968
316827	235	190275	968	968
313637	235	188545	968	968
297723	235	188634	968	968
196673	235	188541	968	968
196441	235	189451	968	968
194325	235	191063	968	968
326973	235	189788	968	968
276974	235	190955	968	968
319117	235	189391	968	968
203593	235	188509	968	968
272455	282	320810	968	968
248384	235	248675	968	968
297959	235	190504	968	968
286178	235	190035	968	968
307899	235	191901	968	968
203540	235	189189	968	968
259604	235	192500	968	968
225890	235	189040	968	968
213367	235	195424	968	968
289932	235	190399	968	968
230067	235	188791	968	968
203911	235	189690	968	968
314416	52	295555	968	968
197352	235	188501	968	968
204160	235	223744	968	968
225444	235	188601	968	968
223490	235	188397	968	968
277536	235	188107	968	968
278631	235	190771	968	968
248181	139	316680	968	968
250339	235	283304	968	968
194890	235	190509	968	968
356206	139	358057	968	968
255783	235	188132	968	968
218988	235	194082	968	968
272042	235	267567	968	968
239698	282	338376	968	968
207777	235	189226	968	968
283415	235	189108	968	968
201721	235	188989	968	968
364097	52	196752	968	968
244887	235	192592	968	968
203537	235	188035	968	968
199920	235	189815	968	968
210679	235	188197	968	968
213951	235	188656	968	968
267258	235	188106	968	968
232838	235	188803	968	968
258803	235	190275	968	968
344326	235	189028	968	968
231287	235	188803	968	968
211253	235	188275	968	968
207956	235	188142	968	968
207816	235	188043	968	968
263752	282	288372	968	968
201428	235	189020	968	968
208703	235	188324	968	968
276064	235	193503	968	968
195808	235	190185	968	968
264055	235	189142	968	968
207524	235	194080	968	968
202687	235	188122	968	968
203889	235	192350	968	968
195703	235	188134	968	968
281944	235	190382	968	968
288372	139	263752	968	968
204791	235	188909	968	968
357523	52	373234	968	968
195298	235	190195	968	968
210052	235	188307	968	968
320865	235	188155	968	968
264008	235	189296	968	968
206874	235	189194	968	968
273150	235	191304	968	968
271410	235	188802	968	968
235597	235	188980	968	968
204597	235	189596	968	968
292610	235	189197	968	968
252711	235	190967	968	968
192299	235	189494	968	968
233762	235	190649	968	968
338691	235	189099	968	968
248950	235	211835	968	968
255141	235	189146	968	968
307396	52	338690	968	968
252800	235	193782	968	968
220852	235	191966	968	968
216978	235	188578	968	968
215127	235	188061	968	968
343410	235	189753	968	968
276780	235	189351	968	968
207821	235	189509	968	968
198647	235	190838	968	968
286359	235	190420	968	968
247824	235	188876	968	968
212804	235	188754	968	968
206925	235	201399	968	968
233429	282	189204	968	968
329514	282	193633	968	968
198591	235	188736	968	968
340765	235	189236	968	968
297245	235	190367	968	968
202776	235	188745	968	968
194752	235	190809	968	968
297040	52	288910	968	968
256840	235	197015	968	968
300255	235	189278	968	968
311912	235	201155	968	968
294239	235	188741	968	968
224756	235	189769	968	968
356778	282	205330	968	968
298173	235	191989	968	968
375507	282	303259	968	968
215675	235	188015	968	968
214711	235	192914	968	968
233697	235	189570	968	968
243483	282	189204	968	968
270605	235	196485	968	968
344154	235	214847	968	968
266508	235	190125	968	968
238360	235	192621	968	968
229854	235	188003	968	968
218099	235	275068	968	968
224540	235	219709	968	968
239086	235	192550	968	968
213021	235	189923	968	968
196674	235	190647	968	968
194475	235	188119	968	968
211880	235	190499	968	968
301105	282	324352	968	968
287407	235	193368	968	968
259385	235	188802	968	968
201113	235	188498	968	968
268583	235	188851	968	968
256941	235	189827	968	968
263375	235	189408	968	968
226436	235	189853	968	968
365234	139	295564	968	968
204692	235	188003	968	968
282124	235	190610	968	968
275398	235	241587	968	968
272490	235	191593	968	968
282023	282	192411	968	968
307904	235	191888	968	968
203526	235	188624	968	968
204566	235	189734	968	968
227330	235	189167	968	968
208873	235	189404	968	968
282757	235	189182	968	968
267412	282	318434	968	968
199025	235	189189	968	968
229409	235	188019	968	968
204582	235	190082	968	968
275309	235	188660	968	968
327892	235	190968	968	968
314510	235	249859	968	968
265120	235	190772	968	968
327931	52	256770	968	968
226835	235	190520	968	968
322886	235	189277	968	968
208422	235	188686	968	968
208754	235	189068	968	968
365234	139	251151	968	968
371301	282	196107	968	968
229165	235	189263	968	968
333450	235	189890	968	968
243458	235	188129	968	968
230294	235	190023	968	968
366227	52	346182	968	968
271571	235	205796	968	968
198502	235	189350	968	968
210734	235	192464	968	968
280774	235	190275	968	968
198292	52	240665	968	968
234758	235	200395	968	968
242846	282	337066	968	968
206376	235	191366	968	968
261774	235	188341	968	968
207563	235	188105	968	968
219022	235	188146	968	968
356769	52	361667	968	968
314592	235	192360	968	968
271021	235	191972	968	968
235147	235	201749	968	968
214819	235	205456	968	968
288703	235	189391	968	968
253491	235	188808	968	968
199881	235	190132	968	968
209233	235	189301	968	968
193814	235	188202	968	968
194235	52	339746	968	968
259858	235	190223	968	968
210008	235	188385	968	968
277172	235	191163	968	968
296743	235	190227	968	968
305943	282	282449	968	968
225965	235	201230	968	968
195533	235	190665	968	968
219600	282	191044	968	968
238983	235	188344	968	968
262595	235	189705	968	968
195892	52	332391	968	968
202293	235	188422	968	968
239523	235	189383	968	968
223080	235	298509	968	968
256917	235	188731	968	968
200802	235	189042	968	968
201218	235	188094	968	968
206407	235	188560	968	968
341570	282	201301	968	968
210623	235	188182	968	968
205531	235	188202	968	968
205781	235	189429	968	968
260412	282	224080	968	968
288510	235	190490	968	968
253683	235	188371	968	968
269323	235	191412	968	968
236482	235	188264	968	968
205967	235	189895	968	968
315582	235	188523	968	968
199222	235	188059	968	968
273383	235	190276	968	968
295274	235	188478	968	968
244361	235	191193	968	968
335042	235	189389	968	968
257883	235	188337	968	968
221458	235	201185	968	968
210268	235	189539	968	968
264704	235	188486	968	968
208495	235	188029	968	968
200220	235	188015	968	968
204302	235	188188	968	968
249120	235	188713	968	968
207563	235	188064	968	968
222979	235	188946	968	968
204695	235	190899	968	968
266963	235	191112	968	968
243531	235	189550	968	968
223766	235	189509	968	968
291108	235	189312	968	968
193937	235	195148	968	968
221951	235	188678	968	968
219276	235	342930	968	968
206834	235	190695	968	968
280800	235	188584	968	968
193406	235	188875	968	968
331247	139	249937	968	968
221557	235	188787	968	968
328062	235	251160	968	968
259720	235	191412	968	968
226891	235	188340	968	968
318190	235	189429	968	968
239125	235	189938	968	968
198264	235	192162	968	968
212614	235	189183	968	968
210701	235	188390	968	968
199992	235	189224	968	968
272050	235	189048	968	968
193441	235	200978	968	968
267431	235	191928	968	968
261219	235	197564	968	968
298001	282	338690	968	968
273583	235	189765	968	968
347516	235	359372	968	968
191638	282	211512	968	968
314781	235	188358	968	968
206819	235	188277	968	968
244655	235	192409	968	968
305835	235	192669	968	968
216524	235	188779	968	968
217905	235	189387	968	968
355676	139	198292	968	968
192279	52	303505	968	968
267708	235	190910	968	968
232150	235	189255	968	968
219634	235	188086	968	968
257281	235	192221	968	968
211735	235	188206	968	968
227728	235	188649	968	968
274402	235	189745	968	968
266198	235	189749	968	968
230770	235	191651	968	968
244655	235	197896	968	968
202199	52	329616	968	968
236398	235	188802	968	968
252948	235	188182	968	968
194301	235	188067	968	968
331343	52	282774	968	968
213446	235	189094	968	968
195488	235	189487	968	968
327494	282	191157	968	968
212143	235	188035	968	968
247034	235	188529	968	968
265906	235	238377	968	968
225517	235	190785	968	968
215590	235	190549	968	968
259723	282	308161	968	968
302926	235	189540	968	968
193738	235	188094	968	968
199299	235	194095	968	968
209835	235	188044	968	968
314813	235	191401	968	968
280448	235	188310	968	968
203364	235	189973	968	968
232553	235	195733	968	968
208448	235	188569	968	968
257589	235	189908	968	968
344880	139	286181	968	968
228534	235	273366	968	968
321740	235	192387	968	968
290467	235	205872	968	968
272170	235	188760	968	968
290647	235	188785	968	968
249771	235	188514	968	968
238537	235	188627	968	968
302007	235	188356	968	968
307043	282	232151	968	968
274265	235	188778	968	968
252550	235	189809	968	968
209731	235	189528	968	968
211495	235	189012	968	968
297740	235	240747	968	968
203750	235	189186	968	968
314169	282	188431	968	968
220957	235	189468	968	968
250518	235	188120	968	968
197168	235	308803	968	968
197956	282	190247	968	968
338345	235	190930	968	968
257542	235	254500	968	968
239514	282	192154	968	968
281784	235	190936	968	968
260769	235	189913	968	968
315421	235	190796	968	968
284293	235	189904	968	968
215242	235	189407	968	968
279671	235	188097	968	968
277996	235	188155	968	968
267823	235	189010	968	968
227648	235	189702	968	968
196558	235	188129	968	968
200523	235	189053	968	968
275061	235	188877	968	968
215087	235	188789	968	968
261525	235	189003	968	968
217432	235	230857	968	968
266472	235	190686	968	968
195937	235	188017	968	968
274150	235	190248	968	968
335658	52	346182	968	968
204078	52	307706	968	968
294136	235	192564	968	968
193703	235	188067	968	968
244242	235	188710	968	968
242967	235	190785	968	968
216352	235	188031	968	968
195606	235	190646	968	968
226017	235	189546	968	968
195996	235	194242	968	968
240514	235	190649	968	968
284956	235	188795	968	968
202197	235	188027	968	968
276869	235	203262	968	968
201617	235	188069	968	968
355425	139	276318	968	968
205804	235	188450	968	968
219275	235	190697	968	968
326861	52	196752	968	968
208819	235	188657	968	968
238906	235	188478	968	968
306350	235	189137	968	968
203523	235	188738	968	968
308164	235	188405	968	968
272415	235	189150	968	968
193660	235	189203	968	968
335248	235	188441	968	968
229069	235	188055	968	968
268557	235	189494	968	968
256385	235	188277	968	968
291443	235	189012	968	968
197579	235	188859	968	968
318172	235	217886	968	968
310682	235	188491	968	968
253920	235	188397	968	968
195643	235	190279	968	968
291588	235	189013	968	968
197729	235	190554	968	968
237227	235	188463	968	968
340364	235	189164	968	968
252026	235	193967	968	968
202518	235	189163	968	968
283519	235	193066	968	968
201086	235	189298	968	968
258679	235	191832	968	968
217210	235	188555	968	968
231807	235	189435	968	968
234970	235	188020	968	968
268368	235	191418	968	968
300135	235	188488	968	968
229014	235	188021	968	968
292298	235	189638	968	968
288040	52	373324	968	968
268896	235	188197	968	968
349775	139	352715	968	968
307295	235	188802	968	968
197256	139	260364	968	968
204195	235	189494	968	968
264036	235	189383	968	968
258803	235	189201	968	968
257500	235	189860	968	968
192411	139	282023	968	968
222414	235	190140	968	968
197590	235	189183	968	968
253898	235	210161	968	968
252471	235	188367	968	968
332238	235	189142	968	968
248582	235	189585	968	968
198013	235	188806	968	968
219960	235	188320	968	968
275061	235	190468	968	968
212471	235	191457	968	968
206380	235	188732	968	968
294779	273	211241	968	968
295078	235	188756	968	968
233634	235	188622	968	968
204837	235	188175	968	968
311068	235	190217	968	968
207424	235	189696	968	968
271551	235	188262	968	968
197416	235	190895	968	968
248391	235	190679	968	968
226631	235	188078	968	968
309343	235	190761	968	968
194092	235	188402	968	968
276944	282	260659	968	968
331910	235	188960	968	968
303505	139	250427	968	968
293809	235	189598	968	968
230214	235	189167	968	968
220909	235	188526	968	968
267995	235	189307	968	968
208375	235	226489	968	968
255745	235	188555	968	968
229195	235	188472	968	968
253215	235	188116	968	968
301462	235	190134	968	968
202842	235	189263	968	968
212770	235	188501	968	968
220126	235	189040	968	968
224440	235	189884	968	968
198729	235	189298	968	968
295569	235	196429	968	968
207276	235	189734	968	968
226349	235	190336	968	968
201778	235	188629	968	968
244380	235	188948	968	968
248181	139	361701	968	968
300506	235	191217	968	968
207267	235	189652	968	968
335938	235	195452	968	968
198384	235	188452	968	968
192967	235	188165	968	968
216204	235	189799	968	968
230259	282	190355	968	968
204497	235	199246	968	968
203069	235	188048	968	968
252220	235	200902	968	968
210813	235	192100	968	968
293505	282	189365	968	968
209749	235	192738	968	968
203160	235	190690	968	968
211354	235	190103	968	968
241983	235	189381	968	968
207077	235	189883	968	968
200199	235	188068	968	968
286582	235	189803	968	968
214320	235	217142	968	968
324006	235	217300	968	968
192033	282	354809	968	968
201224	235	189329	968	968
263688	235	217886	968	968
216288	235	230857	968	968
271355	235	189479	968	968
276315	235	191412	968	968
191818	235	189058	968	968
194586	235	189892	968	968
226492	235	188887	968	968
291650	235	188486	968	968
213617	235	198191	968	968
188382	239	230151	968	968
193569	235	189064	968	968
218127	235	188601	968	968
222611	235	192152	968	968
197880	235	189569	968	968
277536	235	188165	968	968
317739	235	370135	968	968
250008	235	189453	968	968
263185	235	188310	968	968
196728	235	191915	968	968
206428	235	189563	968	968
279353	235	188068	968	968
313670	235	190399	968	968
194619	235	188415	968	968
228032	235	188397	968	968
234140	235	196485	968	968
283139	235	189224	968	968
296870	235	189453	968	968
197350	235	189492	968	968
232684	235	188074	968	968
210094	235	190883	968	968
257991	235	189905	968	968
314348	235	188028	968	968
277641	282	189204	968	968
261288	235	190041	968	968
254691	235	190684	968	968
296186	235	188256	968	968
241145	235	188139	968	968
239256	235	188743	968	968
273806	235	241914	968	968
374771	52	311993	968	968
211931	235	188612	968	968
289220	235	191933	968	968
302332	235	188627	968	968
250309	235	188275	968	968
339746	139	296290	968	968
348182	235	188260	968	968
329514	52	361937	968	968
271662	235	190032	968	968
228310	235	189446	968	968
210625	235	189563	968	968
193703	235	188538	968	968
299463	235	224666	968	968
239473	235	188964	968	968
199200	235	188897	968	968
193814	235	188134	968	968
254728	235	189429	968	968
341214	235	189377	968	968
199413	235	188070	968	968
366971	139	276963	968	968
235076	235	190532	968	968
194415	235	189753	968	968
211481	235	188248	968	968
329801	235	188979	968	968
298939	235	188076	968	968
208437	235	190468	968	968
257597	235	248675	968	968
222632	235	189653	968	968
287431	235	188865	968	968
242330	235	189466	968	968
201987	235	201315	968	968
339746	139	237033	968	968
277338	235	193536	968	968
304438	235	188820	968	968
230869	235	188355	968	968
297082	235	188041	968	968
209751	235	188803	968	968
260286	235	189975	968	968
215927	235	188003	968	968
206975	235	191821	968	968
239049	235	188358	968	968
192829	235	190405	968	968
291900	235	189013	968	968
212768	235	188312	968	968
209873	235	188317	968	968
270285	235	188223	968	968
364864	282	188124	968	968
260429	235	190090	968	968
263502	235	190179	968	968
248924	235	205872	968	968
201452	235	188330	968	968
199674	235	188408	968	968
207533	235	190289	968	968
331290	235	217300	968	968
292832	235	191494	968	968
315228	235	189209	968	968
196604	235	189303	968	968
207415	235	191625	968	968
299785	235	188864	968	968
226705	235	189775	968	968
194131	235	196099	968	968
274166	235	189715	968	968
205891	235	188386	968	968
297403	52	363553	968	968
282807	235	188773	968	968
265492	235	189134	968	968
327665	235	188155	968	968
282340	235	189021	968	968
282412	282	343150	968	968
373324	139	311379	968	968
293353	235	188895	968	968
315861	235	188476	968	968
206397	235	198667	968	968
207271	235	189263	968	968
266925	235	192108	968	968
289013	235	192340	968	968
191595	139	210740	968	968
205903	235	189443	968	968
232212	235	191060	968	968
208231	235	191217	968	968
217203	235	191962	968	968
243938	235	189072	968	968
256708	235	188782	968	968
194128	235	192230	968	968
240445	235	188067	968	968
261141	235	192735	968	968
283098	235	189102	968	968
257619	235	190278	968	968
279008	235	188217	968	968
268093	235	188028	968	968
375487	235	188139	968	968
242697	235	188839	968	968
279064	235	188175	968	968
256717	235	189289	968	968
192321	235	189699	968	968
339746	139	299327	968	968
260800	282	203375	968	968
263989	235	189124	968	968
216802	235	188487	968	968
300129	235	189047	968	968
200613	235	189166	968	968
242558	235	189072	968	968
285130	235	188200	968	968
315430	235	197957	968	968
295555	139	298850	968	968
366961	235	279331	968	968
276533	235	192284	968	968
236521	235	190032	968	968
245569	235	189793	968	968
203063	235	189918	968	968
236373	235	190066	968	968
221397	282	188295	968	968
198731	235	195785	968	968
196798	235	188003	968	968
319065	282	325128	968	968
194313	235	188555	968	968
234192	235	191883	968	968
333339	235	189371	968	968
195869	235	189600	968	968
250971	235	188803	968	968
299874	235	201468	968	968
200560	235	188393	968	968
223966	235	190519	968	968
280037	235	192248	968	968
230445	235	188163	968	968
289195	235	309419	968	968
201830	235	193111	968	968
235243	235	193822	968	968
315228	235	189320	968	968
299029	235	188348	968	968
194202	235	188044	968	968
276760	235	188231	968	968
198540	235	188378	968	968
283688	235	188719	968	968
260282	235	191478	968	968
216543	235	189775	968	968
278068	282	190128	968	968
193260	235	189322	968	968
290774	235	188803	968	968
214681	282	190779	968	968
234474	52	343681	968	968
261048	282	192253	968	968
236394	235	191648	968	968
246782	235	189453	968	968
197902	235	190772	968	968
236224	235	188139	968	968
243796	282	309554	968	968
195937	235	189707	968	968
312300	235	188567	968	968
213127	235	190094	968	968
324399	52	318680	968	968
317312	235	190217	968	968
245786	282	282565	968	968
222884	235	190408	968	968
329616	139	246296	968	968
275450	235	190227	968	968
204649	235	188250	968	968
245090	235	188524	968	968
212688	235	189736	968	968
351013	282	333239	968	968
221017	235	188250	968	968
190983	235	190069	968	968
215161	235	205872	968	968
317621	235	217300	968	968
277536	235	188420	968	968
314051	282	201664	968	968
217384	235	190408	968	968
199245	235	188064	968	968
292146	235	189193	968	968
259446	235	189053	968	968
209512	235	188895	968	968
261877	235	188432	968	968
273228	235	192711	968	968
252723	235	190041	968	968
218248	235	191291	968	968
272017	235	188072	968	968
213906	282	192073	968	968
210756	235	189846	968	968
260536	235	190969	968	968
220016	235	189707	968	968
206161	235	189126	968	968
291290	235	188106	968	968
200136	235	188894	968	968
307292	235	189391	968	968
290710	235	188820	968	968
239520	235	188415	968	968
205762	235	188778	968	968
352910	282	203375	968	968
216277	235	189244	968	968
203160	235	190468	968	968
338301	282	370415	968	968
200046	235	191494	968	968
209132	235	188227	968	968
235232	235	188452	968	968
290774	235	188656	968	968
202410	235	198299	968	968
227646	235	190701	968	968
336548	282	215903	968	968
371784	235	196395	968	968
375664	235	188405	968	968
223793	235	188105	968	968
213520	235	188034	968	968
354977	282	192030	968	968
244499	235	188907	968	968
236243	235	188220	968	968
228397	235	189696	968	968
268793	235	190378	968	968
225978	235	191494	968	968
193834	235	191275	968	968
258415	235	196401	968	968
316130	282	218854	968	968
207693	235	188381	968	968
199557	235	189622	968	968
270065	235	188381	968	968
232229	235	189904	968	968
252723	235	190409	968	968
204827	235	190555	968	968
227269	235	188331	968	968
278798	235	189215	968	968
263599	235	188725	968	968
339746	139	279278	968	968
250522	235	193840	968	968
287324	235	189035	968	968
252298	235	274455	968	968
194823	52	190247	968	968
284868	235	188398	968	968
294136	235	188772	968	968
198771	235	190838	968	968
242681	235	189542	968	968
217982	235	190785	968	968
297077	235	189696	968	968
315546	282	199826	968	968
202020	235	190451	968	968
196811	235	190032	968	968
344514	235	188498	968	968
200033	235	188026	968	968
199049	235	191511	968	968
219251	235	188128	968	968
247569	235	190278	968	968
212418	235	189188	968	968
213146	235	188977	968	968
208436	235	191092	968	968
338852	52	365234	968	968
311181	235	188802	968	968
210377	235	189103	968	968
279353	235	188037	968	968
206922	235	188993	968	968
213051	235	190711	968	968
235733	235	189883	968	968
294710	235	188050	968	968
205572	235	188545	968	968
249311	235	189383	968	968
277884	235	188895	968	968
357890	282	189365	968	968
207874	235	189696	968	968
251548	235	189483	968	968
271898	235	189597	968	968
295400	235	189019	968	968
244734	235	189383	968	968
273424	235	189509	968	968
194116	235	189492	968	968
251043	235	190311	968	968
249160	235	193123	968	968
194533	235	190069	968	968
280709	235	189598	968	968
303281	282	308161	968	968
229794	235	188048	968	968
203863	235	188207	968	968
296886	235	189375	968	968
297642	235	188795	968	968
203908	235	189646	968	968
213893	235	188590	968	968
246255	235	370128	968	968
287381	235	227984	968	968
271334	235	188268	968	968
365102	282	191728	968	968
319477	235	191457	968	968
200135	235	188020	968	968
212925	235	189975	968	968
199450	235	189645	968	968
199169	235	190675	968	968
195122	235	189067	968	968
197539	235	189470	968	968
356383	139	191618	968	968
204923	235	189054	968	968
236739	235	188254	968	968
304357	235	188761	968	968
310986	235	230302	968	968
261308	139	351736	968	968
197089	235	189441	968	968
291220	235	190275	968	968
203129	235	189441	968	968
194707	52	332808	968	968
292245	235	238377	968	968
263609	235	189559	968	968
259873	235	189043	968	968
278075	235	188694	968	968
226963	235	190152	968	968
200196	235	188277	968	968
276630	235	189208	968	968
214163	235	188088	968	968
195973	235	189116	968	968
344772	52	193633	968	968
315624	235	188395	968	968
198647	235	191614	968	968
199055	235	191416	968	968
204115	235	188778	968	968
351510	235	191594	968	968
225940	235	190041	968	968
270801	235	189543	968	968
268838	235	188059	968	968
227814	235	188109	968	968
263187	235	191434	968	968
204540	235	209889	968	968
274693	235	188259	968	968
285048	282	191076	968	968
207446	235	192781	968	968
297655	235	189383	968	968
298537	235	190251	968	968
317038	235	188486	968	968
238614	235	188638	968	968
310145	282	203087	968	968
253503	235	190934	968	968
248572	235	188702	968	968
210774	235	188869	968	968
244108	235	188627	968	968
196550	282	189693	968	968
217649	235	189680	968	968
207205	235	188478	968	968
265661	282	323869	968	968
263304	235	188859	968	968
327423	235	189529	968	968
202558	235	188610	968	968
293786	235	190785	968	968
192888	235	206071	968	968
203424	235	188906	968	968
215527	235	188640	968	968
232611	235	191163	968	968
220005	235	189555	968	968
199465	235	192142	968	968
353448	282	355794	968	968
225211	235	188820	968	968
218132	235	195452	968	968
313992	235	188294	968	968
278674	235	189198	968	968
206197	282	346946	968	968
247121	235	194516	968	968
274083	235	188665	968	968
317675	235	193491	968	968
227494	235	190095	968	968
261610	52	327700	968	968
272738	235	188509	968	968
234167	235	188246	968	968
211934	235	190285	968	968
304358	235	189728	968	968
239473	235	189338	968	968
285823	235	192766	968	968
228017	235	188940	968	968
312042	282	220607	968	968
194242	239	323018	968	968
263739	235	201962	968	968
272484	235	191731	968	968
203653	235	194080	968	968
205162	235	188364	968	968
290137	282	214186	968	968
224940	235	188622	968	968
276771	235	191354	968	968
294116	235	189745	968	968
314514	235	188028	968	968
225115	235	245392	968	968
215348	235	202890	968	968
202258	235	189697	968	968
196145	235	243272	968	968
305172	235	263788	968	968
364326	282	189365	968	968
192232	235	188793	968	968
317599	235	191982	968	968
202857	235	195177	968	968
206474	235	188371	968	968
258596	235	188153	968	968
240944	235	229820	968	968
312915	235	190545	968	968
224962	235	188781	968	968
213664	235	190285	968	968
208473	235	189763	968	968
221500	235	188886	968	968
230057	235	188162	968	968
199705	235	188778	968	968
311741	235	188249	968	968
262687	235	188298	968	968
250200	235	188815	968	968
244059	235	188027	968	968
311181	235	188067	968	968
246676	235	191883	968	968
231627	235	189287	968	968
278855	235	189892	968	968
324112	235	188294	968	968
235232	235	188498	968	968
213604	235	189600	968	968
288199	235	188180	968	968
198896	235	189321	968	968
314896	235	229343	968	968
301027	235	189429	968	968
253500	235	196095	968	968
199815	235	188702	968	968
260344	235	191254	968	968
346182	139	233244	968	968
304881	235	188073	968	968
195707	235	267363	968	968
244604	235	189296	968	968
349031	282	338580	968	968
211847	235	191871	968	968
259214	282	195077	968	968
203104	235	188414	968	968
265493	235	188259	968	968
278130	235	190513	968	968
218664	235	188223	968	968
200153	235	189094	968	968
299318	235	188175	968	968
276008	235	188877	968	968
229639	235	190227	968	968
233889	235	189444	968	968
285606	235	188770	968	968
255938	235	188148	968	968
209657	235	188526	968	968
306197	235	190628	968	968
213234	235	188992	968	968
256233	235	196099	968	968
329892	235	193399	968	968
196818	235	223631	968	968
312202	282	289350	968	968
298693	235	188397	968	968
228760	235	189499	968	968
304357	235	188414	968	968
216714	235	188143	968	968
225782	282	194869	968	968
202486	235	189540	968	968
325158	235	190628	968	968
337506	235	190172	968	968
218342	235	188950	968	968
237618	235	190007	968	968
210647	235	190186	968	968
228897	235	196485	968	968
273971	235	188887	968	968
196128	235	188330	968	968
256252	235	210161	968	968
285512	282	260659	968	968
192021	235	190650	968	968
264305	235	230302	968	968
302642	235	188805	968	968
254725	235	189943	968	968
293715	52	356277	968	968
211790	235	189346	968	968
233170	235	188478	968	968
285134	235	192511	968	968
194569	235	189322	968	968
353353	282	323869	968	968
319291	235	188801	968	968
293821	235	188074	968	968
298850	52	295555	968	968
264379	235	192192	968	968
203628	52	338690	968	968
366961	235	203608	968	968
254166	235	191112	968	968
209213	235	189913	968	968
193865	235	189531	968	968
275050	235	189085	968	968
196644	235	193111	968	968
353331	235	188689	968	968
231291	282	356277	968	968
207845	235	188872	968	968
224057	235	188610	968	968
197520	235	189370	968	968
302228	235	190223	968	968
242789	235	190680	968	968
205445	235	190451	968	968
351510	235	212287	968	968
192478	235	188490	968	968
211997	235	188890	968	968
369020	235	315241	968	968
347830	282	191515	968	968
361447	282	203375	968	968
298539	235	190073	968	968
251873	235	191304	968	968
208507	235	189622	968	968
248572	235	188782	968	968
223517	235	188816	968	968
261498	235	189453	968	968
224299	235	191143	968	968
258319	235	189146	968	968
233058	235	188754	968	968
197610	235	190838	968	968
235791	235	189894	968	968
284313	235	189449	968	968
267837	235	192005	968	968
372984	282	355478	968	968
265027	235	188066	968	968
339746	139	192032	968	968
202828	235	189134	968	968
336423	235	188620	968	968
266107	235	278186	968	968
271985	235	190017	968	968
283571	282	338376	968	968
280975	235	188136	968	968
278855	235	190664	968	968
200842	277	189490	968	968
274802	235	189110	968	968
262491	235	188666	968	968
204649	235	188164	968	968
329843	235	189780	968	968
318576	282	237254	968	968
226312	235	188856	968	968
265028	235	188946	968	968
216105	235	189141	968	968
253773	235	193234	968	968
274528	235	189396	968	968
219960	235	188556	968	968
222755	235	190062	968	968
220935	235	189679	968	968
311799	235	191305	968	968
194157	235	342862	968	968
208346	235	188677	968	968
265914	235	188132	968	968
208948	235	188270	968	968
227819	235	188864	968	968
315538	235	189972	968	968
213836	235	189763	968	968
293348	235	210161	968	968
235763	235	189471	968	968
210859	235	188396	968	968
232245	235	189036	968	968
235444	235	190227	968	968
210430	235	195733	968	968
198758	235	188605	968	968
198292	52	355676	968	968
289270	235	191901	968	968
201956	235	189351	968	968
240446	235	204541	968	968
204504	235	189036	968	968
220179	235	218933	968	968
313783	282	200824	968	968
227862	235	223925	968	968
280700	235	188754	968	968
262902	235	188802	968	968
218649	235	190007	968	968
274255	235	190674	968	968
291793	235	190399	968	968
253123	235	188754	968	968
236169	235	191580	968	968
248181	139	292534	968	968
200877	235	188419	968	968
200283	235	188068	968	968
353386	282	288910	968	968
297104	235	196160	968	968
253239	235	188378	968	968
278637	235	191494	968	968
270050	235	188206	968	968
331374	139	308989	968	968
275934	235	188078	968	968
306103	235	192188	968	968
239799	235	198583	968	968
312863	235	189453	968	968
199746	235	188546	968	968
302646	235	188337	968	968
324425	235	189379	968	968
303742	235	189809	968	968
195532	235	190665	968	968
197804	235	188147	968	968
198480	235	192034	968	968
205138	235	193571	968	968
217479	235	188743	968	968
253056	235	189293	968	968
214126	235	188740	968	968
228112	235	188418	968	968
374895	235	188689	968	968
243341	235	189990	968	968
192410	282	363857	968	968
260585	235	188237	968	968
276462	235	191990	968	968
326866	42	279485	968	968
234004	235	188558	968	968
207589	235	191163	968	968
210483	235	189277	968	968
195815	235	188720	968	968
213285	235	189410	968	968
234467	235	188742	968	968
316827	235	189421	968	968
206975	235	195620	968	968
189734	239	275419	968	968
196029	235	268306	968	968
203413	235	190073	968	968
237239	235	216018	968	968
252397	235	195030	968	968
254058	235	190954	968	968
194424	235	189276	968	968
211667	235	188662	968	968
257397	235	188940	968	968
324399	52	197448	968	968
199992	235	188146	968	968
300754	282	191157	968	968
292869	235	190468	968	968
253804	235	192744	968	968
280284	235	189201	968	968
299458	235	188928	968	968
247375	235	188397	968	968
228185	235	189371	968	968
241086	282	316714	968	968
221340	235	190223	968	968
203656	235	189149	968	968
201207	235	230857	968	968
235275	235	188441	968	968
260163	235	189307	968	968
203981	235	192735	968	968
264937	235	188076	968	968
298850	282	295555	968	968
189636	239	217249	968	968
232327	235	188633	968	968
299644	235	193249	968	968
304776	235	189690	968	968
292041	235	205456	968	968
312078	235	189007	968	968
290842	235	189501	968	968
233705	235	188538	968	968
308852	235	192091	968	968
207289	235	190005	968	968
259922	235	188414	968	968
233308	235	188555	968	968
270698	235	193338	968	968
237200	235	193399	968	968
342694	235	244941	968	968
223962	235	188264	968	968
233325	235	188906	968	968
324179	235	188197	968	968
254177	235	191199	968	968
279595	235	188087	968	968
196127	235	224166	968	968
203580	235	188051	968	968
281521	235	216660	968	968
192341	235	270266	968	968
242039	235	188772	968	968
198061	235	188259	968	968
208225	235	192638	968	968
266130	235	191954	968	968
280940	235	189552	968	968
222405	235	190960	968	968
212417	235	188451	968	968
281997	235	188341	968	968
198204	235	188558	968	968
241225	235	192167	968	968
197827	235	192751	968	968
281560	235	190227	968	968
259270	235	190584	968	968
267785	235	217886	968	968
277984	235	188801	968	968
195267	235	190883	968	968
238525	235	193466	968	968
196613	235	190285	968	968
235884	235	189509	968	968
213590	235	189123	968	968
235487	235	188601	968	968
298879	235	218933	968	968
296715	235	188701	968	968
299871	235	188098	968	968
200672	235	188682	968	968
252852	235	200395	968	968
241865	282	188930	968	968
250538	235	194881	968	968
201001	235	189715	968	968
216713	235	189398	968	968
299963	235	190968	968	968
222707	235	188895	968	968
285837	235	188074	968	968
227814	235	188202	968	968
311576	52	346182	968	968
293699	235	188436	968	968
233090	235	189752	968	968
205653	235	188660	968	968
265411	285	313498	968	968
212196	235	190900	968	968
222802	235	189292	968	968
316116	235	194599	968	968
255273	235	188385	968	968
209540	235	191811	968	968
258534	235	190149	968	968
278798	235	188665	968	968
302055	52	272187	968	968
267731	235	188067	968	968
239901	235	193782	968	968
264176	235	189433	968	968
275570	235	189394	968	968
290710	235	190883	968	968
288992	235	189102	968	968
239371	235	188778	968	968
253976	235	188219	968	968
256868	235	191494	968	968
232635	235	191832	968	968
200685	235	188441	968	968
281229	235	188906	968	968
300200	235	190935	968	968
217276	235	188756	968	968
199526	235	189023	968	968
257301	235	188373	968	968
260512	235	188140	968	968
298859	235	188567	968	968
375253	235	190228	968	968
274466	235	190465	968	968
206407	235	189494	968	968
231511	235	190701	968	968
299664	235	188173	968	968
290059	235	189539	968	968
275357	235	192318	968	968
317637	235	278067	968	968
266906	235	188091	968	968
211988	282	189365	968	968
342522	52	331038	968	968
277239	235	189018	968	968
356383	139	323269	968	968
301802	235	189041	968	968
244495	235	188900	968	968
271596	235	196046	968	968
250671	235	194891	968	968
223991	235	202963	968	968
202260	235	190697	968	968
280160	235	188776	968	968
298174	235	226489	968	968
276315	235	224283	968	968
271596	235	195733	968	968
262515	235	246065	968	968
294405	235	189433	968	968
237618	235	190576	968	968
214158	235	188545	968	968
224682	139	248906	968	968
284844	235	191487	968	968
289521	235	188441	968	968
235985	235	188070	968	968
370001	139	305110	968	968
205792	235	188472	968	968
194262	235	192511	968	968
218520	235	188056	968	968
200990	235	189657	968	968
297225	282	366365	968	968
324161	235	188242	968	968
290723	235	188694	968	968
204821	235	188304	968	968
265042	235	198146	968	968
195416	235	313544	968	968
264393	235	188802	968	968
242936	235	188153	968	968
280709	235	191020	968	968
263696	235	198759	968	968
257759	235	195030	968	968
282913	235	190251	968	968
201970	235	188129	968	968
213404	235	189924	968	968
191514	139	250437	968	968
200658	235	188454	968	968
245151	235	191112	968	968
249311	235	188761	968	968
351818	235	191071	968	968
225402	235	189919	968	968
328590	282	190599	968	968
239002	235	189530	968	968
225809	235	188781	968	968
343410	235	188667	968	968
234793	235	189550	968	968
365234	139	283064	968	968
262934	235	188768	968	968
279773	235	188473	968	968
193759	139	341081	968	968
196218	235	190032	968	968
265900	235	190149	968	968
251607	282	296196	968	968
372984	282	355478	968	968
201964	235	188441	968	968
192988	267	293478	968	968
195449	235	195148	968	968
245494	235	190803	968	968
245011	282	189654	968	968
192325	282	275663	968	968
236087	235	189610	968	968
202483	235	188387	968	968
206457	235	189413	968	968
267002	235	189780	968	968
204282	235	188141	968	968
255698	235	238377	968	968
265632	235	189892	968	968
273539	235	193453	968	968
303630	235	189254	968	968
281855	235	190275	968	968
268056	235	191092	968	968
230485	235	189435	968	968
277990	235	193453	968	968
195377	235	188044	968	968
243926	235	199411	968	968
254644	235	188387	968	968
338802	235	190115	968	968
212621	235	188291	968	968
193738	235	188098	968	968
218362	235	194003	968	968
214550	235	191500	968	968
261379	235	190542	968	968
195292	235	188839	968	968
370541	52	338889	968	968
364954	282	337799	968	968
270939	235	189453	968	968
284906	235	189452	968	968
247112	235	238377	968	968
323800	282	308970	968	968
322918	235	189462	968	968
290143	235	188880	968	968
253629	235	190141	968	968
209986	235	199411	968	968
198257	235	197801	968	968
270542	235	191689	968	968
217975	235	189621	968	968
211932	235	190882	968	968
222321	235	188476	968	968
288551	235	189911	968	968
212113	235	189798	968	968
206594	282	190917	968	968
204269	235	188148	968	968
339746	139	260071	968	968
229787	235	189968	968	968
314420	235	215192	968	968
196161	139	225922	968	968
265402	235	188558	968	968
283563	235	189137	968	968
289741	235	190264	968	968
209518	235	188733	968	968
241439	235	190841	968	968
231406	235	215458	968	968
213757	235	189528	968	968
365925	235	190598	968	968
318038	235	189357	968	968
192501	52	313793	968	968
209866	235	188129	968	968
200703	235	226489	968	968
297999	235	200395	968	968
292677	235	229343	968	968
233258	235	190090	968	968
282512	235	190179	968	968
281729	235	188710	968	968
218520	235	188011	968	968
214504	235	209765	968	968
271976	235	205877	968	968
256190	282	339750	968	968
210530	235	188450	968	968
255750	235	196227	968	968
196438	235	188029	968	968
214272	235	188768	968	968
241971	235	189880	968	968
245738	235	188582	968	968
374551	235	189669	968	968
225980	235	188627	968	968
231474	235	191832	968	968
207948	235	188754	968	968
277946	235	189962	968	968
322420	139	212372	968	968
205849	235	231141	968	968
219423	235	190955	968	968
208732	235	189929	968	968
310056	235	188146	968	968
200710	235	188319	968	968
325528	235	243660	968	968
287215	235	192004	968	968
306966	235	188185	968	968
219416	235	191851	968	968
301836	235	188784	968	968
195619	235	188869	968	968
208544	235	217300	968	968
309863	282	189305	968	968
289767	235	188105	968	968
218156	235	205025	968	968
269468	235	189422	968	968
188715	282	354809	968	968
215770	235	188189	968	968
282861	235	190399	968	968
196381	235	192751	968	968
336374	235	188801	968	968
304714	235	190850	968	968
233977	235	189692	968	968
358771	52	231594	968	968
273967	235	188877	968	968
340937	235	227321	968	968
246375	282	219793	968	968
255347	235	190033	968	968
189432	139	356932	968	968
222755	235	189715	968	968
209507	235	188560	968	968
205660	235	191426	968	968
351948	139	246746	968	968
290259	235	190041	968	968
267932	235	196023	968	968
306627	235	188754	968	968
274507	235	188206	968	968
201431	235	189383	968	968
219317	235	188760	968	968
246355	235	188803	968	968
230311	235	188162	968	968
265126	235	261866	968	968
280788	235	188589	968	968
290902	235	190809	968	968
206749	235	190072	968	968
206067	235	188222	968	968
218404	235	189202	968	968
283866	235	189391	968	968
195262	235	190642	968	968
257240	235	188539	968	968
240228	235	188122	968	968
253596	235	189307	968	968
278659	235	189193	968	968
195602	235	190824	968	968
313867	235	188627	968	968
253331	235	192079	968	968
210079	235	188524	968	968
283980	235	188803	968	968
340091	235	189762	968	968
300201	235	189121	968	968
244517	235	188025	968	968
338725	235	188143	968	968
356932	282	188889	968	968
223463	235	190697	968	968
198504	235	188638	968	968
211269	235	189509	968	968
283829	235	189118	968	968
210581	235	189265	968	968
199680	235	191805	968	968
195678	235	189583	968	968
253089	235	192219	968	968
272524	235	188185	968	968
252917	235	193111	968	968
323277	235	188260	968	968
212733	235	189692	968	968
197448	139	308107	968	968
218066	235	190950	968	968
254318	235	193399	968	968
316880	235	190172	968	968
268665	235	205972	968	968
205218	235	239858	968	968
199231	235	188830	968	968
308968	235	188774	968	968
268703	235	265139	968	968
228919	235	190125	968	968
298882	235	188601	968	968
204695	235	189970	968	968
263064	235	195726	968	968
262638	235	189692	968	968
218320	235	188263	968	968
208307	235	188044	968	968
288335	282	214389	968	968
275938	235	189564	968	968
308943	235	192204	968	968
238360	235	191915	968	968
205122	235	188585	968	968
310824	235	189253	968	968
346182	139	311576	968	968
318178	235	192233	968	968
260724	235	198459	968	968
265493	235	188076	968	968
242798	235	188514	968	968
223135	235	190954	968	968
232790	235	193189	968	968
213207	235	189752	968	968
305064	235	189449	968	968
221397	282	191050	968	968
223916	235	188695	968	968
295875	235	188614	968	968
237962	235	201155	968	968
335839	235	202048	968	968
374771	52	356206	968	968
209523	235	198773	968	968
216915	235	188202	968	968
195668	235	190070	968	968
205825	235	190082	968	968
216358	235	188201	968	968
283563	235	188524	968	968
355827	235	190595	968	968
247360	235	189857	968	968
237631	235	188893	968	968
273466	235	190739	968	968
197585	235	188958	968	968
282690	235	188452	968	968
257300	235	188655	968	968
299447	235	189769	968	968
216525	235	189575	968	968
289089	235	189369	968	968
270349	235	188059	968	968
213163	235	188476	968	968
286583	235	189986	968	968
208735	235	190914	968	968
229056	235	191426	968	968
365402	282	209747	968	968
248569	235	189351	968	968
201769	235	188801	968	968
201556	235	223636	968	968
258288	235	189720	968	968
288437	282	369885	968	968
235769	235	188742	968	968
199815	235	189528	968	968
244909	235	188444	968	968
222582	235	188385	968	968
212905	235	193748	968	968
195739	235	194095	968	968
213195	235	212222	968	968
274960	235	192914	968	968
257138	235	218522	968	968
329514	52	328752	968	968
205745	235	189044	968	968
326823	282	354999	968	968
235263	235	191181	968	968
280804	235	205425	968	968
218328	235	208147	968	968
188284	239	259257	968	968
210610	235	188420	968	968
204239	235	188025	968	968
364004	235	296699	968	968
194532	235	188241	968	968
214424	235	193015	968	968
212201	235	188192	968	968
193542	235	190070	968	968
286205	235	189515	968	968
221424	235	190289	968	968
245745	235	188050	968	968
240281	235	189003	968	968
250897	235	188028	968	968
249189	235	188106	968	968
209988	235	188237	968	968
213601	235	189692	968	968
238483	235	190928	968	968
276946	235	203262	968	968
288681	235	188801	968	968
243815	235	188202	968	968
203311	235	191131	968	968
202525	235	190935	968	968
332346	235	188955	968	968
268114	235	188304	968	968
197812	235	189524	968	968
199310	235	188488	968	968
277448	282	366365	968	968
367484	139	199419	968	968
209070	235	189307	968	968
352715	282	349775	968	968
201032	235	188010	968	968
215497	235	190090	968	968
230590	235	188202	968	968
285181	235	189102	968	968
254057	235	189042	968	968
297444	235	189769	968	968
208886	235	192149	968	968
270212	235	193342	968	968
326060	235	193216	968	968
216978	235	188516	968	968
339746	139	288006	968	968
210405	235	190140	968	968
286748	235	191142	968	968
259783	235	188613	968	968
261288	235	189419	968	968
276064	235	195331	968	968
211535	235	189189	968	968
280630	282	191205	968	968
202172	235	189499	968	968
301414	235	188705	968	968
221381	235	189037	968	968
244696	235	194080	968	968
265805	282	193882	968	968
302496	235	189139	968	968
293128	235	188259	968	968
226772	235	295069	968	968
202672	235	188506	968	968
230267	235	188031	968	968
275219	235	189501	968	968
208435	235	188450	968	968
218975	235	189887	968	968
282824	235	192467	968	968
306966	235	189417	968	968
231171	235	188163	968	968
192384	235	192108	968	968
250042	235	190141	968	968
206421	235	276344	968	968
318222	282	192069	968	968
250811	235	188312	968	968
282609	235	188556	968	968
250984	245	225714	968	968
202292	235	188044	968	968
208710	235	188502	968	968
225317	235	188390	968	968
195671	235	188920	968	968
198610	235	188061	968	968
274397	235	281995	968	968
243926	235	189167	968	968
236490	235	190367	968	968
198832	235	190968	968	968
197752	235	188035	968	968
244079	235	188242	968	968
208874	235	190103	968	968
247462	235	190367	968	968
217879	235	192269	968	968
214936	235	189539	968	968
226754	235	188017	968	968
366227	52	347585	968	968
374624	49	220215	968	968
224695	235	190378	968	968
209885	235	203624	968	968
224911	235	189189	968	968
195130	235	188754	968	968
374771	52	350435	968	968
203756	235	189197	968	968
276989	235	188694	968	968
197765	235	194291	968	968
209938	235	188243	968	968
268000	282	230859	968	968
198417	235	188050	968	968
338741	235	214346	968	968
300910	235	188596	968	968
207638	235	190899	968	968
282097	235	189564	968	968
343571	235	204396	968	968
287456	235	189259	968	968
290452	235	188472	968	968
264704	235	188028	968	968
249626	235	189175	968	968
244471	235	193179	968	968
286058	235	188778	968	968
230055	235	188948	968	968
266107	235	188820	968	968
202015	235	189004	968	968
235884	235	190399	968	968
254985	235	189524	968	968
312150	282	309554	968	968
213793	235	188659	968	968
196026	235	189970	968	968
232921	235	191118	968	968
207250	235	191434	968	968
205226	235	189740	968	968
306801	235	188557	968	968
217146	235	188319	968	968
199578	235	212979	968	968
228897	235	189262	968	968
210145	235	188790	968	968
286887	235	190402	968	968
213256	235	191087	968	968
216444	235	188440	968	968
245253	235	189023	968	968
200355	235	189422	968	968
268592	235	189816	968	968
329514	282	284614	968	968
242153	282	370647	968	968
232527	235	191206	968	968
257594	235	209889	968	968
253831	235	188420	968	968
281392	235	192390	968	968
256403	235	189596	968	968
204582	235	233618	968	968
255217	235	188173	968	968
257507	235	189895	968	968
288378	235	188395	968	968
212581	235	188237	968	968
207385	235	189160	968	968
256620	235	188567	968	968
212713	235	190551	968	968
253959	235	265139	968	968
337003	235	188801	968	968
247815	235	206745	968	968
271114	235	188761	968	968
268839	235	192751	968	968
237397	235	188139	968	968
293210	235	188803	968	968
315636	235	189749	968	968
218585	235	198759	968	968
198117	235	205350	968	968
288820	235	188627	968	968
248432	235	189747	968	968
198729	235	190925	968	968
294381	235	189523	968	968
196954	235	190298	968	968
198640	235	189307	968	968
205863	235	195327	968	968
215160	235	316616	968	968
193694	235	188452	968	968
317087	235	194357	968	968
198200	235	188851	968	968
205651	235	188893	968	968
207051	235	225154	968	968
194781	235	193066	968	968
264470	235	188338	968	968
285231	235	189189	968	968
283219	235	208681	968	968
328275	282	190811	968	968
316448	282	224080	968	968
307384	235	217765	968	968
266925	235	190558	968	968
270292	235	190167	968	968
264273	235	225167	968	968
267587	235	189232	968	968
219417	235	213634	968	968
262733	235	188979	968	968
202239	235	189086	968	968
202352	235	189044	968	968
319642	235	318917	968	968
235188	235	189351	968	968
198057	235	189708	968	968
209807	235	188980	968	968
294675	235	189464	968	968
230803	235	188480	968	968
222208	235	191193	968	968
245894	235	188740	968	968
300104	235	189696	968	968
297413	235	188106	968	968
232511	235	188827	968	968
217062	235	192204	968	968
198500	235	188843	968	968
315915	235	189559	968	968
210549	235	190883	968	968
267554	235	189252	968	968
314420	235	189797	968	968
284614	139	223640	968	968
198389	235	189242	968	968
368716	235	189236	968	968
258596	235	188281	968	968
292361	235	188106	968	968
324989	235	192214	968	968
194103	235	188419	968	968
300449	235	188557	968	968
