352726	282	191564	921	921
248815	52	189693	921	921
371934	52	189204	921	921
369667	49	190181	921	921
334593	282	189992	921	921
293078	52	189856	921	921
232821	235	188021	921	921
307638	52	189693	921	921
193710	52	190247	921	921
222757	163	225929	921	921
209537	235	188055	921	921
200023	235	190584	921	921
297254	282	188295	921	921
336051	282	190973	921	921
193616	52	188930	921	921
211566	235	188061	921	921
198230	52	188930	921	921
304798	49	272541	921	921
264994	282	188077	921	921
243950	235	188050	921	921
261308	139	279597	921	921
343217	282	188077	921	921
308003	52	349167	921	921
207245	282	191098	921	921
235485	235	188617	921	921
268791	282	196764	921	921
211919	282	188077	921	921
222326	235	188210	921	921
287420	52	189693	921	921
342432	282	343173	921	921
319244	282	188292	921	921
281497	52	338690	921	921
234808	235	188041	921	921
300612	282	226761	921	921
190282	282	309306	921	921
227793	282	251227	921	921
330537	52	189204	921	921
343544	52	189693	921	921
333578	282	372490	921	921
253524	49	188380	921	921
358243	282	188077	921	921
234626	235	188386	921	921
252480	49	264571	921	921
361258	282	195967	921	921
298123	282	372490	921	921
355380	139	222318	921	921
221628	282	188077	921	921
232549	235	188872	921	921
227800	282	192128	921	921
188122	239	200179	921	921
307706	139	191082	921	921
254436	49	191744	921	921
235406	52	295555	921	921
265439	282	188930	921	921
217783	52	189204	921	921
224243	235	188612	921	921
207858	282	190371	921	921
228105	282	358007	921	921
252269	282	192645	921	921
203635	235	190773	921	921
209471	235	188474	921	921
275536	282	192154	921	921
208471	282	192301	921	921
188114	267	241460	921	921
191906	282	192154	921	921
191082	282	307706	921	921
219342	52	295555	921	921
221448	235	189232	921	921
231769	282	188077	921	921
231130	282	189300	921	921
250713	164	295717	921	921
273031	235	190222	921	921
238697	49	188325	921	921
289431	282	192128	921	921
303650	282	188077	921	921
364425	52	189693	921	921
276662	282	190938	921	921
239444	235	188581	921	921
297269	49	189025	921	921
296943	282	189113	921	921
240695	235	194679	921	921
293509	52	189204	921	921
297099	235	188268	921	921
227832	52	261308	921	921
245362	282	205525	921	921
280608	235	188247	921	921
264443	52	188930	921	921
234185	52	267546	921	921
255268	282	196670	921	921
371218	282	190713	921	921
284585	52	189693	921	921
335754	49	356675	921	921
216297	52	188930	921	921
215407	282	188077	921	921
199600	235	188210	921	921
271501	52	288910	921	921
219095	282	240909	921	921
238636	282	190770	921	921
194877	52	307706	921	921
200881	282	204782	921	921
249776	52	189693	921	921
208920	282	192128	921	921
255177	282	190784	921	921
190783	139	230027	921	921
193736	235	190881	921	921
227200	282	375593	921	921
194733	282	346702	921	921
337042	282	282301	921	921
289431	52	361667	921	921
310176	52	189693	921	921
360777	52	189856	921	921
191845	139	328842	921	921
248537	49	221309	921	921
207286	235	188532	921	921
366382	282	190783	921	921
374145	282	188431	921	921
206715	282	188295	921	921
192301	139	208471	921	921
236716	235	188555	921	921
194402	282	192128	921	921
294702	49	200639	921	921
213519	235	188481	921	921
285189	282	190342	921	921
232239	282	188077	921	921
199116	52	270293	921	921
206165	235	188519	921	921
197578	282	188077	921	921
222036	52	189693	921	921
190404	139	245755	921	921
208509	235	190773	921	921
196764	139	258186	921	921
276662	52	189204	921	921
304263	282	192128	921	921
325750	49	206417	921	921
368389	282	328423	921	921
350023	49	309100	921	921
372166	282	294002	921	921
328549	235	189531	921	921
230194	235	188833	921	921
217689	235	190382	921	921
210378	282	194869	921	921
227850	52	189204	921	921
320950	52	189693	921	921
232157	235	188123	921	921
226129	235	188665	921	921
338850	282	189693	921	921
257325	235	189151	921	921
209627	282	191098	921	921
331374	139	328111	921	921
308874	282	192128	921	921
230597	282	308970	921	921
256768	52	189693	921	921
192279	282	272187	921	921
363098	282	188077	921	921
310323	282	189773	921	921
230674	282	188295	921	921
225334	282	260108	921	921
318631	49	189096	921	921
364403	282	188292	921	921
230027	282	190783	921	921
206165	235	191270	921	921
344782	282	188077	921	921
293817	52	356277	921	921
301249	235	188389	921	921
229813	52	370415	921	921
274370	49	189551	921	921
202022	282	295555	921	921
228889	235	188872	921	921
223562	282	192128	921	921
201469	282	192154	921	921
216995	52	189204	921	921
191098	139	209627	921	921
301453	49	190344	921	921
269809	52	356277	921	921
279413	282	192128	921	921
201394	282	188295	921	921
330693	49	286489	921	921
213130	282	193622	921	921
285047	52	189204	921	921
359291	282	191515	921	921
304276	52	189856	921	921
374248	139	194526	921	921
317468	235	189249	921	921
333779	235	188621	921	921
243003	282	203892	921	921
199738	52	370415	921	921
246704	52	282774	921	921
201017	49	188272	921	921
273196	282	190909	921	921
256329	282	188295	921	921
229648	52	188930	921	921
366647	139	307638	921	921
297400	282	191955	921	921
194041	52	366614	921	921
287136	235	188055	921	921
373706	49	368237	921	921
281228	49	196479	921	921
277905	49	191744	921	921
226537	235	188041	921	921
260853	52	331797	921	921
298752	282	351373	921	921
280802	282	188431	921	921
277732	282	284989	921	921
289572	49	296332	921	921
288687	52	189856	921	921
295555	139	202022	921	921
236029	52	189693	921	921
268972	235	188530	921	921
302435	282	291708	921	921
375593	139	227200	921	921
299035	49	189460	921	921
368150	52	189693	921	921
218801	235	188610	921	921
319506	282	190977	921	921
245317	282	191831	921	921
254879	282	188077	921	921
211298	282	356277	921	921
342501	235	188021	921	921
208280	287	282589	921	921
207124	235	191092	921	921
281593	282	190868	921	921
338820	52	282774	921	921
331706	49	202560	921	921
235124	52	189204	921	921
238886	235	188268	921	921
356723	282	208587	921	921
335881	282	192030	921	921
220906	235	188214	921	921
349775	139	277732	921	921
252010	52	189856	921	921
261308	139	227832	921	921
314765	282	195572	921	921
220302	52	310902	921	921
275578	52	307706	921	921
268406	52	188930	921	921
363553	139	201609	921	921
279291	282	257391	921	921
260587	52	363648	921	921
276517	52	189204	921	921
276731	282	361667	921	921
196437	235	188203	921	921
259284	282	192069	921	921
337784	282	191646	921	921
232693	49	189624	921	921
265214	52	188930	921	921
225172	49	192041	921	921
293520	49	188840	921	921
235999	282	188292	921	921
226979	235	188167	921	921
198230	282	188295	921	921
227832	282	261308	921	921
272907	52	189693	921	921
358719	282	356573	921	921
209391	282	191555	921	921
191098	139	194655	921	921
310323	282	336786	921	921
222191	52	267546	921	921
225231	52	188930	921	921
345581	278	375305	921	921
228484	235	188268	921	921
213221	235	190773	921	921
256841	235	188872	921	921
266388	49	203561	921	921
238313	49	188257	921	921
191257	282	275663	921	921
223428	52	361667	921	921
254132	52	189856	921	921
298284	282	194297	921	921
238058	282	191460	921	921
285802	49	193300	921	921
301417	235	188055	921	921
296293	52	189204	921	921
235804	235	188433	921	921
317831	52	256770	921	921
261806	52	188930	921	921
294793	282	192069	921	921
308799	52	189693	921	921
231500	282	188618	921	921
218515	235	189203	921	921
190559	52	307706	921	921
198121	52	189693	921	921
344820	282	190741	921	921
231209	52	189204	921	921
244801	282	190868	921	921
190371	139	207858	921	921
275965	49	188380	921	921
280619	282	205915	921	921
315943	49	193959	921	921
349316	52	189693	921	921
218317	282	189365	921	921
361800	52	188930	921	921
188122	239	275424	921	921
232644	49	192289	921	921
221344	235	194612	921	921
266341	235	188079	921	921
197578	282	190483	921	921
269842	49	310895	921	921
216679	235	188064	921	921
294447	52	189693	921	921
275372	235	188061	921	921
308167	282	190393	921	921
308516	139	299531	921	921
231769	282	188814	921	921
255229	282	188814	921	921
241962	282	188889	921	921
269520	282	308970	921	921
238442	282	246229	921	921
307347	235	188851	921	921
197578	282	193622	921	921
268805	49	188380	921	921
355482	52	189693	921	921
226761	139	300612	921	921
350231	52	188930	921	921
294266	282	208980	921	921
220818	235	188151	921	921
288858	49	191210	921	921
279950	49	190581	921	921
294527	49	188293	921	921
254940	282	197390	921	921
281705	49	198721	921	921
362067	282	188814	921	921
256180	282	285112	921	921
217723	282	237833	921	921
312430	49	258074	921	921
260249	52	346702	921	921
261121	52	188930	921	921
328628	49	189460	921	921
226300	235	188198	921	921
196816	282	191850	921	921
205472	282	189113	921	921
308309	235	188121	921	921
259520	282	257391	921	921
229723	282	257044	921	921
231382	52	346702	921	921
345479	282	329997	921	921
302810	52	189856	921	921
206317	52	282774	921	921
282208	235	188055	921	921
199116	52	310902	921	921
268835	235	188151	921	921
286403	282	327741	921	921
266638	282	188295	921	921
266638	52	189204	921	921
289555	235	188725	921	921
207617	52	188930	921	921
249747	282	188295	921	921
228420	289	329402	921	921
221445	235	188378	921	921
273011	52	366647	921	921
288775	235	188219	921	921
235134	235	188092	921	921
242645	282	194381	921	921
289890	49	191183	921	921
225158	235	189333	921	921
234642	235	188016	921	921
248647	282	200789	921	921
204491	52	189693	921	921
321759	282	240909	921	921
265288	282	191885	921	921
284417	282	188077	921	921
291585	49	191600	921	921
189432	139	250748	921	921
205525	139	245362	921	921
313014	282	337498	921	921
329486	235	188106	921	921
332027	49	188840	921	921
265036	52	313793	921	921
345169	282	231056	921	921
334316	282	312050	921	921
303922	282	284989	921	921
289534	49	191183	921	921
321759	52	240909	921	921
283574	235	188337	921	921
238649	52	189856	921	921
210736	282	326662	921	921
248100	52	189204	921	921
240695	235	188622	921	921
242120	235	207395	921	921
300366	139	233969	921	921
191098	139	207245	921	921
226300	235	188247	921	921
191672	282	270293	921	921
190951	139	206715	921	921
229925	282	349167	921	921
209391	282	191555	921	921
328295	49	190344	921	921
192483	282	338690	921	921
237627	235	188152	921	921
197381	235	188526	921	921
251907	282	261902	921	921
210834	52	189204	921	921
295717	163	250713	921	921
195427	282	192128	921	921
190155	52	190247	921	921
195425	235	188097	921	921
245669	282	234000	921	921
306675	282	190784	921	921
286904	52	361667	921	921
193680	139	279939	921	921
320387	235	189685	921	921
307638	282	190418	921	921
194655	282	191098	921	921
199116	282	310902	921	921
209793	235	188016	921	921
225524	52	189204	921	921
369733	235	188755	921	921
285159	235	191666	921	921
230404	52	188930	921	921
361347	52	337528	921	921
194199	282	192073	921	921
279700	52	331374	921	921
231002	235	191143	921	921
227564	52	189204	921	921
267289	282	365341	921	921
263949	52	189204	921	921
260408	49	188046	921	921
368160	49	188484	921	921
339728	52	189693	921	921
266922	282	202384	921	921
356639	282	203876	921	921
289215	52	189693	921	921
255022	235	188126	921	921
295923	49	189025	921	921
291082	282	366996	921	921
234614	282	188077	921	921
226679	49	190107	921	921
356573	139	358719	921	921
202662	235	188123	921	921
304263	282	370415	921	921
209817	52	188930	921	921
250713	282	325128	921	921
267210	235	188489	921	921
242645	282	191205	921	921
192279	52	272187	921	921
205391	52	322965	921	921
208280	49	188271	921	921
277732	282	349775	921	921
253434	52	188930	921	921
282816	235	188399	921	921
248055	235	188225	921	921
259047	49	190534	921	921
223067	235	188268	921	921
252480	49	197830	921	921
263047	235	189152	921	921
344880	139	345939	921	921
240909	139	204895	921	921
231649	52	189856	921	921
282901	49	191744	921	921
243791	282	206298	921	921
247394	52	189693	921	921
194493	52	188930	921	921
269912	52	188930	921	921
194292	139	260055	921	921
243222	282	246229	921	921
202931	52	356277	921	921
191516	49	197462	921	921
252465	282	190982	921	921
261246	164	336726	921	921
304399	282	190245	921	921
272907	282	189693	921	921
307638	282	366647	921	921
235772	235	188182	921	921
237002	52	338690	921	921
191444	52	189693	921	921
200067	282	197704	921	921
221506	235	188055	921	921
216630	235	188068	921	921
207245	282	200789	921	921
214226	235	189398	921	921
307638	52	366647	921	921
196698	235	190773	921	921
250748	282	189432	921	921
345735	52	188930	921	921
309482	52	189693	921	921
340523	52	189856	921	921
279597	282	261308	921	921
225929	164	222757	921	921
338363	282	190599	921	921
228674	235	191165	921	921
326669	139	232891	921	921
235067	235	188823	921	921
306675	282	188431	921	921
218083	52	313793	921	921
202903	235	188021	921	921
206298	139	243791	921	921
276982	282	190788	921	921
230968	52	189693	921	921
203047	235	189575	921	921
225090	282	188077	921	921
205983	235	188263	921	921
238046	52	189204	921	921
231473	282	191195	921	921
255020	52	346702	921	921
265907	282	188889	921	921
231769	282	188216	921	921
252255	282	267546	921	921
262673	42	332416	921	921
240395	49	188046	921	921
211074	235	188059	921	922
256769	235	189483	921	922
212969	235	188067	921	922
206368	235	190302	921	922
203973	235	188547	921	922
200023	235	190584	921	922
232129	235	219853	921	922
235184	235	188500	921	922
302908	235	188019	921	922
197384	235	188090	921	922
229061	235	198761	921	922
287744	235	188835	921	922
266519	235	190065	921	922
222255	235	188278	921	922
247794	235	188030	921	922
207071	235	188883	921	922
308888	235	188197	921	922
210671	235	188175	921	922
200304	235	188520	921	922
192431	235	188039	921	922
211430	235	188058	921	922
195425	235	188079	921	922
252453	235	197718	921	922
245068	235	188229	921	922
306235	235	232121	921	922
313627	235	188197	921	922
259854	235	188037	921	922
216022	235	189340	921	922
282178	235	188058	921	922
243947	235	189470	921	922
243073	235	188291	921	922
322236	235	189484	921	922
286573	235	188772	921	922
239235	235	188126	921	922
236518	235	188784	921	922
206654	235	188003	921	922
195313	235	188179	921	922
208802	235	188005	921	922
248747	235	188768	921	922
294552	235	189718	921	922
195288	235	188409	921	922
249487	235	189182	921	922
276278	235	188005	921	922
243950	235	188066	921	922
210693	235	191340	921	922
271467	235	188050	921	922
254978	235	190075	921	922
246989	235	188823	921	922
280352	235	189921	921	922
217166	235	192230	921	922
204797	235	193997	921	922
259051	289	249931	921	922
217829	235	189648	921	922
260580	235	190179	921	922
208833	235	188733	921	922
280487	235	188113	921	922
204223	235	189422	921	922
276934	235	188054	921	922
255022	235	188252	921	922
207779	235	188562	921	922
228524	235	188014	921	922
229980	235	188067	921	922
285724	235	189067	921	922
231191	235	188166	921	922
198803	235	188218	921	922
199894	235	188078	921	922
319002	235	188843	921	922
277229	235	188411	921	922
270933	235	188143	921	922
252065	235	188058	921	922
315489	235	190382	921	922
206464	235	188532	921	922
200573	235	188040	921	922
247117	235	188686	921	922
223138	235	188308	921	922
299985	235	188290	921	922
248155	235	189805	921	922
197724	235	188028	921	922
263072	235	189140	921	922
208123	235	188197	921	922
232248	235	188451	921	922
214866	235	188173	921	922
268690	235	188534	921	922
267997	235	188128	921	922
220694	235	188110	921	922
328976	235	189534	921	922
204358	235	188061	921	922
308510	235	188078	921	922
246102	235	189203	921	922
205983	235	188108	921	922
267162	235	188053	921	922
221095	235	188175	921	922
199355	235	188691	921	922
209909	235	189172	921	922
267210	235	189603	921	922
259376	287	335098	921	922
206491	235	188075	921	922
256441	235	188070	921	922
209700	49	188325	921	922
212534	235	188060	921	922
189144	245	210243	921	922
211051	235	188068	921	922
241812	235	188334	921	922
217622	235	188048	921	922
206903	235	188119	921	922
351084	235	188250	921	922
295042	235	188269	921	922
262215	235	188105	921	922
230487	235	188239	921	922
217802	235	189583	921	922
223391	235	190179	921	922
288072	235	188170	921	922
210066	235	188131	921	922
277748	235	191619	921	922
344425	235	188851	921	922
212587	235	188067	921	922
207969	235	189080	921	922
256151	235	188066	921	922
215851	235	188330	921	922
280297	235	188171	921	922
247165	235	188308	921	922
227572	235	193122	921	922
207124	235	188610	921	922
208150	235	188028	921	922
222079	235	188155	921	922
227124	235	188078	921	922
236959	235	189089	921	922
219237	235	188239	921	922
219047	235	188237	921	922
202138	235	188027	921	922
203066	235	188048	921	922
219561	235	188835	921	922
283230	235	194728	921	922
227255	235	188608	921	922
213962	235	188120	921	922
262380	235	188426	921	922
212993	235	189834	921	922
206514	235	188003	921	922
188177	267	236303	921	922
220264	235	188407	921	922
274603	235	188823	921	922
228265	235	188015	921	922
216580	235	190881	921	922
208596	235	188033	921	922
236832	235	188105	921	922
244842	235	188040	921	922
215100	235	188057	921	922
276768	235	188137	921	922
333923	262	331530	921	922
312430	49	189602	921	922
226184	235	188342	921	922
198841	235	188147	921	922
248030	235	188178	921	922
241352	235	188034	921	922
214492	235	188227	921	922
249931	289	259051	921	922
211852	235	188018	921	922
249079	235	190065	921	922
226913	235	188086	921	922
196045	235	188048	921	922
267488	235	188631	921	922
227352	235	188182	921	922
209219	235	188044	921	922
236608	235	190313	921	922
208451	235	188019	921	922
273959	235	190183	921	922
256514	235	189117	921	922
257325	235	189151	921	922
220905	235	189019	921	922
230226	235	189270	921	922
297099	235	188254	921	922
188159	267	246617	921	922
211811	235	195205	921	922
209733	235	188547	921	922
227958	235	188009	921	922
226263	235	188075	921	922
366331	235	188373	921	922
280167	235	188192	921	922
217576	235	188613	921	922
239352	235	192995	921	922
193870	235	188416	921	922
368007	235	188032	921	922
197308	235	188364	921	922
256545	235	188276	921	922
216630	235	188038	921	922
215821	235	188091	921	922
201274	235	188685	921	922
246387	235	194211	921	922
291591	235	188139	921	922
293169	235	188784	921	922
206078	235	188128	921	922
216247	235	188164	921	922
250147	235	188078	921	922
202263	235	188835	921	922
278036	235	188928	921	922
261661	235	188972	921	922
265767	235	188164	921	922
262670	235	188485	921	922
188002	267	313651	921	922
280161	235	188307	921	922
259068	235	188104	921	922
273218	235	188276	921	922
210393	235	188058	921	922
242142	235	188178	921	922
216794	235	193458	921	922
333779	235	188621	921	922
193870	235	188416	921	922
206859	235	188417	921	922
211696	235	190881	921	922
215018	176	266747	921	922
239178	235	188653	921	922
284589	277	331530	921	922
211665	235	188059	921	922
195268	235	189960	921	922
201210	235	188092	921	922
262145	235	189031	921	922
266584	235	188909	921	922
240676	235	190179	921	922
248261	235	188060	921	922
226677	235	188616	921	922
209310	235	188808	921	922
188122	239	218502	921	922
313095	235	209757	921	922
217603	235	188122	921	922
210842	235	209757	921	922
274682	235	188264	921	922
228934	235	188139	921	922
200280	235	188075	921	922
248437	235	188055	921	922
199709	235	189446	921	922
244134	235	200856	921	922
221407	235	189172	921	922
266976	235	188019	921	922
213762	235	188368	921	922
205154	235	188441	921	922
211685	235	188222	921	922
203409	262	371459	921	923
192825	289	191202	921	923
200962	235	188340	921	923
195319	235	216128	921	923
215659	235	188370	921	923
292232	235	191156	921	923
213188	235	188091	921	923
240405	235	188119	921	923
238540	235	196575	921	923
208488	235	188094	921	923
361118	235	188032	921	923
295445	235	233554	921	923
212821	235	188142	921	923
275965	262	331530	921	923
255691	42	264719	921	923
330416	235	188255	921	923
243571	235	189152	921	923
191202	289	192825	921	923
230340	235	189741	921	923
202346	235	188014	921	923
202153	235	188038	921	923
228891	235	188038	921	923
204750	235	188198	921	923
223086	235	188823	921	923
262462	235	188192	921	923
201947	235	188200	921	923
329529	292	373244	921	923
207545	235	188379	921	923
197626	235	188034	921	923
348383	235	188019	921	923
317079	235	188126	921	923
289265	235	188070	921	923
205367	235	188366	921	923
340346	42	195282	921	923
310710	235	188221	921	923
261824	235	188252	921	923
204715	235	188952	921	923
205951	235	188087	921	923
213068	235	188973	921	923
249882	235	188027	921	923
236628	235	189687	921	923
260638	235	188702	921	923
254088	235	188665	921	923
219998	235	192709	921	923
211566	235	188075	921	923
239142	235	188207	921	923
187998	267	212068	921	923
207071	235	188495	921	923
252563	235	188170	921	923
216453	235	195546	921	923
276349	292	353144	921	923
208677	235	189396	921	923
242298	235	188057	921	923
305721	235	188275	921	923
286168	235	188087	921	923
220094	235	188492	921	923
209527	235	243652	921	923
309950	235	188143	921	923
204446	235	188701	921	923
262098	235	190580	921	923
264247	235	188143	921	923
262372	235	188145	921	923
223699	235	189847	921	923
229578	235	191654	921	923
267723	235	188170	921	923
275359	235	189277	921	923
310993	235	188180	921	923
214294	235	188015	921	923
205123	235	188616	921	923
263111	235	188219	921	923
221710	235	188137	921	923
247772	235	189150	921	923
220429	235	192342	921	923
253275	235	190179	921	923
261046	235	188426	921	923
225353	49	190581	921	923
271467	235	188036	921	923
204382	235	188065	921	923
256270	235	188280	921	923
214226	235	188246	921	923
224537	235	188032	921	923
243841	235	189682	921	923
268646	235	188442	921	923
366422	235	188118	921	923
266091	235	188098	921	923
265587	235	188104	921	923
247475	235	188127	921	923
236450	235	190612	921	923
229116	235	188068	921	923
211925	235	200218	921	923
210858	235	188015	921	923
256841	235	188872	921	923
281205	49	190077	921	923
279518	235	188075	921	923
206381	235	188039	921	923
277717	235	188417	921	923
251556	235	188119	921	923
262053	235	188045	921	923
217740	235	188653	921	923
319922	235	188218	921	923
307787	287	284921	921	923
309137	49	190077	921	923
204898	235	188089	921	923
257467	235	190047	921	923
210621	235	188067	921	923
242559	235	189663	921	923
206266	235	188946	921	923
209901	235	188082	921	923
279969	287	284921	921	923
264818	235	188082	921	923
198029	49	203561	921	923
309573	235	188018	921	923
244125	235	188147	921	923
197522	235	188516	921	923
213593	235	188170	921	923
197728	235	188020	921	923
312169	235	188921	921	923
248395	235	188636	921	923
237206	235	355821	921	923
214897	235	190968	921	923
197381	235	193010	921	923
243112	235	188072	921	923
239189	235	188110	921	923
204999	235	188109	921	923
230913	235	188382	921	923
285294	235	188786	921	923
297388	235	188024	921	923
238869	287	284921	921	923
252266	235	190032	921	923
282208	235	188032	921	923
254957	235	188151	921	923
217738	235	188051	921	923
211181	235	188185	921	923
243130	235	188208	921	923
268972	235	188623	921	923
244960	235	188728	921	923
307155	287	284921	921	923
208750	235	188091	921	923
243947	235	188432	921	923
217603	235	188617	921	923
292689	235	188338	921	923
353827	49	190077	921	923
227840	235	188192	921	923
325647	235	188143	921	923
283849	235	188921	921	923
196462	235	188011	921	923
234257	235	188164	921	923
201965	235	188044	921	923
202117	235	188238	921	923
204621	235	188068	921	923
233790	235	190179	921	923
215723	235	188069	921	923
203428	235	188003	921	923
280853	235	188219	921	923
205129	235	188072	921	923
275372	235	188075	921	923
221344	235	189782	921	923
204667	235	188092	921	923
247172	235	188299	921	923
290145	287	284921	921	923
318862	235	188050	921	923
203620	235	188680	921	923
205201	235	194612	921	923
213880	235	188128	921	923
350788	49	190077	921	923
274370	49	189076	921	923
212496	235	188060	921	923
219966	235	189675	921	923
212824	235	188054	921	924
281158	235	188225	921	924
260487	235	188133	921	924
210135	235	188318	921	924
230194	235	188629	921	924
337809	235	188142	921	924
218474	235	188269	921	924
196658	289	240748	921	924
282308	235	188152	921	924
300657	235	188153	921	924
240748	289	196658	921	924
278466	235	188056	921	924
198617	292	358571	921	924
216152	235	188321	921	924
217368	235	188031	921	924
227982	235	188183	921	924
212037	235	188948	921	924
235803	235	188156	921	924
225086	235	189150	921	924
266341	235	188164	921	924
243567	235	188223	921	924
208657	235	188539	921	924
223520	235	188151	921	924
199108	289	310299	921	924
241948	235	188663	921	924
232914	235	188559	921	924
256603	235	188188	921	924
211455	235	188040	921	924
212168	235	188025	921	924
290926	235	188015	921	924
233628	235	188239	921	924
198576	235	188060	921	924
211281	235	188019	921	924
294197	235	188058	921	924
238855	235	188007	921	924
226685	235	188050	921	924
188370	239	234495	921	924
356592	235	192173	921	924
304524	235	188058	921	924
285052	235	188005	921	924
268777	235	188337	921	924
216827	235	188009	921	924
245895	42	189024	921	924
205988	235	188052	921	924
224504	235	188017	921	924
198678	235	188333	921	924
206150	235	191423	921	924
199116	289	308562	921	924
202458	235	188302	921	924
282232	235	188728	921	924
307410	235	188451	921	924
269426	235	188833	921	924
200905	235	188185	921	924
220863	235	188050	921	924
322219	235	189730	921	924
235804	235	188433	921	924
276204	235	188280	921	924
229985	235	188880	921	924
215100	235	188207	921	924
299594	235	188024	921	924
217620	235	189918	921	924
288912	235	188386	921	924
234262	235	190014	921	924
238158	287	282589	921	924
227429	235	188419	921	924
188915	224	268893	921	924
310299	289	199108	921	924
340325	235	207243	921	924
246235	49	188325	921	924
295528	273	201376	921	924
308562	289	199116	921	924
238740	235	188140	921	924
203664	235	188129	921	924
226537	235	188021	921	924
267273	235	188097	921	924
283669	235	188086	921	924
289893	235	188161	921	924
308130	292	327178	921	924
262773	235	188501	921	924
201690	235	192877	921	924
214890	235	188695	921	924
240450	235	188246	921	924
205942	235	188042	921	924
252334	235	188235	921	924
269577	235	188208	921	924
235573	235	188082	921	924
211263	235	190049	921	924
200234	235	188023	921	924
324774	235	188156	921	924
238683	235	188282	921	924
288954	235	188076	921	924
187994	267	229326	921	924
275550	235	188389	921	924
193138	235	190398	921	924
233752	292	353253	921	924
351108	235	191619	921	924
206505	235	188432	921	924
206867	235	188116	921	924
300388	235	189579	921	924
284961	235	198178	921	924
292522	235	188166	921	924
229585	235	188633	921	925
213777	235	188092	921	925
256902	235	188214	921	925
200101	176	343672	921	925
242396	235	188111	921	925
216654	235	188085	921	925
316231	235	188337	921	925
220101	235	189000	921	925
283402	235	188170	921	925
209605	235	188163	921	925
207668	235	188019	921	925
190199	289	236495	921	925
277951	235	189089	921	925
225688	235	188608	921	925
323450	235	188142	921	925
262926	289	190661	921	925
239535	235	188663	921	925
302908	235	188247	921	925
271513	235	188129	921	925
313422	42	278998	921	925
271326	49	190993	921	925
229348	235	188075	921	925
286624	235	199239	921	925
197891	235	188172	921	925
196622	235	198725	921	925
220022	235	188220	921	925
292034	235	188621	921	925
190661	289	262926	921	925
316606	235	188441	921	925
196718	235	188299	921	925
255148	235	188107	921	925
253047	235	188337	921	925
299283	235	188691	921	925
253018	235	188120	921	925
217771	235	188634	921	925
248345	292	335767	921	925
269999	235	188400	921	925
271239	235	188054	921	925
252073	235	188075	921	925
236495	289	190199	921	925
298311	49	191183	921	925
225390	235	188057	921	925
195617	235	188037	921	925
244398	235	188032	921	925
296132	235	188065	921	925
223411	235	188001	921	925
205970	235	188244	921	925
262349	235	188962	921	925
293799	235	188331	921	925
228484	235	188254	921	925
242149	235	188170	921	925
292956	235	188345	921	925
220071	235	188784	921	925
206951	235	188058	921	925
236853	235	188001	921	925
201076	235	188226	921	925
222978	235	188161	921	925
230900	235	190451	921	925
211405	235	188185	921	925
207274	235	188147	921	925
242373	235	188110	921	925
214679	235	191271	921	925
244425	235	188131	921	925
283402	235	188215	921	925
311406	235	188116	921	925
271395	235	188164	921	925
225913	235	188104	921	925
250692	235	188256	921	925
247172	235	188016	921	925
214288	235	188157	921	925
230961	235	188189	921	925
231501	49	191074	921	925
313488	235	188116	921	926
268161	235	188330	921	926
212427	235	188073	921	926
203748	235	188645	921	926
207541	235	188149	921	926
362200	235	188447	921	926
277597	289	231930	921	926
320443	159	349326	921	926
240206	235	188152	921	926
214825	235	188481	921	926
237354	235	188015	921	926
257237	235	188167	921	926
237718	235	188629	921	926
247548	235	188340	921	926
239962	235	188122	921	926
217728	235	188166	921	926
223976	235	188188	921	926
277013	235	188009	921	926
278596	235	188043	921	926
280421	49	238467	921	926
213221	235	188129	921	926
191504	49	194365	921	926
207551	235	188495	921	926
294971	235	188351	921	926
197802	235	188074	921	926
211928	222	252322	921	926
273531	235	188540	921	926
237401	235	188172	921	926
221571	235	188130	921	926
319695	235	189310	921	926
257422	235	189001	921	926
237918	235	188299	921	926
209537	235	188128	921	926
269780	235	188256	921	926
226437	235	188082	921	926
209911	235	188167	921	926
230817	235	188238	921	926
202789	235	189210	921	926
254654	235	188364	921	926
196718	235	188016	921	926
223067	235	188232	921	926
201038	235	188282	921	926
257375	235	188171	921	926
206144	235	188173	921	926
206670	235	188323	921	926
245361	235	189041	921	926
213076	235	188227	921	926
194312	235	188307	921	926
197411	235	188088	921	926
210112	235	188227	921	926
198557	235	188036	921	926
195966	235	188030	921	926
255690	235	190002	921	926
323154	42	191260	921	926
216876	235	188045	921	926
300674	235	188096	921	926
342425	235	188158	921	926
232830	235	188072	921	926
269386	235	190377	921	926
213010	235	188061	921	926
214396	235	188016	921	926
204450	235	188030	921	926
202493	235	188973	921	926
260543	235	188119	921	926
209953	235	188109	921	926
232184	235	188130	921	926
226834	235	188254	921	926
256902	235	188246	921	926
260983	235	188956	921	926
221193	235	188061	921	926
248947	235	188074	921	926
263282	289	233801	921	927
226560	235	188417	921	927
251853	235	188267	921	927
211191	235	188729	921	927
316097	235	188158	921	927
198783	289	219623	921	927
282306	235	188426	921	927
281992	235	188219	921	927
228138	235	188913	921	927
247865	235	188166	921	927
241618	235	188007	921	927
219623	289	198783	921	927
330693	287	345388	921	927
292152	235	191693	921	927
269955	235	191128	921	927
233801	289	263282	921	927
204523	235	188685	921	927
282398	235	188278	921	927
269947	235	188109	921	927
222030	235	188055	921	927
237447	235	188263	921	927
309360	235	188167	921	927
196669	235	188028	921	927
346867	235	372582	921	927
218961	235	188029	921	927
216648	235	195919	921	927
216648	235	188001	921	927
218122	235	188129	921	927
264178	235	189419	921	927
371059	49	190180	921	927
245026	235	188386	921	927
317468	235	189249	921	927
239892	235	188151	921	927
229366	235	188729	921	927
257824	235	188031	921	927
204586	235	188190	921	927
229781	235	188113	921	927
260141	235	188433	921	927
219920	235	188007	921	927
261617	235	188317	921	927
221987	235	188246	921	927
235306	235	188234	921	927
215450	235	188220	921	927
240113	235	188170	921	927
324522	287	345388	921	927
261956	235	192393	921	927
223391	235	188024	921	928
211602	235	188246	921	928
187991	267	303137	921	928
223092	37	191376	921	928
204660	235	188527	921	928
230891	235	188299	921	928
283588	235	188094	921	928
299821	235	188255	921	928
223492	235	188096	921	928
222967	235	190474	921	928
267945	235	188648	921	928
202009	235	188052	921	928
297521	235	188317	921	928
204660	235	188610	921	928
233305	235	188024	921	928
217607	235	188702	921	928
218461	235	188108	921	928
256921	235	189401	921	928
203047	235	188277	921	928
198431	235	188021	921	928
214001	235	188685	921	928
263173	235	188951	921	928
213458	235	190082	921	928
311378	235	214279	921	928
217457	235	188605	921	928
280365	235	188665	921	928
311901	235	188440	921	928
223562	289	213869	921	928
220015	235	188277	921	928
216041	235	188018	921	928
213869	289	223562	921	928
224768	235	188231	921	928
279841	235	188130	921	928
198668	235	188290	921	928
213850	235	188163	921	928
196191	235	188562	921	928
227169	235	188170	921	928
280832	235	188171	921	928
208648	235	188041	921	928
225249	235	188186	921	928
248765	235	189595	921	929
227666	235	188151	921	929
299652	235	188147	921	929
200225	235	188172	921	929
282134	235	188755	921	929
282766	235	190306	921	929
342192	289	318788	921	929
229490	235	188001	921	929
240898	235	188045	921	929
237401	235	188256	921	929
331125	235	188430	921	929
234808	235	188021	921	929
212764	235	188037	921	929
297081	235	189949	921	929
235233	235	188021	921	929
202630	235	188454	921	929
208868	235	188028	921	929
271451	235	188648	921	929
230891	235	188016	921	929
307098	267	271312	921	929
254268	235	188447	921	929
240069	235	190072	921	929
253957	235	188055	921	929
274748	235	188132	921	929
231930	289	277597	921	929
224823	235	188006	921	929
209422	235	188172	921	929
234171	235	188640	921	929
213375	235	188203	921	929
194123	235	188031	921	929
251638	235	188082	921	929
238202	235	188607	921	929
318788	289	342192	921	929
220077	245	197969	921	929
233912	235	194242	921	929
254880	235	189023	921	929
297145	235	188755	921	929
198151	235	188074	921	929
258251	235	188400	921	929
256421	235	190065	921	930
267918	235	188530	921	930
249470	235	188255	921	930
278952	235	188148	921	930
299439	235	188983	921	930
268489	235	188211	921	930
222609	235	188009	921	930
236892	235	188168	921	930
210112	235	188047	921	930
227137	235	188645	921	930
219083	235	188608	921	930
234241	235	188122	921	930
270830	235	189435	921	930
267347	289	267304	921	930
209159	235	188370	921	930
257543	235	188023	921	930
296535	235	188242	921	930
233990	235	188203	921	930
238683	235	188163	921	930
250976	289	192746	921	930
267304	289	267347	921	930
242249	235	188154	921	930
192746	289	250976	921	930
221443	235	188171	921	930
338313	289	196940	921	930
196940	289	338313	921	930
208388	235	188015	921	931
239137	235	188308	921	931
208648	235	188127	921	931
282134	235	188357	921	931
190424	176	302514	921	931
225106	235	189023	921	931
234385	235	188051	921	931
253544	235	188337	921	931
217681	235	188214	921	931
248108	235	188023	921	931
227169	235	188154	921	931
312132	235	188357	921	931
239685	235	188243	921	932
269556	289	193332	921	932
231326	235	188384	921	932
264142	235	188200	921	932
210214	289	296859	921	932
257002	235	188024	921	932
222523	235	188256	921	932
278511	289	212299	921	932
268349	235	188951	921	932
247786	235	188447	921	932
188114	267	213140	921	932
220991	235	188019	921	932
296859	289	210214	921	932
219925	235	188020	921	932
213430	235	188129	921	932
304568	235	188513	921	932
234385	235	188210	921	932
193332	289	269556	921	932
219012	235	188001	921	932
224693	235	189782	921	932
213323	235	188003	921	932
198611	235	188648	921	932
212299	289	278511	921	932
264439	235	188227	921	932
218808	235	188384	921	932
222435	235	188090	921	933
289516	235	188131	921	933
235485	235	188370	921	933
204163	235	188034	921	933
247756	289	314412	921	933
188764	267	290910	921	933
314412	289	247756	921	933
347440	235	191250	921	933
258833	235	188035	921	933
283478	235	188163	921	933
278216	235	190409	921	933
188849	267	255119	921	933
249909	235	188232	921	933
206920	235	188007	921	933
195590	254	328613	921	933
279218	235	191693	921	933
207413	235	188193	921	933
238886	235	188254	921	933
236716	235	188404	921	933
229424	235	188129	921	933
213198	235	188168	921	934
322679	235	188527	921	934
305263	235	188454	921	934
261956	235	188983	921	934
221144	235	188003	921	934
248839	235	188021	921	934
273526	235	188119	921	934
244904	235	192342	921	934
213454	235	188171	921	934
321482	235	208349	921	935
230850	235	188171	921	935
247267	235	192134	921	935
272880	289	228829	921	935
297058	235	190507	921	935
261932	289	295414	921	935
254563	235	188090	921	936
257466	235	188009	921	936
306381	289	217776	921	936
217776	289	306381	921	936
310026	273	316839	921	936
286612	235	188025	921	936
272571	292	373759	921	936
298943	235	188353	921	936
339622	235	188384	921	936
344139	235	188522	921	936
229534	235	188314	921	937
208789	235	188229	921	937
214094	289	264805	921	937
208667	235	188384	921	937
219743	235	188129	921	937
212381	235	189387	921	938
255164	235	188249	921	938
232820	235	189129	921	938
264805	289	214094	921	938
289555	235	188796	921	938
243911	235	188017	921	939
264175	235	188744	921	940
280176	235	188357	921	940
197474	289	268807	921	941
268807	289	197474	921	941
211747	235	188148	921	941
223249	289	193412	921	941
263511	287	282589	921	942
255458	289	296958	921	942
296958	289	255458	921	942
193412	289	223249	921	944
327379	235	303304	921	944
349178	42	244369	921	945
318230	289	268981	921	945
297747	42	188380	921	945
268981	289	318230	921	945
357245	290	188191	921	946
312818	290	188191	921	946
252480	287	335098	921	947
193079	289	218702	921	949
193958	262	320818	921	949
218702	289	193079	921	949
317660	101	187991	921	950
284440	42	249248	921	954
212177	289	309355	921	956
309355	289	212177	921	956
247485	289	205262	921	957
205262	289	247485	921	957
223130	273	189313	921	960
269450	289	191345	921	962
191345	289	269450	921	962
259395	42	188325	921	964
191607	262	312560	921	966
276729	76	195270	921	966
196011	106	299852	921	970
272525	289	193972	922	0
266665	106	212737	922	0
196260	106	191047	922	0
191289	106	188759	922	0
335834	252	344494	922	0
193969	106	343852	922	0
261931	106	193358	922	0
192490	37	188115	922	0
188184	106	191024	922	0
188002	106	187993	922	0
191248	106	208279	922	0
343852	106	193969	922	0
295942	290	187990	922	0
193969	106	200957	922	0
268713	289	247260	922	0
228027	262	294859	922	0
230867	278	340402	922	0
211298	289	294888	922	0
195639	106	191148	922	0
190743	106	188750	922	0
191047	106	196260	922	0
192135	106	197594	922	0
212737	106	266665	922	0
343852	106	321310	922	0
266973	290	188159	922	0
294888	289	211298	922	0
197594	106	192135	922	0
225381	235	188793	922	0
247179	235	191366	922	0
282054	273	187996	922	0
188641	106	188288	922	0
357291	106	190826	922	0
218824	49	344025	922	0
270472	49	195316	922	0
188363	262	358415	922	0
220548	42	188990	922	0
189184	97	188548	922	0
191838	106	191036	922	0
191148	106	195639	922	0
192812	106	203736	922	0
323666	289	333299	922	0
188759	106	191289	922	0
198003	262	373157	922	0
190460	106	343852	922	0
200957	106	193969	922	0
287644	106	317122	922	0
206979	262	373157	922	0
190324	106	336287	922	0
280862	289	311976	922	0
342880	287	296318	922	0
227096	106	201844	922	0
200957	106	321310	922	0
198401	76	188322	922	0
333299	289	323666	922	0
258401	262	235200	922	0
357342	49	231546	922	0
198867	106	261700	922	0
336287	106	190324	922	0
203736	106	192812	922	0
188750	106	190743	922	0
315744	262	286440	922	0
340591	235	256469	922	0
190274	61	191248	922	0
318677	106	188749	922	0
189644	106	190316	922	0
188749	106	318677	922	0
343852	106	190460	922	0
208279	106	191248	922	0
205182	42	192629	922	0
198003	262	286440	922	0
188301	262	311985	922	0
200957	106	190460	922	0
191036	106	191838	922	0
236736	262	271107	922	0
247260	289	268713	922	0
212197	289	220581	922	0
201844	106	227096	922	0
367582	273	189243	922	0
259508	290	187987	922	0
189644	106	246998	922	0
276604	273	195234	922	0
321310	106	343852	922	0
375192	262	294859	922	0
187993	106	188002	922	0
279175	235	196796	922	0
190826	106	357291	922	0
188288	106	188641	922	0
191024	106	188184	922	0
361087	37	219614	922	0
326327	262	192539	922	0
193358	106	261931	922	0
261700	106	198867	922	0
321088	235	188988	922	921
225242	49	189025	922	922
237913	282	190751	922	922
267861	49	190107	922	922
227832	52	240909	922	922
298765	235	203207	922	922
252483	282	188675	922	922
210726	235	190197	922	922
267058	282	191042	922	922
351802	49	189460	922	922
356684	282	302051	922	922
243073	235	195392	922	922
293431	282	192987	922	922
205391	282	303476	922	922
274896	282	261902	922	922
224243	235	188564	922	922
217521	52	361667	922	922
230201	235	193050	922	922
312014	282	188077	922	922
210456	235	215745	922	922
307706	139	194703	922	922
322159	52	327700	922	922
230321	282	188295	922	922
228889	235	188568	922	922
228454	235	203207	922	922
374131	282	308970	922	922
292040	49	192391	922	922
310969	282	188292	922	922
306511	48	270201	922	922
244638	52	346702	922	922
209602	235	192606	922	922
214416	282	188814	922	922
197728	235	194938	922	922
298783	49	189668	922	922
271313	49	191744	922	922
289399	282	190342	922	922
212498	282	231227	922	922
311497	282	190811	922	922
248312	282	188814	922	922
309819	282	192039	922	922
273745	235	195392	922	922
252013	282	188292	922	922
242229	282	210281	922	922
239511	235	203207	922	922
190282	282	314753	922	922
301399	282	194109	922	922
249480	282	188077	922	922
355380	139	194223	922	922
191950	52	354473	922	922
355676	139	201163	922	922
301722	282	269551	922	922
195831	52	361667	922	922
195313	235	191070	922	922
228753	282	188675	922	922
252423	282	188889	922	922
260651	235	188047	922	922
354473	139	224701	922	922
326562	235	188032	922	922
264445	126	302602	922	922
246323	282	326862	922	922
358289	282	188292	922	922
273210	282	370415	922	922
293169	235	191070	922	922
283945	235	194491	922	922
278036	235	212836	922	922
301399	52	194109	922	922
196718	235	192606	922	922
215218	235	188055	922	922
220084	235	188047	922	922
192039	139	309819	922	922
348085	282	200627	922	922
218515	235	188152	922	922
275969	282	282301	922	922
262626	282	191460	922	922
279175	235	188056	922	922
195954	52	338690	922	922
242668	282	188077	922	922
211174	235	193998	922	922
256041	52	243804	922	922
340268	52	295555	922	922
194703	282	307706	922	922
234738	49	189785	922	922
218801	235	189847	922	922
320387	235	189018	922	922
337243	282	280403	922	922
224243	235	199198	922	922
266385	52	355676	922	922
274177	235	188055	922	922
211665	235	190390	922	922
190783	139	231649	922	922
221767	235	188021	922	922
312525	282	192069	922	922
230259	49	188354	922	922
258501	235	188019	922	922
267918	282	349775	922	922
228454	235	195392	922	922
291903	49	190291	922	922
328225	49	195079	922	922
319471	52	356277	922	922
222462	282	188077	922	922
351936	282	188675	922	922
368941	282	372490	922	922
196764	139	191817	922	922
355115	139	250818	922	922
347396	282	327368	922	922
206078	235	188128	922	922
275279	282	192128	922	922
250818	282	355115	922	922
269441	282	192030	922	922
243370	282	190788	922	922
207215	235	188106	922	922
288665	49	195079	922	922
325006	282	351373	922	922
308499	282	189992	922	922
265767	235	188153	922	922
259390	49	201638	922	922
235803	235	192606	922	922
264893	282	188077	922	922
268797	49	191717	922	922
211766	52	313793	922	922
198630	282	195258	922	922
254965	282	358007	922	922
288775	235	188192	922	922
260800	282	308970	922	922
190927	52	307706	922	922
258496	52	346702	922	922
311497	52	190811	922	922
193292	139	263949	922	922
236621	282	190713	922	922
215000	235	188028	922	922
206165	235	188519	922	922
244477	235	188021	922	922
328496	235	188507	922	922
231209	282	305853	922	922
302602	70	264445	922	922
309749	282	192073	922	922
364838	282	213387	922	922
200881	282	353441	922	922
262783	235	191626	922	922
285021	282	191205	922	922
221697	235	188342	922	922
357779	282	338690	922	922
225478	52	356277	922	922
226945	282	237254	922	922
198557	235	215745	922	922
227628	282	188216	922	922
305196	282	262220	922	922
267682	49	218936	922	922
194753	52	190247	922	922
296513	282	190393	922	922
209407	235	188171	922	922
192198	282	370362	922	922
190703	52	355676	922	922
217689	235	189355	922	922
336283	52	261308	922	922
341135	49	188271	922	922
326177	282	308020	922	922
208452	235	188139	922	922
282897	282	269685	922	922
193616	282	188930	922	922
264893	282	188216	922	922
239854	235	195392	922	922
303749	282	188077	922	922
274808	235	195392	922	922
295555	139	260949	922	922
247493	235	189831	922	922
288372	139	275579	922	922
249982	282	190447	922	922
285213	282	188295	922	922
323735	282	291708	922	922
337463	49	197502	922	922
207140	235	192606	922	922
309345	49	196863	922	922
297880	282	195572	922	922
246114	282	231227	922	922
261727	282	188216	922	922
327849	282	188841	922	922
242983	282	189300	922	922
206078	235	188106	922	922
352123	282	370942	922	922
294705	235	208702	922	922
208471	282	188077	922	922
211051	235	188539	922	922
195230	235	215745	922	922
237432	282	188295	922	922
309896	52	346702	922	922
252555	235	189831	922	922
351701	235	188613	922	922
273199	282	201403	922	922
273710	235	189143	922	922
222660	282	189330	922	922
357275	49	227896	922	922
304635	282	189365	922	922
330083	282	188077	922	922
278325	282	188077	922	922
281430	52	310902	922	922
304276	52	189856	922	922
267116	282	191885	922	922
286223	282	188295	922	922
195259	52	354473	922	922
227832	52	363648	922	922
362166	49	199199	922	922
282054	273	187995	922	922
205983	235	188454	922	922
313793	139	228619	922	922
322743	49	297554	922	922
218877	282	243979	922	922
198678	235	188016	922	922
223745	235	188200	922	922
275897	282	188769	922	922
249564	235	188246	922	922
241221	282	192128	922	922
200023	235	194491	922	922
200573	235	190629	922	922
194109	139	301399	922	922
366172	282	338580	922	922
231649	282	190783	922	922
206654	235	212836	922	922
251003	282	188077	922	922
252065	235	188005	922	922
267918	282	284989	922	922
354283	282	197390	922	922
351482	49	188325	922	922
285672	282	188077	922	922
266894	282	188292	922	922
339713	49	190294	922	922
261308	139	227832	922	922
203164	282	373722	922	922
361400	282	191728	922	922
225560	282	191195	922	922
216720	235	192161	922	922
206391	235	223019	922	922
349775	139	267918	922	922
226300	235	188393	922	922
332893	52	313793	922	922
239067	235	188540	922	922
312783	273	189243	922	922
249832	49	190309	922	922
272316	282	188292	922	922
299321	235	188902	922	922
238082	235	188090	922	922
264052	235	196310	922	922
193084	52	270293	922	922
227832	282	363648	922	922
231616	282	189113	922	922
339317	49	191183	922	922
240909	139	194281	922	922
235406	52	363648	922	922
356573	139	261637	922	922
258329	235	189616	922	922
301280	282	192128	922	922
199600	235	188925	922	922
324836	282	373945	922	922
370699	52	338690	922	922
334196	282	188077	922	922
238749	49	197462	922	922
191927	282	192128	922	922
205049	235	188389	922	922
199389	235	195392	922	922
289327	282	189773	922	922
221096	235	188519	922	922
225524	282	190175	922	922
252530	282	188077	922	922
295363	49	189668	922	922
272085	49	195154	922	922
274725	235	212836	922	922
227960	282	192128	922	922
364430	282	191886	922	922
281430	282	310902	922	922
278952	235	189831	922	922
191902	52	272187	922	922
337929	282	289153	922	922
230867	278	373583	922	922
271467	235	215745	922	922
231437	282	188077	922	922
292122	282	188077	922	922
230201	235	188069	922	922
192207	282	366996	922	922
211810	235	189861	922	922
289474	282	188077	922	922
225921	282	192128	922	922
211353	235	188047	922	922
249132	49	286489	922	922
194350	282	192128	922	922
257400	49	297554	922	922
335324	49	286203	922	922
190774	52	275663	922	922
294250	282	188216	922	922
296471	282	188292	922	922
228084	282	188295	922	922
325454	282	351373	922	922
240971	282	188077	922	922
334454	282	282774	922	922
240996	235	195392	922	922
239458	235	188636	922	922
277725	282	188889	922	922
193680	139	266627	922	922
269385	52	282774	922	922
262253	52	189856	922	922
358959	282	191042	922	922
206381	235	188067	922	922
192443	52	307706	922	922
203957	235	188097	922	922
216630	235	188113	922	922
203341	235	193998	922	922
283945	235	212836	922	922
323834	282	188295	922	922
209924	235	188001	922	922
316238	282	188077	922	922
250852	49	202523	922	922
188769	139	275897	922	922
252010	52	189856	922	922
239571	282	268468	922	922
215378	282	191044	922	922
194997	282	192224	922	922
285159	235	189263	922	922
246934	282	190371	922	922
265260	282	201248	922	922
225279	235	194938	922	922
325431	49	212257	922	922
272546	235	194938	922	922
206323	235	189138	922	922
227832	282	261308	922	922
202390	52	282774	922	922
203058	235	193998	922	922
223856	235	188016	922	922
349626	49	191839	922	922
211568	235	190629	922	922
236538	282	188077	922	922
248155	235	188244	922	922
284039	235	194938	922	922
263701	49	244855	922	922
193930	235	194491	922	922
218403	235	194938	922	922
225981	235	188989	922	922
197228	282	351373	922	922
374248	139	265036	922	922
212390	235	193998	922	922
191902	282	272187	922	922
366647	139	228541	922	922
254978	235	188492	922	922
311144	101	187993	922	922
220574	282	188077	922	922
302463	49	229757	922	922
322098	282	188431	922	922
247668	235	194938	922	922
361918	49	204092	922	922
255182	282	282301	922	922
352749	282	354999	922	922
318035	49	192524	922	922
205391	52	303476	922	922
340523	52	189856	922	922
239511	235	212836	922	922
276880	49	188376	922	922
282948	235	188076	922	922
264949	282	325128	922	922
332671	49	191887	922	922
260587	52	295555	922	922
191927	52	190247	922	922
207725	282	188077	922	922
349072	282	188292	922	922
285021	282	191646	922	922
202085	282	191044	922	922
201901	235	188299	922	922
218801	235	188610	922	922
190560	52	189856	922	922
286795	235	188039	922	922
293492	282	188295	922	922
286494	282	356277	922	922
289215	282	189693	922	922
190774	282	275663	922	922
370699	52	338690	922	922
331804	282	191831	922	922
245145	235	195392	922	922
254348	282	192430	922	922
375538	282	188841	922	922
367389	52	349167	922	922
196507	282	191850	922	922
194281	282	240909	922	922
238731	49	188272	922	922
205391	282	303476	922	922
238795	235	188151	922	922
228541	282	190418	922	922
210264	235	188041	922	922
282519	49	220215	922	922
196698	235	234421	922	922
199894	235	188028	922	922
198753	235	188621	922	922
251118	282	194297	922	922
329886	282	188292	922	922
250248	235	189831	922	922
191075	282	280725	922	922
351948	139	253753	922	922
211322	48	210208	922	922
189711	282	314753	922	922
193930	235	212836	922	922
331059	282	205330	922	922
324774	235	192606	922	922
289038	235	212836	922	922
327465	49	203106	922	922
237091	282	188077	922	922
275579	52	288372	922	922
255449	161	225615	922	922
375593	139	216435	922	922
236074	52	361667	922	922
374623	37	188818	922	922
355478	139	375776	922	922
226317	235	188047	922	922
260179	282	196764	922	922
237572	235	188016	922	922
285958	282	188295	922	922
367538	282	329997	922	922
275579	282	288372	922	922
212960	52	366647	922	922
240625	282	327086	922	922
213213	235	188307	922	922
272085	49	250821	922	922
205525	139	227564	922	922
323364	49	205656	922	922
298978	49	238467	922	922
188814	139	214416	922	922
210694	235	194938	922	922
295696	49	197502	922	922
235067	235	208702	922	922
234158	282	188431	922	922
227832	52	261308	922	922
243160	235	188021	922	922
362067	282	188077	922	922
277758	235	188649	922	922
229651	235	232943	922	922
320387	235	188547	922	922
197011	235	188019	922	922
223129	235	189831	922	922
286456	49	190344	922	922
198303	282	361667	922	922
206543	282	195121	922	922
374697	282	190811	922	922
363648	139	227832	922	922
228541	282	366647	922	922
256041	282	190284	922	922
195427	52	270293	922	922
245895	49	188046	922	922
215390	235	188610	922	922
373480	235	188019	922	922
282563	235	188106	922	922
312293	282	365341	922	922
237066	235	234421	922	922
283577	282	190770	922	922
209665	282	189113	922	922
299758	282	291840	922	922
312070	282	343173	922	922
192207	52	366996	922	922
233903	235	198761	922	922
201835	282	190938	922	922
245269	101	188177	922	922
328549	235	189043	922	922
286028	282	189204	922	922
192058	282	270293	922	922
337786	282	305160	922	922
338580	139	366172	922	922
231383	52	307706	922	922
225323	235	215745	922	922
265036	52	356277	922	922
224924	235	194938	922	922
301290	49	331992	922	922
287426	235	188055	922	922
214130	235	189831	922	922
274642	49	303431	922	922
266269	282	190599	922	922
348022	282	264961	922	922
219563	235	193998	922	922
227628	282	189300	922	922
267414	282	188077	922	922
265787	282	192069	922	922
220988	235	215745	922	922
206272	52	189856	922	922
280110	282	188077	922	922
213194	235	188019	922	922
218461	235	188902	922	922
201828	282	318434	922	922
341357	282	191042	922	922
222182	235	195392	922	922
355320	282	190982	922	922
263615	49	312820	922	922
235074	235	188744	922	922
216041	235	193998	922	922
335395	282	355344	922	922
354473	139	304818	922	922
207549	49	188293	922	922
231037	235	191070	922	922
235233	235	188041	922	922
250366	235	189270	922	922
359192	49	189743	922	922
285021	282	194381	922	922
266276	52	313793	922	922
201274	235	188701	922	922
313116	52	338690	922	922
373945	139	324836	922	922
266627	282	193680	922	922
294112	282	188295	922	922
371186	49	190253	922	922
330496	101	189324	922	922
192147	282	192128	922	922
205965	235	189249	922	922
210551	282	188077	922	922
282271	49	190537	922	922
331958	139	316273	922	922
227181	282	349167	922	922
326669	139	338006	922	922
344880	139	191442	922	922
282241	235	223019	922	922
192131	52	351948	922	922
230249	235	188607	922	922
344821	282	188295	922	922
194406	49	189602	922	922
279294	282	188292	922	922
263949	282	193292	922	922
190691	282	192128	922	922
227832	52	363648	922	922
231382	282	346702	922	922
280324	49	294129	922	922
243571	235	233904	922	922
236538	282	198171	922	922
224927	235	190470	922	922
272187	139	191902	922	922
232670	235	193998	922	922
191692	52	370362	922	922
327700	139	196748	922	922
334041	235	189398	922	922
211868	282	195967	922	922
279048	235	192606	922	922
213047	282	191555	922	922
192279	52	374248	922	922
241812	235	188092	922	922
356950	282	329997	922	922
225782	282	213561	922	922
287237	282	208980	922	922
200250	235	194938	922	922
197658	235	188182	922	922
308401	235	188151	922	922
286426	235	206382	922	922
282897	282	323293	922	922
278036	235	194491	922	922
261637	282	356573	922	922
327086	139	240625	922	922
250730	235	223019	922	922
260949	282	295555	922	922
258401	282	188077	922	922
336052	52	337528	922	922
228969	282	190909	922	922
191355	282	235195	922	922
227564	282	205525	922	922
231575	282	195575	922	922
201114	282	188077	922	922
190371	139	246934	922	922
342201	49	191869	922	922
211988	282	188841	922	922
204625	235	188043	922	922
306837	282	188077	922	922
246798	282	210090	922	922
239685	235	188902	922	922
201901	235	189100	922	922
209712	282	358212	922	922
309881	235	188254	922	922
251843	282	189204	922	922
193870	235	188249	922	922
372418	235	188923	922	922
244420	282	189204	922	922
226561	52	267546	922	922
218296	49	197462	922	922
216336	282	188295	922	922
243424	282	188295	922	922
299045	235	188019	922	922
252452	235	194938	922	922
200023	235	212836	922	922
274380	49	188196	922	922
349844	49	188354	922	922
275865	164	226662	922	922
245022	52	374248	922	922
226412	235	215745	922	922
226455	235	194491	922	922
308510	235	188026	922	922
296774	282	190483	922	922
350445	49	286203	922	922
358243	282	188814	922	922
262483	235	193998	922	922
346419	252	367479	922	922
223927	282	195170	922	922
230141	282	267546	922	922
239510	52	322965	922	922
201403	139	273199	922	922
207746	235	188793	922	922
195288	235	195392	922	922
355258	49	195079	922	922
298733	49	189602	922	922
195280	235	194938	922	922
314098	282	188841	922	922
248214	49	197462	922	922
242784	49	191210	922	922
284673	49	364283	922	922
232365	235	215745	922	922
220581	289	212197	922	922
243845	282	188889	922	922
309899	49	190283	922	922
223805	235	188299	922	922
223418	235	188419	922	923
313711	42	302054	922	923
243950	235	188031	922	923
240816	235	188056	922	923
225442	235	188005	922	923
227687	235	188151	922	923
229007	235	188001	922	923
290215	235	188054	922	923
199267	235	190390	922	923
200250	235	188037	922	923
266958	235	188005	922	923
217972	235	191337	922	923
219110	235	188404	922	923
214943	235	188167	922	923
226552	235	188057	922	923
228142	235	188952	922	923
206464	235	188656	922	923
234626	235	188404	922	923
220537	235	188701	922	923
229980	235	188113	922	923
227124	235	188026	922	923
243029	235	188344	922	923
213444	235	188078	922	923
250625	235	188060	922	923
200114	235	198761	922	923
212767	235	188087	922	923
207766	235	189603	922	923
255022	235	188098	922	923
240038	235	188744	922	923
236542	235	188682	922	923
269462	235	188079	922	923
300479	235	188255	922	923
221798	235	188462	922	923
269136	235	189042	922	923
202041	235	188165	922	923
253372	235	188025	922	923
361395	235	189241	922	923
248261	235	188139	922	923
270683	235	188005	922	923
239178	235	188626	922	923
274682	235	188616	922	923
206491	235	188017	922	923
226385	235	203207	922	923
234993	235	188142	922	923
233616	235	188368	922	923
188114	262	324297	922	923
205367	235	188366	922	923
238082	235	188342	922	923
211747	235	189462	922	923
235956	235	188147	922	923
195425	235	188068	922	923
210619	235	188198	922	923
217622	235	188793	922	923
280352	235	189095	922	923
333384	235	188579	922	923
215647	235	188058	922	923
309573	235	193998	922	923
295595	235	188070	922	923
277758	235	191856	922	923
234905	235	188307	922	923
247117	235	188680	922	923
208802	235	188219	922	923
209530	235	188005	922	923
308658	235	188070	922	923
356459	235	188876	922	923
248030	235	188578	922	923
239352	235	232349	922	923
242449	235	188047	922	923
244225	235	188039	922	923
286530	235	188168	922	923
306895	235	188314	922	923
188361	262	324297	922	923
232325	235	188058	922	923
208723	235	188121	922	923
269900	235	189742	922	923
198874	235	190123	922	923
218234	235	188409	922	923
201070	235	188158	922	923
212438	235	188075	922	923
286997	235	203207	922	923
223485	235	189372	922	923
333779	235	188851	922	923
254930	235	188005	922	923
202263	235	188024	922	923
218209	235	188179	922	923
262517	235	198761	922	923
207286	235	188364	922	923
216580	235	189333	922	923
210709	235	188027	922	923
240094	235	188175	922	923
242182	235	188232	922	923
210029	235	189509	922	923
200786	235	188200	922	923
247828	235	188107	922	923
276278	235	188219	922	923
206903	235	188032	922	923
271924	235	189531	922	923
208626	235	189210	922	923
273958	235	189512	922	923
214685	235	188025	922	923
188159	267	257347	922	923
200817	235	188073	922	923
222168	235	192976	922	923
224833	235	188063	922	923
232584	235	188356	922	923
259068	235	188383	922	923
266774	235	188069	922	923
197754	235	203207	922	923
195542	235	190085	922	923
269316	235	196310	922	923
368007	235	188197	922	923
254002	235	198761	922	923
264350	235	188555	922	923
219087	235	189462	922	923
263694	235	188098	922	923
227931	235	188151	922	923
200972	235	197819	922	923
259390	49	220650	922	923
208343	235	195392	922	923
203381	235	188061	922	923
202614	235	188110	922	923
208052	235	193998	922	923
285992	235	188097	922	923
200280	235	188710	922	923
221183	235	188053	922	923
219025	235	215745	922	923
241090	235	188189	922	923
280339	235	188201	922	923
270207	235	188106	922	923
240676	235	188260	922	923
243404	235	188132	922	923
364288	235	188772	922	923
210509	235	188186	922	923
213453	235	188110	922	923
229238	235	191070	922	923
238653	235	198761	922	923
199709	235	188190	922	923
331802	235	189053	922	923
196045	235	188334	922	923
250494	235	188116	922	923
193333	235	204734	922	923
230261	235	188790	922	923
241812	235	188068	922	923
209708	235	188155	922	923
197724	235	188039	922	923
280487	235	188319	922	923
205049	235	203207	922	923
277980	235	188088	922	923
265767	235	197718	922	923
267488	235	188867	922	923
250535	235	188069	922	923
196242	235	188166	922	923
298274	235	188048	922	923
211696	235	189333	922	923
198841	235	243652	922	923
305806	235	188119	922	923
245651	287	284921	922	923
233730	235	188047	922	923
191965	289	297896	922	923
207663	235	196310	922	923
226184	235	188342	922	923
199355	235	188134	922	923
264608	235	188201	922	923
205912	235	188697	922	923
224017	235	188532	922	923
232958	235	188252	922	923
202662	235	188320	922	923
241830	235	188109	922	923
214747	235	198761	922	923
308806	235	188005	922	923
213213	235	188305	922	923
271242	235	188069	922	923
254404	235	188054	922	923
211704	235	188220	922	923
326532	235	188835	922	923
239894	235	188250	922	923
234738	49	188196	922	923
206859	235	189172	922	923
295102	235	188005	922	923
302255	235	188005	922	923
210694	235	188020	922	923
221346	235	188736	922	923
226268	235	189627	922	923
201717	235	188178	922	923
211685	235	189441	922	923
248161	235	223019	922	923
223041	235	188085	922	923
262324	235	198761	922	923
256545	235	189087	922	923
207594	235	190390	922	923
249255	235	188066	922	923
262804	235	190197	922	923
205333	235	188032	922	923
237555	235	193356	922	923
301902	235	203207	922	923
215473	235	190398	922	923
273009	235	188076	922	923
268499	235	188774	922	923
355058	292	346501	922	923
202574	235	188896	922	923
196409	235	188075	922	923
273744	235	189552	922	923
282120	235	188126	922	923
226455	235	212836	922	923
338338	235	196310	922	923
264336	235	188005	922	923
207124	235	189394	922	923
204155	235	188016	922	923
286426	235	189058	922	923
277075	235	188264	922	923
287744	235	188143	922	923
201072	235	188178	922	923
260247	235	189136	922	923
225883	235	188158	922	923
204358	235	188079	922	923
235889	235	188649	922	923
305305	235	188314	922	923
282178	235	188988	922	923
273265	235	192995	922	923
253122	235	188179	922	923
328976	235	188265	922	923
205961	235	192784	922	923
197166	235	188064	922	923
206151	235	188036	922	923
270933	235	188058	922	923
276215	235	188143	922	923
274665	235	191629	922	923
217166	235	188060	922	923
275257	235	188334	922	923
195542	235	189827	922	923
262215	235	188121	922	923
210393	235	188192	922	923
211811	235	188348	922	923
335646	235	188005	922	923
193736	235	189333	922	923
206703	235	191635	922	923
366331	235	188835	922	923
250703	235	190390	922	923
237406	235	188017	922	924
206368	235	188192	922	924
239235	235	188252	922	924
200170	235	188078	922	924
211074	235	197718	922	924
275440	235	188440	922	924
226412	235	188052	922	924
236116	235	188300	922	924
297990	235	189752	922	924
207969	235	188142	922	924
276768	235	188068	922	924
332480	235	188879	922	924
280413	235	188222	922	924
240995	235	190085	922	924
207779	235	188342	922	924
289534	287	296318	922	924
267162	235	188097	922	924
299913	235	188308	922	924
216630	235	188069	922	924
289390	235	189006	922	924
236950	235	189063	922	924
212587	235	188134	922	924
207494	235	188076	922	924
234642	235	188031	922	924
231191	235	188099	922	924
272386	235	188132	922	924
229061	235	189022	922	924
293533	235	188137	922	924
232821	235	188232	922	924
210587	235	188068	922	924
267861	287	284921	922	924
249836	235	188072	922	924
199145	235	189218	922	924
273218	235	189136	922	924
244488	235	188044	922	924
342337	289	295216	922	924
375183	49	190077	922	924
256039	235	189036	922	924
201210	235	188175	922	924
232828	235	188621	922	924
221095	235	189470	922	924
271117	235	190396	922	924
198794	235	188269	922	924
198803	235	188178	922	924
221697	235	188172	922	924
259674	235	188061	922	924
220898	235	188532	922	924
205851	235	188131	922	924
234856	235	188634	922	924
247504	235	188547	922	924
265182	235	189287	922	924
209838	235	188030	922	924
201828	42	191431	922	924
197384	235	188340	922	924
278284	235	188058	922	924
236152	235	190690	922	924
246387	235	189308	922	924
236595	202	275378	922	924
291427	287	335098	922	924
212517	235	188040	922	924
309773	235	188151	922	924
306310	235	188033	922	924
208451	235	188551	922	924
258595	235	188140	922	924
299779	235	229139	922	924
250421	49	191887	922	924
295216	289	342337	922	924
279714	235	188253	922	924
276880	287	282589	922	924
222944	235	188087	922	924
231515	292	372266	922	924
214450	235	188061	922	924
212821	235	188047	922	924
249257	235	188578	922	924
297896	289	191965	922	924
231913	235	190390	922	924
311390	235	188116	922	924
266957	235	189159	922	924
247867	235	188034	922	924
212331	235	188726	922	924
224603	235	188131	922	924
357397	49	190077	922	924
277930	289	271370	922	924
196943	235	188113	922	924
256169	235	188222	922	924
281334	235	188075	922	924
295042	235	188260	922	924
251817	235	189221	922	924
257486	235	188290	922	924
214031	235	188025	922	924
205235	235	188883	922	924
280100	235	192828	922	924
229567	235	188079	922	924
242745	235	192934	922	924
215337	235	189446	922	924
252453	235	188189	922	924
224308	235	188026	922	924
360964	42	189025	922	924
235834	235	188900	922	924
336951	287	296318	922	924
199806	235	188068	922	924
228850	235	188342	922	924
200304	235	189714	922	924
256441	235	188058	922	924
367058	49	190077	922	924
302602	225	291535	922	924
256182	235	193212	922	924
317595	42	291209	922	924
229814	235	188640	922	924
258379	235	196310	922	924
246102	235	188152	922	924
226871	235	188066	922	924
234183	235	191960	922	924
234924	235	188131	922	924
201274	235	188685	922	924
303705	235	189842	922	924
226218	235	188040	922	924
208115	235	188277	922	924
320387	235	188547	922	924
215000	235	188036	922	924
262380	235	188032	922	924
245270	235	192911	922	924
201901	235	188063	922	924
234394	235	198321	922	924
230307	235	188019	922	924
208596	235	188027	922	924
215392	235	189579	922	924
216471	235	188051	922	924
291535	219	302602	922	924
235387	235	189960	922	924
198435	235	188024	922	924
206867	235	188106	922	924
296376	235	188054	922	924
346875	235	188867	922	924
285285	235	190390	922	924
229755	235	188464	922	924
194024	235	188006	922	924
244962	235	188726	922	924
201101	235	188136	922	924
271370	289	277930	922	924
221355	235	196310	922	924
274332	235	188744	922	924
254978	235	188556	922	924
204244	235	189002	922	924
218739	235	188122	922	924
214866	235	189136	922	924
311293	235	188835	922	924
213204	235	188003	922	924
256151	235	188164	922	924
235021	235	188201	922	924
192431	235	188091	922	924
208074	235	188389	922	924
356592	235	191693	922	924
290619	235	188731	922	924
237675	235	188026	922	924
316782	235	188027	922	924
211530	235	188118	922	924
248240	235	188105	922	924
209987	235	190006	922	924
222967	235	190147	922	924
216072	235	189216	922	924
223745	235	188139	922	924
286573	235	188633	922	924
262675	49	190077	922	924
265672	235	188034	922	925
322305	235	193209	922	925
312744	235	194085	922	925
195608	235	188025	922	925
211857	235	188090	922	925
334041	235	188214	922	925
255986	235	188129	922	925
220218	235	188334	922	925
221407	235	188190	922	925
222435	235	188021	922	925
199274	235	188073	922	925
251554	235	188171	922	925
241960	235	188092	922	925
247131	292	375091	922	925
248609	235	188021	922	925
217996	235	189579	922	925
230686	39	247404	922	925
203278	235	188318	922	925
205129	235	188105	922	925
258724	235	188197	922	925
219561	235	188024	922	925
212425	289	230320	922	925
206612	235	189160	922	925
272047	235	188052	922	925
215018	176	199837	922	925
269475	37	188114	922	925
243160	235	188131	922	925
221383	235	199239	922	925
203341	235	188025	922	925
314790	235	190503	922	925
224714	235	190767	922	925
263751	235	188270	922	925
244992	235	189140	922	925
237792	235	188104	922	925
271162	235	188164	922	925
234974	235	188111	922	925
244842	235	188140	922	925
209623	235	188902	922	925
329360	235	213569	922	925
214822	235	188152	922	925
217983	235	188492	922	925
209773	235	191586	922	925
283390	235	193046	922	925
253038	235	188218	922	925
247309	235	188906	922	925
197097	235	189372	922	925
216867	235	198100	922	925
292152	235	191626	922	925
243027	235	188163	922	925
338180	235	188634	922	925
199340	235	188015	922	925
248155	235	205956	922	925
244578	235	188063	922	925
284555	235	198344	922	925
219916	235	188948	922	925
283477	235	190390	922	925
211811	235	188697	922	925
263431	235	188039	922	925
225147	235	188902	922	925
199571	235	188006	922	925
216201	235	188207	922	925
215307	235	188058	922	925
245068	235	188146	922	925
230320	289	212425	922	925
318264	235	188050	922	925
262627	289	190634	922	925
264445	219	302602	922	925
308722	235	189475	922	925
291647	235	188543	922	925
242033	235	189742	922	925
208509	235	188069	922	925
232275	235	188222	922	925
281573	235	188143	922	925
268938	235	188072	922	925
237288	235	188411	922	925
239244	235	188121	922	925
228251	235	188085	922	925
208452	235	188091	922	925
218603	235	194783	922	925
247670	235	188075	922	925
220305	235	188119	922	925
367869	176	297537	922	925
259775	235	188193	922	925
248789	235	188505	922	925
306022	245	214462	922	925
272438	235	188255	922	925
243005	235	188145	922	925
232157	235	188533	922	925
238683	235	188902	922	925
199129	235	188011	922	925
236832	235	188068	922	925
262783	235	191693	922	925
335726	235	190426	922	925
203731	235	188058	922	925
291307	235	188966	922	925
216512	235	188765	922	925
217762	235	188532	922	925
330416	235	188633	922	925
212348	235	188547	922	925
248161	235	189135	922	925
262424	235	188433	922	925
209505	235	188044	922	925
208009	235	188045	922	925
251345	235	190345	922	925
196462	235	188028	922	925
244287	235	188038	922	925
277555	235	190017	922	925
226965	235	188244	922	925
209652	235	188056	922	925
339567	235	189006	922	925
218738	235	188074	922	925
202526	235	188128	922	925
259854	235	188137	922	925
281623	235	189648	922	925
239696	235	188043	922	925
242449	235	188222	922	925
232988	235	188017	922	925
235551	235	188827	922	926
188177	267	223802	922	926
222631	235	189245	922	926
204772	235	188490	922	926
265075	235	189441	922	926
275168	235	188043	922	926
301001	235	188024	922	926
241602	235	188087	922	926
218334	235	188626	922	926
206790	235	194555	922	926
375957	235	189314	922	926
199811	235	188146	922	926
310219	49	323401	922	926
269992	235	188151	922	926
269983	235	188021	922	926
210097	235	190297	922	926
315210	235	188859	922	926
236624	235	188151	922	926
227958	235	188010	922	926
230487	235	188634	922	926
197658	235	188016	922	926
215918	235	188148	922	926
208698	235	188880	922	926
221119	235	191340	922	926
206323	235	189138	922	926
220952	235	188097	922	926
221448	235	188729	922	926
276409	235	208543	922	926
253562	235	189080	922	926
247714	235	190047	922	926
223138	235	188131	922	926
227255	235	188516	922	926
326562	235	188192	922	926
225707	235	188052	922	926
244134	235	188306	922	926
283203	235	188185	922	926
227302	37	230752	922	926
189144	183	277054	922	926
189144	245	229326	922	926
257192	235	188276	922	926
208538	235	188063	922	926
258718	235	189509	922	926
226437	235	188047	922	926
211364	235	188061	922	926
236729	235	188374	922	926
298563	101	188286	922	926
257569	235	188127	922	926
198973	235	188030	922	926
219536	235	188235	922	926
218926	235	188220	922	926
286470	287	372981	922	926
226908	235	188626	922	926
215851	235	188298	922	926
210066	235	188227	922	926
330246	235	188736	922	926
211811	235	188163	922	926
272052	235	188019	922	926
204095	235	188075	922	926
228265	235	188334	922	926
222098	235	188076	922	926
274869	235	188126	922	926
218514	235	188003	922	926
203054	235	190767	922	926
237309	235	188493	922	926
268508	235	188127	922	926
240998	235	188347	922	926
220015	235	188925	922	926
208150	235	188033	922	926
292948	42	302107	922	926
295300	235	188180	922	926
286183	292	345194	922	926
230788	235	189106	922	926
230226	235	192342	922	926
248055	235	188248	922	926
202420	235	189203	922	926
281374	235	188089	922	926
312638	235	188048	922	926
275016	235	188020	922	926
261400	49	188325	922	926
210671	235	188054	922	926
264583	235	188227	922	926
206105	235	188042	922	926
226263	235	188061	922	927
207746	235	188383	922	927
356194	42	195282	922	927
288826	235	188021	922	927
261419	235	188256	922	927
211531	235	188072	922	927
366880	235	214279	922	927
280991	235	188167	922	927
220203	235	188227	922	927
248894	235	191580	922	927
221101	235	188085	922	927
297650	235	188821	922	927
221608	235	188210	922	927
238199	235	188128	922	927
200875	235	188015	922	927
235463	235	188533	922	927
204707	235	188037	922	927
270919	235	190002	922	927
196437	235	188386	922	927
280193	235	188027	922	927
267733	235	188787	922	927
226438	235	188198	922	927
215731	235	188014	922	927
211485	235	188019	922	927
261449	235	188170	922	927
213448	235	188028	922	927
275539	235	189078	922	927
213519	235	188109	922	927
317552	47	295065	922	927
276035	235	188645	922	927
234607	235	188055	922	927
292152	235	191250	922	927
217738	235	188210	922	927
215397	235	188229	922	927
213375	235	188170	922	927
217829	235	190318	922	927
208667	235	188307	922	927
213774	235	188819	922	927
205037	235	188161	922	927
200483	235	188140	922	927
247185	235	189575	922	927
232599	235	188261	922	927
240741	235	188390	922	927
223929	235	188164	922	927
198842	235	188190	922	927
222418	235	188118	922	927
211901	235	188784	922	927
210693	235	188685	922	927
280944	235	188045	922	927
222416	235	188219	922	927
214100	235	189557	922	927
200573	235	192036	922	927
214493	235	188045	922	927
203957	235	188155	922	927
341686	235	188255	922	927
260580	235	188070	922	927
203058	235	188018	922	927
200206	235	188015	922	927
219093	235	188198	922	927
285186	235	188108	922	928
199467	289	302714	922	928
224363	235	188474	922	928
219557	235	191070	922	928
268019	287	345388	922	928
209733	235	188454	922	928
236655	235	188147	922	928
311446	289	320823	922	928
336567	235	193481	922	928
235184	235	193044	922	928
217740	235	188047	922	928
228097	235	188057	922	928
286469	235	188255	922	928
274037	235	188111	922	928
203748	235	188527	922	928
242522	235	188393	922	928
297343	235	191626	922	928
217236	235	188088	922	928
229585	235	188255	922	928
226163	235	188527	922	928
193185	289	248245	922	928
209930	235	188029	922	928
202426	235	188018	922	928
274099	235	188527	922	928
283736	235	188082	922	928
227232	235	188170	922	928
232280	235	188018	922	928
244448	235	188256	922	928
247289	235	188171	922	928
320823	289	311446	922	928
295629	289	191924	922	928
269780	235	188430	922	928
308917	235	188024	922	928
223012	235	188254	922	928
208185	235	188151	922	928
264427	235	188126	922	928
302714	289	199467	922	928
191924	289	295629	922	928
221329	235	188280	922	928
343321	235	188204	922	928
298377	235	188519	922	928
224836	235	188052	922	928
247666	235	190474	922	928
304131	235	190400	922	928
248245	289	193185	922	928
199495	235	188227	922	928
310936	235	188731	922	928
213106	235	188060	922	928
274907	235	188044	922	928
355388	235	188255	922	928
243567	235	188057	922	928
243318	42	190539	922	928
260341	235	188439	922	928
225383	235	188188	922	928
291458	235	189041	922	928
273526	235	188041	922	928
231893	289	192364	922	929
192364	289	231893	922	929
231021	235	188146	922	929
219462	235	188045	922	929
220988	235	188034	922	929
257519	235	188122	922	929
237931	235	188120	922	929
243840	235	188099	922	929
252779	235	188024	922	929
247668	235	188056	922	929
208533	235	188037	922	929
208920	289	342745	922	929
262177	235	188232	922	929
238970	235	188645	922	929
194528	235	188053	922	929
221987	235	188214	922	929
248856	235	188120	922	929
263053	289	267638	922	929
344049	235	188645	922	929
227323	235	188029	922	929
286795	235	188056	922	929
293258	292	323687	922	929
337993	235	189398	922	929
291111	235	188883	922	929
216679	235	188089	922	929
235890	235	188047	922	929
218474	235	188055	922	929
222255	235	189736	922	929
196551	235	188007	922	929
209074	235	188016	922	929
267638	289	263053	922	929
266584	235	198663	922	929
342745	289	208920	922	929
211609	235	188331	922	929
188549	254	218228	922	929
240695	235	188203	922	929
227572	235	188238	922	929
232887	235	188433	922	930
311827	235	188166	922	930
195280	235	188020	922	930
235110	235	188163	922	930
306179	292	375094	922	930
209344	235	188099	922	930
297099	235	188218	922	930
209159	235	188122	922	930
272617	235	188032	922	930
251348	235	188075	922	930
239298	235	188034	922	930
197954	235	188025	922	930
320718	292	353839	922	930
283375	235	188314	922	930
217648	235	188248	922	930
214037	235	188256	922	930
268489	235	188447	922	930
297169	235	188082	922	930
251541	235	188991	922	930
228831	235	188185	922	930
338065	235	188154	922	930
337044	287	249525	922	930
211466	235	188243	922	930
268596	235	188209	922	930
239685	235	188163	922	930
227232	235	188439	922	930
272830	245	300445	922	930
191526	292	362343	922	930
215606	235	188407	922	930
263751	235	189287	922	930
257640	235	188019	922	931
249767	235	188172	922	931
201619	235	188320	922	931
239411	235	189782	922	931
220948	235	188409	922	931
213949	235	188218	922	931
253457	235	188451	922	931
250512	235	191070	922	931
223575	235	188203	922	931
216201	235	188021	922	931
272801	235	188595	922	931
268219	289	193651	922	931
188288	267	305910	922	931
232743	235	188154	922	931
223894	235	189105	922	931
250109	235	188755	922	931
199894	235	188089	922	931
216662	235	188015	922	931
224590	235	190474	922	931
193651	289	268219	922	931
312456	235	188596	922	931
235386	235	188120	922	931
280167	235	188058	922	931
298267	235	188755	922	932
353719	42	317730	922	932
216597	235	188505	922	932
256769	235	188040	922	932
293228	289	335561	922	932
253544	235	188951	922	932
314396	235	188598	922	932
262383	235	188514	922	932
256021	235	188185	922	932
283293	235	188316	922	932
257942	235	188770	922	932
219563	235	188018	922	932
335561	289	293228	922	932
203277	235	188234	922	932
250366	235	188479	922	932
220045	235	188036	922	932
210627	235	188014	922	932
219079	235	188193	922	932
228934	235	188048	922	933
374446	167	334455	922	933
317850	235	191843	922	933
347440	235	191693	922	933
229725	235	188021	922	933
249287	235	188171	922	933
245897	235	188332	922	933
228939	235	188148	922	933
260752	287	372981	922	933
271313	42	193325	922	933
247772	235	188527	922	933
229970	235	188267	922	933
247165	235	188119	922	933
222747	235	188156	922	933
320508	235	188110	922	933
221831	235	188903	922	934
190634	289	262627	922	934
226129	235	188355	922	934
204632	289	191170	922	934
227087	235	188384	922	934
212390	235	188018	922	934
239894	235	188400	922	934
213477	235	188254	922	934
227150	235	188154	922	934
194777	47	194844	922	934
191170	289	204632	922	934
318475	235	190672	922	934
218906	235	188358	922	934
199129	235	188039	922	934
244485	235	189122	922	935
208789	235	188047	922	935
301980	289	192608	922	935
219150	235	188447	922	935
264281	235	188450	922	935
256921	235	189033	922	935
215263	235	188193	922	935
192608	289	301980	922	935
230994	289	305773	922	935
248663	235	188921	922	935
305773	289	230994	922	935
267433	235	188009	922	935
295414	289	261932	922	935
245335	235	188111	922	936
273959	235	188332	922	936
209623	235	188108	922	936
253038	235	188193	922	936
228810	235	188039	922	936
344537	235	188242	922	936
283730	235	188006	922	936
270028	235	188110	922	936
259457	235	188755	922	936
235720	235	188924	922	936
216247	235	188034	922	936
339002	245	237101	922	937
257669	235	188063	922	937
219419	235	188086	922	937
263315	235	189249	922	937
353457	235	326278	922	937
267099	42	211480	922	937
237206	235	188505	922	938
206091	235	188006	922	938
259111	235	188111	922	938
219563	235	188234	922	938
244401	235	189072	922	939
212253	289	279413	922	939
288531	235	188712	922	939
190326	289	331141	922	939
331141	289	190326	922	939
279413	289	212253	922	939
189979	267	319975	922	940
201126	267	319975	922	940
237214	235	188017	922	940
307863	262	341488	922	941
288418	289	236675	922	942
236675	289	288418	922	942
294730	273	191951	922	945
274260	101	188245	922	946
263710	290	188191	922	946
223650	289	261778	922	948
353669	97	188548	922	948
261778	289	223650	922	948
288729	97	188548	922	949
312430	287	282589	922	950
335521	42	193197	922	952
190933	254	298967	922	953
226913	277	189490	922	957
327753	273	188213	922	958
322540	97	188548	922	960
266973	290	187990	922	961
302990	287	275138	922	961
334774	287	350824	922	961
298197	289	253407	922	964
266112	37	189223	922	964
197875	254	284976	922	964
253407	289	298197	922	964
265424	289	206821	922	966
206821	289	265424	922	966
263740	289	264344	922	967
188112	106	188288	922	967
188288	106	188112	922	967
264344	289	263740	922	967
286647	289	223557	922	969
223557	289	286647	922	969
372367	76	315501	922	970
315501	61	351053	922	970
315501	61	350871	922	970
351053	76	315501	922	970
350871	76	315501	922	970
366949	76	315501	922	970
256396	76	315501	922	970
315501	61	366949	922	970
315501	61	256396	922	970
315501	61	372367	922	970
193972	289	272525	922	972
196860	289	218877	922	973
218877	289	196860	922	973
228852	106	363566	923	0
366279	76	285344	923	0
190392	61	338183	923	0
322663	76	190392	923	0
292899	37	187991	923	0
317657	76	190392	923	0
312546	61	283108	923	0
293672	61	252884	923	0
340634	76	312082	923	0
287111	273	189243	923	0
338143	76	190392	923	0
196286	76	296887	923	0
190392	61	340637	923	0
190826	106	210111	923	0
296887	61	209042	923	0
312546	61	261227	923	0
348545	76	296887	923	0
261227	76	312546	923	0
359856	76	190392	923	0
285344	61	318677	923	0
300905	76	187988	923	0
220574	262	258073	923	0
313064	289	313065	923	0
362495	76	285344	923	0
348484	76	296887	923	0
312546	61	239812	923	0
232648	76	285344	923	0
303733	76	293672	923	0
271088	76	190392	923	0
293672	61	352870	923	0
194125	262	373157	923	0
285277	262	343956	923	0
363446	76	285344	923	0
312528	76	285344	923	0
190392	61	345222	923	0
240746	76	293672	923	0
354224	76	312082	923	0
293672	61	246317	923	0
312546	61	251504	923	0
190392	61	361665	923	0
285344	61	211877	923	0
312082	61	351438	923	0
293672	61	240746	923	0
190392	61	289397	923	0
270852	76	312082	923	0
285344	61	368220	923	0
362849	76	312546	923	0
190392	61	367611	923	0
218623	235	198697	923	0
190392	61	317657	923	0
296887	61	212373	923	0
225468	76	190392	923	0
302203	76	312546	923	0
354343	76	285344	923	0
251114	76	190392	923	0
312546	61	223726	923	0
312546	61	367667	923	0
296887	61	352609	923	0
296887	61	230725	923	0
190392	61	281583	923	0
369982	76	293672	923	0
349207	76	190392	923	0
189556	106	191248	923	0
190392	61	338143	923	0
188475	106	188926	923	0
312082	61	344979	923	0
300905	76	293672	923	0
293672	61	245717	923	0
296887	61	191344	923	0
286970	76	296887	923	0
271875	76	285344	923	0
373121	76	312546	923	0
293672	61	372884	923	0
349492	126	187988	923	0
247614	76	312082	923	0
303732	76	293672	923	0
338183	76	190392	923	0
188759	106	188112	923	0
285344	61	367156	923	0
251504	76	312546	923	0
285344	61	372083	923	0
312082	61	354224	923	0
190392	61	329251	923	0
312546	61	204261	923	0
277205	76	190392	923	0
352870	76	293672	923	0
285344	61	344565	923	0
293672	61	276210	923	0
369352	76	285344	923	0
217792	76	296887	923	0
312082	61	335309	923	0
293672	61	369982	923	0
285344	61	314277	923	0
189914	106	189865	923	0
312082	61	350309	923	0
190392	61	339843	923	0
293672	61	259305	923	0
329595	76	190392	923	0
259939	76	312546	923	0
190392	61	225468	923	0
192519	106	190239	923	0
293672	61	261599	923	0
223726	76	312546	923	0
296887	61	286970	923	0
279175	235	189831	923	0
312082	61	357299	923	0
338821	76	190392	923	0
189868	76	296887	923	0
312082	61	361773	923	0
296887	61	193443	923	0
261599	76	293672	923	0
246317	76	293672	923	0
293672	61	234230	923	0
247883	76	190392	923	0
196004	106	191248	923	0
318246	76	190392	923	0
250145	76	293672	923	0
263271	76	312082	923	0
302110	42	227936	923	0
291172	106	230698	923	0
215219	76	293672	923	0
367156	76	285344	923	0
312082	61	263271	923	0
331384	76	190392	923	0
253385	262	294859	923	0
312546	61	369672	923	0
312546	61	361427	923	0
189865	106	189914	923	0
308013	76	293672	923	0
375575	76	285344	923	0
338231	76	190392	923	0
360915	37	188160	923	0
312546	61	259707	923	0
312082	61	370236	923	0
282659	235	189482	923	0
285344	61	375575	923	0
283108	76	312546	923	0
298126	37	188818	923	0
285344	61	230245	923	0
315130	76	312546	923	0
253733	76	312546	923	0
345399	76	285344	923	0
285344	61	331376	923	0
285344	61	343832	923	0
190392	61	329014	923	0
285174	235	188595	923	0
343832	76	285344	923	0
189914	106	190823	923	0
214859	106	321310	923	0
359420	76	285344	923	0
296887	61	209813	923	0
312082	61	364750	923	0
346090	76	285344	923	0
364165	76	190392	923	0
293672	61	323823	923	0
285344	61	232648	923	0
318677	76	285344	923	0
291031	76	285344	923	0
211631	76	296887	923	0
296887	61	217792	923	0
344565	76	285344	923	0
190392	61	339205	923	0
190392	61	339126	923	0
293672	61	250145	923	0
296887	61	367883	923	0
312082	61	339823	923	0
338491	76	190392	923	0
319827	76	285344	923	0
293672	61	261247	923	0
190392	61	331384	923	0
293672	61	261482	923	0
303733	76	187988	923	0
285344	61	353470	923	0
300698	76	187988	923	0
312082	61	362739	923	0
312546	70	349492	923	0
350486	76	293672	923	0
312546	61	247693	923	0
340637	76	190392	923	0
296887	61	276544	923	0
367813	76	190392	923	0
371489	76	285344	923	0
312546	61	214088	923	0
320165	76	190392	923	0
239812	76	312546	923	0
285344	61	356792	923	0
285344	61	271875	923	0
312546	61	344670	923	0
293672	61	294109	923	0
313364	235	189091	923	0
200397	106	191248	923	0
226450	289	273310	923	0
312546	61	255650	923	0
362739	76	312082	923	0
306355	76	293672	923	0
312082	61	247516	923	0
190392	61	338951	923	0
196482	235	192538	923	0
365686	76	285344	923	0
285344	61	366279	923	0
329246	76	190392	923	0
312546	61	253733	923	0
296887	61	189868	923	0
339843	76	190392	923	0
370233	76	285344	923	0
363094	76	285344	923	0
361023	76	285344	923	0
335309	76	312082	923	0
362900	76	285344	923	0
228420	289	259767	923	0
190392	61	340761	923	0
312546	61	350252	923	0
312546	61	200783	923	0
293672	61	372121	923	0
349492	126	312546	923	0
216367	262	373157	923	0
191248	106	200397	923	0
312082	61	272918	923	0
200783	76	312546	923	0
190392	61	323106	923	0
341574	76	190392	923	0
190392	61	322663	923	0
312082	61	344522	923	0
374779	76	293672	923	0
312082	61	283349	923	0
372451	76	190392	923	0
312082	61	315225	923	0
312546	61	360921	923	0
349026	76	285344	923	0
283349	76	312082	923	0
259767	289	228420	923	0
338705	76	190392	923	0
293672	61	241775	923	0
337516	76	312082	923	0
188926	106	188475	923	0
352207	37	187987	923	0
312082	61	269414	923	0
321164	76	190392	923	0
195390	76	296887	923	0
346821	76	312546	923	0
329014	76	190392	923	0
261931	106	299710	923	0
232887	235	188433	923	0
246852	37	188181	923	0
275497	290	188230	923	0
370236	76	312082	923	0
350252	76	312546	923	0
214537	76	296887	923	0
328861	106	189786	923	0
296887	61	196286	923	0
293672	61	229210	923	0
353470	76	285344	923	0
237870	76	312546	923	0
319741	76	293672	923	0
190392	61	349207	923	0
285344	61	371823	923	0
296887	61	348484	923	0
237144	76	312546	923	0
282343	76	312082	923	0
296887	61	371436	923	0
190392	61	351314	923	0
272918	76	312082	923	0
350309	76	312082	923	0
293672	61	306355	923	0
360915	42	188376	923	0
285344	61	361023	923	0
296887	61	349887	923	0
351314	76	190392	923	0
241775	76	293672	923	0
284720	76	293672	923	0
210111	106	190826	923	0
338951	76	190392	923	0
190392	61	372451	923	0
215728	76	312546	923	0
293672	61	284720	923	0
278852	76	285344	923	0
229210	76	293672	923	0
190392	61	322325	923	0
368703	76	293672	923	0
253595	262	361103	923	0
190392	61	251114	923	0
341418	76	190392	923	0
285344	61	269387	923	0
329270	76	190392	923	0
329251	76	190392	923	0
294109	76	293672	923	0
355749	76	312546	923	0
285344	61	270279	923	0
303732	76	285344	923	0
204090	76	312546	923	0
190392	61	318246	923	0
205697	76	190392	923	0
285344	61	375038	923	0
307282	76	293672	923	0
190392	61	341418	923	0
312082	61	345555	923	0
190392	61	329595	923	0
291878	76	190392	923	0
312546	61	346821	923	0
357299	76	312082	923	0
285344	61	371489	923	0
296318	73	372981	923	0
310312	280	322034	923	0
285344	61	363094	923	0
285344	61	312528	923	0
339959	76	190392	923	0
312546	61	315130	923	0
312546	61	355749	923	0
303732	76	187988	923	0
190392	61	373877	923	0
296887	61	195390	923	0
316673	106	192482	923	0
339823	76	312082	923	0
323823	76	293672	923	0
285344	61	278852	923	0
358053	76	285344	923	0
285344	61	345399	923	0
190823	106	189914	923	0
296887	61	224766	923	0
190392	61	341574	923	0
241845	42	200101	923	0
293672	61	308013	923	0
352379	76	312546	923	0
260209	76	296887	923	0
312546	61	357540	923	0
369705	101	188372	923	0
194582	76	312546	923	0
372884	76	293672	923	0
312082	61	370917	923	0
285344	61	358455	923	0
189786	106	328861	923	0
190392	61	321954	923	0
197169	262	286440	923	0
204261	76	312546	923	0
285344	61	351087	923	0
322325	76	190392	923	0
372083	76	285344	923	0
370917	76	312082	923	0
345555	76	312082	923	0
285344	61	359420	923	0
312546	61	373121	923	0
321954	76	190392	923	0
190392	61	307766	923	0
244740	235	188448	923	0
190392	61	321164	923	0
321310	106	214859	923	0
190392	61	304456	923	0
196422	290	187990	923	0
296887	61	214905	923	0
328785	76	190392	923	0
296887	61	248244	923	0
296887	61	211631	923	0
312546	61	209223	923	0
190392	61	291878	923	0
191248	106	189556	923	0
246085	76	293672	923	0
339237	76	190392	923	0
293672	61	217293	923	0
371823	76	285344	923	0
296887	61	323594	923	0
194125	262	254854	923	0
288822	76	190392	923	0
296887	61	214537	923	0
252884	76	293672	923	0
363488	76	285344	923	0
296887	61	264586	923	0
190392	61	338821	923	0
190392	61	212792	923	0
312082	61	241443	923	0
361427	76	312546	923	0
312082	61	270852	923	0
223485	235	195017	923	0
342146	106	241497	923	0
261482	76	293672	923	0
281583	76	190392	923	0
273983	235	195300	923	0
360921	76	312546	923	0
344979	76	312082	923	0
296887	61	362244	923	0
190392	61	367813	923	0
299710	106	261931	923	0
293672	61	374779	923	0
361665	76	190392	923	0
298126	42	188046	923	0
285344	61	319827	923	0
312546	61	237870	923	0
331376	76	285344	923	0
293672	61	350486	923	0
312546	61	259939	923	0
217293	76	293672	923	0
367667	76	312546	923	0
190392	61	277205	923	0
285344	61	362495	923	0
375038	76	285344	923	0
367611	76	190392	923	0
312082	61	375199	923	0
293672	61	307282	923	0
285344	61	369352	923	0
312082	61	282343	923	0
285344	61	365798	923	0
369672	76	312546	923	0
312546	61	237144	923	0
300698	76	190392	923	0
190392	61	327385	923	0
356792	76	285344	923	0
261247	76	293672	923	0
293672	61	215219	923	0
241443	76	312082	923	0
312546	61	302203	923	0
257034	104	199669	923	0
363566	106	228852	923	0
312546	61	200989	923	0
276210	76	293672	923	0
325134	76	190392	923	0
296887	70	349492	923	0
199669	262	254854	923	0
194125	262	286440	923	0
375199	76	312082	923	0
349492	126	293672	923	0
358455	76	285344	923	0
285344	61	346090	923	0
285344	61	358053	923	0
190392	61	339237	923	0
312082	61	316339	923	0
289397	76	190392	923	0
312546	61	352379	923	0
312546	61	194582	923	0
285344	61	365686	923	0
280976	42	317589	923	0
293672	61	207208	923	0
335688	76	312546	923	0
293672	61	241540	923	0
371590	106	191293	923	0
191248	106	196004	923	0
312082	61	337516	923	0
362749	76	285344	923	0
345222	76	190392	923	0
231451	76	296887	923	0
296887	70	190392	923	0
285344	61	240146	923	0
285344	61	363488	923	0
285344	61	357586	923	0
312546	61	193554	923	0
365798	76	285344	923	0
190392	61	251299	923	0
296887	61	231451	923	0
250248	235	192860	923	0
190392	61	374084	923	0
214088	76	312546	923	0
259068	235	195046	923	0
190392	61	338491	923	0
192482	106	316673	923	0
190392	61	329270	923	0
373877	76	190392	923	0
368220	76	285344	923	0
335508	42	188376	923	0
372121	76	293672	923	0
298092	76	285344	923	0
190392	61	247883	923	0
312082	61	340634	923	0
319741	76	187988	923	0
190392	61	359856	923	0
296887	61	220563	923	0
273310	289	226450	923	0
293672	61	271449	923	0
190392	61	210396	923	0
304456	76	190392	923	0
285344	61	220085	923	0
190933	262	373157	923	0
264586	76	296887	923	0
364750	76	312082	923	0
285344	61	362749	923	0
293672	70	349492	923	0
357935	76	190392	923	0
190392	61	357935	923	0
312546	61	215728	923	0
234230	76	293672	923	0
319741	76	285344	923	0
296887	61	188908	923	0
294803	76	312082	923	0
190392	61	320165	923	0
190392	61	338231	923	0
312082	61	225730	923	0
285344	61	370233	923	0
296887	61	260209	923	0
316339	76	312082	923	0
357586	76	285344	923	0
293672	61	368703	923	0
190392	61	364165	923	0
271449	76	293672	923	0
323585	76	190392	923	0
285344	61	298092	923	0
344522	76	312082	923	0
248244	76	296887	923	0
312546	61	362849	923	0
344670	76	312546	923	0
190392	61	323585	923	0
307766	76	190392	923	0
190392	61	339959	923	0
285344	61	354343	923	0
191293	106	371590	923	0
315744	262	373157	923	0
308450	76	312082	923	0
285344	61	363446	923	0
285344	61	362900	923	0
296887	61	348545	923	0
211877	76	285344	923	0
312082	61	294803	923	0
190392	61	288822	923	0
190392	61	329246	923	0
190392	61	341144	923	0
341144	76	190392	923	0
190392	61	328785	923	0
293672	61	246085	923	0
190392	61	338705	923	0
207208	76	293672	923	0
349492	126	296887	923	0
237661	235	188155	923	0
200989	76	312546	923	0
242664	235	192710	923	0
325912	76	190392	923	0
374084	76	190392	923	0
190392	61	325134	923	0
285344	61	291031	923	0
327385	76	190392	923	0
270787	235	194631	923	0
230245	76	285344	923	0
352609	76	296887	923	0
241497	106	342146	923	0
215050	101	191978	923	0
312546	61	335688	923	0
312546	61	204090	923	0
292899	49	327823	923	915
369335	152	189080	923	915
375044	49	189668	923	923
272021	235	188106	923	923
271328	282	195258	923	923
230201	235	190396	923	923
228171	282	188788	923	923
284417	282	188077	923	923
221899	282	192987	923	923
197941	282	349078	923	923
230495	49	191431	923	923
200067	282	190371	923	923
349775	139	310660	923	923
229061	235	191070	923	923
201787	235	233904	923	923
234630	49	293082	923	923
259284	282	192069	923	923
223365	52	356277	923	923
191355	282	275663	923	923
193894	282	188295	923	923
322766	282	209747	923	923
202022	282	204782	923	923
336283	52	240909	923	923
285365	163	344429	923	923
282370	49	332438	923	923
232743	235	188170	923	923
232926	282	323293	923	923
189856	139	275684	923	923
242187	282	188788	923	923
224746	235	189058	923	923
272421	49	215948	923	923
210397	235	188016	923	923
214685	235	194938	923	923
196507	52	366647	923	923
284083	282	354999	923	923
190404	139	243992	923	923
256510	282	192510	923	923
219967	235	215745	923	923
311222	49	210226	923	923
311497	52	190811	923	923
248913	282	210208	923	923
260980	273	233587	923	923
194109	139	309819	923	923
230054	282	189113	923	923
230406	235	233904	923	923
250730	235	191070	923	923
239511	235	194491	923	923
258005	282	189155	923	923
196284	282	329997	923	923
233903	235	188153	923	923
233295	52	370362	923	923
300069	282	190713	923	923
215407	282	188788	923	923
296109	49	293082	923	923
337243	282	280403	923	923
225784	52	308274	923	923
240996	235	203207	923	923
249882	235	188043	923	923
204491	282	366647	923	923
330791	49	234313	923	923
260752	49	188272	923	923
210832	52	313793	923	923
361564	282	189330	923	923
209084	235	188348	923	923
228537	282	194254	923	923
277473	282	279404	923	923
274725	235	194491	923	923
285159	235	224252	923	923
232406	282	189693	923	923
224314	52	361667	923	923
208807	235	188047	923	923
256863	282	188077	923	923
280161	235	190767	923	923
197364	49	189402	923	923
354473	139	225601	923	923
196001	52	366647	923	923
248672	49	190537	923	923
231209	282	193292	923	923
261308	139	325277	923	923
205391	282	244757	923	923
288372	139	274718	923	923
218515	235	188378	923	923
283577	282	257391	923	923
196001	282	190418	923	923
232227	52	282774	923	923
240996	235	191070	923	923
294628	282	191955	923	923
374395	49	191576	923	923
339324	235	188263	923	923
204454	282	191195	923	923
193292	139	210834	923	923
227832	52	324352	923	923
271924	235	188753	923	923
336907	282	356573	923	923
240971	282	188788	923	923
336608	52	296968	923	923
345743	282	190784	923	923
210834	282	189432	923	923
274660	282	188216	923	923
193292	139	231209	923	923
189432	139	231209	923	923
285021	282	194381	923	923
204155	235	188299	923	923
275684	282	189856	923	923
212132	282	188077	923	923
291226	49	296533	923	923
261999	282	191042	923	923
313170	52	356277	923	923
328295	49	190344	923	923
261727	282	188077	923	923
214897	235	201116	923	923
193079	52	282774	923	923
202022	282	295555	923	923
240536	282	241487	923	923
240981	49	293082	923	923
205965	235	219987	923	923
275805	235	233904	923	923
206150	235	188268	923	923
192058	282	270293	923	923
342438	235	189018	923	923
271561	49	293082	923	923
194605	52	338690	923	923
363080	48	210208	923	923
196698	235	234421	923	923
254686	287	282589	923	923
240536	52	241487	923	923
328549	235	189055	923	923
214976	282	308274	923	923
217515	235	196310	923	923
208343	235	193998	923	923
192430	139	294864	923	923
190371	139	200067	923	923
192672	282	192073	923	923
194655	282	188431	923	923
199702	235	193998	923	923
231140	235	215745	923	923
225358	282	190393	923	923
224706	282	192128	923	923
238527	52	361667	923	923
222166	235	188152	923	923
231209	282	188889	923	923
196764	139	274877	923	923
239854	235	193998	923	923
198438	52	307706	923	923
215568	282	188788	923	923
274025	282	192128	923	923
266627	282	188889	923	923
236514	49	197617	923	923
238791	52	261308	923	923
285714	52	313793	923	923
365444	235	233904	923	923
230333	235	188492	923	923
358166	282	333518	923	923
255778	289	308558	923	923
228619	282	313793	923	923
214976	52	307706	923	923
330288	49	189668	923	923
206371	282	188295	923	923
198874	235	223019	923	923
314862	282	189992	923	923
210816	235	203207	923	923
227689	49	293082	923	923
367389	52	349167	923	923
308516	139	338018	923	923
296499	282	346702	923	923
230837	282	188077	923	923
354473	139	202022	923	923
228817	282	188295	923	923
364574	42	188293	923	923
244270	235	188481	923	923
360295	282	191044	923	923
191935	52	190247	923	923
307706	139	278113	923	923
247493	235	188996	923	923
259429	49	190283	923	923
292052	49	303431	923	923
298695	49	263507	923	923
246005	282	192062	923	923
321901	282	308970	923	923
336608	282	296968	923	923
226834	235	232943	923	923
267328	49	188376	923	923
313793	139	202201	923	923
310167	282	316714	923	923
234540	282	267546	923	923
359229	282	351680	923	923
327196	139	196550	923	923
192598	139	372593	923	923
310975	282	188292	923	923
261566	49	189668	923	923
201099	282	188077	923	923
205965	235	189263	923	923
246323	282	188295	923	923
334605	282	294002	923	923
259571	49	189335	923	923
205835	52	243804	923	923
325273	282	188216	923	923
355676	139	192443	923	923
354827	52	363648	923	923
293231	235	188220	923	923
231464	282	188814	923	923
294864	282	192430	923	923
191935	52	370362	923	923
297317	282	192128	923	923
303239	273	192113	923	923
291231	282	363648	923	923
259383	282	337498	923	923
275680	282	190779	923	923
285021	282	191205	923	923
233295	282	190247	923	923
243580	273	201376	923	923
259229	52	267546	923	923
196131	282	293567	923	923
289735	282	324352	923	923
198678	235	188182	923	923
195313	235	188290	923	923
192658	52	272187	923	923
294705	235	232943	923	923
307229	52	338690	923	923
272187	139	255851	923	923
195425	235	188270	923	923
318035	49	204510	923	923
339152	235	196310	923	923
350175	282	288237	923	923
240555	282	188788	923	923
335324	49	286203	923	923
227832	52	240909	923	923
300366	139	256602	923	923
369742	139	208714	923	923
218331	235	194938	923	923
256417	282	269685	923	923
284647	235	188170	923	923
259884	282	188675	923	923
363553	139	256602	923	923
205036	52	270293	923	923
211559	235	203207	923	923
316207	282	307056	923	923
219027	282	324352	923	923
322555	235	188101	923	923
284753	282	242640	923	923
217783	282	190175	923	923
252483	282	188675	923	923
210578	235	232943	923	923
253753	282	351948	923	923
295516	282	191044	923	923
261325	282	190575	923	923
227280	282	190245	923	923
322698	282	325128	923	923
269385	282	282774	923	923
254209	235	188047	923	923
261105	52	354473	923	923
189432	139	210834	923	923
218702	52	346702	923	923
240763	235	188404	923	923
211992	139	229648	923	923
252996	282	199203	923	923
269330	49	190940	923	923
260383	235	190037	923	923
223268	235	190475	923	923
253753	52	313793	923	923
192279	52	190247	923	923
269362	49	293082	923	923
210834	282	193292	923	923
314516	49	192627	923	923
295354	282	188077	923	923
197941	52	373722	923	923
363648	139	291231	923	923
292030	282	269685	923	923
372593	282	192598	923	923
198630	282	189113	923	923
260094	282	190982	923	923
194237	52	190247	923	923
222046	235	198761	923	923
264186	235	188773	923	923
295555	139	202022	923	923
324352	139	219027	923	923
252065	235	188192	923	923
197941	52	349078	923	923
254378	282	190483	923	923
208223	235	188738	923	923
375593	139	201114	923	923
217204	235	188657	923	923
196409	235	189575	923	923
195972	235	188657	923	923
200954	139	214197	923	923
270261	235	233904	923	923
219342	52	363648	923	923
232184	235	188021	923	923
220238	139	201835	923	923
233202	49	189845	923	923
190783	139	313201	923	923
318187	282	191042	923	923
207725	282	188788	923	923
206391	235	223019	923	923
335754	49	245664	923	923
244050	49	192524	923	923
373728	49	190181	923	923
308874	52	361667	923	923
350023	49	191260	923	923
211704	235	188613	923	923
310545	49	190283	923	923
204797	235	193998	923	923
352551	49	312820	923	923
295923	49	189025	923	923
211992	139	267201	923	923
279291	282	188295	923	923
339750	139	210060	923	923
223336	282	191728	923	923
268847	289	242606	923	923
255851	52	190247	923	923
191845	139	263433	923	923
193680	139	230493	923	923
252065	235	188032	923	923
199344	85	369186	923	923
196550	282	327196	923	923
230493	282	193680	923	923
260229	49	191297	923	923
315489	235	191666	923	923
332518	139	312616	923	923
196284	52	366647	923	923
225147	282	191881	923	923
270993	49	188257	923	923
233903	235	233904	923	923
234591	235	188093	923	923
267524	282	188618	923	923
208223	235	188175	923	923
245350	235	198321	923	923
306441	282	292123	923	923
229648	282	211992	923	923
304219	282	351373	923	923
243634	282	188788	923	923
226854	282	324521	923	923
262472	235	188170	923	923
205049	235	188454	923	923
208868	235	188011	923	923
274808	235	193998	923	923
244762	282	373722	923	923
248245	52	366614	923	923
226990	52	356277	923	923
205391	52	244757	923	923
361347	52	337528	923	923
359494	184	313196	923	923
215568	282	193622	923	923
247066	282	188077	923	923
332671	49	230314	923	923
301712	235	189021	923	923
187998	267	217199	923	923
242606	289	268847	923	923
247066	282	190483	923	923
317615	282	195042	923	923
270650	49	215018	923	923
296995	282	203876	923	923
192510	139	256510	923	923
258285	235	232943	923	923
248261	235	188050	923	923
253753	282	293567	923	923
333026	42	247148	923	923
210726	235	192976	923	923
273515	49	194181	923	923
265587	235	189831	923	923
199837	282	259131	923	923
200062	282	310902	923	923
210378	282	308020	923	923
200062	52	310902	923	923
314267	282	188077	923	923
248683	282	188077	923	923
311497	282	190811	923	923
191355	52	275663	923	923
332803	235	188198	923	923
350692	49	194995	923	923
253585	49	302107	923	923
238313	49	188272	923	923
330179	49	252337	923	923
365878	282	203892	923	923
199389	235	193998	923	923
250730	235	223019	923	923
285021	282	191646	923	923
221766	282	365341	923	923
304263	282	356277	923	923
249564	235	234421	923	923
237384	235	188252	923	923
195425	235	188237	923	923
317421	282	192589	923	923
236943	235	188163	923	923
355380	139	193412	923	923
355115	139	256602	923	923
237066	235	194938	923	923
241921	49	188272	923	923
315061	282	192128	923	923
222445	282	189204	923	923
229813	52	346702	923	923
247492	235	188040	923	923
248683	282	193622	923	923
289344	49	263997	923	923
272597	282	188077	923	923
268868	282	246229	923	923
237563	235	188348	923	923
264767	282	188295	923	923
271772	282	188431	923	923
312742	49	191223	923	923
273941	282	196594	923	923
309139	235	188568	923	923
359192	49	190294	923	923
254213	282	190788	923	923
314340	282	195170	923	923
249079	235	188170	923	923
271811	235	195647	923	923
254730	235	233904	923	923
313201	282	190783	923	923
268354	235	191666	923	923
217622	235	189136	923	923
303782	235	190125	923	923
243370	282	195572	923	923
219967	235	191070	923	923
313423	282	191886	923	923
309881	235	234421	923	923
320641	235	188393	923	923
227315	49	191706	923	923
227832	52	295555	923	923
204898	235	188078	923	923
226268	235	193998	923	923
235248	235	188055	923	923
228619	52	313793	923	923
333165	282	188216	923	923
236957	235	188011	923	923
258618	235	195123	923	923
212043	235	198761	923	923
192785	282	189365	923	923
294250	282	188077	923	923
302776	49	188325	923	923
248285	49	198721	923	923
357322	282	220064	923	923
327700	139	235406	923	923
197941	52	244757	923	923
193552	52	319269	923	923
253434	282	188930	923	923
267201	282	211992	923	923
204461	235	189861	923	923
361231	282	291840	923	923
253465	282	226761	923	923
233202	48	371051	923	923
239348	235	188225	923	923
243992	282	190404	923	923
216378	235	188940	923	923
194292	139	335272	923	923
218011	235	188021	923	923
285600	235	215745	923	923
355382	282	196265	923	923
268709	52	338690	923	923
347488	49	271218	923	923
337504	282	191042	923	923
366647	139	204491	923	923
265135	49	190534	923	923
200339	282	293567	923	923
217034	282	262220	923	923
218411	235	232943	923	923
210834	282	188889	923	923
238540	235	189388	923	923
364838	282	213387	923	923
361044	282	269551	923	923
196482	235	188208	923	923
283065	235	188648	923	923
259131	139	199837	923	923
304704	49	189460	923	923
233903	235	188085	923	923
265787	282	191885	923	923
203973	235	190470	923	923
279950	49	193300	923	923
222445	282	188295	923	923
308557	49	328221	923	923
291283	282	284989	923	923
344880	139	194526	923	923
206514	235	188139	923	923
283203	235	188151	923	923
309819	282	194109	923	923
191935	282	370362	923	923
210378	282	188295	923	923
194272	49	189402	923	923
309265	282	370942	923	923
266903	49	197462	923	923
213130	282	188788	923	923
252139	235	189058	923	923
337283	282	308970	923	923
361800	282	201248	923	923
358166	282	333518	923	923
220906	235	188118	923	923
350248	282	246975	923	923
311669	52	313793	923	923
222596	235	215745	923	923
212171	282	188788	923	923
308558	289	255778	923	923
374248	139	195427	923	923
235406	52	327700	923	923
285307	52	307706	923	923
374808	282	191042	923	923
304022	282	308970	923	923
203249	235	188210	923	923
193930	235	194491	923	923
235067	235	234421	923	923
226834	235	234421	923	923
296258	49	194653	923	923
344429	164	285365	923	923
233295	52	332808	923	923
287165	282	188077	923	923
308277	164	335508	923	923
226455	235	194491	923	923
233295	282	355380	923	923
243073	235	193998	923	923
228126	52	267546	923	923
200062	52	270293	923	923
196266	282	338690	923	923
212390	235	193998	923	923
245827	282	191572	923	923
202390	282	349167	923	923
223668	235	188021	923	923
218785	282	313793	923	923
226761	139	253465	923	923
366310	282	190741	923	923
250404	49	293082	923	923
192443	52	244757	923	923
319002	235	189156	923	923
344425	235	188246	923	923
199806	235	188237	923	923
294185	49	206846	923	923
299383	282	192128	923	923
247828	235	188175	923	923
191881	139	225147	923	923
236758	49	202523	923	923
325188	49	260515	923	923
320387	235	189018	923	923
281137	282	231227	923	923
366422	235	188621	923	923
278113	282	307706	923	923
295491	235	188753	923	923
206920	235	188001	923	923
242664	235	188967	923	923
349785	49	188354	923	923
348697	282	190374	923	923
273745	235	193998	923	923
228138	235	188151	923	923
371344	235	232943	923	923
250759	235	234421	923	923
271613	282	188295	923	923
233295	52	190247	923	923
202022	282	354473	923	923
211919	282	188216	923	923
253465	282	190977	923	923
200280	235	188075	923	923
324352	139	289735	923	923
331618	52	370415	923	923
298126	282	266567	923	923
239766	282	327370	923	923
231209	282	189432	923	923
230321	282	196670	923	923
304618	282	188295	923	923
192279	52	370362	923	923
281137	282	283007	923	923
309819	52	194109	923	923
218785	282	351948	923	923
235406	282	327700	923	923
230837	282	188788	923	923
307293	282	190784	923	923
275886	235	223019	923	923
335508	282	190741	923	923
222660	282	196670	923	923
250434	235	189909	923	923
285718	49	244308	923	923
203249	235	188925	923	923
229648	282	191460	923	923
247492	235	188334	923	923
222182	235	193998	923	923
314267	282	190483	923	923
325277	282	261308	923	923
301280	52	346702	923	923
314396	282	284989	923	923
231209	282	190938	923	923
276815	282	361667	923	923
247304	235	188151	923	923
204895	282	240909	923	923
194565	282	192154	923	923
292504	235	188170	923	923
266974	282	188618	923	923
254686	49	213277	923	923
240909	139	204895	923	923
262215	235	188155	923	923
228619	52	313793	923	923
217894	52	267546	923	923
253727	282	327741	923	923
359968	52	370415	923	923
201835	282	220238	923	923
261824	235	194938	923	923
214976	52	308274	923	923
351936	282	189472	923	923
346381	139	189237	923	923
242298	235	188239	923	924
201717	235	189446	923	924
225883	235	188128	923	924
223086	235	188276	923	924
197308	235	188502	923	924
221767	235	188178	923	924
269819	289	245006	923	924
277060	235	188539	923	924
214380	235	188252	923	924
217455	235	188087	923	924
292689	235	188318	923	924
208744	235	188379	923	924
270025	235	192859	923	924
254730	235	188276	923	924
248431	235	188254	923	924
211810	235	188487	923	924
247042	235	189441	923	924
218209	235	188178	923	924
202263	235	188070	923	924
221053	235	190538	923	924
361118	235	188167	923	924
368007	235	188167	923	924
207071	235	188883	923	924
250147	235	188098	923	924
222609	235	188001	923	924
257106	235	188032	923	924
235551	235	188294	923	924
217092	235	192976	923	924
249136	235	188240	923	924
271467	235	188085	923	924
269949	235	188622	923	924
257470	235	189117	923	924
272021	235	188143	923	924
250625	235	188020	923	924
263111	235	188005	923	924
206859	235	188417	923	924
261648	235	189232	923	924
197724	235	188025	923	924
266091	235	188326	923	924
243947	235	188136	923	924
229238	235	194491	923	924
210694	235	188011	923	924
253282	235	192446	923	924
269949	235	189294	923	924
348882	235	189579	923	924
234993	235	309150	923	924
272617	235	246555	923	924
240996	235	190325	923	924
225442	235	188128	923	924
254930	235	188197	923	924
215821	235	188544	923	924
210626	235	188704	923	924
325647	235	188835	923	924
217757	235	188151	923	924
228578	235	188005	923	924
219111	235	190895	923	924
200817	235	188059	923	924
289151	235	188599	923	924
288775	235	188192	923	924
269900	235	189742	923	924
198753	235	188519	923	924
250494	235	188835	923	924
196897	235	188040	923	924
244297	235	188421	923	924
278814	235	188208	923	924
210709	235	188051	923	924
250434	235	188107	923	924
318746	235	240690	923	924
243950	235	188051	923	924
219354	235	188042	923	924
247141	235	188001	923	924
205201	235	189851	923	924
248901	235	190881	923	924
191979	289	227611	923	924
242834	235	188121	923	924
212821	235	188532	923	924
270207	235	188032	923	924
368846	235	191666	923	924
224746	235	189655	923	924
289555	235	188307	923	924
227611	289	191979	923	924
252266	235	188134	923	924
201877	235	188038	923	924
265587	235	188059	923	924
255275	235	188058	923	924
233790	235	188835	923	924
215926	235	188011	923	924
245006	289	269819	923	924
233600	235	188057	923	924
322845	235	188097	923	924
292042	235	188038	923	924
209468	235	188180	923	924
265975	235	188197	923	924
211158	235	188032	923	924
220094	235	188739	923	924
256841	235	188487	923	924
204876	235	194371	923	924
230270	235	188570	923	924
206491	235	189058	923	924
208223	235	188087	923	924
222182	235	188093	923	924
212767	235	188074	923	924
207071	235	188855	923	924
257805	235	189229	923	924
225011	235	189012	923	924
245705	289	356690	923	924
204621	235	193010	923	924
200803	235	188016	923	924
241926	235	188378	923	924
227869	235	188364	923	924
197754	235	188059	923	924
216723	235	188278	923	924
220264	235	225208	923	924
290215	235	188270	923	924
309582	235	192251	923	924
253126	235	194530	923	924
330890	233	375754	923	924
195425	235	190612	923	924
206537	235	190475	923	924
230447	235	188823	923	924
201965	235	188076	923	924
214429	235	188061	923	924
244270	235	188147	923	924
298854	235	188294	923	924
357624	235	188033	923	924
205038	235	189143	923	924
209987	235	188268	923	924
206654	235	194491	923	924
225526	235	192038	923	924
228438	235	188178	923	924
201070	235	188143	923	924
226184	235	188342	923	924
267997	235	188219	923	924
215346	235	188025	923	924
234132	235	192424	923	924
209427	235	188003	923	924
246989	235	189470	923	924
288108	235	188501	923	924
188608	239	322603	923	924
317273	235	188128	923	924
270711	235	188928	923	924
243073	235	188291	923	924
285186	235	188163	923	924
205216	235	188091	923	924
209793	235	188030	923	924
335918	235	188143	923	924
199389	235	196210	923	924
238082	235	188133	923	924
356690	289	245705	923	924
257868	235	188113	923	924
262636	235	188178	923	924
236216	235	189039	923	924
271193	235	188260	923	924
203474	235	189064	923	924
228195	235	188133	923	924
297950	235	188163	923	924
280487	235	189336	923	924
187998	267	204517	923	924
262403	235	188060	923	924
302543	235	188005	923	924
292917	235	188178	923	924
282816	235	189053	923	924
246006	235	188020	923	924
298840	292	325121	923	924
270102	235	189270	923	924
247475	235	188267	923	924
280608	235	188198	923	924
197166	235	188066	923	924
247828	235	188092	923	924
317966	235	188744	923	924
304572	235	232618	923	924
297692	235	188101	923	924
286065	235	188119	923	924
242824	235	188070	923	924
243534	235	188379	923	924
278466	235	188334	923	924
273744	235	189116	923	924
214903	235	188529	923	924
266958	235	188058	923	924
242082	235	188252	923	924
212502	235	189918	923	924
244225	235	188107	923	924
287744	235	188835	923	924
211999	235	188127	923	924
223509	235	188178	923	924
212620	235	188290	923	924
214415	235	191354	923	924
248261	235	188079	923	924
200280	235	193050	923	924
256270	235	188240	923	924
250703	235	188040	923	924
275359	235	188291	923	924
208871	235	188526	923	924
215473	235	188051	923	924
257487	235	188021	923	924
195313	235	188290	923	924
203635	235	188092	923	924
234257	235	188040	923	924
290454	235	188055	923	924
257008	235	203746	923	924
312742	49	338310	923	924
270683	235	188143	923	924
193870	235	188993	923	924
265128	235	188054	923	924
240733	235	188341	923	924
267210	235	188949	923	924
215287	235	189475	923	924
224067	235	188037	923	924
195608	235	188093	923	924
211665	235	232349	923	924
238182	235	188024	923	924
259053	235	188053	923	924
222168	235	188186	923	924
245159	235	188121	923	924
202376	235	188042	923	924
216427	235	188973	923	924
214075	235	188097	923	924
276278	235	188192	923	924
224315	235	188382	923	924
222326	235	198445	923	924
202153	235	188139	923	924
235819	235	190475	923	924
342993	235	189584	923	924
213213	235	190074	923	924
262372	235	188105	923	924
244225	235	188139	923	924
269393	235	188348	923	924
295547	235	190002	923	924
318387	292	373244	923	924
254954	235	189379	923	924
272637	235	188048	923	924
232284	235	188011	923	924
219590	235	188121	923	924
285992	235	188098	923	924
202117	235	190047	923	924
209667	235	223683	923	924
243130	235	188326	923	924
305806	235	188133	923	925
239142	235	190017	923	925
258279	235	189742	923	925
196082	235	188156	923	925
268646	235	188086	923	925
352530	235	188219	923	925
213477	235	189446	923	925
277463	235	189341	923	925
373652	49	190077	923	925
322969	287	317715	923	925
252452	235	188045	923	925
239058	235	188368	923	925
283235	235	188383	923	925
230406	235	188044	923	925
279766	235	188299	923	925
208811	235	188450	923	925
271242	235	188109	923	925
270714	235	188123	923	925
216797	235	188389	923	925
269003	235	189067	923	925
226537	235	188296	923	925
218482	235	188043	923	925
268126	292	307178	923	925
200704	235	188009	923	925
221710	235	188121	923	925
207223	235	188121	923	925
241708	235	188370	923	925
281622	287	282589	923	925
208488	235	188098	923	925
251556	235	189441	923	925
290587	235	188069	923	925
280339	235	214656	923	925
203428	235	188033	923	925
265898	235	188983	923	925
230895	235	192424	923	925
249132	42	325130	923	925
212628	235	189132	923	925
224122	235	188772	923	925
202574	235	188789	923	925
253372	235	188079	923	925
267980	235	188527	923	925
252139	235	188701	923	925
270933	235	188143	923	925
223027	235	188305	923	925
213762	235	188786	923	925
244409	235	188386	923	925
206972	235	188019	923	925
345193	235	202097	923	925
279518	235	188153	923	925
254105	235	190377	923	925
211320	235	188038	923	925
221197	235	188087	923	925
315843	235	188219	923	925
253553	235	191337	923	925
214147	235	188411	923	925
264939	235	188153	923	925
226563	235	188059	923	925
233754	235	188407	923	925
197200	235	188020	923	925
216904	235	189123	923	925
206703	235	189308	923	925
232241	235	188058	923	925
196951	235	191580	923	925
325750	42	206417	923	925
204446	235	194397	923	925
204999	235	188061	923	925
254113	287	284921	923	925
318834	235	188314	923	925
267279	235	188530	923	925
247117	235	188123	923	925
319922	235	190006	923	925
220017	235	188430	923	925
262932	235	188430	923	925
337463	287	284921	923	925
209530	235	188058	923	925
262215	235	188065	923	925
201072	235	188090	923	925
197626	235	188091	923	925
257863	235	188058	923	925
222474	235	188018	923	925
281990	235	188001	923	925
208998	49	190077	923	925
188122	239	275424	923	925
214968	235	188137	923	925
225038	273	201376	923	925
245361	235	188171	923	925
283591	235	188616	923	925
243112	235	188107	923	925
217579	235	194491	923	925
312338	235	189379	923	925
212168	235	188010	923	925
270658	235	188036	923	925
261470	235	188677	923	925
228891	235	188042	923	925
217166	235	188165	923	925
270263	235	189718	923	925
218638	235	188031	923	925
230747	235	190377	923	925
219387	235	188051	923	925
269346	235	188163	923	925
237090	235	188407	923	925
286530	235	188168	923	925
222710	235	188061	923	925
239067	235	188648	923	925
201009	235	191242	923	925
223012	235	188218	923	925
238882	235	192995	923	925
297681	235	190512	923	925
232739	235	188087	923	925
261618	235	188170	923	925
209714	235	188918	923	925
269462	235	188153	923	925
208618	235	219709	923	925
215111	235	188697	923	925
275634	235	189249	923	925
240405	235	190074	923	925
252065	235	188070	923	925
241830	235	188104	923	925
204715	235	188190	923	925
198348	235	188273	923	925
213626	235	190400	923	925
204735	235	188862	923	925
237231	235	188520	923	925
231092	235	188131	923	925
272960	235	188167	923	925
226361	235	188305	923	925
294198	235	188296	923	925
310710	235	188130	923	925
239444	235	188578	923	925
230672	235	188088	923	925
221546	235	188026	923	925
263218	235	189221	923	925
298274	235	188066	923	925
212533	235	188021	923	925
255875	235	188006	923	925
210621	235	188035	923	925
318862	235	188078	923	925
297422	235	188110	923	925
207495	235	202229	923	925
248550	235	188026	923	925
222399	235	189152	923	925
281702	235	188069	923	925
299982	235	188201	923	925
199600	235	193010	923	925
233202	42	189845	923	925
267160	235	189718	923	925
241812	235	188038	923	925
204358	235	188043	923	925
286980	235	188035	923	925
237459	235	200856	923	925
222161	235	188784	923	925
372638	42	245664	923	925
236655	235	188481	923	925
301416	235	188107	923	925
235704	235	188235	923	925
208363	235	200335	923	925
304592	235	193481	923	925
260651	235	188611	923	925
253585	287	284921	923	925
257046	49	237427	923	925
256514	235	188269	923	925
214130	235	188079	923	925
330214	287	284921	923	925
198222	235	190400	923	925
216426	235	188387	923	925
227481	235	188334	923	925
196045	235	188481	923	925
289344	262	331530	923	925
221609	235	188461	923	925
213962	235	188602	923	925
239825	235	188217	923	925
243728	235	188119	923	925
215723	235	188075	923	925
205725	235	188207	923	925
258956	235	188203	923	925
283629	235	195076	923	925
220477	235	188131	923	925
334041	235	189398	923	925
205367	235	188532	923	925
209708	235	188175	923	925
218210	235	188404	923	925
300309	49	190077	923	925
294893	235	189532	923	926
339622	235	188876	923	926
253122	235	188222	923	926
199267	235	189152	923	926
223699	235	188487	923	926
222454	235	188075	923	926
215112	235	192911	923	926
312169	235	188356	923	926
267980	235	189289	923	926
207047	49	190945	923	926
211348	235	188056	923	926
310993	235	189791	923	926
341135	287	335098	923	926
205123	235	188092	923	926
230487	235	188223	923	926
239493	235	188028	923	926
218445	235	188047	923	926
197728	235	188069	923	926
239458	235	188783	923	926
248055	235	188170	923	926
284733	235	188021	923	926
257859	235	190390	923	926
196045	235	188155	923	926
258024	235	188054	923	926
205333	235	188192	923	926
243887	235	189648	923	926
281460	235	190881	923	926
345101	235	189263	923	926
230249	235	188302	923	926
286426	235	188383	923	926
251746	235	188019	923	926
242149	235	188203	923	926
309950	235	188005	923	926
219524	235	188299	923	926
300098	235	188064	923	926
319991	245	359007	923	926
210480	235	188784	923	926
243571	235	188629	923	926
317780	235	188246	923	926
219646	235	188697	923	926
200962	235	188166	923	926
219796	235	188016	923	926
273009	235	188098	923	926
282125	235	188389	923	926
239873	235	188189	923	926
242182	235	188232	923	926
239352	235	192995	923	926
204390	235	188155	923	926
321928	273	201376	923	926
221514	235	188164	923	926
361278	235	188284	923	926
213444	235	188109	923	926
195427	47	191542	923	926
248772	235	188728	923	926
216284	235	188145	923	926
232881	235	188341	923	926
278071	235	188006	923	926
198841	235	188206	923	926
199379	235	188252	923	926
198612	235	188165	923	926
243416	235	190297	923	926
262145	235	188101	923	926
207766	235	188010	923	926
203939	235	188308	923	926
208833	235	214098	923	926
239838	235	188067	923	926
226002	235	188090	923	926
205912	235	188239	923	926
209901	235	188131	923	926
219090	235	216208	923	926
191542	47	195427	923	926
239879	235	188870	923	926
214037	235	188180	923	926
305305	235	188180	923	926
222395	235	192709	923	926
258405	289	318302	923	926
318302	289	258405	923	926
356355	235	189006	923	926
268916	235	198100	923	926
201523	235	190002	923	926
218383	235	188061	923	926
211643	235	188235	923	926
250048	235	188130	923	926
200212	235	188168	923	926
212438	235	188051	923	926
200482	235	188053	923	926
195230	235	188025	923	926
214037	235	188032	923	926
235077	235	189675	923	926
363140	292	347601	923	926
263116	235	188648	923	926
254404	235	188134	923	926
328496	235	188702	923	926
240676	235	188666	923	926
204667	235	188073	923	926
266774	235	188175	923	926
271880	235	188501	923	926
214294	235	188072	923	926
203973	235	189487	923	926
280971	235	190270	923	926
303782	235	189775	923	926
339567	235	188214	923	926
316967	235	189604	923	926
188159	267	248107	923	926
188363	267	268452	923	926
263694	235	188034	923	926
247619	235	188770	923	926
210858	235	188056	923	926
277980	235	188156	923	926
205189	235	188161	923	926
216149	235	188351	923	926
282710	235	188595	923	926
199404	235	188034	923	926
196242	235	188189	923	926
266663	235	188051	923	926
247832	235	189741	923	926
275839	235	189543	923	926
209527	235	188629	923	926
196938	289	297100	923	927
334073	101	189578	923	927
254088	235	188355	923	927
366337	132	322196	923	927
267734	289	196540	923	927
220906	235	188307	923	927
229116	235	188793	923	927
246003	235	188054	923	927
275129	235	188645	923	927
224389	235	188218	923	927
259344	235	189310	923	927
279511	235	188662	923	927
208626	235	188833	923	927
285180	235	189287	923	927
232325	235	188005	923	927
239032	235	188389	923	927
295986	235	188015	923	927
261707	235	188527	923	927
233094	289	319324	923	927
258701	235	188127	923	927
225147	235	188163	923	927
216363	235	188299	923	927
213049	235	188151	923	927
342309	49	188848	923	927
233025	235	188186	923	927
229619	235	188118	923	927
356355	235	188851	923	927
210694	235	188039	923	927
348060	235	188451	923	927
217738	235	188685	923	927
274725	235	188186	923	927
272349	235	188017	923	927
213188	235	189136	923	927
205668	235	188244	923	927
313237	235	188867	923	927
213068	235	188968	923	927
319324	289	233094	923	927
361889	235	201899	923	927
362166	42	293081	923	927
297100	289	196938	923	927
265152	235	189072	923	927
239173	235	188267	923	927
232549	235	188320	923	927
264221	235	188677	923	927
207545	235	188120	923	927
345580	37	214938	923	927
224924	235	188010	923	927
297438	235	188156	923	927
212546	235	189089	923	927
194123	235	188011	923	927
216720	235	188481	923	927
199734	235	188025	923	927
289349	235	189012	923	927
206266	235	188948	923	927
286168	235	188040	923	927
231323	235	188705	923	927
277075	235	188098	923	927
196540	289	267734	923	927
271687	235	188161	923	927
232297	235	188016	923	927
216363	235	188063	923	927
217972	235	188166	923	927
212000	235	188161	923	927
219170	235	188143	923	927
238728	235	188127	923	927
374693	42	209347	923	927
214143	235	189219	923	927
210509	235	188006	923	927
367153	235	188263	923	927
257798	235	188178	923	927
214602	235	188001	923	927
291115	235	188143	923	927
213694	235	188172	923	927
255166	235	188024	923	927
281793	235	188027	923	927
201787	235	188409	923	927
264186	235	190336	923	927
193333	235	188657	923	927
197522	235	188279	923	927
275257	235	188098	923	927
227840	235	188265	923	927
310366	49	271218	923	927
282208	235	188192	923	927
288654	235	188042	923	927
283065	235	188648	923	927
216807	235	188025	923	927
248395	235	188185	923	927
297109	235	194631	923	928
275129	235	188527	923	928
226593	235	188073	923	928
213221	235	188210	923	928
281652	235	188075	923	928
264336	235	188058	923	928
289009	289	256410	923	928
248672	287	282589	923	928
209084	235	188518	923	928
204150	235	188136	923	928
266495	235	188051	923	928
330179	287	335098	923	928
361889	235	188513	923	928
256410	289	289009	923	928
282120	235	188237	923	928
282766	235	188171	923	928
264247	235	188058	923	928
271919	235	188063	923	928
326704	37	190781	923	928
213280	235	188389	923	928
216363	235	188016	923	928
249882	235	188075	923	928
261903	292	372218	923	928
208750	235	188043	923	928
329018	235	188058	923	928
218683	235	188032	923	928
277717	235	188417	923	928
292009	235	188200	923	928
238955	235	188634	923	928
200250	235	188025	923	928
259344	235	188131	923	928
260229	287	345388	923	928
209901	235	188021	923	928
302420	235	189012	923	928
254880	235	188447	923	928
238400	235	189005	923	928
251031	235	188593	923	928
243404	235	232121	923	928
235074	235	188152	923	928
234583	235	188247	923	928
243909	235	189482	923	928
284964	235	191096	923	928
200176	235	192877	923	928
218495	235	188152	923	928
217757	235	188146	923	928
198002	235	188624	923	928
232584	235	188485	923	928
288500	235	190336	923	928
257833	235	188197	923	928
287017	235	188479	923	928
212910	235	188003	923	928
209310	235	188154	923	928
240137	235	189986	923	928
204898	235	188252	923	928
248521	235	188440	923	929
201072	235	188231	923	929
267599	235	188030	923	929
246033	235	188269	923	929
244797	235	188404	923	929
216342	235	188036	923	929
202346	235	188028	923	929
374446	167	364349	923	929
365444	235	190971	923	929
294503	235	188310	923	929
250366	235	188447	923	929
216597	235	188122	923	929
199997	235	188120	923	929
274623	235	188441	923	929
245387	235	188028	923	929
234729	235	188129	923	929
198961	235	188003	923	929
207270	235	188799	923	929
235988	235	188151	923	929
210264	235	188308	923	929
351701	235	188263	923	929
255331	235	188069	923	929
200786	235	188035	923	929
203824	273	193688	923	929
321968	235	190968	923	929
190918	245	213075	923	929
218131	235	188088	923	929
340640	292	359869	923	929
262472	235	188203	923	929
247725	235	188096	923	929
205961	235	188613	923	929
275042	235	188231	923	929
210936	235	188048	923	929
221703	235	188342	923	929
226497	235	188006	923	929
301571	235	190968	923	929
373035	235	188876	923	929
328083	235	188247	923	929
221090	235	188123	923	929
248856	235	188151	923	929
244125	235	188165	923	929
272801	235	188440	923	929
232938	235	190336	923	929
219965	235	188034	923	929
309426	235	188951	923	929
257498	235	188171	923	929
347915	42	191431	923	929
233990	235	188170	923	929
206903	235	188057	923	929
257920	37	187988	923	929
312790	49	207310	923	929
262643	289	198109	923	929
202041	235	188027	923	929
198109	289	262643	923	929
223391	235	188055	923	929
202458	235	188019	923	929
325917	235	188358	923	929
218723	235	188009	923	929
292052	287	284921	923	929
270252	235	188451	923	929
338281	245	260068	923	929
257734	235	188921	923	929
205951	235	188040	923	929
203832	235	188019	923	929
268881	235	188256	923	929
280925	235	188110	923	929
233616	235	188148	923	929
328130	287	375292	923	929
223119	235	188066	923	929
329486	235	188167	923	929
215433	235	188580	923	929
203832	235	188247	923	929
273710	235	188479	923	929
332073	273	235869	923	929
332116	289	191019	923	929
217499	235	188014	923	929
221198	235	188156	923	929
250970	235	188770	923	930
209074	235	188007	923	930
265653	235	189044	923	930
205264	235	188053	923	930
245968	235	188242	923	930
269900	235	188595	923	930
234612	235	188630	923	930
189592	254	220995	923	930
247547	235	188282	923	930
234791	235	188039	923	930
240277	235	188241	923	930
207727	289	250479	923	930
224668	289	195705	923	930
212801	235	188168	923	930
218571	235	190409	923	930
211241	176	268452	923	930
188953	267	247669	923	930
258511	235	188232	923	930
249079	235	188399	923	930
217576	235	188610	923	930
344056	49	201396	923	930
261271	235	188648	923	930
282563	235	188055	923	930
320956	235	188240	923	930
195382	235	188113	923	930
351701	235	188613	923	930
209819	235	188771	923	930
264818	235	188082	923	930
250479	289	207727	923	930
279234	235	188400	923	930
229534	235	188189	923	930
197240	235	188009	923	930
299300	235	188220	923	930
223560	235	188140	923	930
236498	235	188247	923	930
234175	235	188645	923	930
195705	289	224668	923	930
285596	235	188314	923	930
280962	235	188755	923	930
206972	235	188247	923	930
255690	235	188231	923	930
347132	235	188229	923	930
237552	235	188409	923	930
242223	235	188250	923	930
304704	287	345388	923	930
368846	235	188384	923	930
238500	235	188333	923	930
262033	235	188094	923	930
285812	235	188332	923	930
188322	254	355559	923	930
253254	235	188351	923	930
283849	235	188983	923	931
239428	235	188031	923	931
209645	235	188149	923	931
189196	267	280629	923	931
224746	235	189831	923	931
245350	235	188017	923	931
269386	235	189180	923	931
211925	235	188172	923	931
298854	235	188291	923	931
251048	235	188089	923	931
212560	235	188120	923	931
207763	235	188439	923	931
226248	235	188608	923	931
258269	235	188170	923	931
225059	235	188151	923	931
289516	235	188021	923	931
219524	235	188088	923	931
197381	235	188029	923	931
210029	235	188146	923	931
220741	235	188018	923	931
209427	235	188011	923	931
278422	235	188389	923	931
205354	235	188052	923	931
235956	235	188075	923	931
281769	289	342603	923	931
342603	289	281769	923	931
204625	235	188010	923	931
203244	235	188023	923	931
217821	235	188170	923	931
299282	235	188384	923	931
309915	42	320366	923	931
209987	235	188254	923	931
328871	235	188448	923	931
264608	235	188209	923	931
239020	235	188151	923	931
257560	235	188122	923	931
248521	235	188595	923	931
282563	235	188032	923	931
297145	235	188357	923	931
223075	235	188014	923	932
248424	235	188351	923	932
303922	235	188714	923	932
217472	235	188057	923	932
216812	235	188314	923	932
229172	235	188021	923	932
346158	37	187997	923	932
233157	235	188183	923	932
215694	235	188447	923	932
235551	235	188310	923	932
305276	235	188178	923	932
323411	235	188384	923	932
201947	235	188020	923	932
322236	235	188980	923	932
311378	235	300236	923	932
338338	235	190971	923	932
303051	235	188441	923	932
222030	235	188005	923	932
235485	235	188122	923	933
239048	235	188146	923	933
226501	289	245552	923	933
259572	289	191031	923	933
233156	235	188824	923	933
246451	235	188111	923	933
226457	235	188185	923	933
215659	235	192134	923	933
311703	235	189656	923	933
221183	235	188010	923	933
224266	235	188913	923	933
270225	273	193688	923	933
204586	235	188231	923	933
303733	76	285344	923	933
245552	289	226501	923	933
191031	289	259572	923	933
342700	289	218656	923	933
208986	235	188146	923	933
230974	235	188290	923	933
225041	235	188185	923	933
241568	235	188120	923	933
266519	235	190065	923	933
220439	235	188193	923	934
239418	235	189782	923	934
240068	235	188129	923	934
267433	235	188481	923	934
245897	235	188400	923	934
368605	273	193873	923	934
197412	235	188033	923	934
337001	235	188243	923	934
261890	235	188170	923	934
216636	235	188053	923	934
239894	235	188743	923	934
208420	235	188131	923	934
211925	235	188193	923	934
247555	235	188921	923	934
207194	235	188085	923	934
210603	289	225741	923	935
279371	289	284427	923	935
237563	235	188785	923	935
257694	235	188447	923	935
229698	235	188149	923	935
239623	235	188662	923	935
236509	235	188218	923	935
202789	235	188481	923	935
268196	235	188640	923	935
225741	289	210603	923	935
233912	235	188256	923	935
257942	235	188440	923	935
342317	235	190046	923	935
252960	235	188304	923	935
240998	235	188255	923	935
221170	235	188006	923	935
284427	289	279371	923	935
232253	235	188439	923	935
308806	235	188058	923	936
255164	235	188171	923	936
340645	235	188674	923	936
281175	235	188399	923	936
283254	235	188406	923	936
237279	235	188060	923	936
268206	273	190156	923	936
329826	273	188213	923	936
282500	289	202030	923	937
237554	235	188527	923	937
192127	47	196940	923	937
202030	289	282500	923	937
299405	235	188215	923	937
212801	235	188451	923	938
290054	235	188580	923	938
244198	235	188204	923	938
244740	235	188448	923	938
238199	235	188055	923	938
197238	289	339112	923	939
188857	245	197079	923	939
339112	289	197238	923	939
244778	235	188020	923	939
242008	235	188242	923	940
273418	235	190318	923	943
273418	235	189195	923	943
242524	289	254677	923	944
254677	289	242524	923	944
323779	245	277054	923	944
303522	289	242484	923	945
242484	289	303522	923	945
191417	289	216171	923	945
216171	289	191417	923	945
285742	273	189243	923	946
287413	235	188921	923	946
338806	273	189243	923	946
285568	289	320528	923	947
230688	42	189024	923	947
320528	289	285568	923	947
256963	42	188272	923	950
225991	289	340067	923	954
340067	289	225991	923	954
340346	42	189566	923	955
294064	289	275267	923	958
275267	289	294064	923	958
317574	76	285344	923	961
314466	42	189174	923	961
325912	76	187988	923	961
319940	76	187988	923	961
319940	76	312546	923	961
308450	76	312546	923	961
308450	76	187988	923	961
325912	76	296887	923	961
198508	42	264452	923	962
231875	289	222808	923	965
313788	289	298776	923	966
298776	289	313788	923	966
239166	273	198033	923	966
218656	289	342700	923	968
352599	273	188933	923	972
188639	106	341603	924	0
262082	106	216311	924	0
189258	76	193565	924	0
190768	37	189430	924	0
208408	106	211800	924	0
211800	106	208408	924	0
189141	262	320818	924	0
232423	106	335834	924	0
294898	106	191878	924	0
335834	106	232423	924	0
189850	262	349175	924	0
188453	106	192771	924	0
269330	262	192539	924	0
191282	262	349175	924	0
332027	42	188325	924	0
271287	289	257468	924	0
189527	61	315792	924	0
301967	278	373583	924	0
245159	235	188539	924	0
188114	61	193565	924	0
348825	106	191560	924	0
189342	106	189667	924	0
370562	106	348545	924	0
290049	37	188115	924	0
215757	235	188073	924	0
327790	273	189313	924	0
188639	106	330834	924	0
242153	37	188245	924	0
250217	106	195287	924	0
348545	106	370562	924	0
327602	289	278965	924	0
191560	106	348825	924	0
302479	106	192837	924	0
278686	235	188389	924	0
198501	235	188129	924	0
188205	262	311985	924	0
220574	262	235200	924	0
225090	262	334463	924	0
368697	101	187993	924	0
268808	273	196490	924	0
279175	235	188164	924	0
252533	273	189313	924	0
372509	106	203299	924	0
295917	37	187989	924	0
314577	106	315792	924	0
315792	106	314577	924	0
207471	262	320818	924	0
225033	106	205180	924	0
225578	42	188293	924	0
191878	106	191808	924	0
188288	106	188749	924	0
190320	106	190042	924	0
192837	106	302479	924	0
216311	106	262082	924	0
250365	235	189214	924	0
341603	106	188639	924	0
278965	289	327602	924	0
192771	106	188453	924	0
191878	106	294898	924	0
281427	235	188039	924	0
334118	262	192539	924	0
189667	106	189342	924	0
210551	262	334463	924	0
249502	37	189026	924	0
259746	262	192539	924	0
187993	106	188349	924	0
190058	262	349175	924	0
203299	106	372509	924	0
189258	104	193565	924	0
235524	235	188410	924	0
191840	106	198641	924	0
197013	106	285386	924	0
285386	106	197013	924	0
191236	49	252784	924	0
254620	37	187991	924	0
188642	262	196949	924	0
257468	289	271287	924	0
246348	49	222406	924	0
330834	106	188639	924	0
188349	106	187993	924	0
188650	262	349175	924	0
195287	106	250217	924	0
190042	106	190320	924	0
231501	273	204626	924	0
268441	235	188501	924	0
205180	106	225033	924	0
191808	106	191878	924	0
217455	235	188145	924	924
222260	139	232785	924	924
297663	282	190483	924	924
262380	235	188106	924	924
231490	282	237254	924	924
229249	235	188016	924	924
205472	282	294002	924	924
278010	49	196223	924	924
267443	282	195121	924	924
309316	52	313793	924	924
252764	282	215144	924	924
218801	235	188320	924	924
273615	49	191153	924	924
248119	52	351948	924	924
343225	282	323293	924	924
192901	52	370415	924	924
207779	235	188193	924	924
288372	139	251137	924	924
197766	52	313793	924	924
192147	52	370362	924	924
256863	282	307056	924	924
242341	282	192069	924	924
332518	139	268434	924	924
215757	235	188030	924	924
304347	282	226761	924	924
252547	235	188121	924	924
287337	49	188354	924	924
305749	282	190483	924	924
206491	235	188104	924	924
191355	282	190779	924	924
226761	139	304347	924	924
243183	282	191044	924	924
222435	235	188041	924	924
274895	282	192128	924	924
231437	282	188077	924	924
219920	235	188252	924	924
368007	235	188032	924	924
225249	235	188299	924	924
210707	282	188295	924	924
205391	282	286689	924	924
370155	282	318434	924	924
249480	282	188077	924	924
242187	282	307056	924	924
362067	282	188077	924	924
194565	282	190938	924	924
191948	52	310902	924	924
225860	282	262794	924	924
275769	282	190982	924	924
191605	52	349167	924	924
268319	49	190099	924	924
202108	282	190770	924	924
212517	235	188121	924	924
254621	282	190393	924	924
192279	52	370362	924	924
255020	282	356277	924	924
299704	282	194297	924	924
238046	282	189204	924	924
200114	235	189831	924	924
191948	52	270293	924	924
219342	282	327700	924	924
227200	282	361572	924	924
207692	282	192128	924	924
205735	282	193292	924	924
215287	235	191893	924	924
348882	235	188902	924	924
374248	139	191927	924	924
205049	235	190865	924	924
225388	282	192301	924	924
226761	139	369947	924	924
205885	235	188539	924	924
266709	282	188216	924	924
227200	52	355676	924	924
233903	235	188104	924	924
231140	235	198761	924	924
272187	139	191935	924	924
213532	52	244757	924	924
223746	49	197462	924	924
277514	235	225108	924	924
233903	235	192976	924	924
295937	282	190483	924	924
208074	235	189675	924	924
291142	282	190245	924	924
280929	49	213566	924	924
264711	282	190951	924	924
255148	235	188052	924	924
258033	282	220607	924	924
235804	235	188772	924	924
234944	235	188094	924	924
314396	282	308161	924	924
231575	282	188295	924	924
309586	282	363648	924	924
190518	282	204634	924	924
337587	282	205330	924	924
227200	52	361572	924	924
215011	235	189438	924	924
221895	282	189773	924	924
260800	49	188272	924	924
197760	52	313793	924	924
214031	235	188092	924	924
313793	139	192680	924	924
195608	235	188059	924	924
296532	282	188863	924	924
228619	52	356277	924	924
369947	282	226761	924	924
290610	282	190418	924	924
253857	49	188271	924	924
263232	52	327741	924	924
254002	235	194491	924	924
191267	139	259929	924	924
327312	49	228173	924	924
333154	49	191575	924	924
285740	191	317858	924	924
248119	282	308274	924	924
211469	282	188769	924	924
198874	235	188880	924	924
191519	282	192128	924	924
188114	254	240610	924	924
269555	282	191555	924	924
261308	139	204701	924	924
243222	282	188295	924	924
204701	282	261308	924	924
228038	282	307056	924	924
258618	235	189435	924	924
250846	52	267546	924	924
312832	49	192937	924	924
235889	235	189329	924	924
193097	282	190784	924	924
301914	52	346702	924	924
345177	282	207852	924	924
245793	282	188431	924	924
230457	235	188021	924	924
320641	235	188551	924	924
298787	49	191952	924	924
239348	235	205916	924	924
190660	52	307706	924	924
228753	282	188788	924	924
300366	139	355466	924	924
221895	282	191886	924	924
205983	235	188198	924	924
322288	282	190784	924	924
261050	49	190291	924	924
219665	235	188182	924	924
240625	52	361667	924	924
297849	282	364707	924	924
221118	235	188079	924	924
191935	52	190247	924	924
263232	282	308970	924	924
289657	282	190483	924	924
375593	139	190144	924	924
190783	139	220659	924	924
256146	282	193292	924	924
208854	282	188295	924	924
207663	235	189396	924	924
272546	235	194491	924	924
296293	282	189204	924	924
241069	282	192128	924	924
215405	282	190575	924	924
279737	282	210281	924	924
219342	52	327700	924	924
308588	282	264961	924	924
215352	282	356573	924	924
195280	235	194491	924	924
366422	235	188198	924	924
193930	235	193010	924	924
250895	49	191952	924	924
328532	282	192062	924	924
305721	235	191733	924	924
189432	139	289541	924	924
194163	139	223336	924	924
318922	235	189073	924	924
284817	49	269395	924	924
352855	49	192780	924	924
206361	282	260108	924	924
288741	282	190342	924	924
192147	52	190247	924	924
304057	282	191885	924	924
248395	235	188151	924	924
242187	282	200625	924	924
208179	235	188302	924	924
357317	282	192128	924	924
291829	49	188257	924	924
196507	52	366647	924	924
191935	52	272187	924	924
369742	139	206826	924	924
192175	52	328752	924	924
220064	139	357322	924	924
363648	139	309586	924	924
297663	282	188077	924	924
237336	282	192266	924	924
205525	139	254819	924	924
230100	52	272187	924	924
267202	49	233247	924	924
237783	282	188077	924	924
231111	52	349167	924	924
325465	49	191630	924	924
257002	235	188055	924	924
295555	139	202022	924	924
355478	139	357770	924	924
313459	282	351373	924	924
239770	49	195079	924	924
299517	49	236595	924	924
225231	282	191042	924	924
201835	282	188930	924	924
197754	235	188793	924	924
280353	49	311043	924	924
308272	273	195159	924	924
207692	282	370415	924	924
268161	235	188299	924	924
296975	235	188246	924	924
225578	49	188293	924	924
214780	235	188121	924	924
282901	49	190344	924	924
277758	235	189394	924	924
331958	139	279747	924	924
259929	282	191267	924	924
199467	282	310902	924	924
328481	49	189025	924	924
225090	282	191044	924	924
211430	235	188106	924	924
340645	282	284989	924	924
280585	49	194365	924	924
324774	235	189240	924	924
232213	282	275648	924	924
255476	52	361667	924	924
205735	282	188889	924	924
210816	235	196310	924	924
192086	139	351119	924	924
220735	282	191460	924	924
248983	282	291840	924	924
322555	235	188058	924	924
203664	235	188061	924	924
234008	282	282301	924	924
335850	282	190713	924	924
254819	282	205525	924	924
302549	282	199839	924	924
232693	49	302107	924	924
279780	282	192154	924	924
252073	235	188153	924	924
194109	139	328336	924	924
277060	235	188040	924	924
234362	49	191978	924	924
301821	49	252675	924	924
220659	282	190783	924	924
188769	139	211469	924	924
283489	49	261248	924	924
230868	235	189445	924	924
204701	52	261308	924	924
245981	282	220607	924	924
193292	139	205735	924	924
361051	282	191335	924	924
193292	139	256146	924	924
344425	235	189861	924	924
211704	235	188613	924	924
238540	235	188820	924	924
270773	52	282774	924	924
236507	282	210798	924	924
308301	282	192811	924	924
215686	235	188275	924	924
265554	49	188293	924	924
367607	282	188292	924	924
222129	282	190356	924	924
266958	235	188260	924	924
274160	282	191886	924	924
205032	52	307706	924	924
314111	282	195042	924	924
340645	282	349775	924	924
237406	235	188092	924	924
210551	282	188077	924	924
228541	282	191850	924	924
248548	235	188016	924	924
249227	49	191600	924	924
229813	52	356277	924	924
225279	235	194491	924	924
324352	139	309586	924	924
191881	139	239685	924	924
243230	235	188170	924	924
354827	52	295555	924	924
366647	139	311743	924	924
265787	282	192069	924	924
304562	235	191060	924	924
361395	235	189296	924	924
243376	235	188047	924	924
255225	49	266473	924	924
191935	282	272187	924	924
238472	52	338690	924	924
210474	235	199053	924	924
356573	139	215352	924	924
199702	235	189831	924	924
205391	52	286689	924	924
240395	49	188861	924	924
248119	52	332808	924	924
215397	235	188223	924	924
293175	282	192128	924	924
350175	282	246229	924	924
206333	282	192128	924	924
270287	282	197080	924	924
301249	235	189355	924	924
266385	52	256770	924	924
243370	282	195572	924	924
269052	282	194381	924	924
244796	235	188225	924	924
237336	282	195258	924	924
255359	282	192589	924	924
336283	52	327700	924	924
300944	49	196479	924	924
348624	282	190374	924	924
288282	282	188889	924	924
242596	282	201248	924	924
372525	282	195029	924	924
237919	282	361667	924	924
318096	49	190283	924	924
281705	49	188861	924	924
265413	282	188618	924	924
311496	282	210090	924	924
244005	282	288237	924	924
191935	282	272187	924	924
277186	139	194664	924	924
348882	235	188163	924	924
308153	49	210258	924	924
316782	235	188153	924	924
190951	139	264711	924	924
226474	235	188054	924	924
274808	235	189831	924	924
256146	282	188889	924	924
200067	282	191728	924	924
211857	235	188041	924	924
195509	289	242606	924	924
293231	235	188560	924	924
311680	282	188292	924	924
330916	235	206748	924	924
208343	235	196310	924	924
271924	235	189241	924	924
337556	49	212986	924	924
212043	235	198761	924	924
201828	282	208587	924	924
229061	235	189022	924	924
305455	282	188675	924	924
222505	52	313793	924	924
281593	282	189773	924	924
298733	49	189602	924	924
199467	52	270293	924	924
203474	235	189465	924	924
221895	282	190868	924	924
288539	49	189402	924	924
355243	282	322965	924	924
275886	235	196310	924	924
326669	139	308119	924	924
289265	235	190588	924	924
264169	235	188148	924	924
221922	282	279404	924	924
231649	282	190355	924	924
361395	235	189156	924	924
255757	191	317858	924	924
261312	235	190513	924	924
295128	101	188286	924	924
203066	235	190396	924	924
238893	282	343173	924	924
233097	282	224797	924	924
355676	139	202089	924	924
259222	282	365341	924	924
268019	49	286489	924	924
332731	235	188665	924	924
341492	49	197462	924	924
205448	282	326662	924	924
311743	282	366647	924	924
204583	282	188077	924	924
200062	52	328752	924	924
331254	139	206331	924	924
297663	282	190483	924	924
355115	139	201626	924	924
221628	282	188077	924	924
260587	52	327700	924	924
354473	139	213532	924	924
274160	282	189773	924	924
337784	282	191646	924	924
364296	282	199054	924	924
192414	282	338690	924	924
375564	235	188302	924	924
326757	49	188293	924	924
255292	282	190355	924	924
234149	282	355344	924	924
240735	235	188225	924	924
244792	52	267546	924	924
269125	52	354473	924	924
228027	282	188431	924	924
309883	282	191042	924	924
191935	282	355380	924	924
373480	235	188547	924	924
371936	49	200181	924	924
369742	139	194066	924	924
190305	52	244757	924	924
220574	282	278153	924	924
327700	139	219342	924	924
229586	282	190770	924	924
233295	52	354473	924	924
227832	52	324352	924	924
194136	52	307706	924	924
206391	235	191070	924	924
301109	42	247148	924	924
257868	235	194394	924	924
354473	139	197941	924	924
204107	282	237254	924	924
295937	282	190483	924	924
210587	235	188029	924	924
249075	52	267546	924	924
290594	282	308161	924	924
296944	282	292123	924	924
281086	49	189668	924	924
342147	282	336786	924	924
304040	49	191696	924	924
285052	235	188106	924	924
331802	235	188736	924	924
226932	49	188271	924	924
208057	52	270293	924	924
305721	235	188220	924	924
223336	282	194163	924	924
272597	282	188618	924	924
236950	235	188106	924	924
295279	49	201638	924	924
249982	282	190741	924	924
353239	49	303277	924	924
204621	235	188539	924	924
204357	282	192128	924	924
242606	289	195509	924	924
349775	139	340645	924	924
285062	282	190483	924	924
187992	254	224039	924	924
296109	282	190483	924	924
240100	282	343741	924	924
212322	282	267546	924	924
310343	49	218823	924	924
258136	49	209323	924	924
333690	235	188451	924	924
349784	282	206341	924	924
277915	282	332669	924	924
223428	52	361667	924	924
192301	139	225388	924	924
296686	52	282774	924	924
237627	235	188344	924	924
218544	49	270020	924	924
248119	52	308274	924	924
309139	235	189398	924	924
363553	139	296119	924	924
288322	282	209913	924	924
265230	282	351680	924	924
232615	282	189804	924	924
250285	235	188386	924	924
220528	282	189113	924	924
295084	282	188077	924	924
266341	235	190222	924	924
202919	282	190783	924	924
364353	282	375400	924	924
307706	139	202802	924	924
309881	235	188862	924	924
284187	282	364396	924	924
213777	235	188175	924	924
277282	282	188077	924	924
227832	52	240909	924	924
288042	235	188547	924	924
204107	282	327741	924	924
206557	235	189341	924	924
295491	235	189584	924	924
324543	48	329199	924	924
190461	282	189693	924	924
273560	235	192051	924	924
207286	235	188556	924	924
190783	139	202919	924	924
244167	235	188865	924	924
226679	49	296332	924	924
244917	282	275648	924	924
291829	48	210208	924	924
288393	49	200821	924	924
240450	235	188246	924	924
230447	235	188823	924	924
269052	282	191205	924	924
289541	282	189432	924	924
297187	282	220607	924	924
311730	282	203876	924	924
303505	139	192701	924	924
215568	282	193622	924	924
191991	52	338690	924	924
234591	235	194491	924	924
222182	235	196310	924	924
193084	52	328752	924	924
285062	282	188077	924	924
207871	282	189330	924	924
202022	282	295555	924	924
193736	235	207716	924	924
273636	282	188841	924	924
295937	282	188077	924	924
250068	282	336786	924	924
315489	235	188876	924	924
250068	282	189773	924	924
202802	282	307706	924	924
355380	139	191935	924	924
295795	49	190972	924	924
201311	49	197462	924	924
211530	235	188275	924	924
229567	235	188048	924	924
369457	52	356277	924	924
365906	282	190802	924	924
257162	52	338690	924	924
338125	49	252047	924	924
239348	235	188989	924	924
305749	282	188077	924	924
294356	282	309767	924	924
221798	235	188348	924	924
208471	282	188077	924	924
351876	282	283007	924	924
188114	254	294240	924	924
336544	49	238467	924	924
361609	282	208980	924	924
247492	235	188155	924	924
342147	282	189773	924	924
289657	282	188077	924	924
194025	52	331254	924	924
343827	282	195042	924	924
297658	282	192062	924	924
295978	52	319269	924	924
219354	235	188031	924	924
248119	52	310902	924	924
281593	282	191886	924	924
250083	282	188266	924	924
334454	52	282774	924	924
296109	282	188077	924	924
276493	282	289153	924	924
268757	49	188325	924	924
289898	282	205915	924	924
246486	235	188439	924	924
286470	49	192083	924	924
275439	48	270201	924	924
292956	235	188299	924	924
220078	235	191477	924	924
274160	282	190779	924	924
194733	282	346702	924	924
309586	282	324352	924	924
298978	49	203561	924	924
303464	235	188055	924	924
281158	235	189681	924	924
336503	52	307706	924	924
218244	235	188123	924	925
216453	235	189468	924	925
266341	235	188164	924	925
232250	235	188025	924	925
283535	235	188556	924	925
285939	235	193050	924	925
337809	235	188222	924	925
252779	235	188106	924	925
262315	235	188912	924	925
254730	235	188737	924	925
216912	235	188217	924	925
284080	235	188086	924	925
188608	239	200146	924	925
208807	235	188217	924	925
321022	49	302189	924	925
201274	235	188277	924	925
319002	235	189241	924	925
300499	292	332548	924	925
244225	235	189136	924	925
207729	235	188001	924	925
262372	235	188202	924	925
259897	235	188178	924	925
221923	235	258656	924	925
209468	235	188532	924	925
288639	235	189387	924	925
248261	235	188067	924	925
207663	235	189210	924	925
212035	235	188784	924	925
250832	235	188141	924	925
240556	235	188032	924	925
210709	235	188051	924	925
280100	235	189064	924	925
230998	235	188192	924	925
208657	235	189145	924	925
197892	235	192726	924	925
234642	235	188109	924	925
256270	235	189960	924	925
298675	235	189116	924	925
309582	235	189639	924	925
300657	235	189136	924	925
279766	235	188016	924	925
226412	235	188063	924	925
273710	235	188447	924	925
215230	235	188007	924	925
350506	42	193228	924	925
288775	235	188426	924	925
208744	235	188636	924	925
212502	235	193010	924	925
248521	235	189742	924	925
207071	235	190074	924	925
207494	235	188121	924	925
194024	235	188035	924	925
282542	235	188051	924	925
368007	235	188070	924	925
199882	235	188299	924	925
216827	235	188042	924	925
249354	235	188032	924	925
279048	235	188276	924	925
328549	235	189329	924	925
240435	235	188393	924	925
197724	235	188003	924	925
255733	235	188386	924	925
265152	235	188337	924	925
301902	235	188109	924	925
342852	235	201150	924	925
261835	235	188009	924	925
248431	235	188229	924	925
197308	235	190655	924	925
232603	235	188226	924	925
263440	49	267518	924	925
239178	235	190901	924	925
307893	235	188761	924	925
214890	235	189648	924	925
216427	235	188193	924	925
208052	235	188813	924	925
272527	235	188058	924	925
348383	235	188320	924	925
266463	235	188219	924	925
226184	235	188342	924	925
247828	235	188068	924	925
214866	235	188097	924	925
360549	49	190986	924	925
210619	235	189675	924	925
314576	235	189296	924	925
213589	235	188539	924	925
209084	235	188902	924	925
221053	235	189345	924	925
217204	235	188454	924	925
294197	235	188436	924	925
202692	235	188053	924	925
242532	235	188668	924	925
294512	235	189546	924	925
187998	267	204517	924	925
215821	235	188326	924	925
235844	235	188192	924	925
264336	235	188106	924	925
190808	267	205417	924	925
273260	235	189064	924	925
292522	235	188157	924	925
214850	235	193584	924	925
261788	235	188268	924	925
285285	235	188042	924	925
229170	235	188323	924	925
257912	235	189736	924	925
196659	235	188218	924	925
278827	49	188376	924	925
276768	235	188121	924	925
209987	235	188562	924	925
211158	235	188116	924	925
238540	235	188919	924	925
221798	235	188462	924	925
230660	235	188416	924	925
256151	235	188539	924	925
201877	235	188092	924	925
208204	235	211090	924	925
304704	42	303274	924	925
222166	235	190033	924	925
235804	235	188772	924	925
225526	235	188785	924	925
262517	235	194491	924	925
284500	235	188032	924	925
223834	235	188027	924	925
244270	235	188054	924	925
308554	235	188347	924	925
203988	235	190179	924	925
241568	235	188783	924	925
273892	235	189020	924	925
198532	235	190899	924	925
217889	235	202229	924	925
292868	235	190655	924	925
195313	235	188843	924	925
219632	235	189013	924	925
242399	235	188032	924	925
274177	235	188192	924	925
280352	235	190302	924	925
268652	235	188066	924	925
240075	235	188050	924	925
203664	235	188285	924	925
299594	235	190179	924	925
248765	235	188648	924	925
322219	235	188267	924	925
200114	235	188057	924	925
285975	235	188051	924	925
252334	235	188189	924	925
262492	235	188151	924	925
202153	235	188109	924	925
235803	235	189210	924	925
219170	235	188442	924	925
236152	235	188439	924	925
215337	235	204650	924	925
236628	235	211400	924	925
235784	235	188561	924	925
205942	235	188068	924	925
252547	235	188129	924	925
223129	235	189012	924	925
281334	235	188153	924	925
250703	235	190390	924	925
234257	235	190426	924	925
233903	235	188069	924	925
206654	235	188277	924	925
260177	235	189097	924	925
273218	235	188208	924	925
229567	235	188040	924	925
208876	235	188498	924	925
226317	235	188239	924	925
225442	235	188116	924	925
238082	235	188493	924	925
211353	235	188239	924	925
211074	235	188760	924	925
292830	235	188024	924	925
262783	235	192173	924	925
260248	235	190799	924	925
218495	235	188170	924	925
257633	235	188318	924	925
242439	235	188351	924	925
250434	235	188539	924	925
206151	235	188338	924	925
309658	235	188120	924	925
236950	235	188192	924	925
268711	235	188131	924	925
210618	235	188197	924	925
200225	235	188562	924	925
228792	235	188170	924	925
243073	235	189753	924	925
374909	42	191952	924	925
306761	235	188364	924	925
289043	235	188086	924	925
333063	235	196062	924	925
216378	235	188824	924	925
240733	235	188166	924	925
196082	235	188182	924	925
269900	235	189742	924	925
247625	235	188386	924	925
244488	235	188060	924	925
226218	235	188091	924	925
210504	235	194346	924	925
228008	235	188142	924	925
278327	235	188032	924	925
251688	235	188222	924	925
216723	235	188149	924	925
219977	42	197795	924	925
275042	235	188099	924	925
214890	235	188047	924	925
228195	235	191960	924	925
208041	235	188107	924	925
255166	235	188917	924	925
225883	235	188005	924	925
257486	235	194915	924	925
325647	235	188106	924	925
240923	235	188121	924	925
276215	235	188106	924	925
212075	235	192126	924	925
237434	235	188033	924	925
234856	235	188142	924	925
246006	235	188034	924	926
210578	235	188411	924	926
347308	235	188725	924	926
243161	235	189355	924	926
209773	235	189080	924	926
199420	235	189726	924	926
351813	235	190715	924	926
213204	235	188015	924	926
228850	235	188193	924	926
238182	235	188086	924	926
319333	49	190077	924	926
226979	235	188835	924	926
313048	235	190377	924	926
203154	235	190074	924	926
214780	235	188034	924	926
224849	235	188606	924	926
272021	235	188269	924	926
197384	235	188178	924	926
206867	235	188032	924	926
272637	235	188334	924	926
205970	235	188330	924	926
220301	235	188276	924	926
201199	235	192628	924	926
207969	235	188239	924	926
331923	235	188101	924	926
211263	235	193785	924	926
276325	235	188298	924	926
211559	235	188977	924	926
233071	235	188064	924	926
234944	235	188094	924	926
231140	235	189831	924	926
264142	235	188182	924	926
218369	235	188188	924	926
309139	235	188851	924	926
285910	49	188046	924	926
235074	235	188170	924	926
196308	235	188833	924	926
338484	49	296202	924	926
214493	235	188234	924	926
197011	235	188487	924	926
272066	235	190715	924	926
213311	235	188053	924	926
220439	235	188430	924	926
211811	235	188902	924	926
280456	235	188332	924	926
209667	235	188232	924	926
203390	235	188161	924	926
201690	235	198445	924	926
203731	235	188106	924	926
211704	235	188246	924	926
205038	235	188211	924	926
235890	235	188057	924	926
208115	235	188685	924	926
254563	235	188041	924	926
200121	235	190202	924	926
291147	49	190077	924	926
199806	235	188076	924	926
202662	235	188519	924	926
199875	235	188164	924	926
205315	235	188773	924	926
201947	235	188182	924	926
226871	235	189008	924	926
353393	37	187992	924	926
239873	235	188314	924	926
223004	235	188030	924	926
214450	235	188079	924	926
205988	235	188036	924	926
231405	49	190077	924	926
214240	235	188161	924	926
228438	235	188308	924	926
222944	235	189008	924	926
201070	235	188197	924	926
274011	49	191153	924	926
246387	235	188417	924	926
313627	235	188024	924	926
207335	235	195240	924	926
205129	235	188085	924	926
300722	176	219691	924	926
233752	292	371164	924	926
283801	235	188044	924	926
240100	42	327532	924	926
207071	235	188855	924	926
261050	287	284921	924	926
223856	235	188015	924	926
249136	235	188239	924	926
312832	287	284921	924	926
290322	235	244512	924	926
357904	176	284953	924	926
206859	235	188127	924	926
261654	235	191820	924	926
268728	235	188079	924	926
283615	235	188919	924	926
222418	235	188019	924	926
212587	235	188076	924	926
330005	235	197718	924	926
190870	235	189136	924	926
292917	235	190297	924	926
245938	49	190077	924	926
218445	235	188229	924	926
212317	235	188127	924	926
205851	235	188341	924	926
217240	235	189203	924	926
206368	235	188106	924	926
213598	235	188023	924	926
309426	235	188337	924	926
237543	235	188306	924	926
197166	235	188105	924	926
198435	235	188128	924	926
238740	235	188200	924	926
203635	235	188137	924	926
269377	235	188024	924	926
216152	235	188222	924	926
196943	235	188139	924	926
249702	235	188201	924	926
257690	235	188668	924	926
206505	235	188264	924	926
267997	235	188005	924	926
216471	235	188140	924	926
241731	49	190077	924	926
215473	235	188079	924	926
250488	235	188130	924	926
193930	235	188277	924	926
252453	235	197718	924	926
214492	235	189123	924	926
241090	235	189583	924	926
200170	235	188330	924	926
270368	235	189281	924	926
227429	235	188334	924	926
212037	235	189105	924	926
293437	37	187991	924	926
224315	235	188090	924	926
298876	235	188417	924	926
200906	235	188098	924	926
227899	235	188007	924	926
286065	235	188382	924	926
199811	235	189827	924	926
216553	235	188168	924	926
227563	235	188234	924	926
237701	235	191051	924	926
290926	235	188164	924	926
239995	235	188119	924	926
224125	235	188330	924	926
266958	235	188197	924	926
211430	235	188219	924	926
222723	235	188085	924	926
214685	235	188164	924	926
352915	49	190077	924	926
248598	292	350955	924	926
198576	235	188016	924	926
288912	235	190019	924	926
299415	49	194488	924	926
255395	287	335098	924	926
217603	235	188977	924	926
198794	235	188793	924	926
280413	235	188306	924	926
200098	235	191106	924	926
308329	287	284921	924	926
315745	235	188091	924	926
239276	235	188282	924	926
211466	235	188902	924	926
229061	235	188188	924	926
368315	49	309283	924	926
272421	287	284921	924	926
228300	235	188307	924	926
238864	235	188145	924	926
230912	235	188345	924	926
212597	235	188152	924	926
247042	235	188688	924	926
303401	235	188341	924	926
237732	235	188644	924	926
222326	235	188685	924	926
298854	235	188310	924	926
210578	235	189056	924	926
258293	235	189249	924	926
282548	292	350955	924	926
254361	235	189929	924	926
222413	235	188007	924	926
366331	235	188835	924	926
268972	235	188670	924	926
215546	235	190318	924	926
265128	235	188616	924	926
207140	235	188956	924	926
366422	235	188772	924	926
216427	235	188149	924	926
193138	235	188710	924	926
229238	235	191070	924	926
314105	235	188042	924	926
228578	235	188106	924	926
226698	235	188001	924	926
200304	235	217028	924	926
188833	239	294962	924	926
234924	235	188341	924	926
248030	235	188178	924	926
199145	235	219818	924	926
239916	235	188785	924	926
199811	235	190085	924	926
188370	239	249165	924	926
247867	235	188048	924	926
201974	235	188111	924	926
217080	235	190513	924	926
198803	235	188207	924	926
285992	235	189341	924	926
229172	235	188416	924	926
214075	235	190122	924	926
222168	235	188148	924	927
271652	49	194166	924	927
258366	235	188341	924	927
288954	235	188121	924	927
237406	235	188104	924	927
259126	235	188167	924	927
221697	235	188227	924	927
259053	235	188052	924	927
241195	235	188064	924	927
304572	235	189310	924	927
197954	235	188182	924	927
248161	235	188895	924	927
233628	235	188188	924	927
205331	235	190184	924	927
228498	235	188352	924	927
287017	235	188447	924	927
223745	235	188029	924	927
224504	235	188059	924	927
198350	235	188961	924	927
252784	176	259217	924	927
227982	235	190318	924	927
325356	235	188735	924	927
218194	235	188142	924	927
259674	235	188107	924	927
234786	235	188634	924	927
269426	235	190562	924	927
257863	235	188106	924	927
223461	235	189643	924	927
255275	235	188197	924	927
220863	235	188038	924	927
219419	235	188106	924	927
272594	235	215779	924	927
293191	235	188143	924	927
217809	235	189310	924	927
284109	49	189976	924	927
259437	235	188296	924	927
292232	235	188161	924	927
196698	235	188028	924	927
301821	287	296318	924	927
280487	235	188032	924	927
257487	235	188131	924	927
248082	235	189681	924	927
268220	235	188079	924	927
252301	287	284921	924	927
204461	235	189006	924	927
242928	235	188351	924	927
198576	235	188020	924	927
200280	235	190396	924	927
221118	235	188148	924	927
238855	235	188038	924	927
200561	235	188025	924	927
259597	235	210714	924	927
208677	235	188079	924	927
339324	235	188418	924	927
210688	235	189739	924	927
276204	235	188142	924	927
206491	235	188014	924	927
331324	289	203488	924	927
255275	235	188106	924	927
285559	235	191119	924	927
206150	235	188254	924	927
228578	235	188219	924	927
217368	235	188069	924	927
222821	235	188418	924	927
221133	235	188042	924	927
217070	235	188276	924	927
203066	235	188076	924	927
250625	235	188061	924	927
250147	235	190390	924	927
222918	235	192081	924	927
219590	235	188164	924	927
203488	289	331324	924	927
226317	235	188057	924	927
264865	235	188043	924	927
202903	235	190017	924	927
283467	235	188147	924	927
252989	235	188027	924	927
291585	42	365246	924	927
243950	235	188066	924	927
249836	235	188048	924	927
276711	49	194488	924	927
242834	235	189655	924	927
236853	235	188037	924	927
228850	235	188149	924	927
307268	235	188198	924	927
237563	235	188163	924	927
279538	235	188419	924	927
205244	235	188198	924	927
226129	235	191051	924	927
248240	235	188092	924	927
203047	235	188210	924	927
224209	235	188123	924	927
203474	235	188059	924	927
232821	235	188119	924	927
202117	235	191655	924	927
278284	235	188197	924	927
202376	235	188033	924	927
219491	235	188919	924	927
221095	235	188066	924	927
217620	235	189152	924	927
241289	235	188464	924	927
332785	235	188132	924	927
226834	235	188200	924	927
270396	235	188055	924	927
208596	235	188075	924	927
336866	235	188703	924	927
210393	235	188130	924	927
206150	235	188229	924	927
203047	235	188925	924	927
243947	235	188175	924	927
205235	235	188111	924	927
235664	235	188131	924	927
296376	235	188026	924	927
220707	235	191156	924	927
308554	235	188742	924	927
289151	235	192038	924	927
219496	235	188089	924	927
209838	235	188091	924	927
214651	235	190512	924	927
195319	235	194412	924	927
243567	235	188047	924	927
269202	235	188471	924	927
289263	235	188126	924	928
224067	235	188334	924	928
248627	235	189275	924	928
199016	235	188060	924	928
282490	289	315390	924	928
250421	49	188354	924	928
303705	235	188043	924	928
347146	289	363866	924	928
278246	292	366828	924	928
226903	235	188204	924	928
227405	235	188130	924	928
211999	235	188172	924	928
235633	235	188127	924	928
226184	235	188193	924	928
315390	289	282490	924	928
269577	235	188104	924	928
357138	235	188220	924	928
334151	245	273985	924	928
262636	235	188382	924	928
227124	235	188091	924	928
211455	235	189136	924	928
232287	235	188735	924	928
212504	235	188156	924	928
209645	235	188193	924	928
210587	235	188252	924	928
226193	235	188020	924	928
222223	235	188038	924	928
335302	235	256469	924	928
231191	235	188157	924	928
285243	292	371569	924	928
201901	235	188276	924	928
218461	235	188163	924	928
257590	235	188729	924	928
204625	235	188011	924	928
208333	235	188078	924	928
323450	235	188047	924	928
215346	235	188060	924	928
363866	289	347146	924	928
230722	235	188007	924	928
247772	235	188645	924	928
206639	235	188296	924	928
249114	235	188246	924	928
287992	292	345149	924	928
264169	235	189462	924	928
221346	235	188170	924	928
213198	235	188451	924	928
222497	235	189422	924	928
356384	287	296318	924	928
202811	235	188076	924	928
214380	235	189002	924	928
237769	235	188247	924	928
277110	289	327298	924	928
224005	235	194612	924	928
231694	292	327178	924	928
229873	235	189106	924	928
197342	235	189398	924	928
226474	235	188091	924	928
247877	235	188107	924	928
218645	235	188269	924	928
295771	49	189090	924	928
210726	235	190197	924	928
270964	235	188200	924	928
327298	289	277110	924	928
281761	235	188368	924	928
226361	235	188041	924	928
294705	235	195392	924	928
253749	235	188198	924	928
310137	235	188307	924	928
273140	292	325121	924	928
209793	235	188035	924	928
199389	235	189831	924	928
296845	235	188143	924	928
202692	235	188481	924	928
210135	235	188025	924	928
217760	235	188007	924	928
215287	235	188186	924	928
233333	235	189851	924	928
217740	235	188227	924	928
281331	235	188090	924	928
236301	235	188129	924	928
256077	235	188064	924	928
305263	235	188263	924	929
280271	235	188430	924	929
317403	73	369096	924	929
187994	254	220424	924	929
320730	292	332540	924	929
230793	235	188131	924	929
304738	49	216169	924	929
334616	176	235768	924	929
348181	235	188612	924	929
270463	235	188039	924	929
267273	235	188145	924	929
367449	235	188657	924	929
187987	267	231800	924	929
224812	235	188653	924	929
258501	235	188243	924	929
275105	235	188005	924	929
224603	235	188110	924	929
208041	235	188052	924	929
208404	235	190164	924	929
221202	235	188023	924	929
188548	267	251458	924	929
201208	235	188246	924	929
371621	235	188204	924	929
221414	235	188229	924	929
213949	235	188193	924	929
213075	292	358571	924	929
257821	235	188493	924	929
211093	49	189024	924	929
247156	235	188023	924	929
207763	235	188170	924	929
325647	235	188032	924	929
299351	235	192591	924	929
219458	235	188886	924	929
200234	235	188033	924	929
188159	254	320730	924	929
274665	235	213911	924	929
194626	235	188042	924	929
187994	267	198617	924	929
211766	289	262887	924	929
260486	235	188514	924	929
205885	235	188006	924	929
312214	289	335044	924	929
187992	254	203824	924	929
259391	235	216781	924	929
212043	235	188409	924	929
234583	235	188019	924	929
256603	235	188189	924	929
212521	235	188154	924	929
219966	235	188220	924	929
365569	235	337123	924	929
235842	235	188624	924	929
240686	235	188130	924	929
293112	235	188024	924	929
258595	235	189462	924	929
287426	235	188058	924	929
237931	235	188151	924	929
290010	42	192954	924	929
284821	235	188157	924	929
218209	235	188130	924	929
257553	235	188320	924	929
220991	235	188487	924	929
201619	235	188019	924	929
267162	235	188098	924	929
212821	235	188235	924	929
284682	235	188197	924	929
221425	235	188308	924	929
240363	235	188250	924	929
201101	235	188039	924	929
326479	235	188739	924	929
188114	254	240610	924	929
299821	235	188347	924	929
215100	235	188057	924	929
335044	289	312214	924	929
197658	235	188020	924	929
207215	235	188055	924	929
253783	287	335098	924	930
347305	235	372582	924	930
248501	235	188275	924	930
314300	287	345388	924	930
230333	235	188374	924	930
201828	42	188376	924	930
229578	235	188190	924	930
258379	235	188615	924	930
223041	235	188050	924	930
283783	235	188625	924	930
214429	235	188044	924	930
248127	235	189194	924	930
212517	235	188738	924	930
244609	235	188152	924	930
197381	235	188210	924	930
198488	235	188149	924	930
212158	235	188725	924	930
207779	235	188430	924	930
283715	289	319019	924	930
307693	235	190735	924	930
212592	235	188973	924	930
341773	235	188352	924	930
194402	47	194935	924	930
278466	235	188164	924	930
209204	235	188110	924	930
341061	235	191733	924	930
194905	235	188018	924	930
269554	235	188136	924	930
194935	47	194402	924	930
206587	235	188040	924	930
208300	235	188044	924	930
250512	235	188093	924	930
283532	235	188450	924	930
202528	235	189078	924	930
252151	235	188204	924	930
262887	289	211766	924	930
247589	235	188321	924	930
297696	235	188248	924	930
253429	235	188411	924	930
222338	235	188564	924	930
209867	235	188737	924	930
263111	235	188269	924	930
216759	235	188025	924	930
319019	289	283715	924	930
288304	235	188755	924	930
239695	235	188104	924	930
242549	289	309896	924	930
242652	235	189631	924	930
234241	235	188946	924	930
262383	235	188204	924	930
333154	287	372981	924	930
294702	287	284921	924	930
204581	235	188290	924	930
293863	287	345388	924	930
309896	289	242549	924	930
189927	267	296343	924	931
264439	235	188047	924	931
290111	47	296393	924	931
242305	235	188167	924	931
218474	235	188005	924	931
227266	49	236429	924	931
198678	235	188088	924	931
301653	287	284921	924	931
280365	235	188355	924	931
211149	235	188074	924	931
281933	235	188152	924	931
212390	235	188210	924	931
215000	235	188060	924	931
290619	235	189482	924	931
209427	235	188018	924	931
208228	235	188009	924	931
213429	235	188624	924	931
224308	235	188091	924	931
231887	235	188264	924	931
310988	235	193638	924	931
282765	235	189023	924	931
190837	267	199868	924	931
223481	235	188016	924	931
222967	235	188256	924	931
265190	235	188005	924	931
233590	235	189851	924	931
192680	289	300158	924	931
242950	235	188007	924	931
318757	235	188261	924	931
235021	235	188688	924	931
242836	235	188146	924	931
245229	235	188479	924	931
279456	235	191693	924	931
239020	235	188146	924	931
280832	235	188249	924	931
258324	235	190222	924	931
283730	235	188011	924	931
300158	289	192680	924	931
252960	235	188534	924	932
293231	235	188851	924	932
283254	235	188534	924	932
238683	235	188108	924	932
230447	235	188156	924	932
227935	235	190065	924	932
235676	235	188200	924	932
234006	235	188088	924	932
249891	235	188534	924	932
234065	235	188039	924	932
241352	235	188121	924	932
284439	235	188534	924	932
249470	235	188347	924	932
204300	235	190739	924	932
269949	235	188215	924	932
304524	235	188197	924	932
246066	235	188384	924	932
261956	235	188755	924	932
292042	235	188050	924	932
260579	235	188170	924	932
250970	235	188440	924	932
236216	235	188447	924	932
258618	235	189073	924	932
270711	235	188433	924	933
259468	235	188262	924	933
245817	235	188235	924	933
342558	235	191693	924	933
304835	235	194591	924	933
364347	273	188213	924	933
260579	235	188152	924	933
239854	235	189831	924	933
239238	235	189851	924	933
209623	235	188163	924	933
206859	235	188231	924	933
200166	235	188072	924	933
288955	289	304853	924	933
221767	235	188099	924	933
223208	235	188404	924	933
299282	235	188876	924	933
281141	235	188770	924	933
271299	235	188679	924	933
304853	289	288955	924	933
254978	235	188597	924	933
304572	235	188296	924	933
203988	235	188116	924	934
280628	235	188167	924	934
341619	235	337123	924	934
299913	235	188883	924	934
220863	235	188481	924	934
310953	235	188085	924	934
229601	235	190700	924	934
237704	235	189303	924	934
273959	235	188400	924	934
196698	235	188210	924	934
243841	235	189631	924	934
270102	235	188479	924	934
259581	235	188744	924	934
294095	235	188554	924	934
203393	235	188507	924	934
235573	235	188580	924	934
294890	238	192335	924	934
253798	235	188215	924	934
253414	235	188250	924	934
277717	235	188231	924	934
219978	235	188010	924	935
371129	235	191303	924	935
193870	235	188163	924	935
199667	289	295128	924	935
247179	235	284590	924	935
236216	235	189270	924	935
199129	235	188001	924	935
321482	235	190046	924	935
247309	235	188400	924	935
256713	235	188203	924	935
295128	289	199667	924	935
344049	235	188527	924	935
210626	235	188234	924	935
219350	235	188099	924	935
315824	289	202279	924	935
270103	235	188185	924	935
317273	235	188086	924	935
217819	235	188185	924	935
202279	289	315824	924	935
304901	235	188032	924	935
241870	235	188180	924	935
331187	235	188017	924	936
252520	235	188185	924	936
285800	289	206333	924	936
226560	235	188231	924	936
215230	235	188210	924	936
327600	235	188242	924	936
263303	235	188518	924	936
205582	235	188234	924	936
252151	235	188514	924	936
206368	235	188032	924	936
206333	289	285800	924	936
320997	235	188255	924	936
287702	235	188072	924	936
232820	235	188648	924	936
365569	49	188271	924	936
225251	235	188072	924	936
340626	235	188944	924	937
299924	235	190096	924	937
219379	289	214753	924	937
238970	235	188527	924	937
206838	235	188244	924	937
285335	42	190539	924	937
214753	289	219379	924	937
299779	235	188946	924	937
225086	235	188527	924	937
243020	289	194406	924	938
227158	235	188020	924	938
194406	289	243020	924	938
264820	235	188032	924	938
229698	235	188193	924	938
257251	235	188617	924	938
188915	224	302498	924	938
343053	289	192570	924	939
253275	235	188032	924	939
192570	289	343053	924	939
311871	235	188123	924	939
254356	235	188755	924	939
372578	42	277955	924	939
296630	42	331739	924	939
332731	235	189131	924	939
272557	235	188154	924	939
242522	235	188384	924	940
242008	235	188755	924	940
230866	289	260875	924	941
280753	235	189195	924	941
196951	235	188263	924	941
228188	235	188451	924	941
282659	235	189482	924	941
280753	235	190318	924	941
193743	245	227959	924	941
260875	289	230866	924	941
262986	289	302950	924	942
302950	289	262986	924	942
300668	289	284573	924	943
284573	289	300668	924	943
221892	289	220007	924	943
220007	289	221892	924	943
307354	273	188933	924	945
264755	289	228950	924	946
228950	289	264755	924	946
224701	289	288803	924	946
353538	290	188191	924	946
288803	289	224701	924	946
279966	34	314267	924	947
340266	273	188933	924	947
321432	37	187991	924	948
234362	287	335098	924	949
282247	273	190618	924	949
299124	289	246829	924	952
289969	289	301674	924	952
264104	37	188734	924	952
301674	289	289969	924	952
246829	289	299124	924	952
200001	289	275967	924	953
275967	289	200001	924	953
291829	42	193190	924	955
285937	287	345388	924	955
245895	42	190993	924	956
267621	42	188272	924	956
268699	289	204357	924	957
204357	289	268699	924	957
208739	289	299449	924	958
299449	289	208739	924	958
260800	42	188271	924	959
262071	245	270761	924	959
362572	42	336871	924	962
374160	101	188286	924	963
359961	289	319259	924	964
319259	289	359961	924	964
195591	289	191307	924	965
191307	289	195591	924	965
222808	289	231875	924	965
244507	289	304774	924	974
215610	289	304463	925	0
271635	262	331530	925	0
190876	106	191248	925	0
197472	262	373157	925	0
369962	106	362099	925	0
243005	235	188173	925	0
319829	106	192228	925	0
250019	290	188301	925	0
227352	235	188030	925	0
296132	235	188793	925	0
195287	106	281629	925	0
330182	37	188953	925	0
304463	289	215610	925	0
296309	262	294859	925	0
285180	235	203150	925	0
200957	106	291155	925	0
298126	262	294859	925	0
259412	106	190061	925	0
208471	262	235200	925	0
191248	106	188245	925	0
337221	262	294859	925	0
193374	262	373157	925	0
253565	262	311985	925	0
323324	49	188046	925	0
257322	106	305716	925	0
229826	106	216311	925	0
190061	106	259412	925	0
366171	273	189313	925	0
192228	106	319829	925	0
202104	106	331056	925	0
220227	235	188104	925	0
216311	106	229826	925	0
191293	106	189502	925	0
305716	106	257322	925	0
312659	262	326607	925	0
313161	289	259190	925	0
222245	42	189025	925	0
191293	106	354243	925	0
212796	106	199104	925	0
291155	106	200957	925	0
362099	106	369962	925	0
291155	106	343852	925	0
321698	290	187990	925	0
220014	290	187987	925	0
302286	235	190390	925	0
259190	289	313161	925	0
252073	235	195046	925	0
246641	42	193289	925	0
199104	106	212796	925	0
345379	37	187987	925	0
281427	235	188073	925	0
192233	262	320818	925	0
331056	106	202104	925	0
354243	106	191293	925	0
201706	262	349175	925	0
205180	106	197219	925	0
232540	290	187987	925	0
191330	76	251727	925	0
189502	106	191293	925	0
222129	37	188022	925	0
253565	262	254854	925	0
188245	106	191248	925	0
338125	273	189243	925	0
248431	235	189791	925	0
188749	106	188288	925	0
285910	49	191146	925	0
237661	235	188121	925	0
343852	106	291155	925	0
353940	42	211585	925	0
338537	49	189076	925	0
227320	42	294350	925	0
227503	290	187987	925	0
197238	290	187992	925	0
191248	106	190876	925	0
197219	106	205180	925	0
187992	262	311985	925	0
281334	235	193050	925	0
280324	49	191887	925	925
272094	52	351948	925	925
320204	49	190546	925	925
349409	282	208587	925	925
195523	37	188466	925	925
337065	282	188194	925	925
205525	139	218123	925	925
326287	282	189773	925	925
192086	139	296259	925	925
194565	282	188295	925	925
292103	282	243095	925	925
309316	282	192128	925	925
282738	282	192128	925	925
260837	235	192374	925	925
274160	282	220607	925	925
201009	235	188203	925	925
303505	139	191113	925	925
235212	282	373945	925	925
193292	139	250748	925	925
295491	235	189296	925	925
327086	139	228699	925	925
274666	282	192649	925	925
264818	235	188041	925	925
192131	282	204634	925	925
294812	52	307706	925	925
219122	235	188629	925	925
303960	282	188295	925	925
373945	139	235212	925	925
331958	139	270444	925	925
250703	235	188104	925	925
227564	282	188295	925	925
193185	52	370362	925	925
299531	49	191696	925	925
337722	49	197462	925	925
351948	139	194828	925	925
190661	52	272187	925	925
356270	282	190779	925	925
241969	282	196670	925	925
331374	139	240196	925	925
205880	282	188788	925	925
244989	235	188055	925	925
213130	282	188077	925	925
227832	52	295555	925	925
193552	52	319269	925	925
257389	52	270293	925	925
336283	52	240909	925	925
193552	52	309306	925	925
209787	235	216412	925	925
281570	282	188889	925	925
245345	235	189017	925	925
361564	282	243563	925	925
274160	49	189602	925	925
283144	235	188264	925	925
288573	282	191042	925	925
243370	282	195572	925	925
328910	49	195154	925	925
193736	235	190285	925	925
211174	235	188252	925	925
211808	139	371186	925	925
253607	52	370415	925	925
197941	52	373722	925	925
287575	47	192541	925	925
192521	282	346702	925	925
210582	235	188370	925	925
282308	235	188441	925	925
348181	235	188263	925	925
357199	282	195967	925	925
236037	282	237833	925	925
239770	49	208617	925	925
190144	282	280725	925	925
278120	49	191284	925	925
322702	282	291840	925	925
354086	282	189330	925	925
297078	49	260189	925	925
195259	52	354473	925	925
282178	235	188005	925	925
311596	282	191515	925	925
276115	235	190525	925	925
363263	49	208617	925	925
328161	282	192128	925	925
198734	282	191098	925	925
209480	235	188389	925	925
309899	49	190291	925	925
337936	282	220283	925	925
234905	235	188307	925	925
324352	139	235406	925	925
234630	282	190483	925	925
202110	52	356277	925	925
226761	139	233742	925	925
342438	235	188214	925	925
264717	235	190196	925	925
298797	282	190784	925	925
276631	49	202560	925	925
192951	282	190355	925	925
272187	139	194605	925	925
220398	235	189289	925	925
375564	235	188621	925	925
371186	282	211808	925	925
272094	282	351948	925	925
326287	282	336786	925	925
283293	235	188294	925	925
254002	235	188940	925	925
231429	52	354473	925	925
192147	282	374248	925	925
196507	52	366647	925	925
268600	235	190161	925	925
335908	282	329997	925	925
255875	235	188145	925	925
263949	282	189204	925	925
199045	52	339750	925	925
192753	52	190247	925	925
279875	282	188832	925	925
270683	235	189221	925	925
249533	282	200625	925	925
204357	282	370415	925	925
248139	282	188788	925	925
235104	52	267546	925	925
252405	235	188019	925	925
248683	282	200625	925	925
261308	139	260949	925	925
303900	49	190111	925	925
297195	282	190374	925	925
290588	235	189818	925	925
211281	235	188351	925	925
236640	282	190284	925	925
288665	49	300683	925	925
276894	282	192128	925	925
248683	282	189632	925	925
251543	282	192154	925	925
218296	282	361667	925	925
211918	235	188001	925	925
338992	282	203892	925	925
240555	282	188077	925	925
262483	235	188011	925	925
194605	52	272187	925	925
364944	282	353315	925	925
201114	282	188292	925	925
251473	282	192589	925	925
212498	282	188295	925	925
279780	282	190245	925	925
375957	235	188214	925	925
265975	235	188143	925	925
314399	235	191250	925	925
315489	235	189816	925	925
267524	282	188618	925	925
234102	282	368342	925	925
212203	139	246114	925	925
192364	282	270293	925	925
235104	282	332808	925	925
279300	235	188925	925	925
327795	49	196941	925	925
281593	282	220607	925	925
348090	282	215144	925	925
304095	49	194995	925	925
361395	235	189241	925	925
323735	282	190342	925	925
192941	282	355676	925	925
276367	282	189432	925	925
305443	282	289153	925	925
197578	282	200625	925	925
283783	282	349775	925	925
367440	282	199839	925	925
342242	282	188292	925	925
202150	282	356573	925	925
230837	282	200625	925	925
337029	49	188293	925	925
190783	139	294459	925	925
324522	49	296332	925	925
192364	282	328752	925	925
191267	139	213309	925	925
192505	49	195282	925	925
325750	49	206417	925	925
349083	282	193292	925	925
227396	282	325128	925	925
197578	282	307056	925	925
268433	282	365341	925	925
240735	235	189053	925	925
313793	139	202110	925	925
243370	282	191885	925	925
254954	235	188439	925	925
238791	52	261308	925	925
231429	52	358969	925	925
235406	52	324352	925	925
236237	282	366614	925	925
210624	235	190988	925	925
345396	273	189406	925	925
230998	235	188167	925	925
209665	282	188295	925	925
192058	52	346702	925	925
340517	282	192073	925	925
252547	235	188061	925	925
283783	282	284989	925	925
363078	52	370415	925	925
191881	139	239685	925	925
315879	49	191223	925	925
275886	235	189831	925	925
194792	262	352910	925	925
206298	139	319283	925	925
194985	282	190713	925	925
276894	52	361667	925	925
275897	282	188889	925	925
270368	235	188348	925	925
310245	282	188889	925	925
194289	235	192134	925	925
264498	282	192069	925	925
207617	282	197704	925	925
244322	49	202523	925	925
204701	282	240909	925	925
199738	282	270293	925	925
272094	52	355676	925	925
254603	289	190305	925	925
315358	282	189898	925	925
263656	282	190561	925	925
230437	49	191166	925	925
223320	52	270293	925	925
342822	282	213387	925	925
197200	235	188066	925	925
216827	235	188087	925	925
301399	282	192039	925	925
352123	282	190374	925	925
307706	139	191684	925	925
296259	282	192086	925	925
251616	282	193292	925	925
246114	282	212203	925	925
295555	139	227832	925	925
225984	282	327741	925	925
368225	282	308161	925	925
237719	282	279404	925	925
225231	282	268468	925	925
223138	235	188021	925	925
211530	235	188118	925	925
217632	52	338690	925	925
243029	235	191990	925	925
240038	235	190191	925	925
227274	282	189693	925	925
248906	49	188380	925	925
190404	139	283765	925	925
293571	49	189668	925	925
332753	282	188292	925	925
235104	282	314753	925	925
228924	235	189924	925	925
352336	282	325469	925	925
221584	52	267546	925	925
366151	139	213770	925	925
190951	139	243992	925	925
196507	282	366647	925	925
244225	235	188208	925	925
237675	235	188539	925	925
213309	282	191267	925	925
267186	282	190418	925	925
339265	37	192469	925	925
277367	282	197080	925	925
204701	52	240909	925	925
193185	52	190247	925	925
298307	282	308970	925	925
243354	52	299467	925	925
288393	49	190581	925	925
244270	235	190456	925	925
308516	139	374516	925	925
191098	139	213271	925	925
194292	139	314862	925	925
271864	282	191646	925	925
354271	282	190784	925	925
314396	282	308161	925	925
198630	282	190982	925	925
338937	49	312708	925	925
222939	282	196670	925	925
263656	282	190483	925	925
316771	282	192128	925	925
356573	139	202150	925	925
253915	282	188930	925	925
308628	290	187987	925	925
370766	282	192481	925	925
210740	49	188840	925	925
213271	282	191098	925	925
278106	49	202560	925	925
319283	282	206298	925	925
232470	282	351373	925	925
281702	235	188175	925	925
339152	235	208702	925	925
266976	235	188198	925	925
190305	289	254603	925	925
282591	49	279793	925	925
322649	282	323293	925	925
205738	139	262146	925	925
232241	235	188116	925	925
374248	139	192147	925	925
318209	42	278886	925	925
248312	282	191098	925	925
233742	282	226761	925	925
249931	282	356277	925	925
269555	282	327370	925	925
252928	49	194715	925	925
351936	282	188216	925	925
321530	282	329997	925	925
195186	52	363648	925	925
330288	49	191801	925	925
192941	52	355676	925	925
259190	282	192128	925	925
272094	52	332808	925	925
260661	282	196670	925	925
201403	139	211328	925	925
272094	282	361572	925	925
236662	282	307056	925	925
308557	49	328221	925	925
202545	235	188925	925	925
191098	139	198734	925	925
227412	37	187989	925	925
202110	282	313793	925	925
211074	235	190396	925	925
239766	282	190175	925	925
191098	139	223927	925	925
223976	235	188047	925	925
312692	49	286679	925	925
223171	282	189898	925	925
320186	235	188869	925	925
304704	42	357283	925	925
280399	49	193058	925	925
249085	282	329997	925	925
250730	235	194491	925	925
197941	52	267546	925	925
328035	282	292123	925	925
194289	235	188946	925	925
264709	282	338690	925	925
373776	49	189024	925	925
285800	52	370415	925	925
270993	49	270522	925	925
369894	282	358969	925	925
247066	282	193173	925	925
192301	139	220014	925	925
239714	282	192266	925	925
255406	282	354999	925	925
366647	139	196507	925	925
257231	52	356277	925	925
316609	282	269685	925	925
197941	52	240665	925	925
247440	235	188254	925	925
252985	282	192062	925	925
221895	282	220607	925	925
243370	282	191205	925	925
211277	235	188348	925	925
363725	282	191460	925	925
272094	52	370362	925	925
207454	164	344254	925	925
306837	282	188077	925	925
207725	282	307056	925	925
255221	282	188295	925	925
305417	235	191374	925	925
192147	52	374248	925	925
231007	49	202665	925	925
200803	235	188107	925	925
242803	235	188010	925	925
187998	267	204517	925	925
374531	282	192128	925	925
193292	139	251616	925	925
345379	37	188191	925	925
227200	52	256770	925	925
328932	282	188431	925	925
192414	52	190247	925	925
344254	163	207454	925	925
357620	282	192128	925	925
212533	235	188090	925	925
229572	49	209323	925	925
242859	52	288910	925	925
280608	235	188547	925	925
362661	282	188841	925	925
263751	235	191920	925	925
236982	282	294002	925	925
228171	282	188077	925	925
355676	139	192941	925	925
350435	139	338029	925	925
298783	49	197502	925	925
246020	49	192330	925	925
192039	139	301399	925	925
227832	282	295555	925	925
275157	49	188376	925	925
251766	282	201248	925	925
309345	49	194975	925	925
286172	282	303505	925	925
202716	52	338690	925	925
302435	282	190575	925	925
203172	52	313793	925	925
368843	282	191042	925	925
246491	282	188124	925	925
266091	235	189729	925	925
271348	52	307706	925	925
342993	235	189241	925	925
250249	52	307706	925	925
351802	49	195129	925	925
212824	235	188539	925	925
327465	49	282347	925	925
310710	235	188041	925	925
213444	235	188059	925	925
253717	282	267546	925	925
288372	139	280370	925	925
229447	49	192083	925	925
258203	48	270201	925	925
206514	235	190122	925	925
204701	52	295555	925	925
277497	49	197462	925	925
314641	49	191952	925	925
270323	282	188292	925	925
331125	235	188314	925	925
215960	282	188295	925	925
300785	235	188853	925	925
243370	282	194381	925	925
248683	282	307056	925	925
218712	235	188744	925	925
207286	235	189043	925	925
288042	235	188876	925	925
296786	235	188447	925	925
218123	282	205525	925	925
222046	235	189831	925	925
228969	282	202384	925	925
265672	235	188076	925	925
249533	282	307056	925	925
237783	282	188216	925	925
203341	235	188061	925	925
314862	282	194292	925	925
189432	139	276367	925	925
352855	49	192780	925	925
263111	235	188055	925	925
222608	49	189025	925	925
310910	282	291708	925	925
294095	282	284989	925	925
242977	235	188736	925	925
194605	282	272187	925	925
220283	139	337936	925	925
260800	49	188271	925	925
190617	282	196764	925	925
309486	282	191042	925	925
262146	282	205738	925	925
222227	52	308274	925	925
216679	235	188011	925	925
214127	235	188182	925	925
234394	235	208702	925	925
241365	282	191044	925	925
232830	235	188011	925	925
232954	49	192289	925	925
332964	49	191183	925	925
207725	282	200625	925	925
190371	139	260345	925	925
263656	282	188077	925	925
253772	49	258074	925	925
191098	139	248312	925	925
302463	49	204510	925	925
375593	139	191950	925	925
189856	139	217419	925	925
353391	282	194297	925	925
275965	49	190534	925	925
217419	282	189856	925	925
319453	235	219987	925	925
358289	282	188077	925	925
216220	282	192361	925	925
212249	235	188876	925	925
198753	235	190756	925	925
205037	235	188021	925	925
283051	152	188507	925	925
235406	282	324352	925	925
286841	49	288710	925	925
292956	235	188052	925	925
254592	282	195258	925	925
248367	235	188348	925	925
351207	282	322422	925	925
191950	52	355676	925	925
262176	235	189861	925	925
198617	282	318680	925	925
335754	49	188196	925	925
260949	282	261308	925	925
331730	282	337528	925	925
200954	139	213090	925	925
234601	235	189767	925	925
275769	282	189113	925	925
224209	235	188019	925	925
281573	235	188106	925	925
211810	235	189398	925	925
271635	49	301176	925	925
333789	49	223342	925	925
225353	49	194975	925	925
220995	282	307056	925	925
244643	282	190599	925	925
254105	235	189180	925	925
369574	282	322422	925	925
307422	282	191466	925	925
254002	235	188973	925	925
327095	49	191146	925	925
294459	282	190783	925	925
271108	235	189203	925	925
222331	52	355676	925	925
232075	235	189351	925	925
205965	235	190377	925	925
363553	139	201609	925	925
235104	282	310902	925	925
231616	282	188930	925	925
200293	52	314753	925	925
331706	49	301035	925	925
191684	282	307706	925	925
250748	282	193292	925	925
247304	235	188146	925	925
331254	139	249796	925	925
370485	282	188431	925	925
342438	235	189163	925	925
277202	282	213387	925	925
195050	52	299467	925	925
356592	235	349560	925	925
319909	235	193753	925	925
191950	282	375593	925	925
267556	235	189018	925	925
345941	282	188216	925	925
306039	282	190770	925	925
192239	37	188160	925	925
211328	282	201403	925	925
212171	282	188077	925	925
355756	262	345468	925	925
357433	49	292077	925	925
278199	49	189602	925	925
203958	235	188726	925	925
198678	235	188299	925	925
369894	52	358969	925	925
314660	282	196265	925	925
194828	52	313793	925	925
240414	49	190294	925	925
270773	52	349167	925	925
272201	49	194653	925	925
353439	282	308161	925	925
328905	235	191693	925	925
286185	49	289819	925	925
196551	235	188001	925	925
375337	282	195042	925	925
211994	235	188348	925	925
230837	282	307056	925	925
264498	282	190788	925	925
188814	139	310820	925	925
310820	282	188814	925	925
355478	139	269733	925	925
232828	235	189443	925	925
191845	139	340093	925	925
193736	235	190065	925	925
207068	282	190338	925	925
355380	139	193385	925	925
199571	235	188078	925	925
293913	282	192128	925	925
280161	235	190649	925	925
289555	235	189006	925	925
220014	282	192301	925	925
237782	282	188295	925	925
208041	235	188107	925	925
332741	282	191510	925	925
193292	139	349083	925	925
201677	235	195392	925	925
364611	282	297633	925	925
223927	282	191098	925	925
191881	139	200456	925	925
301902	235	188208	925	925
357275	49	191431	925	925
253372	235	188147	925	925
240450	235	189398	925	925
259390	49	191865	925	925
236237	52	270293	925	925
346982	282	199054	925	925
243992	282	190951	925	925
240909	139	204701	925	925
303528	49	189402	925	925
349775	139	283783	925	925
272716	49	368448	925	925
277463	235	192230	925	926
224842	235	244543	925	926
228062	235	194835	925	926
368597	235	189812	925	926
248077	235	197879	925	926
202526	235	188436	925	926
243073	235	190435	925	926
226651	235	190297	925	926
195608	235	189058	925	926
200704	235	188020	925	926
277555	235	197718	925	926
240556	235	188265	925	926
221923	235	188276	925	926
235803	235	188330	925	926
232671	235	188429	925	926
209450	235	191128	925	926
228008	235	188120	925	926
252139	235	188202	925	926
194289	235	192134	925	926
233112	235	190377	925	926
199600	235	188685	925	926
244324	235	188305	925	926
200122	235	189021	925	926
240778	235	188411	925	926
224526	235	188645	925	926
264967	235	189531	925	926
218482	235	188061	925	926
280656	235	188192	925	926
205154	235	188215	925	926
240075	235	188026	925	926
315615	235	188879	925	926
202748	235	188967	925	926
264939	235	191541	925	926
222182	235	188606	925	926
266463	235	188132	925	926
223418	235	188544	925	926
206654	235	189446	925	926
364791	235	188055	925	926
277495	235	188027	925	926
335966	235	188154	925	926
197193	235	194211	925	926
198639	235	189603	925	926
218234	235	188973	925	926
222710	235	188076	925	926
216814	235	188076	925	926
244287	235	188015	925	926
236598	235	188076	925	926
281623	235	189441	925	926
315528	235	188540	925	926
282155	235	188219	925	926
194289	235	189549	925	926
240646	235	190772	925	926
257863	235	188032	925	926
300657	235	188208	925	926
259853	235	188044	925	926
225302	235	188078	925	926
281170	235	188016	925	926
197097	235	188079	925	926
242249	235	188170	925	926
287432	235	188248	925	926
209787	235	189088	925	926
225754	235	188278	925	926
271239	235	188098	925	926
209468	235	188407	925	926
286578	235	188633	925	926
209505	235	188028	925	926
262403	235	188208	925	926
241812	235	188050	925	926
283984	235	188278	925	926
323450	235	188217	925	926
363265	235	188320	925	926
240902	235	188613	925	926
197308	235	188282	925	926
203664	235	188153	925	926
324522	42	299534	925	926
287141	235	188183	925	926
205965	235	189193	925	926
201887	235	188291	925	926
203341	235	188061	925	926
214632	235	188383	925	926
196561	235	188320	925	926
275042	235	189446	925	926
264186	235	188268	925	926
242449	235	189960	925	926
258024	235	188419	925	926
219293	235	188166	925	926
222533	235	188943	925	926
226184	235	188342	925	926
226799	235	188178	925	926
209708	235	188097	925	926
236248	235	188919	925	926
196677	235	188940	925	926
281856	235	188375	925	926
209987	235	189246	925	926
229814	235	188404	925	926
214850	235	188057	925	926
317248	235	188358	925	926
226235	235	188305	925	926
305721	235	188275	925	926
206701	235	189018	925	926
219557	235	188559	925	926
227412	167	317075	925	926
252192	235	188056	925	926
288042	235	188876	925	926
280339	235	188099	925	926
221546	235	188056	925	926
294198	235	188082	925	926
298274	235	188270	925	926
221053	235	188665	925	926
248261	235	188097	925	926
205942	235	190122	925	926
241539	235	188215	925	926
226270	235	188086	925	926
269114	235	208424	925	926
219387	235	189341	925	926
258100	235	192535	925	926
226563	235	188048	925	926
304592	235	188201	925	926
255166	235	188106	925	926
218822	235	188765	925	926
229945	235	188348	925	926
230113	235	188268	925	926
231808	235	189203	925	926
263303	235	255651	925	926
194024	235	188015	925	926
281170	235	188299	925	926
305149	235	232121	925	926
235844	235	188269	925	926
226104	235	188483	925	926
221798	235	189479	925	926
218738	235	188061	925	926
245770	235	188731	925	926
284241	289	191059	925	926
245710	235	188090	925	926
214031	235	188330	925	926
276215	235	188032	925	926
190199	47	192901	925	926
217317	235	189245	925	926
199571	235	188137	925	926
215011	235	192424	925	926
265672	235	188139	925	926
218603	235	193235	925	926
297882	235	188267	925	926
302543	235	188158	925	926
217996	235	189088	925	926
221506	235	188143	925	926
283144	235	188074	925	926
224768	235	188119	925	926
248641	235	193785	925	926
237090	235	188634	925	926
211538	235	189384	925	926
268711	235	188340	925	926
236239	235	188973	925	926
200114	235	214700	925	926
220011	235	188246	925	926
367869	176	265891	925	926
239235	235	189136	925	926
268450	235	232349	925	926
249514	235	188331	925	926
318645	235	188599	925	926
363811	235	188255	925	926
222710	235	188044	925	926
210456	235	188208	925	926
269580	235	197005	925	926
198753	235	190756	925	926
272527	235	188192	925	926
334134	235	188005	925	926
253018	235	189648	925	926
302255	235	188005	925	926
250832	235	188141	925	926
196462	235	188027	925	926
209593	235	188035	925	926
203839	235	205548	925	926
223805	235	188027	925	926
211320	235	188334	925	926
272386	235	356100	925	926
252334	235	194210	925	926
247581	235	193235	925	926
213589	235	189336	925	926
265007	235	188338	925	926
231082	235	188222	925	926
309658	235	188938	925	926
232914	235	189169	925	926
207995	235	188405	925	926
224726	235	188190	925	926
297121	235	188993	925	926
202392	235	188017	925	926
216152	235	188653	925	926
269462	235	189842	925	926
202338	235	190396	925	926
271558	235	192399	925	926
221133	235	188026	925	926
321934	235	188332	925	926
206951	235	188243	925	926
338526	235	188039	925	926
260552	235	188129	925	926
223334	235	188925	925	926
234905	235	189314	925	926
278327	235	188058	925	926
243728	235	188110	925	926
227582	235	189002	925	926
230747	235	189249	925	926
264052	235	188706	925	926
197802	235	188076	925	926
201072	235	188278	925	926
260651	235	189646	925	926
255148	235	189089	925	926
215821	235	188544	925	926
250423	235	188218	925	926
283629	235	188836	925	926
248128	235	188001	925	926
236832	235	188050	925	926
250434	235	188068	925	926
300674	235	188208	925	926
272960	235	188128	925	926
301416	235	188040	925	926
289893	235	210630	925	926
256270	235	188366	925	926
208744	235	188483	925	926
252547	235	188072	925	926
291307	235	188341	925	926
248367	235	188541	925	926
223129	235	189483	925	926
268935	235	188038	925	926
251021	235	189021	925	926
201274	235	188688	925	926
191059	289	284241	925	926
249918	235	225297	925	926
204446	235	195046	925	926
198222	235	188495	925	926
247682	235	188042	925	926
207494	235	188068	925	927
222166	235	188203	925	927
258969	235	188026	925	927
281702	235	188164	925	927
294497	235	188162	925	927
214130	235	188014	925	927
232988	235	188318	925	927
195617	235	188026	925	927
222388	235	188744	925	927
268146	235	188221	925	927
239244	235	188105	925	927
225390	235	188141	925	927
282828	235	189681	925	927
197954	235	188016	925	927
228158	235	188058	925	927
214147	235	188249	925	927
225302	235	188078	925	927
338937	287	284921	925	927
215230	235	188079	925	927
228305	235	189310	925	927
216867	235	188973	925	927
260177	235	188318	925	927
330416	235	188772	925	927
206703	235	189656	925	927
209627	42	190539	925	927
188284	239	239131	925	927
276611	289	340690	925	927
264186	235	188254	925	927
216512	235	188218	925	927
239178	235	188240	925	927
245068	235	188608	925	927
306896	235	188260	925	927
251688	235	188217	925	927
349682	292	375733	925	927
210621	235	188045	925	927
220017	235	188279	925	927
206017	235	188729	925	927
221053	235	188355	925	927
226317	235	188057	925	927
240395	287	284921	925	927
234548	235	190512	925	927
281573	235	188032	925	927
217762	235	188350	925	927
280297	235	189388	925	927
197724	235	188048	925	927
225037	235	188348	925	927
233730	235	188141	925	927
345120	49	190077	925	927
216912	235	188366	925	927
214968	235	188134	925	927
247828	235	188419	925	927
225996	235	239870	925	927
227575	235	188464	925	927
215450	235	188019	925	927
226125	235	188089	925	927
197200	235	188126	925	927
240956	235	188171	925	927
229806	235	188305	925	927
259364	235	188564	925	927
267248	235	192739	925	927
218205	235	191707	925	927
193378	235	189173	925	927
277646	235	188198	925	927
259981	235	254023	925	927
289120	49	190077	925	927
221609	235	189182	925	927
247942	235	188143	925	927
202574	235	188130	925	927
283402	235	188386	925	927
259854	235	190195	925	927
213626	235	188495	925	927
216723	235	188222	925	927
297422	235	188161	925	927
215018	176	245585	925	927
229219	235	188131	925	927
216904	235	194620	925	927
247875	235	189146	925	927
257388	235	189039	925	927
201980	235	191051	925	927
208085	49	190077	925	927
197892	235	200856	925	927
288666	235	189685	925	927
268694	235	188290	925	927
239696	235	188076	925	927
214890	235	188141	925	927
254241	235	188770	925	927
219916	235	188370	925	927
220078	235	189073	925	927
257327	235	188419	925	927
216654	235	188252	925	927
199702	235	188940	925	927
196718	235	188052	925	927
340690	289	276611	925	927
228506	235	188914	925	927
216147	235	188005	925	927
187998	267	230128	925	927
240818	235	188207	925	927
224070	235	188450	925	927
288500	235	188254	925	927
222206	235	190047	925	927
215337	235	188278	925	927
209154	235	188685	925	927
285826	235	188052	925	927
244904	235	188447	925	927
201101	235	188011	925	927
217889	235	188207	925	927
208052	235	194472	925	927
224363	235	188019	925	927
238540	235	192650	925	927
259597	235	189662	925	927
359601	42	200920	925	927
228891	235	188145	925	927
234049	235	188061	925	927
373170	235	195076	925	927
246584	235	188162	925	927
206612	235	189143	925	927
239535	235	191051	925	927
257167	235	188161	925	927
212381	235	188294	925	927
234856	235	188634	925	927
199274	235	188050	925	927
230246	235	188697	925	927
226537	235	188516	925	927
330133	235	188163	925	927
197891	235	188973	925	927
201877	235	188164	925	927
285975	235	188153	925	927
210160	235	203477	925	927
233376	235	190222	925	927
227284	235	188302	925	927
232241	235	194593	925	927
247504	235	188389	925	927
223125	235	189221	925	927
243397	235	190715	925	927
239650	235	188456	925	927
220071	235	188142	925	927
253372	235	188153	925	927
234498	235	188235	925	927
252902	235	190017	925	927
200521	235	188180	925	927
193642	235	189685	925	927
308528	235	210630	925	927
285265	235	188352	925	927
244488	235	188038	925	927
242373	235	188166	925	927
204773	235	188128	925	927
200905	235	188913	925	927
230406	235	188029	925	927
244270	235	190562	925	927
276153	235	188640	925	927
276084	235	188101	925	927
224122	235	189831	925	927
194272	49	190077	925	927
211857	235	188341	925	927
209734	235	188218	925	927
196659	235	188522	925	927
247670	235	189501	925	927
260248	235	188502	925	927
274177	235	356100	925	927
292830	235	188219	925	927
267160	235	188168	925	927
296321	235	189310	925	927
267771	235	192342	925	927
244962	235	188123	925	927
255986	235	188043	925	927
232248	235	189407	925	927
220988	235	188016	925	927
340395	49	190077	925	927
339567	235	188307	925	927
239444	235	188207	925	927
197923	235	188246	925	927
229572	49	255062	925	927
223601	235	188737	925	927
203428	235	188044	925	927
223027	235	190017	925	927
272047	235	188026	925	927
271513	235	188043	925	927
225688	235	188273	925	927
215218	235	188058	925	927
192593	289	250873	925	927
201199	235	189310	925	927
202153	235	188054	925	927
210903	235	194783	925	927
240816	235	188730	925	927
290587	235	188153	925	927
244225	235	188162	925	927
242399	235	188143	925	927
222596	235	188153	925	927
230194	235	188833	925	927
222978	235	210630	925	927
318963	235	188171	925	927
205970	235	188318	925	927
212981	235	191467	925	927
287136	235	188143	925	927
197576	235	188023	925	927
208451	235	188658	925	927
205485	235	188133	925	927
200737	235	188487	925	927
250873	289	192593	925	927
310998	235	191123	925	927
197890	235	188033	925	927
293466	235	190400	925	927
307693	235	188665	925	927
199340	235	188162	925	927
292238	235	188197	925	928
250285	235	188980	925	928
269463	235	188342	925	928
284978	235	193252	925	928
204290	235	188570	925	928
261849	235	188755	925	928
248155	235	188787	925	928
201076	235	188079	925	928
228305	235	188495	925	928
225883	235	188442	925	928
213962	235	189167	925	928
216827	235	188153	925	928
222523	235	195546	925	928
237143	235	189229	925	928
248264	235	188157	925	928
212901	235	188028	925	928
285052	235	188116	925	928
283051	152	188238	925	928
315813	235	188862	925	928
261508	49	192016	925	928
297843	235	188003	925	928
226361	235	188119	925	928
232739	235	188054	925	928
260914	235	188025	925	928
230961	235	188407	925	928
324281	235	188760	925	928
222731	235	188027	925	928
250446	235	188909	925	928
212628	235	188118	925	928
256849	235	370227	925	928
322845	235	188538	925	928
208821	235	188277	925	928
262462	235	188265	925	928
226794	235	189216	925	928
252065	235	188265	925	928
271395	235	213577	925	928
271259	235	188158	925	928
261835	235	188075	925	928
229917	235	189732	925	928
228195	235	188695	925	928
213144	235	188409	925	928
209530	235	188610	925	928
238886	235	188218	925	928
218194	235	188047	925	928
291647	235	188142	925	928
321705	292	335767	925	928
229805	235	188248	925	928
226218	235	188153	925	928
270933	235	189117	925	928
239825	235	188532	925	928
202545	235	188210	925	928
254327	42	190986	925	928
212035	235	188532	925	928
193333	235	188263	925	928
231792	235	188057	925	928
216614	235	188121	925	928
237434	235	188056	925	928
220193	235	189138	925	928
203248	235	189136	925	928
368846	235	195295	925	928
262372	235	188061	925	928
209549	235	188526	925	928
223965	235	188001	925	928
263440	49	279366	925	928
208074	235	188729	925	928
250985	235	218045	925	928
223134	235	188017	925	928
301571	235	188255	925	928
262366	235	188089	925	928
298834	235	188106	925	928
275016	235	188481	925	928
205983	235	188564	925	928
288775	235	188192	925	928
298800	235	190400	925	928
247304	235	188110	925	928
221305	235	188034	925	928
271101	235	190306	925	928
220218	235	188155	925	928
211682	235	188018	925	928
216553	235	188451	925	928
312259	235	188744	925	928
232646	235	188424	925	928
218131	235	188299	925	928
221355	235	190390	925	928
257080	49	192552	925	928
297388	235	188132	925	928
228911	235	197718	925	928
234591	235	189831	925	928
241155	235	188695	925	928
257912	235	188278	925	928
328371	238	188004	925	928
261453	235	188036	925	928
251335	235	188578	925	928
256849	49	189025	925	928
216770	235	188068	925	928
231144	235	188998	925	928
218638	235	188042	925	928
272511	235	188246	925	928
207101	289	314941	925	928
244425	235	188166	925	928
229316	235	216310	925	928
212732	235	188342	925	928
249450	235	189742	925	928
252405	235	189202	925	928
233903	235	188175	925	928
202692	235	188020	925	928
222101	235	188464	925	928
280602	235	190664	925	928
208498	49	190291	925	928
277951	235	188098	925	928
363020	235	194961	925	928
198009	235	189132	925	928
224525	235	188464	925	928
196082	235	188009	925	928
273560	235	188451	925	928
222161	235	188634	925	928
250094	235	188090	925	928
212824	235	190936	925	928
329217	49	338534	925	928
224833	235	188330	925	928
204067	235	188006	925	928
242341	235	188721	925	928
244842	235	188338	925	928
270658	235	188092	925	928
324281	235	188430	925	928
289890	287	345388	925	928
252511	235	188151	925	929
358415	176	263223	925	929
299648	235	193372	925	929
197974	235	189314	925	929
214825	235	188035	925	929
213777	235	188175	925	929
211405	235	188913	925	929
234132	235	188744	925	929
225153	235	188079	925	929
256514	235	188024	925	929
262349	235	188256	925	929
224175	235	188033	925	929
189235	267	300963	925	929
201199	235	188166	925	929
269393	235	188163	925	929
279456	235	191626	925	929
203769	235	192768	925	929
236950	235	188086	925	929
207495	235	188207	925	929
261855	235	188090	925	929
334274	235	188347	925	929
210160	235	188268	925	929
228958	235	190377	925	929
241137	235	188562	925	929
339863	235	188682	925	929
300963	292	363586	925	929
283360	235	188876	925	929
332731	235	188665	925	929
213735	235	189675	925	929
209700	42	188271	925	929
241979	235	188170	925	929
244796	235	188154	925	929
242832	235	188035	925	929
218131	235	188016	925	929
263120	235	189631	925	929
232331	235	188110	925	929
273498	235	188157	925	929
260358	235	188306	925	929
306761	235	188597	925	929
202727	49	188271	925	929
226928	292	375091	925	929
205367	235	188464	925	929
241876	235	189308	925	929
253275	235	188055	925	929
253139	235	188770	925	929
261010	235	188872	925	929
330376	235	188625	925	929
275968	235	188110	925	929
284555	235	191654	925	929
225913	235	192877	925	929
316176	49	189025	925	929
240680	235	188302	925	929
268652	235	188326	925	929
208807	235	188188	925	929
252086	49	207310	925	929
236957	235	188039	925	929
205177	235	188621	925	929
322855	235	188280	925	929
218926	235	188019	925	929
207274	235	188052	925	929
206619	235	188395	925	929
332369	235	190174	925	929
231092	235	188688	925	929
258724	235	188086	925	929
208179	235	188243	925	929
235704	235	188879	925	929
201089	235	188149	925	929
275489	235	188116	925	929
251345	235	188968	925	929
276288	235	188005	925	929
211405	235	189782	925	929
282542	235	195931	925	929
262821	235	188296	925	929
217166	235	188147	925	929
267279	235	188575	925	929
207378	235	188043	925	929
211602	235	188214	925	929
264501	235	188239	925	929
226183	235	188677	925	929
219122	235	189002	925	929
296321	235	188157	925	930
228251	235	192637	925	930
330950	235	188163	925	930
225086	235	188645	925	930
220939	235	194472	925	930
229490	235	188023	925	930
300372	235	188368	925	930
212533	235	188229	925	930
223834	235	188003	925	930
234257	235	190629	925	930
305004	273	189313	925	930
314941	289	207101	925	930
229097	235	188047	925	930
233167	235	188060	925	930
209306	235	188737	925	930
237769	235	188019	925	930
268792	235	188025	925	930
228707	289	279864	925	930
220371	235	188064	925	930
220477	235	188341	925	930
201717	235	188149	925	930
247370	235	188312	925	930
206006	235	192167	925	930
274634	235	188088	925	930
208811	235	198371	925	930
205600	235	188089	925	930
308722	235	188140	925	930
223805	235	188069	925	930
227238	235	188035	925	930
268938	235	188092	925	930
224379	235	188277	925	930
242033	235	188595	925	930
246615	235	188111	925	930
219163	235	188824	925	930
215686	235	188247	925	930
219045	235	188952	925	930
198348	235	188280	925	930
216453	235	188239	925	930
279864	289	228707	925	930
311940	235	188023	925	930
286497	49	189024	925	930
267401	235	188110	925	930
215637	235	188454	925	930
212331	235	188302	925	930
218011	235	188238	925	930
207995	235	188123	925	930
216007	235	188333	925	931
211158	235	188024	925	931
243415	235	188123	925	931
215056	235	188018	925	931
202458	235	188320	925	931
329360	235	188273	925	931
198668	235	188151	925	931
192597	235	188139	925	931
221383	235	188201	925	931
217681	235	188418	925	931
240405	235	188688	925	931
262932	235	194242	925	931
212168	235	188030	925	931
237304	235	188079	925	931
273858	235	188588	925	931
217771	235	188407	925	931
221798	235	188163	925	931
248747	235	188744	925	931
279518	235	189136	925	931
282591	287	296318	925	931
220101	235	188040	925	931
254125	235	188060	925	931
310993	235	188314	925	931
214127	235	188003	925	931
226965	235	188261	925	931
265731	235	188035	925	931
199481	235	188389	925	931
215307	235	188032	925	931
215111	235	190655	925	931
310026	49	216169	925	931
284487	235	188232	925	931
235200	245	372326	925	931
248369	235	188104	925	931
283591	235	189831	925	931
221710	235	188010	925	931
205725	235	188090	925	931
233499	235	188003	925	931
262932	235	189147	925	931
273892	235	188157	925	931
230672	235	188105	925	931
365644	49	190180	925	931
367353	235	188708	925	931
277917	49	190986	925	931
288890	287	345388	925	931
286185	287	372981	925	931
283233	235	188035	925	932
209812	235	188235	925	932
241830	235	188059	925	932
193903	235	188695	925	932
248901	235	188215	925	932
324421	235	188406	925	932
213625	235	188308	925	932
234105	235	188479	925	932
251021	235	188088	925	932
271880	235	188507	925	932
219665	235	188036	925	932
216806	235	188045	925	932
252139	235	189831	925	932
232250	235	188345	925	932
201109	235	188067	925	932
263431	235	188027	925	932
242745	235	192730	925	932
247504	235	188019	925	932
224693	235	188151	925	932
315843	235	188024	925	932
340080	235	188352	925	932
270711	235	188255	925	932
286980	235	188136	925	932
299779	235	188122	925	932
305180	235	189003	925	932
280352	235	189031	925	932
209652	235	188034	925	932
254957	235	188235	925	932
237148	235	188560	925	932
208488	235	188078	925	932
233478	235	191070	925	932
292956	235	188345	925	932
211588	235	188151	925	932
276880	287	375292	925	932
248037	235	188201	925	932
255875	235	188105	925	932
273526	235	188021	925	933
224192	235	188302	925	933
249236	235	188120	925	933
273211	289	289655	925	933
199974	235	188278	925	933
371071	289	245985	925	933
241721	235	188238	925	933
289655	289	273211	925	933
302727	235	188249	925	933
253414	235	188400	925	933
275157	42	314243	925	933
229578	235	188231	925	933
243972	235	188172	925	933
278199	42	307178	925	933
203731	235	188032	925	933
264281	235	188122	925	933
235784	235	188170	925	933
199116	289	194605	925	933
205016	42	190539	925	933
194605	289	199116	925	933
216610	235	188122	925	933
240137	235	188527	925	933
210626	235	188039	925	933
208509	235	188277	925	933
375044	287	284921	925	933
211994	235	188282	925	933
222448	235	188564	925	933
217470	235	188029	925	933
206004	235	188156	925	933
218455	235	188131	925	933
201447	289	193092	925	933
375889	235	188290	925	933
220013	235	188314	925	933
295690	235	188086	925	933
255172	235	188153	925	933
319282	245	325905	925	933
262736	289	271841	925	933
216201	235	188131	925	933
239076	235	189270	925	933
245985	289	371071	925	933
228579	235	188240	925	933
247309	235	188250	925	934
303202	235	188928	925	934
261788	235	188254	925	934
229674	235	188016	925	934
257789	235	190119	925	934
219814	235	188370	925	934
221197	235	188033	925	934
192825	289	192110	925	934
218808	235	188347	925	934
288896	235	189438	925	934
284500	235	188265	925	934
239706	235	188227	925	934
260486	235	188204	925	934
281504	235	188183	925	934
203249	235	188624	925	934
272832	235	188086	925	934
192110	289	192825	925	934
372638	42	191959	925	934
215621	235	188007	925	934
318475	235	189015	925	934
211357	235	188031	925	934
229348	235	188017	925	934
221228	235	188068	925	934
219814	235	188122	925	934
210504	235	188185	925	934
217809	235	188090	925	934
213774	235	188256	925	934
227867	235	188214	925	934
244740	235	188204	925	935
243138	235	188479	925	935
260537	42	278886	925	935
332330	287	284921	925	935
219090	235	190825	925	935
197491	235	188063	925	935
314790	235	188242	925	935
253038	235	188409	925	935
240741	235	188171	925	935
193092	289	201447	925	935
309835	235	188554	925	935
269774	235	188243	925	935
258279	235	188440	925	935
353780	262	326607	925	935
217661	235	188753	925	935
211811	235	188108	925	935
248789	235	188122	925	935
232603	235	188015	925	935
255917	289	217282	925	935
219079	235	188218	925	935
271685	235	188595	925	935
222399	235	188030	925	935
325750	273	195543	925	935
217282	289	255917	925	935
211447	235	188120	925	935
207355	235	188072	925	936
209819	235	188492	925	936
239528	235	193709	925	936
317694	235	188154	925	936
316967	235	188856	925	936
224537	235	188032	925	936
212348	235	188123	925	936
232989	235	188338	925	936
310710	235	188296	925	936
192016	222	337195	925	936
263719	235	190971	925	936
201089	235	188193	925	936
263728	235	188755	925	936
299808	235	188400	925	936
299982	235	188201	925	936
281526	235	188921	925	936
229017	235	188127	925	936
295444	235	189143	925	936
275380	235	188744	925	936
257477	235	188755	925	936
257836	235	188154	925	936
230813	235	188767	925	937
231368	235	188166	925	937
279649	235	189143	925	937
241374	235	188602	925	937
257466	235	188481	925	937
226457	235	188151	925	937
230113	235	188254	925	937
239623	235	188204	925	937
218035	235	188357	925	937
257477	235	188357	925	938
331706	287	345388	925	938
225559	289	295544	925	938
298834	235	188005	925	938
295544	289	225559	925	938
289033	235	190011	925	938
321764	235	188983	925	938
371286	235	188670	925	938
226335	235	188064	925	938
206612	235	188447	925	938
222025	235	188063	925	938
374909	42	241895	925	938
241139	235	188005	925	938
188230	267	250226	925	938
238188	49	194940	925	938
356305	235	209342	925	939
190552	42	190539	925	939
220150	235	196575	925	939
297293	235	189226	925	939
279714	235	188232	925	939
207679	235	188028	925	939
269003	235	188529	925	939
277556	42	191223	925	939
247455	235	188119	925	939
225821	289	268749	925	940
303744	235	188983	925	940
268749	289	225821	925	940
287675	235	188482	925	940
193730	42	188484	925	940
223791	235	188231	925	940
263728	235	188357	925	941
294683	235	188731	925	941
225518	235	188217	925	941
310597	235	188943	925	941
287694	235	190006	925	942
219200	235	188088	925	942
258279	235	188595	925	943
375117	37	200130	925	943
317416	273	192359	925	944
210160	235	188254	925	944
194123	235	188001	925	945
343855	290	189059	925	945
232343	289	315664	925	945
193471	34	314267	925	945
240162	273	192113	925	945
315664	289	232343	925	945
303156	225	290971	925	945
257181	235	188513	925	945
348110	290	188191	925	946
298008	42	190539	925	946
320701	290	188191	925	946
303346	273	189243	925	946
191317	267	283844	925	947
308630	273	192881	925	949
318015	289	300666	925	950
300666	289	318015	925	950
272181	42	312820	925	950
331142	37	187993	925	950
265323	289	318955	925	954
318955	289	265323	925	954
203831	42	190424	925	955
319014	290	188287	925	955
354216	42	256740	925	955
191005	267	351828	925	956
261411	273	190918	925	958
291884	289	264989	925	959
264989	289	291884	925	959
343163	289	343164	925	961
343164	289	343163	925	961
292844	289	220196	925	965
220196	289	292844	925	965
321190	101	187989	925	965
322727	289	207343	925	966
207343	289	322727	925	966
227503	290	188103	925	969
189810	61	320505	925	969
364604	101	188286	925	970
192746	47	361518	925	972
361518	47	192746	925	972
323459	37	191249	926	0
359017	106	190644	926	0
214467	106	297644	926	0
190742	262	342115	926	0
297644	106	214467	926	0
321746	106	188750	926	0
220227	235	188226	926	0
195196	106	240594	926	0
356906	262	363292	926	0
303460	106	273756	926	0
192788	76	317122	926	0
194296	262	342115	926	0
252086	273	189144	926	0
269462	235	192909	926	0
231055	262	254854	926	0
248844	235	188009	926	0
188759	106	198772	926	0
251412	76	267239	926	0
349624	106	195769	926	0
196701	49	266473	926	0
190644	106	359017	926	0
191099	106	267652	926	0
371656	106	320112	926	0
307477	106	367781	926	0
337527	106	200957	926	0
243933	42	188797	926	0
221666	106	238028	926	0
212997	262	342115	926	0
322112	290	187992	926	0
320112	106	371656	926	0
343852	106	337527	926	0
237666	42	308820	926	0
244745	106	190015	926	0
200957	106	337527	926	0
241478	262	192539	926	0
231811	262	311985	926	0
203082	76	304758	926	0
230260	235	232618	926	0
238028	106	221666	926	0
271239	235	189470	926	0
209627	290	187992	926	0
190933	264	190274	926	0
251412	76	302523	926	0
229803	37	188346	926	0
267652	106	191099	926	0
202883	235	188277	926	0
188750	106	321746	926	0
249228	42	209365	926	0
220313	262	192539	926	0
320537	262	274499	926	0
297377	273	189243	926	0
195242	106	189914	926	0
232779	262	294859	926	0
240594	106	195196	926	0
248312	42	362118	926	0
191657	97	190163	926	0
188322	262	254854	926	0
372666	273	281893	926	0
273756	106	303460	926	0
281629	106	195287	926	0
201706	262	342115	926	0
318525	106	213771	926	0
188114	61	284310	926	0
306069	262	192539	926	0
277463	235	233554	926	0
195769	106	349624	926	0
240259	290	188363	926	0
227352	235	188148	926	0
254105	235	189249	926	0
217355	106	318525	926	0
213771	106	318525	926	0
318525	106	217355	926	0
300309	273	188933	926	0
189914	106	195242	926	0
237661	235	189136	926	0
193042	106	191141	926	0
190320	106	290956	926	0
337527	106	343852	926	0
194296	262	254854	926	0
188322	262	324297	926	0
191141	106	193042	926	0
212997	262	254854	926	0
205274	235	188033	926	0
190742	262	254854	926	0
201706	262	254854	926	0
195480	42	369180	926	925
345559	282	190575	926	926
200803	235	188042	926	926
370556	282	346702	926	926
293621	282	332518	926	926
227127	235	188768	926	926
213194	235	188320	926	926
202493	235	188193	926	926
280110	282	188788	926	926
308588	282	192266	926	926
308516	139	319195	926	926
189856	139	198617	926	926
322535	52	307706	926	926
292139	282	192481	926	926
325273	282	188788	926	926
280110	282	188216	926	926
222877	282	246229	926	926
235999	282	188216	926	926
191075	282	275663	926	926
193972	52	313793	926	926
225007	282	308274	926	926
203635	235	188121	926	926
262822	49	229672	926	926
215568	282	193622	926	926
199045	282	339750	926	926
271513	235	188153	926	926
260942	49	312820	926	926
294966	282	243095	926	926
269330	282	192987	926	926
192086	139	251065	926	926
344854	282	282301	926	926
250685	235	192566	926	926
198630	282	291840	926	926
243688	49	302888	926	926
273515	49	189024	926	926
259676	49	226246	926	926
231616	282	190938	926	926
355512	73	257998	926	926
194510	235	188334	926	926
358494	282	217936	926	926
293621	52	332518	926	926
232423	282	188292	926	926
336544	49	238467	926	926
311497	52	190811	926	926
338982	49	188046	926	926
191939	282	366647	926	926
309586	282	363648	926	926
243370	282	191205	926	926
232533	235	188001	926	926
200483	235	188016	926	926
227698	282	189432	926	926
291911	37	240800	926	926
345941	282	188292	926	926
189432	139	196744	926	926
242221	282	188788	926	926
331367	282	355344	926	926
272127	282	188077	926	926
295555	139	228382	926	926
238869	49	238216	926	926
311349	52	327196	926	926
264662	235	189398	926	926
248119	52	374248	926	926
249796	289	320013	926	926
245950	282	188169	926	926
375426	49	271257	926	926
198230	282	190245	926	926
342993	235	190213	926	926
358243	282	188788	926	926
243911	235	188011	926	926
199552	52	335879	926	926
285285	235	190390	926	926
215568	282	188077	926	926
274893	52	361667	926	926
256270	235	188222	926	926
316606	235	188579	926	926
218228	282	188077	926	926
292040	49	188376	926	926
344782	282	188077	926	926
343217	282	188788	926	926
191881	139	209623	926	926
276367	282	188889	926	926
334605	282	212583	926	926
375593	139	192941	926	926
235804	235	188433	926	926
207725	282	193622	926	926
240450	235	188275	926	926
235522	52	346702	926	926
351094	282	205330	926	926
226805	289	247048	926	926
303650	282	188077	926	926
318757	235	188016	926	926
198487	235	188087	926	926
228457	164	272248	926	926
339750	139	199045	926	926
215841	235	229565	926	926
293631	101	188177	926	926
279323	49	188271	926	926
237309	235	188231	926	926
196658	49	312820	926	926
372666	273	200027	926	926
198617	282	189856	926	926
220238	139	198508	926	926
349090	282	190741	926	926
248107	292	350955	926	926
373099	282	188292	926	926
233388	235	188151	926	926
211810	235	188851	926	926
278445	49	188325	926	926
329795	282	192039	926	926
218514	235	188092	926	926
298787	49	190534	926	926
217405	282	237254	926	926
210736	282	193292	926	926
248367	235	188902	926	926
271534	235	189249	926	926
262372	235	188234	926	926
272187	139	246803	926	926
293571	49	188861	926	926
241195	235	190197	926	926
213593	235	189379	926	926
223575	235	188170	926	926
248119	282	331254	926	926
218210	235	188622	926	926
236628	235	189943	926	926
226921	282	285112	926	926
265314	49	231338	926	926
223509	235	190002	926	926
299420	282	192589	926	926
269555	282	188431	926	926
195266	282	192301	926	926
223775	52	349167	926	926
236301	235	188234	926	926
373055	282	303388	926	926
295937	282	188077	926	926
301622	49	322841	926	926
233678	282	188292	926	926
242566	282	188788	926	926
195972	235	189018	926	926
245224	282	188169	926	926
209310	235	188170	926	926
220227	235	207894	926	926
333636	282	351373	926	926
355259	282	190713	926	926
301781	282	195575	926	926
335793	282	188077	926	926
274010	49	200958	926	926
299383	52	346702	926	926
317731	282	209040	926	926
273210	52	356277	926	926
344373	282	336786	926	926
190783	139	239459	926	926
191562	282	270293	926	926
251728	282	192224	926	926
192301	139	195266	926	926
222284	282	190770	926	926
313793	139	195053	926	926
212132	282	188788	926	926
299562	49	267625	926	926
188769	139	333457	926	926
219170	235	188106	926	926
295951	49	270983	926	926
254572	282	191831	926	926
210618	235	188393	926	926
245590	282	190245	926	926
303985	52	370415	926	926
229925	282	349167	926	926
352607	282	352910	926	926
238791	52	348319	926	926
210671	235	188107	926	926
219536	235	188188	926	926
231382	52	313793	926	926
219342	52	240909	926	926
232239	282	188077	926	926
256963	280	358739	926	926
277391	52	288910	926	926
210509	235	188015	926	926
273260	235	190535	926	926
282308	235	188154	926	926
195747	282	373722	926	926
274162	52	282774	926	926
207766	235	188107	926	926
286973	282	192128	926	926
305568	282	188292	926	926
245942	282	191885	926	926
212000	235	188021	926	926
252308	282	320542	926	926
197578	282	193622	926	926
194655	164	225603	926	926
260552	235	188038	926	926
287992	282	261902	926	926
208115	235	193010	926	926
262429	52	370415	926	926
369894	282	358969	926	926
243370	282	195572	926	926
298199	282	188216	926	926
192510	139	374339	926	926
217969	52	307706	926	926
238740	235	188027	926	926
231616	282	191044	926	926
290691	282	210208	926	926
361800	282	190371	926	926
324352	139	235406	926	926
211598	282	352203	926	926
205448	282	189432	926	926
366647	139	191939	926	926
306535	282	237254	926	926
193023	282	192128	926	926
194025	282	191195	926	926
209927	282	188077	926	926
264994	282	188077	926	926
235406	282	324352	926	926
258511	235	188021	926	926
314547	282	351373	926	926
269052	282	194381	926	926
197578	282	188077	926	926
369894	282	358969	926	926
293850	282	190342	926	926
199738	52	270293	926	926
321261	235	190538	926	926
322702	282	190982	926	926
291268	235	188051	926	926
304115	49	312820	926	926
224948	52	356277	926	926
301166	49	188354	926	926
366388	282	194163	926	926
261308	139	309586	926	926
317386	282	322812	926	926
349775	139	309835	926	926
231500	282	188292	926	926
239459	282	190783	926	926
231840	282	191555	926	926
193736	235	188989	926	926
344880	139	354173	926	926
259260	282	188292	926	926
260949	282	348319	926	926
321771	282	305853	926	926
191018	92	189059	926	926
270368	235	188902	926	926
252013	282	188292	926	926
338157	256	326607	926	926
303749	282	188077	926	926
231800	282	318680	926	926
322086	49	189402	926	926
332518	139	293621	926	926
311497	282	190811	926	926
196937	52	307706	926	926
226990	282	356277	926	926
306535	282	327741	926	926
233903	235	189831	926	926
270785	282	323293	926	926
219342	52	348319	926	926
319261	139	213770	926	926
238472	52	338690	926	926
231464	282	188788	926	926
330214	49	241051	926	926
300366	139	241100	926	926
193210	52	338690	926	926
248119	52	303505	926	926
243992	282	188930	926	926
264142	235	188016	926	926
228753	282	188077	926	926
332837	49	222870	926	926
213150	282	188077	926	926
337001	235	188902	926	926
292945	49	188376	926	926
312373	282	188292	926	926
221337	52	267546	926	926
309296	52	327741	926	926
257127	48	210208	926	926
370220	282	208980	926	926
309586	282	261308	926	926
341128	282	337528	926	926
287047	49	196863	926	926
248119	52	277186	926	926
208323	235	188773	926	926
355380	139	190927	926	926
191201	52	307706	926	926
208978	282	189693	926	926
201274	235	189021	926	926
353825	282	192128	926	926
375044	49	189668	926	926
191881	139	239685	926	926
198754	282	188788	926	926
356213	48	329199	926	926
240695	235	188170	926	926
225912	282	205525	926	926
264013	55	265319	926	926
194292	139	215203	926	926
284204	282	188832	926	926
196165	282	299467	926	926
314396	282	308161	926	926
192941	282	375593	926	926
225007	52	351948	926	926
229017	235	188041	926	926
212236	282	192224	926	926
246471	52	366647	926	926
297663	282	188077	926	926
256251	52	267546	926	926
334454	282	282774	926	926
302087	235	190538	926	926
281743	282	210090	926	926
248683	282	193622	926	926
361087	282	226761	926	926
200954	139	276951	926	926
275105	235	188106	926	926
205367	235	188047	926	926
228753	282	188216	926	926
323398	282	188077	926	926
194223	52	190247	926	926
191018	92	188834	926	926
225603	48	210208	926	926
308173	282	188832	926	926
278106	49	196229	926	926
205367	235	210574	926	926
239137	235	188193	926	926
276966	282	326669	926	926
234614	282	188077	926	926
230495	49	191431	926	926
242743	282	289153	926	926
193271	52	313793	926	926
234786	235	188223	926	926
251766	282	309767	926	926
318114	282	215144	926	926
322159	52	348319	926	926
272052	235	188019	926	926
221609	235	188902	926	926
268354	235	189816	926	926
236029	282	215177	926	926
327196	139	322516	926	926
226193	235	188003	926	926
198794	235	189958	926	926
220574	282	193173	926	926
308066	282	190393	926	926
235182	49	190099	926	926
196431	282	224797	926	926
210718	235	188106	926	926
207286	235	194362	926	926
268307	49	189785	926	926
288372	139	295181	926	926
311598	282	361667	926	926
222166	235	188170	926	926
208404	235	189201	926	926
193620	52	270293	926	926
261855	235	188041	926	926
194109	139	302091	926	926
204701	52	261308	926	926
367353	282	349775	926	926
322159	52	295555	926	926
374339	282	192510	926	926
220015	235	188210	926	926
193642	235	189780	926	926
275168	235	188234	926	926
264893	282	188788	926	926
225090	282	188077	926	926
215643	282	188077	926	926
324114	49	188046	926	926
190870	235	188015	926	926
309193	235	189392	926	926
230900	235	188247	926	926
303985	282	192128	926	926
280193	235	188059	926	926
303505	139	286172	926	926
230404	282	288237	926	926
211808	139	238334	926	926
261727	282	188788	926	926
278325	282	188788	926	926
205525	139	225912	926	926
191283	49	192434	926	926
258148	235	189759	926	926
211919	282	188788	926	926
264820	235	188106	926	926
374881	235	207894	926	926
213130	282	193622	926	926
210619	235	188649	926	926
208294	235	188067	926	926
293481	282	189113	926	926
190371	139	361800	926	926
351948	139	193972	926	926
204903	235	188001	926	926
353439	282	308161	926	926
190951	139	205192	926	926
269774	235	188902	926	926
235999	282	188788	926	926
198798	235	190219	926	926
295181	282	240876	926	926
191082	52	190247	926	926
241100	282	300366	926	926
271698	235	189970	926	926
302266	282	190741	926	926
221193	235	188015	926	926
307787	49	188861	926	926
248119	52	328752	926	926
259217	282	190913	926	926
235406	52	324352	926	926
326411	282	192128	926	926
193292	139	210736	926	926
189432	139	227698	926	926
228030	49	189402	926	926
196816	52	366647	926	926
285672	282	188788	926	926
196744	282	189432	926	926
271312	282	354716	926	926
305718	282	188292	926	926
296471	282	188216	926	926
269555	282	189204	926	926
315464	282	291708	926	926
237563	235	188902	926	926
214747	235	189831	926	926
312748	282	257044	926	926
245651	49	250238	926	926
357162	282	269685	926	926
206012	282	356573	926	926
349784	282	188431	926	926
312742	49	296332	926	926
295084	282	188077	926	926
260949	282	240909	926	926
202338	235	188793	926	926
247942	235	188106	926	926
189432	139	205448	926	926
348319	139	260949	926	926
231769	282	188077	926	926
191444	282	264961	926	926
311968	49	260656	926	926
209787	235	188902	926	926
259344	235	188021	926	926
290145	49	202523	926	926
321432	282	190741	926	926
199145	235	188726	926	926
213593	235	188989	926	926
363648	139	309586	926	926
367353	282	284989	926	926
243858	235	189005	926	926
188814	139	246250	926	926
367673	282	191042	926	926
232954	49	194197	926	926
227481	235	188121	926	926
230837	282	190483	926	926
264336	235	188055	926	926
201394	282	192598	926	926
234447	49	225562	926	926
203058	235	190197	926	926
225007	52	308274	926	926
211348	235	188109	926	926
243376	235	210574	926	926
205724	282	234000	926	926
192039	139	329795	926	926
365800	49	243644	926	926
257916	49	188325	926	926
203278	235	188338	926	926
345251	282	188292	926	926
227349	282	189268	926	926
360915	282	363442	926	926
316127	49	209238	926	926
230452	235	189756	926	926
287165	282	188077	926	926
227565	282	188431	926	926
282337	282	188077	926	926
198508	282	220238	926	926
304115	282	189300	926	926
195860	282	307706	926	926
288042	235	189018	926	926
335172	282	191460	926	926
321078	282	338690	926	926
307706	139	195860	926	926
275557	282	188292	926	926
325188	49	302107	926	926
304617	49	190430	926	926
213140	282	192645	926	926
244377	49	244130	926	926
191924	282	189365	926	926
205880	106	303187	926	926
270748	49	261688	926	926
192598	139	201394	926	926
348381	282	269551	926	926
277688	282	190284	926	926
209787	235	189088	926	926
231304	282	320542	926	926
219342	52	261308	926	926
202909	282	188841	926	926
353391	282	188841	926	926
265413	282	193622	926	926
255148	235	193050	926	926
244050	49	192524	926	926
320013	289	249796	926	926
286863	49	194975	926	926
309835	282	284989	926	926
225570	282	189113	926	926
316581	282	190599	926	926
317917	49	188325	926	926
331254	139	197766	926	926
246803	52	190247	926	926
309835	282	349775	926	926
251065	282	192086	926	926
268196	235	188170	926	926
340361	282	188788	926	926
225007	52	366614	926	926
230866	52	270293	926	926
250434	235	188113	926	926
335986	282	308970	926	926
262867	164	288504	926	926
246727	282	267546	926	926
371286	282	284989	926	926
277391	282	375593	926	926
355846	282	199054	926	926
270964	235	188016	926	926
192727	52	338690	926	926
267733	235	188299	926	926
214822	235	192985	926	926
199835	282	192073	926	926
355676	139	312996	926	926
258136	49	189602	926	926
204472	52	272187	926	926
216797	235	188307	926	926
214850	235	188057	926	926
213047	282	365341	926	926
202426	235	190197	926	926
296109	282	193622	926	926
294266	282	192030	926	926
220022	235	188118	926	926
356573	139	206012	926	926
238334	282	211808	926	926
242596	282	283007	926	926
289543	49	188380	926	926
226761	139	361087	926	926
284427	52	361667	926	926
194163	139	366388	926	926
225522	282	188077	926	926
261648	235	188198	926	926
305749	282	190483	926	926
333457	282	188769	926	926
358951	282	192154	926	926
206594	282	188788	926	926
244003	49	225314	926	926
302091	282	194109	926	926
205192	282	190951	926	926
336787	282	188788	926	926
221198	235	188016	926	926
295824	49	217560	926	926
218210	235	189294	926	926
369894	52	358969	926	926
248119	52	331254	926	926
354694	282	322422	926	926
366539	282	190374	926	926
272832	235	188106	926	926
203729	282	212362	926	926
219728	282	188077	926	926
199045	52	339750	926	926
231082	235	188695	926	926
355478	139	335371	926	926
363978	282	189773	926	926
214486	282	256770	926	926
357210	282	192128	926	926
240112	49	188257	926	926
248507	282	200789	926	926
244250	235	189642	926	926
190927	282	370362	926	926
240038	235	188808	926	926
327086	139	324450	926	926
231506	282	190355	926	926
286930	49	197617	926	926
225007	52	332808	926	926
249502	282	195121	926	926
239282	235	199365	926	926
228619	52	356277	926	926
220865	235	192995	926	926
253258	282	325128	926	926
191939	52	366647	926	926
267733	235	188016	926	926
191202	282	275663	926	926
327849	282	195042	926	926
358572	282	188832	926	926
235455	52	313793	926	926
251843	282	190175	926	926
231130	282	188292	926	926
350314	49	260384	926	926
212171	282	193622	926	926
240909	139	260949	926	926
294166	49	204288	926	926
328807	49	189025	926	926
276831	282	188788	926	926
215169	282	200789	926	926
315358	282	188077	926	926
229061	235	188784	926	927
268359	235	192081	926	927
237552	235	188193	926	927
311277	42	286411	926	927
258148	235	189765	926	927
225913	235	188925	926	927
319695	235	188157	926	927
224027	49	248896	926	927
198487	235	188037	926	927
199420	235	188624	926	927
272527	235	188101	926	927
314105	235	188043	926	927
233600	235	188057	926	927
259674	235	188097	926	927
260651	235	188828	926	927
249514	235	188262	926	927
372256	49	233247	926	927
281761	235	188182	926	927
212587	235	188040	926	927
214685	235	191020	926	927
217809	49	189467	926	927
205988	235	188156	926	927
201974	235	189344	926	927
220356	235	188188	926	927
270748	287	284921	926	927
221798	235	188993	926	927
258299	235	188844	926	927
212317	235	188221	926	927
221923	235	188823	926	927
211320	235	188091	926	927
262403	235	188068	926	927
281623	235	188688	926	927
244297	235	267252	926	927
237715	235	188015	926	927
226184	235	188342	926	927
282398	235	193918	926	927
232459	235	190328	926	927
218514	235	188050	926	927
197411	235	188027	926	927
201038	235	190325	926	927
286426	235	188059	926	927
224526	235	188529	926	927
269377	235	189117	926	927
208711	235	189640	926	927
312635	235	188032	926	927
201535	235	191635	926	927
237099	235	188348	926	927
213204	235	188038	926	927
212035	235	188784	926	927
280413	235	189593	926	927
202117	235	188501	926	927
228265	235	219332	926	927
215821	235	189483	926	927
220084	235	188387	926	927
216662	235	188078	926	927
223509	235	190002	926	927
205189	235	188178	926	927
307410	235	189718	926	927
203278	235	189603	926	927
270263	235	189718	926	927
293112	235	188116	926	927
200531	235	192710	926	927
273216	235	189355	926	927
256797	235	188221	926	927
240435	235	189242	926	927
217523	235	188141	926	927
244485	235	190400	926	927
247472	235	188141	926	927
223129	235	188298	926	927
246387	235	189106	926	927
194510	235	188419	926	927
207969	235	188784	926	927
273009	235	188121	926	927
204667	235	188087	926	927
208029	235	188082	926	927
222098	235	188068	926	927
200482	235	188155	926	927
207444	235	188621	926	927
237354	235	188016	926	927
283629	235	231213	926	927
226962	235	188146	926	927
326562	235	188265	926	927
188159	267	233752	926	927
202291	235	188391	926	927
250121	235	188277	926	927
292689	235	188338	926	927
236729	235	188741	926	927
219977	42	219749	926	927
280750	292	346501	926	927
230457	235	188520	926	927
208294	235	188066	926	927
269202	235	189920	926	927
247682	235	190390	926	927
228087	235	210630	926	927
252139	235	188616	926	927
361278	235	189160	926	927
224125	235	188088	926	927
267997	235	188197	926	927
264865	235	188121	926	927
265672	235	242113	926	927
332732	235	199529	926	927
216553	235	188490	926	927
255733	235	190894	926	927
197728	235	188072	926	927
211263	235	193997	926	927
233112	235	192126	926	927
216876	235	188137	926	927
251764	235	188950	926	927
264485	235	189071	926	927
208009	235	188202	926	927
277366	235	188741	926	927
290927	235	188383	926	927
199404	235	188073	926	927
218712	235	188154	926	927
204715	235	188952	926	927
195966	235	188006	926	927
320222	235	188772	926	927
221882	235	188386	926	927
262145	235	188197	926	927
271108	235	192985	926	927
221053	235	189098	926	927
253857	49	296332	926	927
239458	235	188188	926	927
290322	235	190711	926	927
226322	235	206969	926	927
201525	235	188221	926	927
258654	235	188030	926	927
248548	235	188318	926	927
225323	235	188330	926	927
334041	235	188246	926	927
268646	235	188143	926	927
229674	235	188182	926	927
209838	235	188064	926	927
244488	235	188137	926	927
248901	235	188170	926	927
220701	235	199239	926	927
219536	235	188188	926	927
322728	235	188389	926	927
210165	235	188970	926	927
188233	267	253117	926	927
219920	235	188092	926	927
282178	235	188005	926	927
306895	235	189318	926	927
247867	235	188097	926	927
256902	235	188633	926	927
224896	235	188096	926	927
292917	235	194082	926	927
278071	235	188026	926	927
250355	235	189645	926	927
272346	235	188156	926	927
237732	235	188540	926	927
198753	235	200379	926	927
219293	235	188221	926	927
323450	235	188141	926	927
247619	235	189832	926	927
201274	235	188629	926	927
208452	235	188298	926	927
223509	235	188605	926	927
202526	235	191119	926	927
226388	235	188898	926	927
258566	235	189922	926	927
230912	235	188489	926	927
219083	235	210574	926	927
237722	235	188387	926	927
293112	235	188106	926	927
214294	235	188092	926	927
271880	235	188238	926	927
210066	235	188395	926	927
197802	235	188061	926	927
200121	235	188238	926	927
210718	235	188024	926	927
211277	235	188682	926	927
294198	235	188382	926	927
222133	161	188115	926	927
199600	235	188526	926	927
274906	235	189396	926	927
227429	235	188419	926	927
247925	235	191960	926	927
281386	235	188334	926	927
281322	235	189990	926	927
283735	235	188076	926	927
207071	235	188770	926	927
223218	235	188430	926	927
205315	235	191423	926	927
281877	235	189557	926	927
201690	235	193010	926	927
300722	176	230428	926	927
233946	235	189124	926	927
193138	235	189492	926	927
201072	235	188178	926	927
224315	235	188178	926	927
270035	235	188977	926	927
222723	235	188091	926	927
219874	235	190288	926	927
188363	267	228105	926	927
211348	235	188109	926	927
215546	235	200856	926	927
205616	235	188057	926	927
198532	235	189351	926	927
238740	235	188419	926	927
272960	235	188005	926	927
231082	235	188222	926	927
260976	235	188032	926	927
210582	235	188948	926	927
345650	292	371164	926	927
236628	235	188291	926	927
214152	235	188038	926	927
198841	235	188173	926	927
201076	235	188030	926	927
194773	49	310669	926	927
193930	235	189002	926	927
218383	235	188067	926	927
218822	235	189069	926	927
200098	235	188050	926	927
193138	235	192909	926	927
210165	235	188268	926	927
188833	239	208626	926	927
310161	235	210630	926	927
241473	235	232121	926	927
221528	235	189216	926	927
281460	235	188950	926	927
269774	235	190706	926	927
261563	235	205548	926	927
286795	235	188026	926	927
269580	235	272962	926	927
199974	235	189446	926	927
207969	235	188784	926	927
199571	235	188105	926	927
258024	235	188270	926	927
223856	235	188419	926	927
226650	235	188348	926	927
197308	235	189067	926	927
237704	235	188447	926	927
309193	235	188597	926	927
271001	235	188859	926	927
267556	235	188220	926	927
200704	235	188053	926	927
210474	235	188787	926	927
237214	235	188011	926	927
272349	235	188051	926	927
208415	235	188338	926	927
324614	235	188813	926	927
298277	235	188143	926	927
298796	292	353253	926	927
221853	235	188695	926	927
210262	235	188090	926	927
225224	235	188085	926	927
199974	235	192848	926	927
341593	101	188002	926	927
204999	235	192976	926	927
236832	235	188334	926	927
223134	235	224255	926	927
206151	235	188298	926	927
272314	235	188514	926	927
335245	235	188559	926	927
317966	235	188225	926	927
231394	235	188009	926	927
335393	235	188260	926	927
227255	235	190202	926	928
194239	235	188234	926	928
193719	235	188383	926	928
228008	235	188411	926	928
206670	235	188529	926	928
298876	235	188417	926	928
196308	235	189210	926	928
223668	235	188232	926	928
309563	42	373322	926	928
257462	235	188173	926	928
235370	235	188630	926	928
220301	235	188489	926	928
241139	235	188106	926	928
213010	235	188064	926	928
209056	235	188035	926	928
229447	42	276952	926	928
213598	235	188078	926	928
198222	235	188090	926	928
247625	235	188404	926	928
364107	235	224255	926	928
278596	235	188010	926	928
327600	235	188755	926	928
342334	235	188630	926	928
229970	235	188151	926	928
206487	235	192254	926	928
253562	235	188416	926	928
244448	235	188189	926	928
223520	235	188235	926	928
246006	235	188107	926	928
227160	235	188027	926	928
233858	235	188451	926	928
205965	235	189358	926	928
348915	235	304655	926	928
218090	235	188085	926	928
242677	235	188090	926	928
226650	235	189739	926	928
218455	235	188041	926	928
322679	235	190298	926	928
290166	235	189093	926	928
239437	235	188129	926	928
285730	235	190881	926	928
301610	235	191250	926	928
332758	235	188058	926	928
200803	235	188156	926	928
196943	235	188208	926	928
216836	235	188556	926	928
225754	235	191051	926	928
232184	235	188232	926	928
249136	235	188262	926	928
213444	235	189470	926	928
322126	235	190715	926	928
307893	235	191242	926	928
213589	235	189655	926	928
197364	49	190077	926	928
316102	235	192976	926	928
216385	235	193783	926	928
221193	235	188076	926	928
205023	235	188076	926	928
236598	235	188330	926	928
221183	235	188016	926	928
227958	235	188173	926	928
224849	235	188149	926	928
201070	235	188101	926	928
250692	235	189468	926	928
210693	235	188210	926	928
289208	235	188024	926	928
215841	235	189759	926	928
369323	49	330024	926	928
210671	235	188040	926	928
222395	235	188602	926	928
209537	235	188143	926	928
202493	235	188218	926	928
301610	235	191693	926	928
210112	235	188239	926	928
275016	235	188109	926	928
270927	49	210048	926	928
254237	235	190390	926	928
226437	235	188057	926	928
200122	235	189552	926	928
236532	235	188331	926	928
288539	49	190077	926	928
206867	235	188058	926	928
272546	235	188072	926	928
307817	235	188130	926	928
261540	235	188107	926	928
335726	235	190375	926	928
262445	235	188330	926	928
194265	235	188082	926	928
292522	235	192165	926	928
283295	235	191106	926	928
257938	235	188121	926	928
293799	235	196526	926	928
194298	235	188252	926	928
269393	235	189479	926	928
200114	235	189069	926	928
237354	235	188030	926	928
226353	235	188207	926	928
205038	235	189637	926	928
221322	235	188032	926	928
198973	235	188045	926	928
267128	235	188104	926	928
283144	235	188097	926	928
209911	235	189063	926	928
229348	235	188011	926	928
208420	235	188021	926	928
204390	235	188040	926	928
312638	235	188097	926	928
245189	235	188063	926	928
197935	235	188130	926	928
225707	235	194631	926	928
229238	235	193039	926	928
259853	235	188091	926	928
214450	235	188094	926	928
222311	235	190002	926	928
337563	235	368293	926	928
340276	123	350824	926	928
210402	235	190276	926	928
188910	239	272339	926	928
230895	235	188386	926	928
247548	235	188110	926	928
199875	235	188069	926	928
227481	235	188155	926	928
271335	235	188054	926	928
234905	235	188214	926	928
204450	235	188038	926	928
189144	245	212251	926	928
201523	235	190002	926	928
218738	235	188075	926	928
248436	235	188503	926	928
243195	235	191635	926	928
214396	235	188052	926	928
210096	49	190077	926	928
297882	235	188783	926	928
217809	235	188041	926	928
226206	235	188330	926	928
209901	235	188082	926	928
197097	235	188105	926	928
252547	235	188175	926	928
212530	235	188729	926	928
272339	42	188910	926	928
271242	235	188383	926	928
253562	152	188416	926	928
225302	235	190197	926	928
203244	235	188001	926	928
200906	235	188060	926	928
194239	235	188010	926	928
211430	235	188101	926	928
218337	235	188099	926	928
212446	235	188495	926	928
243354	37	188062	926	928
240556	235	188436	926	928
231963	235	188234	926	928
230005	235	188001	926	928
293720	235	189377	926	928
260983	235	188200	926	928
309513	49	190077	926	928
221546	235	188139	926	928
279155	235	188876	926	928
239258	235	188805	926	928
221506	235	188219	926	928
219895	235	190688	926	928
207791	235	188156	926	928
223976	235	188407	926	928
287163	235	195046	926	928
188177	267	233254	926	928
234658	235	188027	926	928
302908	235	188753	926	928
213221	235	188003	926	928
268935	235	188164	926	928
219646	235	189479	926	928
201855	235	188020	926	928
212438	235	188079	926	928
230817	235	188509	926	928
270787	235	188498	926	928
265975	235	188070	926	928
207551	235	188090	926	928
281374	235	188098	926	928
196074	235	189109	926	928
223699	235	188407	926	928
206105	235	188136	926	928
235551	235	188111	926	928
236293	235	188037	926	928
227572	235	188507	926	928
224017	235	188273	926	928
205129	235	188056	926	928
222413	235	190020	926	928
196701	49	189460	926	928
252334	235	188429	926	928
219090	235	188127	926	928
328871	235	188204	926	928
215559	235	188015	926	928
212690	235	188404	926	928
205643	235	190474	926	928
338048	235	189791	926	928
271250	235	188895	926	928
208150	235	188069	926	928
229379	235	188035	926	928
241539	235	188744	926	928
215918	235	188737	926	928
241770	235	188157	926	928
205912	235	188760	926	928
211643	235	188387	926	928
251342	49	190077	926	928
249354	235	188436	926	928
230226	235	189143	926	928
236780	235	188042	926	929
232275	235	188608	926	929
210624	235	189232	926	929
232157	235	188645	926	929
281962	235	188928	926	929
232671	235	189265	926	929
264583	235	188057	926	929
227313	235	188267	926	929
268001	235	188038	926	929
228463	235	188247	926	929
277847	42	317004	926	929
207356	235	188280	926	929
308896	235	188006	926	929
209987	235	190006	926	929
213076	235	188057	926	929
205172	235	188028	926	929
226250	235	188495	926	929
236152	235	190690	926	929
226455	235	191070	926	929
272652	101	188372	926	929
374881	235	188226	926	929
203154	235	188855	926	929
272008	235	188069	926	929
303401	235	190372	926	929
214850	235	188387	926	929
214492	235	188262	926	929
221608	235	188061	926	929
214481	235	188017	926	929
282101	235	188312	926	929
247017	235	188461	926	929
308806	235	188055	926	929
217983	235	188880	926	929
343378	287	345388	926	929
302892	235	188693	926	929
198386	235	188030	926	929
216988	235	188178	926	929
285906	235	188119	926	929
258100	235	188157	926	929
288791	235	188389	926	929
228196	235	191423	926	929
243887	235	191960	926	929
238882	235	192995	926	929
193861	235	189958	926	929
244578	235	189705	926	929
203939	235	188620	926	929
327725	235	188269	926	929
223004	235	188038	926	929
197901	235	189462	926	929
325529	235	188178	926	929
232995	235	188450	926	929
242439	235	188568	926	929
203958	235	188019	926	929
239838	235	188139	926	929
215328	235	188276	926	929
301270	235	188101	926	929
224768	235	188111	926	929
200962	235	203451	926	929
262176	235	188307	926	929
229057	235	191888	926	929
225126	235	188299	926	929
217317	235	188149	926	929
306022	245	313014	926	929
282039	235	210044	926	929
232830	235	188028	926	929
194289	235	189549	926	929
366172	235	188663	926	929
235234	235	188164	926	929
241812	235	188334	926	929
261027	235	188088	926	929
219354	235	188134	926	929
213401	235	188657	926	929
252929	235	190002	926	929
305305	235	188306	926	929
262176	235	188214	926	929
234057	235	188088	926	929
197183	235	189606	926	929
243742	235	188443	926	929
206505	235	188173	926	929
242182	235	188341	926	929
218696	235	188109	926	929
218482	235	188038	926	929
205333	235	188070	926	929
274869	235	188076	926	929
197011	235	188407	926	929
356355	235	188123	926	929
254505	235	188607	926	929
307846	235	188534	926	929
268972	235	188652	926	929
236895	235	188056	926	929
253457	235	188168	926	929
261768	235	188087	926	929
294971	235	189182	926	929
220952	235	188050	926	929
289494	235	189542	926	929
211364	235	188067	926	929
196961	235	188185	926	929
252192	235	188334	926	929
202758	235	191571	926	929
216471	235	194631	926	929
260552	235	188252	926	929
188372	267	352610	926	929
240680	235	188302	926	929
202564	235	198051	926	929
323613	42	287543	926	929
308892	235	188024	926	929
203731	235	188055	926	929
203635	235	188043	926	929
277980	235	188330	926	929
207474	235	188064	926	929
206859	235	189990	926	929
321968	235	188255	926	929
261400	42	188325	926	929
270160	235	188406	926	929
217204	235	188647	926	929
204095	235	188033	926	929
211191	235	188019	926	929
208228	235	188182	926	929
268728	235	188134	926	929
273178	235	188024	926	929
282057	235	188772	926	929
203390	235	189945	926	929
225095	235	188127	926	929
258718	235	188267	926	930
257863	235	188158	926	930
255690	235	188082	926	930
302653	235	191353	926	930
282723	235	188005	926	930
200101	176	367517	926	930
283801	235	188079	926	930
287141	235	188379	926	930
236237	47	263415	926	930
216961	235	188017	926	930
272647	235	212329	926	930
195230	235	188052	926	930
250409	235	188240	926	930
247714	235	188416	926	930
235890	235	188239	926	930
288459	235	190512	926	930
211357	235	188011	926	930
283293	235	188310	926	930
221448	235	188229	926	930
323411	235	188876	926	930
269172	235	188688	926	930
243029	235	188399	926	930
263751	235	190391	926	930
226002	235	189990	926	930
243002	235	188118	926	930
220546	49	188046	926	930
266663	235	188147	926	930
288849	292	345194	926	930
318192	235	189484	926	930
221514	235	188039	926	930
232920	235	188122	926	930
196242	235	188341	926	930
248772	235	189265	926	930
280971	235	188079	926	930
211436	235	188154	926	930
230788	235	188262	926	930
282845	235	188025	926	930
204185	235	188647	926	930
264939	235	190032	926	930
206532	235	188547	926	930
286065	235	188296	926	930
209480	235	188220	926	930
242964	235	188118	926	930
248286	235	189579	926	930
197384	235	188119	926	930
348244	235	188393	926	930
273531	235	188644	926	930
215579	235	189242	926	930
211277	235	188462	926	930
224726	235	188938	926	930
205613	235	188279	926	930
242470	235	194210	926	930
227039	235	188211	926	930
317004	292	351898	926	930
232534	235	188030	926	930
276325	235	188338	926	930
240853	235	188154	926	930
311203	49	292671	926	930
226799	235	194211	926	930
330934	235	188032	926	930
271685	235	188440	926	930
258995	235	188010	926	930
218244	235	188220	926	930
212427	235	188003	926	930
284039	235	188035	926	930
268881	235	195546	926	930
267723	235	190065	926	930
334266	235	188180	926	930
213311	235	188042	926	930
242470	235	188424	926	930
201358	235	188149	926	930
205154	235	330570	926	930
270148	235	189194	926	930
245145	235	208702	926	930
228475	235	191312	926	930
206654	235	188526	926	930
203839	235	191070	926	930
190870	235	188015	926	930
206087	235	188134	926	930
262459	292	351727	926	930
214679	235	188152	926	930
294270	235	192995	926	930
191542	47	192175	926	930
364261	42	212360	926	930
199381	235	188164	926	930
237401	235	189078	926	930
248030	235	188321	926	930
315745	235	188334	926	930
224260	235	188063	926	930
240472	235	188399	926	930
282243	235	188214	926	930
349306	42	190428	926	930
230005	235	195919	926	930
324205	49	191196	926	930
268881	235	207243	926	930
209549	235	188210	926	930
229985	235	188613	926	930
208204	235	188338	926	930
222710	235	188629	926	930
201947	235	188016	926	930
196771	235	188188	926	930
307549	235	188050	926	930
325750	42	206417	926	930
239493	235	188044	926	930
206004	235	188016	926	930
261654	235	188116	926	930
224714	235	188872	926	930
233342	235	189125	926	930
338526	235	188164	926	930
266519	235	188170	926	930
252368	235	188028	926	930
317780	235	188273	926	931
199440	235	188039	926	931
262437	235	188995	926	931
202789	235	188129	926	931
203958	235	188247	926	931
293571	42	190111	926	931
217254	235	189394	926	931
188122	239	224462	926	931
256789	235	189681	926	931
212037	235	188503	926	931
217319	235	188028	926	931
199811	235	189422	926	931
275042	235	188278	926	931
223138	235	188232	926	931
291716	42	188354	926	931
244324	235	188131	926	931
215473	235	188030	926	931
349040	287	372981	926	931
226908	235	188142	926	931
283258	235	188234	926	931
302087	235	188665	926	931
275168	235	188075	926	931
229072	235	188030	926	931
209953	235	188270	926	931
228322	235	189422	926	931
315528	235	188468	926	931
199379	235	188068	926	931
316091	235	188823	926	931
222781	235	188168	926	931
197166	235	188003	926	931
333436	289	216184	926	931
228924	235	189687	926	931
342231	235	190377	926	931
298563	101	209332	926	931
276019	292	361700	926	931
283615	235	188171	926	931
234250	235	188119	926	931
289171	49	198272	926	931
204772	235	188451	926	931
230868	235	188031	926	931
233750	292	347601	926	931
266262	235	188276	926	931
268835	235	189377	926	931
241602	235	188105	926	931
224842	235	188589	926	931
227687	235	188608	926	931
202338	235	188034	926	931
204236	235	188725	926	931
219908	235	188247	926	931
232599	235	188299	926	931
209667	235	188082	926	931
196692	235	188072	926	931
372437	49	318437	926	931
330246	235	189260	926	931
191589	273	193688	926	931
271558	235	188173	926	931
216184	289	333436	926	931
299601	49	354208	926	931
207335	235	188214	926	931
264052	235	192859	926	931
258314	235	188296	926	931
276409	235	188731	926	932
210858	235	188026	926	932
334035	289	231098	926	932
220040	235	188227	926	932
235924	235	189073	926	932
268247	292	348842	926	932
216247	235	188001	926	932
212764	235	188001	926	932
250423	235	188172	926	932
300674	235	188126	926	932
234234	235	188031	926	932
281856	235	188168	926	932
227087	235	188433	926	932
237309	235	188331	926	932
196462	235	188031	926	932
202420	235	188170	926	932
193885	235	188003	926	932
207766	235	188091	926	932
214225	235	188020	926	932
282243	235	188307	926	932
294503	235	188411	926	932
230249	235	188243	926	932
231098	289	334035	926	932
198431	235	188341	926	932
204735	235	189631	926	932
198639	235	188015	926	932
237718	235	188210	926	932
239331	235	188370	926	932
331650	49	269395	926	932
241568	235	188151	926	932
223067	235	188099	926	932
223067	235	188254	926	932
280339	235	188321	926	932
245651	42	296296	926	932
198612	235	188039	926	932
249486	235	188166	926	932
211153	235	188217	926	932
250048	235	188232	926	932
257392	235	188119	926	932
206323	235	188418	926	932
202134	235	188034	926	932
222631	235	188180	926	932
211447	235	188151	926	932
273531	235	188648	926	932
258812	235	188731	926	932
250506	235	188185	926	933
309658	235	188783	926	933
214037	235	189468	926	933
290049	289	318160	926	933
200074	235	188003	926	933
196677	235	188172	926	933
272225	49	293222	926	933
225603	42	193621	926	933
221571	235	188491	926	933
317273	235	188055	926	933
232599	235	188016	926	933
283375	235	188180	926	933
198557	235	188034	926	933
230487	235	188239	926	933
314126	289	221449	926	933
282125	235	188433	926	933
196951	235	188613	926	933
277555	235	188331	926	933
221449	289	314126	926	933
235772	235	188156	926	933
268470	235	188024	926	933
318160	289	290049	926	933
209505	235	188031	926	933
244797	235	188170	926	933
284708	289	237292	926	933
211711	235	188217	926	933
238955	235	190916	926	933
206506	235	188015	926	933
262324	235	188522	926	933
244399	235	188222	926	933
224993	235	190825	926	933
221119	235	188045	926	933
229651	235	188016	926	933
206096	235	188240	926	933
229097	235	188239	926	933
264115	235	190010	926	933
229172	235	188099	926	933
237292	289	284708	926	933
244409	235	188215	926	933
226195	235	188037	926	933
254563	235	188021	926	933
257122	235	188619	926	933
336791	235	214279	926	933
268508	235	188131	926	933
204772	235	188168	926	933
313627	235	188988	926	933
201787	235	188254	926	933
220640	47	195597	926	933
221160	235	188139	926	933
195597	47	220640	926	933
187998	254	217199	926	933
260301	235	188197	926	933
248128	235	188023	926	933
220678	235	189002	926	933
228062	235	188505	926	934
221081	235	188564	926	934
197773	235	188003	926	934
274160	42	194592	926	934
348319	256	264119	926	934
237718	235	188688	926	934
194577	245	263882	926	934
211372	235	188028	926	934
243967	235	188247	926	934
218098	235	188061	926	934
321934	235	188400	926	934
272536	235	188508	926	934
230706	289	298970	926	934
241708	235	188948	926	934
231140	235	188406	926	934
196045	235	190562	926	934
226086	235	188020	926	934
197836	235	188042	926	934
267248	235	189122	926	934
255468	292	355926	926	934
274332	235	188744	926	934
248458	235	188111	926	934
216519	235	188164	926	934
247714	235	188507	926	934
223315	235	188057	926	934
353223	49	189090	926	934
228438	235	188161	926	934
223791	235	190002	926	934
231635	235	188166	926	934
298970	289	230706	926	934
341469	235	188255	926	934
209602	235	188140	926	934
195294	37	189457	926	934
234924	235	188127	926	934
271810	289	298846	926	935
359640	235	188755	926	935
281212	289	192147	926	935
254535	235	188249	926	935
211158	235	188055	926	935
295444	235	188447	926	935
332043	235	188708	926	935
257486	235	190222	926	935
205851	235	188127	926	935
193855	235	188064	926	935
283357	235	188220	926	935
201101	235	188001	926	935
206078	235	188024	926	935
212381	235	188310	926	935
290766	235	188058	926	935
300098	235	188089	926	935
294961	235	188654	926	935
316598	235	188644	926	935
343401	235	188742	926	935
235891	235	188227	926	935
192147	289	281212	926	935
277013	235	188097	926	935
238762	235	188050	926	935
206755	235	188161	926	935
227118	235	188580	926	935
220439	235	188180	926	935
299562	287	284921	926	935
283726	235	188534	926	935
201357	235	192637	926	935
330950	235	188108	926	935
295300	235	188314	926	935
307693	235	188355	926	935
