64988	259	59929	1997.0115	2003.1202
70925	261	85795	1997.0126	1997.0126
67504	273	67505	1997.0202	1997.0202
55881	261	45576	1997.0218	1997.0218
55545	259	48518	1997.0222	1999.0802
62104	261	57250	1997.0313	1997.0313
58252	262	47121	1997.0401	1997.0401
84575	265	50622	1997.0501	1997.0501
66083	259	43898	1997.0515	1997.0515
69238	259	61353	1997.0526	2006.0607
44906	259	50360	1997.0613	2000.0719
56693	259	56815	1997.0613	2004.1216
51199	265	64894	1997.0627	1997.0627
59413	259	45459	1997.0628	2005.0202
58654	259	54671	1997.0701	2000.0101
72873	264	44963	1997.0701	2004.1124
55682	264	44963	1997.0701	2022.0427
53946	264	44963	1997.0701	2023.0103
65875	261	57250	1997.0716	1997.0716
63238	261	47777	1997.0729	1997.0729
54606	261	44394	1997.0806	1997.0806
71838	261	51003	1997.0808	1997.0808
55138	259	45459	1997.0808	2004.1015
53419	261	44394	1997.0825	1997.0825
56686	261	47777	1997.0825	1997.0825
49288	265	49289	1997.0901	2004.0201
48270	261	48863	1997.0906	1997.0906
52834	261	55392	1997.0918	1997.0918
55804	272	55805	1997.1101	2002.0629
48793	261	54474	1997.111	1997.111
56814	259	56694	1997.1117	2000.103
53152	259	76052	1997.121	2017.1103
45660	261	45661	1998.0101	1998.0101
47337	261	47338	1998.0101	1998.0101
48342	261	48343	1998.0101	1998.0101
48901	261	48902	1998.0101	1998.0101
47827	261	49429	1998.0101	1998.0101
53018	259	45408	1998.0101	1998.0101
53653	261	47743	1998.0101	1998.0101
53919	261	53565	1998.0101	1998.0101
54191	261	44322	1998.0101	1998.0101
55569	259	55570	1998.0101	1998.0101
48028	261	47338	1998.0101	1998.0101
56176	259	56177	1998.0101	1998.0101
56449	261	47338	1998.0101	1998.0101
55419	259	55675	1998.0101	1998.0101
56260	261	48095	1998.0101	1998.0101
57675	261	52026	1998.0101	1998.0101
57769	259	49050	1998.0101	1998.0101
58065	265	47128	1998.0101	1998.0101
58092	261	58093	1998.0101	1998.0101
48436	261	58198	1998.0101	1998.0101
49767	259	46273	1998.0101	1998.0101
45463	259	58958	1998.0101	1998.0101
58986	259	58805	1998.0101	1998.0101
59147	259	45394	1998.0101	1998.0101
59106	259	46893	1998.0101	1998.0101
46693	261	43869	1998.0101	1998.0101
59556	261	59557	1998.0101	1998.0101
50036	259	47032	1998.0101	1998.0101
60185	259	60186	1998.0101	1998.0101
48554	261	62964	1998.0101	1998.0101
63519	261	63520	1998.0101	1998.0101
64048	261	44601	1998.0101	1998.0101
62637	259	43641	1998.0101	1998.0101
64561	265	61762	1998.0101	1998.0101
62975	261	48095	1998.0101	1998.0101
65041	265	56188	1998.0101	1998.0101
55234	261	45581	1998.0101	1998.0101
52702	259	47744	1998.0101	1998.0101
65213	272	65214	1998.0101	1998.0101
65930	259	64772	1998.0101	1998.0101
49437	261	62914	1998.0101	1998.0101
62420	261	47657	1998.0101	1998.0101
66626	261	49649	1998.0101	1998.0101
44496	261	44016	1998.0101	1998.0101
65590	261	47338	1998.0101	1998.0101
67066	261	55654	1998.0101	1998.0101
53142	261	45501	1998.0101	1998.0101
50397	259	67348	1998.0101	1998.0101
67530	259	67531	1998.0101	1998.0101
64437	259	48499	1998.0101	1998.0101
50293	261	64458	1998.0101	1998.0101
59336	261	60081	1998.0101	1998.0101
57403	259	43898	1998.0101	1998.0101
46688	261	48095	1998.0101	1998.0101
68954	261	43626	1998.0101	1998.0101
53845	259	43898	1998.0101	1998.0101
50661	261	44839	1998.0101	1998.0101
58173	259	69901	1998.0101	1998.0101
66698	261	64017	1998.0101	1998.0101
66102	261	48437	1998.0101	1998.0101
50450	259	70385	1998.0101	1998.0101
70484	259	52492	1998.0101	1998.0101
61974	261	43905	1998.0101	1998.0101
51413	259	44821	1998.0101	1998.0101
71314	265	51660	1998.0101	1998.0101
60711	261	54178	1998.0101	1998.0101
44958	259	45498	1998.0101	1998.0101
66500	261	44699	1998.0101	1998.0101
50330	259	43898	1998.0101	1998.0101
58421	261	72329	1998.0101	1998.0101
50034	261	44726	1998.0101	1998.0101
53001	259	43940	1998.0101	1998.0101
45080	261	50405	1998.0101	1998.0101
61766	259	44487	1998.0101	1998.0101
72836	261	52683	1998.0101	1998.0101
60665	261	47338	1998.0101	1998.0101
73097	259	47088	1998.0101	1998.0101
57599	261	44059	1998.0101	1998.0101
73341	265	44738	1998.0101	1998.0101
62802	259	52854	1998.0101	1998.0101
56023	263	46631	1998.0101	1998.0101
74131	265	46150	1998.0101	1998.0101
62627	261	61002	1998.0101	1998.0101
43727	259	54533	1998.0101	1998.0101
64252	259	67917	1998.0101	1998.0101
66681	265	46084	1998.0101	1998.0101
64482	261	74585	1998.0101	1998.0101
74629	261	44394	1998.0101	1998.0101
74855	272	60914	1998.0101	1998.0101
59556	261	75113	1998.0101	1998.0101
75352	259	69514	1998.0101	1998.0101
46417	259	75487	1998.0101	1998.0101
64788	261	48095	1998.0101	1998.0101
54959	261	62408	1998.0101	1998.0101
51638	261	44326	1998.0101	1998.0101
56806	261	65642	1998.0101	1998.0101
73831	261	47425	1998.0101	1998.0101
55588	261	45566	1998.0101	1998.0101
54385	261	76621	1998.0101	1998.0101
60256	259	61245	1998.0101	1998.0101
58340	259	70200	1998.0101	1998.0101
51666	261	66491	1998.0101	1998.0101
76840	261	58148	1998.0101	1998.0101
65731	261	53846	1998.0101	1998.0101
69168	259	46599	1998.0101	1998.0101
51465	261	55505	1998.0101	1998.0101
49489	259	51123	1998.0101	1998.0101
77630	261	61634	1998.0101	1998.0101
55516	261	53957	1998.0101	1998.0101
59699	265	49976	1998.0101	1998.0101
78007	261	46452	1998.0101	1998.0101
47488	259	67294	1998.0101	1998.0101
78176	259	67618	1998.0101	1998.0101
48888	261	53814	1998.0101	1998.0101
61107	261	66052	1998.0101	1998.0101
74114	261	45115	1998.0101	1998.0101
47764	261	78691	1998.0101	1998.0101
55834	261	48736	1998.0101	1998.0101
57962	261	79141	1998.0101	1998.0101
57908	261	74122	1998.0101	1998.0101
72727	261	66009	1998.0101	1998.0101
46305	259	47573	1998.0101	1998.0101
56504	261	64300	1998.0101	1998.0101
70413	261	47338	1998.0101	1998.0101
52212	259	56949	1998.0101	1998.0101
77451	261	46398	1998.0101	1998.0101
59662	261	58262	1998.0101	1998.0101
47675	259	45827	1998.0101	1998.0101
48017	265	45589	1998.0101	1998.0101
77664	261	61075	1998.0101	1998.0101
57986	261	47031	1998.0101	1998.0101
73758	261	48461	1998.0101	1998.0101
53100	259	54546	1998.0101	1998.0101
45698	259	80614	1998.0101	1998.0101
80627	261	51707	1998.0101	1998.0101
72902	265	46359	1998.0101	1998.0101
50262	259	44018	1998.0101	1998.0101
62102	261	50569	1998.0101	1998.0101
70419	261	45925	1998.0101	1998.0101
74361	261	48095	1998.0101	1998.0101
65684	259	49642	1998.0101	1998.0101
81137	265	44156	1998.0101	1998.0101
58617	261	50129	1998.0101	1998.0101
78639	259	44303	1998.0101	1998.0101
72455	262	59850	1998.0101	1998.0101
81228	261	70375	1998.0101	1998.0101
43856	261	45959	1998.0101	1998.0101
68471	259	76372	1998.0101	1998.0101
75426	261	46655	1998.0101	1998.0101
81257	261	64239	1998.0101	1998.0101
73102	261	47549	1998.0101	1998.0101
63384	261	55654	1998.0101	1998.0101
77475	261	47425	1998.0101	1998.0101
43740	261	54758	1998.0101	1998.0101
56814	261	52903	1998.0101	1998.0101
76588	261	48095	1998.0101	1998.0101
51372	261	69321	1998.0101	1998.0101
68265	259	45062	1998.0101	1998.0101
66869	261	48433	1998.0101	1998.0101
48300	261	54782	1998.0101	1998.0101
47625	261	46478	1998.0101	1998.0101
82343	261	48461	1998.0101	1998.0101
64848	261	47777	1998.0101	1998.0101
53298	261	56270	1998.0101	1998.0101
48883	259	64176	1998.0101	1998.0101
57949	259	71171	1998.0101	1998.0101
74152	261	46208	1998.0101	1998.0101
71695	259	74901	1998.0101	1998.0101
56414	261	59982	1998.0101	1998.0101
46819	261	47936	1998.0101	1998.0101
81009	261	51406	1998.0101	1998.0101
70364	261	45066	1998.0101	1998.0101
82886	259	54526	1998.0101	1998.0101
82903	261	43845	1998.0101	1998.0101
58098	259	62504	1998.0101	1998.0101
53001	259	47352	1998.0101	1998.0101
59438	261	53785	1998.0101	1998.0101
60521	261	49735	1998.0101	1998.0101
56995	261	47338	1998.0101	1998.0101
71299	259	59809	1998.0101	1998.0101
48442	261	48020	1998.0101	1998.0101
55271	261	50712	1998.0101	1998.0101
52609	261	44394	1998.0101	1998.0101
83280	261	47338	1998.0101	1998.0101
79480	261	44322	1998.0101	1998.0101
54250	261	48095	1998.0101	1998.0101
60751	259	73149	1998.0101	1998.0101
49102	259	47088	1998.0101	1998.0101
71716	259	45823	1998.0101	1998.0101
46247	261	73376	1998.0101	1998.0101
60801	261	43971	1998.0101	1998.0101
72834	259	48241	1998.0101	1998.0101
48682	259	83526	1998.0101	1998.0101
67653	261	47338	1998.0101	1998.0101
68037	261	47290	1998.0101	1998.0101
82796	261	47338	1998.0101	1998.0101
76985	259	63855	1998.0101	1998.0101
74205	259	63933	1998.0101	1998.0101
63084	261	44322	1998.0101	1998.0101
62159	261	44732	1998.0101	1998.0101
62234	261	44108	1998.0101	1998.0101
70011	259	64772	1998.0101	1998.0101
57934	261	44394	1998.0101	1998.0101
51975	261	77722	1998.0101	1998.0101
63034	259	51452	1998.0101	1998.0101
72670	261	67199	1998.0101	1998.0101
70215	265	46137	1998.0101	1998.0101
44407	261	53630	1998.0101	1998.0101
56690	259	45119	1998.0101	1998.0101
78361	261	43626	1998.0101	1998.0101
56321	259	51241	1998.0101	1998.0101
78702	259	61163	1998.0101	1998.0101
44121	261	47338	1998.0101	1998.0101
58965	261	69193	1998.0101	1998.0101
58196	259	47088	1998.0101	1998.0101
57723	261	50057	1998.0101	1998.0101
60065	261	50096	1998.0101	1998.0101
60797	259	72709	1998.0101	1998.0101
66135	261	66579	1998.0101	1998.0101
49318	261	43626	1998.0101	1998.0101
44671	259	56949	1998.0101	1998.0101
54818	259	48783	1998.0101	1998.0101
56784	259	74537	1998.0101	1998.0101
75571	261	47338	1998.0101	1998.0101
81249	259	50679	1998.0101	1998.0101
82191	261	60579	1998.0101	1998.0101
65214	272	65213	1998.0101	1998.0101
84168	265	49373	1998.0101	1998.0101
60906	259	67498	1998.0101	1998.0101
45837	259	72709	1998.0101	1998.0101
71593	261	45681	1998.0101	1998.0101
51921	259	44564	1998.0101	1998.0101
52616	259	72709	1998.0101	1998.0101
49208	261	43905	1998.0101	1998.0101
74597	259	44307	1998.0101	1998.0101
82274	261	44601	1998.0101	1998.0101
72237	261	53848	1998.0101	1998.0101
50103	261	44326	1998.0101	1998.0101
59777	273	48049	1998.0101	1998.0101
63444	259	51452	1998.0101	1998.0101
45537	261	46403	1998.0101	1998.0101
68262	259	64109	1998.0101	1998.0101
60914	272	74855	1998.0101	1998.0101
60906	259	65655	1998.0101	1998.0101
47266	259	67537	1998.0101	1998.0101
59234	259	44821	1998.0101	1998.0101
73776	259	58801	1998.0101	1998.0101
73058	265	51395	1998.0101	1998.0101
62747	259	73301	1998.0101	1998.0101
62602	259	47057	1998.0101	1998.0101
60116	259	64454	1998.0101	1998.0101
58491	261	71271	1998.0101	1998.0101
54385	261	49438	1998.0101	1998.0101
59627	261	61503	1998.0101	1998.0101
50799	261	48373	1998.0101	1998.0101
56175	259	53688	1998.0101	1998.0101
53769	261	85176	1998.0101	1998.0101
58351	265	44715	1998.0101	1998.0101
62651	261	71203	1998.0101	1998.0101
67081	261	44059	1998.0101	1998.0101
85151	300	85232	1998.0101	1998.0101
51932	259	46831	1998.0101	1998.0101
78106	259	66590	1998.0101	1998.0101
53699	261	50464	1998.0101	1998.0101
72237	261	54976	1998.0101	1998.0101
61141	261	48419	1998.0101	1998.0101
64265	261	47255	1998.0101	1998.0101
50920	259	63885	1998.0101	1998.0101
84213	261	43845	1998.0101	1998.0101
60590	265	53833	1998.0101	1998.0101
57399	261	52078	1998.0101	1998.0101
68174	261	62408	1998.0101	1998.0101
72096	259	53278	1998.0101	1998.0101
69644	259	46418	1998.0101	1998.0101
84536	259	46418	1998.0101	1998.0101
64825	259	51541	1998.0101	1998.0101
52234	259	53243	1998.0101	1998.0101
67735	259	53515	1998.0101	1998.0101
82224	265	49673	1998.0101	1998.0101
63051	259	45699	1998.0101	1998.0101
67699	259	43989	1998.0101	1998.0101
66008	261	54749	1998.0101	1998.0101
64130	261	49735	1998.0101	1998.0101
51372	261	45959	1998.0101	1998.0101
44780	261	48095	1998.0101	1998.0101
49439	259	43898	1998.0101	1998.0101
58491	261	85432	1998.0101	1998.0101
58583	259	57613	1998.0101	1998.0101
66101	261	50437	1998.0101	1998.0101
48767	261	50712	1998.0101	1998.0101
51305	261	49929	1998.0101	1998.0101
52531	261	48095	1998.0101	1998.0101
67556	261	48095	1998.0101	1998.0101
75071	261	48095	1998.0101	1998.0101
82845	261	85482	1998.0101	1998.0101
72737	261	44394	1998.0101	1998.0101
47853	261	85478	1998.0101	1998.0101
45059	261	60663	1998.0101	1998.0101
68366	261	43659	1998.0101	1998.0101
44353	259	54253	1998.0101	1998.0101
79095	261	46882	1998.0101	1998.0101
60280	261	43626	1998.0101	1998.0101
45552	259	48107	1998.0101	1998.0101
60212	261	46820	1998.0101	1998.0101
56430	261	52683	1998.0101	1998.0101
74175	259	47600	1998.0101	1998.0101
55454	259	55510	1998.0101	1998.0101
76340	259	50078	1998.0101	1998.0101
60194	261	52683	1998.0101	1998.0101
78988	265	46150	1998.0101	1998.0101
80357	259	65005	1998.0101	1998.0101
49685	259	52034	1998.0101	1998.0101
46686	261	50129	1998.0101	1998.0101
45543	261	46577	1998.0101	1998.0101
80078	259	61479	1998.0101	1998.0101
69768	261	46577	1998.0101	1998.0101
69368	259	51304	1998.0101	1998.0101
75784	261	43823	1998.0101	1998.0101
59556	261	75944	1998.0101	1998.0101
66433	261	53698	1998.0101	1998.0101
57178	259	63510	1998.0101	1998.0101
83759	265	44738	1998.0101	1998.0101
54675	259	47667	1998.0101	1998.0101
50397	259	48318	1998.0101	1998.0101
84644	259	63510	1998.0101	1998.0101
75175	259	45076	1998.0101	1998.0101
50450	259	63510	1998.0101	1998.0101
45080	261	80635	1998.0101	1998.0101
45202	261	62333	1998.0101	1998.0101
70011	259	49394	1998.0101	1998.0101
61570	261	55610	1998.0101	1998.0101
49941	261	47338	1998.0101	1998.0101
69105	261	47338	1998.0101	1998.0101
53699	261	50498	1998.0101	1998.0101
59739	261	47549	1998.0101	1998.0101
74531	261	47338	1998.0101	1998.0101
72175	261	47338	1998.0101	1998.0101
83272	259	79872	1998.0101	1998.0101
70484	259	73971	1998.0101	1998.0101
53358	261	47425	1998.0101	1998.0101
63165	259	45587	1998.0101	1998.0101
54453	261	44088	1998.0101	1998.0101
62319	259	50679	1998.0101	1998.0101
47684	300	85685	1998.0101	1998.0101
66869	261	46561	1998.0101	1998.0101
76354	261	85713	1998.0101	1998.0101
67100	261	44326	1998.0101	1998.0101
51130	261	44326	1998.0101	1998.0101
85094	261	65884	1998.0101	1998.0101
51749	261	83418	1998.0101	1998.0101
63533	261	85713	1998.0101	1998.0101
62446	261	85713	1998.0101	1998.0101
78290	259	59424	1998.0101	1998.0101
78633	259	47440	1998.0101	1998.0101
66202	259	47514	1998.0101	1998.0101
77419	261	57240	1998.0101	1998.0101
67702	261	76562	1998.0101	1998.0101
49339	261	59675	1998.0101	1998.0101
72727	261	53841	1998.0101	1998.0101
79277	261	47508	1998.0101	1998.0101
57129	300	85756	1998.0101	1998.0101
77744	261	69706	1998.0101	1998.0101
55621	261	81428	1998.0101	1998.0101
60016	261	70290	1998.0101	1998.0101
52238	261	52759	1998.0101	1998.0101
62657	261	52759	1998.0101	1998.0101
54453	261	78500	1998.0101	1998.0101
82047	259	60565	1998.0101	1998.0101
65151	259	52637	1998.0101	1998.0101
56397	265	71991	1998.0101	1998.0101
76185	259	50970	1998.0101	1998.0101
77678	265	44616	1998.0101	1998.0101
48702	265	63228	1998.0101	1998.0101
44563	259	44564	1998.0101	1999.0101
45049	259	45050	1998.0101	1999.0101
46185	259	46186	1998.0101	1999.0101
47528	259	47529	1998.0101	1999.0101
48752	259	48753	1998.0101	1999.0101
44125	259	51433	1998.0101	1999.0101
52092	259	52093	1998.0101	1999.0101
53270	259	53002	1998.0101	1999.0101
55101	259	55102	1998.0101	1999.0101
52925	259	53107	1998.0101	1999.0101
57210	259	57211	1998.0101	1999.0101
49798	259	46306	1998.0101	1999.0101
58682	259	53986	1998.0101	1999.0101
52927	259	44200	1998.0101	1999.0101
59608	259	53050	1998.0101	1999.0101
49579	259	59729	1998.0101	1999.0101
60257	259	59993	1998.0101	1999.0101
60394	259	60395	1998.0101	1999.0101
55569	259	62770	1998.0101	1999.0101
50008	259	54423	1998.0101	1999.0101
65821	259	47846	1998.0101	1999.0101
51413	259	66021	1998.0101	1999.0101
66011	259	47032	1998.0101	1999.0101
66589	259	66590	1998.0101	1999.0101
66991	259	51852	1998.0101	1999.0101
57222	259	67294	1998.0101	1999.0101
67746	259	61228	1998.0101	1999.0101
68460	259	54423	1998.0101	1999.0101
69094	259	69023	1998.0101	1999.0101
69280	259	69281	1998.0101	1999.0101
71510	259	70796	1998.0101	1999.0101
58744	259	44146	1998.0101	1999.0101
72042	259	70157	1998.0101	1999.0101
45499	259	67348	1998.0101	1999.0101
55372	259	53745	1998.0101	1999.0101
72742	259	53081	1998.0101	1999.0101
61972	259	60200	1998.0101	1999.0101
63102	259	50698	1998.0101	1999.0101
59147	259	72766	1998.0101	1999.0101
59602	259	45099	1998.0101	1999.0101
74153	259	44933	1998.0101	1999.0101
60123	259	50041	1998.0101	1999.0101
53819	259	66169	1998.0101	1999.0101
58299	259	65474	1998.0101	1999.0101
74280	259	60452	1998.0101	1999.0101
59979	259	51210	1998.0101	1999.0101
73340	259	52100	1998.0101	1999.0101
58993	259	76135	1998.0101	1999.0101
44401	259	52645	1998.0101	1999.0101
76595	259	53363	1998.0101	1999.0101
63831	259	53620	1998.0101	1999.0101
58471	259	57524	1998.0101	1999.0101
59236	259	51956	1998.0101	1999.0101
77251	259	73803	1998.0101	1999.0101
60123	259	44933	1998.0101	1999.0101
46055	259	58142	1998.0101	1999.0101
77587	259	59405	1998.0101	1999.0101
56321	259	77614	1998.0101	1999.0101
74085	259	52034	1998.0101	1999.0101
58098	259	75814	1998.0101	1999.0101
68903	259	44832	1998.0101	1999.0101
57271	259	48120	1998.0101	1999.0101
67271	259	53598	1998.0101	1999.0101
59249	259	51050	1998.0101	1999.0101
57119	259	74537	1998.0101	1999.0101
55419	259	57828	1998.0101	1999.0101
65135	259	71881	1998.0101	1999.0101
63513	259	45189	1998.0101	1999.0101
47488	259	59541	1998.0101	1999.0101
49767	259	74233	1998.0101	1999.0101
61331	259	75396	1998.0101	1999.0101
80201	259	65619	1998.0101	1999.0101
67050	259	46302	1998.0101	1999.0101
58034	259	48905	1998.0101	1999.0101
73097	259	48318	1998.0101	1999.0101
78807	259	50125	1998.0101	1999.0101
47262	259	45319	1998.0101	1999.0101
66804	259	59696	1998.0101	1999.0101
59915	259	50041	1998.0101	1999.0101
64651	259	65784	1998.0101	1999.0101
65974	259	47518	1998.0101	1999.0101
62646	259	63529	1998.0101	1999.0101
74791	259	59637	1998.0101	1999.0101
75532	259	47762	1998.0101	1999.0101
45499	259	48318	1998.0101	1999.0101
65060	259	54230	1998.0101	1999.0101
61190	259	49477	1998.0101	1999.0101
68262	259	48090	1998.0101	1999.0101
72322	259	55539	1998.0101	1999.0101
56543	259	72503	1998.0101	1999.0101
47242	263	62775	1998.0101	1999.0101
45049	259	57814	1998.0101	1999.0101
74167	259	48947	1998.0101	1999.0101
65506	259	43603	1998.0101	1999.0101
53693	259	53878	1998.0101	1999.0101
75815	259	52156	1998.0101	1999.0101
54916	259	44071	1998.0101	1999.0101
75175	259	54735	1998.0101	1999.0101
64976	259	57819	1998.0101	1999.0101
61402	259	71590	1998.0101	1999.0101
60355	259	57005	1998.0101	1999.0101
53985	259	73572	1998.0101	1999.0101
57015	259	51483	1998.0101	1999.0101
81261	259	48734	1998.0101	1999.0101
53628	259	56560	1998.0101	1999.0101
62591	259	75613	1998.0101	1999.0101
43931	259	46599	1998.0101	1999.0101
78106	259	61427	1998.0101	1999.0101
54933	259	54598	1998.0101	1999.0101
46111	259	46831	1998.0101	1999.0101
63513	259	49062	1998.0101	1999.0101
64487	259	57338	1998.0101	1999.0101
53442	259	56092	1998.0101	1999.0101
54539	259	59825	1998.0101	1999.0101
57673	259	52782	1998.0101	1999.0101
63058	259	44709	1998.0101	1999.0101
58340	259	83505	1998.0101	1999.0101
75951	259	65056	1998.0101	1999.0101
47967	259	62276	1998.0101	1999.0101
55073	259	43989	1998.0101	1999.0101
68121	259	52233	1998.0101	1999.0101
63820	259	68748	1998.0101	1999.0101
81114	259	69800	1998.0101	1999.0101
67159	259	59637	1998.0101	1999.0101
54597	259	46559	1998.0101	1999.0101
51356	259	85025	1998.0101	1999.0101
59082	259	62218	1998.0101	1999.0101
76814	259	43734	1998.0101	1999.0101
58392	259	49241	1998.0101	1999.0101
68513	263	54753	1998.0101	1999.0101
50243	259	46817	1998.0101	1999.0101
57650	259	69023	1998.0101	1999.0101
53287	263	44715	1998.0101	1999.0101
61711	259	43702	1998.0101	1999.0101
60751	259	47716	1998.0101	1999.0101
74405	259	53688	1998.0101	1999.0101
43925	259	53688	1998.0101	1999.0101
84069	259	62890	1998.0101	1999.0101
73440	259	54728	1998.0101	1999.0101
68092	259	64512	1998.0101	1999.0101
59559	265	54584	1998.0101	1999.0101
47370	259	47546	1998.0101	1999.0101
61407	259	58956	1998.0101	1999.0101
53106	259	63629	1998.0101	1999.0101
47326	259	43706	1998.0101	1999.0101
44966	259	72709	1998.0101	1999.0101
78502	259	47546	1998.0101	1999.0101
50091	259	74769	1998.0101	1999.0101
49903	259	47647	1998.0101	1999.0101
73842	259	47770	1998.0101	1999.0101
56070	259	75729	1998.0101	1999.0101
49340	259	67048	1998.0101	1999.0101
71985	259	50326	1998.0101	1999.0101
79511	259	76518	1998.0101	1999.0101
66638	259	46170	1998.0101	1999.0101
46892	259	49642	1998.0101	1999.0101
47606	259	59541	1998.0101	1999.0101
66429	259	51744	1998.0101	1999.0101
49486	259	54717	1998.0101	1999.0101
59915	259	52233	1998.0101	1999.0101
65091	259	47141	1998.0101	1999.0101
47595	259	67730	1998.0101	1999.0101
54588	259	46351	1998.0101	1999.0101
75050	259	73184	1998.0101	1999.0101
81260	259	62620	1998.0101	1999.0101
58196	259	45838	1998.0101	1999.0101
60691	259	62504	1998.0101	1999.0101
59364	259	52034	1998.0101	1999.0101
77587	259	45313	1998.0101	1999.0101
75108	259	72618	1998.0101	1999.0101
68363	259	60228	1998.0101	1999.0101
48397	259	45878	1998.0101	1999.0101
79428	259	58737	1998.0101	1999.0101
59553	259	51644	1998.0101	1999.0101
49311	259	57179	1998.0101	1999.0101
63504	259	51139	1998.0101	1999.0101
85108	259	55819	1998.0101	1999.0101
56820	259	52782	1998.0101	1999.0101
50908	259	50660	1998.0101	1999.0101
74175	259	49817	1998.0101	1999.0101
53018	259	47602	1998.0101	1999.0101
80677	259	56322	1998.0101	1999.0101
61433	259	53651	1998.0101	1999.0101
46735	259	60948	1998.0101	1999.0101
53071	259	44020	1998.0101	1999.0101
51742	259	62015	1998.0101	1999.0101
45597	259	45598	1998.0101	2000.0101
48336	259	48337	1998.0101	2000.0101
52776	259	51483	1998.0101	2000.0101
58271	259	43641	1998.0101	2000.0101
51278	259	60851	1998.0101	2000.0101
56097	259	48468	1998.0101	2000.0101
50067	259	61528	1998.0101	2000.0101
61909	259	48107	1998.0101	2000.0101
61921	259	52233	1998.0101	2000.0101
65974	259	57501	1998.0101	2000.0101
66342	259	66343	1998.0101	2000.0101
63955	259	66452	1998.0101	2000.0101
67213	259	47141	1998.0101	2000.0101
51048	259	63689	1998.0101	2000.0101
68700	265	68701	1998.0101	2000.0101
56000	259	50398	1998.0101	2000.0101
59052	259	48753	1998.0101	2000.0101
71347	259	45317	1998.0101	2000.0101
52159	259	51999	1998.0101	2000.0101
70389	259	48781	1998.0101	2000.0101
64517	259	44672	1998.0101	2000.0101
56967	259	51335	1998.0101	2000.0101
74367	259	45189	1998.0101	2000.0101
58479	259	69264	1998.0101	2000.0101
75382	259	48842	1998.0101	2000.0101
47618	259	52957	1998.0101	2000.0101
75975	259	52011	1998.0101	2000.0101
53971	259	43827	1998.0101	2000.0101
65913	259	50398	1998.0101	2000.0101
75843	259	76965	1998.0101	2000.0101
73858	259	62161	1998.0101	2000.0101
77123	259	65403	1998.0101	2000.0101
55894	259	45774	1998.0101	2000.0101
67006	259	66695	1998.0101	2000.0101
67727	265	44536	1998.0101	2000.0101
78176	259	53210	1998.0101	2000.0101
79046	259	47277	1998.0101	2000.0101
68690	259	53065	1998.0101	2000.0101
53060	259	56299	1998.0101	2000.0101
47954	259	50743	1998.0101	2000.0101
56942	259	58142	1998.0101	2000.0101
46946	265	45818	1998.0101	2000.0101
68265	259	54999	1998.0101	2000.0101
66202	259	61127	1998.0101	2000.0101
70597	259	55933	1998.0101	2000.0101
73932	259	46971	1998.0101	2000.0101
77757	259	55849	1998.0101	2000.0101
46252	259	47198	1998.0101	2000.0101
50036	259	54211	1998.0101	2000.0101
81317	259	81625	1998.0101	2000.0101
64032	259	50201	1998.0101	2000.0101
82170	259	66695	1998.0101	2000.0101
60070	259	64344	1998.0101	2000.0101
71964	265	46348	1998.0101	2000.0101
56175	259	73572	1998.0101	2000.0101
58169	259	60851	1998.0101	2000.0101
60355	259	47153	1998.0101	2000.0101
71701	259	45531	1998.0101	2000.0101
55874	259	51539	1998.0101	2000.0101
64537	259	73597	1998.0101	2000.0101
77503	259	46869	1998.0101	2000.0101
47913	259	82678	1998.0101	2000.0101
61190	259	47153	1998.0101	2000.0101
55893	259	58208	1998.0101	2000.0101
54440	265	45818	1998.0101	2000.0101
53797	259	57336	1998.0101	2000.0101
50538	259	49741	1998.0101	2000.0101
67236	259	47968	1998.0101	2000.0101
70059	259	58620	1998.0101	2000.0101
45614	259	47153	1998.0101	2000.0101
72861	259	62288	1998.0101	2000.0101
61277	259	55570	1998.0101	2000.0101
70637	259	48645	1998.0101	2000.0101
68793	259	59696	1998.0101	2000.0101
55871	259	52054	1998.0101	2000.0101
58563	259	73629	1998.0101	2000.0101
57502	259	49396	1998.0101	2000.0101
78314	259	47567	1998.0101	2000.0101
54140	259	73814	1998.0101	2000.0101
44934	259	46649	1998.0101	2000.0101
45316	259	47842	1998.0101	2000.0101
55957	259	49642	1998.0101	2000.0101
48484	259	46086	1998.0101	2000.0101
64437	259	59757	1998.0101	2000.0101
46597	259	58200	1998.0101	2000.0101
69018	259	79356	1998.0101	2000.0101
76050	265	48261	1998.0101	2000.0101
66250	259	55958	1998.0101	2000.0101
49740	259	49159	1998.0101	2000.0101
57742	259	65754	1998.0101	2000.0101
68265	259	58469	1998.0101	2000.0101
64798	259	45403	1998.0101	2000.0101
48119	259	64776	1998.0101	2000.0101
47882	259	82773	1998.0101	2000.0101
69198	259	46831	1998.0101	2000.0101
61382	259	46831	1998.0101	2000.0101
79017	259	62890	1998.0101	2000.0101
63746	259	47690	1998.0101	2000.0101
48513	259	69657	1998.0101	2000.0101
84608	259	59955	1998.0101	2000.0101
77857	259	55112	1998.0101	2000.0101
58479	259	48415	1998.0101	2000.0101
57948	265	44536	1998.0101	2000.0101
44958	259	52804	1998.0101	2000.0101
49183	259	56694	1998.0101	2000.0101
53545	259	45001	1998.0101	2000.0101
75119	259	47153	1998.0101	2000.0101
63481	259	44518	1998.0101	2000.0101
52278	259	57172	1998.0101	2000.0101
52960	259	50539	1998.0101	2000.0101
66991	259	53002	1998.0101	2000.0101
75291	259	48566	1998.0101	2000.0101
72563	259	47846	1998.0101	2000.0101
66926	259	44181	1998.0101	2000.0101
68738	259	49396	1998.0101	2000.0101
61410	259	47953	1998.0101	2000.0101
63108	259	81042	1998.0101	2000.0101
71375	259	44092	1998.0101	2000.0101
78343	259	67697	1998.0101	2000.0101
56218	259	44090	1998.0101	2000.0101
68559	259	44446	1998.0101	2000.0101
62394	259	49496	1998.0101	2000.0101
77541	259	67697	1998.0101	2000.0101
68265	259	55011	1998.0101	2000.0101
66226	259	45119	1998.0101	2000.0101
46396	259	43766	1998.0101	2000.0101
75850	259	63956	1998.0101	2000.0101
72975	259	49062	1998.0101	2000.0101
53609	259	50531	1998.0101	2000.0101
47668	259	47669	1998.0101	2001.0101
49489	259	49490	1998.0101	2001.0101
50450	259	46649	1998.0101	2001.0101
50720	259	50721	1998.0101	2001.0101
51071	259	51072	1998.0101	2001.0101
52750	259	52751	1998.0101	2001.0101
53824	259	47953	1998.0101	2001.0101
56302	259	47812	1998.0101	2001.0101
58808	259	47141	1998.0101	2001.0101
44234	259	47440	1998.0101	2001.0101
63189	259	50970	1998.0101	2001.0101
64587	259	64588	1998.0101	2001.0101
71601	259	49293	1998.0101	2001.0101
74563	259	49496	1998.0101	2001.0101
60495	259	61738	1998.0101	2001.0101
65684	259	66115	1998.0101	2001.0101
71286	259	51181	1998.0101	2001.0101
73858	259	67798	1998.0101	2001.0101
60797	259	50539	1998.0101	2001.0101
62505	259	44568	1998.0101	2001.0101
70717	259	47602	1998.0101	2001.0101
74791	259	50698	1998.0101	2001.0101
59104	259	45035	1998.0101	2001.0101
65375	259	56324	1998.0101	2001.0101
77804	259	54913	1998.0101	2001.0101
63444	259	52854	1998.0101	2001.0101
69127	259	47602	1998.0101	2001.0101
67726	259	45813	1998.0101	2001.0101
51678	259	67730	1998.0101	2001.0101
52430	259	73661	1998.0101	2001.0101
75881	259	61228	1998.0101	2001.0101
53599	259	43670	1998.0101	2001.0101
70649	259	47893	1998.0101	2001.0101
68391	259	55337	1998.0101	2001.0101
52430	259	69023	1998.0101	2001.0101
57301	259	54671	1998.0101	2001.0101
60123	259	45838	1998.0101	2001.0101
47994	259	57179	1998.0101	2001.0101
61751	259	46817	1998.0101	2001.0101
52345	259	43932	1998.0101	2001.0101
51209	259	50009	1998.0101	2001.0101
83478	259	49562	1998.0101	2001.0101
51678	259	44324	1998.0101	2001.0101
51240	259	44882	1998.0101	2001.0101
63220	259	67618	1998.0101	2001.0101
44594	259	45774	1998.0101	2001.0101
66255	259	46112	1998.0101	2001.0101
63742	259	60239	1998.0101	2001.0101
55059	259	68096	1998.0101	2001.0101
66301	265	66733	1998.0101	2001.0101
54076	259	43640	1998.0101	2001.0101
53819	259	47261	1998.0101	2001.0101
53001	259	58956	1998.0101	2001.0101
81038	259	44912	1998.0101	2001.0101
61837	259	53096	1998.0101	2001.0101
51057	259	47352	1998.0101	2001.0101
44857	259	68983	1998.0101	2001.0101
65608	259	59696	1998.0101	2001.0101
73609	259	57700	1998.0101	2001.0101
78534	259	53002	1998.0101	2001.0101
69718	259	52421	1998.0101	2001.0101
52340	259	59066	1998.0101	2001.0101
47519	259	58297	1998.0101	2001.0101
71496	259	85655	1998.0101	2001.0101
73130	259	58297	1998.0101	2001.0101
54273	259	47596	1998.0101	2001.0101
60185	259	63298	1998.0101	2001.0101
63484	259	50245	1998.0101	2001.0101
75403	259	44680	1998.0101	2001.0101
43600	259	43601	1998.0101	2002.0101
45388	259	45389	1998.0101	2002.0101
53783	259	46312	1998.0101	2002.0101
50444	259	46680	1998.0101	2002.0101
63466	259	45673	1998.0101	2002.0101
76961	265	53967	1998.0101	2002.0101
70920	272	52289	1998.0101	2002.0101
51921	259	68154	1998.0101	2002.0101
76961	259	54864	1998.0101	2002.0101
67699	259	49904	1998.0101	2002.0101
69140	259	59729	1998.0101	2002.0101
46082	263	49291	1998.0101	2002.0101
79448	259	51999	1998.0101	2002.0101
45234	259	48842	1998.0101	2002.0101
54260	265	49888	1998.0101	2002.0101
61713	259	45838	1998.0101	2002.0101
65200	259	49817	1998.0101	2002.0101
69836	259	45813	1998.0101	2002.0101
76088	259	44832	1998.0101	2002.0101
76232	268	70380	1998.0101	2002.0101
72318	259	44518	1998.0101	2002.0101
70450	259	73521	1998.0101	2002.0101
83090	259	76909	1998.0101	2002.0101
77793	259	52712	1998.0101	2002.0101
52716	259	72766	1998.0101	2002.0101
80271	259	47744	1998.0101	2002.0101
52434	259	46395	1998.0101	2002.0101
84679	259	47911	1998.0101	2002.0101
49753	259	43849	1998.0101	2002.0101
79772	272	82881	1998.0101	2002.0101
66655	259	60026	1998.0101	2002.0101
54081	259	51235	1998.0101	2002.0101
51329	259	44832	1998.0101	2002.0101
75855	259	54211	1998.0101	2002.0101
65526	262	43919	1998.0101	2002.0101
47519	259	46120	1998.0101	2002.0101
80271	259	50529	1998.0101	2002.0101
71580	272	68847	1998.0101	2002.0101
64188	259	74473	1998.0101	2002.0101
50397	259	43796	1998.0101	2002.0101
47427	259	46086	1998.0101	2002.0101
46143	259	46086	1998.0101	2002.0101
71185	259	56126	1998.0101	2002.0101
56211	259	51483	1998.0101	2002.0101
72394	259	55155	1998.0101	2002.0101
82881	272	79772	1998.0101	2002.0101
64426	259	77535	1998.0101	2002.0101
54495	259	47602	1998.0101	2002.0101
79825	259	52926	1998.0101	2002.0101
79579	259	44697	1998.0101	2002.0101
82579	259	53906	1998.0101	2002.0101
77807	259	63942	1998.0101	2002.0101
51348	259	51744	1998.0101	2003.0101
64496	259	64497	1998.0101	2003.0101
45530	259	44882	1998.0101	2003.0101
68433	272	68434	1998.0101	2003.0101
69368	259	69369	1998.0101	2003.0101
68434	272	68433	1998.0101	2003.0101
49244	259	49913	1998.0101	2003.0101
56667	259	60278	1998.0101	2003.0101
45079	259	53117	1998.0101	2003.0101
65567	259	51682	1998.0101	2003.0101
65807	259	46445	1998.0101	2003.0101
48207	259	49396	1998.0101	2003.0101
68085	259	57639	1998.0101	2003.0101
67879	259	46680	1998.0101	2003.0101
43939	259	44128	1998.0101	2003.0101
59465	259	59558	1998.0101	2003.0101
59904	259	59334	1998.0101	2003.0101
80326	259	48660	1998.0101	2003.0101
52275	259	63505	1998.0101	2003.0101
51062	270	43987	1998.0101	2003.0101
60804	259	48625	1998.0101	2003.0101
64439	259	61125	1998.0101	2003.0101
83075	296	51715	1998.0101	2003.0101
63759	259	46460	1998.0101	2003.0101
70873	259	47565	1998.0101	2003.0101
55571	259	48412	1998.0101	2003.0101
56784	259	44114	1998.0101	2003.0101
49340	259	73597	1998.0101	2003.0101
80357	259	52729	1998.0101	2003.0101
62420	263	53134	1998.0101	2003.0101
54625	259	48103	1998.0101	2003.0101
52289	272	70920	1998.0101	2003.0801
49160	259	46869	1998.0101	2004.0101
50055	259	50056	1998.0101	2004.0101
52113	265	49188	1998.0101	2004.0101
56421	259	49496	1998.0101	2004.0101
53483	259	49741	1998.0101	2004.0101
63058	259	51454	1998.0101	2004.0101
52985	259	47586	1998.0101	2004.0101
61241	259	57791	1998.0101	2004.0101
71709	259	46680	1998.0101	2004.0101
56398	259	47880	1998.0101	2004.0101
74887	259	74888	1998.0101	2004.0101
76479	259	74938	1998.0101	2004.0101
44612	259	61908	1998.0101	2004.0101
74302	259	43837	1998.0101	2004.0101
48709	259	58469	1998.0101	2004.0101
55812	259	58142	1998.0101	2004.0101
46073	259	44161	1998.0101	2004.0101
78685	265	69348	1998.0101	2004.0101
51190	265	50362	1998.0101	2004.0101
56667	259	62004	1998.0101	2004.0101
82799	259	44120	1998.0101	2004.0101
83124	259	70157	1998.0101	2004.0101
52494	263	83039	1998.0101	2004.0101
44208	259	55863	1998.0101	2004.0101
56330	259	44402	1998.0101	2004.0101
63945	296	51715	1998.0101	2004.0101
55268	259	44689	1998.0101	2004.0101
79823	265	43865	1998.0101	2004.0101
70850	259	44200	1998.0101	2004.0101
55086	265	44045	1998.0101	2004.0101
51348	259	67798	1998.0101	2004.0101
63375	259	47309	1998.0101	2004.0101
85463	272	85037	1998.0101	2004.0816
85037	272	85463	1998.0101	2004.0816
52111	259	54277	1998.0101	2005.0101
54309	259	54310	1998.0101	2005.0101
67735	259	53002	1998.0101	2005.0101
55978	259	58559	1998.0101	2005.0101
61907	259	73158	1998.0101	2005.0101
44383	263	56822	1998.0101	2005.0101
65777	259	44257	1998.0101	2005.0101
67262	259	79169	1998.0101	2005.0101
64484	259	47744	1998.0101	2005.0101
45756	259	68748	1998.0101	2005.0101
51014	259	75130	1998.0101	2005.0101
51877	259	45733	1998.0101	2005.0101
73537	259	61060	1998.0101	2005.0101
45614	259	45838	1998.0101	2005.0101
76868	259	57748	1998.0101	2005.0101
65128	259	65129	1998.0101	2006.0101
64805	259	48412	1998.0101	2006.0101
73130	259	64481	1998.0101	2006.0101
73262	259	57748	1998.0101	2006.0101
75725	259	48518	1998.0101	2006.0101
72262	259	46273	1998.0101	2006.0101
64960	259	51828	1998.0101	2006.0101
55575	259	46680	1998.0101	2006.0101
54282	263	51418	1998.0101	2006.0717
60164	259	43932	1998.0101	2007.0101
58871	259	54533	1998.0101	2007.0101
64505	259	43745	1998.0101	2007.0101
63009	259	43810	1998.0101	2007.0101
54327	259	43810	1998.0101	2007.0101
44857	259	50808	1998.0101	2007.0101
83287	272	72533	1998.0101	2007.0101
73589	259	61245	1998.0101	2007.0101
73988	259	61662	1998.0101	2007.0101
46824	259	61060	1998.0101	2007.0101
50740	259	48160	1998.0101	2007.0101
72533	272	83287	1998.0101	2007.0101
59533	263	49237	1998.0101	2008.0101
63504	259	47744	1998.0101	2008.0101
67278	263	73749	1998.0101	2008.0101
70131	259	61245	1998.0101	2008.0101
60060	259	44785	1998.0101	2008.0101
63349	296	51715	1998.0101	2008.0101
49483	259	52323	1998.0101	2008.0101
55836	259	45031	1998.0101	2008.0101
57353	259	44611	1998.0101	2009.0101
58813	259	48103	1998.0101	2009.0101
46824	259	52034	1998.0101	2009.0101
55111	259	47744	1998.0101	2009.0101
57099	259	57319	1998.0101	2009.0101
55187	259	60743	1998.0101	2010.0101
64439	259	53945	1998.0101	2010.0101
63192	259	57611	1998.0101	2011.0101
45898	259	45465	1998.0101	2011.0101
64798	259	75130	1998.0101	2011.0101
79684	259	43745	1998.0101	2011.0101
62402	259	43745	1998.0101	2011.0101
76410	296	51715	1998.0101	2011.0101
54316	259	44785	1998.0101	2011.0101
52677	296	51715	1998.0101	2012.0101
74865	296	51715	1998.0101	2012.0101
49562	262	47460	1998.0101	2013.0101
68541	296	51715	1998.0101	2013.0101
48114	259	47744	1998.0101	2013.0101
72862	259	75130	1998.0101	2013.0101
50589	263	66470	1998.0101	2014.0101
68391	259	54337	1998.0101	2014.0101
53844	296	51715	1998.0101	2014.0101
77443	259	70775	1998.0101	2014.0101
50034	272	50035	1998.0101	2015.0101
68391	259	44402	1998.0101	2015.0101
73105	259	44697	1998.0101	2015.0101
64605	296	51715	1998.0101	2015.0101
50035	272	50034	1998.0101	2015.0101
63240	272	78109	1998.0101	2015.1005
78109	272	63240	1998.0101	2015.1005
66428	259	44449	1998.0101	2016.0101
45858	296	51715	1998.0101	2016.0101
56182	263	74213	1998.0101	2017.0101
79098	272	48835	1998.0101	2017.0101
48835	272	79098	1998.0101	2017.0101
63845	259	48103	1998.0101	2018.0101
74782	259	70775	1998.0101	2019.0614
55083	261	46476	1998.0116	1998.0116
70979	259	49905	1998.0119	2004.1015
52313	261	44804	1998.0126	1998.0126
72470	273	71173	1998.0126	1998.0126
51635	273	47010	1998.0126	2001.043
54805	261	57250	1998.0129	1998.0129
69238	259	44709	1998.0201	1999.0424
68784	259	43810	1998.0214	1999.1204
43809	259	43810	1998.0214	2006.0101
67038	259	43810	1998.0214	2007.1014
58602	261	43869	1998.0302	1998.0302
51858	263	53125	1998.0401	2004.0105
73133	261	44394	1998.0404	1998.0404
77454	259	47885	1998.0404	2011.1008
55734	261	57250	1998.0419	1998.0419
70364	261	58053	1998.0427	1998.0427
77630	259	43898	1998.0514	1998.0514
60267	261	46977	1998.0521	1998.0521
79114	261	49008	1998.0521	1998.0521
43667	259	46956	1998.0606	1998.0627
69678	259	43662	1998.0607	2003.1203
63082	261	85795	1998.0608	1998.0608
71963	259	44996	1998.0611	2004.0624
72872	259	53129	1998.0616	2006.0115
68847	272	71580	1998.0621	2002.0101
59141	259	48446	1998.0627	2003.112
82886	259	46956	1998.0627	2010.1119
64444	261	45566	1998.0701	1998.0701
76563	259	54934	1998.0701	2001.063
63308	259	45651	1998.0701	2004.0101
66819	259	49184	1998.0731	2000.0317
53281	261	45576	1998.0804	1998.0804
48938	261	44394	1998.0815	1998.0815
59724	261	44394	1998.0815	1998.0815
59937	261	82165	1998.0819	1998.0819
66531	261	47777	1998.0831	1998.0831
65969	261	51003	1998.0901	1998.0901
76099	259	50360	1998.092	2009.0101
51863	261	45576	1998.0923	1998.0923
48871	259	50360	1998.0925	2006.0331
49362	261	60406	1998.1001	1998.1001
62393	261	47777	1998.1023	1998.1023
45518	261	47777	1998.1023	1998.1023
55736	261	44394	1998.1023	1998.1023
51983	259	47885	1998.1114	2003.1109
48183	261	65290	1998.1116	1998.1116
63308	259	55415	1998.1201	1999.0101
66995	261	45576	1998.1209	1998.1209
45471	259	45472	1999.0101	1999.0101
45698	259	45699	1999.0101	1999.0101
46558	259	46559	1999.0101	1999.0101
46576	261	46577	1999.0101	1999.0101
46871	263	46872	1999.0101	1999.0101
46920	259	43989	1999.0101	1999.0101
47033	261	47034	1999.0101	1999.0101
47092	259	47093	1999.0101	1999.0101
47131	259	46418	1999.0101	1999.0101
47254	261	47255	1999.0101	1999.0101
47905	261	47290	1999.0101	1999.0101
48424	261	48425	1999.0101	1999.0101
48432	261	48433	1999.0101	1999.0101
47106	259	49369	1999.0101	1999.0101
50037	259	50038	1999.0101	1999.0101
50243	259	45352	1999.0101	1999.0101
44928	261	47936	1999.0101	1999.0101
51565	261	51566	1999.0101	1999.0101
52990	261	52991	1999.0101	1999.0101
49135	261	49711	1999.0101	1999.0101
53934	261	53935	1999.0101	1999.0101
54322	259	45206	1999.0101	1999.0101
52574	261	54447	1999.0101	1999.0101
54532	259	54533	1999.0101	1999.0101
54573	261	43905	1999.0101	1999.0101
54908	259	52233	1999.0101	1999.0101
54933	259	54934	1999.0101	1999.0101
56193	261	44059	1999.0101	1999.0101
56277	261	56278	1999.0101	1999.0101
57239	261	57240	1999.0101	1999.0101
57222	259	44801	1999.0101	1999.0101
44786	261	45115	1999.0101	1999.0101
57845	259	45099	1999.0101	1999.0101
58335	259	43796	1999.0101	1999.0101
58786	261	58787	1999.0101	1999.0101
53759	261	59442	1999.0101	1999.0101
60525	261	45847	1999.0101	1999.0101
60853	261	48419	1999.0101	1999.0101
60872	261	43626	1999.0101	1999.0101
61410	259	50382	1999.0101	1999.0101
45065	261	60321	1999.0101	1999.0101
61792	259	45731	1999.0101	1999.0101
61972	259	61516	1999.0101	1999.0101
62496	259	43991	1999.0101	1999.0101
62603	259	62604	1999.0101	1999.0101
63402	261	49429	1999.0101	1999.0101
63443	259	46930	1999.0101	1999.0101
49715	259	63473	1999.0101	1999.0101
52365	259	53061	1999.0101	1999.0101
64263	261	44326	1999.0101	1999.0101
50938	259	46198	1999.0101	1999.0101
45599	261	44055	1999.0101	1999.0101
54818	259	65499	1999.0101	1999.0101
65807	259	52093	1999.0101	1999.0101
65856	261	64239	1999.0101	1999.0101
61494	261	65884	1999.0101	1999.0101
65930	259	49394	1999.0101	1999.0101
66226	259	44680	1999.0101	1999.0101
44134	261	45115	1999.0101	1999.0101
67045	261	49884	1999.0101	1999.0101
48705	261	47338	1999.0101	1999.0101
67304	261	55466	1999.0101	1999.0101
47311	261	45430	1999.0101	1999.0101
54818	259	44018	1999.0101	1999.0101
68262	259	46366	1999.0101	1999.0101
68684	261	68685	1999.0101	1999.0101
68722	259	68723	1999.0101	1999.0101
50860	259	68976	1999.0101	1999.0101
43608	261	47988	1999.0101	1999.0101
62420	259	43898	1999.0101	1999.0101
67055	261	48614	1999.0101	1999.0101
55920	261	47290	1999.0101	1999.0101
71279	259	43898	1999.0101	1999.0101
71377	261	45115	1999.0101	1999.0101
48126	261	71477	1999.0101	1999.0101
62962	261	48095	1999.0101	1999.0101
68544	265	44947	1999.0101	1999.0101
48106	259	70639	1999.0101	1999.0101
46182	265	48744	1999.0101	1999.0101
44493	261	71989	1999.0101	1999.0101
52012	259	43884	1999.0101	1999.0101
46569	261	46326	1999.0101	1999.0101
65091	259	45228	1999.0101	1999.0101
72136	261	72137	1999.0101	1999.0101
53100	259	43628	1999.0101	1999.0101
66182	265	64238	1999.0101	1999.0101
52750	261	66579	1999.0101	1999.0101
49115	261	64938	1999.0101	1999.0101
51197	261	45681	1999.0101	1999.0101
48663	265	47495	1999.0101	1999.0101
67943	261	46848	1999.0101	1999.0101
72798	259	57179	1999.0101	1999.0101
73687	261	44326	1999.0101	1999.0101
47136	259	63510	1999.0101	1999.0101
74167	259	53065	1999.0101	1999.0101
74199	261	45115	1999.0101	1999.0101
74205	259	72909	1999.0101	1999.0101
67138	261	74284	1999.0101	1999.0101
59278	261	74738	1999.0101	1999.0101
74928	261	44326	1999.0101	1999.0101
72021	259	75156	1999.0101	1999.0101
58527	265	44738	1999.0101	1999.0101
71716	259	75687	1999.0101	1999.0101
69499	259	47812	1999.0101	1999.0101
58848	261	45115	1999.0101	1999.0101
63058	259	55337	1999.0101	1999.0101
62884	259	50539	1999.0101	1999.0101
73642	259	60489	1999.0101	1999.0101
67699	259	51644	1999.0101	1999.0101
60936	261	46655	1999.0101	1999.0101
64587	259	58451	1999.0101	1999.0101
64784	265	43859	1999.0101	1999.0101
48912	261	44016	1999.0101	1999.0101
60394	259	57791	1999.0101	1999.0101
70364	261	45959	1999.0101	1999.0101
67147	259	47514	1999.0101	1999.0101
73860	259	48107	1999.0101	1999.0101
76683	259	65061	1999.0101	1999.0101
45802	263	72527	1999.0101	1999.0101
60865	265	57209	1999.0101	1999.0101
62714	261	62508	1999.0101	1999.0101
71317	261	55311	1999.0101	1999.0101
57649	261	77722	1999.0101	1999.0101
45202	261	62671	1999.0101	1999.0101
45822	259	44471	1999.0101	1999.0101
72670	261	56849	1999.0101	1999.0101
68208	259	51256	1999.0101	1999.0101
57679	261	55375	1999.0101	1999.0101
56000	259	58451	1999.0101	1999.0101
78581	259	59633	1999.0101	1999.0101
56857	261	76707	1999.0101	1999.0101
78703	265	78704	1999.0101	1999.0101
63437	259	50398	1999.0101	1999.0101
63060	261	67809	1999.0101	1999.0101
77648	259	43898	1999.0101	1999.0101
78995	261	58093	1999.0101	1999.0101
48911	259	52508	1999.0101	1999.0101
62247	261	48095	1999.0101	1999.0101
60149	261	63458	1999.0101	1999.0101
62800	259	64943	1999.0101	1999.0101
80050	259	53183	1999.0101	1999.0101
49851	261	76655	1999.0101	1999.0101
57205	259	47113	1999.0101	1999.0101
78892	261	45581	1999.0101	1999.0101
70011	259	56221	1999.0101	1999.0101
79534	259	64930	1999.0101	1999.0101
67159	259	44709	1999.0101	1999.0101
80450	261	66030	1999.0101	1999.0101
73258	259	49642	1999.0101	1999.0101
47215	261	65642	1999.0101	1999.0101
60751	259	63961	1999.0101	1999.0101
52340	259	68470	1999.0101	1999.0101
70649	259	43730	1999.0101	1999.0101
60506	259	43898	1999.0101	1999.0101
51415	261	81321	1999.0101	1999.0101
74913	261	47777	1999.0101	1999.0101
62674	259	75904	1999.0101	1999.0101
81561	261	81562	1999.0101	1999.0101
44999	261	43981	1999.0101	1999.0101
75352	259	68152	1999.0101	1999.0101
52523	259	44801	1999.0101	1999.0101
81726	259	53065	1999.0101	1999.0101
45092	259	63510	1999.0101	1999.0101
61766	259	65140	1999.0101	1999.0101
66907	259	59359	1999.0101	1999.0101
50658	261	46820	1999.0101	1999.0101
60541	261	72820	1999.0101	1999.0101
50892	261	50841	1999.0101	1999.0101
60362	261	82127	1999.0101	1999.0101
70951	261	62508	1999.0101	1999.0101
48604	259	67498	1999.0101	1999.0101
54247	261	50183	1999.0101	1999.0101
64032	259	44047	1999.0101	1999.0101
78581	259	54614	1999.0101	1999.0101
80918	259	53024	1999.0101	1999.0101
58583	259	53398	1999.0101	1999.0101
79036	261	50569	1999.0101	1999.0101
82867	261	45786	1999.0101	1999.0101
57633	261	82165	1999.0101	1999.0101
61155	259	59359	1999.0101	1999.0101
50164	261	49670	1999.0101	1999.0101
82359	261	44326	1999.0101	1999.0101
82827	261	48461	1999.0101	1999.0101
70364	261	69321	1999.0101	1999.0101
61972	259	56297	1999.0101	1999.0101
75725	259	54011	1999.0101	1999.0101
47847	261	67400	1999.0101	1999.0101
52803	259	50357	1999.0101	1999.0101
52617	259	61966	1999.0101	1999.0101
76410	261	55505	1999.0101	1999.0101
81221	259	49105	1999.0101	1999.0101
69371	261	77152	1999.0101	1999.0101
69910	261	48829	1999.0101	1999.0101
49724	261	47338	1999.0101	1999.0101
47675	259	44709	1999.0101	1999.0101
64415	261	44834	1999.0101	1999.0101
66925	261	50129	1999.0101	1999.0101
65821	259	59400	1999.0101	1999.0101
72107	261	79537	1999.0101	1999.0101
63628	259	49399	1999.0101	1999.0101
58664	259	60278	1999.0101	1999.0101
83228	263	44260	1999.0101	1999.0101
65930	259	59809	1999.0101	1999.0101
53016	277	83812	1999.0101	1999.0101
71947	259	43898	1999.0101	1999.0101
62674	259	48611	1999.0101	1999.0101
49318	261	59982	1999.0101	1999.0101
59010	261	46491	1999.0101	1999.0101
43610	261	44732	1999.0101	1999.0101
73434	261	53153	1999.0101	1999.0101
59826	261	44326	1999.0101	1999.0101
55569	259	53004	1999.0101	1999.0101
47967	259	83232	1999.0101	1999.0101
47033	261	60663	1999.0101	1999.0101
50065	259	43898	1999.0101	1999.0101
45575	261	43630	1999.0101	1999.0101
54513	261	67353	1999.0101	1999.0101
49502	259	54759	1999.0101	1999.0101
50716	261	47338	1999.0101	1999.0101
79545	261	45929	1999.0101	1999.0101
53444	261	51096	1999.0101	1999.0101
46979	259	47113	1999.0101	1999.0101
50860	259	58386	1999.0101	1999.0101
52892	261	47179	1999.0101	1999.0101
43740	261	44059	1999.0101	1999.0101
58722	261	50437	1999.0101	1999.0101
47967	259	45753	1999.0101	1999.0101
50938	259	47846	1999.0101	1999.0101
64775	259	69139	1999.0101	1999.0101
67530	259	56537	1999.0101	1999.0101
46016	261	54459	1999.0101	1999.0101
52234	259	63899	1999.0101	1999.0101
70215	261	55294	1999.0101	1999.0101
60904	261	55719	1999.0101	1999.0101
63007	259	51213	1999.0101	1999.0101
51415	261	47080	1999.0101	1999.0101
67008	261	50112	1999.0101	1999.0101
44353	259	50398	1999.0101	1999.0101
73457	259	47594	1999.0101	1999.0101
58491	261	83410	1999.0101	1999.0101
62602	259	44307	1999.0101	1999.0101
60275	259	70961	1999.0101	1999.0101
53733	259	57814	1999.0101	1999.0101
65205	261	55375	1999.0101	1999.0101
69776	259	63855	1999.0101	1999.0101
57612	259	47860	1999.0101	1999.0101
46766	261	44394	1999.0101	1999.0101
64155	261	55294	1999.0101	1999.0101
54908	259	59359	1999.0101	1999.0101
45500	261	52759	1999.0101	1999.0101
44728	259	57566	1999.0101	1999.0101
59284	261	45959	1999.0101	1999.0101
64252	259	58459	1999.0101	1999.0101
54969	261	67972	1999.0101	1999.0101
55265	261	43626	1999.0101	1999.0101
76493	259	66336	1999.0101	1999.0101
48517	259	49477	1999.0101	1999.0101
50661	261	54567	1999.0101	1999.0101
66126	261	51938	1999.0101	1999.0101
55163	261	45959	1999.0101	1999.0101
57949	259	73854	1999.0101	1999.0101
71716	259	46053	1999.0101	1999.0101
53169	259	51296	1999.0101	1999.0101
59346	259	44305	1999.0101	1999.0101
48377	261	45115	1999.0101	1999.0101
83247	259	43968	1999.0101	1999.0101
65807	259	49686	1999.0101	1999.0101
74811	261	55610	1999.0101	1999.0101
57225	259	58306	1999.0101	1999.0101
84975	265	43804	1999.0101	1999.0101
57490	261	77612	1999.0101	1999.0101
55299	261	44059	1999.0101	1999.0101
54140	259	62643	1999.0101	1999.0101
60904	261	44981	1999.0101	1999.0101
84536	259	65191	1999.0101	1999.0101
46819	261	50838	1999.0101	1999.0101
57205	259	50242	1999.0101	1999.0101
59236	259	52233	1999.0101	1999.0101
61768	261	47508	1999.0101	1999.0101
68391	259	44709	1999.0101	1999.0101
85167	259	73149	1999.0101	1999.0101
57141	259	73149	1999.0101	1999.0101
55737	259	43640	1999.0101	1999.0101
54592	261	43957	1999.0101	1999.0101
55667	261	49248	1999.0101	1999.0101
58516	261	85176	1999.0101	1999.0101
79736	259	76777	1999.0101	1999.0101
57615	261	59573	1999.0101	1999.0101
78702	259	68676	1999.0101	1999.0101
50463	261	65891	1999.0101	1999.0101
53044	259	68152	1999.0101	1999.0101
72859	259	75693	1999.0101	1999.0101
68646	300	53153	1999.0101	1999.0101
61175	259	43940	1999.0101	1999.0101
63220	259	49686	1999.0101	1999.0101
53488	261	48572	1999.0101	1999.0101
69163	261	45659	1999.0101	1999.0101
82180	259	70722	1999.0101	1999.0101
75989	261	47777	1999.0101	1999.0101
60973	261	50096	1999.0101	1999.0101
84095	261	62813	1999.0101	1999.0101
47727	261	51871	1999.0101	1999.0101
54664	261	54976	1999.0101	1999.0101
55454	259	47914	1999.0101	1999.0101
68925	261	56780	1999.0101	1999.0101
76044	261	44923	1999.0101	1999.0101
56960	261	52080	1999.0101	1999.0101
62402	259	61125	1999.0101	1999.0101
58779	261	85331	1999.0101	1999.0101
51602	265	73168	1999.0101	1999.0101
66532	261	45115	1999.0101	1999.0101
45806	261	45115	1999.0101	1999.0101
56690	259	69819	1999.0101	1999.0101
61643	261	45115	1999.0101	1999.0101
60644	261	85386	1999.0101	1999.0101
74085	259	65191	1999.0101	1999.0101
63487	261	85391	1999.0101	1999.0101
58458	259	64146	1999.0101	1999.0101
52985	261	58053	1999.0101	1999.0101
58340	259	79149	1999.0101	1999.0101
72974	261	44601	1999.0101	1999.0101
53473	259	55312	1999.0101	1999.0101
57132	259	50927	1999.0101	1999.0101
65714	259	48071	1999.0101	1999.0101
78048	261	45681	1999.0101	1999.0101
56440	261	43981	1999.0101	1999.0101
58773	261	53109	1999.0101	1999.0101
68208	259	57613	1999.0101	1999.0101
83924	261	53814	1999.0101	1999.0101
65882	261	43981	1999.0101	1999.0101
63610	261	43981	1999.0101	1999.0101
62614	261	45959	1999.0101	1999.0101
61053	259	43898	1999.0101	1999.0101
48028	261	47936	1999.0101	1999.0101
80078	259	50201	1999.0101	1999.0101
74022	261	80086	1999.0101	1999.0101
53314	261	53787	1999.0101	1999.0101
47112	259	52539	1999.0101	1999.0101
66567	259	50357	1999.0101	1999.0101
82586	261	79910	1999.0101	1999.0101
62420	261	60663	1999.0101	1999.0101
61361	261	44394	1999.0101	1999.0101
47773	261	53266	1999.0101	1999.0101
45480	259	53878	1999.0101	1999.0101
62132	261	53266	1999.0101	1999.0101
80299	259	47600	1999.0101	1999.0101
81406	259	78298	1999.0101	1999.0101
53071	259	73153	1999.0101	1999.0101
79683	261	58645	1999.0101	1999.0101
62469	261	85548	1999.0101	1999.0101
48956	261	53266	1999.0101	1999.0101
70484	259	44921	1999.0101	1999.0101
46215	261	56529	1999.0101	1999.0101
73523	261	74585	1999.0101	1999.0101
54122	261	53848	1999.0101	1999.0101
64155	261	60937	1999.0101	1999.0101
51398	259	48241	1999.0101	1999.0101
57715	261	58984	1999.0101	1999.0101
54959	261	49649	1999.0101	1999.0101
43925	259	44662	1999.0101	1999.0101
49492	261	59526	1999.0101	1999.0101
63391	261	50129	1999.0101	1999.0101
60394	259	78747	1999.0101	1999.0101
65256	261	62508	1999.0101	1999.0101
62767	261	64733	1999.0101	1999.0101
52303	261	49670	1999.0101	1999.0101
64871	261	49670	1999.0101	1999.0101
49914	259	67498	1999.0101	1999.0101
71642	261	80608	1999.0101	1999.0101
52092	259	53414	1999.0101	1999.0101
71250	261	43999	1999.0101	1999.0101
49311	259	82270	1999.0101	1999.0101
73258	259	45099	1999.0101	1999.0101
57222	259	46238	1999.0101	1999.0101
64482	261	71566	1999.0101	1999.0101
62614	261	51373	1999.0101	1999.0101
79483	259	50412	1999.0101	1999.0101
61227	259	67336	1999.0101	1999.0101
51143	261	85675	1999.0101	1999.0101
66448	261	43971	1999.0101	1999.0101
73805	259	85031	1999.0101	1999.0101
53673	259	72572	1999.0101	1999.0101
52595	265	48744	1999.0101	1999.0101
56879	259	50512	1999.0101	1999.0101
77981	261	50965	1999.0101	1999.0101
51242	261	46561	1999.0101	1999.0101
84650	265	54418	1999.0101	1999.0101
79685	261	51566	1999.0101	1999.0101
59249	259	66115	1999.0101	1999.0101
52025	261	48396	1999.0101	1999.0101
77251	259	66911	1999.0101	1999.0101
85056	265	59196	1999.0101	1999.0101
51863	261	44428	1999.0101	1999.0101
75254	261	56270	1999.0101	1999.0101
64502	300	85768	1999.0101	1999.0101
64505	259	47602	1999.0101	1999.0101
81171	261	68957	1999.0101	1999.0101
79545	261	49917	1999.0101	1999.0101
47857	261	45566	1999.0101	1999.0101
60405	261	72843	1999.0101	1999.0101
81068	261	50170	1999.0101	1999.0101
70884	261	85803	1999.0101	1999.0101
62648	259	51210	1999.0101	1999.0101
69473	261	77612	1999.0101	1999.0101
71299	259	52637	1999.0101	1999.0101
77327	261	75958	1999.0101	1999.0101
73668	261	49118	1999.0101	1999.0101
65921	261	44295	1999.0101	1999.0101
74597	259	69937	1999.0101	1999.0101
70186	259	73572	1999.0101	1999.0101
44771	259	44772	1999.0101	2000.0101
45400	259	46387	1999.0101	2000.0101
47318	259	47319	1999.0101	2000.0101
47374	259	45651	1999.0101	2000.0101
48510	259	48511	1999.0101	2000.0101
49520	259	48947	1999.0101	2000.0101
49833	259	49834	1999.0101	2000.0101
52345	259	52346	1999.0101	2000.0101
52858	259	52859	1999.0101	2000.0101
53502	259	44018	1999.0101	2000.0101
56784	259	48738	1999.0101	2000.0101
57822	259	53050	1999.0101	2000.0101
59126	259	52283	1999.0101	2000.0101
59219	265	59220	1999.0101	2000.0101
59848	259	53688	1999.0101	2000.0101
54147	259	51999	1999.0101	2000.0101
60123	259	49230	1999.0101	2000.0101
62934	259	50741	1999.0101	2000.0101
56106	259	52920	1999.0101	2000.0101
63762	259	56705	1999.0101	2000.0101
53835	259	43603	1999.0101	2000.0101
64140	259	44662	1999.0101	2000.0101
51822	259	46698	1999.0101	2000.0101
57362	259	44018	1999.0101	2000.0101
48791	259	54728	1999.0101	2000.0101
64694	259	57338	1999.0101	2000.0101
64825	259	64826	1999.0101	2000.0101
65215	265	65216	1999.0101	2000.0101
48491	259	64820	1999.0101	2000.0101
48604	259	59334	1999.0101	2000.0101
52012	259	53050	1999.0101	2000.0101
66907	259	48381	1999.0101	2000.0101
66975	259	59962	1999.0101	2000.0101
67050	259	48625	1999.0101	2000.0101
61040	259	59546	1999.0101	2000.0101
68092	259	68093	1999.0101	2000.0101
68738	259	48667	1999.0101	2000.0101
50243	259	45189	1999.0101	2000.0101
55520	259	45651	1999.0101	2000.0101
60876	259	60638	1999.0101	2000.0101
68690	259	48064	1999.0101	2000.0101
69256	263	54485	1999.0101	2000.0101
60147	259	59888	1999.0101	2000.0101
47761	259	47017	1999.0101	2000.0101
52616	259	45593	1999.0101	2000.0101
63102	259	50256	1999.0101	2000.0101
59441	259	52637	1999.0101	2000.0101
72042	259	47306	1999.0101	2000.0101
65084	259	57260	1999.0101	2000.0101
57769	259	49642	1999.0101	2000.0101
49486	259	63983	1999.0101	2000.0101
69534	259	68096	1999.0101	2000.0101
73105	259	50679	1999.0101	2000.0101
61331	259	44414	1999.0101	2000.0101
46920	259	64481	1999.0101	2000.0101
59082	259	47846	1999.0101	2000.0101
58835	259	70200	1999.0101	2000.0101
51484	259	71677	1999.0101	2000.0101
54838	259	57700	1999.0101	2000.0101
66109	259	44446	1999.0101	2000.0101
63628	259	44305	1999.0101	2000.0101
69842	259	47032	1999.0101	2000.0101
47276	259	65526	1999.0101	2000.0101
62806	259	56463	1999.0101	2000.0101
56070	259	67048	1999.0101	2000.0101
60848	259	65762	1999.0101	2000.0101
49914	259	51433	1999.0101	2000.0101
75725	259	46817	1999.0101	2000.0101
55101	259	50151	1999.0101	2000.0101
54597	259	50078	1999.0101	2000.0101
60123	259	47514	1999.0101	2000.0101
48841	259	56379	1999.0101	2000.0101
52616	259	52914	1999.0101	2000.0101
49280	259	57336	1999.0101	2000.0101
64194	259	59637	1999.0101	2000.0101
75381	259	45139	1999.0101	2000.0101
66638	259	44631	1999.0101	2000.0101
73627	259	75688	1999.0101	2000.0101
65506	259	60871	1999.0101	2000.0101
68460	259	54941	1999.0101	2000.0101
49102	259	44406	1999.0101	2000.0101
52164	259	57143	1999.0101	2000.0101
73776	259	79149	1999.0101	2000.0101
75697	272	56504	1999.0101	2000.0101
54588	259	54339	1999.0101	2000.0101
73336	259	80740	1999.0101	2000.0101
74153	259	48499	1999.0101	2000.0101
56592	259	47397	1999.0101	2000.0101
78290	259	44775	1999.0101	2000.0101
62724	259	44487	1999.0101	2000.0101
63543	259	50679	1999.0101	2000.0101
57946	259	48337	1999.0101	2000.0101
79579	259	45796	1999.0101	2000.0101
72322	259	52751	1999.0101	2000.0101
47606	259	47319	1999.0101	2000.0101
66557	265	57291	1999.0101	2000.0101
57769	259	51794	1999.0101	2000.0101
55419	259	64331	1999.0101	2000.0101
51413	259	53996	1999.0101	2000.0101
61175	259	45745	1999.0101	2000.0101
55161	259	45294	1999.0101	2000.0101
80297	259	63983	1999.0101	2000.0101
50920	259	56615	1999.0101	2000.0101
60164	259	47088	1999.0101	2000.0101
71244	259	57711	1999.0101	2000.0101
74569	259	81233	1999.0101	2000.0101
67460	259	46091	1999.0101	2000.0101
77552	259	56177	1999.0101	2000.0101
54933	259	74787	1999.0101	2000.0101
51356	259	67498	1999.0101	2000.0101
60318	259	54852	1999.0101	2000.0101
53184	259	65089	1999.0101	2000.0101
67147	259	72193	1999.0101	2000.0101
53268	259	58851	1999.0101	2000.0101
72786	259	84139	1999.0101	2000.0101
57845	259	71174	1999.0101	2000.0101
79511	259	73783	1999.0101	2000.0101
64342	259	47141	1999.0101	2000.0101
46092	265	62558	1999.0101	2000.0101
57301	259	50531	1999.0101	2000.0101
60906	259	79356	1999.0101	2000.0101
69016	259	44855	1999.0101	2000.0101
52092	259	57639	1999.0101	2000.0101
80145	259	51743	1999.0101	2000.0101
53310	259	52260	1999.0101	2000.0101
80225	259	59221	1999.0101	2000.0101
73495	259	48909	1999.0101	2000.0101
75050	259	67075	1999.0101	2000.0101
61407	259	62778	1999.0101	2000.0101
70187	259	48947	1999.0101	2000.0101
45873	259	49209	1999.0101	2000.0101
72997	259	44307	1999.0101	2000.0101
53971	259	48337	1999.0101	2000.0101
66202	259	50041	1999.0101	2000.0101
63838	259	64776	1999.0101	2000.0101
68300	259	62552	1999.0101	2000.0101
50008	259	78747	1999.0101	2000.0101
68316	259	52655	1999.0101	2000.0101
67159	259	50698	1999.0101	2000.0101
73755	259	73561	1999.0101	2000.0101
48752	259	45165	1999.0101	2000.0101
45632	259	49281	1999.0101	2000.0101
63719	259	82773	1999.0101	2000.0101
50091	259	83037	1999.0101	2000.0101
59915	259	45481	1999.0101	2000.0101
58468	259	63133	1999.0101	2000.0101
74730	259	57338	1999.0101	2000.0101
62019	259	55436	1999.0101	2000.0101
45499	259	52260	1999.0101	2000.0101
57813	259	52859	1999.0101	2000.0101
83347	259	49642	1999.0101	2000.0101
62603	259	61908	1999.0101	2000.0101
79372	259	47378	1999.0101	2000.0101
48246	259	55135	1999.0101	2000.0101
54896	259	43796	1999.0101	2000.0101
48245	259	51698	1999.0101	2000.0101
49227	259	44402	1999.0101	2000.0101
67746	259	67532	1999.0101	2000.0101
44992	259	48511	1999.0101	2000.0101
46055	259	56560	1999.0101	2000.0101
53985	259	46351	1999.0101	2000.0101
58335	259	46460	1999.0101	2000.0101
68253	259	59962	1999.0101	2000.0101
47326	259	44257	1999.0101	2000.0101
73903	259	48518	1999.0101	2000.0101
45837	259	50539	1999.0101	2000.0101
44353	259	60575	1999.0101	2000.0101
44857	259	70695	1999.0101	2000.0101
47488	259	47846	1999.0101	2000.0101
49740	259	44146	1999.0101	2000.0101
63034	259	44897	1999.0101	2000.0101
64922	259	50386	1999.0101	2000.0101
48683	259	49361	1999.0101	2000.0101
64521	259	49396	1999.0101	2000.0101
59602	259	71174	1999.0101	2000.0101
52073	272	85638	1999.0101	2000.0101
56879	259	50144	1999.0101	2000.0101
55448	259	47929	1999.0101	2000.0101
52865	259	82678	1999.0101	2000.0101
46675	259	57143	1999.0101	2000.0101
47528	259	72572	1999.0101	2000.0101
75175	259	56615	1999.0101	2000.0101
52960	259	49496	1999.0101	2000.0101
74405	259	52782	1999.0101	2000.0101
80511	259	62770	1999.0101	2000.0101
43925	259	49900	1999.0101	2000.0101
54916	259	45729	1999.0101	2000.0101
78807	259	45753	1999.0101	2000.0101
48830	259	44801	1999.0101	2000.0101
67159	259	55337	1999.0101	2000.0101
75171	259	74162	1999.0101	2000.0101
53736	259	48103	1999.0101	2000.0101
72096	259	53584	1999.0101	2000.0101
54053	259	70734	1999.0101	2000.0101
75738	259	47309	1999.0101	2000.0101
85638	272	52073	1999.0101	2000.0101
76334	259	62015	1999.0101	2000.0101
50727	259	69158	1999.0101	2000.0101
49855	259	49672	1999.0101	2001.0101
50650	259	47669	1999.0101	2001.0101
49694	259	44446	1999.0101	2001.0101
50280	259	49159	1999.0101	2001.0101
48098	259	57078	1999.0101	2001.0101
57271	259	57272	1999.0101	2001.0101
60466	265	44536	1999.0101	2001.0101
60596	265	60597	1999.0101	2001.0101
61219	259	52751	1999.0101	2001.0101
57673	259	53688	1999.0101	2001.0101
44854	259	51335	1999.0101	2001.0101
50742	259	51489	1999.0101	2001.0101
64487	259	46170	1999.0101	2001.0101
48414	259	67730	1999.0101	2001.0101
67943	259	46198	1999.0101	2001.0101
64716	259	46254	1999.0101	2001.0101
68867	259	48160	1999.0101	2001.0101
44708	259	59888	1999.0101	2001.0101
64976	259	69874	1999.0101	2001.0101
50820	259	44414	1999.0101	2001.0101
70822	259	64473	1999.0101	2001.0101
64502	263	54620	1999.0101	2001.0101
71249	259	49477	1999.0101	2001.0101
72571	259	72572	1999.0101	2001.0101
48118	259	63505	1999.0101	2001.0101
75532	259	44333	1999.0101	2001.0101
70186	259	58200	1999.0101	2001.0101
68732	259	49343	1999.0101	2001.0101
61190	259	45481	1999.0101	2001.0101
52727	259	63660	1999.0101	2001.0101
50532	259	65526	1999.0101	2001.0101
71585	259	67531	1999.0101	2001.0101
78639	259	45228	1999.0101	2001.0101
55073	259	54433	1999.0101	2001.0101
79144	259	63819	1999.0101	2001.0101
58034	259	46599	1999.0101	2001.0101
63489	259	44821	1999.0101	2001.0101
54527	259	47690	1999.0101	2001.0101
57971	259	57412	1999.0101	2001.0101
59035	259	60924	1999.0101	2001.0101
60610	259	63319	1999.0101	2001.0101
53734	259	54433	1999.0101	2001.0101
61766	259	58219	1999.0101	2001.0101
65465	259	44446	1999.0101	2001.0101
80677	259	68613	1999.0101	2001.0101
58196	259	53965	1999.0101	2001.0101
65777	259	50885	1999.0101	2001.0101
49311	259	50876	1999.0101	2001.0101
57119	259	48738	1999.0101	2001.0101
73406	259	46896	1999.0101	2001.0101
48760	259	59823	1999.0101	2001.0101
55737	259	45718	1999.0101	2001.0101
49480	259	51744	1999.0101	2001.0101
66989	259	44551	1999.0101	2001.0101
50742	259	63689	1999.0101	2001.0101
44563	259	51141	1999.0101	2001.0101
76323	259	76777	1999.0101	2001.0101
71698	259	47893	1999.0101	2001.0101
47528	259	50256	1999.0101	2001.0101
59563	259	68809	1999.0101	2001.0101
69403	259	50242	1999.0101	2001.0101
47176	259	65762	1999.0101	2001.0101
59608	259	44801	1999.0101	2001.0101
54559	259	54461	1999.0101	2001.0101
64819	259	44564	1999.0101	2001.0101
47675	259	55337	1999.0101	2001.0101
46953	259	60069	1999.0101	2001.0101
76190	259	59098	1999.0101	2001.0101
58471	259	47440	1999.0101	2001.0101
63831	259	56177	1999.0101	2001.0101
45448	259	55771	1999.0101	2001.0101
77170	259	45851	1999.0101	2001.0101
50570	259	45439	1999.0101	2001.0101
75624	259	44641	1999.0101	2001.0101
60238	259	59931	1999.0101	2001.0101
49102	259	49159	1999.0101	2001.0101
75636	259	47643	1999.0101	2001.0101
52791	259	45745	1999.0101	2001.0101
56311	259	55144	1999.0101	2001.0101
83989	259	66338	1999.0101	2001.0101
50570	259	77628	1999.0101	2001.0101
75108	259	63133	1999.0101	2001.0101
50597	259	44324	1999.0101	2001.0101
52295	259	61404	1999.0101	2001.0101
77570	259	49293	1999.0101	2001.0101
80899	259	57189	1999.0101	2001.0101
83247	259	53243	1999.0101	2001.0101
64991	259	46198	1999.0101	2001.0101
62747	259	55112	1999.0101	2001.0101
47176	259	85407	1999.0101	2001.0101
62674	259	47327	1999.0101	2001.0101
46692	263	85444	1999.0101	2001.0101
72542	265	69231	1999.0101	2001.0101
69291	259	46144	1999.0101	2001.0101
57225	259	50861	1999.0101	2001.0101
57597	259	51072	1999.0101	2001.0101
78549	259	45319	1999.0101	2001.0101
64934	259	85118	1999.0101	2001.0101
62793	259	60645	1999.0101	2001.0101
45586	259	82270	1999.0101	2001.0101
68513	263	52924	1999.0101	2001.0101
58771	265	46660	1999.0101	2001.0101
48754	259	52969	1999.0101	2001.0101
52761	263	58632	1999.0101	2001.0101
45265	259	77535	1999.0101	2001.0101
67107	259	67697	1999.0101	2001.0101
59820	259	66157	1999.0101	2001.0101
53337	259	45228	1999.0101	2001.0101
46689	259	44165	1999.0101	2002.0101
53163	259	58385	1999.0101	2002.0101
48199	259	43796	1999.0101	2002.0101
64823	259	54464	1999.0101	2002.0101
63233	259	47261	1999.0101	2002.0101
66789	259	66790	1999.0101	2002.0101
53071	259	53096	1999.0101	2002.0101
52111	259	60278	1999.0101	2002.0101
66429	259	55819	1999.0101	2002.0101
53820	259	49355	1999.0101	2002.0101
58682	259	47927	1999.0101	2002.0101
46605	259	43989	1999.0101	2002.0101
58995	259	53963	1999.0101	2002.0101
49028	259	46869	1999.0101	2002.0101
63437	259	54306	1999.0101	2002.0101
63628	259	47141	1999.0101	2002.0101
78502	259	53579	1999.0101	2002.0101
52164	259	49124	1999.0101	2002.0101
73711	259	59177	1999.0101	2002.0101
63579	259	62950	1999.0101	2002.0101
59915	259	47153	1999.0101	2002.0101
48927	259	54012	1999.0101	2002.0101
73457	259	48173	1999.0101	2002.0101
52925	259	51619	1999.0101	2002.0101
50067	259	44333	1999.0101	2002.0101
77224	259	44672	1999.0101	2002.0101
81960	259	81961	1999.0101	2002.0101
59313	259	48350	1999.0101	2002.0101
80201	259	50349	1999.0101	2002.0101
57132	259	44933	1999.0101	2002.0101
73698	259	44620	1999.0101	2002.0101
54091	259	48979	1999.0101	2002.0101
81726	259	48747	1999.0101	2002.0101
82876	259	45878	1999.0101	2002.0101
84179	259	45878	1999.0101	2002.0101
65645	259	75688	1999.0101	2002.0101
63884	259	48468	1999.0101	2002.0101
57911	259	44333	1999.0101	2002.0101
63202	259	57393	1999.0101	2002.0101
48791	259	47643	1999.0101	2002.0101
64317	259	46673	1999.0101	2002.0101
67852	259	46395	1999.0101	2002.0101
64651	259	66697	1999.0101	2002.0101
80692	259	72766	1999.0101	2002.0101
68213	296	51715	1999.0101	2002.0101
75291	259	46074	1999.0101	2002.0101
57951	259	62205	1999.0101	2002.0101
63345	259	50256	1999.0101	2002.0101
71985	259	58142	1999.0101	2002.0101
80050	259	46273	1999.0101	2002.0101
64783	259	46673	1999.0101	2002.0101
80497	259	57748	1999.0101	2002.0101
73390	259	64331	1999.0101	2002.0101
57645	259	45878	1999.0101	2002.0101
70633	259	51644	1999.0101	2002.0101
66173	259	55359	1999.0101	2002.0101
64096	259	50890	1999.0101	2002.0101
67384	259	44092	1999.0101	2002.0101
58392	259	59551	1999.0101	2002.0101
52529	259	44983	1999.0101	2002.0101
44401	259	62015	1999.0101	2002.0101
72032	259	51249	1999.0101	2002.0101
43725	259	50245	1999.0101	2002.0101
48249	259	48250	1999.0101	2003.0101
51083	272	43996	1999.0101	2003.0101
50444	259	44446	1999.0101	2003.0101
62173	259	46395	1999.0101	2003.0101
63807	259	53212	1999.0101	2003.0101
62800	259	64875	1999.0101	2003.0101
47370	259	53963	1999.0101	2003.0101
45562	259	43827	1999.0101	2003.0101
66135	259	48667	1999.0101	2003.0101
73097	259	45016	1999.0101	2003.0101
46111	259	52896	1999.0101	2003.0101
76973	265	56584	1999.0101	2003.0101
55530	259	60575	1999.0101	2003.0101
71463	259	51999	1999.0101	2003.0101
47377	259	51999	1999.0101	2003.0101
67882	259	64382	1999.0101	2003.0101
79781	265	67533	1999.0101	2003.0101
64151	259	55098	1999.0101	2003.0101
51522	259	47600	1999.0101	2003.0101
59788	259	53456	1999.0101	2003.0101
67418	265	43607	1999.0101	2003.0101
66633	259	62150	1999.0101	2003.0101
60464	272	46534	1999.0101	2003.0101
82495	259	57814	1999.0101	2003.0101
76883	259	79599	1999.0101	2003.0101
75723	259	73746	1999.0101	2003.0101
57808	259	59177	1999.0101	2003.0101
63102	259	44204	1999.0101	2003.0101
76536	259	64650	1999.0101	2003.0101
65105	265	55114	1999.0101	2003.0101
78598	259	46798	1999.0101	2003.0101
52157	259	66695	1999.0101	2003.0101
53736	259	51619	1999.0101	2003.0101
63165	259	64776	1999.0101	2003.0101
46759	272	46758	1999.0101	2003.0101
50281	259	44487	1999.0101	2003.0101
68205	259	71822	1999.0101	2003.0101
66771	259	53963	1999.0101	2003.0101
65501	259	66996	1999.0101	2003.0101
71757	259	48107	1999.0101	2003.0101
50948	259	53002	1999.0101	2003.0101
78248	265	45486	1999.0101	2003.0101
55585	259	46086	1999.0101	2003.0101
67606	259	59177	1999.0101	2003.0101
48986	265	80749	1999.0101	2003.0101
65974	259	49396	1999.0101	2003.0101
57993	265	45493	1999.0101	2003.0101
52202	259	50056	1999.0101	2003.0101
57879	259	54913	1999.0101	2003.0101
73860	259	55278	1999.0101	2003.0101
50738	259	59206	1999.0101	2003.0101
68371	259	49124	1999.0101	2003.0101
54432	259	54433	1999.0101	2004.0101
55111	259	55112	1999.0101	2004.0101
51742	259	48639	1999.0101	2004.0101
63722	259	63723	1999.0101	2004.0101
67402	265	46594	1999.0101	2004.0101
64245	265	50645	1999.0101	2004.0101
64102	259	44912	1999.0101	2004.0101
61393	259	62205	1999.0101	2004.0101
74127	259	64111	1999.0101	2004.0101
78256	259	44941	1999.0101	2004.0101
55170	259	58469	1999.0101	2004.0101
55522	259	47676	1999.0101	2004.0101
44358	259	50743	1999.0101	2004.0101
51748	259	50573	1999.0101	2004.0101
76169	259	55436	1999.0101	2004.0101
51731	259	71683	1999.0101	2004.0101
64102	259	78791	1999.0101	2004.0101
49767	259	53688	1999.0101	2004.0101
52893	265	52042	1999.0101	2004.0101
65146	259	70722	1999.0101	2004.0101
48301	259	61966	1999.0101	2004.0101
77834	296	51715	1999.0101	2004.0101
76814	259	58064	1999.0101	2004.0101
57178	259	49386	1999.0101	2004.0101
66711	259	52948	1999.0101	2004.0101
53628	259	50326	1999.0101	2004.0101
79958	259	45189	1999.0101	2004.0101
80454	259	49932	1999.0101	2004.0101
44506	259	44507	1999.0101	2005.0101
48682	259	56949	1999.0101	2005.0101
59602	259	59603	1999.0101	2005.0101
63504	259	63505	1999.0101	2005.0101
64482	259	64483	1999.0101	2005.0101
44437	259	51213	1999.0101	2005.0101
71676	259	60344	1999.0101	2005.0101
57358	259	46971	1999.0101	2005.0101
46119	259	50201	1999.0101	2005.0101
50988	259	43796	1999.0101	2005.0101
69478	259	46680	1999.0101	2005.0101
53506	259	47690	1999.0101	2005.0101
48075	259	66559	1999.0101	2005.0101
81882	259	48026	1999.0101	2005.0101
49485	259	46273	1999.0101	2005.0101
53005	259	45838	1999.0101	2006.0101
70679	259	52957	1999.0101	2006.0101
55522	259	49124	1999.0101	2006.0101
58402	259	76065	1999.0101	2006.0101
64520	259	72813	1999.0101	2006.0101
75119	259	49477	1999.0101	2006.0101
61999	259	50398	1999.0101	2006.0101
85108	259	57179	1999.0101	2006.0101
73860	259	48103	1999.0101	2006.0101
45402	259	47893	1999.0101	2006.0101
59377	272	55561	1999.0101	2006.0703
55561	272	59377	1999.0101	2006.0703
53330	259	51379	1999.0101	2007.0101
64203	259	52264	1999.0101	2007.0101
76985	259	53363	1999.0101	2007.0101
54554	263	46094	1999.0101	2007.0101
51757	259	82777	1999.0101	2007.0101
72798	259	44183	1999.0101	2007.0101
83108	259	47602	1999.0101	2007.0101
47490	263	43607	1999.0101	2007.0101
76724	259	69254	1999.0101	2007.0101
57119	259	46091	1999.0101	2007.0101
75122	259	46779	1999.0101	2007.0101
67285	259	46680	1999.0101	2008.0101
74584	259	44518	1999.0101	2008.0101
73951	259	46261	1999.0101	2008.0101
50990	296	51715	1999.0101	2008.0101
83538	296	51715	1999.0101	2008.0101
75741	259	49900	1999.0101	2008.0101
58537	259	66289	1999.0101	2008.0101
55794	259	48928	1999.0101	2008.0101
61810	259	49477	1999.0101	2009.0101
69478	259	43827	1999.0101	2009.0101
73855	263	83002	1999.0101	2009.043
57888	263	66344	1999.0101	2010.0101
65974	259	48103	1999.0101	2010.0101
49886	259	44009	1999.0101	2010.0101
75119	259	46680	1999.0101	2010.0101
57502	259	55470	1999.0101	2010.0101
74474	296	51715	1999.0101	2011.0101
60355	259	45838	1999.0101	2012.0101
56302	259	54337	1999.0101	2013.0101
64968	273	44315	1999.0101	2013.0101
71841	273	44315	1999.0101	2013.0101
83433	259	50600	1999.0101	2013.0101
79632	259	44402	1999.0101	2014.0101
63766	259	44449	1999.0101	2014.0101
60710	263	47236	1999.0101	2015.0101
67159	259	44204	1999.0101	2015.0101
54615	259	51929	1999.0101	2015.0101
62141	259	70606	1999.0101	2015.0109
44160	259	46074	1999.0101	2016.0101
46860	296	51715	1999.0101	2016.0101
55146	296	51715	1999.0101	2016.0101
78143	263	63418	1999.0101	2017.0101
56098	296	51715	1999.0101	2017.0101
61216	296	51715	1999.0101	2017.0101
56567	272	46627	1999.0101	2018.0101
52955	296	51715	1999.0101	2018.0101
45725	272	82031	1999.0101	2021.0101
82031	272	45725	1999.0101	2021.0101
78694	263	75677	1999.0101	2022.0101
63200	259	52870	1999.0105	2017.0621
73833	261	44394	1999.0108	1999.0108
73940	261	68918	1999.0115	1999.0115
78393	259	44390	1999.0125	2004.1004
57200	261	85795	1999.0126	1999.0126
61093	259	47846	1999.0201	1999.0101
72516	261	62813	1999.0224	1999.0224
52834	261	53975	1999.0315	1999.0315
59665	261	85596	1999.0325	1999.0325
66813	259	43704	1999.0325	2007.0829
66465	261	82558	1999.0401	1999.0401
77823	263	63954	1999.0401	2016.0508
61093	259	61094	1999.0501	1999.0101
55888	265	62304	1999.0501	1999.0501
81394	263	53456	1999.0513	2001.0226
59928	259	45494	1999.0603	2001.0108
55280	261	49711	1999.0604	1999.0604
61460	261	68006	1999.0614	1999.0614
68915	259	49905	1999.0614	2010.1101
54054	261	45566	1999.0701	1999.0701
49765	261	45566	1999.0701	1999.0701
47625	272	65131	1999.0701	2000.0319
67681	259	63355	1999.0701	2001.0101
71815	259	48842	1999.0701	2011.063
69334	261	85778	1999.0707	1999.0707
56504	272	75697	1999.0717	2000.1218
60376	261	57250	1999.0802	1999.0802
55545	259	44204	1999.0802	2000.0101
48517	259	48518	1999.0803	2007.0101
65903	259	53706	1999.0824	2003.1201
48612	259	48712	1999.0901	1999.1201
51368	259	48712	1999.0901	1999.1231
46627	272	56567	1999.0911	2018.0826
46758	272	46759	1999.0918	2003.0911
50924	261	55294	1999.092	1999.092
69238	259	55337	1999.1009	2001.1113
47727	259	58122	1999.1009	2015.0206
53589	261	71152	1999.1014	1999.1014
55391	261	44378	1999.102	1999.102
66321	261	57250	1999.102	1999.102
55484	261	47777	1999.1025	1999.1025
58780	261	44691	1999.1117	1999.1117
45713	261	65775	1999.1124	1999.1124
53330	265	45606	1999.1201	1999.1201
70215	261	44975	1999.1204	1999.1204
46038	261	67511	1999.1222	1999.1222
43903	261	45576	1999.1231	1999.1231
63680	272	55981	1999.1231	2003.0101
46350	259	46351	2000.0101	2000.0101
46396	259	43849	2000.0101	2000.0101
47494	265	47495	2000.0101	2000.0101
47724	259	47725	2000.0101	2000.0101
48933	261	45566	2000.0101	2000.0101
49479	261	44326	2000.0101	2000.0101
50500	259	50501	2000.0101	2000.0101
50538	259	50539	2000.0101	2000.0101
50767	265	50768	2000.0101	2000.0101
50822	265	50823	2000.0101	2000.0101
51242	261	48433	2000.0101	2000.0101
51318	261	51319	2000.0101	2000.0101
47618	259	49098	2000.0101	2000.0101
46056	259	47842	2000.0101	2000.0101
52702	259	52703	2000.0101	2000.0101
53640	261	45786	2000.0101	2000.0101
53735	261	44957	2000.0101	2000.0101
53840	261	53841	2000.0101	2000.0101
54389	261	54390	2000.0101	2000.0101
48096	261	54758	2000.0101	2000.0101
54916	259	46302	2000.0101	2000.0101
55767	259	48603	2000.0101	2000.0101
55880	259	54374	2000.0101	2000.0101
47302	258	47133	2000.0101	2000.0101
56414	261	49670	2000.0101	2000.0101
53100	259	48124	2000.0101	2000.0101
57638	259	57639	2000.0101	2000.0101
59945	259	59946	2000.0101	2000.0101
60105	261	49867	2000.0101	2000.0101
57437	261	47743	2000.0101	2000.0101
60541	261	46905	2000.0101	2000.0101
61048	272	58679	2000.0101	2000.0101
61102	261	44326	2000.0101	2000.0101
58458	259	55312	2000.0101	2000.0101
62638	259	47789	2000.0101	2000.0101
48301	259	63125	2000.0101	2000.0101
46632	261	48681	2000.0101	2000.0101
63897	259	58559	2000.0101	2000.0101
57390	265	56039	2000.0101	2000.0101
47618	259	59365	2000.0101	2000.0101
64633	261	50965	2000.0101	2000.0101
50248	261	47936	2000.0101	2000.0101
65774	261	65775	2000.0101	2000.0101
66654	261	45681	2000.0101	2000.0101
57984	261	44981	2000.0101	2000.0101
54060	259	43898	2000.0101	2000.0101
57358	259	47911	2000.0101	2000.0101
60956	259	43898	2000.0101	2000.0101
51151	259	67938	2000.0101	2000.0101
67941	261	44386	2000.0101	2000.0101
68054	261	43626	2000.0101	2000.0101
63308	261	60321	2000.0101	2000.0101
58421	261	58030	2000.0101	2000.0101
66795	261	49564	2000.0101	2000.0101
68418	261	50170	2000.0101	2000.0101
56141	261	54768	2000.0101	2000.0101
51119	259	50660	2000.0101	2000.0101
55044	259	48071	2000.0101	2000.0101
54010	259	47412	2000.0101	2000.0101
69347	259	69023	2000.0101	2000.0101
46950	261	59982	2000.0101	2000.0101
62606	261	48212	2000.0101	2000.0101
56472	261	70168	2000.0101	2000.0101
49340	259	52389	2000.0101	2000.0101
46968	263	51286	2000.0101	2000.0101
50040	259	50539	2000.0101	2000.0101
61462	261	68564	2000.0101	2000.0101
43858	265	44220	2000.0101	2000.0101
69119	265	48820	2000.0101	2000.0101
47345	261	55935	2000.0101	2000.0101
62089	259	71165	2000.0101	2000.0101
62224	259	64474	2000.0101	2000.0101
72175	261	45929	2000.0101	2000.0101
72502	259	72503	2000.0101	2000.0101
43736	261	72599	2000.0101	2000.0101
69423	259	57501	2000.0101	2000.0101
45632	259	63382	2000.0101	2000.0101
66389	261	69959	2000.0101	2000.0101
69018	259	72810	2000.0101	2000.0101
64694	259	57034	2000.0101	2000.0101
68903	261	58053	2000.0101	2000.0101
47311	261	61865	2000.0101	2000.0101
60906	259	64926	2000.0101	2000.0101
51208	261	45959	2000.0101	2000.0101
63007	259	62604	2000.0101	2000.0101
43824	261	53556	2000.0101	2000.0101
49965	259	45271	2000.0101	2000.0101
71557	265	44616	2000.0101	2000.0101
64889	265	43820	2000.0101	2000.0101
63987	261	48212	2000.0101	2000.0101
62082	261	45115	2000.0101	2000.0101
44053	261	53814	2000.0101	2000.0101
58793	261	75559	2000.0101	2000.0101
59858	265	47807	2000.0101	2000.0101
75798	259	75799	2000.0101	2000.0101
62498	261	48443	2000.0101	2000.0101
62407	261	62333	2000.0101	2000.0101
45026	259	75799	2000.0101	2000.0101
57509	261	43626	2000.0101	2000.0101
65221	261	44055	2000.0101	2000.0101
46560	261	53266	2000.0101	2000.0101
53868	261	44830	2000.0101	2000.0101
52758	261	59266	2000.0101	2000.0101
59627	261	48443	2000.0101	2000.0101
44728	259	76396	2000.0101	2000.0101
75175	259	44689	2000.0101	2000.0101
76493	259	76494	2000.0101	2000.0101
57943	261	67199	2000.0101	2000.0101
48289	261	44322	2000.0101	2000.0101
72737	261	45115	2000.0101	2000.0101
61407	259	49348	2000.0101	2000.0101
60275	259	46930	2000.0101	2000.0101
61382	259	69800	2000.0101	2000.0101
45118	259	74654	2000.0101	2000.0101
54552	261	77019	2000.0101	2000.0101
68173	261	48095	2000.0101	2000.0101
64582	261	44022	2000.0101	2000.0101
54713	259	52655	2000.0101	2000.0101
65771	259	49291	2000.0101	2000.0101
64934	259	58306	2000.0101	2000.0101
77314	261	46905	2000.0101	2000.0101
52006	261	72816	2000.0101	2000.0101
75175	259	47586	2000.0101	2000.0101
61141	261	54567	2000.0101	2000.0101
53493	261	44059	2000.0101	2000.0101
51965	261	51566	2000.0101	2000.0101
44159	261	44394	2000.0101	2000.0101
50037	259	44471	2000.0101	2000.0101
78416	259	56498	2000.0101	2000.0101
45680	261	62408	2000.0101	2000.0101
78508	261	76655	2000.0101	2000.0101
56693	261	52903	2000.0101	2000.0101
67304	261	63432	2000.0101	2000.0101
78627	261	73437	2000.0101	2000.0101
65258	259	67618	2000.0101	2000.0101
54808	261	46403	2000.0101	2000.0101
57633	261	43981	2000.0101	2000.0101
59249	259	63948	2000.0101	2000.0101
53031	261	48095	2000.0101	2000.0101
65808	259	63510	2000.0101	2000.0101
79053	265	44137	2000.0101	2000.0101
52192	259	57393	2000.0101	2000.0101
60164	259	50539	2000.0101	2000.0101
47033	261	50129	2000.0101	2000.0101
79531	261	79532	2000.0101	2000.0101
69247	261	59557	2000.0101	2000.0101
79632	259	55337	2000.0101	2000.0101
65539	261	48343	2000.0101	2000.0101
79998	261	44326	2000.0101	2000.0101
75045	261	57756	2000.0101	2000.0101
48126	259	43898	2000.0101	2000.0101
58317	261	68334	2000.0101	2000.0101
73193	259	43898	2000.0101	2000.0101
68391	259	45724	2000.0101	2000.0101
80508	259	44043	2000.0101	2000.0101
50938	259	54941	2000.0101	2000.0101
60275	259	61047	2000.0101	2000.0101
66898	261	60663	2000.0101	2000.0101
52531	261	44326	2000.0101	2000.0101
75618	261	80844	2000.0101	2000.0101
68409	261	62716	2000.0101	2000.0101
56592	259	47594	2000.0101	2000.0101
56238	261	49553	2000.0101	2000.0101
77552	259	46606	2000.0101	2000.0101
54675	259	71996	2000.0101	2000.0101
70166	259	50728	2000.0101	2000.0101
60564	259	49672	2000.0101	2000.0101
56446	261	81460	2000.0101	2000.0101
66189	259	63510	2000.0101	2000.0101
55621	261	80635	2000.0101	2000.0101
81597	265	44045	2000.0101	2000.0101
48096	261	52683	2000.0101	2000.0101
44609	259	43898	2000.0101	2000.0101
73440	259	43730	2000.0101	2000.0101
68409	261	53848	2000.0101	2000.0101
81766	261	59982	2000.0101	2000.0101
81767	265	81768	2000.0101	2000.0101
48475	261	62906	2000.0101	2000.0101
76493	259	53243	2000.0101	2000.0101
78026	259	50734	2000.0101	2000.0101
80214	261	59833	2000.0101	2000.0101
43964	261	81999	2000.0101	2000.0101
79632	259	45724	2000.0101	2000.0101
55287	259	64772	2000.0101	2000.0101
51243	261	48437	2000.0101	2000.0101
61414	259	46831	2000.0101	2000.0101
45988	265	51911	2000.0101	2000.0101
74840	259	43898	2000.0101	2000.0101
69094	259	53081	2000.0101	2000.0101
70059	259	67618	2000.0101	2000.0101
67487	261	44834	2000.0101	2000.0101
60117	261	55285	2000.0101	2000.0101
71299	259	80614	2000.0101	2000.0101
46529	261	50096	2000.0101	2000.0101
58583	259	48593	2000.0101	2000.0101
44692	261	53861	2000.0101	2000.0101
52193	261	47508	2000.0101	2000.0101
52933	265	66630	2000.0101	2000.0101
59301	261	70854	2000.0101	2000.0101
63443	259	61908	2000.0101	2000.0101
72942	259	43898	2000.0101	2000.0101
53609	259	73301	2000.0101	2000.0101
64058	261	58486	2000.0101	2000.0101
52616	259	50041	2000.0101	2000.0101
56141	261	53565	2000.0101	2000.0101
69499	259	48639	2000.0101	2000.0101
76362	264	43596	2000.0101	2000.0101
82853	261	61503	2000.0101	2000.0101
65313	261	50841	2000.0101	2000.0101
60103	261	61075	2000.0101	2000.0101
52523	259	47846	2000.0101	2000.0101
53351	265	45980	2000.0101	2000.0101
44771	259	72886	2000.0101	2000.0101
47464	261	44326	2000.0101	2000.0101
67565	261	70290	2000.0101	2000.0101
72744	261	54749	2000.0101	2000.0101
47418	261	44699	2000.0101	2000.0101
53820	259	50041	2000.0101	2000.0101
72896	265	44715	2000.0101	2000.0101
49212	265	45226	2000.0101	2000.0101
70306	259	74938	2000.0101	2000.0101
80295	265	51817	2000.0101	2000.0101
52892	261	78404	2000.0101	2000.0101
71079	259	61966	2000.0101	2000.0101
68460	259	76823	2000.0101	2000.0101
44777	261	64938	2000.0101	2000.0101
52446	261	76308	2000.0101	2000.0101
64252	259	47456	2000.0101	2000.0101
62637	259	45699	2000.0101	2000.0101
53417	265	56188	2000.0101	2000.0101
59312	261	83671	2000.0101	2000.0101
56141	261	66871	2000.0101	2000.0101
58419	263	46631	2000.0101	2000.0101
55992	261	52991	2000.0101	2000.0101
53681	261	63648	2000.0101	2000.0101
64436	261	54447	2000.0101	2000.0101
81269	261	61147	2000.0101	2000.0101
59225	259	68881	2000.0101	2000.0101
62392	265	44156	2000.0101	2000.0101
57983	261	44732	2000.0101	2000.0101
53612	261	65884	2000.0101	2000.0101
54269	261	71684	2000.0101	2000.0101
67943	261	45066	2000.0101	2000.0101
58048	265	47495	2000.0101	2000.0101
75850	259	46606	2000.0101	2000.0101
64505	259	48747	2000.0101	2000.0101
76405	261	47777	2000.0101	2000.0101
81406	259	69117	2000.0101	2000.0101
73842	259	59359	2000.0101	2000.0101
64982	261	84270	2000.0101	2000.0101
55268	261	57240	2000.0101	2000.0101
58018	261	44105	2000.0101	2000.0101
82636	261	51003	2000.0101	2000.0101
62013	259	47716	2000.0101	2000.0101
50248	261	44322	2000.0101	2000.0101
62618	261	47936	2000.0101	2000.0101
48165	261	46577	2000.0101	2000.0101
64687	259	75807	2000.0101	2000.0101
50472	261	52683	2000.0101	2000.0101
52702	259	68096	2000.0101	2000.0101
84436	265	71258	2000.0101	2000.0101
60511	261	50965	2000.0101	2000.0101
51180	259	75729	2000.0101	2000.0101
74280	259	54647	2000.0101	2000.0101
81144	261	45115	2000.0101	2000.0101
80352	265	53194	2000.0101	2000.0101
53845	261	58984	2000.0101	2000.0101
43629	261	45115	2000.0101	2000.0101
61972	259	51081	2000.0101	2000.0101
70194	261	61523	2000.0101	2000.0101
66570	261	82757	2000.0101	2000.0101
68300	259	54947	2000.0101	2000.0101
59364	259	67531	2000.0101	2000.0101
48270	261	44691	2000.0101	2000.0101
60179	259	46445	2000.0101	2000.0101
47675	259	45724	2000.0101	2000.0101
77350	261	55593	2000.0101	2000.0101
51565	261	81034	2000.0101	2000.0101
63037	261	55654	2000.0101	2000.0101
60320	261	56270	2000.0101	2000.0101
54247	261	43981	2000.0101	2000.0101
54675	259	53777	2000.0101	2000.0101
55586	261	83835	2000.0101	2000.0101
81260	259	67498	2000.0101	2000.0101
52238	261	51547	2000.0101	2000.0101
48119	259	82773	2000.0101	2000.0101
67943	261	58053	2000.0101	2000.0101
63741	261	49002	2000.0101	2000.0101
48846	259	81287	2000.0101	2000.0101
68352	261	72668	2000.0101	2000.0101
62159	261	44108	2000.0101	2000.0101
76561	261	82552	2000.0101	2000.0101
51892	259	71824	2000.0101	2000.0101
56879	259	54337	2000.0101	2000.0101
70898	261	50592	2000.0101	2000.0101
82159	265	62622	2000.0101	2000.0101
43635	261	67400	2000.0101	2000.0101
52006	261	43760	2000.0101	2000.0101
45701	259	74559	2000.0101	2000.0101
67332	261	49248	2000.0101	2000.0101
75605	259	61966	2000.0101	2000.0101
68409	261	64986	2000.0101	2000.0101
79998	261	47179	2000.0101	2000.0101
53444	261	85240	2000.0101	2000.0101
51565	261	46491	2000.0101	2000.0101
68262	259	63861	2000.0101	2000.0101
66719	265	58307	2000.0101	2000.0101
60866	261	44059	2000.0101	2000.0101
73276	261	69482	2000.0101	2000.0101
51401	261	44923	2000.0101	2000.0101
67356	261	79537	2000.0101	2000.0101
60584	259	73803	2000.0101	2000.0101
59628	263	46631	2000.0101	2000.0101
46819	261	49592	2000.0101	2000.0101
47345	261	76707	2000.0101	2000.0101
73599	259	45731	2000.0101	2000.0101
76499	259	48747	2000.0101	2000.0101
61438	259	60924	2000.0101	2000.0101
71343	261	82841	2000.0101	2000.0101
60149	261	84473	2000.0101	2000.0101
61219	261	66579	2000.0101	2000.0101
82478	261	60579	2000.0101	2000.0101
45326	261	85341	2000.0101	2000.0101
45084	259	50780	2000.0101	2000.0101
52624	261	85347	2000.0101	2000.0101
54196	261	45115	2000.0101	2000.0101
65684	259	59603	2000.0101	2000.0101
45202	261	81891	2000.0101	2000.0101
70717	259	51213	2000.0101	2000.0101
44657	259	43898	2000.0101	2000.0101
53985	259	53770	2000.0101	2000.0101
55820	261	66052	2000.0101	2000.0101
81513	261	45681	2000.0101	2000.0101
79148	259	43898	2000.0101	2000.0101
48336	259	44578	2000.0101	2000.0101
72676	261	50712	2000.0101	2000.0101
81298	261	85476	2000.0101	2000.0101
59441	259	53777	2000.0101	2000.0101
60257	259	69139	2000.0101	2000.0101
46475	261	44394	2000.0101	2000.0101
51540	259	51059	2000.0101	2000.0101
57943	261	56849	2000.0101	2000.0101
74152	261	80086	2000.0101	2000.0101
59312	261	56849	2000.0101	2000.0101
74029	259	50775	2000.0101	2000.0101
50615	261	63113	2000.0101	2000.0101
57394	261	45113	2000.0101	2000.0101
46904	261	76342	2000.0101	2000.0101
75036	259	85118	2000.0101	2000.0101
51696	261	46928	2000.0101	2000.0101
71707	261	46820	2000.0101	2000.0101
74375	261	53848	2000.0101	2000.0101
69253	259	46798	2000.0101	2000.0101
49579	259	85558	2000.0101	2000.0101
65205	261	50129	2000.0101	2000.0101
52013	261	53682	2000.0101	2000.0101
45346	261	48902	2000.0101	2000.0101
61141	261	50569	2000.0101	2000.0101
57910	261	67511	2000.0101	2000.0101
63108	259	44146	2000.0101	2000.0101
56141	261	77592	2000.0101	2000.0101
57612	259	53398	2000.0101	2000.0101
46860	261	55505	2000.0101	2000.0101
65258	259	51483	2000.0101	2000.0101
65210	261	85643	2000.0101	2000.0101
57222	259	54735	2000.0101	2000.0101
64485	259	48081	2000.0101	2000.0101
76493	259	51483	2000.0101	2000.0101
62213	261	45581	2000.0101	2000.0101
73438	259	85673	2000.0101	2000.0101
73081	259	50808	2000.0101	2000.0101
64505	259	43730	2000.0101	2000.0101
59131	259	44639	2000.0101	2000.0101
67853	259	77561	2000.0101	2000.0101
82853	261	48443	2000.0101	2000.0101
60105	261	48212	2000.0101	2000.0101
49663	261	44326	2000.0101	2000.0101
68477	261	85720	2000.0101	2000.0101
64582	261	62964	2000.0101	2000.0101
47208	261	44016	2000.0101	2000.0101
48883	259	47972	2000.0101	2000.0101
69473	261	56582	2000.0101	2000.0101
54140	259	48296	2000.0101	2000.0101
66910	259	78024	2000.0101	2000.0101
60458	261	47080	2000.0101	2000.0101
76103	259	47596	2000.0101	2000.0101
68364	261	68194	2000.0101	2000.0101
81594	259	50909	2000.0101	2000.0101
62937	259	63956	2000.0101	2000.0101
49690	259	58149	2000.0101	2000.0101
61815	265	64532	2000.0101	2000.0101
63990	261	85832	2000.0101	2000.0101
67735	259	55205	2000.0101	2000.0101
60149	261	59635	2000.0101	2000.0101
70364	261	48882	2000.0101	2000.0101
61410	259	65469	2000.0101	2000.0101
57055	259	60697	2000.0101	2000.0101
64716	259	69937	2000.0101	2000.0101
46965	259	72709	2000.0101	2000.0301
45499	259	45016	2000.0101	2001.0101
46824	259	45224	2000.0101	2001.0101
47087	259	47088	2000.0101	2001.0101
47438	259	46074	2000.0101	2001.0101
47632	259	44090	2000.0101	2001.0101
49486	259	45311	2000.0101	2001.0101
49502	259	49503	2000.0101	2001.0101
49740	259	49741	2000.0101	2001.0101
51413	259	51414	2000.0101	2001.0101
51458	259	44641	2000.0101	2001.0101
52202	259	52203	2000.0101	2001.0101
52275	259	45449	2000.0101	2001.0101
53962	259	53963	2000.0101	2001.0101
56106	259	46302	2000.0101	2001.0101
58169	259	58170	2000.0101	2001.0101
46735	259	47621	2000.0101	2001.0101
60164	259	59426	2000.0101	2001.0101
60238	259	60239	2000.0101	2001.0101
60365	259	44641	2000.0101	2001.0101
60533	259	48337	2000.0101	2001.0101
61331	259	45729	2000.0101	2001.0101
59082	259	57791	2000.0101	2001.0101
62505	259	62506	2000.0101	2001.0101
61155	259	53777	2000.0101	2001.0101
63361	259	59620	2000.0101	2001.0101
58281	259	45449	2000.0101	2001.0101
48484	259	45648	2000.0101	2001.0101
45471	259	54684	2000.0101	2001.0101
63347	259	62003	2000.0101	2001.0101
65385	259	60575	2000.0101	2001.0101
57210	259	51059	2000.0101	2001.0101
62544	259	54947	2000.0101	2001.0101
49205	259	59909	2000.0101	2001.0101
47675	259	50256	2000.0101	2001.0101
66991	259	47602	2000.0101	2001.0101
60761	259	52703	2000.0101	2001.0101
68101	259	47088	2000.0101	2001.0101
55520	259	50921	2000.0101	2001.0101
72563	259	50939	2000.0101	2001.0101
55893	259	73006	2000.0101	2001.0101
66991	259	54728	2000.0101	2001.0101
54081	259	44094	2000.0101	2001.0101
74405	259	53745	2000.0101	2001.0101
48207	259	63595	2000.0101	2001.0101
74710	259	57503	2000.0101	2001.0101
46073	259	58219	2000.0101	2001.0101
76334	259	46387	2000.0101	2001.0101
45034	259	50743	2000.0101	2001.0101
62724	259	44446	2000.0101	2001.0101
66250	259	57748	2000.0101	2001.0101
64437	259	44146	2000.0101	2001.0101
46675	259	53443	2000.0101	2001.0101
75843	259	66873	2000.0101	2001.0101
58468	259	49361	2000.0101	2001.0101
77857	259	59696	2000.0101	2001.0101
66975	259	69264	2000.0101	2001.0101
78343	259	58170	2000.0101	2001.0101
78633	259	43734	2000.0101	2001.0101
76028	259	78767	2000.0101	2001.0101
46920	259	46606	2000.0101	2001.0101
72021	259	57056	2000.0101	2001.0101
69198	259	74917	2000.0101	2001.0101
63628	259	44183	2000.0101	2001.0101
65781	259	75729	2000.0101	2001.0101
55454	259	64146	2000.0101	2001.0101
77879	259	43989	2000.0101	2001.0101
46889	259	54626	2000.0101	2001.0101
71058	259	50151	2000.0101	2001.0101
51023	259	44402	2000.0101	2001.0101
79889	259	68748	2000.0101	2001.0101
81343	259	63132	2000.0101	2001.0101
62934	259	45224	2000.0101	2001.0101
47528	259	62395	2000.0101	2001.0101
81558	259	47669	2000.0101	2001.0101
79629	259	64474	2000.0101	2001.0101
53003	259	51679	2000.0101	2001.0101
52227	259	50843	2000.0101	2001.0101
65084	259	49124	2000.0101	2001.0101
68690	259	48160	2000.0101	2001.0101
57844	259	59426	2000.0101	2001.0101
50860	259	45164	2000.0101	2001.0101
67673	259	44518	2000.0101	2001.0101
59780	259	43702	2000.0101	2001.0101
43990	259	47141	2000.0101	2001.0101
60876	259	46487	2000.0101	2001.0101
60761	259	44084	2000.0101	2001.0101
44966	259	50539	2000.0101	2001.0101
44966	259	43827	2000.0101	2001.0101
47606	259	47327	2000.0101	2001.0101
78187	259	50529	2000.0101	2001.0101
53992	259	72427	2000.0101	2001.0101
47620	259	73510	2000.0101	2001.0101
50500	259	53878	2000.0101	2001.0101
60848	259	49934	2000.0101	2001.0101
56070	259	52389	2000.0101	2001.0101
44353	259	56560	2000.0101	2001.0101
66889	259	44945	2000.0101	2001.0101
72758	259	67737	2000.0101	2001.0101
72571	259	46579	2000.0101	2001.0101
45837	259	50041	2000.0101	2001.0101
83347	259	60286	2000.0101	2001.0101
45723	259	44402	2000.0101	2001.0101
45280	259	64273	2000.0101	2001.0101
53673	259	66071	2000.0101	2001.0101
45463	259	81961	2000.0101	2001.0101
54532	259	67712	2000.0101	2001.0101
74205	259	49562	2000.0101	2001.0101
65743	259	51744	2000.0101	2001.0101
59908	259	49686	2000.0101	2001.0101
58563	259	66609	2000.0101	2001.0101
59346	259	55849	2000.0101	2001.0101
77570	259	45001	2000.0101	2001.0101
73903	259	47440	2000.0101	2001.0101
62357	259	64930	2000.0101	2001.0101
74730	259	46059	2000.0101	2001.0101
61407	259	78029	2000.0101	2001.0101
65151	259	53777	2000.0101	2001.0101
65151	259	44882	2000.0101	2001.0101
72177	259	72678	2000.0101	2001.0101
73097	259	44146	2000.0101	2001.0101
82783	259	47113	2000.0101	2001.0101
46252	259	57274	2000.0101	2001.0101
52803	259	51485	2000.0101	2001.0101
52345	259	44933	2000.0101	2001.0101
59887	259	55200	2000.0101	2001.0101
59979	259	48840	2000.0101	2001.0101
43727	259	74589	2000.0101	2001.0101
77541	259	55105	2000.0101	2001.0101
62394	259	45813	2000.0101	2001.0101
52012	259	61149	2000.0101	2001.0101
58260	259	77147	2000.0101	2001.0101
65714	259	59620	2000.0101	2001.0101
72571	259	50256	2000.0101	2001.0101
57845	259	53117	2000.0101	2001.0101
68101	259	50539	2000.0101	2001.0101
67050	259	48611	2000.0101	2001.0101
68316	259	58219	2000.0101	2001.0101
76989	259	45880	2000.0101	2001.0101
68092	259	67388	2000.0101	2001.0101
69368	259	59382	2000.0101	2001.0101
53608	262	43779	2000.0101	2001.0101
63770	259	54647	2000.0101	2001.0101
64194	259	50698	2000.0101	2001.0101
73776	259	50603	2000.0101	2001.0101
52256	259	69023	2000.0101	2001.0101
50281	259	82356	2000.0101	2001.0101
60624	259	47716	2000.0101	2001.0101
74175	259	72770	2000.0101	2001.0101
60318	259	65604	2000.0101	2001.0101
58479	259	57503	2000.0101	2001.0101
71828	259	48979	2000.0101	2001.0101
54908	259	51296	2000.0101	2001.0101
61200	259	62518	2000.0101	2001.0101
77807	259	50083	2000.0101	2001.0101
51266	259	44689	2000.0101	2001.0101
62937	259	49293	2000.0101	2001.0101
49347	259	56378	2000.0101	2001.0101
66975	259	48415	2000.0101	2001.0101
73599	259	64220	2000.0101	2001.0101
66937	259	46559	2000.0101	2001.0101
57822	259	44414	2000.0101	2001.0101
68460	259	72678	2000.0101	2001.0101
73782	259	58928	2000.0101	2001.0101
52858	259	68613	2000.0101	2001.0101
68262	259	47567	2000.0101	2001.0101
79591	259	43991	2000.0101	2001.0101
66079	259	54546	2000.0101	2001.0101
74434	259	55200	2000.0101	2001.0101
45837	259	49204	2000.0101	2001.0101
56097	259	45076	2000.0101	2001.0101
54859	259	50056	2000.0101	2001.0101
61410	259	62554	2000.0101	2001.0101
73189	259	53852	2000.0101	2001.0101
70557	259	66922	2000.0101	2001.0101
63746	259	61127	2000.0101	2001.0101
50733	259	52969	2000.0101	2001.0101
53310	259	44933	2000.0101	2001.0101
81519	259	77561	2000.0101	2001.0101
68412	259	69448	2000.0101	2001.0101
46892	259	51050	2000.0101	2001.0101
58340	259	44808	2000.0101	2001.0101
48841	259	57143	2000.0101	2001.0101
45480	259	61587	2000.0101	2001.0101
80104	259	60892	2000.0101	2001.0101
74367	259	45119	2000.0101	2001.0101
64922	259	59206	2000.0101	2001.0101
72942	263	67988	2000.0101	2001.0101
52164	259	58620	2000.0101	2001.0101
69936	259	59823	2000.0101	2001.0101
73777	259	50734	2000.0101	2001.0101
69009	259	49913	2000.0101	2001.0101
43925	259	59823	2000.0101	2001.0101
66214	259	45389	2000.0101	2001.0101
77757	259	85088	2000.0101	2001.0101
56176	259	43745	2000.0101	2001.0101
64484	259	55771	2000.0101	2001.0101
54053	259	44084	2000.0101	2001.0101
57142	259	48667	2000.0101	2001.0101
75738	259	49968	2000.0101	2001.0101
57869	259	63961	2000.0101	2001.0101
62937	259	48667	2000.0101	2001.0101
53853	259	44689	2000.0101	2001.0201
43733	259	43734	2000.0101	2002.0101
45962	259	45963	2000.0101	2002.0101
47832	259	43603	2000.0101	2002.0101
49324	259	48549	2000.0101	2002.0101
50067	259	50068	2000.0101	2002.0101
51234	259	51235	2000.0101	2002.0101
51398	259	51296	2000.0101	2002.0101
48336	259	51988	2000.0101	2002.0101
53836	259	44680	2000.0101	2002.0101
57142	259	57143	2000.0101	2002.0101
52616	259	50933	2000.0101	2002.0101
61982	259	44090	2000.0101	2002.0101
63210	259	63211	2000.0101	2002.0101
55874	259	47288	2000.0101	2002.0101
64468	259	64454	2000.0101	2002.0101
67006	259	45651	2000.0101	2002.0101
47112	259	49900	2000.0101	2002.0101
63820	259	48712	2000.0101	2002.0101
63162	259	68938	2000.0101	2002.0101
67147	259	48412	2000.0101	2002.0101
59147	259	56126	2000.0101	2002.0101
70416	259	70417	2000.0101	2002.0101
70946	259	61403	2000.0101	2002.0101
71392	259	45319	2000.0101	2002.0101
50166	259	64588	2000.0101	2002.0101
72997	259	46680	2000.0101	2002.0101
65653	263	73388	2000.0101	2002.0101
64517	259	64331	2000.0101	2002.0101
66681	265	44536	2000.0101	2002.0101
44182	259	50398	2000.0101	2002.0101
53060	259	50933	2000.0101	2002.0101
44411	259	44811	2000.0101	2002.0101
60070	259	43806	2000.0101	2002.0101
52441	259	67891	2000.0101	2002.0101
47488	259	78820	2000.0101	2002.0101
58299	259	50041	2000.0101	2002.0101
79017	259	48842	2000.0101	2002.0101
46185	259	79169	2000.0101	2002.0101
79225	259	51922	2000.0101	2002.0101
73585	259	44020	2000.0101	2002.0101
64769	259	62003	2000.0101	2002.0101
56017	259	56764	2000.0101	2002.0101
56942	259	57819	2000.0101	2002.0101
77123	259	65376	2000.0101	2002.0101
56879	259	44402	2000.0101	2002.0101
63955	259	46896	2000.0101	2002.0101
62800	259	44818	2000.0101	2002.0101
64485	259	52859	2000.0101	2002.0101
56321	259	51483	2000.0101	2002.0101
81050	259	65467	2000.0101	2002.0101
69256	263	44951	2000.0101	2002.0101
52807	259	81287	2000.0101	2002.0101
69280	259	63811	2000.0101	2002.0101
57222	259	48840	2000.0101	2002.0101
76499	259	44641	2000.0101	2002.0101
81243	259	48521	2000.0101	2002.0101
56682	263	79686	2000.0101	2002.0101
60010	259	61315	2000.0101	2002.0101
52256	259	50529	2000.0101	2002.0101
51151	259	52569	2000.0101	2002.0101
54669	259	62890	2000.0101	2002.0101
53362	259	44487	2000.0101	2002.0101
68316	259	47963	2000.0101	2002.0101
52756	259	59962	2000.0101	2002.0101
48711	259	65526	2000.0101	2002.0101
60818	259	43849	2000.0101	2002.0101
65808	259	53510	2000.0101	2002.0101
43931	259	48412	2000.0101	2002.0101
47969	259	75651	2000.0101	2002.0101
52160	259	46198	2000.0101	2002.0101
45757	259	72780	2000.0101	2002.0101
78356	259	54759	2000.0101	2002.0101
61227	259	68740	2000.0101	2002.0101
49102	259	47153	2000.0101	2002.0101
64646	259	75786	2000.0101	2002.0101
59346	259	47141	2000.0101	2002.0101
54896	259	44090	2000.0101	2002.0101
81114	259	56126	2000.0101	2002.0101
60049	259	53983	2000.0101	2002.0101
48607	259	66627	2000.0101	2002.0101
54237	259	48468	2000.0101	2002.0101
47852	259	47602	2000.0101	2002.0101
76525	259	56476	2000.0101	2002.0101
52986	259	50708	2000.0101	2002.0101
73081	259	58983	2000.0101	2002.0101
79372	259	45322	2000.0101	2002.0101
73495	259	47887	2000.0101	2002.0101
50908	259	60631	2000.0101	2002.0101
65091	259	43734	2000.0101	2002.0101
76619	259	44564	2000.0101	2002.0101
58954	259	43702	2000.0101	2002.0101
55894	259	48625	2000.0101	2002.0101
81281	259	69918	2000.0101	2002.0101
80078	259	51111	2000.0101	2002.0101
77132	259	46831	2000.0101	2002.0101
80790	259	46910	2000.0101	2002.0101
73589	259	73301	2000.0101	2002.0101
51180	259	45688	2000.0101	2002.0101
54053	259	64474	2000.0101	2002.0101
56980	259	63008	2000.0101	2002.0101
46830	259	59909	2000.0101	2002.0101
46411	259	60452	2000.0101	2002.0101
79622	265	46983	2000.0101	2002.0101
67236	259	44973	2000.0101	2002.0101
61909	259	59734	2000.0101	2002.0101
55679	259	44265	2000.0101	2002.0101
65809	259	64363	2000.0101	2002.0101
56218	259	45319	2000.0101	2002.0101
48295	259	79137	2000.0101	2002.0101
43599	259	49105	2000.0101	2002.0101
71977	259	44672	2000.0101	2002.0101
51048	259	50743	2000.0101	2002.0101
52653	259	82015	2000.0101	2002.0101
51316	259	85616	2000.0101	2002.0101
56377	259	56928	2000.0101	2002.0101
71514	265	48293	2000.0101	2002.0101
69306	259	60228	2000.0101	2002.0101
57368	259	53065	2000.0101	2002.0101
47517	259	79983	2000.0101	2002.0101
53506	259	51944	2000.0101	2002.0101
68166	259	44094	2000.0101	2002.0101
46055	259	61587	2000.0101	2002.0101
65462	259	66157	2000.0101	2002.0101
73874	259	58282	2000.0101	2002.0101
82524	259	59098	2000.0101	2002.0101
61621	259	52993	2000.0101	2002.0101
74153	259	50933	2000.0101	2002.0101
76059	272	65942	2000.0101	2002.0709
49039	259	49040	2000.0101	2003.0101
50873	259	50874	2000.0101	2003.0101
48737	259	50935	2000.0101	2003.0101
60049	259	52948	2000.0101	2003.0101
62800	259	62801	2000.0101	2003.0101
64140	259	47225	2000.0101	2003.0101
65060	259	65061	2000.0101	2003.0101
65913	259	48120	2000.0101	2003.0101
66574	259	47309	2000.0101	2003.0101
49752	265	63159	2000.0101	2003.0101
55401	263	43865	2000.0101	2003.0101
71144	259	66790	2000.0101	2003.0101
59803	259	46112	2000.0101	2003.0101
44934	259	45813	2000.0101	2003.0101
46056	259	44785	2000.0101	2003.0101
69902	265	45329	2000.0101	2003.0101
60891	259	51539	2000.0101	2003.0101
77519	259	45651	2000.0101	2003.0101
65327	259	53839	2000.0101	2003.0101
59848	259	43730	2000.0101	2003.0101
70397	259	55011	2000.0101	2003.0101
78314	259	45189	2000.0101	2003.0101
66284	259	49396	2000.0101	2003.0101
66638	259	60871	2000.0101	2003.0101
78815	259	70309	2000.0101	2003.0101
71731	259	58264	2000.0101	2003.0101
68253	259	51744	2000.0101	2003.0101
58647	259	52173	2000.0101	2003.0101
48301	259	52876	2000.0101	2003.0101
69360	259	47378	2000.0101	2003.0101
56727	259	51238	2000.0101	2003.0101
54916	259	50125	2000.0101	2003.0101
56592	259	48124	2000.0101	2003.0101
56845	259	48608	2000.0101	2003.0101
53985	259	52896	2000.0101	2003.0101
63481	259	49293	2000.0101	2003.0101
59708	259	78298	2000.0101	2003.0101
64798	259	46817	2000.0101	2003.0101
49848	259	58142	2000.0101	2003.0101
72861	259	43670	2000.0101	2003.0101
77503	259	53963	2000.0101	2003.0101
66226	259	70162	2000.0101	2003.0101
75953	259	58219	2000.0101	2003.0101
55419	259	47261	2000.0101	2003.0101
64521	259	47880	2000.0101	2003.0101
57946	259	49293	2000.0101	2003.0101
46350	259	45813	2000.0101	2003.0101
64553	259	65176	2000.0101	2003.0101
57921	259	48337	2000.0101	2003.0101
57225	259	67730	2000.0101	2003.0101
45034	259	47141	2000.0101	2003.0101
65381	259	65619	2000.0101	2003.0101
57119	259	50078	2000.0101	2003.0101
47705	259	45311	2000.0101	2003.0101
55740	259	52969	2000.0101	2003.0101
79428	259	57748	2000.0101	2003.0101
67500	259	50808	2000.0101	2003.0101
51188	259	60302	2000.0101	2003.0101
46597	259	45995	2000.0101	2003.0101
56879	259	55337	2000.0101	2003.0101
64194	259	55337	2000.0101	2003.0101
80299	259	53651	2000.0101	2003.0101
58063	259	44697	2000.0101	2003.0101
51540	259	49343	2000.0101	2003.0101
47985	259	47986	2000.0101	2004.0101
44992	259	50876	2000.0101	2004.0101
51278	259	50876	2000.0101	2004.0101
51401	259	44128	2000.0101	2004.0101
51495	259	45813	2000.0101	2004.0101
51605	259	44402	2000.0101	2004.0101
54331	259	54332	2000.0101	2004.0101
45400	259	54717	2000.0101	2004.0101
56667	259	56668	2000.0101	2004.0101
57502	259	47309	2000.0101	2004.0101
47018	259	44144	2000.0101	2004.0101
54561	259	51619	2000.0101	2004.0101
55637	259	48518	2000.0101	2004.0101
60876	259	45311	2000.0101	2004.0101
65239	259	46086	2000.0101	2004.0101
68559	259	49355	2000.0101	2004.0101
47494	272	58048	2000.0101	2004.0101
54527	259	46680	2000.0101	2004.0101
70219	259	43989	2000.0101	2004.0101
54597	259	52093	2000.0101	2004.0101
72348	259	44811	2000.0101	2004.0101
52388	259	64961	2000.0101	2004.0101
73932	259	51489	2000.0101	2004.0101
62341	259	47744	2000.0101	2004.0101
75700	259	47602	2000.0101	2004.0101
67544	259	51213	2000.0101	2004.0101
56175	259	69290	2000.0101	2004.0101
63442	259	48667	2000.0101	2004.0101
53741	265	43865	2000.0101	2004.0101
57906	259	47309	2000.0101	2004.0101
56464	259	44303	2000.0101	2004.0101
74280	259	44169	2000.0101	2004.0101
65328	259	47141	2000.0101	2004.0101
52040	259	45228	2000.0101	2004.0101
77157	259	55098	2000.0101	2004.0101
59225	259	62205	2000.0101	2004.0101
64981	259	54864	2000.0101	2004.0101
58654	259	62489	2000.0101	2004.0101
69157	259	55849	2000.0101	2004.0101
58048	272	47494	2000.0101	2004.0101
62402	259	49968	2000.0101	2004.0101
65749	259	50020	2000.0101	2004.0101
73932	259	63689	2000.0101	2004.0101
48683	259	55011	2000.0101	2004.0101
74639	259	61149	2000.0101	2004.0101
59003	263	75066	2000.0101	2004.0101
49227	259	47602	2000.0101	2004.0101
53545	259	44680	2000.0101	2004.0101
54322	259	52957	2000.0101	2004.0101
64537	259	51619	2000.0101	2004.0101
46558	259	52034	2000.0101	2004.0101
61921	259	48499	2000.0101	2004.0101
67878	259	78449	2000.0101	2004.0101
66431	259	45878	2000.0101	2004.0101
45837	259	50398	2000.0101	2004.0101
48846	259	44114	2000.0101	2004.0101
68049	259	59503	2000.0101	2004.0101
58544	259	51296	2000.0101	2004.0101
68356	259	57393	2000.0101	2004.0101
68265	259	51181	2000.0101	2004.0101
52616	259	47153	2000.0101	2004.0101
70166	259	51181	2000.0101	2004.0101
72322	259	65211	2000.0101	2004.0101
85568	259	49023	2000.0101	2004.0101
76190	259	49396	2000.0101	2004.0101
58593	259	58142	2000.0101	2004.0101
53971	259	52264	2000.0101	2004.0101
50916	259	44801	2000.0101	2004.0101
45316	259	45317	2000.0101	2005.0101
47590	259	44204	2000.0101	2005.0101
60253	265	60254	2000.0101	2005.0101
61973	259	59459	2000.0101	2005.0101
62474	259	47520	2000.0101	2005.0101
64646	259	55615	2000.0101	2005.0101
65060	259	58386	2000.0101	2005.0101
51643	259	43808	2000.0101	2005.0101
59052	259	47573	2000.0101	2005.0101
56070	259	49396	2000.0101	2005.0101
74644	259	46831	2000.0101	2005.0101
52865	259	46665	2000.0101	2005.0101
55818	259	44303	2000.0101	2005.0101
71430	259	46798	2000.0101	2005.0101
50008	259	50245	2000.0101	2005.0101
64694	259	53196	2000.0101	2005.0101
82010	259	63855	2000.0101	2005.0101
79012	259	45878	2000.0101	2005.0101
70584	259	53081	2000.0101	2005.0101
63762	259	44094	2000.0101	2005.0101
53982	259	52948	2000.0101	2005.0101
54838	259	47676	2000.0101	2005.0101
68071	259	68951	2000.0101	2005.0101
84100	259	68678	2000.0101	2005.0101
55101	259	60908	2000.0101	2005.0101
78339	259	57211	2000.0101	2005.0101
47106	259	57260	2000.0101	2005.0101
65282	265	44078	2000.0101	2005.0101
60385	259	84661	2000.0101	2005.0101
84068	259	46046	2000.0101	2005.0101
85380	259	45001	2000.0101	2005.0101
61040	259	52751	2000.0101	2005.0101
74700	259	85058	2000.0101	2005.0101
69542	259	56299	2000.0101	2005.0101
45061	259	45062	2000.0101	2006.0101
59545	259	59546	2000.0101	2006.0101
63845	259	49396	2000.0101	2006.0101
71510	259	49562	2000.0101	2006.0101
58841	259	46332	2000.0101	2006.0101
67544	259	48103	2000.0101	2006.0101
68680	259	46112	2000.0101	2006.0101
61471	259	70639	2000.0101	2006.0101
78728	259	48103	2000.0101	2006.0101
59225	259	55278	2000.0101	2006.0101
66342	259	47141	2000.0101	2006.0101
45710	259	70157	2000.0101	2006.0101
56811	263	53452	2000.0101	2006.0101
47071	259	51962	2000.0101	2006.0101
50615	263	46631	2000.0101	2006.0101
66438	259	61125	2000.0101	2006.0101
61775	259	46665	2000.0101	2006.0101
70449	259	53183	2000.0101	2006.0101
54237	259	45212	2000.0101	2006.0101
75382	259	52751	2000.0101	2006.0101
67213	259	48518	2000.0101	2006.0101
70449	296	85562	2000.0101	2006.0101
48830	259	43884	2000.0101	2006.0101
51827	259	49396	2000.0101	2006.0101
72644	259	75304	2000.0101	2006.0101
49420	272	54729	2000.0101	2007.0101
78690	259	48842	2000.0101	2007.0101
73627	259	47546	2000.0101	2007.0101
68253	259	43745	2000.0101	2007.0101
66202	259	47690	2000.0101	2007.0101
50538	259	49355	2000.0101	2007.0101
45614	259	46680	2000.0101	2007.0101
78512	263	56822	2000.0101	2007.0101
54729	272	49420	2000.0101	2007.0101
68284	259	49336	2000.0101	2007.0101
66109	259	49496	2000.0101	2007.0101
53169	259	43697	2000.0101	2008.0101
54321	259	51168	2000.0101	2008.0101
46558	259	61060	2000.0101	2008.0101
44244	259	45890	2000.0101	2008.0101
73558	265	61205	2000.0101	2008.0101
47928	259	74787	2000.0101	2008.0101
79483	259	56764	2000.0101	2008.0101
63838	259	58386	2000.0101	2008.0101
83053	259	63130	2000.0101	2008.0101
63833	259	74842	2000.0101	2008.0101
52822	296	51715	2000.0101	2008.0101
71725	259	76718	2000.0101	2008.0101
70810	259	85595	2000.0101	2008.0101
56075	259	45673	2000.0101	2009.0101
46597	259	47986	2000.0101	2009.0101
66690	265	48013	2000.0101	2009.0101
50767	263	68378	2000.0101	2009.0101
46090	259	52804	2000.0101	2009.0101
81261	259	48660	2000.0101	2009.0101
68071	259	44257	2000.0101	2009.0101
59887	259	61353	2000.0101	2009.0101
66173	259	51539	2000.0101	2009.0101
63345	272	85201	2000.0101	2009.111
85201	272	63345	2000.0101	2009.111
54838	259	49968	2000.0101	2010.0101
66196	259	52323	2000.0101	2010.0101
61040	259	74551	2000.0101	2010.0101
77989	259	64650	2000.0101	2010.0101
61925	259	57068	2000.0101	2010.0101
59563	259	48103	2000.0101	2010.0101
67354	259	67981	2000.0101	2010.0101
70759	259	49477	2000.0101	2010.0101
60355	259	46680	2000.0101	2010.0101
66173	259	55539	2000.0101	2010.0101
80508	259	43745	2000.0101	2010.0101
44708	259	61353	2000.0101	2011.0101
63679	259	63319	2000.0101	2011.0101
84978	259	51269	2000.0101	2011.0101
64825	259	44324	2000.0101	2012.0101
56000	259	48412	2000.0101	2013.0101
65470	259	78340	2000.0101	2013.0101
84283	259	54533	2000.0101	2013.0101
64921	296	51715	2000.0101	2013.0101
79632	259	47676	2000.0101	2013.0101
66438	259	43745	2000.0101	2013.0101
50450	259	43745	2000.0101	2013.0101
60914	272	57046	2000.0101	2014.0101
68391	259	47676	2000.0101	2014.0101
57046	272	60914	2000.0101	2014.0101
58745	259	46024	2000.0101	2014.0101
73105	259	44449	2000.0101	2014.0101
54597	259	61060	2000.0101	2014.0101
45768	259	45673	2000.0101	2014.0101
52960	259	47690	2000.0101	2015.0101
52111	259	56668	2000.0101	2015.0101
54611	296	51715	2000.0101	2015.0101
44857	259	47963	2000.0101	2016.0101
51939	259	43877	2000.0101	2016.0101
67159	259	47676	2000.0101	2016.0101
66767	296	51715	2000.0101	2016.0101
53467	296	51715	2000.0101	2016.0101
61728	296	51715	2000.0101	2018.0101
72559	296	51715	2000.0101	2018.0101
79472	296	51715	2000.0101	2018.0101
77951	259	52459	2000.0101	2019.0101
63247	273	45728	2000.0101	2021.0101
55749	259	71161	2000.0101	2024.0101
69746	273	57981	2000.0102	2000.0102
84163	261	51003	2000.0117	2000.0117
48220	261	44394	2000.0118	2000.0118
52406	261	44804	2000.0126	2000.0126
78634	261	85795	2000.0126	2000.0126
49420	259	55298	2000.013	2001.1121
80818	259	47885	2000.0205	2011.1001
70873	259	46956	2000.0205	2011.1203
43903	261	51192	2000.0218	2000.0218
71901	261	54459	2000.0307	2000.0307
62293	261	43869	2000.031	2000.031
66819	259	44209	2000.0317	2002.0705
80220	261	44804	2000.0325	2000.0325
45372	261	85795	2000.0325	2000.0325
70805	261	45113	2000.0401	2000.0401
48956	261	45113	2000.0401	2000.0401
80007	261	45113	2000.0401	2000.0401
50992	261	45576	2000.0403	2000.0403
45282	261	55294	2000.0421	2000.0421
52884	261	45113	2000.0501	2000.0501
43687	268	51199	2000.0507	2008.0507
54004	261	85596	2000.0519	2000.0519
47876	263	52968	2000.0701	2016.0701
73133	261	85388	2000.0704	2000.0704
73855	261	53153	2000.071	2000.071
45562	261	44967	2000.0712	2000.0712
57202	261	44967	2000.0712	2000.0712
50444	261	44967	2000.0712	2000.0712
50988	261	44967	2000.0712	2000.0712
67285	261	44967	2000.0712	2000.0712
75119	261	44967	2000.0712	2000.0712
70521	261	44967	2000.0712	2000.0712
75206	261	44967	2000.0712	2000.0712
56720	261	44967	2000.0712	2000.0712
69478	261	44967	2000.0712	2000.0712
67879	261	44967	2000.0712	2000.0712
59244	261	44967	2000.0712	2000.0712
48800	261	65307	2000.0712	2000.0712
71709	261	44967	2000.0712	2000.0712
54527	261	44967	2000.0712	2000.0712
62153	261	44967	2000.0712	2000.0712
45614	261	44967	2000.0712	2000.0712
45812	261	44967	2000.0712	2000.0712
55575	261	44967	2000.0712	2000.0712
46679	261	44967	2000.0712	2000.0712
43661	259	43662	2000.0712	2001.0727
44906	259	46089	2000.0719	2012.1209
81022	261	63126	2000.0727	2000.0727
62742	261	54459	2000.0727	2000.0727
68518	259	44209	2000.0821	2005.0111
60104	261	44394	2000.0829	2000.0829
61911	259	43837	2000.0829	2002.1216
64229	259	65526	2000.0901	2000.1231
46965	259	47088	2000.0901	2001.0101
67085	259	46036	2000.0906	2002.122
79046	261	44967	2000.1003	2000.1003
65942	272	76059	2000.101	2002.0709
61925	259	50782	2000.1104	2013.0706
66418	259	43898	2000.1105	2000.1105
75092	259	56077	2000.1119	2004.1213
60458	261	61993	2000.113	2000.113
63255	259	45494	2000.1215	2011.0413
80081	261	51003	2000.1222	2000.1222
54217	272	71588	2000.1231	2007.1022
71588	272	54217	2000.1231	2007.1022
44590	261	44591	2001.0101	2001.0101
44708	259	44709	2001.0101	2001.0101
44833	261	44834	2001.0101	2001.0101
46814	259	45593	2001.0101	2001.0101
47136	259	46606	2001.0101	2001.0101
48104	261	48105	2001.0101	2001.0101
49106	259	49107	2001.0101	2001.0101
49712	261	44055	2001.0101	2001.0101
50082	259	50083	2001.0101	2001.0101
50169	261	50170	2001.0101	2001.0101
50462	265	48009	2001.0101	2001.0101
50920	259	50921	2001.0101	2001.0101
51199	261	51200	2001.0101	2001.0101
52192	259	45394	2001.0101	2001.0101
52406	273	45503	2001.0101	2001.0101
52871	261	52872	2001.0101	2001.0101
47417	261	48023	2001.0101	2001.0101
53358	261	53359	2001.0101	2001.0101
53982	259	53983	2001.0101	2001.0101
55066	261	47338	2001.0101	2001.0101
55358	259	55359	2001.0101	2001.0101
46560	261	46491	2001.0101	2001.0101
47092	259	56131	2001.0101	2001.0101
56723	261	51185	2001.0101	2001.0101
56967	259	56968	2001.0101	2001.0101
57109	273	45052	2001.0101	2001.0101
57650	259	48566	2001.0101	2001.0101
46380	273	45894	2001.0101	2001.0101
57734	259	43898	2001.0101	2001.0101
57751	259	45313	2001.0101	2001.0101
57913	261	57914	2001.0101	2001.0101
57928	261	44394	2001.0101	2001.0101
58062	259	52703	2001.0101	2001.0101
46073	259	58200	2001.0101	2001.0101
59464	265	45493	2001.0101	2001.0101
52159	261	58053	2001.0101	2001.0101
60147	259	55337	2001.0101	2001.0101
60269	265	60270	2001.0101	2001.0101
51044	261	50466	2001.0101	2001.0101
61063	286	61064	2001.0101	2001.0101
52750	259	61238	2001.0101	2001.0101
47595	259	48120	2001.0101	2001.0101
62415	261	43626	2001.0101	2001.0101
62745	261	62746	2001.0101	2001.0101
43614	261	63334	2001.0101	2001.0101
57913	261	50967	2001.0101	2001.0101
63431	261	63432	2001.0101	2001.0101
57358	259	47412	2001.0101	2001.0101
64351	273	64352	2001.0101	2001.0101
53533	261	46964	2001.0101	2001.0101
63897	259	45389	2001.0101	2001.0101
65073	261	48614	2001.0101	2001.0101
55895	261	52683	2001.0101	2001.0101
49998	261	56278	2001.0101	2001.0101
56698	261	65859	2001.0101	2001.0101
65933	261	48212	2001.0101	2001.0101
65945	261	44394	2001.0101	2001.0101
66465	261	66466	2001.0101	2001.0101
60216	261	46296	2001.0101	2001.0101
66536	261	66537	2001.0101	2001.0101
52127	261	50405	2001.0101	2001.0101
62651	261	66798	2001.0101	2001.0101
62758	259	53739	2001.0101	2001.0101
67027	273	48623	2001.0101	2001.0101
55748	261	49735	2001.0101	2001.0101
61402	259	54211	2001.0101	2001.0101
52792	261	67658	2001.0101	2001.0101
67681	259	68255	2001.0101	2001.0101
57088	261	59833	2001.0101	2001.0101
64032	259	53620	2001.0101	2001.0101
65135	259	66336	2001.0101	2001.0101
60348	261	66774	2001.0101	2001.0101
57818	259	55011	2001.0101	2001.0101
63719	259	69139	2001.0101	2001.0101
69151	265	50590	2001.0101	2001.0101
69235	259	54401	2001.0101	2001.0101
67478	261	48419	2001.0101	2001.0101
65722	261	45115	2001.0101	2001.0101
59346	259	46112	2001.0101	2001.0101
51184	273	45052	2001.0101	2001.0101
64194	259	44709	2001.0101	2001.0101
53612	261	56791	2001.0101	2001.0101
70481	261	47777	2001.0101	2001.0101
70849	265	50496	2001.0101	2001.0101
68427	261	45661	2001.0101	2001.0101
52529	259	68676	2001.0101	2001.0101
59627	261	64583	2001.0101	2001.0101
52594	261	44055	2001.0101	2001.0101
69861	273	45052	2001.0101	2001.0101
68183	261	54749	2001.0101	2001.0101
70374	261	53957	2001.0101	2001.0101
43614	261	48902	2001.0101	2001.0101
72419	261	71272	2001.0101	2001.0101
72834	259	71996	2001.0101	2001.0101
61063	286	59287	2001.0101	2001.0101
68931	261	53359	2001.0101	2001.0101
73141	261	61147	2001.0101	2001.0101
56884	259	62956	2001.0101	2001.0101
52278	259	44775	2001.0101	2001.0101
59754	261	73636	2001.0101	2001.0101
54495	259	46779	2001.0101	2001.0101
73805	259	56885	2001.0101	2001.0101
45061	259	54999	2001.0101	2001.0101
71299	259	74162	2001.0101	2001.0101
48028	261	53785	2001.0101	2001.0101
54675	259	53004	2001.0101	2001.0101
46417	259	75187	2001.0101	2001.0101
63431	261	50965	2001.0101	2001.0101
55044	259	53024	2001.0101	2001.0101
61277	259	56174	2001.0101	2001.0101
73097	259	53878	2001.0101	2001.0101
73653	259	64772	2001.0101	2001.0101
64927	261	51319	2001.0101	2001.0101
76075	261	69959	2001.0101	2001.0101
64716	259	52804	2001.0101	2001.0101
45575	261	45115	2001.0101	2001.0101
53250	261	76174	2001.0101	2001.0101
56698	261	49867	2001.0101	2001.0101
76477	264	44501	2001.0101	2001.0101
60216	261	48902	2001.0101	2001.0101
52194	261	44326	2001.0101	2001.0101
54263	261	44326	2001.0101	2001.0101
46735	259	52645	2001.0101	2001.0101
77178	261	44059	2001.0101	2001.0101
50397	259	50041	2001.0101	2001.0101
47832	259	64202	2001.0101	2001.0101
44999	261	48829	2001.0101	2001.0101
51996	273	77553	2001.0101	2001.0101
60545	259	74938	2001.0101	2001.0101
50916	261	53814	2001.0101	2001.0101
77802	259	60565	2001.0101	2001.0101
45653	265	77822	2001.0101	2001.0101
74597	259	45394	2001.0101	2001.0101
44136	261	45115	2001.0101	2001.0101
64922	259	53210	2001.0101	2001.0101
78092	261	43981	2001.0101	2001.0101
53265	261	75956	2001.0101	2001.0101
78171	259	49386	2001.0101	2001.0101
69910	261	51938	2001.0101	2001.0101
57845	259	72930	2001.0101	2001.0101
75709	261	45681	2001.0101	2001.0101
46758	261	44326	2001.0101	2001.0101
65996	261	45681	2001.0101	2001.0101
67119	259	67531	2001.0101	2001.0101
63220	259	51483	2001.0101	2001.0101
58316	261	57240	2001.0101	2001.0101
79355	259	49352	2001.0101	2001.0101
77170	259	56299	2001.0101	2001.0101
50920	259	58586	2001.0101	2001.0101
79820	261	79821	2001.0101	2001.0101
78045	261	46577	2001.0101	2001.0101
44629	265	56039	2001.0101	2001.0101
76525	259	45099	2001.0101	2001.0101
57038	259	58451	2001.0101	2001.0101
48444	261	80125	2001.0101	2001.0101
50036	259	44245	2001.0101	2001.0101
59590	259	79311	2001.0101	2001.0101
67681	259	80286	2001.0101	2001.0101
74359	261	59982	2001.0101	2001.0101
80502	259	43898	2001.0101	2001.0101
52803	259	74537	2001.0101	2001.0101
66311	259	65526	2001.0101	2001.0101
51240	259	51296	2001.0101	2001.0101
54292	261	65859	2001.0101	2001.0101
47590	261	54976	2001.0101	2001.0101
81130	273	45052	2001.0101	2001.0101
72836	261	49074	2001.0101	2001.0101
66067	259	73401	2001.0101	2001.0101
81269	261	49514	2001.0101	2001.0101
46350	259	48499	2001.0101	2001.0101
62724	259	44043	2001.0101	2001.0101
76205	259	81471	2001.0101	2001.0101
54597	259	49686	2001.0101	2001.0101
55081	261	50170	2001.0101	2001.0101
63391	261	67972	2001.0101	2001.0101
75618	261	74993	2001.0101	2001.0101
65084	259	44882	2001.0101	2001.0101
60227	259	49538	2001.0101	2001.0101
75024	261	53109	2001.0101	2001.0101
72871	259	51799	2001.0101	2001.0101
45346	261	46296	2001.0101	2001.0101
58560	259	46971	2001.0101	2001.0101
55448	259	59595	2001.0101	2001.0101
57825	259	44880	2001.0101	2001.0101
45560	261	58363	2001.0101	2001.0101
49244	259	44507	2001.0101	2001.0101
60936	261	49649	2001.0101	2001.0101
52892	261	51566	2001.0101	2001.0101
68964	261	46964	2001.0101	2001.0101
65821	259	79010	2001.0101	2001.0101
68680	259	55144	2001.0101	2001.0101
52365	259	63855	2001.0101	2001.0101
46745	259	47088	2001.0101	2001.0101
63849	259	44009	2001.0101	2001.0101
77571	261	47425	2001.0101	2001.0101
72975	259	61173	2001.0101	2001.0101
50500	259	57005	2001.0101	2001.0101
46090	259	74537	2001.0101	2001.0101
50252	259	63510	2001.0101	2001.0101
72209	261	44016	2001.0101	2001.0101
57658	265	49240	2001.0101	2001.0101
65385	259	69937	2001.0101	2001.0101
51126	273	82212	2001.0101	2001.0101
67181	261	79119	2001.0101	2001.0101
51983	259	58951	2001.0101	2001.0101
59735	259	49686	2001.0101	2001.0101
68847	261	44326	2001.0101	2001.0101
47548	261	55209	2001.0101	2001.0101
56062	265	48474	2001.0101	2001.0101
82845	261	43626	2001.0101	2001.0101
54818	259	62554	2001.0101	2001.0101
58882	261	75113	2001.0101	2001.0101
57423	261	45115	2001.0101	2001.0101
51892	259	53004	2001.0101	2001.0101
64298	263	46631	2001.0101	2001.0101
43629	261	48614	2001.0101	2001.0101
68180	259	49000	2001.0101	2001.0101
47950	261	65364	2001.0101	2001.0101
48491	259	48071	2001.0101	2001.0101
83397	265	47491	2001.0101	2001.0101
79958	259	49062	2001.0101	2001.0101
71355	261	59526	2001.0101	2001.0101
71396	259	51296	2001.0101	2001.0101
48220	261	45115	2001.0101	2001.0101
79736	259	64772	2001.0101	2001.0101
83247	259	56928	2001.0101	2001.0101
46648	259	58451	2001.0101	2001.0101
74597	259	57783	2001.0101	2001.0101
79075	265	44738	2001.0101	2001.0101
80757	261	83680	2001.0101	2001.0101
75644	259	43898	2001.0101	2001.0101
60906	259	72113	2001.0101	2001.0101
76087	261	51871	2001.0101	2001.0101
46618	261	46848	2001.0101	2001.0101
76111	273	69011	2001.0101	2001.0101
45552	259	54759	2001.0101	2001.0101
83879	259	84089	2001.0101	2001.0101
67283	259	65724	2001.0101	2001.0101
75514	261	84119	2001.0101	2001.0101
68994	261	46026	2001.0101	2001.0101
63070	261	56831	2001.0101	2001.0101
63830	261	48095	2001.0101	2001.0101
46693	261	48572	2001.0101	2001.0101
66496	259	55771	2001.0101	2001.0101
61407	259	44897	2001.0101	2001.0101
78264	259	74537	2001.0101	2001.0101
53310	259	54433	2001.0101	2001.0101
60178	261	44326	2001.0101	2001.0101
44393	261	47777	2001.0101	2001.0101
75998	259	54999	2001.0101	2001.0101
65524	261	44326	2001.0101	2001.0101
65246	265	59367	2001.0101	2001.0101
61854	259	46813	2001.0101	2001.0101
78794	261	49884	2001.0101	2001.0101
80163	273	45052	2001.0101	2001.0101
69841	259	48625	2001.0101	2001.0101
46295	261	45704	2001.0101	2001.0101
61382	259	74476	2001.0101	2001.0101
65206	265	46150	2001.0101	2001.0101
76989	259	73572	2001.0101	2001.0101
46675	259	48781	2001.0101	2001.0101
54027	259	80146	2001.0101	2001.0101
59249	259	58091	2001.0101	2001.0101
51289	261	55719	2001.0101	2001.0101
75636	259	73766	2001.0101	2001.0101
67191	265	47128	2001.0101	2001.0101
48513	259	44265	2001.0101	2001.0101
60665	261	45681	2001.0101	2001.0101
74550	261	44055	2001.0101	2001.0101
75886	261	51096	2001.0101	2001.0101
80618	259	57078	2001.0101	2001.0101
53693	259	60494	2001.0101	2001.0101
77394	261	44055	2001.0101	2001.0101
60895	261	70375	2001.0101	2001.0101
53142	261	46296	2001.0101	2001.0101
54767	261	75944	2001.0101	2001.0101
61407	259	51866	2001.0101	2001.0101
49561	259	65526	2001.0101	2001.0101
83891	259	53107	2001.0101	2001.0101
67356	261	81715	2001.0101	2001.0101
55007	265	70830	2001.0101	2001.0101
53819	259	48738	2001.0101	2001.0101
65577	259	63510	2001.0101	2001.0101
66991	259	43670	2001.0101	2001.0101
75024	261	55610	2001.0101	2001.0101
76231	261	43626	2001.0101	2001.0101
45866	261	85006	2001.0101	2001.0101
44506	259	57572	2001.0101	2001.0101
49144	261	51566	2001.0101	2001.0101
82664	265	46137	2001.0101	2001.0101
58641	259	43898	2001.0101	2001.0101
56784	259	46091	2001.0101	2001.0101
80220	261	50112	2001.0101	2001.0101
68208	259	53081	2001.0101	2001.0101
71576	259	54647	2001.0101	2001.0101
45713	259	52273	2001.0101	2001.0101
44353	259	45755	2001.0101	2001.0101
77784	259	53081	2001.0101	2001.0101
54570	261	50405	2001.0101	2001.0101
84551	259	81523	2001.0101	2001.0101
80918	259	46332	2001.0101	2001.0101
69490	259	45403	2001.0101	2001.0101
65930	259	45405	2001.0101	2001.0101
53840	261	59573	2001.0101	2001.0101
65054	259	49849	2001.0101	2001.0101
56650	259	60026	2001.0101	2001.0101
44197	294	44196	2001.0101	2001.0101
68040	261	45659	2001.0101	2001.0101
64505	259	57503	2001.0101	2001.0101
48933	265	60861	2001.0101	2001.0101
47626	261	85240	2001.0101	2001.0101
67464	261	47522	2001.0101	2001.0101
75535	261	46905	2001.0101	2001.0101
64448	261	53153	2001.0101	2001.0101
44990	273	56305	2001.0101	2001.0101
67577	261	76154	2001.0101	2001.0101
45575	261	83022	2001.0101	2001.0101
71274	259	60122	2001.0101	2001.0101
68183	261	48419	2001.0101	2001.0101
61438	259	64474	2001.0101	2001.0101
70187	259	48979	2001.0101	2001.0101
75618	261	62813	2001.0101	2001.0101
64707	261	59701	2001.0101	2001.0101
46965	259	45593	2001.0101	2001.0101
49935	261	74703	2001.0101	2001.0101
72516	261	71494	2001.0101	2001.0101
66989	259	47352	2001.0101	2001.0101
75024	261	66028	2001.0101	2001.0101
70345	265	45414	2001.0101	2001.0101
45026	259	81356	2001.0101	2001.0101
70326	261	76707	2001.0101	2001.0101
46745	259	45593	2001.0101	2001.0101
73842	259	49000	2001.0101	2001.0101
68101	259	45593	2001.0101	2001.0101
70597	259	51256	2001.0101	2001.0101
57128	261	64938	2001.0101	2001.0101
47087	259	45593	2001.0101	2001.0101
68409	261	54084	2001.0101	2001.0101
66869	261	60579	2001.0101	2001.0101
75036	259	49386	2001.0101	2001.0101
70283	261	79937	2001.0101	2001.0101
53001	259	44128	2001.0101	2001.0101
73225	273	46438	2001.0101	2001.0101
79635	261	85360	2001.0101	2001.0101
56727	261	53521	2001.0101	2001.0101
63202	259	44305	2001.0101	2001.0101
72845	261	60561	2001.0101	2001.0101
84168	265	45738	2001.0101	2001.0101
76493	259	57639	2001.0101	2001.0101
71352	261	45115	2001.0101	2001.0101
45802	261	44762	2001.0101	2001.0101
50942	261	49735	2001.0101	2001.0101
63897	259	56378	2001.0101	2001.0101
66053	261	85388	2001.0101	2001.0101
59814	261	49735	2001.0101	2001.0101
68943	261	85388	2001.0101	2001.0101
65956	261	81715	2001.0101	2001.0101
68690	259	49015	2001.0101	2001.0101
75711	261	77511	2001.0101	2001.0101
85434	259	43898	2001.0101	2001.0101
59162	265	44369	2001.0101	2001.0101
65073	261	46786	2001.0101	2001.0101
53923	259	43898	2001.0101	2001.0101
83020	259	43898	2001.0101	2001.0101
76908	261	66009	2001.0101	2001.0101
67155	261	43981	2001.0101	2001.0101
63700	265	44931	2001.0101	2001.0101
49885	259	43898	2001.0101	2001.0101
60525	261	55935	2001.0101	2001.0101
49638	261	50132	2001.0101	2001.0101
53010	259	43898	2001.0101	2001.0101
63167	261	45681	2001.0101	2001.0101
62651	259	43898	2001.0101	2001.0101
62009	261	48095	2001.0101	2001.0101
59636	261	44408	2001.0101	2001.0101
68648	265	52968	2001.0101	2001.0101
60752	259	49834	2001.0101	2001.0101
61616	261	80086	2001.0101	2001.0101
56054	261	60190	2001.0101	2001.0101
56904	261	48913	2001.0101	2001.0101
74029	259	54277	2001.0101	2001.0101
51195	261	43626	2001.0101	2001.0101
45516	261	52683	2001.0101	2001.0101
72469	261	52683	2001.0101	2001.0101
73434	261	67406	2001.0101	2001.0101
73609	259	52645	2001.0101	2001.0101
83020	261	71746	2001.0101	2001.0101
85524	261	49002	2001.0101	2001.0101
60865	265	45818	2001.0101	2001.0101
46675	259	64930	2001.0101	2001.0101
62356	261	53266	2001.0101	2001.0101
72846	265	45818	2001.0101	2001.0101
51199	261	85547	2001.0101	2001.0101
78267	261	59982	2001.0101	2001.0101
68183	261	54567	2001.0101	2001.0101
73487	261	59982	2001.0101	2001.0101
79673	259	45686	2001.0101	2001.0101
52186	261	58984	2001.0101	2001.0101
56464	259	50743	2001.0101	2001.0101
62992	261	46577	2001.0101	2001.0101
61668	273	45052	2001.0101	2001.0101
59284	261	44813	2001.0101	2001.0101
61982	259	44507	2001.0101	2001.0101
44999	261	47290	2001.0101	2001.0101
43939	259	45164	2001.0101	2001.0101
58303	261	72302	2001.0101	2001.0101
72437	259	44993	2001.0101	2001.0101
75175	259	53931	2001.0101	2001.0101
68363	259	75341	2001.0101	2001.0101
46021	261	47685	2001.0101	2001.0101
47033	261	51547	2001.0101	2001.0101
77879	259	47397	2001.0101	2001.0101
47715	259	52969	2001.0101	2001.0101
56488	261	51373	2001.0101	2001.0101
70819	265	75110	2001.0101	2001.0101
74275	261	47549	2001.0101	2001.0101
44109	261	44322	2001.0101	2001.0101
61870	261	85643	2001.0101	2001.0101
69876	261	48433	2001.0101	2001.0101
51057	259	54286	2001.0101	2001.0101
62010	259	59611	2001.0101	2001.0101
79176	272	76043	2001.0101	2001.0101
62648	259	71233	2001.0101	2001.0101
48364	261	44055	2001.0101	2001.0101
53001	259	56297	2001.0101	2001.0101
74865	261	44108	2001.0101	2001.0101
74200	273	50954	2001.0101	2001.0101
58574	261	73226	2001.0101	2001.0101
85049	265	53793	2001.0101	2001.0101
51811	261	51096	2001.0101	2001.0101
57262	261	51185	2001.0101	2001.0101
77347	261	44326	2001.0101	2001.0101
78674	261	51905	2001.0101	2001.0101
63490	259	75187	2001.0101	2001.0101
84166	261	56270	2001.0101	2001.0101
44393	261	85713	2001.0101	2001.0101
48326	261	85713	2001.0101	2001.0101
69142	259	61245	2001.0101	2001.0101
61870	261	49202	2001.0101	2001.0101
83378	261	48437	2001.0101	2001.0101
68082	259	61587	2001.0101	2001.0101
56698	261	48212	2001.0101	2001.0101
63746	259	63529	2001.0101	2001.0101
46103	261	83418	2001.0101	2001.0101
67327	261	45435	2001.0101	2001.0101
53080	259	44161	2001.0101	2001.0101
56262	261	75956	2001.0101	2001.0101
84290	265	46877	2001.0101	2001.0101
60541	261	52632	2001.0101	2001.0101
60275	259	46893	2001.0101	2001.0101
44594	261	66787	2001.0101	2001.0101
45061	259	67541	2001.0101	2001.0101
58130	261	78500	2001.0101	2001.0101
73988	259	62229	2001.0101	2001.0101
54767	261	59557	2001.0101	2001.0101
70198	265	76954	2001.0101	2001.0101
75490	265	44616	2001.0101	2001.0101
59284	261	48882	2001.0101	2001.0101
64132	259	60565	2001.0101	2001.0101
45084	259	66768	2001.0101	2001.0101
76043	272	79176	2001.0101	2001.0101
74362	261	45661	2001.0101	2001.0101
54556	261	64239	2001.0101	2001.0101
69842	259	54306	2001.0101	2001.0101
73438	259	57315	2001.0101	2001.0515
44872	259	44873	2001.0101	2002.0101
45448	259	45449	2001.0101	2002.0101
47859	259	48530	2001.0101	2002.0101
50040	259	50041	2001.0101	2002.0101
53275	259	46445	2001.0101	2002.0101
53310	259	53311	2001.0101	2002.0101
54081	259	51454	2001.0101	2002.0101
54539	259	46599	2001.0101	2002.0101
55372	259	55135	2001.0101	2002.0101
55448	259	55449	2001.0101	2002.0101
48484	259	48468	2001.0101	2002.0101
48592	259	49672	2001.0101	2002.0101
59979	259	49549	2001.0101	2002.0101
60848	259	60645	2001.0101	2002.0101
48098	259	61030	2001.0101	2002.0101
61200	259	61201	2001.0101	2002.0101
56488	259	44689	2001.0101	2002.0101
53310	259	51988	2001.0101	2002.0101
57055	259	62032	2001.0101	2002.0101
55818	259	62708	2001.0101	2002.0101
63196	259	59909	2001.0101	2002.0101
57142	259	47072	2001.0101	2002.0101
53473	259	65176	2001.0101	2002.0101
65777	259	62218	2001.0101	2002.0101
63662	259	61353	2001.0101	2002.0101
49244	259	45352	2001.0101	2002.0101
55073	259	66452	2001.0101	2002.0101
57742	259	52492	2001.0101	2002.0101
52722	259	44689	2001.0101	2002.0101
65677	265	44193	2001.0101	2002.0101
69127	259	58200	2001.0101	2002.0101
69490	259	58737	2001.0101	2002.0101
58835	259	66293	2001.0101	2002.0101
61982	259	45352	2001.0101	2002.0101
55196	259	60851	2001.0101	2002.0101
62937	259	47594	2001.0101	2002.0101
50200	259	49122	2001.0101	2002.0101
67726	259	52641	2001.0101	2002.0101
72177	259	70496	2001.0101	2002.0101
50280	259	72193	2001.0101	2002.0101
53001	259	44487	2001.0101	2002.0101
72736	259	48495	2001.0101	2002.0101
51266	259	44020	2001.0101	2002.0101
52164	259	51454	2001.0101	2002.0101
52295	259	50125	2001.0101	2002.0101
73609	259	51644	2001.0101	2002.0101
73776	259	46172	2001.0101	2002.0101
53797	259	50349	2001.0101	2002.0101
53673	259	73766	2001.0101	2002.0101
62884	259	66957	2001.0101	2002.0101
74434	259	59251	2001.0101	2002.0101
53607	259	49562	2001.0101	2002.0101
75171	259	56365	2001.0101	2002.0101
63628	259	63942	2001.0101	2002.0101
56176	259	62489	2001.0101	2002.0101
60123	259	46277	2001.0101	2002.0101
47441	259	67048	2001.0101	2002.0101
71146	273	56900	2001.0101	2002.0101
51983	259	68678	2001.0101	2002.0101
76183	259	63645	2001.0101	2002.0101
75850	259	50201	2001.0101	2002.0101
77334	259	60228	2001.0101	2002.0101
71058	259	44802	2001.0101	2002.0101
66750	259	49496	2001.0101	2002.0101
54818	259	44434	2001.0101	2002.0101
55044	259	54233	2001.0101	2002.0101
69534	259	61390	2001.0101	2002.0101
65277	259	53210	2001.0101	2002.0101
73189	259	53620	2001.0101	2002.0101
45822	259	50038	2001.0101	2002.0101
58563	259	73611	2001.0101	2002.0101
62248	259	48164	2001.0101	2002.0101
54010	259	48518	2001.0101	2002.0101
52345	259	46277	2001.0101	2002.0101
66574	259	51986	2001.0101	2002.0101
54880	259	51414	2001.0101	2002.0101
57612	259	64253	2001.0101	2002.0101
71701	259	59620	2001.0101	2002.0101
66079	259	45224	2001.0101	2002.0101
57362	259	44507	2001.0101	2002.0101
50040	259	47347	2001.0101	2002.0101
59174	259	48876	2001.0101	2002.0101
50538	259	60200	2001.0101	2002.0101
79629	259	52703	2001.0101	2002.0101
55545	259	44697	2001.0101	2002.0101
77371	259	75443	2001.0101	2002.0101
63845	259	46831	2001.0101	2002.0101
50820	259	61315	2001.0101	2002.0101
74367	259	49062	2001.0101	2002.0101
68739	259	51050	2001.0101	2002.0101
52437	259	54735	2001.0101	2002.0101
51413	259	61427	2001.0101	2002.0101
45015	259	63529	2001.0101	2002.0101
65054	259	62518	2001.0101	2002.0101
47276	259	81356	2001.0101	2002.0101
81362	259	54598	2001.0101	2002.0101
80104	259	77758	2001.0101	2002.0101
67970	259	43796	2001.0101	2002.0101
66750	259	47887	2001.0101	2002.0101
71969	259	49503	2001.0101	2002.0101
68211	259	50728	2001.0101	2002.0101
62904	259	61587	2001.0101	2002.0101
58281	259	68154	2001.0101	2002.0101
59249	259	49399	2001.0101	2002.0101
56350	259	50843	2001.0101	2002.0101
59038	259	53204	2001.0101	2002.0101
76028	259	69199	2001.0101	2002.0101
62884	259	44446	2001.0101	2002.0101
66674	259	56299	2001.0101	2002.0101
62648	259	47968	2001.0101	2002.0101
47985	259	46120	2001.0101	2002.0101
59333	259	53507	2001.0101	2002.0101
78656	265	46279	2001.0101	2002.0101
44563	259	72860	2001.0101	2002.0101
63489	259	46698	2001.0101	2002.0101
57335	259	63667	2001.0101	2002.0101
64819	259	60228	2001.0101	2002.0101
57813	259	66609	2001.0101	2002.0101
83247	259	44662	2001.0101	2002.0101
57710	259	44414	2001.0101	2002.0101
50742	259	48337	2001.0101	2002.0101
49285	259	59002	2001.0101	2002.0101
67215	259	53608	2001.0101	2002.0101
54298	259	67296	2001.0101	2002.0101
54298	259	49396	2001.0101	2002.0101
54082	259	45352	2001.0101	2002.0101
75624	259	45001	2001.0101	2002.0101
68674	259	54022	2001.0101	2002.0101
58563	259	48549	2001.0101	2002.0101
58808	259	50326	2001.0101	2002.0101
48791	259	44031	2001.0101	2002.0101
65781	259	67048	2001.0101	2002.0101
58299	259	43796	2001.0101	2002.0101
53251	259	69741	2001.0101	2002.0101
54933	259	59459	2001.0101	2002.0101
72975	259	46170	2001.0101	2002.0101
74141	259	48734	2001.0101	2002.0101
48106	259	44438	2001.0101	2002.0101
45819	259	70578	2001.0101	2002.0101
55812	259	46673	2001.0101	2002.0101
78702	259	48783	2001.0101	2002.0101
52278	259	51045	2001.0101	2002.0101
66699	259	64389	2001.0101	2002.0101
64991	259	44689	2001.0101	2002.0101
70582	259	72921	2001.0101	2002.0101
55241	259	47586	2001.0101	2002.0101
68300	259	62161	2001.0101	2002.0101
54859	259	82932	2001.0101	2002.0101
60164	259	83901	2001.0101	2002.0101
54658	259	70128	2001.0101	2002.0101
67673	259	47893	2001.0101	2002.0101
75080	259	81356	2001.0101	2002.0101
48513	259	64425	2001.0101	2002.0101
75605	259	66679	2001.0101	2002.0101
57869	259	67498	2001.0101	2002.0101
57822	259	75396	2001.0101	2002.0101
66566	259	54934	2001.0101	2002.0101
67006	259	44689	2001.0101	2002.0101
66214	259	47974	2001.0101	2002.0101
76149	259	85091	2001.0101	2002.0101
73782	259	53164	2001.0101	2002.0101
53734	259	45838	2001.0101	2002.0101
51209	259	74769	2001.0101	2002.0101
81854	259	45851	2001.0101	2002.0101
70092	259	54647	2001.0101	2002.0101
58868	259	48629	2001.0101	2002.0101
49486	259	46487	2001.0101	2002.0101
59364	259	66338	2001.0101	2002.0101
72571	259	51433	2001.0101	2002.0101
62674	259	75396	2001.0101	2002.0101
63521	259	47267	2001.0101	2002.0101
62079	259	48585	2001.0101	2002.0101
52698	259	65604	2001.0101	2002.0101
66926	259	48214	2001.0101	2002.0101
78768	259	54728	2001.0101	2002.0101
48118	259	43616	2001.0101	2002.0101
80899	259	58956	2001.0101	2002.0101
64505	259	56324	2001.0101	2002.0101
44708	259	50083	2001.0101	2002.0101
62544	259	62321	2001.0101	2002.0101
69291	259	44689	2001.0101	2002.0101
70632	259	50843	2001.0101	2002.0101
64140	259	46170	2001.0101	2002.0101
51180	259	67048	2001.0101	2002.0101
57110	259	67048	2001.0101	2002.0101
60185	259	52775	2001.0101	2002.0101
58340	259	53036	2001.0101	2002.0101
74730	259	49015	2001.0101	2002.0101
55149	259	53515	2001.0101	2002.0101
66202	259	47153	2001.0101	2002.0101
72997	259	44402	2001.0101	2002.0101
74778	259	63795	2001.0101	2002.0101
70306	259	57392	2001.0101	2002.0101
76989	259	78081	2001.0101	2002.0101
61713	259	46649	2001.0101	2002.0101
75843	259	65056	2001.0101	2002.0101
65468	259	45982	2001.0101	2002.0101
67460	259	50743	2001.0101	2002.0101
49502	259	63495	2001.0101	2002.0101
50036	259	53443	2001.0101	2002.0101
46350	259	52914	2001.0101	2002.0101
52617	259	85602	2001.0101	2002.0101
59440	259	45164	2001.0101	2002.0101
63399	259	46314	2001.0101	2002.0101
51119	259	44126	2001.0101	2002.0101
78401	259	64648	2001.0101	2002.0101
82180	259	56126	2001.0101	2002.0101
78264	259	45498	2001.0101	2002.0101
85650	259	50056	2001.0101	2002.0101
48779	259	44811	2001.0101	2002.0101
68680	259	58208	2001.0101	2002.0101
58468	259	60228	2001.0101	2002.0101
45701	259	61259	2001.0101	2002.0101
61766	259	44183	2001.0101	2002.0101
65385	259	74801	2001.0101	2002.0101
57205	259	63811	2001.0101	2002.0101
65105	263	44045	2001.0101	2002.0101
58196	259	63529	2001.0101	2002.0101
54521	259	79237	2001.0101	2002.0101
50243	259	44144	2001.0101	2002.0101
68027	259	50921	2001.0101	2002.0101
72667	259	49817	2001.0101	2002.0101
53018	259	57819	2001.0101	2002.0101
60848	259	66452	2001.0101	2002.0101
63034	259	45389	2001.0101	2002.0101
61751	259	57692	2001.0101	2002.0101
54721	259	65469	2001.0101	2002.0101
75454	259	60565	2001.0101	2002.0101
61837	259	52508	2001.0101	2002.0101
45293	259	45294	2001.0101	2003.0101
46531	259	46089	2001.0101	2003.0101
47585	259	47586	2001.0101	2003.0101
53043	259	44977	2001.0101	2003.0101
54545	259	54546	2001.0101	2003.0101
53599	259	47643	2001.0101	2003.0101
54908	259	44882	2001.0101	2003.0101
45480	259	44146	2001.0101	2003.0101
60531	259	60532	2001.0101	2003.0101
61393	259	55278	2001.0101	2003.0101
63064	259	60565	2001.0101	2003.0101
65669	259	49023	2001.0101	2003.0101
63838	259	61125	2001.0101	2003.0101
66699	259	55112	2001.0101	2003.0101
68270	259	46144	2001.0101	2003.0101
69502	259	47269	2001.0101	2003.0101
59472	259	48518	2001.0101	2003.0101
70186	259	47279	2001.0101	2003.0101
61182	272	70230	2001.0101	2003.0101
62793	259	70309	2001.0101	2003.0101
66255	259	53084	2001.0101	2003.0101
71048	272	71049	2001.0101	2003.0101
69656	259	66289	2001.0101	2003.0101
71698	259	49293	2001.0101	2003.0101
47994	259	47440	2001.0101	2003.0101
56097	259	54735	2001.0101	2003.0101
60533	259	57393	2001.0101	2003.0101
50650	259	45880	2001.0101	2003.0101
67746	259	71447	2001.0101	2003.0101
73903	259	53963	2001.0101	2003.0101
77099	259	44880	2001.0101	2003.0101
77441	259	55135	2001.0101	2003.0101
45499	259	49355	2001.0101	2003.0101
51996	273	44065	2001.0101	2003.0101
72786	259	59098	2001.0101	2003.0101
46979	259	49352	2001.0101	2003.0101
57597	259	47647	2001.0101	2003.0101
76334	259	52645	2001.0101	2003.0101
75720	259	48518	2001.0101	2003.0101
72199	259	53620	2001.0101	2003.0101
54076	259	47647	2001.0101	2003.0101
52012	259	45139	2001.0101	2003.0101
71828	259	81703	2001.0101	2003.0101
79720	259	71597	2001.0101	2003.0101
57818	259	65140	2001.0101	2003.0101
46607	259	77758	2001.0101	2003.0101
82339	259	69800	2001.0101	2003.0101
49694	259	44128	2001.0101	2003.0101
65714	259	67498	2001.0101	2003.0101
64437	259	57463	2001.0101	2003.0101
58359	263	53146	2001.0101	2003.0101
62560	259	82944	2001.0101	2003.0101
82319	259	83027	2001.0101	2003.0101
53992	259	69819	2001.0101	2003.0101
80677	259	46098	2001.0101	2003.0101
60277	259	83393	2001.0101	2003.0101
83046	259	73521	2001.0101	2003.0101
59563	259	44578	2001.0101	2003.0101
54625	259	44578	2001.0101	2003.0101
59104	259	52926	2001.0101	2003.0101
46558	259	49686	2001.0101	2003.0101
78534	259	47602	2001.0101	2003.0101
68290	259	67388	2001.0101	2003.0101
80979	259	64220	2001.0101	2003.0101
46745	259	43827	2001.0101	2003.0101
58143	259	75952	2001.0101	2003.0101
51372	259	44746	2001.0101	2003.0101
56924	259	45718	2001.0101	2003.0101
77570	259	52751	2001.0101	2003.0101
78290	259	62950	2001.0101	2003.0101
48841	259	45796	2001.0101	2003.0101
68316	259	45324	2001.0101	2003.0101
81406	259	63204	2001.0101	2003.0101
63851	259	82944	2001.0101	2003.0101
55688	259	48107	2001.0101	2003.0101
80725	259	66922	2001.0101	2003.0101
74948	263	73025	2001.0101	2003.0101
56276	259	84705	2001.0101	2003.0101
77541	259	55675	2001.0101	2003.0101
58424	259	49837	2001.0101	2003.0101
53003	259	44641	2001.0101	2003.0101
63108	259	54398	2001.0101	2003.0101
72563	259	54423	2001.0101	2003.0101
68227	263	78335	2001.0101	2003.0101
45508	259	46412	2001.0101	2003.0101
78187	259	66697	2001.0101	2003.0101
71079	259	63286	2001.0101	2003.0101
74882	259	57204	2001.0101	2003.0101
78258	259	51986	2001.0101	2003.0101
60318	259	61424	2001.0101	2003.0101
83957	259	59002	2001.0101	2003.0101
59086	259	65372	2001.0101	2003.0101
51356	259	45266	2001.0101	2003.0101
75128	296	51715	2001.0101	2003.0101
50623	259	44200	2001.0101	2003.0101
70993	259	74938	2001.0101	2003.0101
83347	259	51682	2001.0101	2003.0101
65020	259	51682	2001.0101	2003.0101
79673	259	54717	2001.0101	2003.0101
57638	259	76494	2001.0101	2003.0101
69198	259	51744	2001.0101	2003.0101
43925	259	57226	2001.0101	2003.0101
47761	259	47279	2001.0101	2003.0101
53445	259	44402	2001.0101	2003.0101
62747	259	49199	2001.0101	2003.0101
51180	259	52389	2001.0101	2003.0101
50597	259	45796	2001.0101	2003.0101
64672	259	47141	2001.0101	2003.0101
63509	259	61479	2001.0101	2003.0101
70440	259	47567	2001.0101	2003.0101
45730	259	77040	2001.0101	2003.0101
60690	259	47667	2001.0101	2003.0101
51774	259	43884	2001.0101	2003.0101
71049	272	71048	2001.0101	2003.0101
73523	259	66559	2001.0101	2003.0101
63108	259	52914	2001.0101	2003.0101
72199	259	71206	2001.0101	2003.0101
55101	259	58297	2001.0101	2003.0101
58471	259	47953	2001.0101	2003.0101
49848	259	65954	2001.0101	2003.0101
59608	259	50890	2001.0101	2003.0101
83957	259	62920	2001.0101	2003.0101
70022	259	66506	2001.0101	2003.0101
44940	259	59551	2001.0101	2003.0101
59035	259	57711	2001.0101	2003.0101
62394	259	44446	2001.0101	2003.0101
52728	259	77808	2001.0101	2003.0101
56967	259	59098	2001.0101	2003.0101
65694	259	56651	2001.0101	2003.0101
48491	259	60565	2001.0101	2003.0101
64587	259	44303	2001.0101	2003.0101
47227	273	45052	2001.0101	2003.0609
46503	259	46504	2001.0101	2004.0101
46648	259	43991	2001.0101	2004.0101
52960	259	47153	2001.0101	2004.0101
53337	259	57733	2001.0101	2004.0101
45653	259	60009	2001.0101	2004.0101
47620	259	57336	2001.0101	2004.0101
70996	259	56623	2001.0101	2004.0101
43579	259	67891	2001.0101	2004.0101
73440	259	48173	2001.0101	2004.0101
68732	259	47225	2001.0101	2004.0101
70131	259	50078	2001.0101	2004.0101
55358	259	63689	2001.0101	2004.0101
54597	259	53243	2001.0101	2004.0101
52791	259	44551	2001.0101	2004.0101
50860	259	51485	2001.0101	2004.0101
58049	272	47618	2001.0101	2004.0101
46305	259	59130	2001.0101	2004.0101
78549	259	51059	2001.0101	2004.0101
53820	259	47153	2001.0101	2004.0101
72112	259	43819	2001.0101	2004.0101
55242	259	45947	2001.0101	2004.0101
50661	259	59662	2001.0101	2004.0101
75998	259	55011	2001.0101	2004.0101
74563	259	49477	2001.0101	2004.0101
51023	259	47309	2001.0101	2004.0101
60584	259	60097	2001.0101	2004.0101
68513	263	54265	2001.0101	2004.0101
64934	259	67730	2001.0101	2004.0101
62990	259	53579	2001.0101	2004.0101
57225	259	65467	2001.0101	2004.0101
63770	259	48518	2001.0101	2004.0101
75185	259	62613	2001.0101	2004.0101
61190	259	48412	2001.0101	2004.0101
80523	259	63983	2001.0101	2004.0101
50516	259	63795	2001.0101	2004.0101
54527	259	49496	2001.0101	2004.0101
51119	259	66922	2001.0101	2004.0101
79836	259	50529	2001.0101	2004.0101
52340	259	48337	2001.0101	2004.0101
66328	259	67891	2001.0101	2004.0101
47632	259	51539	2001.0101	2004.0101
68104	259	46074	2001.0101	2004.0101
77662	259	44487	2001.0101	2004.0101
45889	259	54211	2001.0101	2004.0101
81188	296	51715	2001.0101	2004.0101
64409	259	48549	2001.0101	2004.0101
53053	259	48979	2001.0101	2004.0101
59915	259	45813	2001.0101	2004.0101
57673	259	58064	2001.0101	2004.0101
77552	259	44324	2001.0101	2004.0101
53824	259	57369	2001.0101	2004.0101
52803	259	48346	2001.0101	2004.0101
50397	259	47153	2001.0101	2004.0101
55520	259	81033	2001.0101	2004.0101
51678	259	45319	2001.0101	2004.0101
50200	259	71251	2001.0101	2004.0101
52430	259	45838	2001.0101	2004.0101
71396	259	63382	2001.0101	2004.0101
64934	259	48120	2001.0101	2004.0101
58807	259	47177	2001.0101	2004.0101
75342	259	46238	2001.0101	2004.0101
75403	259	56177	2001.0101	2004.0101
49347	259	55238	2001.0101	2004.0101
72834	259	76416	2001.0101	2004.0101
68490	259	84846	2001.0101	2004.0101
52548	259	46001	2001.0101	2004.0101
81195	259	47032	2001.0101	2004.0101
66889	259	45633	2001.0101	2004.0401
78030	259	62015	2001.0101	2004.0509
45586	259	45587	2001.0101	2005.0101
46085	259	46086	2001.0101	2005.0101
46965	259	45838	2001.0101	2005.0101
52858	259	46098	2001.0101	2005.0101
46219	259	59177	2001.0101	2005.0101
61155	259	44882	2001.0101	2005.0101
44854	259	52859	2001.0101	2005.0101
54243	259	44701	2001.0101	2005.0101
64342	259	44169	2001.0101	2005.0101
62682	259	59177	2001.0101	2005.0101
70822	259	57503	2001.0101	2005.0101
73143	259	60395	2001.0101	2005.0101
52092	259	76909	2001.0101	2005.0101
75727	259	51235	2001.0101	2005.0101
48441	259	59177	2001.0101	2005.0101
53100	259	46273	2001.0101	2005.0101
64409	259	56819	2001.0101	2005.0101
64687	259	80496	2001.0101	2005.0101
62474	259	44520	2001.0101	2005.0101
49102	259	43827	2001.0101	2005.0101
72168	259	69264	2001.0101	2005.0101
45882	259	54332	2001.0101	2005.0101
70715	259	46971	2001.0101	2005.0101
70046	259	46395	2001.0101	2005.0101
77454	259	58951	2001.0101	2005.0101
71080	259	45189	2001.0101	2005.0101
65465	259	48337	2001.0101	2005.0101
55737	259	66609	2001.0101	2005.0101
72862	259	49672	2001.0101	2005.0101
65821	259	83505	2001.0101	2005.0101
72168	259	48415	2001.0101	2005.0101
55630	259	46971	2001.0101	2005.0101
75877	259	44446	2001.0101	2005.0101
56434	259	43670	2001.0101	2005.0101
63347	259	65140	2001.0101	2005.0101
49311	259	71078	2001.0101	2005.0101
56311	259	63942	2001.0101	2005.0101
71249	259	52926	2001.0101	2005.0101
62341	259	50935	2001.0101	2005.0101
83683	259	69657	2001.0101	2005.0101
82511	265	59906	2001.0101	2005.0101
78198	259	51999	2001.0101	2005.0101
79355	259	45001	2001.0101	2005.0101
65160	259	47217	2001.0101	2005.0101
44558	259	50138	2001.0101	2005.0101
58920	259	49837	2001.0101	2005.0101
56302	259	47676	2001.0101	2005.0101
50720	259	71239	2001.0101	2005.0101
58125	259	45878	2001.0101	2005.0101
46889	259	57711	2001.0101	2005.0101
80076	259	49904	2001.0101	2005.0101
51970	259	45324	2001.0101	2005.0101
70018	259	46395	2001.0101	2005.0101
57141	259	58241	2001.0101	2005.0101
44499	259	43808	2001.0101	2006.0101
51470	259	43894	2001.0101	2006.0101
52149	263	52150	2001.0101	2006.0101
63106	259	49477	2001.0101	2006.0101
49965	259	48688	2001.0101	2006.0101
65016	259	65017	2001.0101	2006.0101
47176	259	65211	2001.0101	2006.0101
63207	259	67447	2001.0101	2006.0101
69718	259	51485	2001.0101	2006.0101
46056	259	72498	2001.0101	2006.0101
46618	259	44595	2001.0101	2006.0101
75881	259	48521	2001.0101	2006.0101
71943	265	45226	2001.0101	2006.0101
68359	259	52769	2001.0101	2006.0101
62934	259	44983	2001.0101	2006.0101
72237	259	44204	2001.0101	2006.0101
74710	259	61125	2001.0101	2006.0101
68324	265	64969	2001.0101	2006.0101
48338	259	46831	2001.0101	2006.0101
51654	259	48381	2001.0101	2006.0101
70633	259	44802	2001.0101	2006.0101
69403	259	47397	2001.0101	2006.0101
73406	259	55112	2001.0101	2006.0101
61219	259	47546	2001.0101	2006.0101
71286	259	44128	2001.0101	2006.0101
85205	259	68889	2001.0101	2006.0101
60858	259	46798	2001.0101	2006.0101
79591	259	49396	2001.0101	2006.0101
77804	259	71829	2001.0101	2006.0101
72168	259	43745	2001.0101	2006.0101
50727	259	50728	2001.0101	2007.0101
59550	259	59551	2001.0101	2007.0101
60659	259	43616	2001.0101	2007.0101
58260	259	62620	2001.0101	2007.0101
63849	259	45241	2001.0101	2007.0101
61835	263	64276	2001.0101	2007.0101
68188	272	56491	2001.0101	2007.0101
48114	259	44697	2001.0101	2007.0101
50252	259	47596	2001.0101	2007.0101
64194	259	55849	2001.0101	2007.0101
52893	259	52525	2001.0101	2007.0101
67107	259	63472	2001.0101	2007.0101
60365	259	61587	2001.0101	2007.0101
45229	259	48350	2001.0101	2007.0101
48945	259	43806	2001.0101	2007.0101
58169	259	49241	2001.0101	2007.0101
75108	259	53081	2001.0101	2007.0101
58664	259	62973	2001.0101	2007.0101
79757	259	60099	2001.0101	2007.0101
46315	259	55097	2001.0101	2007.0101
56491	272	68188	2001.0101	2007.0101
61171	259	45317	2001.0101	2007.0101
85593	272	44334	2001.0101	2007.0101
44594	259	44595	2001.0101	2008.0101
65577	259	47596	2001.0101	2008.0101
53820	259	46680	2001.0101	2008.0101
44966	259	52641	2001.0101	2008.0101
47262	259	46680	2001.0101	2008.0101
50820	259	51688	2001.0101	2008.0101
76103	259	61125	2001.0101	2008.0101
70965	263	47279	2001.0101	2008.0101
65684	259	56015	2001.0101	2008.0101
62389	259	46238	2001.0101	2008.0101
60586	259	53688	2001.0101	2008.0101
67943	259	48840	2001.0101	2008.0101
79191	296	51715	2001.0101	2008.0101
53819	259	47880	2001.0101	2008.0101
67194	263	46859	2001.0101	2008.0101
64487	259	48700	2001.0101	2008.0101
60568	272	52206	2001.0101	2008.0101
66193	259	46372	2001.0101	2008.0101
50450	259	44697	2001.0101	2008.0101
49667	268	70514	2001.0101	2008.0228
49205	259	46896	2001.0101	2009.0101
50742	259	55539	2001.0101	2009.0101
81171	259	75427	2001.0101	2009.0101
82188	259	69317	2001.0101	2009.0101
77552	259	43745	2001.0101	2009.0101
78818	259	49672	2001.0101	2009.0101
71331	259	51168	2001.0101	2009.0101
71585	259	67618	2001.0101	2009.0101
60180	259	65089	2001.0101	2009.0101
54974	259	50741	2001.0101	2010.0101
56720	259	44446	2001.0101	2010.0101
53803	259	51104	2001.0101	2010.0101
76169	259	51688	2001.0101	2010.0101
62847	259	44689	2001.0101	2010.0101
56302	259	49124	2001.0101	2010.0101
47675	259	49968	2001.0101	2010.0101
81038	259	45838	2001.0101	2010.0101
60761	259	50808	2001.0101	2010.0101
78734	272	78735	2001.0101	2011.0101
81175	259	70409	2001.0101	2011.0101
78735	272	78734	2001.0101	2011.0101
66189	259	64473	2001.0101	2011.0101
54493	259	49396	2001.0101	2011.0101
72514	259	44324	2001.0101	2011.0101
47262	259	44446	2001.0101	2011.0101
50042	259	68527	2001.0101	2012.0101
60876	259	60239	2001.0101	2012.0101
83187	296	51715	2001.0101	2012.0101
45812	259	45838	2001.0101	2012.0101
79632	259	54337	2001.0101	2013.0101
45713	259	51104	2001.0101	2013.0101
58771	259	54302	2001.0101	2013.0101
61376	259	52518	2001.0101	2013.0403
63766	259	47309	2001.0101	2014.0101
75725	259	44449	2001.0101	2014.0101
64646	259	46057	2001.0101	2014.0101
59183	259	45731	2001.0101	2015.0101
66377	259	80118	2001.0101	2015.0101
78012	296	51715	2001.0101	2015.0101
61376	296	51715	2001.0101	2015.0101
75871	259	52323	2001.0101	2015.0101
64224	259	52323	2001.0101	2015.0101
57650	259	73661	2001.0101	2015.0101
69710	296	51715	2001.0101	2016.0101
66888	268	80732	2001.0101	2017.0101
60022	259	46859	2001.0101	2017.0101
53201	268	79888	2001.0101	2017.1001
56860	259	49477	2001.0101	2018.0101
50476	296	51715	2001.0101	2018.0101
54928	259	48518	2001.0101	2018.0619
46814	259	43827	2001.0101	2019.0101
44594	259	68951	2001.0101	2021.0101
