33381	15	820	1967.0	1967.0
8228	15	3034	1967.0	1967.0
11349	19	9361	1967.0	1967.0
20082	3	4516	1967.0	1967.0
33619	3	29170	1967.0	1967.0
40617	3	25131	1967.0	1967.0
26027	15	197	1967.0	1967.0
24080	17	5911	1967.0	1967.0
14400	15	869	1967.0	1967.0
29248	3	17649	1967.0	1967.0
4879	15	26811	1967.0	1967.0
14517	16	524	1967.0	1967.0
18611	16	3982	1967.0	1967.0
35474	15	57	1967.0	1967.0
9752	71	856	1967.0	1967.0
15749	16	2491	1967.0	1967.0
22584	3	27217	1967.0	1967.0
9846	15	4570	1967.0	1967.0
12033	3	37559	1967.0	1967.0
401	15	18628	1967.0	1967.0
28211	4	12096	1967.0	1967.0
10091	15	347	1967.0	1967.0
16370	71	22885	1967.0	1967.0
30057	4	7602	1967.0	1967.0
14924	15	21381	1967.0	1967.0
8041	15	869	1967.0	1967.0
4570	30	9846	1967.0	1967.0
461	30	12016	1967.0	1967.0
39593	3	28184	1967.0	1967.0
12824	3	886	1967.0	1967.0
15550	15	8314	1967.0	1967.0
14181	15	7218	1967.0	1967.0
6938	12	12905	1967.0	1967.0
34671	3	8653	1967.0	1967.0
28361	3	40457	1967.0	1967.0
10039	78	533	1967.0	1967.0
10710	30	7337	1967.0	1967.0
4131	30	21156	1967.0	1967.0
37466	3	6724	1967.0	1967.0
11139	15	2754	1967.0	1967.0
18182	3	1369	1967.0	1967.0
6084	15	16240	1967.0	1967.0
31375	3	5675	1967.0	1967.0
3604	15	869	1967.0	1967.0
8228	15	4740	1967.0	1967.0
13436	3	1654	1967.0	1967.0
31435	3	18011	1967.0	1967.0
12016	15	3034	1967.0	1967.0
12016	15	461	1967.0	1967.0
3410	15	197	1967.0	1967.0
15772	3	11134	1967.0	1967.0
6448	15	197	1967.0	1967.0
40127	15	197	1967.0	1967.0
6448	15	8314	1967.0	1967.0
8233	15	4136	1967.0	1967.0
21452	30	34527	1967.0	1967.0
14208	3	3498	1967.0	1967.0
4947	16	17682	1967.0	1967.0
11584	3	4724	1967.0	1967.0
41490	3	39566	1967.0	1967.0
20525	14	12270	1967.0	1967.0
3190	32	1288	1967.0	1967.0
20525	3	472	1967.0	1967.0
5644	15	8314	1967.0	1967.0
4036	15	2681	1967.0	1967.0
2986	16	1487	1967.0	1967.0
24145	15	2257	1967.0	1967.0
33381	15	8692	1967.0	1967.0
18011	15	820	1967.0	1967.0
28933	3	2078	1967.0	1967.0
18839	15	655	1967.0	1967.0
34192	25	8651	1967.0	1967.0
13917	3	1017	1967.0	1967.0
4325	32	10229	1967.0	1967.0
19260	15	14446	1967.0	1967.0
16067	15	197	1967.0	1967.0
14486	3	19352	1967.0	1967.0
26811	30	4879	1967.0	1967.0
18778	15	1487	1967.0	1967.0
41562	3	20974	1967.0	1967.0
2131	1	235	1967.0	1967.0
23054	15	5739	1967.0	1967.0
17970	32	14501	1967.0	1967.0
16096	226	13857	1967.0	1967.0
25576	3	6282	1967.0	1967.0
23335	30	10395	1967.0	1967.0
7037	15	869	1967.0	1967.0
7995	21	13	1967.0	1967.0
31883	15	28448	1967.0	1967.0
17033	15	820	1967.0	1967.0
29824	15	869	1967.0	1967.0
17792	16	3982	1967.0	1967.0
420	15	347	1967.0	1967.0
8741	16	17493	1967.0	1967.0
14227	38	1467	1967.0	1967.0
23126	15	820	1967.0	1967.0
24655	30	29667	1967.0	1967.0
6627	15	3034	1967.0	1967.0
14270	15	6884	1967.0	1967.0
20213	32	445	1967.0	1967.0
18217	3	15324	1967.0	1967.0
37031	3	115	1967.0	1967.0
23366	41	1092	1967.0	1968.0
2569	14	2189	1967.0	1968.0
2598	4	5717	1967.0	1968.0
20947	14	427	1967.0	1968.0
40761	4	1343	1967.0	1968.0
40684	3	9693	1967.0	1968.0
17738	4	16818	1967.0	1968.0
7108	4	12096	1967.0	1968.0
22825	3	17320	1967.0	1968.0
13317	38	1467	1967.0	1968.0
5029	46	3699	1967.0	1969.0
26294	41	1396	1967.0	1969.0
35898	14	3948	1967.0	1969.0
19322	46	8178	1967.0	1969.0
10055	46	4793	1967.0	1969.0
30248	4	12096	1967.0	1969.0
26471	3	904	1967.0	1969.0
41635	4	12096	1967.0	1969.0
38440	41	9821	1967.0	1969.0
159	46	1183	1967.0	1969.0
28601	46	4793	1967.0	1969.0
12635	3	330	1967.0	1970.0
23241	4	25455	1967.0	1970.0
33940	3	9290	1967.0	1970.0
9728	33	23988	1967.0	1971.0
15429	4	6257	1967.0	1971.0
27564	46	28395	1967.0	1971.0
3264	3	31878	1967.0	1971.0
16098	3	550	1967.0	1971.0
1358	37	3417	1967.0	1971.0
27015	14	27016	1967.0	1972.0
19220	3	8970	1967.0	1972.0
27453	43	14813	1967.0	1972.0
33494	25	19698	1967.0	1972.0
9496	3	1868	1967.0	1972.0
19918	41	3698	1967.0	1973.0
9841	41	17347	1967.0	1974.0
24821	4	18679	1967.0	1975.0
34071	33	29	1967.0	1975.0
2909	18	969	1967.0	1977.0
15968	4	782	1967.0	1977.0
10455	4	38308	1967.0	1978.0
2909	46	28395	1967.0	1978.0
35198	19	5956	1967.0	1980.0
30057	4	3955	1967.0	1982.0
38884	14	33214	1967.0	1982.0
42495	14	333	1967.0	1982.0
3573	14	19400	1967.0	1983.0
24296	19	14475	1967.0	1984.0101
14475	19	24296	1967.0	1984.0101
21338	1	235	1967.0	1993.0
34232	14	25649	1967.0	1996.0
3345	4	3346	1967.0101	1967.0101
5386	38	5387	1967.0101	1967.0101
7954	15	7955	1967.0101	1967.0101
10906	33	332	1967.0101	1967.0101
1898	15	19410	1967.0101	1967.0101
13220	15	13120	1967.0101	1967.0101
3511	4	9042	1967.0101	1967.0101
26943	15	6865	1967.0101	1967.0101
10139	15	2257	1967.0101	1967.0101
17771	15	1883	1967.0101	1967.0101
30934	15	21423	1967.0101	1967.0101
23725	15	20927	1967.0101	1967.0101
5294	15	3493	1967.0101	1967.0101
26744	15	2287	1967.0101	1967.0101
4530	4	18601	1967.0101	1967.0101
22206	15	5967	1967.0101	1967.0101
12908	4	31222	1967.0101	1967.0101
12291	4	1792	1967.0101	1967.0101
27847	15	6694	1967.0101	1967.0101
3688	15	30184	1967.0101	1967.0101
36033	15	8277	1967.0101	1967.0101
3278	15	655	1967.0101	1967.0101
6267	32	4976	1967.0101	1967.0101
10899	16	524	1967.0101	1967.0101
15038	4	38559	1967.0101	1967.0101
6463	15	1922	1967.0101	1967.0101
1288	32	3190	1967.0101	1967.0101
25737	16	1504	1967.0101	1967.0101
22206	15	1201	1967.0101	1967.0101
11500	3	8689	1967.0101	1967.0101
7748	33	13351	1967.0101	1967.0101
18593	3	1942	1967.0101	1967.0101
14577	15	26825	1967.0101	1967.0101
41059	19	34183	1967.0101	1967.0101
29382	15	869	1967.0101	1967.0101
39542	4	7649	1967.0101	1967.0101
6550	15	6058	1967.0101	1967.0101
6084	15	40135	1967.0101	1967.0101
13250	15	25594	1967.0101	1967.0101
16044	19	17305	1967.0101	1967.0101
4058	15	7523	1967.0101	1967.0101
12292	16	503	1967.0101	1967.0101
13622	15	655	1967.0101	1967.0101
27891	3	41945	1967.0101	1967.0101
13622	16	503	1967.0101	1967.0101
41980	3	18845	1967.0101	1967.0101
3898	32	4104	1967.0101	1967.0101
29691	15	22495	1967.0101	1967.0101
20112	15	6694	1967.0101	1967.0101
19337	4	4989	1967.0101	1967.0101
28548	15	27294	1967.0101	1967.0101
445	32	20213	1967.0101	1967.0101
14501	32	17970	1967.0101	1967.0101
35833	12	6601	1967.0101	1967.0101
24124	15	655	1967.0101	1967.0101
30934	15	6694	1967.0101	1967.0101
41672	4	8478	1967.0101	1967.0101
14831	15	2851	1967.0101	1967.0101
34579	32	20380	1967.0101	1967.0101
4976	32	6267	1967.0101	1967.0101
24856	15	2202	1967.0101	1967.0101
17826	15	6846	1967.0101	1967.0101
23015	3	8689	1967.0101	1967.0101
16114	15	4363	1967.0101	1967.0101
15734	4	429	1967.0101	1967.0101
22206	15	3348	1967.0101	1967.0101
4104	32	3898	1967.0101	1967.0101
20380	32	34579	1967.0101	1967.0101
27294	30	28548	1967.0101	1967.0101
11704	16	337	1967.0101	1967.0101
17699	15	5174	1967.0101	1967.0101
1743	4	5290	1967.0101	1967.0101
18626	16	1504	1967.0101	1967.0101
42604	4	32371	1967.0101	1967.0101
27027	15	820	1967.0101	1967.0101
27027	15	8692	1967.0101	1967.0101
10229	32	4325	1967.0101	1967.0101
22712	4	4989	1967.0101	1967.0101
24258	16	1504	1967.0101	1967.0101
615	4	616	1967.0101	1968.0101
3511	4	3512	1967.0101	1968.0101
15098	4	13139	1967.0101	1968.0101
467	4	12529	1967.0101	1968.0101
19825	4	19826	1967.0101	1968.0101
27281	4	5398	1967.0101	1968.0101
10992	4	28737	1967.0101	1968.0101
13260	4	31660	1967.0101	1968.0101
18176	4	899	1967.0101	1968.0101
2544	4	3425	1967.0101	1968.0101
27625	4	429	1967.0101	1968.0101
29590	4	28737	1967.0101	1968.0101
24993	46	8178	1967.0101	1968.0101
21974	4	8721	1967.0101	1968.0101
29743	4	15584	1967.0101	1968.0101
16200	4	9584	1967.0101	1968.0101
22848	4	1741	1967.0101	1968.0101
26930	4	3087	1967.0101	1968.0101
2855	4	24313	1967.0101	1968.0101
7547	4	18659	1967.0101	1968.0101
553	25	16870	1967.0101	1968.0101
15495	4	39762	1967.0101	1968.0101
15291	4	399	1967.0101	1968.0101
37457	4	5208	1967.0101	1968.0101
373	4	2372	1967.0101	1968.0101
21925	4	2427	1967.0101	1968.0101
17115	4	15785	1967.0101	1968.0101
38520	4	6068	1967.0101	1968.0101
14478	4	15764	1967.0101	1968.0101
14225	4	3135	1967.0101	1968.0101
4883	4	5706	1967.0101	1968.0101
15734	4	1652	1967.0101	1968.0101
35718	4	11084	1967.0101	1968.0101
7416	4	429	1967.0101	1968.0101
5874	4	429	1967.0101	1968.0101
31606	4	9113	1967.0101	1968.0101
4354	4	1652	1967.0101	1968.0101
6386	4	2427	1967.0101	1968.0101
11937	4	13973	1967.0101	1968.0101
35588	4	8289	1967.0101	1968.0101
211	25	16870	1967.0101	1968.1231
21740	4	17056	1967.0101	1969.0101
25215	4	3015	1967.0101	1969.0101
2468	4	7357	1967.0101	1969.0101
36416	19	2318	1967.0101	1969.0101
29721	4	8548	1967.0101	1969.0101
22128	4	25858	1967.0101	1969.0101
37749	4	15326	1967.0101	1969.0101
37848	4	1510	1967.0101	1969.0101
33964	4	39634	1967.0101	1969.0101
39840	4	22130	1967.0101	1969.0101
26024	4	29223	1967.0101	1969.0101
30556	4	36293	1967.0101	1969.0101
10174	4	11653	1967.0101	1969.0101
25731	3	1548	1967.0101	1969.0101
10329	4	4580	1967.0101	1969.0101
37604	4	2733	1967.0101	1969.0101
16571	4	889	1967.0101	1969.0101
9537	4	2372	1967.0101	1969.0101
30771	4	4580	1967.0101	1969.0101
7794	3	1548	1967.0101	1969.0101
4530	4	5140	1967.0101	1969.0101
11623	4	4475	1967.0101	1969.0101
40545	4	18543	1967.0101	1969.0101
35060	4	14668	1967.0101	1969.0101
27933	4	889	1967.0101	1969.0101
3012	4	3013	1967.0101	1970.0101
6573	4	9555	1967.0101	1970.0101
20156	4	20157	1967.0101	1970.0101
16330	4	24039	1967.0101	1970.0101
25361	4	8328	1967.0101	1970.0101
30331	19	25143	1967.0101	1970.0101
24223	4	9350	1967.0101	1970.0101
945	4	3857	1967.0101	1970.0101
35913	4	5575	1967.0101	1970.0101
14997	4	41856	1967.0101	1970.0101
8471	33	553	1967.0101	1970.0101
98	138	31513	1967.0101	1970.0101
27705	4	15754	1967.0101	1970.0101
34465	4	247	1967.0101	1970.0101
25143	19	30331	1967.0101	1970.0101
2546	4	12426	1967.0101	1970.0101
3424	4	1565	1967.0101	1970.0101
12351	4	13590	1967.0101	1970.0101
13927	4	42286	1967.0101	1970.0101
35279	3	2171	1967.0101	1970.0101
26353	4	36219	1967.0101	1970.0101
25876	4	889	1967.0101	1970.0101
27000	4	10410	1967.0101	1970.0101
42604	4	36564	1967.0101	1970.0101
11051	4	6405	1967.0101	1971.0101
38484	4	2133	1967.0101	1971.0101
12352	4	19762	1967.0101	1971.0101
27888	4	6257	1967.0101	1971.0101
38968	4	581	1967.0101	1971.0101
33634	4	20328	1967.0101	1971.0101
27533	4	22599	1967.0101	1971.0101
12291	4	2471	1967.0101	1971.0101
42010	4	2135	1967.0101	1971.0101
42637	4	5140	1967.0101	1971.0101
16255	4	8368	1967.0101	1972.0101
30970	4	9555	1967.0101	1972.0101
32049	4	5875	1967.0101	1972.0101
683	4	13847	1967.0101	1972.0101
11867	4	11868	1967.0101	1973.0101
24729	14	4522	1967.0101	1973.0101
21687	4	4056	1967.0101	1973.0101
3516	4	684	1967.0101	1973.0101
10066	19	22421	1967.0101	1973.0101
6826	4	5960	1967.0101	1973.0101
19727	19	4269	1967.0101	1973.0101
26159	4	25647	1967.0101	1973.0101
22421	19	10066	1967.0101	1973.0101
37059	18	1007	1967.0101	1973.0101
7983	19	7984	1967.0101	1974.0101
22614	19	36451	1967.0101	1974.0101
7984	19	7983	1967.0101	1974.0101
7741	4	4202	1967.0101	1974.0101
36451	19	22614	1967.0101	1974.0101
36595	4	2928	1967.0101	1976.0101
22688	4	9469	1967.0101	1976.0101
38411	3	79	1967.0101	1976.0101
27705	4	376	1967.0101	1976.0101
12908	4	7993	1967.0101	1977.0101
19267	4	3110	1967.0101	1977.0101
5028	41	3626	1967.0101	1978.0101
40892	4	8437	1967.0101	1978.0101
3014	4	376	1967.0101	1978.0101
3491	19	13251	1967.0101	1979.0101
15918	4	4125	1967.0101	1979.0101
30953	19	22878	1967.0101	1979.0101
35045	4	4108	1967.0101	1979.0101
5956	19	35198	1967.0101	1980.0101
17276	4	28024	1967.0101	1981.0101
20622	4	10410	1967.0101	1981.0101
24043	4	15732	1967.0101	1984.0101
19841	4	63	1967.0101	1984.0101
22109	19	27334	1967.0101	1987.0101
27334	19	22109	1967.0101	1987.0101
15350	18	61	1967.0101	2002.0101
23834	19	16994	1967.0101	2009.0101
16994	19	23834	1967.0101	2009.0101
34380	19	13476	1967.0101	2011.0101
13476	19	34380	1967.0101	2011.0101
11126	19	29183	1967.0101	2014.0101
29183	19	11126	1967.0101	2014.0101
828	44	2975	1967.0101	2014.1231
34183	19	41059	1967.0101	2017.0
11129	25	11130	1967.0101	2017.083
14301	44	641	1967.0102	1967.0102
14265	25	2483	1967.0104	1967.0104
14265	25	1559	1967.0104	1967.0104
637	25	85	1967.0128	1967.0128
12452	32	13890	1967.0128	1967.0128
13890	32	12452	1967.0128	1967.0128
2482	25	85	1967.0202	1967.0202
1777	25	85	1967.0202	1967.0202
17949	48	17950	1967.021	1967.021
25017	48	378	1967.021	1967.0211
25017	48	25018	1967.0214	1967.0214
40569	21	3	1967.0215	1994.1201
10347	19	8779	1967.0228	1973.0313
8779	19	10347	1967.0228	1973.0313
35764	19	15368	1967.0303	1974.0724
15368	19	35764	1967.0303	1974.0724
365	62	30178	1967.0312	1998.0521
14265	25	1577	1967.0321	1967.0321
1331	25	85	1967.0323	1967.0323
23687	4	7484	1967.0326	1972.0625
19886	41	296	1967.0403	1967.0507
1004	41	296	1967.0403	1967.0507
10082	41	296	1967.0403	1967.0507
8299	41	296	1967.0403	1967.0508
2420	41	296	1967.0403	1968.053
17983	41	296	1967.0403	1968.053
703	41	296	1967.0403	1968.053
15180	41	296	1967.0403	1968.053
4544	41	296	1967.0403	1968.053
18357	41	296	1967.0403	1968.053
17830	151	2114	1967.0412	1976.113
365	25	611	1967.0413	1967.0413
30571	15	197	1967.0427	1967.0427
16644	15	197	1967.0429	1967.0429
25581	32	6778	1967.0501	1967.0501
6778	32	25581	1967.0501	1967.0501
4269	19	19727	1967.0501	1973.1009
14485	15	7851	1967.0504	1967.0504
2933	19	38786	1967.0506	1974.0
38786	19	2933	1967.0506	1974.0101
16687	12	129	1967.0512	1967.0512
2318	19	36416	1967.0513	1968.1029
27853	41	17559	1967.0513	1969.0503
553	62	27853	1967.0513	1969.0503
32817	25	142	1967.0516	1967.0516
32817	15	1650	1967.0516	1967.0516
13951	9	19020	1967.0518	1982.0526
6102	25	85	1967.0521	1967.0521
19445	15	197	1967.0525	1967.0525
29633	161	8373	1967.0528	1967.0528
22377	161	8373	1967.0528	1967.0528
35171	48	3912	1967.0531	1967.0531
25303	15	197	1967.0531	1967.0531
3126	15	197	1967.0601	1967.0601
12130	19	878	1967.061	2018.0213
878	19	12130	1967.061	2018.0213
7042	15	197	1967.0613	1967.0613
39049	40	5680	1967.0614	1967.0614
3742	41	6751	1967.0626	1967.0626
140	32	383	1967.0627	1967.0627
383	32	140	1967.0627	1967.0627
4353	41	6751	1967.0628	2005.0402
1087	29	4104	1967.0701	1967.0701
19768	32	19403	1967.0706	1967.0706
19403	32	19768	1967.0706	1967.0706
31513	65	98	1967.0715	1967.0715
98	85	31513	1967.0715	1967.0715
31513	65	42096	1967.0715	1967.0715
42096	85	31513	1967.0715	1967.0715
22135	33	13351	1967.0716	1967.0716
13251	19	3491	1967.0721	1970.1
2056	25	2483	1967.0804	1967.0804
1079	25	621	1967.0808	1967.0808
1776	25	621	1967.0808	1967.0808
414	25	621	1967.0808	1967.0808
365	25	621	1967.0808	1967.0808
7631	25	8996	1967.0901	1987.0
11893	32	28466	1967.0904	1967.0904
28466	32	11893	1967.0904	1967.0904
475	25	85	1967.0916	1967.0916
22878	19	30953	1967.0916	1979.092
113	25	85	1967.092	1967.092
828	32	630	1967.0922	1967.0922
630	32	828	1967.0922	1967.0922
1560	32	630	1967.1002	2012.1122
630	32	1560	1967.1002	2012.1122
10380	25	611	1967.1018	1967.1018
10380	25	1559	1967.1018	1967.1018
383	70	32001	1967.1019	1977.0502
839	19	17883	1967.1021	1967.1021
3884	15	197	1967.1021	1967.1021
17883	19	839	1967.1021	1967.1021
5364	15	197	1967.1023	1967.1023
6118	15	197	1967.1027	1967.1027
10509	15	820	1967.1027	1967.1027
14400	15	2257	1967.1027	1967.1027
10537	15	197	1967.1027	1967.1027
13815	15	197	1967.1027	1967.1027
2789	15	197	1967.1027	1967.1027
1771	15	197	1967.1027	1967.1027
1032	15	820	1967.1028	1967.1028
12438	15	347	1967.1028	1967.1028
1771	15	6843	1967.1028	1967.1028
8874	15	197	1967.1031	1967.1031
32001	41	17071	1967.1101	1968.1031
35788	41	7796	1967.1102	1981.063
401	15	197	1967.1104	1967.1104
27900	15	1501	1967.1104	1967.1104
23298	15	197	1967.1104	1967.1104
2413	15	197	1967.1104	1967.1104
2550	15	197	1967.1104	1967.1104
32766	15	820	1967.1104	1967.1104
12218	25	23593	1967.1105	1986.0406
1661	25	85	1967.1111	1967.1111
630	70	4948	1967.1116	1976.0512
14047	70	27882	1967.1128	1985.0918
7289	41	7354	1967.113	1970.0619
8698	15	197	1967.1202	1967.1202
2143	62	15203	1967.1202	2009.0608
39877	48	3912	1967.1208	1967.1208
8538	15	12038	1967.1226	1967.1226
3884	15	12038	1967.1226	1967.1226
196	15	197	1967.1227	1967.1227
860	25	2483	1967.1229	1967.1229
17829	44	1445	1967.1231	2015.0101
1445	29	17829	1967.1231	2015.0101
1445	29	20078	1967.1231	2015.0101
1445	29	20973	1967.1231	2015.0101
1445	29	2974	1967.1231	2015.0101
17828	44	1445	1967.1231	2015.0101
1445	29	17828	1967.1231	2015.0101
1445	29	16487	1967.1231	2015.0101
20078	44	1445	1967.1231	2015.0101
16487	44	1445	1967.1231	2015.0101
2974	44	1445	1967.1231	2015.0101
20973	44	1445	1967.1231	2015.0101
6027	170	6257	1968.0	1960.0
33494	3	34996	1968.0	1960.0
5104	16	337	1968.0	1968.0
6639	3	6640	1968.0	1968.0
2909	3	1319	1968.0	1968.0
6627	15	3034	1968.0	1968.0
12649	3	12650	1968.0	1968.0
13604	14	13605	1968.0	1968.0
8684	3	3307	1968.0	1968.0
15271	1	3	1968.0	1968.0
2754	30	6651	1968.0	1968.0
20025	3	14421	1968.0	1968.0
20823	3	7541	1968.0	1968.0
21205	15	792	1968.0	1968.0
9219	15	2491	1968.0	1968.0
21156	15	5490	1968.0	1968.0
22680	3	19144	1968.0	1968.0
3993	30	17341	1968.0	1968.0
26005	3	26006	1968.0	1968.0
14486	3	26514	1968.0	1968.0
5282	3	26608	1968.0	1968.0
19914	15	1487	1968.0	1968.0
5501	30	324	1968.0	1968.0
27109	15	19860	1968.0	1968.0
2979	16	8697	1968.0	1968.0
17287	71	13744	1968.0	1968.0
13849	15	4740	1968.0	1968.0
24815	15	7272	1968.0	1968.0
32540	3	31510	1968.0	1968.0
33406	3	33407	1968.0	1968.0
33558	41	4374	1968.0	1968.0
28939	15	28821	1968.0	1968.0
17509	15	8314	1968.0	1968.0
1019	30	32384	1968.0	1968.0
26237	3	19614	1968.0	1968.0
13167	15	229	1968.0	1968.0
33538	3	26762	1968.0	1968.0
12576	32	13908	1968.0	1968.0
18395	15	8365	1968.0	1968.0
19905	19	15201	1968.0	1968.0
32332	4	37051	1968.0	1968.0
4578	15	451	1968.0	1968.0
17713	3	115	1968.0	1968.0
28211	4	7109	1968.0	1968.0
10091	15	347	1968.0	1968.0
33494	33	673	1968.0	1968.0
38784	16	2491	1968.0	1968.0
38962	3	115	1968.0	1968.0
8184	41	4374	1968.0	1968.0
5104	15	337	1968.0	1968.0
26715	16	2491	1968.0	1968.0
6750	15	7846	1968.0	1968.0
23434	41	4374	1968.0	1968.0
16944	3	19122	1968.0	1968.0
1272	25	11390	1968.0	1968.0
27618	25	3689	1968.0	1968.0
10666	3	6241	1968.0	1968.0
18922	16	57	1968.0	1968.0
34868	3	40173	1968.0	1968.0
25725	32	1387	1968.0	1968.0
28498	3	115	1968.0	1968.0
9669	3	35377	1968.0	1968.0
40761	4	18462	1968.0	1968.0
14445	15	2731	1968.0	1968.0
28519	15	25034	1968.0	1968.0
10221	32	2932	1968.0	1968.0
22662	15	7846	1968.0	1968.0
31850	15	22261	1968.0	1968.0
35897	3	1942	1968.0	1968.0
9846	15	3034	1968.0	1968.0
11320	15	5184	1968.0	1968.0
13167	16	229	1968.0	1968.0
32527	41	4374	1968.0	1968.0
23952	15	3034	1968.0	1968.0
23360	14	20974	1968.0	1968.0
9563	14	5714	1968.0	1968.0
17073	15	451	1968.0	1968.0
11960	16	229	1968.0	1968.0
337	30	20656	1968.0	1968.0
24196	3	24686	1968.0	1968.0
15968	15	5184	1968.0	1968.0
21051	3	7276	1968.0	1968.0
13412	30	6084	1968.0	1968.0
14323	3	41937	1968.0	1968.0
4088	30	11655	1968.0	1968.0
11655	15	4088	1968.0	1968.0
31697	3	3971	1968.0	1968.0
2293	15	12038	1968.0	1968.0
12576	32	9069	1968.0	1968.0
12252	15	2913	1968.0	1968.0
461	30	12016	1968.0	1968.0
14924	15	347	1968.0	1968.0
17332	3	6282	1968.0	1968.0
14728	3	5177	1968.0	1968.0
5497	3	32827	1968.0	1968.0
9218	17	728	1968.0	1968.0
8051	15	10841	1968.0	1968.0
10710	30	34527	1968.0	1968.0
36427	3	3636	1968.0	1968.0
18561	15	42068	1968.0	1968.0
6651	15	2754	1968.0	1968.0
27109	16	19860	1968.0	1968.0
5987	17	21302	1968.0	1968.0
4453	15	36242	1968.0	1968.0
6084	15	13412	1968.0	1968.0
3483	4	15271	1968.0	1968.0
32384	15	1019	1968.0	1968.0
12016	15	3034	1968.0	1968.0
12016	15	461	1968.0	1968.0
33248	25	2699	1968.0	1968.0
13688	3	9842	1968.0	1968.0
36501	15	1772	1968.0	1968.0
3243	30	2979	1968.0	1968.0
14860	25	804	1968.0	1968.0
14315	16	8697	1968.0	1968.0
23174	15	856	1968.0	1968.0
13257	32	3783	1968.0	1968.0
4947	16	17682	1968.0	1968.0
6650	16	503	1968.0	1968.0
2979	16	3243	1968.0	1968.0
2979	15	3243	1968.0	1968.0
26400	15	5490	1968.0	1968.0
2979	16	2980	1968.0	1968.0
26381	3	36	1968.0	1968.0
25737	16	1210	1968.0	1968.0
2979	15	8697	1968.0	1968.0
16949	16	503	1968.0	1968.0
34562	16	3982	1968.0	1968.0
12351	15	20001	1968.0	1968.0
25035	71	26541	1968.0	1968.0
2400	15	41853	1968.0	1968.0
3197	25	897	1968.0	1968.0
1524	32	1560	1968.0	1968.0
2357	16	57	1968.0	1968.0
1474	15	524	1968.0	1968.0
21156	15	4131	1968.0	1968.0
21156	16	337	1968.0	1968.0
24229	30	7954	1968.0	1968.0
15835	16	2491	1968.0	1968.0
40515	25	42017	1968.0	1968.0
31267	15	13404	1968.0	1968.0
4740	30	13849	1968.0	1968.0
2219	18	87	1968.0	1968.0
28259	3	42041	1968.0	1968.0
20001	30	12351	1968.0	1968.0
35056	15	57	1968.0	1968.0
20975	15	2778	1968.0	1968.0
8854	37	109	1968.0	1968.0
6303	14	5026	1968.0	1968.0
9303	3	25313	1968.0	1968.0
22001	15	22261	1968.0	1968.0
4358	15	3982	1968.0	1968.0
2902	30	5567	1968.0	1968.0
22682	16	1210	1968.0	1968.0
196	15	12038	1968.0	1968.0
3945	16	1487	1968.0	1968.0
28821	30	28939	1968.0	1968.0
3981	15	14980	1968.0	1968.0
8180	30	20243	1968.0	1968.0
40071	3	42626	1968.0	1968.0
4342	15	3034	1968.0	1968.0
15117	16	3982	1968.0	1968.0
24685	3	4516	1968.0	1968.0
41858	3	18915	1968.0	1969.0
4754	4	3484	1968.0	1969.0
24032	4	6831	1968.0	1969.0
19339	4	7196	1968.0	1970.0
20448	4	13344	1968.0	1970.0
26282	3	40759	1968.0	1970.0
28103	4	15271	1968.0	1970.0
12033	46	8178	1968.0	1970.0
31025	3	21157	1968.0	1970.0
26767	46	1183	1968.0	1970.0
16371	38	368	1968.0	1970.0
23366	41	16805	1968.0	1970.0
37815	14	32161	1968.0	1970.0
28259	25	6919	1968.0	1970.0
42587	46	4813	1968.0	1970.0
6543	41	3443	1968.0	1971.0
9481	4	26800	1968.0	1971.0
12549	3	2171	1968.0	1971.0
10899	43	6164	1968.0	1971.0
3536	17	12707	1968.0	1971.0
6164	43	10899	1968.0	1971.0
20114	3	26077	1968.0	1972.0
12704	4	5717	1968.0	1972.0
18929	33	34393	1968.0	1972.0
13317	38	5387	1968.0	1972.0
9669	46	3699	1968.0	1973.0
24685	46	1183	1968.0	1973.0
12016	4	1877	1968.0	1973.0
31691	17	14526	1968.0	1974.0
17260	17	7886	1968.0	1974.0
34053	4	25858	1968.0	1974.0
9246	9	4985	1968.0	1974.0
28099	33	203	1968.0	1974.0
21358	154	8278	1968.0	1975.0
12859	3	18915	1968.0	1975.0
16759	3	1507	1968.0	1975.0
11554	18	876	1968.0	1975.0101
3820	41	455	1968.0	1976.0
16476	4	221	1968.0	1977.0
21074	14	24901	1968.0	1977.0
15966	33	29	1968.0	1977.0
15934	17	7886	1968.0	1978.0
24446	17	9081	1968.0	1979.0
29777	4	1305	1968.0	1981.0
19902	17	35988	1968.0	1981.0
2569	14	472	1968.0	1982.0
15207	41	4374	1968.0	1983.0
10007	4	1699	1968.0	1984.0
15807	14	15808	1968.0	1984.0
17997	14	2171	1968.0	1985.0
36296	14	23133	1968.0	1985.0
10256	14	8354	1968.0	1986.0
25230	76	3367	1968.0	1990.0
38467	19	8390	1968.0	1990.0
41534	25	804	1968.0	1991.0
8146	14	1319	1968.0	1995.0
33735	46	4813	1968.0	2008.0
13802	25	13803	1968.0	2012.0
30534	17	11904	1968.0	2017.0
1096	29	1097	1968.0101	1968.0101
1895	44	1896	1968.0101	1968.0101
2201	15	2202	1968.0101	1968.0101
1096	29	2247	1968.0101	1968.0101
6854	44	1096	1968.0101	1968.0101
7433	15	7434	1968.0101	1968.0101
1896	29	7595	1968.0101	1968.0101
4952	44	9063	1968.0101	1968.0101
8358	44	1096	1968.0101	1968.0101
9412	44	2691	1968.0101	1968.0101
5112	44	1096	1968.0101	1968.0101
10759	44	9063	1968.0101	1968.0101
1096	29	12166	1968.0101	1968.0101
2875	44	9063	1968.0101	1968.0101
6916	15	2202	1968.0101	1968.0101
1896	29	12990	1968.0101	1968.0101
1896	29	13853	1968.0101	1968.0101
8424	44	1096	1968.0101	1968.0101
16250	15	655	1968.0101	1968.0101
9063	29	17085	1968.0101	1968.0101
6804	44	9063	1968.0101	1968.0101
18009	44	203	1968.0101	1968.0101
5531	44	2691	1968.0101	1968.0101
15201	19	19905	1968.0101	1968.0101
19022	15	1249	1968.0101	1968.0101
1096	29	5112	1968.0101	1968.0101
9063	29	20890	1968.0101	1968.0101
592	85	203	1968.0101	1968.0101
21300	16	503	1968.0101	1968.0101
7925	44	2691	1968.0101	1968.0101
20747	44	9063	1968.0101	1968.0101
2691	29	9412	1968.0101	1968.0101
20404	44	203	1968.0101	1968.0101
3262	4	24978	1968.0101	1968.0101
13688	46	1183	1968.0101	1968.0101
18597	44	1896	1968.0101	1968.0101
1096	29	4062	1968.0101	1968.0101
592	85	1096	1968.0101	1968.0101
11666	44	2691	1968.0101	1968.0101
8357	44	1096	1968.0101	1968.0101
2691	29	28826	1968.0101	1968.0101
18597	44	203	1968.0101	1968.0101
30463	44	1896	1968.0101	1968.0101
30665	44	9063	1968.0101	1968.0101
16536	15	3493	1968.0101	1968.0101
1896	29	11321	1968.0101	1968.0101
2134	4	28234	1968.0101	1968.0101
23385	44	1896	1968.0101	1968.0101
1896	29	15054	1968.0101	1968.0101
1896	29	24431	1968.0101	1968.0101
23996	44	1096	1968.0101	1968.0101
1896	29	16702	1968.0101	1968.0101
1896	29	5824	1968.0101	1968.0101
2691	29	9006	1968.0101	1968.0101
16702	44	1896	1968.0101	1968.0101
15252	44	9063	1968.0101	1968.0101
5127	15	4847	1968.0101	1968.0101
1896	29	11109	1968.0101	1968.0101
2691	29	9005	1968.0101	1968.0101
1896	29	34702	1968.0101	1968.0101
9063	29	4952	1968.0101	1968.0101
9063	29	13179	1968.0101	1968.0101
2691	29	2150	1968.0101	1968.0101
1096	29	6316	1968.0101	1968.0101
1896	29	14632	1968.0101	1968.0101
1387	32	25725	1968.0101	1968.0101
9063	29	21454	1968.0101	1968.0101
2691	29	20790	1968.0101	1968.0101
9063	29	8330	1968.0101	1968.0101
22874	19	36504	1968.0101	1968.0101
36456	15	15428	1968.0101	1968.0101
5933	15	8744	1968.0101	1968.0101
2691	29	23452	1968.0101	1968.0101
12166	44	1096	1968.0101	1968.0101
5036	44	1896	1968.0101	1968.0101
13193	44	1896	1968.0101	1968.0101
9118	15	13484	1968.0101	1968.0101
1896	29	13193	1968.0101	1968.0101
27989	44	1896	1968.0101	1968.0101
15432	44	9063	1968.0101	1968.0101
1896	29	32586	1968.0101	1968.0101
9063	29	10208	1968.0101	1968.0101
12401	44	1096	1968.0101	1968.0101
35625	44	1096	1968.0101	1968.0101
6513	44	1896	1968.0101	1968.0101
9063	29	13488	1968.0101	1968.0101
5160	44	1096	1968.0101	1968.0101
1096	29	23108	1968.0101	1968.0101
1096	29	32146	1968.0101	1968.0101
1096	29	35625	1968.0101	1968.0101
22329	15	23006	1968.0101	1968.0101
2691	29	8903	1968.0101	1968.0101
2691	29	6553	1968.0101	1968.0101
4951	44	9063	1968.0101	1968.0101
2691	29	5697	1968.0101	1968.0101
1896	29	1895	1968.0101	1968.0101
1896	29	27989	1968.0101	1968.0101
1896	29	6095	1968.0101	1968.0101
5104	16	337	1968.0101	1968.0101
7872	15	19410	1968.0101	1968.0101
30223	44	9063	1968.0101	1968.0101
9004	44	2691	1968.0101	1968.0101
26274	15	655	1968.0101	1968.0101
6207	44	2691	1968.0101	1968.0101
13853	44	1896	1968.0101	1968.0101
11377	44	1896	1968.0101	1968.0101
2691	29	19448	1968.0101	1968.0101
6717	44	1896	1968.0101	1968.0101
9063	29	2875	1968.0101	1968.0101
324	15	5501	1968.0101	1968.0101
1096	29	591	1968.0101	1968.0101
1896	29	15024	1968.0101	1968.0101
822	32	4104	1968.0101	1968.0101
2284	44	1896	1968.0101	1968.0101
1096	29	13005	1968.0101	1968.0101
36967	44	1896	1968.0101	1968.0101
20314	44	1096	1968.0101	1968.0101
5458	44	9063	1968.0101	1968.0101
15024	44	1896	1968.0101	1968.0101
1896	29	11881	1968.0101	1968.0101
23408	15	451	1968.0101	1968.0101
17085	44	9063	1968.0101	1968.0101
36504	19	22874	1968.0101	1968.0101
9069	32	12576	1968.0101	1968.0101
15023	44	1896	1968.0101	1968.0101
4104	32	6737	1968.0101	1968.0101
1096	29	6854	1968.0101	1968.0101
9063	29	4612	1968.0101	1968.0101
8330	44	9063	1968.0101	1968.0101
9063	29	4951	1968.0101	1968.0101
1096	29	23996	1968.0101	1968.0101
1896	29	2527	1968.0101	1968.0101
1096	29	23735	1968.0101	1968.0101
1896	29	34619	1968.0101	1968.0101
1896	29	25581	1968.0101	1968.0101
35724	44	1096	1968.0101	1968.0101
9063	29	37600	1968.0101	1968.0101
9063	29	5458	1968.0101	1968.0101
37256	44	9063	1968.0101	1968.0101
41484	15	11425	1968.0101	1968.0101
1096	29	11031	1968.0101	1968.0101
9063	29	13207	1968.0101	1968.0101
16311	44	1096	1968.0101	1968.0101
37444	15	6694	1968.0101	1968.0101
8177	15	2851	1968.0101	1968.0101
15142	44	1096	1968.0101	1968.0101
10329	4	9	1968.0101	1968.0101
16044	3	6449	1968.0101	1968.0101
13167	16	1504	1968.0101	1968.0101
5824	44	1896	1968.0101	1968.0101
9470	17	21611	1968.0101	1968.0101
37600	44	9063	1968.0101	1968.0101
11321	44	1896	1968.0101	1968.0101
26484	3	15324	1968.0101	1968.0101
35724	44	1110	1968.0101	1968.0101
5294	15	4363	1968.0101	1968.0101
6926	44	2691	1968.0101	1968.0101
24431	44	1896	1968.0101	1968.0101
8216	32	4913	1968.0101	1968.0101
11030	44	1096	1968.0101	1968.0101
15054	44	1896	1968.0101	1968.0101
10704	4	21387	1968.0101	1968.0101
14147	3	3041	1968.0101	1968.0101
7970	32	4913	1968.0101	1968.0101
304	44	1896	1968.0101	1968.0101
1504	30	39160	1968.0101	1968.0101
34688	44	9063	1968.0101	1968.0101
41845	16	503	1968.0101	1968.0101
6553	44	2691	1968.0101	1968.0101
27412	4	39762	1968.0101	1968.0101
16142	44	1896	1968.0101	1968.0101
17171	44	1896	1968.0101	1968.0101
24019	44	1896	1968.0101	1968.0101
7016	44	1896	1968.0101	1968.0101
25581	44	1896	1968.0101	1968.0101
16714	14	886	1968.0101	1968.0101
6153	15	27033	1968.0101	1968.0101
16213	44	1896	1968.0101	1968.0101
24815	15	6694	1968.0101	1968.0101
13531	44	1896	1968.0101	1968.0101
5855	44	2691	1968.0101	1968.0101
6497	16	524	1968.0101	1968.0101
19337	4	4056	1968.0101	1968.0101
38484	4	24978	1968.0101	1968.0101
26446	16	524	1968.0101	1968.0101
13207	44	9063	1968.0101	1968.0101
15385	44	1096	1968.0101	1968.0101
6316	44	1096	1968.0101	1968.0101
27625	4	2372	1968.0101	1968.0101
21592	4	8694	1968.0101	1968.0101
6084	15	7955	1968.0101	1968.0101
2527	44	1896	1968.0101	1968.0101
1896	29	11108	1968.0101	1968.0101
1896	29	11060	1968.0101	1968.0101
1896	29	24019	1968.0101	1968.0101
1896	29	304	1968.0101	1968.0101
1896	29	15686	1968.0101	1968.0101
2247	44	1096	1968.0101	1968.0101
1896	29	17171	1968.0101	1968.0101
4913	32	8216	1968.0101	1968.0101
1896	29	24018	1968.0101	1968.0101
1896	29	23210	1968.0101	1968.0101
1896	29	30730	1968.0101	1968.0101
1896	29	13402	1968.0101	1968.0101
11108	44	1896	1968.0101	1968.0101
1896	29	23385	1968.0101	1968.0101
1896	29	11377	1968.0101	1968.0101
1896	29	2284	1968.0101	1968.0101
1896	29	16213	1968.0101	1968.0101
1896	29	7016	1968.0101	1968.0101
4913	32	7970	1968.0101	1968.0101
1896	29	5036	1968.0101	1968.0101
1896	29	3614	1968.0101	1968.0101
1896	29	23284	1968.0101	1968.0101
13674	44	1096	1968.0101	1968.0101
1896	29	30463	1968.0101	1968.0101
1896	29	15023	1968.0101	1968.0101
1896	29	6513	1968.0101	1968.0101
1896	29	6717	1968.0101	1968.0101
1896	29	7485	1968.0101	1968.0101
1896	29	16142	1968.0101	1968.0101
12990	44	1896	1968.0101	1968.0101
1896	29	18445	1968.0101	1968.0101
1896	29	13531	1968.0101	1968.0101
1896	29	16137	1968.0101	1968.0101
3364	44	2691	1968.0101	1968.0101
1896	29	36967	1968.0101	1968.0101
2691	29	30132	1968.0101	1968.0101
2691	29	26095	1968.0101	1968.0101
2691	29	16910	1968.0101	1968.0101
2691	29	6207	1968.0101	1968.0101
2691	29	15022	1968.0101	1968.0101
4612	44	9063	1968.0101	1968.0101
2691	29	11605	1968.0101	1968.0101
2691	29	11406	1968.0101	1968.0101
737	15	4433	1968.0101	1968.0101
2691	29	15784	1968.0101	1968.0101
23210	44	1896	1968.0101	1968.0101
2691	29	9004	1968.0101	1968.0101
2691	29	7925	1968.0101	1968.0101
2691	29	2523	1968.0101	1968.0101
2691	29	5531	1968.0101	1968.0101
13908	32	12576	1968.0101	1968.0101
2691	29	3364	1968.0101	1968.0101
2691	29	6206	1968.0101	1968.0101
2691	29	26060	1968.0101	1968.0101
2691	29	6926	1968.0101	1968.0101
2691	29	12184	1968.0101	1968.0101
2691	65	592	1968.0101	1968.0101
2691	29	5855	1968.0101	1968.0101
34619	44	1896	1968.0101	1968.0101
2691	29	15671	1968.0101	1968.0101
39160	15	1504	1968.0101	1968.0101
24412	44	9063	1968.0101	1968.0101
2691	29	11666	1968.0101	1968.0101
7954	15	24229	1968.0101	1968.0101
15686	44	1896	1968.0101	1968.0101
23284	44	1896	1968.0101	1968.0101
4062	44	1096	1968.0101	1968.0101
17254	41	6768	1968.0101	1968.0101
3738	15	20134	1968.0101	1968.0101
2538	15	8277	1968.0101	1968.0101
20243	15	8180	1968.0101	1968.0101
6206	44	2691	1968.0101	1968.0101
17426	44	1096	1968.0101	1968.0101
18009	44	1896	1968.0101	1968.0101
20790	44	2691	1968.0101	1968.0101
5944	3	3041	1968.0101	1968.0101
12402	44	1096	1968.0101	1968.0101
22206	15	3348	1968.0101	1968.0101
20659	44	203	1968.0101	1968.0101
22206	15	5967	1968.0101	1968.0101
20587	44	1096	1968.0101	1968.0101
22206	15	1201	1968.0101	1968.0101
39625	15	2575	1968.0101	1968.0101
11605	44	2691	1968.0101	1968.0101
6317	44	1096	1968.0101	1968.0101
35989	16	337	1968.0101	1968.0101
16137	44	1896	1968.0101	1968.0101
20926	33	13	1968.0101	1968.0101
23735	44	1096	1968.0101	1968.0101
13179	44	9063	1968.0101	1968.0101
4104	32	822	1968.0101	1968.0101
24018	44	1896	1968.0101	1968.0101
16349	15	12386	1968.0101	1968.0101
15010	4	34930	1968.0101	1968.0101
5541	44	9063	1968.0101	1968.0101
26095	44	2691	1968.0101	1968.0101
11031	44	1096	1968.0101	1968.0101
9063	29	15252	1968.0101	1968.0101
9063	29	32771	1968.0101	1968.0101
9063	29	18833	1968.0101	1968.0101
24480	4	35509	1968.0101	1968.0101
6737	32	4104	1968.0101	1968.0101
9063	29	13992	1968.0101	1968.0101
9063	29	5541	1968.0101	1968.0101
9063	29	11926	1968.0101	1968.0101
9063	29	37256	1968.0101	1968.0101
32876	4	23622	1968.0101	1968.0101
9063	29	30222	1968.0101	1968.0101
9063	29	30223	1968.0101	1968.0101
11109	44	1896	1968.0101	1968.0101
9063	29	15432	1968.0101	1968.0101
9063	29	34688	1968.0101	1968.0101
9063	29	30665	1968.0101	1968.0101
9063	29	24412	1968.0101	1968.0101
14632	44	1896	1968.0101	1968.0101
34702	44	1896	1968.0101	1968.0101
32586	44	1896	1968.0101	1968.0101
10208	44	9063	1968.0101	1968.0101
20890	44	9063	1968.0101	1968.0101
2932	32	10221	1968.0101	1968.0101
6095	44	1896	1968.0101	1968.0101
19448	44	2691	1968.0101	1968.0101
36341	15	869	1968.0101	1968.0101
19635	44	1896	1968.0101	1968.0101
13005	44	1096	1968.0101	1968.0101
2134	4	1744	1968.0101	1968.0101
8955	3	30656	1968.0101	1968.0101
11926	44	9063	1968.0101	1968.0101
31187	15	655	1968.0101	1968.0101
30222	44	9063	1968.0101	1968.0101
1861	15	451	1968.0101	1968.0101
592	85	2691	1968.0101	1968.0101
1096	29	8424	1968.0101	1968.0101
1096	29	8357	1968.0101	1968.0101
1096	29	12402	1968.0101	1968.0101
1096	29	13674	1968.0101	1968.0101
32146	44	1096	1968.0101	1968.0101
1096	65	305	1968.0101	1968.0101
1096	29	11030	1968.0101	1968.0101
1096	29	16311	1968.0101	1968.0101
11881	44	1896	1968.0101	1968.0101
1096	65	592	1968.0101	1968.0101
1096	29	24065	1968.0101	1968.0101
1096	29	15142	1968.0101	1968.0101
1096	29	28173	1968.0101	1968.0101
1096	29	6317	1968.0101	1968.0101
1096	29	11437	1968.0101	1968.0101
11437	44	1096	1968.0101	1968.0101
1096	29	5159	1968.0101	1968.0101
18833	44	9063	1968.0101	1968.0101
13466	44	1096	1968.0101	1968.0101
1096	29	5160	1968.0101	1968.0101
1096	29	13466	1968.0101	1968.0101
20854	15	17233	1968.0101	1968.0101
1096	29	26151	1968.0101	1968.0101
14829	15	28214	1968.0101	1968.0101
5159	44	1096	1968.0101	1968.0101
1096	29	8358	1968.0101	1968.0101
1096	29	20314	1968.0101	1968.0101
1096	29	20587	1968.0101	1968.0101
1096	29	15385	1968.0101	1968.0101
1096	29	12401	1968.0101	1968.0101
1096	29	17426	1968.0101	1968.0101
30103	17	12707	1968.0101	1968.0801
4354	4	3857	1968.0101	1969.0101
8377	4	9297	1968.0101	1969.0101
14225	4	6068	1968.0101	1969.0101
21919	4	21920	1968.0101	1969.0101
3511	4	25479	1968.0101	1969.0101
7416	4	889	1968.0101	1969.0101
7899	4	31105	1968.0101	1969.0101
373	4	429	1968.0101	1969.0101
10125	4	1197	1968.0101	1969.0101
14261	4	14490	1968.0101	1969.0101
2667	4	12529	1968.0101	1969.0101
615	4	1652	1968.0101	1969.0101
5874	4	1197	1968.0101	1969.0101
31606	4	8289	1968.0101	1969.0101
5306	4	3596	1968.0101	1969.0101
32207	4	1620	1968.0101	1969.0101
37278	4	4056	1968.0101	1969.0101
18176	4	26643	1968.0101	1969.0101
5039	4	30653	1968.0101	1969.0101
2567	4	13958	1968.0101	1969.0101
25247	4	27567	1968.0101	1969.0101
21974	4	10678	1968.0101	1969.0101
30233	4	5701	1968.0101	1969.0101
25930	4	9155	1968.0101	1969.0101
9790	4	12978	1968.0101	1969.0101
9790	4	16705	1968.0101	1969.0101
6173	4	6405	1968.0101	1969.0101
40622	4	31222	1968.0101	1969.0101
32247	4	3857	1968.0101	1969.0101
30018	4	4917	1968.0101	1969.0101
4883	4	6068	1968.0101	1969.0101
27281	4	1652	1968.0101	1969.0101
3602	4	7352	1968.0101	1969.0101
19706	4	1374	1968.0101	1969.0101
36134	4	13991	1968.0101	1969.0101
11937	4	2792	1968.0101	1969.0101
8762	4	359	1968.0101	1969.0101
35588	4	15584	1968.0101	1969.0101
2112	4	3479	1968.0101	1970.0101
10810	3	1548	1968.0101	1970.0101
26738	4	24848	1968.0101	1970.0101
35239	4	9795	1968.0101	1970.0101
30109	4	15322	1968.0101	1970.0101
28464	4	3312	1968.0101	1970.0101
15038	4	39349	1968.0101	1970.0101
11519	4	6339	1968.0101	1970.0101
10842	4	6636	1968.0101	1970.0101
13260	4	9227	1968.0101	1970.0101
10992	4	8368	1968.0101	1970.0101
2638	4	41964	1968.0101	1970.0101
32976	17	12707	1968.0101	1970.0101
27625	4	10466	1968.0101	1970.0101
17997	3	1548	1968.0101	1970.0101
22388	4	9113	1968.0101	1970.0101
17115	4	948	1968.0101	1970.0101
14156	4	2949	1968.0101	1970.0101
30157	4	319	1968.0101	1970.0101
34197	4	38771	1968.0101	1970.0101
32603	4	3135	1968.0101	1970.0101
6386	4	14579	1968.0101	1970.0101
35851	4	12182	1968.0101	1970.0101
7931	123	34462	1968.0101	1970.0101
15089	4	15090	1968.0101	1971.0101
15291	4	6405	1968.0101	1971.0101
15734	4	1920	1968.0101	1971.0101
2544	4	566	1968.0101	1971.0101
36359	4	6436	1968.0101	1971.0101
33801	4	16168	1968.0101	1971.0101
14192	4	6679	1968.0101	1971.0101
22848	4	9276	1968.0101	1971.0101
40758	4	27413	1968.0101	1971.0101
37672	4	2949	1968.0101	1971.0101
12740	4	42286	1968.0101	1971.0101
3345	4	2309	1968.0101	1971.0101
2371	4	8289	1968.0101	1972.0101
14606	4	117	1968.0101	1972.0101
22500	4	4202	1968.0101	1972.0101
17963	4	20954	1968.0101	1972.0101
36495	3	8044	1968.0101	1972.0101
35981	4	27819	1968.0101	1972.0101
12351	4	178	1968.0101	1972.0101
360	4	889	1968.0101	1973.0101
29755	4	24519	1968.0101	1973.0101
24808	4	3135	1968.0101	1973.0101
26930	4	9	1968.0101	1973.0101
5084	4	19037	1968.0101	1973.0101
18817	4	1197	1968.0101	1973.0101
21592	4	4108	1968.0101	1974.0101
4323	4	14573	1968.0101	1974.0101
16059	4	5591	1968.0101	1974.0101
3727	4	1920	1968.0101	1974.0101
4420	4	23532	1968.0101	1974.0101
18678	19	11442	1968.0101	1974.0101
1743	4	1744	1968.0101	1974.0101
13198	4	4960	1968.0101	1974.0101
32048	4	3671	1968.0101	1975.0101
33096	4	29830	1968.0101	1976.0101
10933	4	7931	1968.0101	1976.0101
39533	4	21209	1968.0101	1977.0101
5028	41	4912	1968.0101	1977.032
10909	4	10883	1968.0101	1978.0101
14249	44	203	1968.0101	1978.0101
13692	19	2356	1968.0101	1978.0101
14557	4	581	1968.0101	1978.0101
26913	19	29750	1968.0101	1978.0101
14249	44	9063	1968.0101	1978.0101
14249	44	1096	1968.0101	1978.0101
20404	44	1896	1968.0101	1978.0101
32292	19	41925	1968.0101	1978.0101
27606	4	581	1968.0101	1978.0101
2356	19	13692	1968.0101	1978.0101
41925	19	32292	1968.0101	1978.0101
18899	4	25398	1968.0101	1978.0101
13060	19	4882	1968.0101	1980.0101
4882	19	13060	1968.0101	1980.0101
20126	4	5960	1968.0101	1980.0101
36011	17	59	1968.0101	1981.0101
20421	43	15449	1968.0101	1982.0101
29936	4	5142	1968.0101	1982.0101
30970	4	260	1968.0101	1983.0101
16219	41	455	1968.0101	1983.0101
7547	4	2443	1968.0101	1984.0101
25400	19	7253	1968.0101	1984.0101
7253	19	25400	1968.0101	1984.0101
23869	4	5068	1968.0101	1985.0101
35597	19	12223	1968.0101	1989.0101
12223	19	35597	1968.0101	1989.0101
17467	19	17466	1968.0101	1990.0101
8390	19	38467	1968.0101	1990.0101
3508	19	29854	1968.0101	1992.0101
34532	19	34533	1968.0101	1999.0101
34533	19	34532	1968.0101	1999.0101
9484	44	2691	1968.0101	2006.0101
11063	44	203	1968.0101	2006.0101
35724	44	203	1968.0101	2006.0101
10759	44	203	1968.0101	2006.0101
11063	44	1096	1968.0101	2006.0101
9484	44	203	1968.0101	2006.0101
10759	44	2691	1968.0101	2006.0101
10759	44	1096	1968.0101	2006.0101
20405	44	1896	1968.0101	2006.0101
6804	44	1096	1968.0101	2006.0101
6804	44	203	1968.0101	2006.0101
29586	17	23140	1968.0101	2011.0101
8574	41	6751	1968.0108	1968.0108
38629	41	6946	1968.011	1971.031
796	70	8278	1968.0202	1971.1011
1242	15	197	1968.0212	1968.0212
29750	19	26913	1968.022	1978.0801
708	15	13097	1968.0221	1968.0221
12037	15	562	1968.0222	1968.0222
13105	15	1112	1968.0222	1968.0222
10738	15	1664	1968.0222	1968.0222
10738	15	197	1968.0222	1968.0222
5723	15	1112	1968.0222	1968.0222
4664	15	1112	1968.0222	1968.0222
3999	15	197	1968.0222	1968.0222
12037	15	1664	1968.0222	1968.0222
3367	15	197	1968.0222	1968.0222
2806	15	2034	1968.0222	1968.0222
8698	15	2034	1968.0222	1968.0222
5319	15	1112	1968.0222	1968.0222
8013	15	1112	1968.0222	1968.0222
8797	15	2034	1968.0222	1968.0222
10601	15	2034	1968.0222	1968.0222
19540	15	1112	1968.0222	1968.0222
4302	15	2034	1968.0222	1968.0222
8538	15	2034	1968.0222	1968.0222
2404	15	2034	1968.0222	1968.0222
7695	15	820	1968.0222	1968.0222
708	15	2034	1968.0222	1968.0222
4892	15	820	1968.0222	1968.0222
37383	15	1112	1968.0222	1968.0222
10738	15	562	1968.0222	1968.0222
5830	15	2034	1968.0222	1968.0222
196	15	2034	1968.0222	1968.0222
2114	15	197	1968.0222	1968.0222
2114	15	13097	1968.0223	1968.0223
37464	19	22917	1968.0301	2003.0101
22917	19	37464	1968.0301	2003.0101
29309	25	27045	1968.0305	1987.0203
26071	25	4054	1968.0307	1968.0307
4605	25	4054	1968.0307	1984.0326
5864	12	1345	1968.0312	1968.0312
21840	41	279	1968.0314	1969.0521
3604	15	197	1968.0328	1968.0328
2176	62	13550	1968.033	1975.0528
5631	50	12921	1968.04	1968.04
19200	38	1566	1968.04	1968.04
3179	17	4046	1968.04	1973.0
737	18	24896	1968.0407	1968.0407
3547	15	197	1968.0419	1968.0419
365	25	2483	1968.0423	1968.0423
5864	25	333	1968.0424	1968.0424
28153	4	7931	1968.0424	1978.0101
7413	32	11893	1968.0502	1968.0502
11893	32	7413	1968.0502	1968.0502
440	25	25354	1968.0516	1968.0516
24573	15	197	1968.0517	1968.0517
41086	19	41431	1968.0521	1982.0511
41431	19	41086	1968.0521	1982.0511
796	25	85	1968.0524	1968.0524
715	25	85	1968.0614	1968.0614
4793	50	28395	1968.0621	1968.0621
36075	15	1772	1968.0702	1968.0702
15905	41	21204	1968.071	1969.062
15905	41	296	1968.0711	1968.081
10082	41	3626	1968.0711	1968.0812
19886	41	296	1968.0711	1968.0812
8299	41	296	1968.0711	1968.0813
18357	41	296	1968.0711	1969.0722
15180	41	296	1968.0711	1969.0722
2420	41	296	1968.0711	1971.0207
23124	41	3626	1968.0711	1972.0806
17983	41	296	1968.0711	1973.0401
703	41	296	1968.0711	1973.0401
12953	41	296	1968.0711	1973.0401
1004	41	296	1968.0711	1973.0401
2962	15	820	1968.0724	1968.0724
6657	25	1559	1968.0724	1968.0724
6657	25	611	1968.0724	1968.0724
9865	25	85	1968.0725	1968.0725
29854	19	3508	1968.08	1992.0727
26766	41	296	1968.0813	1973.0401
365	25	1559	1968.082	1968.082
17096	15	197	1968.0821	1968.0821
1802	25	2483	1968.0822	1968.0822
34043	21	2176	1968.0828	1992.1231
27104	15	197	1968.0829	1968.0829
8041	15	197	1968.083	1968.083
1696	28	953	1968.09	1968.09
1079	25	2483	1968.0904	1968.0904
18660	15	197	1968.0917	1968.0917
18660	15	336	1968.0917	1968.0917
25225	15	197	1968.092	1968.092
28851	15	17753	1968.0922	1968.0922
5864	25	1559	1968.0923	1968.0923
5864	25	2483	1968.0923	1968.0923
5864	25	611	1968.0923	1968.0923
11232	25	25113	1968.0924	1968.0924
17466	19	17467	1968.1005	1990.0518
4239	12	1345	1968.1012	1968.1012
22023	66	4239	1968.1012	1968.1012
5078	25	1577	1968.1024	1968.1024
32913	25	652	1968.1024	1968.1024
5864	25	1577	1968.1025	1968.1025
365	25	85	1968.1028	1968.1028
2749	15	197	1968.1029	1968.1029
11040	15	197	1968.1106	1968.1106
4239	25	333	1968.1112	1968.1112
1079	25	85	1968.1113	1968.1113
15615	32	6847	1968.1114	1968.1114
6847	32	15615	1968.1114	1968.1114
8662	25	85	1968.1204	1968.1204
3	70	21449	1968.1212	1969.0805
11642	15	820	1968.1213	1968.1213
2079	15	27381	1968.1219	1968.1219
28794	55	726	1968.1228	1968.1228
2438	3	1942	1969.0	1969.0
4305	17	1037	1969.0	1969.0
6273	71	6274	1969.0	1969.0
8364	15	8365	1969.0	1969.0
2301	32	9829	1969.0	1969.0
15206	15	1772	1969.0	1969.0
2351	30	17047	1969.0	1969.0
3993	30	17341	1969.0	1969.0
228	16	3982	1969.0	1969.0
19050	3	310	1969.0	1969.0
20066	33	1462	1969.0	1969.0
3033	3	20585	1969.0	1969.0
21007	3	21008	1969.0	1969.0
23569	3	23570	1969.0	1969.0
22410	16	13404	1969.0	1969.0
3036	16	1210	1969.0	1969.0
24521	3	19973	1969.0	1969.0
26186	16	2491	1969.0	1969.0
4088	30	26577	1969.0	1969.0
14533	3	6168	1969.0	1969.0
31149	15	820	1969.0	1969.0
31578	15	31579	1969.0	1969.0
27001	3	19352	1969.0	1969.0
15216	3	32984	1969.0	1969.0
30731	3	8187	1969.0	1969.0
23773	3	4762	1969.0	1969.0
34754	3	24877	1969.0	1969.0
9062	15	1883	1969.0	1969.0
24876	3	5844	1969.0	1969.0
12812	15	820	1969.0	1969.0
10991	3	28597	1969.0	1969.0
22852	15	24526	1969.0	1969.0
19205	3	18639	1969.0	1969.0
17047	15	2351	1969.0	1969.0
2231	30	16250	1969.0	1969.0
22005	71	5421	1969.0	1969.0
6475	15	1249	1969.0	1969.0
31006	3	18455	1969.0	1969.0
31049	3	1017	1969.0	1969.0
18687	112	2861	1969.0	1969.0
31901	71	2157	1969.0	1969.0
29777	15	5184	1969.0	1969.0
29777	15	4570	1969.0	1969.0
27960	3	1985	1969.0	1969.0
14473	3	18819	1969.0	1969.0
6627	15	3034	1969.0	1969.0
33130	3	30097	1969.0	1969.0
11607	3	15324	1969.0	1969.0
10710	30	5070	1969.0	1969.0
11244	3	6449	1969.0	1969.0
3278	16	503	1969.0	1969.0
3243	30	22917	1969.0	1969.0
28769	15	1249	1969.0	1969.0
23373	15	1772	1969.0	1969.0
18182	3	1369	1969.0	1969.0
18561	15	2578	1969.0	1969.0
29777	15	3034	1969.0	1969.0
22550	3	18819	1969.0	1969.0
41801	33	119	1969.0	1969.0
24325	15	14446	1969.0	1969.0
21340	3	6282	1969.0	1969.0
337	30	7755	1969.0	1969.0
5104	16	2491	1969.0	1969.0
35474	16	57	1969.0	1969.0
1019	30	9428	1969.0	1969.0
26017	17	11873	1969.0	1969.0
41919	16	1487	1969.0	1969.0
15496	3	36902	1969.0	1969.0
401	15	1772	1969.0	1969.0
18308	3	37079	1969.0	1969.0
13763	15	6703	1969.0	1969.0
24952	15	2731	1969.0	1969.0
39593	3	20639	1969.0	1969.0
7638	30	35883	1969.0	1969.0
461	30	29777	1969.0	1969.0
5923	15	347	1969.0	1969.0
4570	30	29777	1969.0	1969.0
16687	32	7507	1969.0	1969.0
7386	3	2189	1969.0	1969.0
12581	15	3982	1969.0	1969.0
22576	33	673	1969.0	1969.0
26577	15	4088	1969.0	1969.0
16944	25	142	1969.0	1969.0
6475	15	869	1969.0	1969.0
38453	3	19852	1969.0	1969.0
21651	15	1650	1969.0	1969.0
23215	3	5038	1969.0	1969.0
34600	3	15324	1969.0	1969.0
26063	3	2059	1969.0	1969.0
6689	3	6724	1969.0	1969.0
3214	25	142	1969.0	1969.0
26570	3	34973	1969.0	1969.0
27564	3	1848	1969.0	1969.0
41476	3	115	1969.0	1969.0
6650	16	503	1969.0	1969.0
21452	30	36594	1969.0	1969.0
14496	15	1650	1969.0	1969.0
17435	15	1487	1969.0	1969.0
2979	16	3243	1969.0	1969.0
20893	33	624	1969.0	1969.0
38618	16	524	1969.0	1969.0
2966	29	2965	1969.0	1969.0
9428	15	1019	1969.0	1969.0
3197	25	5155	1969.0	1969.0
23845	33	624	1969.0	1969.0
19205	14	18639	1969.0	1969.0
2578	30	18561	1969.0	1969.0
4740	30	6627	1969.0	1969.0
1847	3	32590	1969.0	1969.0
35556	18	16883	1969.0	1969.0
20001	30	9187	1969.0	1969.0
23345	3	31397	1969.0	1969.0
15442	3	11421	1969.0	1969.0
4879	15	42469	1969.0	1969.0
26208	15	2754	1969.0	1969.0
18251	16	3982	1969.0	1969.0
31213	3	939	1969.0	1969.0
23335	30	3214	1969.0	1969.0
13356	15	275	1969.0	1969.0
3814	3	23548	1969.0	1969.0
29777	15	461	1969.0	1969.0
4799	15	451	1969.0	1969.0
11149	3	550	1969.0	1969.0
2114	15	26816	1969.0	1969.0
2754	30	26208	1969.0	1969.0
18028	16	17682	1969.0	1969.0
10503	15	2491	1969.0	1969.0
27826	15	18862	1969.0	1969.0
4122	15	1772	1969.0	1969.0
3208	15	2913	1969.0	1969.0
2231	30	35626	1969.0	1969.0
27745	3	16305	1969.0	1969.0
36594	15	21452	1969.0	1969.0
10894	3	25131	1969.0	1969.0
6627	15	4740	1969.0	1969.0
4342	15	3034	1969.0	1969.0
36834	3	33625	1969.0	1969.0
20872	3	939	1969.0	1969.0
6375	15	451	1969.0	1969.0
1206	15	10859	1969.0	1969.0
50	14	51	1969.0	1970.0
126	14	1458	1969.0	1970.0
3483	4	31183	1969.0	1970.0
24127	3	34887	1969.0	1970.0
7718	14	18819	1969.0	1970.0
13421	3	33167	1969.0	1970.0
26294	41	1396	1969.0	1970.0
15271	1	1247	1969.0	1970.0
23563	41	1339	1969.0	1970.0
7108	4	11161	1969.0	1970.0
36904	4	3484	1969.0	1970.0
17088	4	9690	1969.0	1970.0
9685	123	26271	1969.0	1970.0
25579	3	21369	1969.0	1971.0
28711	3	32605	1969.0	1971.0
2781	3	6730	1969.0	1971.0
13582	14	39407	1969.0	1971.0
22794	14	26853	1969.0	1971.0
1606	33	673	1969.0	1971.0
12020	3	23305	1969.0	1971.0
15216	46	8178	1969.0	1971.0
27745	46	8178	1969.0	1971.0
24515	3	23053	1969.0	1972.0
3033	46	4793	1969.0	1972.0
39513	4	2922	1969.0	1972.0
26543	46	8178	1969.0	1972.0
36862	3	28071	1969.0	1972.0
3322	41	455	1969.0	1972.0
9527	135	3055	1969.0	1972.0
13088	41	1366	1969.0	1973.0
32828	41	11033	1969.0	1973.0
23216	3	15324	1969.0	1973.0
28133	14	28138	1969.0	1973.0
16835	19	36445	1969.0	1973.0
36445	19	16835	1969.0	1973.0
16002	19	16003	1969.0	1974.0
30338	3	35074	1969.0	1974.0
29742	41	7393	1969.0	1974.0
12140	3	13937	1969.0	1974.0
23562	4	27038	1969.0	1974.0
21340	46	3699	1969.0	1975.0
40738	43	2724	1969.0	1975.0
22128	4	25647	1969.0	1975.0
11864	4	6047	1969.0	1975.0
11149	14	1017	1969.0	1975.0
7278	70	28662	1969.0	1976.0
10692	3	39752	1969.0	1976.0
2943	14	25752	1969.0	1976.0
7769	70	4157	1969.0	1976.0
22005	46	8178	1969.0	1976.0
14741	4	27326	1969.0	1977.0
3671	9	38378	1969.0	1977.0
21227	19	18093	1969.0	1978.0
12827	14	6724	1969.0	1979.0
15392	4	830	1969.0	1979.0
6081	4	27038	1969.0	1979.0
13454	41	13455	1969.0	1980.0
30205	18	4626	1969.0	1980.0
7010	4	19880	1969.0	1981.0
13454	41	4374	1969.0	1981.0
23562	3	939	1969.0	1981.0
22763	9	22764	1969.0	1982.0
30057	4	23718	1969.0	1983.0
34600	19	11607	1969.0	1983.0
11607	19	34600	1969.0	1983.0
38792	14	3693	1969.0	1984.0
6303	14	1687	1969.0	1984.0
2847	14	3308	1969.0	1987.0
5854	41	4912	1969.0	1989.0
37437	21	75	1969.0	1990.0
33302	33	4281	1969.0	1990.0
5854	17	11904	1969.0	1990.0402
12488	19	18996	1969.0	1991.0
11058	17	13770	1969.0	1991.0
2260	76	10738	1969.0	1992.0
33007	17	1154	1969.0	1994.0
24876	46	3699	1969.0	1994.0
32374	14	35017	1969.0	1995.0
5955	19	27035	1969.0	1997.063
20082	18	2157	1969.0	1998.0
35639	46	9603	1969.0	2000.0
607	14	12782	1969.0	2001.0
24352	14	39738	1969.0	2007.0
15496	46	3699	1969.0	2009.0
9415	19	23816	1969.0	2009.0223
27767	46	3699	1969.0	2013.0
35499	3	904	1969.01	1969.01
8745	33	4437	1969.0101	1969.0101
12061	19	12062	1969.0101	1969.0101
20589	37	3417	1969.0101	1969.0101
4719	15	22551	1969.0101	1969.0101
13952	15	655	1969.0101	1969.0101
4879	15	13120	1969.0101	1969.0101
15368	16	524	1969.0101	1969.0101
13660	15	6846	1969.0101	1969.0101
13990	16	1504	1969.0101	1969.0101
29059	17	4046	1969.0101	1969.0101
10117	15	12160	1969.0101	1969.0101
11491	71	22885	1969.0101	1969.0101
23497	16	337	1969.0101	1969.0101
5852	15	32992	1969.0101	1969.0101
33027	15	13120	1969.0101	1969.0101
7872	15	19410	1969.0101	1969.0101
27027	15	1249	1969.0101	1969.0101
17609	15	37020	1969.0101	1969.0101
29141	15	655	1969.0101	1969.0101
17137	15	1746	1969.0101	1969.0101
1462	25	25984	1969.0101	1969.0101
17108	15	1201	1969.0101	1969.0101
1504	30	9742	1969.0101	1969.0101
21118	15	6075	1969.0101	1969.0101
28368	15	13120	1969.0101	1969.0101
9829	32	2301	1969.0101	1969.0101
35934	15	20665	1969.0101	1969.0101
1045	15	36958	1969.0101	1969.0101
27958	4	29906	1969.0101	1969.0101
3088	15	17233	1969.0101	1969.0101
37848	4	7649	1969.0101	1969.0101
9742	15	1504	1969.0101	1969.0101
41874	15	22385	1969.0101	1969.0101
5294	15	4363	1969.0101	1969.0101
10066	16	524	1969.0101	1969.0101
14095	4	25111	1969.0101	1969.0101
2817	15	18869	1969.0101	1969.0101
30771	4	8548	1969.0101	1969.0101
7776	15	42020	1969.0101	1969.0101
11483	15	4847	1969.0101	1969.0101
42030	37	3417	1969.0101	1969.0101
29382	15	451	1969.0101	1969.0101
31715	15	16389	1969.0101	1969.0101
1045	15	16240	1969.0101	1969.0101
17484	16	337	1969.0101	1969.0101
15851	15	36510	1969.0101	1969.0101
32956	15	21403	1969.0101	1969.0101
12062	19	12061	1969.0101	1969.0101
24729	15	34509	1969.0101	1969.0101
33521	4	1732	1969.0101	1969.0101
24729	15	24110	1969.0101	1969.0101
324	15	36790	1969.0101	1969.0101
26322	15	3759	1969.0101	1969.0101
3214	15	23335	1969.0101	1969.0101
28979	3	8689	1969.0101	1969.0101
18395	15	31366	1969.0101	1969.0101
13220	15	28214	1969.0101	1969.0101
40816	4	260	1969.0101	1969.0101
22852	15	29388	1969.0101	1969.0101
12823	15	3348	1969.0101	1969.0101
21349	4	36858	1969.0101	1969.0101
12823	15	5967	1969.0101	1969.0101
16436	15	35167	1969.0101	1969.0101
1991	15	655	1969.0101	1969.0101
1462	25	7864	1969.0101	1969.0101
14412	15	32992	1969.0101	1969.0101
18361	15	3493	1969.0101	1969.0101
3371	16	1504	1969.0101	1969.0101
7416	4	3425	1969.0101	1969.0101
10813	38	368	1969.0101	1969.0101
8123	15	655	1969.0101	1969.0101
20475	15	1922	1969.0101	1969.0101
7507	32	16687	1969.0101	1969.0101
39079	16	1504	1969.0101	1969.0101
17490	15	35627	1969.0101	1969.0101
2567	4	2545	1969.0101	1970.0101
5306	4	5151	1969.0101	1970.0101
6173	4	4056	1969.0101	1970.0101
25930	4	2138	1969.0101	1970.0101
10704	4	17724	1969.0101	1970.0101
25418	4	12426	1969.0101	1970.0101
36403	4	9690	1969.0101	1970.0101
38124	4	17231	1969.0101	1970.0101
7547	4	18659	1969.0101	1970.0101
36047	4	13590	1969.0101	1970.0101
24375	4	22972	1969.0101	1970.0101
25247	4	2928	1969.0101	1970.0101
2468	4	1477	1969.0101	1970.0101
29385	4	39839	1969.0101	1970.0101
31311	4	6124	1969.0101	1970.0101
32876	4	14811	1969.0101	1970.0101
21740	4	27343	1969.0101	1970.0101
25978	4	2138	1969.0101	1970.0101
27958	4	27371	1969.0101	1970.0101
375	4	15805	1969.0101	1970.0101
32207	4	1477	1969.0101	1970.0101
37278	4	7432	1969.0101	1970.0101
6476	4	12362	1969.0101	1970.0101
17915	4	4475	1969.0101	1970.0101
8377	4	2505	1969.0101	1970.0101
7899	4	9083	1969.0101	1970.0101
32542	4	35668	1969.0101	1970.0101
21290	4	20064	1969.0101	1970.0101
42343	4	9113	1969.0101	1970.0101
27281	4	3857	1969.0101	1970.0101
29590	4	8368	1969.0101	1970.0101
29755	4	13590	1969.0101	1970.0101
3594	4	2547	1969.0101	1971.0101
11937	4	8305	1969.0101	1971.0101
14261	4	1945	1969.0101	1971.0101
25515	3	1548	1969.0101	1971.0101
4354	4	1652	1969.0101	1971.0101
10329	4	3216	1969.0101	1971.0101
11623	4	29560	1969.0101	1971.0101
6499	4	14963	1969.0101	1971.0101
2755	4	1910	1969.0101	1971.0101
30018	4	14167	1969.0101	1971.0101
30396	4	1321	1969.0101	1971.0101
90	4	23811	1969.0101	1971.0101
25099	3	1548	1969.0101	1971.0101
5039	4	9297	1969.0101	1971.0101
39041	4	35164	1969.0101	1971.0101
3351	3	1548	1969.0101	1971.0101
24130	4	5960	1969.0101	1971.0101
24066	4	2000	1969.0101	1971.0101
35349	4	20954	1969.0101	1971.0101
11730	3	1017	1969.0101	1971.0101
30003	4	13847	1969.0101	1971.0101
38968	4	21650	1969.0101	1971.0101
12785	4	12725	1969.0101	1971.0101
19337	4	9113	1969.0101	1971.0101
29721	4	6216	1969.0101	1971.0101
16128	4	6216	1969.0101	1971.0101
34885	3	1548	1969.0101	1971.0101
7416	4	1197	1969.0101	1971.0101
16346	4	4077	1969.0101	1971.0101
40545	4	11884	1969.0101	1971.0101
28328	3	1548	1969.0101	1971.0101
25215	4	6124	1969.0101	1971.0101
35060	4	8437	1969.0101	1971.0101
12220	4	12221	1969.0101	1972.0101
17387	19	11354	1969.0101	1972.0101
10465	4	4056	1969.0101	1972.0101
37749	4	2733	1969.0101	1972.0101
5874	4	13958	1969.0101	1972.0101
36784	4	2043	1969.0101	1972.0101
20126	4	178	1969.0101	1972.0101
8762	4	20954	1969.0101	1972.0101
23548	154	4885	1969.0101	1972.0101
615	4	17042	1969.0101	1972.0101
9510	4	1920	1969.0101	1972.0101
34496	4	10996	1969.0101	1972.0101
11354	19	17387	1969.0101	1972.0101
16571	4	1197	1969.0101	1972.0101
21925	4	17056	1969.0101	1972.0101
4377	4	23341	1969.0101	1972.0101
15918	4	41448	1969.0101	1972.0101
14225	4	24472	1969.0101	1973.0101
5625	4	14579	1969.0101	1973.0101
4530	4	2043	1969.0101	1973.0101
38399	4	10466	1969.0101	1973.0101
20271	4	1866	1969.0101	1973.0101
30771	4	12529	1969.0101	1973.0101
16003	19	16002	1969.0101	1974.0101
34723	4	10705	1969.0101	1974.0101
10885	4	25459	1969.0101	1974.0101
24066	4	1040	1969.0101	1974.0101
30188	4	11084	1969.0101	1974.0101
8669	4	5234	1969.0101	1975.0101
5198	4	17750	1969.0101	1975.0101
17341	19	25243	1969.0101	1975.0101
11391	4	8475	1969.0101	1975.0101
2724	43	40738	1969.0101	1975.0101
35753	4	8325	1969.0101	1975.0101
19267	4	23287	1969.0101	1975.0101
5075	4	5076	1969.0101	1976.0101
24708	19	7755	1969.0101	1976.0101
7755	19	24708	1969.0101	1976.0101
31061	4	10861	1969.0101	1976.0101
32260	4	4125	1969.0101	1976.0101
10174	4	36486	1969.0101	1976.0101
26382	4	8876	1969.0101	1977.0101
32647	4	1781	1969.0101	1977.0101
3511	4	36463	1969.0101	1977.0101
9790	4	3432	1969.0101	1977.0101
35588	4	30653	1969.0101	1977.0101
18093	19	21227	1969.0101	1978.0
31522	4	2315	1969.0101	1978.0101
12817	18	876	1969.0101	1979.0
24375	4	616	1969.0101	1979.0101
3416	37	4405	1969.0101	1979.0101
40622	4	7993	1969.0101	1979.0101
10102	14	2829	1969.0101	1979.0101
3012	4	16337	1969.0101	1980.0101
11192	19	38689	1969.0101	1980.0101
38689	19	11192	1969.0101	1980.0101
29141	19	20583	1969.0101	1981.0101
11429	4	34986	1969.0101	1983.0101
33362	19	1080	1969.0101	1984.0101
1080	19	33362	1969.0101	1984.0101
24480	4	35509	1969.0101	1986.0
20377	19	12009	1969.0101	1986.0101
30759	4	23287	1969.0101	1986.0101
12009	19	20377	1969.0101	1986.0101
30876	4	3432	1969.0101	1988.0101
18996	19	12488	1969.0101	1991.0101
5592	19	36612	1969.0101	1991.0101
33126	19	42422	1969.0101	1997.0101
42422	19	33126	1969.0101	1997.0101
27035	19	5955	1969.0101	1997.063
17438	19	8123	1969.0101	2002.0101
8123	19	17438	1969.0101	2002.0101
35606	37	3417	1969.0101	2008.0101
23816	19	9415	1969.0101	2009.0223
1811	19	17266	1969.0101	2010.0101
17266	19	1811	1969.0101	2010.0101
641	25	2483	1969.0115	1969.0115
5446	41	5154	1969.012	1974.0809
3292	41	7045	1969.0121	1973.0129
5878	15	336	1969.0206	1969.0206
5878	15	197	1969.0206	1969.0206
944	25	85	1969.0206	1969.0206
1462	25	85	1969.0208	1969.0208
3999	15	1112	1969.0221	1969.0221
8874	15	1112	1969.0221	1969.0221
30571	15	336	1969.0313	1969.0313
30571	15	197	1969.0313	1969.0313
16644	15	336	1969.0313	1969.0313
3717	15	197	1969.0313	1969.0313
3717	15	336	1969.0313	1969.0313
16644	15	197	1969.0313	1969.0313
235	70	28849	1969.0317	1974.0603
28849	41	5418	1969.0317	1974.0603
20589	19	33834	1969.032	1980.1208
33834	19	20589	1969.032	1980.1208
2566	15	7863	1969.0328	1969.0328
5927	7	637	1969.0402	1969.0402
3942	48	3912	1969.041	1969.041
9720	15	1772	1969.0411	1969.0411
10681	16	1210	1969.0414	1969.0414
31692	32	11164	1969.0418	1969.0418
11164	32	31692	1969.0418	1969.0418
10421	15	1772	1969.0422	1969.0422
38719	48	25218	1969.0425	1969.0425
113	62	7989	1969.0428	1969.062
7989	41	4592	1969.0428	1969.062
24921	41	17559	1969.0503	1969.072
553	62	24921	1969.0503	1969.072
32413	15	7851	1969.0515	1969.0515
7177	32	35051	1969.0516	1969.0516
35051	32	7177	1969.0516	1969.0516
613	25	85	1969.0518	1969.0518
814	25	85	1969.0521	1969.0521
32409	15	5058	1969.0601	1969.0601
26134	15	5058	1969.0614	1969.0614
30465	25	7667	1969.0614	2015.0331
572	41	21204	1969.062	1972.0706
4592	80	17260	1969.062	1974.0402
113	62	17260	1969.062	1974.0402
17260	41	4592	1969.062	1974.0402
5701	123	24137	1969.0701	1971.0704
22178	41	11982	1969.0701	1974.1215
5864	25	85	1969.0702	1969.0702
883	41	279	1969.0702	1973.0205
21840	41	279	1969.0702	1973.0205
24266	41	279	1969.0702	1973.0205
1844	41	279	1969.0702	1973.0205
28017	41	279	1969.0702	1973.0205
16634	41	279	1969.0702	1973.0205
37649	41	279	1969.0702	1973.0205
278	41	279	1969.0702	1973.0205
19110	41	279	1969.0702	1973.0205
12723	41	279	1969.0702	1973.0205
34960	41	279	1969.0702	1973.0205
1986	41	279	1969.0702	1973.0205
39881	41	279	1969.0702	1973.0205
13533	41	279	1969.0702	1973.0205
40142	41	279	1969.0702	1973.0205
19971	41	279	1969.0702	1973.0205
25799	41	279	1969.0702	1973.0205
23800	41	279	1969.0702	1973.0205
6192	41	279	1969.0702	1973.0205
29608	40	42240	1969.072	1969.072
10579	15	197	1969.0723	1969.0723
3	70	21449	1969.0805	1970.0327
36612	19	5592	1969.0806	1991.0101
14265	25	85	1969.081	1969.081
708	15	37234	1969.0812	1969.0812
708	15	13097	1969.0812	1969.0812
24921	41	17559	1969.0824	1974.0824
553	62	24921	1969.0824	1974.0824
20583	19	29141	1969.0907	1981.0804
9623	15	2783	1969.0919	1969.0919
19798	25	804	1969.0922	1969.0922
5927	7	1286	1969.0922	1969.0922
5040	25	2395	1969.0925	1969.0925
440	25	2395	1969.0925	1969.0925
8662	25	1559	1969.0926	1969.0926
7145	15	1772	1969.0929	1969.0929
17652	15	1249	1969.0929	1969.0929
17516	15	1772	1969.0929	1969.0929
27900	15	451	1969.0929	1969.0929
1986	25	2636	1969.0929	1973.0501
5380	41	1241	1969.1001	1986.0228
3367	15	13551	1969.1003	1969.1003
10601	15	13551	1969.1003	1969.1003
10601	15	1159	1969.1003	1969.1003
4174	25	611	1969.1003	1969.1003
5380	41	1000	1969.1014	1976.1008
1000	80	5380	1969.1014	1976.1008
35492	41	302	1969.102	1972.0922
35343	41	302	1969.102	1972.0922
22504	41	302	1969.102	1972.0922
12051	41	302	1969.102	1972.0922
630	32	6778	1969.1021	1969.1021
18761	41	296	1969.1026	1973.0401
25243	19	17341	1969.1028	1975.0
13091	15	197	1969.1031	1969.1031
27296	15	8649	1969.1101	1969.1101
10813	15	197	1969.111	1969.111
1383	25	85	1969.1205	1969.1205
3655	32	140	1969.1211	1969.1211
140	32	3655	1969.1211	1969.1211
5127	197	34217	1969.1222	1983.0527
14400	15	451	1969.1225	1969.1225
32309	33	977	1969.1228	1997.0217
4748	15	4749	1970.0	1970.0
461	30	5147	1970.0	1970.0
8942	16	4131	1970.0	1970.0
9841	3	9842	1970.0	1970.0
11514	15	5058	1970.0	1970.0
11946	3	11947	1970.0	1970.0
13321	15	13322	1970.0	1970.0
4740	30	5147	1970.0	1970.0
19217	15	820	1970.0	1970.0
20573	3	16748	1970.0	1970.0
9658	30	20917	1970.0	1970.0
21836	15	5739	1970.0	1970.0
4545	32	13667	1970.0	1970.0
5147	15	3034	1970.0	1970.0
23766	3	6199	1970.0	1970.0
3155	21	13	1970.0	1970.0
23179	14	23967	1970.0	1970.0
14400	15	8649	1970.0	1970.0
11183	3	9316	1970.0	1970.0
2979	16	3243	1970.0	1970.0
28183	3	28184	1970.0	1970.0
5830	15	8649	1970.0	1970.0
30558	3	17491	1970.0	1970.0
15206	15	8649	1970.0	1970.0
31612	3	472	1970.0	1970.0
9813	16	3982	1970.0	1970.0
819	15	869	1970.0	1970.0
32257	71	13745	1970.0	1970.0
2301	32	17	1970.0	1970.0
4131	30	12670	1970.0	1970.0
4050	3	939	1970.0	1970.0
4570	30	11864	1970.0	1970.0
33011	14	5323	1970.0	1970.0
20001	30	9187	1970.0	1970.0
24584	15	869	1970.0	1970.0
23044	15	792	1970.0	1970.0
8592	16	5204	1970.0	1970.0
33978	3	33979	1970.0	1970.0
5204	30	8592	1970.0	1970.0
34336	3	6449	1970.0	1970.0
34972	3	34973	1970.0	1970.0
2	1	715	1970.0	1970.0
1019	30	30452	1970.0	1970.0
12525	33	364	1970.0	1970.0
11500	15	3982	1970.0	1970.0
13917	14	36004	1970.0	1970.0
2231	30	23693	1970.0	1970.0
32400	15	1487	1970.0	1970.0
2593	3	19643	1970.0	1970.0
37103	3	24470	1970.0	1970.0
13259	25	3689	1970.0	1970.0
17332	3	3971	1970.0	1970.0
37446	15	37447	1970.0	1970.0
37565	3	37566	1970.0	1970.0
23179	14	6421	1970.0	1970.0
2351	30	5147	1970.0	1970.0
17648	15	14389	1970.0	1970.0
244	32	19989	1970.0	1970.0
11844	15	3186	1970.0	1970.0
17516	17	728	1970.0	1970.0
28117	32	21175	1970.0	1970.0
5147	15	461	1970.0	1970.0
1391	3	20974	1970.0	1970.0
5282	3	26608	1970.0	1970.0
14392	25	6919	1970.0	1970.0
14433	30	32297	1970.0	1970.0
13115	15	820	1970.0	1970.0
34868	3	40173	1970.0	1970.0
22825	3	18961	1970.0	1970.0
19192	15	197	1970.0	1970.0
9589	3	20974	1970.0	1970.0
17516	15	8692	1970.0	1970.0
2114	15	6617	1970.0	1970.0
14292	3	21927	1970.0	1970.0
4879	33	264	1970.0	1970.0
15949	3	6449	1970.0	1970.0
25710	3	6766	1970.0	1970.0
30826	17	1037	1970.0	1970.0
21651	15	20713	1970.0	1970.0
12037	15	28705	1970.0	1970.0
25041	14	16625	1970.0	1970.0
25480	15	1249	1970.0	1970.0
196	15	8649	1970.0	1970.0
29045	3	6168	1970.0	1970.0
2660	33	73	1970.0	1970.0
8921	15	3186	1970.0	1970.0
26216	30	6409	1970.0	1970.0
1334	41	28706	1970.0	1970.0
18945	3	39463	1970.0	1970.0
337	30	17462	1970.0	1970.0
24663	3	408	1970.0	1970.0
23364	3	22930	1970.0	1970.0
33670	12	1345	1970.0	1970.0
15968	15	3034	1970.0	1970.0
8592	15	5204	1970.0	1970.0
13525	30	13526	1970.0	1970.0
11388	3	14438	1970.0	1970.0
35224	15	3034	1970.0	1970.0
13525	30	20201	1970.0	1970.0
26005	3	5616	1970.0	1970.0
34882	3	4199	1970.0	1970.0
38227	3	25319	1970.0	1970.0
7638	30	7504	1970.0	1970.0
14909	15	6694	1970.0	1970.0
32257	3	6418	1970.0	1970.0
5739	30	21836	1970.0	1970.0
19111	3	20974	1970.0	1970.0
6055	25	2395	1970.0	1970.0
40063	42	5058	1970.0	1970.0
40749	30	19483	1970.0	1970.0
19050	3	3498	1970.0	1970.0
21175	32	28117	1970.0	1970.0
9118	15	3129	1970.0	1970.0
17503	15	14446	1970.0	1970.0
8053	15	8649	1970.0	1970.0
13091	15	869	1970.0	1970.0
25306	3	11516	1970.0	1970.0
5501	30	30067	1970.0	1970.0
18696	15	14389	1970.0	1970.0
37251	3	939	1970.0	1970.0
3410	15	820	1970.0	1970.0
27681	15	524	1970.0	1970.0
2147	32	4317	1970.0	1970.0
35546	3	35819	1970.0	1970.0
1644	15	8649	1970.0	1970.0
2660	33	13	1970.0	1970.0
32159	85	4086	1970.0	1970.0
24669	15	2193	1970.0	1970.0
32185	17	4046	1970.0	1970.0
20910	15	14563	1970.0	1970.0
33194	15	21452	1970.0	1970.0
24049	15	8649	1970.0	1970.0
25107	3	14123	1970.0	1970.0
4359	30	34568	1970.0	1970.0
32710	3	31298	1970.0	1970.0
36488	3	21173	1970.0	1970.0
50	3	15016	1970.0	1970.0
41490	3	19352	1970.0	1970.0
50	3	5038	1970.0	1970.0
50	14	5038	1970.0	1970.0
11584	15	42192	1970.0	1970.0
11864	15	4570	1970.0	1970.0
21680	3	1017	1970.0	1970.0
11864	15	5184	1970.0	1970.0
26669	15	2491	1970.0	1970.0
2430	3	1848	1970.0	1970.0
21452	30	33194	1970.0	1970.0
19559	3	27016	1970.0	1970.0
6074	21	13	1970.0	1970.0
36930	3	36645	1970.0	1970.0
21435	15	35595	1970.0	1970.0
15379	15	4681	1970.0	1970.0
15804	16	1487	1970.0	1970.0
34553	3	27636	1970.0	1970.0
28285	17	12707	1970.0	1970.0
42192	30	11584	1970.0	1970.0
37678	15	7429	1970.0	1970.0
52	15	53	1970.0	1970.0
4398	15	1772	1970.0	1970.0
17731	16	22385	1970.0	1970.0
6550	15	25462	1970.0	1970.0
17047	15	3034	1970.0	1970.0
52	16	53	1970.0	1970.0
19192	15	8649	1970.0	1970.0
17462	16	2491	1970.0	1970.0
4147	33	2589	1970.0	1970.0
8942	15	4131	1970.0	1970.0
16644	25	8031	1970.0	1970.0
1213	30	1177	1970.0	1970.0
17462	15	337	1970.0	1970.0
18381	3	9906	1970.0	1970.0
14392	3	34391	1970.0	1970.0
19483	15	40749	1970.0	1970.0
15392	15	5184	1970.0	1970.0
5619	3	115	1970.0	1970.0
5147	15	4740	1970.0	1970.0
18887	15	792	1970.0	1970.0
31611	3	1682	1970.0	1970.0
5147	15	2351	1970.0	1970.0
2114	15	17191	1970.0	1970.0
1771	15	8649	1970.0	1970.0
35100	3	39767	1970.0	1970.0
12964	16	2980	1970.0	1970.0
12964	16	22385	1970.0	1970.0
5582	15	19659	1970.0	1970.0
7486	3	11579	1970.0	1970.0
12964	16	8697	1970.0	1970.0
10894	3	4645	1970.0	1970.0
40674	3	4645	1970.0	1970.0
30940	3	21676	1970.0	1970.0
2231	30	26274	1970.0	1970.0
15849	15	10983	1970.0	1970.0
29410	16	3993	1970.0	1970.0
12045	15	24655	1970.0	1970.0
17490	15	17460	1970.0	1970.0
4754	4	2	1970.0	1971.0
41635	4	11161	1970.0	1971.0
30508	3	36135	1970.0	1971.0
10011	41	3698	1970.0	1971.0
20448	4	4661	1970.0	1971.0
13343	4	13344	1970.0	1972.0
35546	46	8178	1970.0	1972.0
31334	4	26800	1970.0	1972.0
32710	3	9127	1970.0	1972.0
40913	19	7217	1970.0	1972.0
16371	38	779	1970.0	1972.0
5414	41	455	1970.0	1972.0
17088	4	13344	1970.0	1972.0
6135	41	455	1970.0	1973.0
32414	46	9603	1970.0	1973.0
35972	170	20177	1970.0	1973.0
17143	18	1092	1970.0	1973.0
40936	3	9906	1970.0	1973.0
37282	3	17017	1970.0	1973.0
13421	3	19116	1970.0	1973.0
23894	38	368	1970.0	1973.0
32956	4	2292	1970.0	1973.0
30008	4	33482	1970.0	1973.0
30008	3	5177	1970.0	1973.0
29006	3	42332	1970.0	1973.0
22997	4	12096	1970.0	1973.0
8162	3	5177	1970.0	1974.0
6627	4	6047	1970.0	1974.0
3973	12	1345	1970.0	1975.0
27727	41	21487	1970.0	1975.0
3569	4	3570	1970.0	1976.0
23659	41	35801	1970.0	1976.0
33978	46	4793	1970.0	1976.0
4889	46	19698	1970.0	1976.0
15262	41	1092	1970.0	1976.0
42024	4	32954	1970.0	1976.0
12205	3	79	1970.0	1976.0
18513	4	1044	1970.0	1976.0
12434	46	9603	1970.0	1976.0
7559	18	1092	1970.0	1976.0
35801	80	23659	1970.0	1976.0
1536	70	23659	1970.0	1976.0
159	46	11488	1970.0	1977.0
33538	18	1007	1970.0	1978.0
13725	19	32403	1970.0	1978.0
21051	46	8178	1970.0	1978.0
32403	19	13725	1970.0	1978.0
38434	4	6587	1970.0	1978.0
39703	4	27326	1970.0	1979.0
10070	41	2157	1970.0	1979.0
28516	25	804	1970.0	1979.0
37815	14	1412	1970.0	1979.0
13230	41	1092	1970.0	1979.0528
18418	4	830	1970.0	1980.0
6555	14	16729	1970.0	1980.0
23744	14	16600	1970.0	1980.0
4940	17	11904	1970.0	1980.0
26961	41	3698	1970.0	1980.0
29261	25	40672	1970.0	1980.0
9906	143	31349	1970.0	1981.0
7899	4	24519	1970.0	1981.0
33382	41	1954	1970.0	1982.0
26612	14	23566	1970.0	1982.0
36931	41	455	1970.0	1982.0
22347	4	1910	1970.0	1983.0
7718	14	20030	1970.0	1983.0
24032	4	11332	1970.0	1984.0
41453	4	11332	1970.0	1984.0
30303	14	31655	1970.0	1985.0
2939	18	2157	1970.0	1986.0
3715	14	14339	1970.0	1988.0
14339	96	3715	1970.0	1988.0
3715	37	2721	1970.0	1988.0
41351	17	28579	1970.0	1989.0
13996	17	21611	1970.0	1990.0
42174	84	29873	1970.0	1991.0
29873	50	42174	1970.0	1991.1124
4242	25	804	1970.0	1992.0
20285	33	140	1970.0	1995.0
4122	14	1942	1970.0	1995.0
29985	14	15541	1970.0	2000.0
19594	21	1247	1970.0	2000.0
20346	14	5323	1970.0	2000.0
4778	19	4777	1970.0	2000.0
37401	33	119	1970.0	2004.0
22562	14	9906	1970.0	2004.0
14602	19	27212	1970.0	2006.0
15587	25	3338	1970.0	2011.0
33457	17	1037	1970.0	2012.0
3924	29	9132	1970.0	2014.1231
5896	43	12464	1970.0	2017.0218
12464	43	5896	1970.0	2017.0218
2134	4	2135	1970.0101	1970.0101
3461	4	3462	1970.0101	1970.0101
3602	4	3603	1970.0101	1970.0101
5294	15	4363	1970.0101	1970.0101
9777	15	655	1970.0101	1970.0101
11519	4	11520	1970.0101	1970.0101
13667	32	4545	1970.0101	1970.0101
9637	15	1504	1970.0101	1970.0101
23626	15	8277	1970.0101	1970.0101
1504	30	9637	1970.0101	1970.0101
3461	4	25398	1970.0101	1970.0101
10102	17	4046	1970.0101	1970.0101
26744	15	6694	1970.0101	1970.0101
5593	15	655	1970.0101	1970.0101
21124	33	8807	1970.0101	1970.0101
32211	4	15845	1970.0101	1970.0101
28161	4	14096	1970.0101	1970.0101
11730	3	1682	1970.0101	1970.0101
30109	4	2949	1970.0101	1970.0101
37090	16	524	1970.0101	1970.0101
6153	21	715	1970.0101	1970.0101
12670	16	337	1970.0101	1970.0101
23497	15	655	1970.0101	1970.0101
35403	4	3216	1970.0101	1970.0101
10125	4	5398	1970.0101	1970.0101
19989	32	244	1970.0101	1970.0101
17	32	2301	1970.0101	1970.0101
9283	15	655	1970.0101	1970.0101
36341	15	1249	1970.0101	1970.0101
36831	16	1504	1970.0101	1970.0101
5199	4	8848	1970.0101	1970.0101
25978	4	1100	1970.0101	1970.0101
5294	15	1922	1970.0101	1970.0101
23480	15	13120	1970.0101	1970.0101
32534	15	28397	1970.0101	1970.0101
5294	15	5967	1970.0101	1970.0101
5294	15	3348	1970.0101	1970.0101
9813	15	655	1970.0101	1970.0101
8779	16	503	1970.0101	1970.0101
2817	15	9753	1970.0101	1970.0101
12291	4	2792	1970.0101	1970.0101
11483	15	4847	1970.0101	1970.0101
8051	15	42036	1970.0101	1970.0101
22438	4	17995	1970.0101	1970.0101
29393	15	17233	1970.0101	1970.0101
4437	32	4104	1970.0101	1970.0101
33011	15	14433	1970.0101	1970.0101
324	15	6075	1970.0101	1970.0101
21651	15	275	1970.0101	1970.0101
34465	4	1727	1970.0101	1970.0101
5567	16	503	1970.0101	1970.0101
13660	15	30473	1970.0101	1970.0101
11482	15	1201	1970.0101	1970.0101
31134	15	26104	1970.0101	1970.0101
17435	16	503	1970.0101	1970.0101
6074	15	27294	1970.0101	1970.0101
9837	15	25232	1970.0101	1970.0101
10622	59	1390	1970.0101	1970.0101
8248	15	31140	1970.0101	1970.0101
38621	15	655	1970.0101	1970.0101
25662	16	337	1970.0101	1970.0101
1898	15	19410	1970.0101	1970.0101
37991	15	5058	1970.0101	1970.0101
4104	32	4437	1970.0101	1970.0101
21540	15	655	1970.0101	1970.0101
21389	4	1676	1970.0101	1970.0101
27294	30	6074	1970.0101	1970.0101
4576	15	34693	1970.0101	1970.0101
4317	32	2147	1970.0101	1970.0101
29818	15	24634	1970.0101	1970.0101
26636	3	3041	1970.0101	1970.0101
373	4	374	1970.0101	1971.0101
9011	4	9012	1970.0101	1971.0101
10842	4	1120	1970.0101	1971.0101
9171	4	9346	1970.0101	1971.0101
25361	4	7825	1970.0101	1971.0101
7547	4	191	1970.0101	1971.0101
26904	4	9740	1970.0101	1971.0101
30157	4	5035	1970.0101	1971.0101
945	4	10875	1970.0101	1971.0101
31311	4	35164	1970.0101	1971.0101
27625	4	429	1970.0101	1971.0101
15848	14	12154	1970.0101	1971.0101
31192	19	24362	1970.0101	1971.0101
8704	4	5290	1970.0101	1971.0101
32207	4	1100	1970.0101	1971.0101
11364	4	10987	1970.0101	1971.0101
35913	4	1510	1970.0101	1971.0101
14997	4	41412	1970.0101	1971.0101
40625	4	260	1970.0101	1971.0101
17915	4	4202	1970.0101	1971.0101
2883	4	8289	1970.0101	1971.0101
21740	4	32575	1970.0101	1971.0101
17115	4	11376	1970.0101	1971.0101
6615	4	4770	1970.0101	1971.0101
10125	4	2372	1970.0101	1971.0101
11494	4	3432	1970.0101	1971.0101
24362	19	31192	1970.0101	1971.0101
34027	4	5398	1970.0101	1971.0101
42343	4	17056	1970.0101	1971.0101
12322	4	10697	1970.0101	1971.0101
8147	4	4056	1970.0101	1971.0101
6573	4	9297	1970.0101	1971.0101
3461	4	25398	1970.0101	1971.0101
15038	4	30035	1970.0101	1971.0101
375	4	15754	1970.0101	1972.0101
15514	4	15584	1970.0101	1972.0101
14147	3	1548	1970.0101	1972.0101
37894	4	882	1970.0101	1972.0101
24223	4	3900	1970.0101	1972.0101
28200	3	1548	1970.0101	1972.0101
34929	3	1548	1970.0101	1972.0101
32603	4	21266	1970.0101	1972.0101
9721	4	20387	1970.0101	1972.0101
35279	3	10254	1970.0101	1972.0101
11519	4	3087	1970.0101	1972.0101
25247	4	15149	1970.0101	1972.0101
25930	4	100	1970.0101	1972.0101
10704	4	10705	1970.0101	1972.0101
23835	4	33762	1970.0101	1972.0101
24044	3	1548	1970.0101	1972.0101
26024	4	11632	1970.0101	1972.0101
3424	4	3425	1970.0101	1972.0101
26896	4	429	1970.0101	1972.0101
13927	4	8325	1970.0101	1972.0101
26353	4	2928	1970.0101	1972.0101
10409	4	2897	1970.0101	1972.0101
42608	3	1548	1970.0101	1972.0101
14117	3	1548	1970.0101	1972.0101
17551	3	1548	1970.0101	1972.0101
32252	4	5398	1970.0101	1972.0101
14667	4	14668	1970.0101	1973.0101
2381	4	3135	1970.0101	1973.0101
32543	4	616	1970.0101	1973.0101
34465	4	5030	1970.0101	1973.0101
35557	4	2733	1970.0101	1973.0101
38124	4	89	1970.0101	1973.0101
5306	4	5035	1970.0101	1973.0101
39381	3	37355	1970.0101	1973.0101
13687	4	8610	1970.0101	1974.0101
14629	4	16267	1970.0101	1974.0101
4727	4	9350	1970.0101	1974.0101
39391	4	13059	1970.0101	1974.0101
11281	4	3496	1970.0101	1974.0101
37059	41	27311	1970.0101	1974.0101
38938	4	11157	1970.0101	1974.0101
35239	4	5971	1970.0101	1974.0101
6026	3	22230	1970.0101	1974.0101
6386	4	5706	1970.0101	1974.0101
5472	4	948	1970.0101	1974.0101
28464	4	3157	1970.0101	1974.0101
7212	4	38788	1970.0101	1975.0101
3653	3	4827	1970.0101	1975.0101
29385	4	2074	1970.0101	1976.0101
36047	4	178	1970.0101	1976.0101
7547	4	178	1970.0101	1976.0101
25876	4	1374	1970.0101	1976.0101
20909	4	14984	1970.0101	1976.0101
25608	4	11653	1970.0101	1977.0101
7687	4	9795	1970.0101	1977.0101
41792	4	8305	1970.0101	1977.0101
6287	4	7765	1970.0101	1977.0101
35279	14	10254	1970.0101	1977.0101
27705	4	3015	1970.0101	1978.0101
30043	19	41958	1970.0101	1978.0101
3012	4	23315	1970.0101	1979.0101
36601	4	11658	1970.0101	1979.0101
3845	4	948	1970.0101	1979.0101
35403	4	1646	1970.0101	1979.0101
3227	19	21682	1970.0101	1979.0101
21682	19	3227	1970.0101	1979.0101
31330	4	1792	1970.0101	1980.0101
41958	19	30043	1970.0101	1980.0101
10197	19	9525	1970.0101	1980.0725
16336	4	16337	1970.0101	1981.0101
10216	4	2651	1970.0101	1983.0101
2005	3	7188	1970.0101	1983.0107
29140	14	4522	1970.0101	1984.0101
37396	14	4522	1970.0101	1984.0101
32836	4	9740	1970.0101	1986.0101
4432	4	12414	1970.0101	1986.0101
42177	17	953	1970.0101	1989.0101
21124	14	6631	1970.0101	1991.0101
10456	19	16209	1970.0101	1993.0101
16209	19	10456	1970.0101	1993.0101
31415	14	5521	1970.0101	1994.0101
27551	17	21474	1970.0101	1994.1112
17382	70	36069	1970.0101	2004.1231
837	76	10738	1970.0105	1990.0504
27212	19	14602	1970.0115	2006.0101
2698	25	652	1970.0122	1970.0122
10509	15	197	1970.013	1970.013
8031	9	22594	1970.0205	1976.0816
8797	15	197	1970.0212	1970.0212
6657	25	85	1970.0214	1970.0214
36876	21	75	1970.0215	1990.1003
2404	15	197	1970.0218	1970.0218
3068	41	1954	1970.0224	1970.0224
3068	40	774	1970.0224	1970.0224
5927	7	715	1970.0227	1970.0227
34908	15	22385	1970.03	1970.03
5805	116	3029	1970.0316	1970.0316
3	70	21449	1970.0327	1970.0806
27900	15	8649	1970.0401	1970.0401
19176	41	1954	1970.0405	1974.1015
8500	15	197	1970.0406	1970.0406
7983	15	524	1970.0407	1970.0407
1442	25	2483	1970.0415	1970.0415
3884	15	8649	1970.042	1970.042
22916	40	42240	1970.0426	1970.0426
5927	7	453	1970.0429	1970.0429
5528	15	451	1970.0429	1970.0429
2114	15	1159	1970.043	1970.043
13550	15	13551	1970.043	1970.043
6459	15	13551	1970.043	1970.043
2223	15	13551	1970.043	1970.043
196	15	1159	1970.043	1970.043
2223	15	1159	1970.043	1970.043
196	15	13551	1970.043	1970.043
2114	15	13551	1970.043	1970.043
3123	15	1159	1970.0505	1970.0505
3123	15	13551	1970.0505	1970.0505
36931	15	7851	1970.0507	1970.0507
9455	41	25329	1970.0507	1972.0507
37383	76	2404	1970.0519	1970.0519
4174	25	2483	1970.0522	1970.0522
4174	25	1559	1970.0522	1970.0522
9470	25	4054	1970.0528	1976.0422
1442	25	85	1970.0529	1970.0529
27741	12	6601	1970.0601	1970.0601
28363	21	73	1970.0603	1991.1224
31252	41	2819	1970.0616	1997.0705
5319	15	1112	1970.0626	1970.0626
37755	18	3459	1970.0628	1970.0628
11805	44	28814	1970.0701	1970.0701
4239	25	611	1970.0701	1970.0701
2423	123	33898	1970.0701	1972.063
29355	33	28156	1970.0711	1970.0711
4782	25	85	1970.0717	1970.0717
6055	12	1345	1970.0723	1970.0723
4425	70	8306	1970.0723	1976.0508
29635	15	23930	1970.0731	1970.0731
6163	19	3945	1970.0807	1978.06
3945	19	6163	1970.0807	1978.06
28479	41	13341	1970.0815	1970.0901
2647	25	85	1970.0829	1970.0829
28479	18	9094	1970.0901	1970.0901
1421	32	30835	1970.0906	1970.0906
30835	32	1421	1970.0906	1970.0906
17349	19	38494	1970.091	2011.0
38494	19	17349	1970.091	2011.0
5016	70	4972	1970.0911	1992.1231
7217	19	40913	1970.0914	1972.03
31644	15	820	1970.0918	1970.0918
1247	25	85	1970.0926	1970.0926
4685	15	17753	1970.0927	1970.0927
23971	25	804	1970.0928	1970.0928
5830	15	197	1970.0929	1970.0929
19980	14	9906	1970.1001	2009.0
41595	25	40672	1970.1015	1970.1015
6778	32	630	1970.102	1970.102
2143	25	2483	1970.102	1970.102
1771	15	197	1970.103	1970.103
27882	41	17071	1970.1101	1971.1031
23812	41	2006	1970.1103	1973.0911
29694	21	73	1970.1104	1991.0905
3442	41	16655	1970.1201	1976.113
9525	19	10197	1970.1201	1980.0725
9003	15	2034	1970.1202	1970.1202
19403	15	197	1970.1211	1970.1211
19199	15	2034	1970.1214	1970.1214
52	15	53	1971.0	1971.0
3243	30	3244	1971.0	1971.0
7108	4	7109	1971.0	1971.0
6545	32	7906	1971.0	1971.0
10485	17	10486	1971.0	1971.0
461	30	11864	1971.0	1971.0
4740	30	12704	1971.0	1971.0
14545	3	14546	1971.0	1971.0
16049	15	820	1971.0	1971.0
17536	3	17537	1971.0	1971.0
2599	15	820	1971.0	1971.0
19535	3	19536	1971.0	1971.0
365	22	1087	1971.0	1971.0
2550	15	2034	1971.0	1971.0
13060	16	3982	1971.0	1971.0
13525	30	13526	1971.0	1971.0
13546	15	4749	1971.0	1971.0
17997	17	11904	1971.0	1971.0
4359	30	13797	1971.0	1971.0
13763	15	26980	1971.0	1971.0
27033	30	15858	1971.0	1971.0
24822	3	7188	1971.0	1971.0
29151	3	16744	1971.0	1971.0
13105	15	13097	1971.0	1971.0
30196	3	427	1971.0	1971.0
19219	3	30203	1971.0	1971.0
2351	30	11864	1971.0	1971.0
31375	3	15629	1971.0	1971.0
18513	15	5184	1971.0	1971.0
31850	15	31851	1971.0	1971.0
9850	41	1339	1971.0	1971.0
12504	15	451	1971.0	1971.0
23803	15	2257	1971.0	1971.0
17588	3	14894	1971.0	1971.0
6417	3	550	1971.0	1971.0
1436	15	5739	1971.0	1971.0
25838	32	28754	1971.0	1971.0
8146	59	2451	1971.0	1971.0
5604	15	197	1971.0	1971.0
5179	32	2163	1971.0	1971.0
761	30	36007	1971.0	1971.0
4359	30	7974	1971.0	1971.0
35474	15	57	1971.0	1971.0
3123	15	28705	1971.0	1971.0
23368	3	21676	1971.0	1971.0
17300	3	2078	1971.0	1971.0
38337	15	856	1971.0	1971.0
36737	71	6274	1971.0	1971.0
24836	15	2034	1971.0	1971.0
11864	15	3034	1971.0	1971.0
7906	32	6545	1971.0	1971.0
10166	71	6274	1971.0	1971.0
18493	15	197	1971.0	1971.0
4115	15	1168	1971.0	1971.0
39359	3	10109	1971.0	1971.0
12704	15	4740	1971.0	1971.0
10884	19	22668	1971.0	1971.0
2902	30	7974	1971.0	1971.0
12964	16	8697	1971.0	1971.0
16763	15	5184	1971.0	1971.0
29465	15	197	1971.0	1971.0
18418	15	4570	1971.0	1971.0
22550	3	11947	1971.0	1971.0
15434	38	973	1971.0	1971.0
23215	3	5038	1971.0	1971.0
33538	3	26762	1971.0	1971.0
3993	30	24083	1971.0	1971.0
2231	30	21241	1971.0	1971.0
16130	15	14223	1971.0	1971.0
9170	25	39337	1971.0	1971.0
36271	15	1487	1971.0	1971.0
3197	25	4054	1971.0	1971.0
40446	3	115	1971.0	1971.0
38116	15	24526	1971.0	1971.0
38536	14	19680	1971.0	1971.0
10117	15	197	1971.0	1971.0
21051	3	7276	1971.0	1971.0
14887	3	6449	1971.0	1971.0
25753	3	1123	1971.0	1971.0
14857	25	3689	1971.0	1971.0
38462	19	41849	1971.0	1971.0
36019	3	3234	1971.0	1971.0
37925	3	20974	1971.0	1971.0
5104	16	2491	1971.0	1971.0
425	3	26390	1971.0	1971.0
13763	15	19545	1971.0	1971.0
56	3	29726	1971.0	1971.0
15989	16	4859	1971.0	1971.0
22059	21	113	1971.0	1971.0
9846	15	3034	1971.0	1971.0
41919	16	1487	1971.0	1971.0
4889	3	32068	1971.0	1971.0
20907	15	14446	1971.0	1971.0
4945	41	5555	1971.0	1971.0
819	15	820	1971.0	1971.0
7638	30	4498	1971.0	1971.0
4570	30	18418	1971.0	1971.0
13300	15	820	1971.0	1971.0
12576	32	8557	1971.0	1971.0
19717	15	35595	1971.0	1971.0
34671	3	9693	1971.0	1971.0
6055	25	611	1971.0	1971.0
13584	15	869	1971.0	1971.0
4131	30	34183	1971.0	1971.0
6055	25	14484	1971.0	1971.0
21149	14	11216	1971.0	1971.0
18418	15	5184	1971.0	1971.0
4267	3	550	1971.0	1971.0
5739	30	1436	1971.0	1971.0
18744	3	2312	1971.0	1971.0
20038	3	19964	1971.0	1971.0
23308	3	9278	1971.0	1971.0
31153	3	23092	1971.0	1971.0
25306	3	14701	1971.0	1971.0
1381	3	1942	1971.0	1971.0
8053	15	26816	1971.0	1971.0
16004	3	18072	1971.0	1971.0
22347	15	5184	1971.0	1971.0
28769	15	869	1971.0	1971.0
28246	3	939	1971.0	1971.0
12507	3	1017	1971.0	1971.0
44	4	45	1971.0	1971.0
3123	15	13097	1971.0	1971.0
22668	19	10884	1971.0	1971.0
40504	3	2735	1971.0	1971.0
18513	15	4570	1971.0	1971.0
20941	25	8987	1971.0	1971.0
6149	25	142	1971.0	1971.0
25331	16	11035	1971.0	1971.0
9570	15	820	1971.0	1971.0
6630	3	23570	1971.0	1971.0
36726	3	5640	1971.0	1971.0
36903	3	14438	1971.0	1971.0
24049	15	2257	1971.0	1971.0
11864	15	2351	1971.0	1971.0
21452	30	42251	1971.0	1971.0
11864	15	461	1971.0	1971.0
244	32	1254	1971.0	1971.0
5346	16	1487	1971.0	1971.0
7186	3	8937	1971.0	1971.0
2430	3	25313	1971.0	1971.0
24993	3	42285	1971.0	1971.0
18395	15	8365	1971.0	1971.0
21085	3	2078	1971.0	1971.0
15253	3	25492	1971.0	1971.0
13795	3	9693	1971.0	1971.0
15995	33	414	1971.0	1971.0
25490	3	14706	1971.0	1971.0
18660	15	12160	1971.0	1971.0
1524	32	32863	1971.0	1971.0
32265	21	2029	1971.0	1971.0
6869	3	17394	1971.0	1971.0
15835	15	2491	1971.0	1971.0
33381	15	869	1971.0	1971.0
20659	94	28484	1971.0	1971.0
28933	3	33809	1971.0	1971.0
20372	3	20373	1971.0	1971.0
19266	15	2257	1971.0	1971.0
34259	3	40040	1971.0	1971.0
19266	15	8692	1971.0	1971.0
2806	15	13097	1971.0	1971.0
750	3	10393	1971.0	1971.0
17047	15	3034	1971.0	1971.0
1850	32	17383	1971.0	1971.0
52	16	53	1971.0	1971.0
14379	16	2491	1971.0	1971.0
5830	15	13097	1971.0	1971.0
16045	3	1942	1971.0	1971.0
20217	15	2778	1971.0	1971.0
41849	19	38462	1971.0	1971.0
42557	3	41022	1971.0	1971.0
15807	3	27803	1971.0	1971.0
7507	15	820	1971.0	1971.0
9066	41	455	1971.0	1971.0
25916	3	19691	1971.0	1971.0
4122	15	8692	1971.0	1971.0
27376	15	8666	1971.0	1971.0
2652	15	9753	1971.0	1971.0
23919	21	235	1971.0	1971.0
22177	3	1942	1971.0	1971.0
22177	15	2257	1971.0	1971.0
14055	33	14180	1971.0	1971.0
126	14	22183	1971.0	1972.0
17539	3	12762	1971.0	1972.0
13188	3	2174	1971.0	1972.0
11623	4	16168	1971.0	1972.0
3845	3	1894	1971.0	1972.0
20448	4	36664	1971.0	1972.0
6630	3	6631	1971.0	1973.0
16074	4	13845	1971.0	1973.0
29429	3	18221	1971.0	1973.0
12616	33	821	1971.0	1973.0
4371	3	20662	1971.0	1973.0
2595	123	10696	1971.0	1973.0
13582	14	2543	1971.0	1973.0
10440	3	6785	1971.0	1973.0
27888	170	15881	1971.0	1973.0
10696	14	2595	1971.0	1973.0
16098	14	550	1971.0	1974.0
8109	3	16227	1971.0	1974.0
25283	3	15280	1971.0	1974.0
32210	41	947	1971.0	1974.0
32210	41	4374	1971.0	1974.0
22145	14	5095	1971.0	1974.0
26609	18	1448	1971.0	1974.0
16073	3	5496	1971.0	1974.0101
8015	41	1092	1971.0	1975.0
8010	3	1017	1971.0	1975.0
19243	3	2829	1971.0	1975.0
24729	41	1092	1971.0	1976.0
28103	4	28104	1971.0	1976.0
10082	17	7886	1971.0	1976.0
28104	1	1247	1971.0	1976.0
15152	3	14339	1971.0	1976.0
31276	46	28395	1971.0	1976.0
20237	3	33153	1971.0	1976.0
2	1	3	1971.0	1977.0
24952	41	15313	1971.0	1977.0
15429	4	15881	1971.0	1977.0
28383	4	19024	1971.0	1977.0
4544	41	4912	1971.0	1978.0
14101	41	1339	1971.0	1979.0
33674	4	4991	1971.0	1979.0
28263	3	1139	1971.0	1979.0
251	9	14101	1971.0	1979.0
9453	14	9817	1971.0	1979.0913
22648	143	11023	1971.0	1979.12
25406	4	4725	1971.0	1980.0
1043	4	1044	1971.0	1980.0
10530	19	42035	1971.0	1980.0
42035	19	10530	1971.0	1980.0
6869	46	8178	1971.0	1980.0
21865	19	39045	1971.0	1980.0922
39045	19	21865	1971.0	1980.0922
40168	4	40212	1971.0	1981.0
38437	154	12082	1971.0	1981.0
27837	14	9906	1971.0	1983.0
35319	4	11332	1971.0	1984.0
19384	41	28971	1971.0	1986.1028
7275	14	550	1971.0	1988.0
2634	14	28291	1971.0	1988.0
15995	33	3165	1971.0	1989.0
19339	4	9682	1971.0	1993.0
10485	17	11904	1971.0	1993.0
36580	19	35725	1971.0	1994.0
35725	19	36580	1971.0	1994.0
18348	21	11372	1971.0	1994.0
22221	18	2157	1971.0	1995.0
28789	12	1345	1971.0	1997.0
40557	25	1933	1971.0	1999.0
16740	43	41971	1971.0	2001.0
1884	17	764	1971.0	2001.0921
37838	25	39337	1971.0	2016.0116
17287	37	673	1971.0	2017.0119
19200	38	4222	1971.01	1971.01
4126	15	1746	1971.0101	1971.0101
9502	4	6479	1971.0101	1971.0101
11194	15	11195	1971.0101	1971.0101
6057	15	11708	1971.0101	1971.0101
11770	15	655	1971.0101	1971.0101
12009	16	524	1971.0101	1971.0101
5294	15	5967	1971.0101	1971.0101
16128	4	3087	1971.0101	1971.0101
13198	4	19436	1971.0101	1971.0101
9251	16	337	1971.0101	1971.0101
31715	15	6846	1971.0101	1971.0101
3142	15	32064	1971.0101	1971.0101
922	16	1504	1971.0101	1971.0101
501	3	939	1971.0101	1971.0101
33231	15	12386	1971.0101	1971.0101
26822	15	16240	1971.0101	1971.0101
986	15	30473	1971.0101	1971.0101
34488	4	7572	1971.0101	1971.0101
28799	15	2202	1971.0101	1971.0101
34511	15	1883	1971.0101	1971.0101
27275	16	503	1971.0101	1971.0101
21382	15	655	1971.0101	1971.0101
34183	16	337	1971.0101	1971.0101
20126	4	13590	1971.0101	1971.0101
2163	32	5179	1971.0101	1971.0101
3604	15	36242	1971.0101	1971.0101
26507	16	503	1971.0101	1971.0101
31156	17	4046	1971.0101	1971.0101
40433	16	1504	1971.0101	1971.0101
30357	15	24634	1971.0101	1971.0101
8847	4	11017	1971.0101	1971.0101
17852	185	4119	1971.0101	1971.0101
33310	15	4433	1971.0101	1971.0101
1898	15	4847	1971.0101	1971.0101
22308	16	337	1971.0101	1971.0101
24375	4	8637	1971.0101	1971.0101
36968	15	10687	1971.0101	1971.0101
23408	15	820	1971.0101	1971.0101
5294	15	4363	1971.0101	1971.0101
14997	4	41412	1971.0101	1971.0101
22902	44	22903	1971.0101	1971.0101
28062	15	12655	1971.0101	1971.0101
11706	3	3041	1971.0101	1971.0101
41980	33	2937	1971.0101	1971.0101
4269	15	2851	1971.0101	1971.0101
21335	84	40672	1971.0101	1971.0101
15858	15	27033	1971.0101	1971.0101
4783	15	2575	1971.0101	1971.0101
28754	32	25838	1971.0101	1971.0101
20978	15	655	1971.0101	1971.0101
8609	32	39804	1971.0101	1971.0101
27681	16	524	1971.0101	1971.0101
33521	4	41837	1971.0101	1971.0101
23125	15	37818	1971.0101	1971.0101
30934	15	7618	1971.0101	1971.0101
17305	3	6449	1971.0101	1971.0101
6615	4	19037	1971.0101	1971.0101
13329	19	17142	1971.0101	1971.0101
8557	32	12576	1971.0101	1971.0101
17383	32	1850	1971.0101	1971.0101
9033	3	1178	1971.0101	1971.0101
1254	32	244	1971.0101	1971.0101
2206	15	42261	1971.0101	1971.0101
12823	15	3348	1971.0101	1971.0101
4747	15	19410	1971.0101	1971.0101
6543	15	5058	1971.0101	1971.0101
5306	4	2000	1971.0101	1971.0101
11808	15	16489	1971.0101	1971.0101
25994	3	17017	1971.0101	1971.0101
986	15	29894	1971.0101	1971.0101
4885	15	2487	1971.0101	1971.0101
14953	16	337	1971.0101	1971.0101
32876	4	12362	1971.0101	1971.0101
21389	4	9682	1971.0101	1971.0101
12775	71	856	1971.0101	1971.0101
34865	16	503	1971.0101	1971.0101
39804	32	8609	1971.0101	1971.0101
36007	15	761	1971.0101	1971.0101
4746	15	17233	1971.0101	1971.0101
27027	15	8649	1971.0101	1971.0101
4575	15	2287	1971.0101	1971.0101
12964	15	22385	1971.0101	1971.0101
27027	15	197	1971.0101	1971.0101
34488	4	9580	1971.0101	1971.0101
11051	4	889	1971.0101	1972.0101
11364	4	11365	1971.0101	1972.0101
12291	4	100	1971.0101	1972.0101
15291	4	1197	1971.0101	1972.0101
27533	4	3204	1971.0101	1972.0101
3345	4	10073	1971.0101	1972.0101
6573	4	29653	1971.0101	1972.0101
22699	4	24733	1971.0101	1972.0101
12291	4	8437	1971.0101	1972.0101
11623	4	16168	1971.0101	1972.0101
4354	4	15032	1971.0101	1972.0101
3594	4	30653	1971.0101	1972.0101
29477	4	38643	1971.0101	1972.0101
35060	4	2315	1971.0101	1972.0101
945	4	41240	1971.0101	1972.0101
32207	4	4580	1971.0101	1972.0101
9502	4	1128	1971.0101	1972.0101
40834	4	39687	1971.0101	1972.0101
7547	4	16427	1971.0101	1972.0101
34723	4	11123	1971.0101	1972.0101
373	4	17042	1971.0101	1972.0101
27625	4	7432	1971.0101	1972.0101
38484	4	9306	1971.0101	1972.0101
17115	4	15785	1971.0101	1972.0101
34552	4	27560	1971.0101	1972.0101
15734	4	6405	1971.0101	1972.0101
31953	4	24977	1971.0101	1972.0101
15038	4	8836	1971.0101	1972.0101
8847	4	8848	1971.0101	1973.0101
14261	4	14262	1971.0101	1973.0101
2883	4	15032	1971.0101	1973.0101
17915	4	3691	1971.0101	1973.0101
29590	4	13139	1971.0101	1973.0101
29721	4	2028	1971.0101	1973.0101
34027	4	9113	1971.0101	1973.0101
15089	4	4402	1971.0101	1973.0101
10125	4	6068	1971.0101	1973.0101
2567	4	3836	1971.0101	1973.0101
14156	4	632	1971.0101	1973.0101
18138	4	5398	1971.0101	1973.0101
9296	4	30653	1971.0101	1973.0101
34294	4	2028	1971.0101	1973.0101
32473	4	15754	1971.0101	1973.0101
28414	3	1548	1971.0101	1973.0101
12785	4	33762	1971.0101	1973.0101
19337	4	5398	1971.0101	1973.0101
7032	4	8368	1971.0101	1973.0101
16128	4	25	1971.0101	1973.0101
5944	3	1548	1971.0101	1973.0101
12322	4	2309	1971.0101	1973.0101
28941	3	1548	1971.0101	1973.0101
38170	4	4324	1971.0101	1973.0101
27888	4	15881	1971.0101	1973.0101
26884	4	10060	1971.0101	1974.0101
36266	4	8333	1971.0101	1974.0101
40670	4	21333	1971.0101	1974.0101
30157	4	321	1971.0101	1974.0101
17940	4	8876	1971.0101	1974.0101
37793	4	34986	1971.0101	1974.0101
7416	4	13958	1971.0101	1974.0101
31850	4	2480	1971.0101	1974.0101
2755	4	2606	1971.0101	1974.0101
16346	4	25977	1971.0101	1974.0101
35851	4	9508	1971.0101	1974.0101
17674	4	6679	1971.0101	1975.0101
8959	4	1945	1971.0101	1975.0101
38285	4	10547	1971.0101	1975.0101
18440	4	1676	1971.0101	1975.0101
33746	4	15769	1971.0101	1975.0101
26812	4	4499	1971.0101	1975.0101
36359	4	5035	1971.0101	1975.0101
23448	4	13878	1971.0101	1975.0101
41935	3	8044	1971.0101	1975.0101
6476	4	5266	1971.0101	1975.0101
40924	4	4465	1971.0101	1975.0101
7319	4	2930	1971.0101	1975.0101
12352	4	15881	1971.0101	1975.0101
36138	14	40600	1971.0101	1975.0101
18773	154	15513	1971.0101	1975.1201
477	19	478	1971.0101	1976.0101
478	19	477	1971.0101	1976.0101
20089	4	1744	1971.0101	1976.0101
7931	123	12190	1971.0101	1976.0101
6499	4	13612	1971.0101	1976.0101
38968	4	8149	1971.0101	1976.0101
28161	4	14144	1971.0101	1976.0101
32519	3	11004	1971.0101	1976.0101
11937	4	1676	1971.0101	1976.0101
5432	4	12221	1971.0101	1976.0101
35809	19	35810	1971.0101	1977.0101
10329	4	5191	1971.0101	1977.0101
35913	4	5134	1971.0101	1977.0101
6137	4	6339	1971.0101	1977.0101
35810	19	35809	1971.0101	1977.0101
35003	17	953	1971.0101	1977.0101
8147	4	3135	1971.0101	1977.0101
10992	4	3432	1971.0101	1978.0101
19705	4	22481	1971.0101	1978.0101
10114	4	12414	1971.0101	1978.0101
12775	14	16260	1971.0101	1978.0101
3352	4	1263	1971.0101	1979.0101
22848	4	22622	1971.0101	1979.0101
25215	4	14167	1971.0101	1979.0101
39041	4	29700	1971.0101	1979.0101
33164	4	8449	1971.0101	1979.0101
29936	4	91	1971.0101	1981.0101
12724	4	35671	1971.0101	1981.0101
8370	19	28356	1971.0101	1981.0101
7538	19	17272	1971.0101	1981.0101
37992	4	22216	1971.0101	1981.0101
28356	19	8370	1971.0101	1981.0101
17272	19	7538	1971.0101	1981.0101
14398	4	5591	1971.0101	1982.0101
21146	19	14477	1971.0101	1982.0101
5472	4	376	1971.0101	1982.0101
34182	4	25685	1971.0101	1983.0101
28349	4	6216	1971.0101	1983.0101
7389	4	7931	1971.0101	1984.0101
25375	4	28025	1971.0101	1985.0
28735	43	18489	1971.0101	1986.0101
18489	43	28735	1971.0101	1986.0101
33164	18	194	1971.0101	1988.0101
32296	4	27413	1971.0101	1989.0101
3656	17	15214	1971.0101	1990.1001
18824	21	73	1971.0101	1992.0101
29081	19	38057	1971.0101	1994.0101
38057	19	29081	1971.0101	1994.0101
17092	19	16348	1971.0101	1996.0101
33318	19	33319	1971.0101	2000.0101
33319	19	33318	1971.0101	2000.0101
2052	19	6971	1971.0101	2001.0101
6971	19	2052	1971.0101	2001.0101
28939	14	4522	1971.0101	2007.0101
2802	17	4046	1971.0101	2009.062
38252	46	24622	1971.0101	2014.1028
25113	28	34275	1971.0101	2017.1231
25113	28	18	1971.0101	2017.1231
9616	15	2034	1971.0114	1971.0114
4945	25	652	1971.0114	1971.0114
9625	15	820	1971.0115	1971.0115
8847	4	1550	1971.0116	1973.0203
8165	15	197	1971.0118	1971.0118
19791	15	820	1971.012	1971.012
15885	15	197	1971.0122	1971.0122
553	29	11513	1971.0125	1971.0125
20416	15	820	1971.0211	1971.0211
12197	15	820	1971.0211	1971.0211
11009	15	336	1971.0212	1971.0212
37557	15	3163	1971.0212	1971.0212
11009	15	197	1971.0212	1971.0212
16348	19	17092	1971.0219	1996.1102
25960	15	1112	1971.0223	1971.0223
33642	15	451	1971.0226	1971.0226
7100	41	4912	1971.03	2001.03
37573	41	6946	1971.031	1972.1205
42307	21	613	1971.0311	2004.0
18357	41	4912	1971.0319	1977.03
34399	70	18357	1971.0319	1977.03
2420	41	4912	1971.0325	2001.0325
5364	15	2034	1971.0331	1971.0331
420	15	2034	1971.0405	1971.0405
24719	15	2034	1971.0408	1971.0408
17102	15	2034	1971.0408	1971.0408
8225	15	2034	1971.0408	1971.0408
5807	21	73	1971.041	1991.1224
11040	15	2034	1971.0426	1971.0426
4453	15	2034	1971.0426	1971.0426
542	15	2034	1971.0426	1971.0426
5644	15	2034	1971.0426	1971.0426
15550	15	2034	1971.0426	1971.0426
561	15	2034	1971.0426	1971.0426
24573	15	2034	1971.0426	1971.0426
17509	15	2034	1971.0426	1971.0426
9572	15	2034	1971.0426	1971.0426
8041	15	2034	1971.0426	1971.0426
11223	15	2034	1971.0426	1971.0426
24584	15	2034	1971.0426	1971.0426
10579	15	2034	1971.0426	1971.0426
7037	15	197	1971.0426	1971.0426
3	25	85	1971.0428	1971.0428
1709	93	21352	1971.0503	1989.1018
196	15	13097	1971.0507	1971.0507
196	15	37234	1971.0507	1971.0507
14778	3	2167	1971.06	1971.06
1956	25	652	1971.0603	1996.0
17121	44	29919	1971.0621	1990.0902
590	25	85	1971.0624	1971.0624
14778	18	16805	1971.07	1971.07
27445	41	7796	1971.0701	1981.063
10343	41	7796	1971.0701	1987.0605
19346	41	7796	1971.0701	1987.0605
25883	50	25882	1971.0703	1971.0703
14199	15	37723	1971.0706	1971.0706
2114	15	13097	1971.0706	1971.0706
488	70	12813	1971.0706	1973.0511
25882	40	5504	1971.0707	1971.0707
3197	15	197	1971.072	1971.072
32937	15	197	1971.072	1971.072
23619	15	2034	1971.072	1971.072
4870	15	2034	1971.072	1971.072
16907	15	3163	1971.0723	1971.0723
27296	15	820	1971.0801	1971.0801
24147	15	197	1971.0825	1971.0825
14227	15	197	1971.0825	1971.0825
23900	15	2034	1971.0827	1971.0827
8176	142	75	1971.0903	1971.0903
8176	142	6246	1971.0903	1971.0903
2650	32	105	1971.0907	1971.0907
105	32	2650	1971.0907	1971.0907
3788	32	11771	1971.0908	1971.0908
11771	32	3788	1971.0908	1971.0908
5510	15	820	1971.0909	1971.0909
3238	25	14484	1971.0911	1971.0911
4837	25	14484	1971.0911	1971.0911
3238	25	333	1971.0921	1971.0921
4837	25	333	1971.0921	1971.0921
5743	15	197	1971.0923	1971.0923
33780	46	9603	1971.1	1974.0
10764	14	34171	1971.1	2006.06
10764	18	1448	1971.1	2006.06
10039	93	14485	1971.1001	1984.0625
3123	15	197	1971.1002	1971.1002
1037	9	18186	1971.1005	1973.0612
6055	25	333	1971.1007	1971.1007
796	70	33193	1971.1011	1972.1005
641	25	333	1971.1025	1971.1025
641	25	16870	1971.1025	1971.1025
27104	15	197	1971.1025	1971.1025
10370	1	28789	1971.1027	1997.0515
27689	25	652	1971.1028	1971.1028
4428	19	4427	1971.11	1987.0101
8522	25	8659	1971.11	2011.0
4427	19	4428	1971.1101	1987.0101
6018	15	1772	1971.1111	1971.1111
25959	15	451	1971.1111	1971.1111
10676	15	197	1971.1126	1971.1126
1158	15	197	1971.1126	1971.1126
708	15	197	1971.1201	1971.1201
708	15	13097	1971.1201	1971.1201
5878	15	197	1971.1202	1971.1202
1242	15	197	1971.1202	1971.1202
28053	15	197	1971.1202	1971.1202
11844	15	197	1971.1202	1971.1202
12516	15	197	1971.1202	1971.1202
2413	15	197	1971.1202	1971.1202
2749	15	197	1971.1202	1971.1202
9727	15	197	1971.1202	1971.1202
2364	15	197	1971.1202	1971.1202
14477	19	21146	1971.1202	1982.1209
13815	15	197	1971.1203	1971.1203
13815	15	336	1971.1203	1971.1203
366	25	14484	1971.1206	1971.1206
29192	32	21028	1971.1208	1971.1208
366	25	333	1971.1209	1971.1209
3278	19	3279	1971.1212	1980.0414
3279	19	3278	1971.1212	1980.0414
228	16	229	1972.0	1972.0
950	3	951	1972.0	1972.0
1036	17	1037	1972.0	1972.0
4637	30	4638	1972.0	1972.0
4761	3	4762	1972.0	1972.0
459	30	7010	1972.0	1972.0
10297	40	2916	1972.0	1972.0
11759	15	1487	1972.0	1972.0
12016	15	2351	1972.0	1972.0
12205	17	4046	1972.0	1972.0
14057	3	3535	1972.0	1972.0
14292	3	14293	1972.0	1972.0
16185	3	16186	1972.0	1972.0
19237	3	19238	1972.0	1972.0
19947	3	19948	1972.0	1972.0
20757	3	18784	1972.0	1972.0
20947	15	8744	1972.0	1972.0
2301	32	21952	1972.0	1972.0
1524	32	2650	1972.0	1972.0
7010	15	459	1972.0	1972.0
1966	32	1166	1972.0	1972.0
2077	41	4374	1972.0	1972.0
14793	15	451	1972.0	1972.0
1850	32	7834	1972.0	1972.0
24272	3	2171	1972.0	1972.0
30303	3	21234	1972.0	1972.0
27900	15	9626	1972.0	1972.0
4498	15	7638	1972.0	1972.0
12553	41	4374	1972.0	1972.0
25406	15	5184	1972.0	1972.0
228	16	1504	1972.0	1972.0
19260	15	8697	1972.0	1972.0
503	30	1555	1972.0	1972.0
27012	15	197	1972.0	1972.0
3521	17	5911	1972.0	1972.0
36990	3	13113	1972.0	1972.0
228	15	229	1972.0	1972.0
13350	19	15949	1972.0	1972.0
11019	41	4374	1972.0	1972.0
24147	15	869	1972.0	1972.0
23766	3	5613	1972.0	1972.0
17047	15	4740	1972.0	1972.0
3243	30	26396	1972.0	1972.0
18117	16	2491	1972.0	1972.0
9457	15	10841	1972.0	1972.0
9483	3	35074	1972.0	1972.0
11253	15	1090	1972.0	1972.0
337	30	2016	1972.0	1972.0
36594	16	1210	1972.0	1972.0
35474	15	57	1972.0	1972.0
27109	15	19860	1972.0	1972.0
50	3	5038	1972.0	1972.0
17314	30	11006	1972.0	1972.0
12068	41	4374	1972.0	1972.0
20483	3	18639	1972.0	1972.0
17047	15	3034	1972.0	1972.0
12649	3	12650	1972.0	1972.0
11864	15	3034	1972.0	1972.0
365	22	2029	1972.0	1972.0
4570	30	39884	1972.0	1972.0
17826	25	2087	1972.0	1972.0
31759	3	32458	1972.0	1972.0
37427	15	8666	1972.0	1972.0
20978	16	3982	1972.0	1972.0
17883	16	2491	1972.0	1972.0
244	32	144	1972.0	1972.0
19219	3	19646	1972.0	1972.0
9481	4	12096	1972.0	1972.0
15968	15	3034	1972.0	1972.0
22257	3	6640	1972.0	1972.0
1555	15	503	1972.0	1972.0
613	22	1087	1972.0	1972.0
33783	3	2209	1972.0	1972.0
14968	3	32574	1972.0	1972.0
29635	15	1650	1972.0	1972.0
17631	3	2059	1972.0	1972.0
3657	17	95	1972.0	1972.0
8314	30	19126	1972.0	1972.0
32210	41	4374	1972.0	1972.0
37730	3	323	1972.0	1972.0
13300	15	197	1972.0	1972.0
34981	3	38352	1972.0	1972.0
31247	3	13757	1972.0	1972.0
395	28	8084	1972.0	1972.0
461	30	11864	1972.0	1972.0
35535	3	939	1972.0	1972.0
34061	3	3307	1972.0	1972.0
6153	15	22110	1972.0	1972.0
35059	16	57	1972.0	1972.0
36193	3	16744	1972.0	1972.0
27109	16	19860	1972.0	1972.0
28860	3	168	1972.0	1972.0
6633	16	1487	1972.0	1972.0
37548	41	4374	1972.0	1972.0
10632	3	1017	1972.0	1972.0
263	3	21869	1972.0	1972.0
30571	15	28705	1972.0	1972.0
17578	16	17682	1972.0	1972.0
15949	19	13350	1972.0	1972.0
20646	15	57	1972.0	1972.0
1966	32	7225	1972.0	1972.0
41635	4	27639	1972.0	1972.0
35898	14	38433	1972.0	1972.0
3811	25	804	1972.0	1972.0
39833	79	30751	1972.0	1972.0
4359	30	28320	1972.0	1972.0
11454	15	3982	1972.0	1972.0
25331	16	11035	1972.0	1972.0
23125	15	28448	1972.0	1972.0
7043	15	820	1972.0	1972.0
40359	3	10196	1972.0	1972.0
16056	25	804	1972.0	1972.0
12434	3	1178	1972.0	1972.0
42264	15	37240	1972.0	1972.0
28696	3	14339	1972.0	1972.0
6969	15	17460	1972.0	1972.0
42264	15	25562	1972.0	1972.0
6650	16	503	1972.0	1972.0
28353	16	3982	1972.0	1972.0
11864	15	461	1972.0	1972.0
9362	3	22172	1972.0	1972.0
24145	17	728	1972.0	1972.0
37168	3	3079	1972.0	1972.0
3993	30	24083	1972.0	1972.0
9840	3	5095	1972.0	1972.0
23050	3	41463	1972.0	1972.0
26282	3	22061	1972.0	1972.0
38238	3	5626	1972.0	1972.0
40783	3	33708	1972.0	1972.0
8569	15	380	1972.0	1972.0
4740	30	17047	1972.0	1972.0
27612	3	29170	1972.0	1972.0
16243	33	4586	1972.0	1972.0
1869	3	1868	1972.0	1972.0
30480	3	7005	1972.0	1972.0
30480	3	18072	1972.0	1972.0
12087	3	18455	1972.0	1972.0
26715	16	2491	1972.0	1972.0
19126	15	8314	1972.0	1972.0
28742	43	36066	1972.0	1972.0
11811	3	5095	1972.0	1972.0
27082	25	3689	1972.0	1972.0
7281	25	804	1972.0	1972.0
11040	15	869	1972.0	1972.0
2351	30	12016	1972.0	1972.0
2754	30	9404	1972.0	1972.0
11295	71	2157	1972.0	1972.0
19642	3	2078	1972.0	1972.0
12812	15	37585	1972.0	1972.0
38400	3	38672	1972.0	1972.0
42615	15	39156	1972.0	1972.0
24615	21	364	1972.0	1972.0
25797	3	15535	1972.0	1972.0
30940	41	4374	1972.0	1972.0
23126	15	197	1972.0	1972.0
2231	30	25486	1972.0	1972.0
1162	14	3041	1972.0	1972.0
9404	15	2754	1972.0	1972.0
1960	25	2395	1972.0	1972.0
2232	3	7736	1972.0	1972.0
10433	14	14421	1972.0	1973.0
36026	3	22095	1972.0	1973.0
30657	14	939	1972.0	1973.0
13343	4	36709	1972.0	1973.0
10048	14	10049	1972.0	1974.0
12549	3	1548	1972.0	1974.0
21786	41	16805	1972.0	1974.0
12316	46	8178	1972.0	1974.0
38536	14	30361	1972.0	1974.0
28586	3	115	1972.0	1974.0
17536	18	1092	1972.0	1974.0
11978	3	19973	1972.0	1974.0
30839	3	5177	1972.0	1974.0
20448	4	2606	1972.0	1974.0
5419	3	550	1972.0	1975.0
34577	46	8178	1972.0	1975.0
26003	3	3751	1972.0	1975.0
33801	4	9740	1972.0	1975.0
40071	41	3706	1972.0	1975.0
39462	3	39463	1972.0	1976.0
15154	3	13474	1972.0	1976.0
2125	3	2746	1972.0	1976.0
17353	3	12063	1972.0	1976.0
18685	3	1545	1972.0	1977.0
33220	4	39629	1972.0	1977.0
25715	19	6434	1972.0	1977.0
25731	37	673	1972.0	1977.0
212	3	2829	1972.0	1977.0
13317	135	3055	1972.0	1977.0
27830	3	36406	1972.0	1977.0
10741	3	9994	1972.0	1978.0
8228	4	11043	1972.0	1978.0
18929	33	21896	1972.0	1978.0
34169	4	11043	1972.0	1978.0
19774	41	4374	1972.0	1978.0
28744	41	947	1972.0	1978.0
33242	3	29583	1972.0	1978.0
5911	9	33207	1972.0	1980.0
7589	41	4374	1972.0	1982.0
5203	4	19880	1972.0	1983.0
13458	9	3546	1972.0	1983.0
3546	41	1339	1972.0	1983.0
4743	41	1092	1972.0	1987.0
50	14	42256	1972.0	1987.0
27600	14	5026	1972.0	1989.0
36013	4	5202	1972.0	1989.0
36316	17	21611	1972.0	1989.0
31914	17	12707	1972.0	1990.0
1763	25	3855	1972.0	1991.0628
38884	14	37165	1972.0	1992.0
21236	25	804	1972.0	1993.0
16525	14	4248	1972.0	1995.0
7004	14	13731	1972.0	1999.0
11873	9	1932	1972.0	2001.0
37162	17	11604	1972.0	2005.0
22171	14	22172	1972.0	2006.0
27498	41	4374	1972.0	2008.0
22584	14	9931	1972.0	2008.0601
12649	14	23482	1972.0	2012.0
25308	14	20030	1972.0	2017.0
11006	16	524	1972.0101	1972.0101
9171	4	13139	1972.0101	1972.0101
7766	15	655	1972.0101	1972.0101
5294	15	1922	1972.0101	1972.0101
20773	12	6601	1972.0101	1972.0101
22500	4	22501	1972.0101	1972.0101
25957	12	6601	1972.0101	1972.0101
9427	4	9355	1972.0101	1972.0101
7051	15	16240	1972.0101	1972.0101
4089	15	24655	1972.0101	1972.0101
14642	32	949	1972.0101	1972.0101
641	22	613	1972.0101	1972.0101
35142	15	5024	1972.0101	1972.0101
34488	4	7572	1972.0101	1972.0101
18772	15	1650	1972.0101	1972.0101
17179	15	36958	1972.0101	1972.0101
25719	15	2851	1972.0101	1972.0101
30411	3	29163	1972.0101	1972.0101
2134	4	4829	1972.0101	1972.0101
24761	71	856	1972.0101	1972.0101
13259	15	35189	1972.0101	1972.0101
5294	15	5967	1972.0101	1972.0101
613	22	2029	1972.0101	1972.0101
39533	4	4465	1972.0101	1972.0101
2574	15	25462	1972.0101	1972.0101
10152	3	30612	1972.0101	1972.0101
25486	15	655	1972.0101	1972.0101
30055	15	17233	1972.0101	1972.0101
39858	15	8303	1972.0101	1972.0101
17070	17	4046	1972.0101	1972.0101
21952	32	2301	1972.0101	1972.0101
16255	4	17053	1972.0101	1972.0101
5294	15	4363	1972.0101	1972.0101
31987	15	28214	1972.0101	1972.0101
18055	15	6058	1972.0101	1972.0101
13819	15	25232	1972.0101	1972.0101
4746	15	1201	1972.0101	1972.0101
557	4	5076	1972.0101	1972.0101
24066	4	8580	1972.0101	1972.0101
32207	4	1741	1972.0101	1972.0101
9171	4	16058	1972.0101	1972.0101
25969	15	1073	1972.0101	1972.0101
2029	22	613	1972.0101	1972.0101
14260	15	6865	1972.0101	1972.0101
4882	15	655	1972.0101	1972.0101
19794	4	41875	1972.0101	1972.0101
31632	37	673	1972.0101	1972.0101
37672	4	2275	1972.0101	1972.0101
613	22	641	1972.0101	1972.0101
17852	185	37611	1972.0101	1972.0101
9868	3	1548	1972.0101	1972.0101
17344	15	2257	1972.0101	1972.0101
228	15	1504	1972.0101	1972.0101
41499	17	4046	1972.0101	1972.0101
29415	17	2412	1972.0101	1972.0101
5023	15	15594	1972.0101	1972.0101
1504	30	228	1972.0101	1972.0101
40742	15	17860	1972.0101	1972.0101
1505	16	337	1972.0101	1972.0101
10023	16	1504	1972.0101	1972.0101
2325	15	42105	1972.0101	1972.0101
28441	15	22385	1972.0101	1972.0101
17402	17	1037	1972.0101	1972.0101
324	15	26309	1972.0101	1972.0101
40854	15	28397	1972.0101	1972.0101
35934	15	22551	1972.0101	1972.0101
26024	4	32077	1972.0101	1972.0101
37336	15	23006	1972.0101	1972.0101
32762	15	23006	1972.0101	1972.0101
24150	15	37818	1972.0101	1972.0101
38360	15	5058	1972.0101	1972.0101
28112	16	524	1972.0101	1972.0101
32624	155	383	1972.0101	1972.0101
4747	15	19410	1972.0101	1972.0101
12823	15	3348	1972.0101	1972.0101
12882	15	24634	1972.0101	1972.0101
17919	4	1744	1972.0101	1972.0101
32624	155	4325	1972.0101	1972.0101
144	32	244	1972.0101	1972.0101
4420	4	23287	1972.0101	1972.0101
7834	32	1850	1972.0101	1972.0101
1898	15	4847	1972.0101	1972.0101
35489	15	6865	1972.0101	1972.0101
32876	4	5266	1972.0101	1972.0101
21059	15	655	1972.0101	1972.0101
6573	4	3568	1972.0101	1972.0101
34488	4	9580	1972.0101	1972.0101
21978	18	876	1972.0101	1972.0101
6573	4	24517	1972.0101	1972.0101
12819	15	655	1972.0101	1972.0101
1196	4	1197	1972.0101	1973.0101
8704	4	1962	1972.0101	1973.0101
10465	4	10466	1972.0101	1973.0101
15514	4	5398	1972.0101	1973.0101
11429	4	7931	1972.0101	1973.0101
27625	4	429	1972.0101	1973.0101
10295	4	35255	1972.0101	1973.0101
553	25	16870	1972.0101	1973.0101
3424	4	4614	1972.0101	1973.0101
615	4	31700	1972.0101	1973.0101
38392	4	1057	1972.0101	1973.0101
31311	4	29700	1972.0101	1973.0101
36042	4	4531	1972.0101	1973.0101
8762	4	1781	1972.0101	1973.0101
373	4	3857	1972.0101	1973.0101
32207	4	5311	1972.0101	1973.0101
26904	4	9740	1972.0101	1973.0101
39542	4	9	1972.0101	1973.0101
21716	4	260	1972.0101	1973.0101
7547	4	191	1972.0101	1973.0101
35708	4	22164	1972.0101	1973.0101
15291	4	9555	1972.0101	1973.0101
21925	4	25339	1972.0101	1973.0101
17115	4	38771	1972.0101	1973.0101
35707	4	11653	1972.0101	1973.0101
42343	4	1057	1972.0101	1973.0101
5874	4	13643	1972.0101	1973.0101
3345	4	42402	1972.0101	1973.0101
138	4	2094	1972.0101	1973.0101
32252	4	4056	1972.0101	1973.0101
14192	4	9346	1972.0101	1973.0101
3943	3	1548	1972.0101	1974.0101
25608	4	376	1972.0101	1974.0101
19674	3	1548	1972.0101	1974.0101
7246	3	1548	1972.0101	1974.0101
23835	4	29273	1972.0101	1974.0101
34763	4	10073	1972.0101	1974.0101
31267	19	38881	1972.0101	1974.0101
39284	4	14230	1972.0101	1974.0101
15734	4	1920	1972.0101	1974.0101
35197	3	1548	1972.0101	1974.0101
9510	4	4936	1972.0101	1974.0101
557	4	35241	1972.0101	1974.0101
25930	4	1263	1972.0101	1974.0101
24223	4	15047	1972.0101	1974.0101
33191	4	1565	1972.0101	1974.0101
16571	4	13643	1972.0101	1974.0101
37894	4	1952	1972.0101	1974.0101
22500	4	42023	1972.0101	1974.0101
9067	3	1548	1972.0101	1974.0101
2452	4	42053	1972.0101	1974.0101
295	3	1548	1972.0101	1974.0101
30291	4	2074	1972.0101	1974.0101
714	4	135	1972.0101	1974.0101
38881	19	31267	1972.0101	1974.0101
4354	4	24313	1972.0101	1974.0101
9162	3	1548	1972.0101	1974.0101
27489	3	1548	1972.0101	1974.0101
25215	4	376	1972.0101	1974.0101
42637	4	4753	1972.0101	1974.0101
25078	4	1040	1972.0101	1975.0101
13927	4	28024	1972.0101	1975.0101
25247	4	9469	1972.0101	1975.0101
10704	4	9096	1972.0101	1975.0101
22699	4	16151	1972.0101	1975.0101
31996	4	37178	1972.0101	1975.0101
33164	4	6021	1972.0101	1975.0101
26896	4	1920	1972.0101	1975.0101
14060	3	23126	1972.0101	1975.0101
17331	4	2275	1972.0101	1975.0101
20312	4	3015	1972.0101	1976.0101
11937	4	1766	1972.0101	1976.0101
15433	4	13779	1972.0101	1976.0101
10465	4	18607	1972.0101	1976.0101
3845	4	376	1972.0101	1976.0101
375	4	15805	1972.0101	1976.0101
40625	4	9113	1972.0101	1976.0101
683	4	17920	1972.0101	1976.0101
35981	4	28362	1972.0101	1976.0101
23869	4	35263	1972.0101	1976.0101
21287	4	13847	1972.0101	1976.0101
14606	4	5701	1972.0101	1977.0101
11623	4	14032	1972.0101	1977.0101
32211	4	1128	1972.0101	1977.0101
6434	19	25715	1972.0101	1977.0101
12592	4	429	1972.0101	1977.0101
26353	4	36219	1972.0101	1977.0101
2355	43	22544	1972.0101	1978.0101
13984	4	25580	1972.0101	1978.0101
22175	4	21252	1972.0101	1978.0101
13231	3	15255	1972.0101	1978.0101
9721	4	15670	1972.0101	1978.0101
25876	4	260	1972.0101	1978.0101
22544	43	2355	1972.0101	1978.0101
20425	19	26344	1972.0101	1979.0101
11519	4	2435	1972.0101	1979.0101
26344	19	20425	1972.0101	1979.0101
9231	4	33762	1972.0101	1979.0101
42593	4	22599	1972.0101	1979.0101
4377	4	13055	1972.0101	1980.0101
20312	4	21538	1972.0101	1980.0101
19841	4	37062	1972.0101	1980.0101
986	41	38930	1972.0101	1982.0101
27799	41	302	1972.0101	1982.1208
21514	4	21515	1972.0101	1983.0101
30970	4	1374	1972.0101	1983.0101
26683	4	9740	1972.0101	1983.0101
24704	4	10883	1972.0101	1984.0101
27396	4	8721	1972.0101	1987.0101
37033	19	32919	1972.0101	1988.0101
20537	19	26817	1972.0101	1990.0101
98	138	5837	1972.0101	1990.0101
30504	19	7974	1972.0101	1999.0101
7974	19	30504	1972.0101	1999.0101
32261	37	673	1972.0101	2005.0101
29479	19	40200	1972.0101	2016.0311
2114	15	197	1972.0106	1972.0106
12516	15	336	1972.0111	1972.0111
12516	15	197	1972.0111	1972.0111
878	41	27817	1972.0114	1972.0114
796	62	878	1972.0114	1972.0114
3238	25	1577	1972.0118	1972.0118
553	29	18860	1972.0121	1972.0121
4837	25	1577	1972.0127	1972.0127
10537	15	336	1972.0202	1972.0202
10537	15	197	1972.0202	1972.0202
6055	25	1577	1972.021	1972.021
10079	21	2176	1972.0215	1992.1231
25987	41	3698	1972.031	1975.0401
3973	62	25987	1972.031	1975.0401
28486	40	9078	1972.0315	1972.0315
27429	15	1650	1972.0316	1972.0316
27429	25	142	1972.0316	1972.0316
5911	93	15931	1972.0317	1984.0611
8607	32	17376	1972.0326	1972.0326
17376	32	8607	1972.0326	1972.0326
4239	25	1559	1972.0405	1972.0405
2029	25	864	1972.0418	1972.0418
366	25	1577	1972.042	1972.042
23262	25	4054	1972.0427	1981.0507
28486	40	11649	1972.0429	1972.0101
6600	12	6601	1972.0501	1972.0501
366	22	613	1972.0501	1972.0501
613	22	366	1972.0501	1972.0501
6996	32	16218	1972.0504	1972.0504
13105	15	2034	1972.0504	1972.0504
16218	32	6996	1972.0504	1972.0504
10601	15	197	1972.051	1972.051
7289	15	7851	1972.0511	1972.0511
22906	66	12495	1972.0515	1972.0515
140	32	7058	1972.0526	1972.0526
7058	32	140	1972.0526	1972.0526
42416	48	25218	1972.053	1972.053
25303	15	2034	1972.0531	1972.0531
440	25	85	1972.0602	1972.0602
8417	32	2359	1972.0602	1972.0602
2359	32	8417	1972.0602	1972.0602
42657	15	5058	1972.0603	1972.0603
8253	32	6316	1972.0604	1972.0604
6316	32	8253	1972.0604	1972.0604
32919	19	37033	1972.0604	1988.0828
15858	15	197	1972.0605	1972.0605
21607	76	10658	1972.0615	1972.0615
6605	33	6606	1972.0623	1972.0623
11422	12	129	1972.063	1972.063
18476	12	129	1972.063	1972.063
5365	44	32648	1972.0701	1972.0701
949	70	28744	1972.0701	1978.043
9551	41	21204	1972.0706	1974.0527
9194	12	14054	1972.0709	2015.1231
10111	12	14054	1972.0709	2015.1231
32863	32	8607	1972.071	1972.071
8607	32	32863	1972.071	1972.071
6911	41	279	1972.0802	1973.0205
2029	25	1559	1972.0817	1972.0817
2029	25	611	1972.0817	1972.0817
26817	19	20537	1972.0819	1990.1027
613	40	10934	1972.0826	1972.0911
949	32	14642	1972.0828	1972.0828
33310	4	27326	1972.0901	1979.0
364	117	215	1972.0911	1972.0911
364	117	424	1972.0911	1972.0911
3238	25	611	1972.0915	1972.0915
366	25	611	1972.0922	1972.0922
7037	15	336	1972.0922	1972.0922
11040	15	336	1972.0922	1972.0922
7037	15	197	1972.0922	1972.0922
4837	25	611	1972.0925	1972.0925
948	180	13158	1972.093	2005.0514
34725	15	17753	1972.1001	1972.1001
796	70	17675	1972.1005	1973.1219
16016	15	40865	1972.1009	1972.1009
2029	25	1577	1972.1027	1972.1027
3430	15	37585	1972.1101	1972.1101
19771	41	17071	1972.1101	1973.1031
9069	32	3788	1972.1107	1972.1107
3788	32	9069	1972.1107	1972.1107
2364	15	336	1972.112	1972.112
2364	15	197	1972.112	1972.112
37094	33	673	1972.1124	1972.1124
8698	15	197	1972.1201	1972.1201
41834	40	21953	1972.121	1972.121
34165	41	302	1972.1213	1976.1213
39905	41	302	1972.1213	1976.1213
13653	41	302	1972.1213	1976.1213
18918	41	13910	1972.1213	1976.1214
175	9	18918	1972.1213	1976.1214
5489	25	611	1972.1215	1972.1215
3430	15	2034	1972.1216	1972.1216
35415	17	4046	1972.1217	1972.1217
75	142	6246	1972.1221	1972.1221
25375	18	876	1972.1221	1989.0901
6246	22	75	1972.1221	1990.1002
196	15	197	1972.1227	1972.1227
16386	41	4466	1972.1227	1979.1026
40200	19	29479	1972.1231	2016.0311
235	22	1763	1973.0	1973.0
2490	16	2491	1973.0	1973.0
7139	15	867	1973.0	1973.0
7571	15	867	1973.0	1973.0
2902	30	9173	1973.0	1973.0
4685	15	10859	1973.0	1973.0
4359	30	13797	1973.0	1973.0
1213	30	14315	1973.0	1973.0
18418	15	4740	1973.0	1973.0
18955	3	18956	1973.0	1973.0
20038	3	1687	1973.0	1973.0
24698	25	3689	1973.0	1973.0
14315	16	1213	1973.0	1973.0
9481	4	27326	1973.0	1973.0
27406	19	27407	1973.0	1973.0
24698	15	867	1973.0	1973.0
13952	16	2491	1973.0	1973.0
15402	3	29096	1973.0	1973.0
2256	15	1249	1973.0	1973.0
27495	3	19352	1973.0	1973.0
1420	71	3977	1973.0	1973.0
8592	4	4802	1973.0	1973.0
28183	3	16305	1973.0	1973.0
27172	3	3193	1973.0	1973.0
15659	94	22942	1973.0	1973.0
27960	3	1017	1973.0	1973.0
27407	19	27406	1973.0	1973.0
35217	15	21884	1973.0	1973.0
365	22	1331	1973.0	1973.0
34052	25	10087	1973.0	1973.0
32967	20	1877	1973.0	1973.0
22769	3	18784	1973.0	1973.0
23569	3	23570	1973.0	1973.0
35584	15	451	1973.0	1973.0
36800	3	36801	1973.0	1973.0
36936	3	115	1973.0	1973.0
3829	3	3307	1973.0	1973.0
37081	3	30727	1973.0	1973.0
19955	15	37818	1973.0	1973.0
30652	16	8697	1973.0	1973.0
36930	3	5052	1973.0	1973.0
10772	30	19358	1973.0	1973.0
1700	3	9316	1973.0	1973.0
33325	3	2613	1973.0	1973.0
19358	16	10772	1973.0	1973.0
10687	30	26073	1973.0	1973.0
33014	4	22572	1973.0	1973.0
2460	15	337	1973.0	1973.0
21786	41	4374	1973.0	1973.0
19949	3	37631	1973.0	1973.0
35608	15	867	1973.0	1973.0
17033	76	11040	1973.0	1973.0
35474	16	57	1973.0	1973.0
30652	16	2980	1973.0	1973.0
27681	15	524	1973.0	1973.0
2835	17	9246	1973.0	1973.0
3335	3	40179	1973.0	1973.0
23366	3	1017	1973.0	1973.0
40674	41	1339	1973.0	1973.0
20699	3	1107	1973.0	1973.0
12206	15	7846	1973.0	1973.0
14761	15	20051	1973.0	1973.0
12616	15	19659	1973.0	1973.0
2390	32	6540	1973.0	1973.0
21075	17	18820	1973.0	1973.0
16689	25	142	1973.0	1973.0
33755	3	19956	1973.0	1973.0
35230	3	18072	1973.0	1973.0
7676	3	41540	1973.0	1973.0
14834	17	2648	1973.0	1973.0
35297	15	14446	1973.0	1973.0
3244	15	5059	1973.0	1973.0
35351	3	34132	1973.0	1973.0
21340	3	5038	1973.0	1973.0
337	30	2460	1973.0	1973.0
35906	15	867	1973.0	1973.0
2781	3	30065	1973.0	1973.0
22503	33	4437	1973.0	1973.0
35333	16	3982	1973.0	1973.0
23327	3	23328	1973.0	1973.0
9813	16	3982	1973.0	1973.0
4088	30	17699	1973.0	1973.0
13412	30	10395	1973.0	1973.0
41967	15	7429	1973.0	1973.0
13525	30	13526	1973.0	1973.0
12033	3	700	1973.0	1973.0
9861	15	5739	1973.0	1973.0
4570	30	13940	1973.0	1973.0
461	30	18418	1973.0	1973.0
41845	15	1487	1973.0	1973.0
21177	3	15856	1973.0	1973.0
7828	32	12296	1973.0	1973.0
6055	25	2483	1973.0	1973.0
5739	30	9861	1973.0	1973.0
10710	30	22544	1973.0	1973.0
18418	15	461	1973.0	1973.0
6055	25	1559	1973.0	1973.0
8582	32	5836	1973.0	1973.0
8053	15	3186	1973.0	1973.0
18960	3	18961	1973.0	1973.0
1142	31	264	1973.0	1973.0
1142	31	203	1973.0	1973.0
30558	3	1369	1973.0	1973.0
3569	15	3034	1973.0	1973.0
37738	3	4315	1973.0	1973.0
34052	25	32585	1973.0	1973.0
11629	15	3129	1973.0	1973.0
23215	3	939	1973.0	1973.0
11434	15	31111	1973.0	1973.0
11270	30	8162	1973.0	1973.0
761	30	28550	1973.0	1973.0
39160	16	1487	1973.0	1973.0
23125	15	7846	1973.0	1973.0
33572	3	41022	1973.0	1973.0
34600	14	22362	1973.0	1973.0
25942	3	40357	1973.0	1973.0
12017	32	30753	1973.0	1973.0
23131	3	32982	1973.0	1973.0
14315	15	1213	1973.0	1973.0
31612	3	9725	1973.0	1973.0
271	3	11772	1973.0	1973.0
11864	15	3034	1973.0	1973.0
5972	15	5756	1973.0	1973.0
12037	15	13097	1973.0	1973.0
18458	15	2578	1973.0	1973.0
27033	30	5288	1973.0	1973.0
16949	16	17682	1973.0	1973.0
33734	3	6724	1973.0	1973.0
235	22	11143	1973.0	1973.0
28982	3	8044	1973.0	1973.0
2101	40	7333	1973.0	1973.0
38422	15	8277	1973.0	1973.0
40783	3	2189	1973.0	1973.0
2578	30	18458	1973.0	1973.0
52	15	53	1973.0	1973.0
52	16	53	1973.0	1973.0
281	30	11491	1973.0	1973.0
21876	15	2034	1973.0	1973.0
17047	15	3034	1973.0	1973.0
10395	15	13412	1973.0	1973.0
1251	15	31579	1973.0	1973.0
1991	16	1504	1973.0	1973.0
4740	30	18418	1973.0	1973.0
16438	17	6882	1973.0	1973.0
22544	15	57	1973.0	1973.0
17462	15	867	1973.0	1973.0
22463	16	3982	1973.0	1973.0
18381	3	9999	1973.0	1973.0
36904	4	2	1973.0	1973.0
24822	3	2763	1973.0	1973.0
35056	16	57	1973.0	1973.0
26715	16	2491	1973.0	1973.0
19358	15	10772	1973.0	1973.0
27104	15	8314	1973.0	1973.0
3477	32	30753	1973.0	1973.0
17699	15	4088	1973.0	1973.0
42510	38	207	1973.0	1973.0
17628	16	19860	1973.0	1973.0
17628	15	19860	1973.0	1973.0
25860	14	1507	1973.0	1973.0
7758	3	24004	1973.0	1973.0
2351	30	5147	1973.0	1973.0
5147	15	2351	1973.0	1973.0
32375	16	1487	1973.0	1973.0
407	15	7429	1973.0	1973.0
6300	14	5323	1973.0	1973.0
20950	32	5162	1973.0	1973.0
15361	15	1249	1973.0	1973.0
18252	33	13351	1973.0	1973.0
28555	38	3420	1973.0	1973.0
40944	25	142	1973.0	1973.0
41677	3	19978	1973.0	1973.0
15178	15	867	1973.0	1973.0
26073	15	10687	1973.0	1973.0
10503	15	2491	1973.0	1973.0
2231	30	2961	1973.0	1973.0
16774	3	5626	1973.0	1973.0
27172	3	5177	1973.0	1973.0
25934	15	867	1973.0	1973.0
2231	30	33357	1973.0	1973.0
34754	3	14628	1973.0	1973.0
30667	3	11284	1973.0	1973.0
379	41	455	1973.0	1974.0
41490	46	8178	1973.0	1974.0
36524	3	33715	1973.0	1974.0
29787	3	3535	1973.0	1974.0
15376	4	4661	1973.0	1975.0
9303	41	2940	1973.0	1975.0
30399	41	1092	1973.0	1975.0
12859	3	19122	1973.0	1975.0
21026	41	1366	1973.0	1975.0
23894	38	6806	1973.0	1975.0
10166	14	40856	1973.0	1975.0
12285	3	7811	1973.0	1975.0
22741	4	1044	1973.0	1975.0
20098	3	8937	1973.0	1975.0
39359	17	1709	1973.0	1975.0
39221	4	13344	1973.0	1975.0
19219	3	1548	1973.0	1975.0101
14538	41	455	1973.0	1976.0
32410	3	8653	1973.0	1976.0
5738	3	7736	1973.0	1976.0
10007	4	12686	1973.0	1976.0
7559	18	1457	1973.0	1976.0
29429	3	28511	1973.0	1976.0
12318	41	40635	1973.0	1976.0
18426	46	8178	1973.0	1976.0
4498	4	19436	1973.0	1976.0
9965	3	6308	1973.0	1976.0
382	3	12052	1973.0	1977.0
8994	14	472	1973.0	1977.0
32967	4	1877	1973.0	1977.0
5820	3	2763	1973.0	1977.0
27888	170	15881	1973.0	1978.0
17931	3	36406	1973.0	1978.0
21680	33	147	1973.0	1978.0
20225	3	26193	1973.0	1978.0
19947	41	947	1973.0	1979.0
37914	19	27453	1973.0	1979.0
28133	14	28511	1973.0	1980.0
4778	14	5323	1973.0	1980.0
39454	14	20030	1973.0	1982.0
25942	18	1007	1973.0	1983.0
26420	41	718	1973.0	1984.0
9809	14	7731	1973.0	1985.0
9724	4	4802	1973.0	1987.0
42044	41	7393	1973.0	1988.0
18042	41	2521	1973.0	1989.1018
23533	21	73	1973.0	1991.0
24685	46	11488	1973.0	1991.0
7022	14	10266	1973.0	1992.0
613	22	2176	1973.0	1992.1231
21255	33	119	1973.0	1993.0
20103	19	22789	1973.0	1994.0907
22789	19	20103	1973.0	1994.0907
24506	41	1339	1973.0	1998.0
780	46	4793	1973.0	1999.0
35965	41	2819	1973.0	1999.0617
4761	18	42009	1973.0	2002.0
9450	33	203	1973.0	2011.0819
37896	19	31746	1973.0	2013.122
502	16	503	1973.0101	1973.0101
3094	32	8216	1973.0101	1973.0101
796	25	620	1973.0101	1973.0101
20491	15	20492	1973.0101	1973.0101
20706	15	1922	1973.0101	1973.0101
1194	3	19953	1973.0101	1973.0101
30055	15	5967	1973.0101	1973.0101
5294	15	4363	1973.0101	1973.0101
11491	15	281	1973.0101	1973.0101
32207	4	4465	1973.0101	1973.0101
2714	25	620	1973.0101	1973.0101
416	15	955	1973.0101	1973.0101
10395	15	34509	1973.0101	1973.0101
30660	12	6601	1973.0101	1973.0101
21389	4	2043	1973.0101	1973.0101
32876	4	14588	1973.0101	1973.0101
14667	4	26501	1973.0101	1973.0101
23685	15	5024	1973.0101	1973.0101
38644	16	337	1973.0101	1973.0101
11143	22	235	1973.0101	1973.0101
5571	16	524	1973.0101	1973.0101
31007	19	12668	1973.0101	1973.0101
7872	15	19410	1973.0101	1973.0101
9754	4	18710	1973.0101	1973.0101
36910	15	6694	1973.0101	1973.0101
1763	22	235	1973.0101	1973.0101
986	15	6846	1973.0101	1973.0101
17577	15	17233	1973.0101	1973.0101
24066	4	11520	1973.0101	1973.0101
16535	32	4104	1973.0101	1973.0101
22848	4	3568	1973.0101	1973.0101
40707	21	13	1973.0101	1973.0101
5162	32	20950	1973.0101	1973.0101
28550	15	761	1973.0101	1973.0101
28550	15	1073	1973.0101	1973.0101
26982	15	8365	1973.0101	1973.0101
8216	32	3094	1973.0101	1973.0101
14538	15	7523	1973.0101	1973.0101
5836	32	8582	1973.0101	1973.0101
2698	15	22495	1973.0101	1973.0101
37894	4	13899	1973.0101	1973.0101
15291	4	3135	1973.0101	1973.0101
32846	15	655	1973.0101	1973.0101
16882	3	740	1973.0101	1973.0101
31768	33	1794	1973.0101	1973.0101
40924	4	5946	1973.0101	1973.0101
1045	15	6694	1973.0101	1973.0101
1142	31	7214	1973.0101	1973.0101
24268	12	6601	1973.0101	1973.0101
4783	15	14740	1973.0101	1973.0101
9818	15	11195	1973.0101	1973.0101
41274	15	25232	1973.0101	1973.0101
12668	19	31007	1973.0101	1973.0101
30753	32	3477	1973.0101	1973.0101
29422	14	32955	1973.0101	1973.0101
30753	32	12017	1973.0101	1973.0101
12072	15	275	1973.0101	1973.0101
39705	16	1504	1973.0101	1973.0101
16542	15	42242	1973.0101	1973.0101
30360	15	23006	1973.0101	1973.0101
17826	15	6058	1973.0101	1973.0101
23972	15	4136	1973.0101	1973.0101
10840	15	42036	1973.0101	1973.0101
8847	4	5200	1973.0101	1973.0101
12823	15	3348	1973.0101	1973.0101
2206	15	10284	1973.0101	1973.0101
15630	3	2059	1973.0101	1973.0101
1898	15	4847	1973.0101	1973.0101
16644	15	36790	1973.0101	1973.0101
40258	4	3541	1973.0101	1973.0101
6540	32	2390	1973.0101	1973.0101
4104	32	16535	1973.0101	1973.0101
5288	15	27033	1973.0101	1973.0101
12808	15	11934	1973.0101	1973.0101
10268	16	524	1973.0101	1973.0101
37444	15	20492	1973.0101	1973.0101
23421	15	6846	1973.0101	1973.0101
16381	16	337	1973.0101	1973.0101
39047	12	6601	1973.0101	1973.0101
2960	15	655	1973.0101	1973.0101
40944	15	18175	1973.0101	1973.0101
32297	15	20113	1973.0101	1973.0101
39533	4	13307	1973.0101	1973.0101
17784	15	16289	1973.0101	1973.0101
17792	16	1504	1973.0101	1973.0101
620	29	2714	1973.0101	1973.0101
620	29	796	1973.0101	1973.0101
620	117	215	1973.0101	1973.0101
11059	15	16240	1973.0101	1973.0101
2423	123	26652	1973.0101	1973.042
5625	4	889	1973.0101	1974.0101
9754	4	6124	1973.0101	1974.0101
2567	4	1197	1973.0101	1974.0101
9754	4	18710	1973.0101	1974.0101
19052	4	16760	1973.0101	1974.0101
21327	4	1620	1973.0101	1974.0101
5874	4	899	1973.0101	1974.0101
29755	4	9083	1973.0101	1974.0101
27625	4	3857	1973.0101	1974.0101
32048	4	178	1973.0101	1974.0101
32876	4	15090	1973.0101	1974.0101
35401	19	20992	1973.0101	1974.0101
18138	4	5706	1973.0101	1974.0101
34488	4	8840	1973.0101	1974.0101
11051	4	20387	1973.0101	1974.0101
39046	4	11665	1973.0101	1974.0101
24808	4	9555	1973.0101	1974.0101
32252	4	5398	1973.0101	1974.0101
30109	4	13597	1973.0101	1974.0101
15811	4	288	1973.0101	1974.0101
9427	4	14032	1973.0101	1974.0101
35234	4	8548	1973.0101	1974.0101
3516	4	4499	1973.0101	1974.0101
32207	4	1741	1973.0101	1974.0101
10295	4	2239	1973.0101	1974.0101
30771	4	172	1973.0101	1974.0101
4530	4	25549	1973.0101	1974.0101
21925	4	34746	1973.0101	1974.0101
373	4	27726	1973.0101	1974.0101
20992	19	35401	1973.0101	1974.0101
38124	4	8305	1973.0101	1974.0101
42343	4	25339	1973.0101	1974.0101
15514	4	1374	1973.0101	1974.0101
31311	4	41875	1973.0101	1974.0101
12256	4	2443	1973.0101	1974.0101
11292	4	889	1973.0101	1974.0101
29590	4	32629	1973.0101	1974.0101
8762	4	2094	1973.0101	1974.0101
12785	4	413	1973.0101	1975.0101
8704	4	13268	1973.0101	1975.0101
360	4	9281	1973.0101	1975.0101
29721	4	1952	1973.0101	1975.0101
10190	4	9795	1973.0101	1975.0101
15291	4	429	1973.0101	1975.0101
36784	4	18279	1973.0101	1975.0101
38817	3	1548	1973.0101	1975.0101
37193	4	21414	1973.0101	1975.0101
34309	4	11123	1973.0101	1975.0101
9684	4	581	1973.0101	1975.0101
19697	3	11947	1973.0101	1975.0101
37749	4	41997	1973.0101	1975.0101
19337	4	8148	1973.0101	1975.0101
28543	4	1374	1973.0101	1975.0101
36784	4	14109	1973.0101	1975.0101
34027	4	10466	1973.0101	1975.0101
37893	4	33656	1973.0101	1975.0101
3672	4	20177	1973.0101	1975.0101
11298	3	28277	1973.0101	1975.0101
15918	4	2480	1973.0101	1975.0101
9231	4	41567	1973.0101	1975.0101
11919	4	19009	1973.0101	1975.0101
12313	4	5747	1973.0101	1975.0101
39533	4	4465	1973.0101	1975.0101
615	4	12168	1973.0101	1976.0101
16128	4	4728	1973.0101	1976.0101
36042	4	5140	1973.0101	1976.0101
34465	4	1100	1973.0101	1976.0101
35019	4	2443	1973.0101	1976.0101
9296	4	2246	1973.0101	1976.0101
9502	4	6479	1973.0101	1976.0101
3382	33	12919	1973.0101	1976.0101
25483	4	13518	1973.0101	1976.0101
2381	4	9555	1973.0101	1976.0101
32907	4	38439	1973.0101	1976.0101
32907	4	41064	1973.0101	1976.0101
26178	4	35484	1973.0101	1976.0101
29502	4	321	1973.0101	1977.0101
5393	4	6068	1973.0101	1977.0101
32473	4	21410	1973.0101	1977.0101
2883	4	5398	1973.0101	1977.0101
17115	4	11376	1973.0101	1977.0101
30664	4	23636	1973.0101	1977.0101
8022	4	2135	1973.0101	1977.0101
23951	4	882	1973.0101	1977.0101
35557	4	29560	1973.0101	1977.0101
138	4	7728	1973.0101	1977.0101
4081	4	9276	1973.0101	1978.0101
35534	3	2365	1973.0101	1978.0101
19694	3	12052	1973.0101	1978.0101
4498	4	3671	1973.0101	1978.0101
20622	4	376	1973.0101	1978.0101
23958	4	4580	1973.0101	1978.0101
18899	4	7931	1973.0101	1978.0101
10955	21	73	1973.0101	1979.0
7727	4	7728	1973.0101	1979.0101
12322	4	10697	1973.0101	1979.0101
10777	4	16760	1973.0101	1979.0101
19276	4	2074	1973.0101	1979.0101
27453	19	37914	1973.0101	1979.0101
28029	4	13916	1973.0101	1979.0101
35904	4	499	1973.0101	1979.0101
38170	4	16297	1973.0101	1979.0101
21973	19	36581	1973.0101	1980.0101
36581	19	21973	1973.0101	1980.0101
40720	3	23365	1973.0101	1980.0101
8739	4	8798	1973.0101	1980.0101
15089	4	4475	1973.0101	1980.0101
15916	4	21209	1973.0101	1981.0101
20271	4	6477	1973.0101	1981.0101
35830	4	30135	1973.0101	1981.0101
35707	4	9912	1973.0101	1981.0101
26910	4	32634	1973.0101	1982.0101
31156	3	20863	1973.0101	1982.0101
21316	4	980	1973.0101	1982.0101
5571	19	4881	1973.0101	1983.0101
7714	18	876	1973.0101	1983.0101
22593	14	4522	1973.0101	1984.0101
21625	4	11658	1973.0101	1984.0101
30251	14	4522	1973.0101	1985.0101
19123	4	9172	1973.0101	1985.0101
34375	4	27825	1973.0101	1986.0101
12452	70	18042	1973.0101	1989.1018
9865	109	3712	1973.0101	1992.0101
29324	19	13897	1973.0101	1994.0101
13897	19	29324	1973.0101	1994.0101
11686	14	4522	1973.0101	1996.0101
23683	19	38132	1973.0101	2001.0101
38132	19	23683	1973.0101	2001.0101
36681	19	17145	1973.0101	2002.0101
10477	19	39369	1973.0101	2008.0101
39369	19	10477	1973.0101	2008.0101
40392	41	3626	1973.0101	2012.0101
34075	19	32914	1973.0101	2012.0101
31746	19	37896	1973.0101	2013.122
1462	22	613	1973.0107	1973.0107
613	22	1462	1973.0107	1973.0107
6145	41	4912	1973.0108	2001.0325
10692	17	11604	1973.0112	2014.0525
33844	41	3698	1973.0117	1996.0117
5927	7	5489	1973.0123	1973.0123
6702	15	2034	1973.013	1973.013
9768	32	3336	1973.0131	1973.0131
3123	15	3186	1973.02	1973.02
8874	15	1112	1973.0205	1973.0205
24575	15	336	1973.0209	1973.0209
24575	15	197	1973.0209	1973.0209
4453	15	336	1973.0212	1973.0212
11844	15	197	1973.0216	1973.0216
32914	19	34075	1973.03	2012.0718
6913	41	6751	1973.0305	1973.0305
3884	15	2034	1973.0305	1973.0305
278	41	279	1973.0314	1977.0525
1844	41	279	1973.0314	1977.0525
12723	41	279	1973.0314	1977.0525
23800	41	279	1973.0314	1977.0525
21637	41	279	1973.0314	1977.0525
16634	41	279	1973.0314	1977.0525
6911	41	279	1973.0314	1977.0525
28017	41	279	1973.0314	1977.0525
34960	41	279	1973.0314	1977.0525
39881	41	279	1973.0314	1977.0525
24266	41	279	1973.0314	1977.0525
19971	41	279	1973.0314	1977.0525
40142	41	279	1973.0314	1977.0525
25799	41	279	1973.0314	1977.0525
37649	41	279	1973.0314	1977.0525
19110	41	279	1973.0314	1977.0525
23286	41	279	1973.0314	1977.0525
21840	41	279	1973.0314	1977.0525
883	41	279	1973.0314	1977.0525
2420	41	296	1973.0402	1973.0505
17983	41	296	1973.0402	1973.0505
1004	41	296	1973.0402	1973.0505
10082	41	3626	1973.0402	1973.0506
23124	41	3626	1973.0402	1973.0506
8299	41	296	1973.0402	1973.0506
18357	41	296	1973.0402	1973.0512
12953	41	296	1973.0402	1974.0708
26766	41	296	1973.0402	1976.0212
19886	41	296	1973.0402	1977.0924
703	41	296	1973.0402	1978.0402
4544	41	296	1973.0402	1978.0402
15905	41	296	1973.0402	1978.0402
19051	41	296	1973.0402	1978.0402
21243	32	8607	1973.043	1973.043
8607	32	21243	1973.043	1973.043
14227	15	197	1973.0508	1973.0508
84	25	85	1973.0509	1973.0509
17699	25	652	1973.0524	1973.0524
39425	41	6452	1973.0525	1973.0712
14199	15	820	1973.053	1973.053
5333	41	18907	1973.0601	1973.1125
1109	19	1108	1973.0603	1973.0603
21054	15	5058	1973.0603	1973.0603
12296	32	7828	1973.0606	1973.0606
3788	32	3789	1973.0608	1973.0608
3789	32	3788	1973.0608	1973.0608
3123	15	14389	1973.0612	1973.0612
1037	9	4157	1973.0612	1998.1107
19403	32	1355	1973.062	1973.062
1355	32	19403	1973.062	1973.062
613	22	75	1973.0621	1990.1003
75	22	613	1973.0621	1990.1003
796	25	2397	1973.0625	1973.0625
83	25	2397	1973.0625	1973.0625
7399	25	2397	1973.0625	1973.0625
2647	25	2397	1973.0625	1973.0625
613	25	2397	1973.0625	1973.0625
3	25	2397	1973.0625	1973.0625
4299	25	2397	1973.0625	1973.0625
5489	25	2397	1973.0625	1973.0625
364	25	2397	1973.0625	1973.0625
1760	25	2397	1973.0625	1973.0625
5040	25	2397	1973.0625	1973.0625
715	25	2397	1973.0625	1973.0625
113	25	2397	1973.0625	1973.0625
10084	25	2397	1973.0625	1973.0625
814	25	2397	1973.0625	1973.0625
326	25	2397	1973.0625	1973.0625
1286	25	2397	1973.0625	1973.0625
453	25	2397	1973.0625	1973.0625
943	25	2397	1973.0625	1973.0625
1247	25	2397	1973.0625	1973.0625
637	25	2397	1973.0625	1973.0625
47	25	2397	1973.0625	1973.0625
590	25	2397	1973.0625	1973.0625
1462	25	2397	1973.0625	1973.0625
488	25	2397	1973.0625	1973.0625
13	25	2397	1973.0625	1973.0625
8675	25	2397	1973.0625	1973.0625
2714	25	2397	1973.0625	1973.0625
2429	25	2397	1973.0625	1973.0625
2396	25	2397	1973.0625	1992.0
73	25	2397	1973.0625	1992.0101
5927	7	1462	1973.0627	1973.0627
5701	123	28439	1973.0701	1975.073
32131	48	3912	1973.0705	1973.0705
1631	70	18092	1973.0705	1984.091
3	70	21449	1973.0707	1974.0314
24147	15	197	1973.0727	1973.0727
5078	25	29272	1973.0801	1973.0801
10380	25	1577	1973.0801	1973.0801
14265	25	29272	1973.0801	1973.0801
35249	21	2176	1973.0802	1992.1231
9153	41	2819	1973.0804	1978.1118
3123	15	41544	1973.0908	1973.0908
3123	15	2750	1973.0908	1973.0908
613	25	333	1973.0918	1973.0918
75	25	333	1973.0918	1990.1002
11316	80	11253	1973.0922	1977.012
19765	9	11253	1973.0922	1977.012
11253	41	11316	1973.0922	1977.012
5419	23	18497	1973.1	1973.1
17764	15	10397	1973.1	1973.1
75	62	7546	1973.1003	1976.1029
3067	41	6452	1973.1012	1974.0701
3367	15	1664	1973.1016	1973.1016
3367	15	197	1973.1016	1973.1016
3367	15	562	1973.1016	1973.1016
4881	19	5571	1973.1025	1983.0707
7615	32	7616	1973.1107	1973.1107
7616	32	7615	1973.1107	1973.1107
13763	19	29559	1973.1114	1992.0423
29559	19	13763	1973.1114	1992.0423
814	62	9601	1973.1125	1974.1217
9601	41	18907	1973.1125	1974.1217
1833	32	9768	1973.1126	1973.1126
9768	32	1833	1973.1126	1973.1126
860	25	14484	1973.1126	1973.1126
14484	34	6102	1973.1126	1973.1126
12516	15	197	1973.121	1973.121
2413	15	197	1973.121	1973.121
8225	15	2034	1973.1212	1973.1212
1242	15	197	1973.1212	1973.1212
796	70	23337	1973.1219	1975.0213
23298	15	336	1973.122	1973.122
23298	15	197	1973.122	1973.122
613	22	453	1973.1221	1973.1221
25225	15	197	1973.1221	1973.1221
453	22	613	1973.1221	1973.1221
17145	19	36681	1973.1224	2002.0221
5927	7	75	1973.1227	1973.1227
2715	15	2716	1974.0	1974.0
8245	16	3982	1974.0	1974.0
8706	17	4241	1974.0	1974.0
13952	16	2491	1974.0	1974.0
1847	3	550	1974.0	1974.0
14941	3	8354	1974.0	1974.0
14323	14	7012	1974.0	1974.0
17424	17	11873	1974.0	1974.0
19437	16	1487	1974.0	1974.0
19757	3	14438	1974.0	1974.0
11183	3	3645	1974.0	1974.0
7010	15	459	1974.0	1974.0
20001	30	20126	1974.0	1974.0
19283	17	4241	1974.0	1974.0
14728	3	5177	1974.0	1974.0
461	30	11864	1974.0	1974.0
337	30	23392	1974.0	1974.0
3410	15	2034	1974.0	1974.0
13088	15	23930	1974.0	1974.0
15206	15	2034	1974.0	1974.0
2256	15	2034	1974.0	1974.0
2902	30	23206	1974.0	1974.0
3177	17	4241	1974.0	1974.0
946	3	19352	1974.0	1974.0
15800	32	23872	1974.0	1974.0
6960	3	11865	1974.0	1974.0
10884	15	1772	1974.0	1974.0
4740	30	16763	1974.0	1974.0
52	15	53	1974.0	1974.0
12262	32	1926	1974.0	1974.0
5604	15	8692	1974.0	1974.0
29733	15	1772	1974.0	1974.0
25756	15	820	1974.0	1974.0
32604	17	4241	1974.0	1974.0
12549	25	25777	1974.0	1974.0
24815	15	32360	1974.0	1974.0
24121	16	443	1974.0	1974.0
52	16	53	1974.0	1974.0
33880	17	6882	1974.0	1974.0
3422	30	12964	1974.0	1974.0
35474	15	57	1974.0	1974.0
8979	15	820	1974.0	1974.0
7186	3	28137	1974.0	1974.0
13276	71	5555	1974.0	1974.0
27666	17	6882	1974.0	1974.0
3177	17	6882	1974.0	1974.0
27446	15	33842	1974.0	1974.0
20646	16	57	1974.0	1974.0
9658	30	34196	1974.0	1974.0
15243	16	8697	1974.0	1974.0
29531	3	7892	1974.0	1974.0
12022	15	1772	1974.0	1974.0
11223	15	36242	1974.0	1974.0
8156	41	455	1974.0	1974.0
20285	3	9316	1974.0	1974.0
7696	21	613	1974.0	1974.0
7342	3	37842	1974.0	1974.0
8706	17	6882	1974.0	1974.0
38263	17	6882	1974.0	1974.0
981	3	18639	1974.0	1974.0
17073	15	1772	1974.0	1974.0
8003	3	20391	1974.0	1974.0
38878	17	1037	1974.0	1974.0
2716	30	2715	1974.0	1974.0
13052	15	5369	1974.0	1974.0
12780	32	11325	1974.0	1974.0
8038	15	26216	1974.0	1974.0
5204	30	24821	1974.0	1974.0
27666	17	4241	1974.0	1974.0
12964	15	3422	1974.0	1974.0
27037	15	20148	1974.0	1974.0
21175	32	9513	1974.0	1974.0
39728	17	4241	1974.0	1974.0
33577	3	20883	1974.0	1974.0
22705	3	19352	1974.0	1974.0
11231	16	8697	1974.0	1974.0
10503	16	2491	1974.0	1974.0
22177	15	451	1974.0	1974.0
11864	15	3034	1974.0	1974.0
5618	21	364	1974.0	1974.0
7024	71	2157	1974.0	1974.0
263	46	3699	1974.0	1974.0
23392	15	337	1974.0	1974.0
21652	71	12751	1974.0	1974.0
5059	30	3244	1974.0	1974.0
6453	3	9995	1974.0	1974.0
33139	3	18845	1974.0	1974.0
7301	1	4240	1974.0	1974.0
37925	14	2403	1974.0	1974.0
34737	15	229	1974.0	1974.0
18252	15	2578	1974.0	1974.0
9832	17	4046	1974.0	1974.0
2902	30	6353	1974.0	1974.0
38856	17	4241	1974.0	1974.0
7337	15	173	1974.0	1974.0
3118	30	30652	1974.0	1974.0
19847	3	3498	1974.0	1974.0
7487	30	26186	1974.0	1974.0
27498	3	1341	1974.0	1974.0
20944	15	1772	1974.0	1974.0
12964	16	3422	1974.0	1974.0
10012	15	39723	1974.0	1974.0
425	3	6282	1974.0	1974.0
11864	15	461	1974.0	1974.0
36201	3	33708	1974.0	1974.0
379	41	455	1974.0	1974.0
3196	3	2078	1974.0	1974.0
31073	17	6882	1974.0	1974.0
30992	3	26390	1974.0	1974.0
31073	17	4241	1974.0	1974.0
17159	3	15016	1974.0	1974.0
38856	17	6882	1974.0	1974.0
13088	42	8089	1974.0	1974.0
26216	30	8038	1974.0	1974.0
35864	15	7209	1974.0	1974.0
3918	15	451	1974.0	1974.0
19021	3	732	1974.0	1974.0
15968	15	3034	1974.0	1974.0
35130	14	11284	1974.0	1974.0
41930	3	18819	1974.0	1974.0
12492	3	2763	1974.0	1974.0
9760	3	22523	1974.0	1974.0
7696	21	590	1974.0	1974.0
41128	3	23242	1974.0	1974.0
18953	3	15191	1974.0	1974.0
27490	3	939	1974.0	1974.0
38410	71	2157	1974.0	1974.0
24121	16	1210	1974.0	1974.0
7828	32	1692	1974.0	1974.0
173	30	7337	1974.0	1974.0
5923	15	2034	1974.0	1974.0
10710	30	8207	1974.0	1974.0
3064	16	3065	1974.0	1974.0
31827	3	18072	1974.0	1974.0
38263	17	4241	1974.0	1974.0
4881	16	3065	1974.0	1974.0
9283	16	3982	1974.0	1974.0
31083	71	856	1974.0	1974.0
33880	17	4241	1974.0	1974.0
20953	44	1794	1974.0	1974.0
36654	15	7998	1974.0	1974.0
33057	16	53	1974.0	1974.0
6633	16	1487	1974.0	1974.0
20043	3	4762	1974.0	1974.0
39728	17	6882	1974.0	1974.0
12516	15	13097	1974.0	1974.0
5119	16	3982	1974.0	1974.0
19283	17	6882	1974.0	1974.0
9809	3	3318	1974.0	1974.0
8228	15	3034	1974.0	1974.0
41055	15	1772	1974.0	1974.0
10117	25	18615	1974.0	1974.0
34972	3	34973	1974.0	1974.0
761	30	11444	1974.0	1974.0
22391	15	3982	1974.0	1974.0
17073	15	869	1974.0	1974.0
31435	3	6449	1974.0	1974.0
32941	3	2746	1974.0	1974.0
3243	30	30652	1974.0	1974.0
24966	15	17682	1974.0	1974.0
17237	15	1772	1974.0	1974.0
25331	16	11035	1974.0	1974.0
459	30	7010	1974.0	1974.0
24131	15	2257	1974.0	1974.0
4359	30	18611	1974.0	1974.0
36903	3	19978	1974.0	1974.0
7043	15	1249	1974.0	1974.0
32604	17	6882	1974.0	1974.0
20148	30	27037	1974.0	1974.0
36573	15	451	1974.0	1974.0
25710	3	8852	1974.0	1974.0
24506	71	13744	1974.0	1974.0
5127	15	2796	1974.0	1974.0
21085	3	15417	1974.0	1974.0
18660	15	197	1974.0	1974.0
18242	15	25462	1974.0	1974.0
34737	16	229	1974.0	1974.0
15097	3	35551	1974.0	1974.0
24145	15	820	1974.0	1974.0
3993	30	7538	1974.0	1974.0
3845	15	3301	1974.0	1974.0
7974	16	1487	1974.0	1974.0
2578	30	18252	1974.0	1974.0
28268	3	4516	1974.0	1974.0
8397	32	11889	1974.0	1974.0
30437	3	29648	1974.0	1974.0
24821	16	5204	1974.0	1974.0
41405	17	6882	1974.0	1974.0
8038	15	12381	1974.0	1974.0
24821	15	5204	1974.0	1974.0
38536	14	1682	1974.0	1974.0
17516	14	17850	1974.0	1974.0
8684	3	1123	1974.0	1974.0
15243	16	2980	1974.0	1974.0
41405	17	4241	1974.0	1974.0
8684	3	5552	1974.0	1974.0
28259	3	18881	1974.0	1974.0
1991	16	503	1974.0	1974.0
27707	15	31111	1974.0	1974.0
21736	16	2491	1974.0	1974.0
17731	16	1026	1974.0	1974.0
19200	38	207	1974.0	1974.0
26715	15	2491	1974.0	1974.0
16763	15	4740	1974.0	1974.0
37109	3	3968	1974.0	1974.0
23478	17	4241	1974.0	1974.0
16644	15	7955	1974.0	1974.0
35142	15	30259	1974.0	1974.0
23478	17	6882	1974.0	1974.0
22997	4	7109	1974.0	1974.0
26246	17	953	1974.0	1974.0
39016	3	1942	1974.0	1974.0
16827	3	11772	1974.0	1974.0
1808	25	6421	1974.0	1974.0
1860	32	1859	1974.0	1974.0
42510	38	4930	1974.0	1974.0
31213	14	1123	1974.0	1974.0
3945	16	503	1974.0	1974.0
42561	17	4241	1974.0	1974.0
21719	15	42097	1974.0	1974.0
16381	16	2491	1974.0	1974.0
3304	30	11059	1974.0	1974.0
20950	32	5796	1974.0	1974.0
42561	17	6882	1974.0	1974.0
3122	3	27016	1974.0	1974.0
36100	3	29715	1974.0	1974.0
22144	71	25435	1974.0	1974.0
8346	4	11161	1974.0	1974.0
34280	3	16721	1974.0	1974.0
19976	15	792	1974.0	1974.0
14543	17	1037	1974.0	1974.0
37761	3	39878	1974.0	1974.0
469	16	4540	1974.0	1974.0
30652	16	3118	1974.0	1974.0
30652	15	3243	1974.0	1974.0
30652	16	3243	1974.0	1974.0
18949	3	6449	1974.0	1974.0
30652	15	3118	1974.0	1974.0
9669	3	24550	1974.0	1974.0
34196	15	9658	1974.0	1974.0
28426	3	5675	1974.0	1974.0
271	3	272	1974.0	1975.0
17143	18	1092	1974.0	1975.0
15132	4	1646	1974.0	1975.0
34303	4	21049	1974.0	1975.0
36904	4	32954	1974.0	1975.0
13582	14	25213	1974.0	1975.0
20448	4	22953	1974.0	1975.0
4778	3	17515	1974.0	1976.0
9883	14	2735	1974.0	1976.0
37565	3	19638	1974.0	1976.0
13135	17	9308	1974.0	1976.0
2430	14	19765	1974.0	1976.0
22825	18	16805	1974.0	1976.0
35276	4	32000	1974.0	1977.0
31950	3	37666	1974.0	1977.0
17536	41	16805	1974.0	1977.0
8109	3	38774	1974.0	1977.0
34053	4	2094	1974.0	1977.0
3143	9	38604	1974.0	1977.0
11283	14	5714	1974.0	1977.0
39109	14	28291	1974.0	1977.0
28555	3	21221	1974.0	1977.0
11529	3	31031	1974.0	1977.0
14504	3	29715	1974.0	1977.0
28685	9	17983	1974.0	1977.052
1847	14	1848	1974.0	1978.0
11368	19	11369	1974.0	1978.0
10253	41	1092	1974.0	1978.0
34970	41	26415	1974.0	1978.0
35254	4	5717	1974.0	1978.0
33754	3	5626	1974.0	1978.0
18014	14	36204	1974.0	1978.0
34694	41	3698	1974.0	1978.0
31334	4	7109	1974.0	1979.0
28516	78	8315	1974.0	1979.0
36100	46	4793	1974.0	1979.0
24722	3	15886	1974.0	1979.0
20945	41	23009	1974.0	1979.0
19557	3	9788	1974.0	1979.0
18178	25	25777	1974.0	1979.0
16098	3	6282	1974.0	1980.0
3829	41	4374	1974.0	1980.0
301	17	4046	1974.0	1980.0
34073	41	3069	1974.0	1980.0101
22779	3	30675	1974.0	1981.0
4668	3	11277	1974.0	1981.0
9841	41	13455	1974.0	1982.0
28072	14	9817	1974.0	1983.0
5477	14	16721	1974.0	1984.0
40755	41	1092	1974.0	1985.0
16074	4	17743	1974.0	1985.0
32710	4	720	1974.0	1985.0
27489	41	11812	1974.0	1985.0
1309	14	9817	1974.0	1986.0
489	4	6831	1974.0	1986.0
33970	50	9263	1974.0	1989.0
21505	62	25328	1974.0	1989.0
41534	78	8315	1974.0	1991.0
4242	78	8315	1974.0	1992.0
27697	14	12782	1974.0	1993.0
7781	117	8102	1974.0	1997.063
11394	41	1092	1974.0	2002.0
12696	17	4046	1974.0	2004.0
27580	46	1183	1974.0	2005.0
41057	1	113	1974.0	2010.0
1215	19	1214	1974.0	2014.1128
21353	14	6282	1974.0	2016.0
17019	17	3617	1974.0	2016.0
33874	17	1037	1974.0	2017.0115
31691	17	11904	1974.0	2017.06
2618	17	11904	1974.0	2018.03
1859	32	1860	1974.0101	1974.0101
3567	4	3568	1974.0101	1974.0101
4727	4	4728	1974.0101	1974.0101
1710	15	1504	1974.0101	1974.0101
8049	15	8050	1974.0101	1974.0101
10283	15	10284	1974.0101	1974.0101
11059	15	3304	1974.0101	1974.0101
12823	15	5967	1974.0101	1974.0101
14192	4	3076	1974.0101	1974.0101
6137	4	15845	1974.0101	1974.0101
7032	4	17053	1974.0101	1974.0101
23359	32	11329	1974.0101	1974.0101
23491	15	6865	1974.0101	1974.0101
9427	4	24936	1974.0101	1974.0101
25041	15	3577	1974.0101	1974.0101
2874	15	26472	1974.0101	1974.0101
1926	32	12262	1974.0101	1974.0101
4323	4	23287	1974.0101	1974.0101
18395	15	6617	1974.0101	1974.0101
27296	15	820	1974.0101	1974.0101
17852	185	33905	1974.0101	1974.0101
21586	15	17326	1974.0101	1974.0101
21389	4	3108	1974.0101	1974.0101
17640	15	13120	1974.0101	1974.0101
17709	3	8689	1974.0101	1974.0101
613	22	3854	1974.0101	1974.0101
36963	15	1746	1974.0101	1974.0101
34182	4	848	1974.0101	1974.0101
3094	32	8783	1974.0101	1974.0101
11491	15	34776	1974.0101	1974.0101
26910	4	10340	1974.0101	1974.0101
10395	15	24110	1974.0101	1974.0101
11889	32	8397	1974.0101	1974.0101
38327	15	17233	1974.0101	1974.0101
11438	16	337	1974.0101	1974.0101
26809	3	8689	1974.0101	1974.0101
3688	15	16244	1974.0101	1974.0101
35934	15	20492	1974.0101	1974.0101
30934	15	13832	1974.0101	1974.0101
27543	15	4433	1974.0101	1974.0101
14843	32	28787	1974.0101	1974.0101
878	15	6865	1974.0101	1974.0101
8955	15	20927	1974.0101	1974.0101
31550	19	33040	1974.0101	1974.0101
23408	15	1772	1974.0101	1974.0101
5413	40	2916	1974.0101	1974.0101
7203	17	4046	1974.0101	1974.0101
28787	32	14843	1974.0101	1974.0101
25279	16	1504	1974.0101	1974.0101
5294	15	4363	1974.0101	1974.0101
27363	15	34149	1974.0101	1974.0101
1692	32	7828	1974.0101	1974.0101
7748	33	8551	1974.0101	1974.0101
19952	17	4046	1974.0101	1974.0101
38545	15	655	1974.0101	1974.0101
33024	16	337	1974.0101	1974.0101
30043	16	337	1974.0101	1974.0101
5084	4	14490	1974.0101	1974.0101
5796	32	20950	1974.0101	1974.0101
10315	15	35627	1974.0101	1974.0101
1504	30	1710	1974.0101	1974.0101
21577	15	16240	1974.0101	1974.0101
17915	4	36199	1974.0101	1974.0101
2355	15	655	1974.0101	1974.0101
2211	15	22385	1974.0101	1974.0101
16244	30	3688	1974.0101	1974.0101
3854	22	613	1974.0101	1974.0101
2104	15	26309	1974.0101	1974.0101
11329	32	23359	1974.0101	1974.0101
36078	15	6694	1974.0101	1974.0101
20795	25	19783	1974.0101	1974.0101
16654	15	29388	1974.0101	1974.0101
22469	15	8365	1974.0101	1974.0101
11867	4	4094	1974.0101	1974.0101
16505	15	6694	1974.0101	1974.0101
5127	15	4847	1974.0101	1974.0101
17826	15	14740	1974.0101	1974.0101
8783	32	3094	1974.0101	1974.0101
30708	71	2157	1974.0101	1974.0101
34737	16	1504	1974.0101	1974.0101
12823	15	3348	1974.0101	1974.0101
32382	16	524	1974.0101	1974.0101
23872	32	15800	1974.0101	1974.0101
4747	15	19410	1974.0101	1974.0101
3567	4	21209	1974.0101	1974.0101
10395	15	17032	1974.0101	1974.0101
6521	15	12386	1974.0101	1974.0101
986	15	18869	1974.0101	1974.0101
8245	15	655	1974.0101	1974.0101
39524	15	38578	1974.0101	1974.0101
33040	19	31550	1974.0101	1974.0101
30974	15	12160	1974.0101	1974.0101
11444	15	761	1974.0101	1974.0101
27451	50	25735	1974.0101	1974.0101
11491	15	6694	1974.0101	1974.0101
12531	15	42540	1974.0101	1974.0101
32768	3	23604	1974.0101	1974.0101
28464	4	2885	1974.0101	1974.0101
36545	15	41646	1974.0101	1974.0101
5874	4	5875	1974.0101	1975.0101
7416	4	7417	1974.0101	1975.0101
5959	4	9426	1974.0101	1975.0101
12200	4	9896	1974.0101	1975.0101
4354	4	15032	1974.0101	1975.0101
15514	4	5398	1974.0101	1975.0101
33191	4	15032	1974.0101	1975.0101
25930	4	4580	1974.0101	1975.0101
17940	4	5359	1974.0101	1975.0101
37430	4	5575	1974.0101	1975.0101
30771	4	3087	1974.0101	1975.0101
12592	4	13261	1974.0101	1975.0101
7622	4	31429	1974.0101	1975.0101
38124	4	3555	1974.0101	1975.0101
35234	4	4030	1974.0101	1975.0101
21974	4	22180	1974.0101	1975.0101
18138	4	14579	1974.0101	1975.0101
10295	4	3389	1974.0101	1975.0101
14629	4	20177	1974.0101	1975.0101
21592	4	10220	1974.0101	1975.0101
41349	4	12715	1974.0101	1975.0101
7741	4	13518	1974.0101	1975.0101
17940	4	4152	1974.0101	1975.0101
851	3	21869	1974.0101	1975.0101
42343	4	2372	1974.0101	1975.0101
17966	4	24517	1974.0101	1975.0101
17966	4	3568	1974.0101	1975.0101
5306	4	13973	1974.0101	1975.0101
37073	4	38656	1974.0101	1975.0101
6386	4	2372	1974.0101	1975.0101
29590	4	8368	1974.0101	1975.0101
42637	4	21700	1974.0101	1975.0101
22105	4	22180	1974.0101	1975.0101
12313	4	12519	1974.0101	1976.0101
22833	3	1548	1974.0101	1976.0101
9510	4	9896	1974.0101	1976.0101
12351	4	9330	1974.0101	1976.0101
39550	4	7783	1974.0101	1976.0101
8762	4	8581	1974.0101	1976.0101
40949	3	1548	1974.0101	1976.0101
37894	4	11541	1974.0101	1976.0101
6499	4	7931	1974.0101	1976.0101
2667	4	22164	1974.0101	1976.0101
41435	4	3291	1974.0101	1976.0101
24808	4	2427	1974.0101	1976.0101
24066	4	100	1974.0101	1976.0101
25395	4	18045	1974.0101	1976.0101
11281	4	5971	1974.0101	1976.0101
2452	4	16700	1974.0101	1976.0101
16059	4	5591	1974.0101	1976.0101
30157	4	1040	1974.0101	1976.0101
5625	4	1197	1974.0101	1976.0101
18178	3	1548	1974.0101	1976.0101
14972	4	11685	1974.0101	1977.0101
15780	4	6236	1974.0101	1977.0101
4323	4	3110	1974.0101	1977.0101
5472	4	2443	1974.0101	1977.0101
23399	4	7207	1974.0101	1977.0101
30188	4	9591	1974.0101	1977.0101
8169	4	6455	1974.0101	1977.0101
10295	4	4465	1974.0101	1977.0101
34890	4	33247	1974.0101	1977.0101
12351	4	14509	1974.0101	1977.0101
28957	4	4160	1974.0101	1977.0101
3727	4	25339	1974.0101	1977.0101
15734	4	42071	1974.0101	1977.0101
39046	4	8974	1974.0101	1977.0101
12256	4	12362	1974.0101	1977.0101
1743	4	17920	1974.0101	1977.0101
29981	41	4063	1974.0101	1977.1231
673	70	29981	1974.0101	1977.1231
9754	4	15805	1974.0101	1978.0101
4926	4	16168	1974.0101	1978.0101
30152	4	15149	1974.0101	1978.0101
16571	4	3836	1974.0101	1978.0101
11369	19	11368	1974.0101	1978.0101
1196	4	8174	1974.0101	1978.0101
3516	4	7344	1974.0101	1978.0101
11494	4	3432	1974.0101	1978.0101
30018	4	1220	1974.0101	1978.0101
8847	4	16084	1974.0101	1978.0101
15811	4	9943	1974.0101	1979.0101
26833	4	1781	1974.0101	1979.0101
28623	4	91	1974.0101	1979.0101
29101	19	15368	1974.0101	1979.0101
2401	4	15539	1974.0101	1979.0101
36266	4	3768	1974.0101	1979.0101
10885	4	9591	1974.0101	1979.0101
35239	4	25580	1974.0101	1979.0101
23011	4	4901	1974.0101	1979.0101
10260	19	8090	1974.0101	1980.0101
26911	19	7631	1974.0101	1980.0101
21327	4	2138	1974.0101	1980.0101
714	4	20177	1974.0101	1980.0101
7631	19	26911	1974.0101	1980.0101
5086	3	19122	1974.0101	1980.0101
34723	4	848	1974.0101	1980.0101
36495	14	8044	1974.0101	1980.0101
8090	19	10260	1974.0101	1980.0101
5237	4	5238	1974.0101	1981.0101
13687	4	29257	1974.0101	1981.0101
31381	4	16058	1974.0101	1981.0101
31944	4	4160	1974.0101	1982.0101
26951	4	8581	1974.0101	1982.0101
16528	4	4160	1974.0101	1982.0101
11292	4	13643	1974.0101	1982.0101
13527	4	13142	1974.0101	1983.0101
28623	4	5142	1974.0101	1984.0101
26160	4	247	1974.0101	1984.0101
26331	4	11658	1974.0101	1984.0101
30622	4	35671	1974.0101	1985.0101
11358	4	2790	1974.0101	1985.0101
8961	4	35873	1974.0101	1985.0101
2567	4	2545	1974.0101	1987.0101
19120	4	10547	1974.0101	1988.0101
30459	4	10378	1974.0101	1988.0101
31186	19	31187	1974.0101	1989.0101
31187	19	31186	1974.0101	1989.0101
37059	41	947	1974.0101	1990.0101
14992	19	41388	1974.0101	1991.0101
41388	19	14992	1974.0101	1991.0101
20241	14	4522	1974.0101	1994.0101
32397	33	1940	1974.0101	1994.0101
18312	14	26236	1974.0101	2014.0101
10377	19	3818	1974.0101	2017.0
3818	19	10377	1974.0101	2017.0101
2603	41	2604	1974.0107	1975.0402
3123	15	18438	1974.0129	1974.0129
5878	15	2034	1974.0206	1974.0206
5927	7	83	1974.0212	1974.0212
14484	34	1777	1974.0214	1974.0214
8921	15	336	1974.022	1974.022
8921	15	197	1974.022	1974.022
38136	48	17950	1974.0222	1974.0222
11223	15	197	1974.0226	1974.0226
34775	116	3029	1974.0301	1974.0301
18713	41	7354	1974.0305	1979.0504
24414	41	25147	1974.0312	1979.0312
5604	15	1249	1974.0313	1974.0313
3	70	21449	1974.0314	1974.1123
28383	4	7554	1974.0316	1984.0602
4122	15	820	1974.0318	1974.0318
3158	25	34672	1974.0321	1974.0321
1808	15	2034	1974.0325	1974.0325
10813	15	2034	1974.0325	1974.0325
1248	15	1772	1974.0328	1974.0328
4289	44	2124	1974.0331	1974.0331
2810	44	15202	1974.0401	1974.0401
1355	44	11127	1974.0401	1974.0401
22897	44	40245	1974.0401	1974.0401
113	62	7989	1974.0402	1974.0527
7989	41	4592	1974.0403	1974.0527
32766	15	2257	1974.0412	1974.0412
19791	15	2034	1974.0412	1974.0412
29824	15	197	1974.0419	1974.0419
29824	15	336	1974.0419	1974.0419
630	32	5828	1974.0423	1974.0423
5828	32	630	1974.0423	1974.0423
5489	162	25328	1974.0429	1974.0429
610	25	29272	1974.0501	1974.0501
2369	25	29272	1974.0501	1974.0501
17639	48	3912	1974.0503	1974.0503
613	70	4985	1974.0507	1974.0516
2650	32	1405	1974.051	1974.051
1405	32	2650	1974.051	1974.051
10509	15	197	1974.0516	1974.0516
10509	15	336	1974.0516	1974.0516
613	70	1997	1974.0516	1982.1001
27150	32	7050	1974.0518	1974.0518
7050	32	27150	1974.0518	1974.0518
16438	41	7796	1974.0518	1977.1116
12877	41	7796	1974.0518	1991.0128
10082	41	21204	1974.0527	1976.0825
113	62	7850	1974.0527	1981.0521
4592	80	7850	1974.0527	1981.0521
7850	41	4592	1974.0527	1981.0521
420	15	197	1974.0531	1974.0531
420	15	336	1974.0531	1974.0531
3027	41	5418	1974.0603	1977.0422
235	70	3027	1974.0603	1977.062
1355	32	630	1974.0605	1974.0605
630	32	1355	1974.0605	1974.0605
9704	25	1559	1974.0628	1974.0628
9704	25	2483	1974.0628	1974.0628
9704	25	611	1974.0628	1974.0628
3921	41	6452	1974.0701	1976.0324
4984	80	4985	1974.0701	1979.063
613	62	4985	1974.0701	1979.063
4985	41	4984	1974.0701	1979.063
3197	15	336	1974.0708	1974.0708
3197	15	197	1974.0708	1974.0708
26004	117	424	1974.073	1974.073
13105	15	197	1974.0815	1974.0815
17096	15	197	1974.0824	1974.0824
39199	48	38637	1974.0826	1974.0826
20285	14	20286	1974.09	1983.0
30878	15	451	1974.0904	1974.0904
3093	15	1772	1974.0904	1974.0904
5078	25	611	1974.0912	1974.0912
30571	15	2034	1974.0913	1974.0913
15368	19	29101	1974.0915	1979.04
28053	15	336	1974.0917	1974.0917
28053	15	197	1974.0917	1974.0917
2029	25	333	1974.0917	1974.0917
7301	25	333	1974.0917	1974.0917
3123	15	6617	1974.1	1974.1
2482	25	2483	1974.1001	1974.1001
19176	41	1954	1974.1015	1977.0203
2386	25	1577	1974.1018	1974.1018
5644	15	336	1974.1025	1974.1025
5644	15	197	1974.1025	1974.1025
7301	25	1577	1974.1101	1974.1101
23659	41	17071	1974.1101	1975.1031
2789	15	197	1974.1104	1974.1104
2789	15	336	1974.1104	1974.1104
1771	15	197	1974.1104	1974.1104
1771	15	336	1974.1104	1974.1104
15858	15	6617	1974.1112	1974.1112
8675	25	1577	1974.1112	1974.1112
109	70	14409	1974.1112	1981.0525
3	70	5778	1974.1123	1976.0212
4870	15	197	1974.1126	1974.1126
8921	15	197	1974.1202	1974.1202
8500	15	197	1974.1204	1974.1204
8500	15	336	1974.1204	1974.1204
3999	15	2034	1974.1204	1974.1204
3713	27	31872	1974.1204	1974.1204
1940	1	814	1974.1208	1974.1208
11315	41	11982	1974.1215	1979.0701
2413	15	336	1974.123	1974.123
2413	15	197	1974.123	1974.123
4029	16	2491	1975.0	1975.0
4462	3	115	1975.0	1975.0
4539	16	4540	1975.0	1975.0
5119	15	4533	1975.0	1975.0
5127	15	2796	1975.0	1975.0
4879	15	6694	1975.0	1975.0
10840	15	10841	1975.0	1975.0
4347	15	1650	1975.0	1975.0
337	30	11131	1975.0	1975.0
2578	30	3946	1975.0	1975.0
2895	30	11231	1975.0	1975.0
15968	15	4740	1975.0	1975.0
16067	15	820	1975.0	1975.0
16935	16	57	1975.0	1975.0
12017	32	7104	1975.0	1975.0
21085	3	21086	1975.0	1975.0
1823	16	10772	1975.0	1975.0
8397	32	15971	1975.0	1975.0
23215	3	939	1975.0	1975.0
3569	15	3034	1975.0	1975.0
24685	3	24686	1975.0	1975.0
20950	32	988	1975.0	1975.0
25405	15	1249	1975.0	1975.0
25937	16	1487	1975.0	1975.0
2749	15	13097	1975.0	1975.0
12525	33	15169	1975.0	1975.0
27001	3	14421	1975.0	1975.0
16049	15	1249	1975.0	1975.0
27727	14	3079	1975.0	1975.0
4022	33	364	1975.0	1975.0
2351	30	8228	1975.0	1975.0
1991	16	503	1975.0	1975.0
5059	30	30652	1975.0	1975.0
4740	30	15968	1975.0	1975.0
11231	15	2895	1975.0	1975.0
4539	15	4540	1975.0	1975.0
10772	30	22920	1975.0	1975.0
15204	3	115	1975.0	1975.0
29110	15	31579	1975.0	1975.0
26272	15	1249	1975.0	1975.0
3406	17	4046	1975.0	1975.0
20148	30	17957	1975.0	1975.0
32762	25	3689	1975.0	1975.0
33325	3	6282	1975.0	1975.0
11231	16	13051	1975.0	1975.0
2293	15	5879	1975.0	1975.0
31796	25	3689	1975.0	1975.0
503	30	13990	1975.0	1975.0
15402	3	24550	1975.0	1975.0
35056	16	57	1975.0	1975.0
461	30	13940	1975.0	1975.0
8682	16	17682	1975.0	1975.0
22496	33	113	1975.0	1975.0
1465	32	27013	1975.0	1975.0
35864	16	13822	1975.0	1975.0
21511	71	856	1975.0	1975.0
29543	44	23458	1975.0	1975.0
3998	30	29777	1975.0	1975.0
13819	15	15104	1975.0	1975.0
37235	15	21827	1975.0	1975.0
3158	15	19102	1975.0	1975.0
6560	3	18136	1975.0	1975.0
22920	16	1026	1975.0	1975.0
11589	17	10087	1975.0	1975.0
10930	66	30181	1975.0	1975.0
14057	3	3535	1975.0	1975.0
37336	25	3689	1975.0	1975.0
10666	41	11517	1975.0	1975.0
8979	15	1249	1975.0	1975.0
21230	14	7712	1975.0	1975.0
7638	30	30876	1975.0	1975.0
27950	17	4046	1975.0	1975.0
8228	15	3034	1975.0	1975.0
13869	15	9992	1975.0	1975.0
39130	15	38871	1975.0	1975.0
9362	3	32697	1975.0	1975.0
3946	15	2578	1975.0	1975.0
29564	15	1650	1975.0	1975.0
30652	16	13051	1975.0	1975.0
33259	25	3689	1975.0	1975.0
35700	25	25777	1975.0	1975.0
40037	15	336	1975.0	1975.0
29685	3	939	1975.0	1975.0
17509	15	869	1975.0	1975.0
6866	38	368	1975.0	1975.0
21150	3	40485	1975.0	1975.0
15680	15	31579	1975.0	1975.0
626	32	5341	1975.0	1975.0
2716	30	12045	1975.0	1975.0
401	14	1942	1975.0	1975.0
17628	15	3422	1975.0	1975.0
4789	3	4293	1975.0	1975.0
10537	15	2034	1975.0	1975.0
11253	15	10859	1975.0	1975.0
40230	86	32585	1975.0	1975.0
40230	17	10087	1975.0	1975.0
27033	30	26377	1975.0	1975.0
21894	32	5436	1975.0	1975.0
15195	17	4046	1975.0	1975.0
12045	15	2716	1975.0	1975.0
35571	3	11217	1975.0	1975.0
23894	38	1467	1975.0	1975.0
4088	30	37220	1975.0	1975.0
2781	3	30065	1975.0	1975.0
11231	16	3243	1975.0	1975.0
3477	32	7104	1975.0	1975.0
38158	3	700	1975.0	1975.0
9992	30	13869	1975.0	1975.0
15968	15	3034	1975.0	1975.0
14334	16	3982	1975.0	1975.0
26216	30	19234	1975.0	1975.0
17957	15	20148	1975.0	1975.0
35690	3	1017	1975.0	1975.0
2180	3	1317	1975.0	1975.0
18231	16	1487	1975.0	1975.0
10930	66	7629	1975.0	1975.0
13412	30	7051	1975.0	1975.0
20917	15	14980	1975.0	1975.0
15496	3	27361	1975.0	1975.0
31566	3	3307	1975.0	1975.0
11655	15	15736	1975.0	1975.0
228	16	3982	1975.0	1975.0
1019	30	12817	1975.0	1975.0
11231	15	3243	1975.0	1975.0
13300	15	869	1975.0	1975.0
3422	30	17628	1975.0	1975.0
12824	15	26343	1975.0	1975.0
11231	16	2895	1975.0	1975.0
4570	30	2936	1975.0	1975.0
24721	3	41995	1975.0	1975.0
22062	3	13709	1975.0	1975.0
21946	15	19027	1975.0	1975.0
37570	3	28137	1975.0	1975.0
27847	15	36265	1975.0	1975.0
13421	3	35681	1975.0	1975.0
28849	15	8277	1975.0	1975.0
34671	3	3498	1975.0	1975.0
15434	38	4222	1975.0	1975.0
4131	30	26186	1975.0	1975.0
28860	3	36280	1975.0	1975.0
29947	16	10772	1975.0	1975.0
8716	32	12053	1975.0	1975.0
15200	16	1487	1975.0	1975.0
3118	30	30652	1975.0	1975.0
8228	15	2351	1975.0	1975.0
12053	32	8716	1975.0	1975.0
40249	15	14495	1975.0	1975.0
29564	25	142	1975.0	1975.0
31869	15	12381	1975.0	1975.0
15376	4	22953	1975.0	1975.0
29324	16	57	1975.0	1975.0
28190	30	7726	1975.0	1975.0
1158	15	28397	1975.0	1975.0
4532	15	4533	1975.0	1975.0
6560	33	596	1975.0	1975.0
35670	41	4912	1975.0	1975.0
5528	17	728	1975.0	1975.0
24049	15	31111	1975.0	1975.0
7899	15	20001	1975.0	1975.0
27727	41	2819	1975.0	1975.0
3243	30	11231	1975.0	1975.0
6148	38	368	1975.0	1975.0
9562	3	2078	1975.0	1975.0
9251	15	2491	1975.0	1975.0
2979	16	2980	1975.0	1975.0
16032	16	1487	1975.0	1975.0
4635	78	24412	1975.0	1975.0
39530	16	22385	1975.0	1975.0
3993	30	24083	1975.0	1975.0
17598	71	2157	1975.0	1975.0
20637	25	142	1975.0	1975.0
28112	16	2491	1975.0	1975.0
1524	32	7104	1975.0	1975.0
15243	16	10772	1975.0	1975.0
4325	32	20868	1975.0	1975.0
34259	3	14438	1975.0	1975.0
20001	30	7899	1975.0	1975.0
9034	30	22898	1975.0	1975.0
750	3	939	1975.0	1975.0
4879	15	19427	1975.0	1975.0
5172	15	1772	1975.0	1975.0
5830	15	6617	1975.0	1975.0
25706	3	25131	1975.0	1975.0
1213	30	20425	1975.0	1975.0
5604	14	1942	1975.0	1975.0
19358	16	10772	1975.0	1975.0
27871	15	3982	1975.0	1975.0
20009	3	23242	1975.0	1975.0
2902	30	23839	1975.0	1975.0
3920	25	25777	1975.0	1975.0
16045	3	1942	1975.0	1975.0
40373	15	3470	1975.0	1975.0
2902	30	9173	1975.0	1975.0
39432	15	4142	1975.0	1975.0
17628	16	3422	1975.0	1975.0
42510	38	779	1975.0	1975.0
2178	30	31807	1975.0	1975.0
18829	3	23328	1975.0	1975.0
2390	32	16593	1975.0	1975.0
40476	3	4248	1975.0	1975.0
20117	3	6944	1975.0	1975.0
37220	15	4088	1975.0	1975.0
11149	14	5177	1975.0	1975.0
29777	15	3998	1975.0	1975.0
38732	3	38672	1975.0	1975.0
3304	30	17640	1975.0	1975.0
27860	3	472	1975.0	1975.0
27761	3	5565	1975.0	1975.0
5029	3	32262	1975.0	1975.0
31423	33	140	1975.0	1975.0
9079	25	3689	1975.0	1975.0
12812	3	2260	1975.0	1975.0
17490	25	3689	1975.0	1975.0
36138	15	14446	1975.0	1975.0
30652	15	3118	1975.0	1975.0
15425	3	29235	1975.0	1975.0
262	32	16701	1975.0	1975.0
30652	16	5059	1975.0	1975.0
30652	16	3118	1975.0	1975.0
25880	15	1489	1975.0	1975.0
13737	3	41719	1975.0	1975.0
30652	16	40852	1975.0	1975.0
2231	30	4320	1975.0	1975.0
30652	15	5059	1975.0	1975.0
22920	15	10772	1975.0	1975.0
22920	16	10772	1975.0	1975.0
9303	18	482	1975.0	1976.0
19220	3	9278	1975.0	1976.0
19462	4	12893	1975.0	1976.0
34303	4	35952	1975.0	1976.0
15376	4	16818	1975.0	1976.0
23215	14	10200	1975.0	1976.0
36026	14	5613	1975.0	1976.0
13582	14	22155	1975.0	1976.0
39221	4	21049	1975.0	1976.0
27001	14	939	1975.0	1976.0
8684	41	1092	1975.0	1977.0
26046	3	9693	1975.0	1977.0
19200	3	27440	1975.0	1977.0
4507	41	1339	1975.0	1977.0
9595	4	2606	1975.0	1977.0
9846	4	1305	1975.0	1977.0
9466	3	756	1975.0	1977.0
22741	4	1910	1975.0	1977.0
33975	41	3698	1975.0	1977.0
33801	4	12182	1975.0	1977.0
35818	17	9308	1975.0	1978.0
28227	14	16600	1975.0	1978.0
12316	46	9603	1975.0	1978.0
27015	14	40867	1975.0	1978.0
5854	41	3698	1975.0	1978.0
20930	9	40853	1975.0	1978.0
28315	14	16950	1975.0	1979.0
13737	14	41719	1975.0	1979.0
28344	14	21091	1975.0	1979.0
39081	3	9316	1975.0	1979.0
33572	46	4793	1975.0	1979.0
3122	3	20539	1975.0	1979.0
20426	3	16748	1975.0	1979.0
