7	26	127049	34	0
80672	26	124608	38	967
18073	28	45	42	879
67823	8	163561	43	0
21747	28	193	46	919
108096	28	20827	47	848
19463	28	343	47	853
65697	28	72	48	48
10565	28	38	48	48
94449	28	9014	48	854
94449	28	149	48	857
95017	28	49	48	860
94674	28	42	49	866
112898	28	68	49	867
94674	28	48784	49	869
63430	28	77	49	869
44565	28	72506	50	0
44565	28	1234	50	0
8270	28	1015	50	0
94674	28	12667	50	0
94919	28	2776	50	878
104112	28	45396	50	879
61649	28	806	50	881
68927	28	265	50	882
24472	28	65	50	882
100565	28	120	50	883
30213	28	2625	50	883
6000	28	1805	51	0
33463	28	828	51	887
35509	28	33	51	888
87202	28	118	51	889
70867	28	2454	51	889
70867	28	552	51	890
35509	28	2625	51	890
30213	28	77	51	892
3732	28	1697	51	892
30213	28	33163	51	898
6000	28	52	52	0
119502	28	612	52	52
65310	28	1778	53	53
65310	28	1478	53	53
65310	28	1772	53	892
85337	28	93810	53	903
65310	28	3554	53	905
13567	28	2409	53	908
92505	28	714	53	909
22469	28	44493	53	911
11392	28	3119	53	913
94816	28	704	54	54
77141	28	82	54	911
77141	28	1483	54	917
94816	28	3269	54	917
72458	28	1195	54	918
108145	28	33	54	920
18570	28	3331	54	921
35025	28	1340	54	922
79612	28	21182	54	923
127	27	3816	54	950
19755	28	4726	55	55
108145	28	806	55	925
83252	28	1483	55	926
12293	28	3928	55	927
4223	28	1349	55	929
29857	28	4412	55	933
19755	28	7953	55	933
94074	28	48	55	933
72713	28	44	55	934
4223	28	12013	55	934
69895	28	2627	55	934
93219	28	559	56	56
33173	28	704	56	56
13459	28	3405	56	56
93219	28	109	56	934
15399	28	41	56	935
102296	28	2174	56	938
72713	28	969	56	939
34878	28	1617	56	939
72713	28	23103	56	939
6063	28	2468	56	939
21475	28	6938	56	940
72713	28	40525	56	941
73457	28	48	56	941
8705	28	629	56	942
21475	28	433	56	943
10476	28	551	56	943
17683	28	712	57	0
5414	28	717	57	0
11214	28	51	57	57
8131	28	3456	57	57
96792	28	7525	57	57
22677	28	1354	57	57
8131	28	2625	57	57
54251	28	1026	57	57
96792	28	1675	57	57
96792	28	735	57	57
93219	28	221	57	944
71960	28	1483	57	947
131075	28	139	57	947
93219	28	283	57	947
71503	28	445	57	947
6526	28	219	57	948
20415	28	750	57	948
8131	28	168	57	948
54251	28	1742	57	948
6444	28	42	57	948
47778	28	236	57	949
30054	28	236	57	949
11061	28	236	57	949
6521	28	63	57	950
30061	28	558	57	951
21811	28	236	57	951
6636	28	36	57	952
7955	28	2418	57	952
66749	28	337	57	952
10310	28	2122	57	953
5382	28	3671	57	954
66749	28	558	57	954
21091	28	230	57	954
72392	28	956	57	954
8131	28	1374	57	955
15548	28	1668	57	955
92640	28	330	57	956
19453	28	236	57	957
57219	28	45	57	958
42091	28	6143	58	0
42091	28	20481	58	0
52362	28	2702	58	0
12322	23	144986	58	0
86788	28	20	58	0
12319	28	1158	58	0
57618	28	2772	58	58
48674	28	55	58	956
13443	28	49	58	956
13459	28	5796	58	956
58096	28	2223	58	957
29653	28	2642	58	957
10250	28	10913	58	958
51245	28	1572	58	958
95059	28	7098	58	958
57618	28	1813	58	959
22100	28	100	58	959
37406	28	10376	58	960
50750	28	202	58	960
67496	28	13676	58	961
40682	28	723	58	961
69341	28	132	58	961
19122	28	57	58	961
27599	28	174	58	961
57618	28	1389	58	962
10096	28	2166	58	962
30175	28	395	58	962
62383	28	3016	58	963
48674	28	100	58	963
26310	28	1488	58	963
57618	28	1514	58	964
111677	28	1013	58	965
48674	28	421	58	966
97143	28	192	59	964
4222	28	11974	59	965
12571	28	1819	59	967
80706	6	59	63	0
41242	28	460	65	901
92445	14	13	69	951
67127	1	168145	83	0
67127	1	179931	83	0
122764	1	181115	83	0
18070	23	96125	86	0
15257	28	27	95	958
71968	14	130	104	955
36860	23	43187	111	113
36860	23	153683	112	113
85459	23	154869	132	145
184076	14	4374	178	939
88734	28	7901	182	967
49294	23	59290	183	189
101423	1	81202	235	0
43930	23	28901	311	0
49127	23	59215	357	364
49127	23	22670	366	368
48786	23	50729	389	400
29051	21	26164	397	536
78280	1	144278	408	0
95671	23	125339	420	430
19478	1	144278	424	0
111726	23	28304	481	502
51217	23	62656	493	0
51217	23	69419	494	0
16115	23	67157	517	0
16115	23	67781	531	0
16115	23	119557	538	0
140913	6	10298	555	0
102584	27	10393	559	578
77391	27	10393	573	575
4069	27	77539	577	662
4069	27	10393	580	0
78729	27	10393	585	0
6522	27	10393	590	0
63146	14	4617	637	0
35099	28	289	653	924
3007	27	77539	662	738
52547	27	7703	663	0
50644	23	68321	663	733
2279	27	7703	665	0
3279	27	7703	670	0
102934	23	182027	671	0
140679	1	148054	672	702
52119	23	124469	686	698
149442	14	782	694	0
146053	14	782	698	0
121295	14	782	700	0
123690	14	782	704	0
302	27	4771	712	0
84996	27	4771	712	0
71890	30	4552	713	0
144160	14	782	714	0
179511	14	4972	716	0
23128	27	4771	717	0
730	27	4771	717	0
163147	14	782	721	0
126696	14	782	724	0
150930	14	4617	726	0
164501	14	978	731	0
121936	14	4972	733	0
81447	14	782	733	0
106739	6	1798	734	0
184752	14	4972	734	0
31698	23	75668	735	743
62963	14	782	736	0
85948	14	782	738	0
71890	30	70086	739	0
83136	14	782	739	0
101070	14	782	740	0
101368	6	1586	742	0
138760	14	782	742	0
112965	14	4972	743	764
120050	14	4972	745	754
148217	14	4972	745	761
75501	23	116707	746	758
86823	14	782	747	0
132009	14	4972	748	0
131073	14	4972	748	749
71867	28	168	748	931
105814	14	782	749	0
89028	14	4972	749	0
133903	14	782	750	0
119123	14	4972	750	0
115419	6	270	750	0
31698	23	86816	752	771
77212	6	2953	754	0
86823	14	2417	755	0
155318	14	782	756	0
107764	14	782	757	0
97862	14	34731	758	0
122690	14	2417	759	0
110964	6	1637	761	0
144360	14	8589	761	0
112307	14	782	763	0
43855	23	32580	763	769
133181	14	4972	764	0
120050	14	17104	764	0
131073	14	17104	764	0
119123	14	17104	764	0
148217	14	17104	764	770
8457	14	34731	765	0
119190	14	2417	765	0
172553	6	4816	765	768
39727	14	34731	766	0
77641	23	31691	767	860
112686	6	1586	768	0
89028	14	17104	768	0
112636	14	3401	769	0
89028	14	1425	769	0
89028	14	8589	769	0
42325	14	782	769	0
125050	14	3401	769	0
108352	14	3401	769	0
136279	14	3401	769	0
57593	14	782	770	0
138182	6	3757	771	0
30930	14	2417	771	0
91659	23	91391	771	772
43855	23	15053	771	790
102927	14	782	772	0
59525	14	34731	772	0
57593	14	2417	773	0
62347	14	74747	774	782
72362	16	97542	775	0
77212	14	782	775	0
30230	14	782	776	0
110405	14	782	777	0
59525	14	782	778	0
89253	14	2417	779	0
121377	16	8	779	0
77915	14	782	780	0
17260	6	4785	780	0
95647	14	444	781	0
42325	14	444	781	794
74602	30	2679	781	805
76770	14	444	782	0
109807	14	782	782	0
30930	14	444	782	0
121881	14	1126	783	0
107764	14	444	783	0
79311	6	284	783	0
65066	6	5390	784	0
53349	14	444	784	0
84651	14	444	784	0
39727	14	1126	784	796
57593	14	444	785	0
104656	14	444	785	0
89028	14	7541	785	0
49977	14	782	786	0
166584	14	1343	786	0
2832	23	145317	786	792
168051	14	3483	787	0
63206	14	2417	787	0
94454	14	1343	788	0
49977	14	34731	789	0
18979	14	444	789	0
67838	14	444	790	0
117328	14	1343	790	0
161496	14	4617	791	0
33674	14	1343	791	0
58319	14	3483	791	0
30230	14	444	791	795
34866	27	77539	791	801
41717	23	3015	791	813
64527	14	444	792	0
63206	14	782	792	0
45157	14	1343	793	0
133188	14	444	793	0
45320	14	2417	793	0
8457	14	782	793	0
93948	14	444	793	805
3234	23	134895	794	0
107318	14	34731	794	0
91676	14	1343	794	0
67544	14	2417	795	0
82515	14	782	795	0
69973	14	444	795	798
55906	1	168282	795	872
123988	14	1343	796	0
160074	6	15362	796	799
63206	6	285	797	0
133188	14	2417	797	0
63206	14	444	797	0
151382	14	444	797	0
148224	6	4653	797	0
63943	23	10704	797	820
100568	14	1343	798	0
45320	14	444	798	0
162120	14	237	799	0
105985	16	650	799	0
75258	14	34731	799	0
89194	6	3736	799	0
65066	14	782	799	0
28291	14	4523	799	0
66320	14	3483	799	806
105985	16	8	799	842
49977	14	444	800	0
95919	6	1586	800	0
45157	14	444	801	0
103011	14	1343	802	0
126136	14	444	802	0
85509	14	4617	803	0
110405	14	1343	803	0
54102	14	2417	803	0
39280	14	3483	804	0
83507	14	1880	804	0
117328	14	444	804	0
123308	14	782	804	0
111758	14	444	804	0
146402	14	2005	805	0
100057	14	782	805	0
131758	14	444	806	0
71019	16	650	806	0
45157	14	782	806	0
73383	16	650	806	808
90306	16	8	806	808
104771	14	444	807	0
8696	14	444	807	0
74904	14	2417	807	0
15781	14	782	807	0
65393	6	284	808	0
3234	14	444	808	0
82434	16	72282	808	0
129313	14	444	808	0
71019	16	8	808	840
9130	14	444	809	0
47745	14	23980	809	0
96470	14	4617	809	0
147702	14	2417	809	0
98182	16	650	809	809
92739	23	126864	809	825
121377	16	9	809	846
52311	16	9	809	848
72808	14	782	810	0
82316	16	650	810	0
112642	16	650	810	0
100174	14	444	810	0
73383	16	8	810	838
104552	14	782	811	0
122491	16	650	811	0
122491	16	8	811	0
102752	14	94	811	0
82120	16	8	811	0
86837	14	1343	811	0
115942	14	444	811	0
13521	14	444	811	0
23406	14	2417	811	847
43818	16	9	811	856
153140	14	1343	812	0
47745	14	5310	812	0
102752	14	3956	813	0
92489	16	8	813	0
18979	14	782	813	0
122193	14	1343	813	0
3234	14	1343	814	0
158438	14	1126	814	0
160361	14	2005	814	0
28291	14	444	814	0
125001	14	444	814	0
37886	16	838	814	853
7359	23	17460	814	861
47745	14	2417	815	0
83017	16	650	815	0
82316	16	8	815	854
144682	14	94	816	0
30412	14	444	816	0
152713	6	4785	816	0
6574	27	77539	816	820
83017	16	8	816	820
112642	16	8	816	837
76757	14	444	817	0
93948	14	782	817	0
59724	23	56940	817	833
126661	23	94316	817	846
87276	6	2256	818	0
166834	14	444	818	0
94454	14	782	818	0
107223	6	1637	818	821
123308	14	1343	819	0
114038	14	2005	819	0
3234	14	782	819	0
154236	14	2797	819	0
129313	14	2417	819	0
66018	14	782	820	0
77607	14	1343	820	0
72679	16	9	820	831
39807	14	23980	820	837
18979	14	1343	821	0
21280	14	782	821	0
67190	14	2797	821	0
37042	14	444	821	0
92489	16	9	821	824
86837	14	444	822	0
70490	6	284	822	0
69973	14	2797	822	0
180712	14	1343	822	0
157759	14	2797	823	0
43499	14	444	823	0
98116	14	444	823	0
53521	14	2417	823	0
139447	14	21317	823	0
69973	14	782	823	0
5110	14	2797	824	0
120599	16	650	824	0
54102	14	782	824	0
95891	14	1343	824	0
77326	14	444	824	0
114413	23	133226	824	911
104771	14	782	825	0
166290	14	2797	825	0
77607	14	444	825	0
115403	14	444	825	0
92913	6	3273	825	0
152894	14	1343	825	0
159040	28	87061	825	829
81524	14	782	826	0
72406	14	444	826	0
74203	14	444	826	0
113047	28	53227	826	835
61856	6	1798	827	0
122042	14	2417	827	0
114208	14	2797	827	0
23991	14	782	827	0
61123	28	14	827	829
86452	28	76	827	837
95774	14	2797	828	0
82950	28	29	828	0
40008	6	2799	828	0
121673	14	4617	828	834
86452	28	29	828	835
26137	1	7349	828	894
95891	14	444	829	0
61856	6	874	829	0
78149	6	1838	829	0
141996	14	2417	829	0
129501	6	57303	829	0
23406	14	782	829	0
144114	14	1343	829	0
82935	14	18354	829	0
94422	14	2797	829	0
101358	6	1109	830	0
98674	14	2417	830	0
142416	6	1586	830	0
9130	14	782	830	0
150049	6	59291	830	0
48465	28	15772	830	839
8696	14	1343	831	0
100746	14	3463	831	0
145138	6	284	831	0
39353	30	1187	831	0
73891	6	2646	831	0
61856	6	59	831	0
49977	14	2797	831	0
43431	14	782	831	0
187529	14	444	831	0
72679	16	8	831	850
114225	28	14	832	0
91103	14	444	832	0
5539	14	2188	832	0
144114	14	444	832	0
126787	14	3348	832	0
58672	14	2797	832	0
91676	14	24216	832	0
78977	28	14	832	0
13110	14	6866	832	0
67334	28	2471	832	0
67334	28	12765	832	836
48465	28	14	832	837
98162	14	782	833	0
82467	14	2188	833	0
45157	14	15889	833	0
94173	6	4367	833	0
74203	14	3348	833	0
113047	28	14	833	834
67334	28	53282	833	840
48465	28	48	833	843
98373	28	14	834	0
158413	28	14	834	0
13521	14	2797	834	0
142038	28	14	834	0
125001	14	15889	834	0
82247	28	14	834	0
109998	28	14	834	0
147765	14	24596	834	0
24125	28	2759	834	837
80350	6	59	834	844
100746	14	43069	835	0
62798	14	23980	835	0
8696	14	15889	835	0
37042	14	2417	835	0
109725	14	444	835	0
128731	14	3348	835	0
104771	14	2797	835	0
129562	14	1343	835	0
30412	14	782	835	0
125888	28	14	835	840
51003	28	29	835	841
26389	14	43240	835	856
104892	14	18354	836	0
107798	14	444	836	0
121926	14	15889	836	0
9130	14	2797	836	0
39408	28	502	836	844
12872	23	20816	836	876
91838	23	97004	836	922
23406	14	2797	837	0
83209	14	444	837	0
60634	14	2188	837	0
108713	28	14	837	0
28291	14	782	837	0
149176	28	14	837	0
150420	28	14	837	0
129938	14	2417	837	0
49736	28	53282	837	838
52016	28	85195	837	838
150420	28	87061	837	840
96145	14	1343	838	0
71358	6	823	838	0
42158	14	2188	838	0
67334	28	14	838	0
13521	14	782	838	0
49736	28	12765	838	0
103439	14	15889	838	0
49736	28	14	838	0
59775	28	12765	838	839
51942	28	33364	838	840
33618	28	751	838	841
22108	28	15555	838	843
53454	28	14	838	847
93235	28	77	838	847
59997	28	31	838	851
125268	14	2797	839	0
99898	14	3348	839	0
142416	16	9	839	0
110903	14	3201	839	0
68977	14	444	839	0
154611	6	1798	839	0
59997	28	53	839	841
132161	28	29	839	842
52016	28	12765	839	842
24125	28	3953	839	843
60435	28	65	839	843
59775	28	3953	839	844
82680	28	14	839	846
70329	28	66	839	846
52016	28	3953	839	848
54676	28	100	839	932
74203	14	1343	840	0
17341	14	782	840	0
33823	28	29	840	0
75242	28	87061	840	0
174112	28	29	840	0
51942	28	51	840	0
121866	14	18354	840	0
105126	14	2188	840	0
30401	14	15889	840	0
136576	14	3348	840	0
48360	28	139	840	841
59775	28	14	840	841
128850	28	77	840	842
82680	28	69	840	843
95530	28	169	840	843
100060	27	41978	840	844
19596	28	69	840	844
32143	28	1110	840	844
60435	28	3953	840	844
75242	28	14	840	845
75970	28	31	840	845
93235	28	14	840	845
52016	28	14	840	845
44099	28	31	840	846
14938	28	16	840	846
75242	28	3953	840	847
24125	28	247	840	847
52827	28	3953	840	848
22578	28	29	840	853
66038	23	69578	840	858
33618	28	55	841	0
51003	28	76	841	0
45433	14	444	841	0
37588	14	782	841	0
128599	14	2188	841	0
131577	28	14	841	0
182426	28	29	841	0
60435	28	14	841	0
97445	14	18354	841	0
36751	14	444	841	0
99586	28	14	841	0
51003	28	750	841	0
105710	28	80	841	842
128416	28	53	841	842
24125	28	69356	841	842
22578	28	15555	841	843
48360	28	69	841	843
32378	30	2021	841	844
52457	28	2232	841	844
82902	28	247	841	845
81017	28	22	841	845
52827	28	14	841	846
99586	28	3953	841	846
33618	28	16	841	846
82902	28	20	841	847
53114	28	55	841	847
53454	28	3953	841	847
2345	23	117241	841	894
29709	28	1818	842	0
30412	14	4523	842	0
30401	14	782	842	0
92748	14	444	842	0
75970	28	14	842	0
126787	14	15889	842	0
128416	28	61	842	0
32378	30	284	842	0
154611	6	874	842	0
7734	28	51	842	843
105710	28	20	842	843
14493	28	69	842	843
105710	28	559	842	843
44219	28	107	842	843
77143	28	169	842	844
34106	28	750	842	844
24125	28	69	842	844
51942	28	14	842	845
60470	28	3953	842	845
21305	28	559	842	846
83041	28	31	842	848
128850	28	247	842	854
128850	28	69	842	854
32143	28	29	842	858
13110	14	94	842	876
10140	14	2797	843	0
22108	28	66	843	0
54035	14	2188	843	0
57240	28	20	843	0
103439	14	444	843	0
76828	14	4611	843	0
22108	28	29	843	0
30401	14	2922	843	0
33823	28	15555	843	0
108096	28	77	843	0
45157	14	2922	843	0
8696	14	782	843	0
17989	28	66	843	0
83065	28	33364	843	844
102227	28	6896	843	844
14493	28	55	843	844
102227	28	51	843	844
34106	28	29	843	844
24186	28	31	843	844
93603	28	102	843	844
81942	28	14	843	845
95530	28	29	843	845
81942	28	69	843	845
95530	28	101	843	845
33823	28	77	843	846
132161	28	51	843	848
45094	28	51	843	848
60470	28	61	843	848
24737	28	16	843	850
22578	28	50	843	851
82680	28	33	843	851
29709	28	101	843	852
26500	28	50	843	852
19596	28	14	843	853
57240	28	77	843	853
7734	28	50	843	854
57240	28	247	843	855
64177	28	5782	843	856
37716	23	138504	843	896
39408	28	29	844	0
72281	16	72282	844	0
17989	28	31	844	0
50887	14	2922	844	0
44219	28	61	844	0
143064	14	2258	844	0
17989	28	332	844	0
83065	28	51	844	0
24186	28	53	844	0
93603	28	49	844	0
98116	14	782	844	0
54801	14	2188	844	0
52457	28	1750	844	845
52457	28	1165	844	845
140321	28	102	844	845
48465	28	23	844	845
84279	28	257	844	845
33466	28	102	844	845
108096	28	168	844	845
97380	28	33	844	845
24186	28	47	844	845
94554	28	50	844	845
154744	28	55	844	845
32143	28	51	844	845
93603	28	50	844	846
38439	28	257	844	846
22108	28	50	844	846
111049	28	22	844	846
110916	28	23	844	846
22578	28	69	844	846
47215	28	33	844	847
59997	28	14	844	847
45094	28	14	844	847
42947	28	1043	844	847
60470	28	14	844	847
85496	28	77	844	848
16233	28	61	844	848
108096	28	247	844	849
44219	28	50	844	850
80420	28	50	844	850
34106	28	51	844	852
39408	28	61	844	855
18183	28	85	844	855
19596	28	47	844	855
22959	28	77	844	857
14493	28	47	844	858
157371	28	29	845	0
112700	14	444	845	0
54801	14	2797	845	0
43499	14	14397	845	0
31689	28	343	845	0
83065	28	61	845	0
44351	14	2417	845	0
97540	14	2258	845	0
8696	14	2922	845	0
38431	6	1941	845	0
63155	14	782	845	0
84279	28	69	845	846
52457	28	98	845	846
44219	28	14	845	846
105710	28	23	845	846
17989	28	69	845	846
128416	28	65	845	846
119519	28	33364	845	846
18183	28	53	845	846
33466	28	7095	845	846
24186	28	20	845	846
77143	28	31	845	847
93747	28	199	845	847
71344	28	1223	845	848
22671	28	750	845	848
71119	28	15555	845	848
95530	28	66	845	848
33011	28	29	845	849
93747	28	69	845	850
40042	28	20	845	850
31312	28	102	845	850
75907	28	150	845	851
92384	16	3944	845	851
41677	28	23	845	853
32143	28	49	845	859
102663	6	79047	845	862
75021	16	838	845	871
83041	28	14	846	0
75311	28	29	846	0
75844	28	14	846	0
122336	16	1419	846	0
127354	28	22	846	0
83065	28	31997	846	0
33618	28	66	846	0
111049	28	102	846	0
74457	14	18354	846	0
70329	28	14	846	0
178512	14	4617	846	0
90035	14	782	846	0
70329	28	100	846	0
75844	28	50	846	0
22920	28	800	846	0
91103	14	2797	846	0
33823	28	3178	846	847
44099	28	20	846	847
127354	28	57	846	847
93603	28	101	846	847
146548	28	69	846	847
14938	28	33	846	847
22920	28	51	846	847
119975	28	6896	846	847
25172	28	33	846	848
35691	28	139	846	848
130729	28	102	846	848
111049	28	86	846	848
52457	28	66	846	849
179887	28	53	846	849
13904	28	22	846	849
84279	28	23	846	849
42653	28	55	846	850
42010	28	53	846	850
17989	28	23	846	850
11954	28	69	846	850
24682	28	962	846	850
24186	28	19	846	851
7734	28	14	846	852
26500	28	14	846	852
38439	28	66	846	852
80420	28	247	846	853
94554	28	23	846	853
119519	28	69	846	854
81300	28	31	846	854
21305	28	48	846	858
106849	28	23	846	864
123800	23	112522	846	881
22578	28	52	847	0
43499	14	2922	847	0
30401	14	14397	847	0
91204	14	34731	847	0
82341	14	2417	847	0
32378	30	497	847	0
117591	28	55	847	0
33823	28	65	847	0
94902	28	247	847	0
83625	14	444	847	0
28915	14	1343	847	0
37850	14	782	847	0
127336	28	33	847	0
68977	14	1126	847	0
80432	28	55	847	0
13904	28	20827	847	848
119975	28	33364	847	848
90869	28	31	847	848
77143	28	101	847	848
117591	28	67	847	848
42947	28	23	847	848
127471	28	51	847	848
110916	28	559	847	848
93235	28	347	847	848
53114	28	20	847	848
97380	28	31997	847	848
14938	28	55	847	849
75609	28	67	847	849
18183	28	31	847	849
102227	28	52	847	849
74404	28	67	847	849
47215	28	22	847	849
127354	28	23	847	849
38469	28	346	847	850
141104	28	31	847	850
22108	28	52	847	850
81300	28	14	847	850
25172	28	14	847	851
22920	28	20	847	852
24737	28	247	847	853
93603	28	48	847	854
154400	28	50	847	856
71119	28	48	848	0
74635	28	14	848	0
29709	28	29	848	0
33618	28	14	848	0
31267	14	2188	848	0
126041	6	4447	848	0
77504	14	7541	848	0
34630	28	1223	848	0
89925	14	444	848	0
76299	6	367	848	0
81084	14	4611	848	0
110916	28	78	848	0
76186	23	43863	848	0
80432	28	6896	848	0
60470	28	65	848	0
77489	16	80162	848	0
38431	6	823	848	0
74904	14	782	848	0
83065	28	6896	848	0
5850	14	4523	848	0
97380	28	22	848	849
10565	28	250	848	849
90869	28	53	848	849
45094	28	50	848	849
146548	28	47	848	849
95530	28	55	848	849
80432	28	91	848	849
44099	28	337	848	849
35691	28	43	848	849
98722	28	49	848	849
7289	28	1110	848	849
13904	28	2045	848	849
45620	28	67	848	850
71344	28	23	848	850
41639	28	33	848	850
94279	28	101	848	850
111049	28	27	848	850
45610	28	53	848	851
110679	28	247	848	851
110679	28	50	848	851
73119	28	199	848	851
36669	28	1110	848	851
20538	28	153	848	851
22671	28	50	848	852
45054	28	31	848	852
21513	28	16	848	852
110916	28	80	848	852
55536	28	107	848	853
34630	28	20	848	853
21305	28	14	848	853
36407	28	66	848	856
22959	28	14	848	858
56224	16	4894	848	867
127471	28	31	848	889
23511	14	444	849	0
145186	14	444	849	0
102227	28	28	849	0
13904	28	92	849	0
79828	14	2417	849	0
119975	28	29	849	0
30577	14	2922	849	0
105304	14	3348	849	0
47215	28	47506	849	0
35691	28	1977	849	0
25172	28	55	849	0
65908	14	77199	849	0
17296	28	47	849	0
44099	28	19	849	0
48360	28	23	849	850
75311	28	1818	849	850
13904	28	36	849	850
10565	28	53	849	850
7289	28	199	849	850
112887	28	102	849	850
68567	28	33	849	850
85496	28	43	849	850
77143	28	274	849	850
29507	28	24455	849	850
20538	28	29	849	850
7289	28	153	849	850
44006	28	77	849	850
52457	28	31997	849	850
94902	28	102	849	850
130729	28	27	849	850
47441	28	31	849	850
84279	28	52	849	850
98722	28	31	849	851
45054	28	53	849	851
23786	28	61	849	851
59474	28	14	849	851
16233	28	29	849	851
82013	28	139	849	851
34693	28	24455	849	851
18183	28	24455	849	851
53313	28	100	849	851
35691	28	66	849	851
46039	28	69	849	852
75609	28	61	849	852
74404	28	559	849	852
127336	28	27	849	853
33466	28	14	849	857
106849	28	14	849	857
33627	28	16	849	857
51609	28	23	849	860
53682	28	48	849	863
132310	16	226	849	886
104394	6	7858	850	0
141104	28	19	850	0
141160	14	2797	850	0
17460	23	7359	850	0
23406	14	24216	850	0
140321	28	29	850	0
38431	6	2266	850	0
77143	28	19	850	0
127471	28	29	850	0
18793	28	27	850	0
90869	28	81	850	0
77143	28	52	850	0
40008	14	2188	850	0
17989	28	153	850	0
75311	28	52	850	0
104892	14	1343	850	0
78816	14	24596	850	0
24737	28	22	850	851
25172	28	47	850	851
8736	28	750	850	851
42653	28	22	850	851
94902	28	23	850	851
75311	28	12107	850	851
44219	28	52	850	851
10565	28	150	850	851
38843	28	153	850	851
13174	28	1374	850	851
45620	28	50	850	851
14938	28	24455	850	851
94279	28	102	850	851
72385	16	9	850	852
31312	28	50	850	852
52457	28	61	850	852
11954	28	14	850	852
85496	28	557	850	852
41029	28	24455	850	852
87532	28	47506	850	852
90869	28	67	850	852
68567	28	47506	850	852
17555	28	24455	850	852
71344	28	19	850	852
22108	28	3906	850	852
14331	28	31997	850	852
84279	28	78	850	852
130446	6	23340	850	852
33906	28	134	850	853
40042	28	92	850	853
13318	28	50	850	853
88833	28	100	850	853
112887	28	107	850	853
60601	6	1989	850	853
14938	28	100	850	853
11954	28	52	850	853
70832	28	86510	850	853
41677	28	14	850	854
80420	28	5009	850	854
71119	28	29	850	855
38469	28	52	850	855
93747	28	29	850	856
7289	28	31	850	856
24682	28	77	850	856
76139	28	80	850	856
42010	28	33	850	858
33466	28	55	850	859
53682	28	14	850	859
47441	28	27	850	861
29709	28	19	851	0
48218	28	31	851	0
102200	14	3899	851	0
88100	28	28	851	0
9590	28	20	851	0
12144	14	2417	851	0
59474	28	16	851	0
104892	14	444	851	0
87460	14	782	851	0
102663	6	7809	851	0
46925	14	1343	851	0
71063	28	2625	851	0
75500	14	3348	851	0
80432	28	86	851	0
154744	28	29	851	0
17989	28	91	851	0
93412	28	346	851	0
46252	28	28	851	852
14938	28	61	851	852
31328	28	50	851	852
35691	28	81	851	852
102518	28	19	851	852
94902	28	67	851	852
26733	28	91	851	852
27902	28	66	851	852
12454	28	50	851	852
98722	28	29	851	852
75311	28	182208	851	852
24737	28	20	851	852
88311	28	67	851	852
73119	28	52	851	852
25172	28	61	851	852
75940	28	27	851	852
76721	28	61	851	853
83236	28	16	851	853
34693	28	65	851	853
93747	28	101	851	853
31891	28	559	851	853
13903	28	169	851	853
80432	28	87	851	853
22578	28	153	851	853
98722	28	76	851	853
42653	28	16	851	853
53313	28	66	851	853
23786	28	65	851	853
55375	16	870	851	854
22192	28	102	851	854
45620	28	66	851	854
74478	28	65	851	854
42947	28	559	851	854
40674	28	100	851	854
18183	28	20	851	854
14142	28	22	851	854
71063	28	61	851	854
44006	28	91	851	854
33441	28	51	851	855
20538	28	20	851	855
41639	28	27	851	855
93412	28	49	851	855
8736	28	199	851	855
10565	28	19	851	855
29507	28	66	851	856
82013	28	23	851	856
40754	28	3640	851	857
36669	28	199	851	858
75907	28	20	851	858
32789	28	23	851	860
92384	16	870	851	861
45610	28	33	851	862
52652	28	247	851	867
59073	28	51	851	875
52652	28	2759	852	0
73209	28	45	852	0
12144	14	2258	852	0
103438	14	2005	852	0
72345	14	444	852	0
90610	6	56996	852	0
90653	6	11692	852	0
51609	28	14	852	0
88100	28	49	852	0
31312	28	153	852	0
40581	28	199	852	0
7289	28	29	852	0
15286	28	44	852	0
187049	14	2258	852	0
52652	28	86	852	853
22671	28	52	852	853
88311	28	16	852	853
68758	28	28	852	853
75311	28	257	852	853
71119	28	76	852	853
34106	28	5782	852	853
110192	28	81	852	853
38843	28	20	852	853
24221	28	52	852	853
94449	28	67	852	853
9590	28	107	852	853
90869	28	117	852	853
46934	28	55	852	853
85935	28	69	852	853
22920	28	92	852	853
26733	28	31997	852	854
21513	28	149	852	854
12454	28	1818	852	854
59315	28	55	852	854
26500	28	5782	852	854
111374	28	51	852	854
48273	28	81	852	854
27902	28	51	852	854
25172	28	149	852	855
87532	28	85	852	855
42106	28	751	852	855
36074	28	53	852	855
85496	28	56	852	855
75609	28	33	852	855
68567	28	85	852	855
50294	28	51	852	855
46252	28	55	852	856
52457	28	85	852	856
122022	28	33	852	856
98992	14	5137	852	856
14331	28	27	852	856
48218	28	53	852	857
24737	28	100	852	857
102518	28	67	852	857
17555	28	16	852	857
24670	28	77	852	857
34653	28	43	852	857
40581	28	169	852	858
122336	16	27008	852	858
13174	28	66	852	860
46039	28	101	852	863
56637	28	50	852	863
141797	28	4861	852	875
31689	28	29	853	0
117827	14	2417	853	0
37042	14	782	853	0
64718	6	11692	853	0
26944	14	14397	853	0
29507	28	14	853	0
13903	28	31	853	0
23786	28	14	853	0
5539	14	2797	853	0
62798	14	5310	853	0
114436	28	19	853	0
59997	28	44	853	0
110167	6	2618	853	0
71344	28	57	853	854
85935	28	5782	853	854
19109	28	50	853	854
94279	28	5782	853	854
46934	28	57	853	854
13318	28	27	853	854
11954	28	23	853	854
97380	28	78	853	854
94449	28	56270	853	854
22671	28	27	853	854
24221	28	5782	853	854
66757	28	67	853	854
13383	28	107	853	854
30706	28	1818	853	854
74404	28	9014	853	854
23421	28	47506	853	854
40042	28	57	853	854
114436	28	47506	853	854
88311	28	86	853	854
55536	28	149	853	854
22920	28	3178	853	854
94554	28	36	853	854
34106	28	27	853	854
112887	28	19	853	855
19463	28	199	853	855
70832	28	52	853	855
86709	28	27	853	855
76721	28	85	853	855
33906	28	150	853	855
110679	28	5782	853	855
71809	28	16	853	855
13144	28	169	853	855
9590	28	117	853	855
34693	28	31997	853	855
68247	28	12107	853	855
42653	28	56	853	855
83236	28	56	853	856
41677	28	52	853	856
41029	28	47	853	856
88833	28	55	853	856
53014	28	53	853	856
23786	28	107	853	856
57240	28	19	853	857
33441	28	14	853	858
107312	28	43	853	858
38843	28	36	853	859
46155	28	49	853	859
31891	28	16	853	860
110192	28	50	853	860
65660	28	91	853	860
13318	28	29	853	860
71119	28	169	853	862
34630	28	36	853	862
45293	28	31	853	863
68758	28	52	853	864
13903	28	52	853	864
52652	28	65	853	868
142276	28	3953	853	869
7938	23	80467	853	879
13529	28	593	853	947
99720	14	4523	854	0
55536	28	61	854	0
117576	14	444	854	0
119887	6	1798	854	0
91320	14	3899	854	0
94554	28	1129	854	0
83968	14	24596	854	0
13383	28	86	854	0
46785	28	2135	854	0
14142	28	3178	854	0
92996	28	76	854	0
54035	14	2797	854	0
71063	28	72026	854	0
92996	28	169	854	0
45386	28	53	854	0
94945	28	48784	854	0
31312	28	14	854	0
46934	28	5782	854	855
74404	28	36	854	855
135349	28	27	854	855
11954	28	72026	854	855
138495	28	66	854	855
40674	28	22	854	855
7734	28	102	854	855
23421	28	78	854	855
65118	28	28	854	855
119519	28	22	854	855
80420	28	2759	854	855
45620	28	85	854	855
67110	28	6896	854	855
110213	28	53	854	855
14142	28	46	854	855
88311	28	49	854	855
85935	28	49	854	855
22192	28	50	854	855
38439	28	27	854	855
94279	28	55	854	855
22671	28	102	854	855
27902	28	87	854	855
94554	28	16	854	855
111374	28	72026	854	855
45386	28	31	854	855
9494	28	44	854	855
24221	28	42	854	855
17296	28	5782	854	855
30706	28	85	854	855
26500	28	27	854	856
26733	28	52	854	856
17989	28	168	854	856
55536	28	67	854	856
121073	28	429	854	856
74478	28	44	854	856
12454	28	57	854	856
35275	28	102	854	856
13944	28	381	854	857
26626	28	27	854	857
32413	28	23	854	857
94945	28	50	854	857
26042	28	47	854	857
37246	28	77	854	858
44006	28	14	854	858
92996	28	22	854	858
112637	28	102	854	859
22649	28	153	854	859
18793	28	42	854	859
44347	28	169	854	859
40581	28	247	854	860
19109	28	36	854	860
104248	28	121	854	860
13318	28	76	854	860
52172	28	381	854	861
44006	28	50	854	863
24936	28	49	854	864
59315	28	50	854	865
42947	28	16	854	867
97406	14	444	855	0
25172	28	31997	855	0
19058	28	3178	855	0
40042	28	30	855	0
10367	14	1126	855	0
117095	14	18354	855	0
14331	28	14	855	0
97406	14	2922	855	0
24221	28	14	855	0
110167	6	23973	855	0
40042	28	153	855	0
65118	28	247	855	0
13904	28	56270	855	0
64254	6	853	855	0
29672	6	4367	855	0
103042	14	2188	855	0
91320	14	15889	855	0
32789	28	14	855	0
39678	28	20827	855	0
19596	28	5782	855	0
68230	14	2417	855	0
130066	28	14	855	0
90154	28	100	855	0
151949	16	151	855	855
39408	28	67	855	856
22192	28	27	855	856
114436	28	56	855	856
26626	28	14	855	856
88536	28	30	855	856
67110	28	55	855	856
46934	28	56	855	856
38469	28	5782	855	856
73119	28	85	855	856
21513	28	56	855	856
66757	28	78	855	856
20538	28	5782	855	856
9494	28	5782	855	856
24014	28	49	855	856
76721	28	44	855	856
9590	28	51	855	856
8736	28	49	855	856
21333	28	46	855	856
94279	28	86	855	856
71809	28	56	855	856
50294	28	1149	855	856
17747	28	85	855	856
13383	28	1043	855	856
85935	28	298	855	856
68247	28	22	855	856
18183	28	149	855	856
71344	28	153	855	856
98628	28	20	855	856
73680	28	49	855	856
65118	28	57	855	856
13144	28	52	855	857
36074	28	3178	855	857
89726	28	33	855	857
70832	28	78	855	857
39678	28	30	855	857
25874	28	1220	855	857
7734	28	27	855	857
18793	28	1750	855	857
110213	28	31	855	857
87532	28	30	855	857
18093	28	199	855	857
30706	28	86	855	857
102856	14	94	855	857
17007	28	351	855	857
65660	28	14	855	857
33562	28	81	855	857
40674	28	16	855	857
27902	28	52	855	858
21337	28	28	855	858
7543	28	16	855	858
75609	28	66	855	858
42106	28	66	855	858
63592	28	67	855	858
53312	28	31	855	858
93442	28	126	855	858
107510	28	22	855	859
34693	28	53	855	860
31328	28	27	855	860
111374	28	85	855	861
51925	28	27	855	861
38439	28	72	855	861
22482	28	76	855	861
25058	28	49	855	861
13903	28	29	855	862
33906	28	23	855	863
19463	28	169	855	863
19463	28	29	855	863
33441	28	50	855	863
90653	23	64718	855	903
17329	23	43410	855	913
71063	28	149	856	0
13110	14	1310	856	0
83402	6	12834	856	0
131572	16	27008	856	0
18093	28	29	856	0
8860	23	101207	856	0
18183	28	9014	856	0
121073	28	83	856	0
141152	28	85	856	0
74323	14	1706	856	0
101523	14	1869	856	0
102310	23	108311	856	0
66757	28	559	856	0
12454	28	55	856	0
37042	14	4611	856	0
12454	28	14	856	0
19058	28	98	856	0
85496	28	64	856	0
12144	14	943	856	0
88311	28	57	856	0
148818	16	36684	856	0
54895	16	1419	856	0
10367	14	19865	856	0
122782	14	2258	856	0
96145	14	444	856	0
20538	28	1110	856	0
71344	28	1032	856	0
104362	14	444	856	0
119276	28	81	856	0
154599	16	27008	856	0
66757	28	22	856	0
74478	28	16	856	0
21907	14	237	856	0
101818	14	3899	856	0
148824	14	538	856	0
46785	28	332	856	0
53313	28	65	856	856
13383	28	79	856	857
48360	28	81	856	857
65697	28	51	856	857
76139	28	30	856	857
23786	28	44	856	857
159903	28	53	856	857
85935	28	149	856	857
106989	28	69	856	857
92730	28	559	856	857
75940	28	46	856	857
68567	28	56	856	857
66757	28	81	856	857
84199	28	19	856	857
8445	28	49	856	857
20538	28	19	856	857
43460	28	100	856	857
110679	28	81	856	857
86709	28	26738	856	857
35275	28	14	856	857
53313	28	107	856	857
8736	28	101	856	857
7289	28	1818	856	857
122022	28	107	856	857
83236	28	69	856	857
42010	28	14	856	857
55536	28	78	856	857
74478	28	56	856	857
65118	28	36	856	857
24682	28	69	856	857
93412	28	47	856	857
50294	28	19	856	857
65570	28	1488	856	857
41029	28	26738	856	858
64177	28	117	856	858
12454	28	85	856	858
91392	28	31	856	858
68758	28	14	856	858
11954	28	86	856	858
36407	28	20	856	858
26733	28	87	856	858
42890	28	78	856	858
71063	28	85	856	858
53014	28	117	856	858
35275	28	77	856	858
46934	28	102	856	858
88536	28	149	856	858
82013	28	57	856	858
59213	28	149	856	858
76721	28	80	856	858
68247	28	98	856	858
41677	28	69	856	858
24014	28	23	856	859
46252	28	27	856	859
15286	28	16	856	859
14331	28	42	856	859
71809	28	69	856	860
134142	28	33	856	860
14142	28	33	856	860
19058	28	20	856	860
45386	28	46	856	860
40589	28	16	856	860
98628	28	91	856	861
40144	28	55	856	861
98504	28	2516	856	861
46280	28	20	856	862
21333	28	61	856	862
48938	28	16	856	863
93116	28	121	856	864
36556	28	36	856	864
67356	28	5796	856	867
46785	28	16	856	868
144262	28	23	856	868
119276	28	19	857	0
51260	28	31	857	0
100194	14	2258	857	0
24936	28	14	857	0
141152	28	28	857	0
65118	28	69	857	0
59918	28	31	857	0
96905	28	551	857	0
33906	28	14	857	0
26137	14	2797	857	0
95550	14	444	857	0
128660	28	28	857	0
29664	14	2188	857	0
71539	14	1310	857	0
23511	14	2384	857	0
56907	14	444	857	0
61543	28	5009	857	0
36669	28	29	857	0
25874	28	78	857	858
8736	28	52	857	858
23421	28	44	857	858
86709	28	51	857	858
23786	28	20	857	858
34653	28	20	857	858
29114	28	43	857	858
17007	28	153	857	858
89726	28	53	857	858
90154	28	21171	857	858
102976	28	53	857	858
17555	28	87	857	858
8445	28	298	857	858
42081	28	79	857	858
65570	28	76	857	858
78546	28	107	857	858
88808	28	153	857	858
55536	28	9014	857	858
50294	28	20	857	858
13383	28	23	857	858
58620	28	101	857	858
24737	28	38	857	858
16266	28	111	857	858
58620	28	77	857	858
18093	28	27	857	858
122022	28	49	857	858
83236	28	85	857	858
24670	28	27	857	858
7289	28	49	857	858
31328	28	14	857	858
36074	28	20	857	858
9494	28	79	857	858
76165	28	199	857	858
103495	28	23	857	858
74478	28	1257	857	858
40674	28	80	857	858
24682	28	3178	857	858
60485	28	80	857	858
43460	28	61	857	858
26626	28	47	857	858
97821	28	49	857	859
96279	28	98	857	859
93412	28	87	857	859
102518	28	86	857	859
74404	28	81	857	859
65118	28	30	857	859
26042	28	85	857	859
94945	28	30	857	859
32413	28	30	857	859
33562	28	558	857	859
13144	28	98	857	859
58769	28	8119	857	859
67110	28	50	857	859
13944	28	43	857	859
7241	28	55	857	859
7734	28	52	857	859
102310	6	5071	857	859
87532	28	91	857	860
33306	28	78	857	860
76139	28	22	857	860
24670	28	20	857	860
40754	28	81	857	860
61543	28	52	857	860
53313	28	85	857	860
129048	28	28	857	860
55873	28	19	857	861
31312	28	19	857	861
33627	28	55	857	862
39678	28	149	857	862
118283	28	3911	857	863
61543	28	247	857	863
30706	28	20	857	864
51370	28	47	857	864
37285	28	69	857	864
94449	28	122	857	864
92730	28	48	857	865
30762	23	80968	857	866
51260	28	49	857	867
121073	28	129	857	867
92634	28	32	857	868
48273	28	52	857	869
59073	28	14	857	869
141797	28	244	857	873
146487	16	187615	857	873
71926	30	9042	857	876
120092	16	55825	857	876
53312	28	14	858	0
117025	14	87661	858	0
45293	28	14	858	0
46039	28	29	858	0
13174	28	14	858	0
11954	28	1977	858	0
14493	28	82	858	0
23786	28	80	858	0
108397	16	27008	858	0
46925	14	782	858	0
86307	14	2384	858	0
21333	28	14	858	0
170347	14	24596	858	0
77393	14	5137	858	0
7359	14	2188	858	0
41093	28	47	858	0
46934	28	64	858	0
17555	28	46	858	0
119276	28	31	858	0
44347	28	29	858	0
110154	14	1706	858	0
52799	14	2258	858	0
7543	28	28	858	0
7359	14	943	858	0
17460	14	2188	858	0
68230	14	943	858	0
22482	28	29	858	0
55536	28	46	858	0
73119	28	274	858	859
74478	28	126	858	859
42106	28	52	858	859
42653	28	82	858	859
102976	28	31	858	859
34235	28	107	858	859
53312	28	55	858	859
103520	28	47	858	859
103495	28	82	858	859
104663	28	78	858	859
55536	28	122	858	859
78546	28	61	858	859
65570	28	153	858	859
9590	28	47	858	859
88359	28	55	858	859
9494	28	61	858	859
88536	28	85	858	859
10565	28	81	858	859
88808	28	101	858	859
41093	28	107	858	859
26626	28	43	858	859
85182	28	312	858	859
128660	28	51	858	859
83236	28	117	858	859
91392	28	19	858	859
35447	28	31	858	859
68247	28	92	858	859
92996	28	274	858	859
128660	28	30	858	859
12454	28	56	858	859
8445	28	36	858	859
34653	28	82	858	859
93442	28	22	858	859
85261	28	78	858	859
110996	28	61	858	859
45610	28	14	858	859
24670	28	82	858	859
46934	28	86	858	859
44594	28	3178	858	859
128059	28	39	858	859
75609	28	52	858	859
35275	28	22	858	859
26733	28	30	858	859
68567	28	64	858	859
45670	28	101	858	860
29114	28	27	858	860
89726	28	31	858	860
37246	28	82	858	860
76165	28	82	858	860
21513	28	39	858	860
106989	28	19	858	860
59315	28	14	858	860
7289	28	57	858	860
22959	28	20	858	860
30502	28	89	858	860
73680	28	23	858	860
25719	28	44	858	860
43460	28	117	858	860
13383	28	61	858	860
58620	28	1055	858	860
71063	28	87	858	860
20538	28	213	858	860
46155	28	29	858	860
91789	28	168	858	860
42081	28	66	858	860
17555	28	36	858	860
16266	28	102	858	860
33145	28	199	858	860
24803	28	78	858	861
25250	28	19	858	861
40581	28	98	858	861
36407	28	82	858	861
42010	28	149	858	861
90154	28	16	858	861
59918	28	53	858	861
104498	6	2760	858	861
7543	28	51	858	861
110213	28	82	858	861
21946	28	78	858	861
24682	28	82	858	861
59213	28	16	858	861
8736	28	19	858	861
76721	28	559	858	861
41029	28	20	858	862
85737	28	53	858	862
23421	28	86	858	862
17007	28	20	858	862
19596	28	56	858	862
60485	28	23	858	862
34115	28	557	858	863
27605	28	101	858	863
21337	28	50	858	863
25874	28	52	858	864
64177	28	30	858	864
42890	28	16	858	864
71158	28	3953	858	865
53014	28	16	858	865
70832	28	57	858	865
43161	28	101	858	866
36669	28	42	858	866
36556	28	14	858	866
20496	14	1706	858	866
155969	28	121	858	867
88209	28	121	858	868
86709	28	36	858	870
3451	23	81983	858	874
126906	28	51	858	875
72385	16	8	858	877
95600	28	66	858	877
71663	23	86800	858	880
40749	28	539	858	882
90662	23	154406	858	907
7913	16	838	859	0
33466	28	82	859	0
36757	14	902	859	0
37042	14	2995	859	0
66757	28	36	859	0
137391	28	153	859	0
61414	14	444	859	0
103543	14	2922	859	0
40144	28	14	859	0
7359	14	22811	859	0
65294	28	65	859	0
74261	14	1343	859	0
5810	14	2417	859	0
125483	14	1706	859	0
96905	28	559	859	0
93412	28	117	859	0
26626	28	85	859	0
11954	28	5782	859	0
26626	28	36	859	0
64718	6	306	859	0
13218	28	22	859	0
21305	28	3178	859	0
106773	14	1706	859	0
13218	28	27	859	0
51925	28	14	859	0
91392	28	117	859	0
40008	14	1217	859	0
15286	28	31	859	0
99720	14	444	859	0
91798	6	59	859	0
14391	28	55	859	860
14493	28	3178	859	860
112564	28	80	859	860
13144	28	347	859	860
22649	28	64	859	860
63592	28	57	859	860
9494	28	27	859	860
75609	28	82	859	860
33627	28	14	859	860
7734	28	28	859	860
72806	28	27	859	860
28135	28	22	859	860
18793	28	153	859	860
74404	28	80	859	860
41093	28	82	859	860
12454	28	38	859	860
107510	28	64	859	860
65570	28	64	859	860
91052	28	30	859	860
28476	28	4243	859	860
91392	28	50	859	860
93214	28	57	859	860
111062	28	77	859	860
38469	28	150	859	860
97821	28	23	859	860
22192	28	81	859	860
35937	28	79	859	860
10565	28	126	859	860
82013	28	4760	859	860
114040	28	121	859	860
59378	28	67	859	860
8445	28	39	859	860
7241	28	122	859	860
110996	28	122	859	860
96279	28	31	859	860
38843	28	86	859	860
71158	28	14	859	861
65118	28	87	859	861
61811	28	2232	859	861
102518	28	117	859	861
25250	28	14	859	861
88359	28	66	859	861
85261	28	87	859	861
60932	23	125499	859	861
124326	28	39	859	861
91358	28	22	859	861
150403	28	67	859	861
67110	28	31	859	861
78546	28	36	859	861
9590	28	72	859	861
44594	28	117	859	861
14331	28	79	859	861
24014	28	14	859	861
13944	28	98	859	861
42106	28	82	859	861
150612	28	82	859	861
69770	28	30	859	861
30121	28	22	859	861
133090	28	37	859	862
48255	28	53	859	862
68983	28	107	859	862
92996	28	56	859	862
32413	28	92	859	862
18093	28	64	859	862
68247	28	56	859	862
35447	28	53	859	862
85182	28	51	859	862
58769	28	55	859	862
122863	28	37	859	862
32143	28	52	859	863
27902	28	16	859	863
40400	28	27	859	863
137391	28	213	859	864
22649	28	29	859	864
13218	28	64	859	864
46252	28	42	859	864
85182	28	29	859	864
35275	28	44	859	865
88808	28	85	859	865
15418	28	43	859	865
26733	28	22	859	865
46155	28	43	859	865
97821	28	85	859	866
94945	28	57	859	866
33562	28	52	859	867
44347	28	22	859	867
27605	28	29	859	868
34235	28	20	859	868
37958	28	1754	859	870
59816	28	213	859	872
82044	28	49	859	874
20890	28	31	859	875
130048	23	100581	859	877
100581	23	130048	859	877
43965	16	81833	859	901
103220	23	8742	859	942
96905	28	57	860	0
13521	14	6456	860	0
116319	14	1869	860	0
56637	28	14	860	0
48218	28	79	860	0
35113	14	4523	860	0
34235	28	14	860	0
45386	28	73	860	0
108395	28	27	860	0
80558	14	24216	860	0
35525	14	2258	860	0
8445	28	451	860	0
19109	28	41	860	0
21305	28	4760	860	0
39265	16	4675	860	0
82013	28	39	860	0
12960	14	444	860	0
97795	14	2384	860	0
102976	28	98	860	0
24670	28	19	860	0
28135	28	3786	860	0
73209	28	37	860	0
10367	14	22811	860	0
81730	28	43	860	0
14493	28	33	860	0
33145	28	20743	860	0
144573	28	19	860	0
102811	14	1706	860	0
58620	28	20743	860	0
128059	28	4760	860	0
13174	28	55	860	861
75940	28	3786	860	861
76139	28	73	860	861
103495	28	30	860	861
7734	28	3178	860	861
31328	28	42	860	861
25496	28	22	860	861
18793	28	61	860	861
58620	28	117	860	861
140370	28	41	860	861
45670	28	122	860	861
91392	28	53	860	861
22501	28	69	860	861
96279	28	82	860	861
36903	28	22	860	861
93214	28	43	860	861
33145	28	969	860	861
7241	28	20	860	861
13144	28	558	860	861
76165	28	76	860	861
13318	28	41	860	861
19058	28	1977	860	861
71809	28	82	860	861
127577	28	358	860	861
28476	28	55	860	861
106310	28	26738	860	861
93442	28	27	860	861
53313	28	86	860	861
24670	28	64	860	861
61543	28	4760	860	861
46934	28	1977	860	861
18846	28	49	860	861
82013	28	80	860	861
63592	28	88	860	861
91052	28	36	860	861
106989	28	41	860	861
107312	28	40	860	861
43460	28	38	860	861
32789	28	41358	860	861
21513	28	100	860	861
42081	28	27	860	861
70240	28	251	860	861
51609	28	41	860	861
12454	28	751	860	861
89726	28	27	860	861
108395	28	44493	860	861
53312	28	69	860	862
65697	28	107	860	862
65660	28	20	860	862
21491	28	274	860	862
17555	28	73	860	862
107510	28	26738	860	862
127577	28	101	860	862
76354	28	109	860	862
31281	28	31	860	862
34693	28	31	860	862
87532	28	381	860	862
110996	28	213	860	862
14142	28	66	860	862
129048	28	77	860	862
104663	28	40	860	862
111062	28	91	860	862
91789	28	31	860	862
16266	28	1977	860	862
73680	28	27	860	862
154412	28	41	860	862
72806	28	153	860	863
22649	28	22	860	863
88536	28	72	860	863
33306	28	16	860	863
21337	28	14	860	863
143939	28	102	860	863
10565	28	4760	860	863
50716	28	66	860	863
81730	28	50	860	863
7289	28	85	860	863
95017	28	117	860	863
88833	28	56	860	863
146295	28	109	860	863
112564	28	78	860	864
118581	28	169	860	864
25719	28	16	860	864
132285	28	37	860	864
31891	28	41	860	864
51260	28	14	860	864
35937	28	39	860	864
37285	28	14	860	865
24014	28	98	860	865
17747	28	1165	860	865
62536	28	29	860	866
9494	28	153	860	866
37246	28	20	860	866
42125	28	27	860	866
153549	28	85	860	866
40589	28	41	860	866
30502	28	22	860	867
110192	28	30	860	867
22959	28	82	860	867
65570	28	213	860	868
29114	28	23	860	868
43161	28	29	860	869
40245	28	371	860	871
40754	28	48	860	875
28426	23	58447	860	906
127679	23	44356	860	946
96279	28	117	861	0
30408	28	48	861	0
31093	14	2188	861	0
15418	28	14	861	0
139870	14	2922	861	0
21305	28	56	861	0
142276	28	14	861	0
46934	28	7095	861	0
13110	14	55330	861	0
79922	14	1706	861	0
54801	14	9403	861	0
58620	28	16	861	0
21513	28	432	861	0
70585	14	902	861	0
103520	28	64	861	0
97445	14	87661	861	0
40581	28	41	861	0
154293	14	2797	861	0
129077	28	3100	861	0
81084	14	2995	861	0
111374	28	86	861	0
102200	14	32620	861	0
81693	14	3899	861	0
123305	14	1310	861	0
39838	28	1818	861	0
71701	28	41	861	862
63592	28	41	861	862
134142	28	31	861	862
6161	28	33	861	862
65294	28	126	861	862
84199	28	91	861	862
34251	28	53	861	862
41093	28	91	861	862
19058	28	67	861	862
89726	28	79	861	862
91052	28	117	861	862
22192	28	43	861	862
48646	28	31	861	862
88359	28	27	861	862
106989	28	109	861	862
40144	28	98	861	862
13144	28	53	861	862
33099	28	78	861	862
40258	28	31997	861	862
44594	28	42	861	862
13174	28	65	861	862
27607	28	53	861	862
98628	28	82	861	862
61543	28	107	861	862
108395	28	98	861	862
93442	28	42	861	862
47441	28	1508	861	862
93214	28	27	861	862
22501	28	28	861	862
78546	28	27	861	862
150612	28	64	861	862
18846	28	64	861	862
18793	28	36	861	862
26042	28	199	861	862
51609	28	39	861	862
7543	28	72	861	862
64782	28	806	861	862
76139	28	381	861	862
71809	28	44	861	862
67110	28	4760	861	862
42081	28	43	861	862
24803	28	86	861	862
76165	28	42	861	862
8736	28	29	861	862
138495	28	53	861	862
8445	28	432	861	863
29631	28	559	861	863
90154	28	3786	861	863
36903	28	122	861	863
124326	28	4760	861	863
7734	28	6896	861	863
31205	28	27	861	863
28503	28	41	861	863
22482	28	43	861	863
28187	28	55	861	863
106310	28	57	861	863
150469	28	107	861	863
105598	28	61	861	863
91358	28	56	861	863
61811	28	1165	861	863
32789	28	98	861	863
14331	28	2069	861	863
107312	28	41	861	864
7879	28	539	861	864
103800	28	42	861	864
8736	28	76	861	864
184990	28	39	861	864
28476	28	64	861	864
59213	28	98	861	865
110213	28	44	861	865
24682	28	89	861	865
25250	28	20	861	865
103227	28	19	861	866
70240	28	99	861	866
37958	28	121	861	866
51925	28	153	861	866
31328	28	89	861	866
129077	28	27	861	866
35277	28	985	861	867
45546	28	22315	861	867
69770	28	41	861	867
36996	28	43	861	868
36556	28	6878	861	869
140370	28	27	861	869
55873	28	20	861	870
78517	28	217	861	871
21946	28	20	861	874
73425	28	1627	861	876
40245	28	217	861	882
131407	14	3348	862	0
97240	14	444	862	0
84199	28	64	862	0
114025	14	6882	862	0
63349	6	34701	862	0
17348	14	23980	862	0
34251	28	31	862	0
67110	28	67	862	0
25058	28	31	862	0
105453	6	8236	862	0
162545	14	2384	862	0
140675	28	98	862	0
116450	16	1419	862	0
140675	28	43	862	0
91798	6	874	862	0
144294	16	55825	862	0
58544	14	19865	862	0
129216	28	28	862	0
60329	28	28	862	0
26137	14	6456	862	0
28383	28	311	862	0
13144	28	85	862	0
79856	28	558	862	0
28383	28	2232	862	0
16266	28	64	862	0
30401	14	2926	862	0
110160	14	902	862	0
185349	14	32620	862	0
130712	28	27	862	0
65294	28	78	862	0
6971	14	1706	862	0
71809	28	66	862	863
31320	28	43	862	863
18846	28	56	862	863
17007	28	49	862	863
102631	28	82	862	863
34653	28	199	862	863
26042	28	122	862	863
63592	28	20	862	863
48646	28	53	862	863
68247	28	3786	862	863
6161	28	16	862	863
26042	28	51	862	863
48255	28	31	862	863
59176	28	16	862	863
61543	28	82	862	863
65697	28	63	862	863
27607	28	26738	862	863
107510	28	102	862	863
91789	28	40	862	863
70511	28	64	862	863
93442	28	199	862	863
58769	28	26738	862	863
41029	28	559	862	863
17555	28	122	862	863
7543	28	46	862	863
34554	28	98	862	863
15286	28	82	862	863
13174	28	27	862	863
76139	28	4922	862	863
31312	28	57	862	863
13944	28	29	862	863
129048	28	102	862	863
32933	28	56	862	863
14142	28	28	862	863
93214	28	750	862	863
111062	28	86	862	863
78546	28	42	862	863
142218	28	73	862	863
53313	28	153	862	863
154412	28	44	862	863
46280	28	72	862	863
7241	28	19	862	863
40258	28	64	862	863
65294	28	118	862	863
60485	28	16	862	863
68842	28	78	862	863
110933	28	48	862	863
112637	28	64	862	864
98628	28	27	862	864
85261	28	15171	862	864
73680	28	45192	862	864
20890	28	28	862	864
18793	28	539	862	864
39678	28	43	862	864
41093	28	27	862	864
22501	28	64	862	864
24803	28	42	862	864
25058	28	4760	862	864
47441	28	15171	862	864
9899	28	23	862	864
88359	28	107	862	864
51555	28	1220	862	864
34630	28	4922	862	864
84199	28	47	862	864
69770	28	14	862	864
21333	28	41	862	864
58769	28	247	862	864
130742	28	80	862	864
106500	28	46	862	864
39355	28	81	862	865
76165	28	64	862	865
76721	28	67	862	865
33627	28	102	862	865
82856	28	213	862	865
44594	28	27	862	865
52335	28	20	862	865
40144	28	41	862	866
42010	28	117	862	866
21333	28	44	862	867
21946	28	14	862	868
85182	28	41	862	868
127577	28	47	862	868
36542	28	30	862	868
32413	28	46	862	868
30408	28	78	862	868
68983	28	61	862	870
49386	16	100722	862	873
21491	28	213	862	875
95600	28	14	862	875
23421	28	82	862	876
79856	28	22	862	877
95231	23	81794	862	879
152066	23	185847	862	911
88562	23	136559	862	916
61543	28	117	863	0
30577	14	6094	863	0
36751	14	6094	863	0
65570	28	29	863	0
33441	28	69	863	0
13110	14	17104	863	0
102269	28	34	863	0
76828	14	2995	863	0
87192	28	77	863	0
34251	28	36	863	0
78546	28	72	863	0
91052	28	1165	863	0
162554	14	2384	863	0
43499	14	782	863	0
71629	14	444	863	0
88561	28	34	863	0
42115	14	1706	863	0
85780	14	279	863	0
5810	14	1217	863	0
124209	28	29	863	0
37716	6	306	863	0
41093	28	247	863	0
139007	6	1103	863	0
8445	28	91	863	0
148679	14	902	863	0
16266	28	86	863	0
51370	28	14	863	0
90950	6	3843	863	0
105304	14	444	863	0
126292	28	55	863	0
30401	14	6094	863	0
60329	28	66	863	0
33906	28	64	863	0
38201	14	149514	863	0
102631	28	47	863	0
26688	14	2417	863	0
73991	28	15171	863	864
50251	28	2232	863	864
50716	28	126	863	864
91358	28	72	863	864
122268	28	559	863	864
19109	28	346	863	864
52917	28	63	863	864
28503	28	36	863	864
142218	28	31	863	864
22649	28	76	863	864
72806	28	19	863	864
25496	28	40	863	864
44006	28	81	863	864
53682	28	126	863	864
63592	28	81	863	864
40589	28	14	863	864
65294	28	87	863	864
104663	28	36	863	864
110996	28	27	863	864
111062	28	82	863	864
48971	28	20827	863	864
150469	28	82	863	864
90154	28	107	863	864
60329	28	126	863	864
118283	28	637	863	864
103520	28	117	863	864
93214	28	17969	863	864
125681	28	55	863	864
101376	28	34	863	864
110933	28	30	863	864
33306	28	55	863	864
17555	28	57	863	864
21337	28	20	863	864
100873	28	40	863	864
6161	28	55	863	864
72899	28	1043	863	864
61811	28	63	863	864
60485	28	46	863	864
143939	28	39	863	864
58620	28	42	863	864
33441	28	118	863	864
59918	28	28	863	864
70511	28	56	863	864
14331	28	188	863	865
13174	28	15171	863	865
31205	28	28	863	865
27562	28	371	863	865
91789	28	66	863	865
68842	28	65	863	865
40400	28	33	863	865
27902	28	21171	863	865
28187	28	16	863	865
34554	28	139	863	865
102976	28	107	863	865
17007	28	79	863	865
18846	28	82	863	865
69884	28	48	863	865
19463	28	76	863	865
52297	28	12107	863	865
42081	28	64	863	865
64830	28	20	863	866
72426	28	15171	863	866
106310	28	30	863	866
32933	28	3178	863	866
31320	28	107	863	866
95017	28	36	863	866
59176	28	55	863	866
40762	28	36	863	866
14391	28	50	863	866
140380	28	27	863	867
106817	28	23	863	867
50158	28	15676	863	867
146295	28	39	863	867
14142	28	40	863	867
7543	28	98	863	867
103521	28	77	863	867
56152	28	66	863	868
67110	28	41	863	868
16266	28	77	863	868
61811	28	1750	863	868
34494	28	56	863	869
45293	28	19	863	869
40749	28	50	863	869
30383	28	346	863	869
91789	28	247	863	869
46043	28	47	863	869
81730	28	63	863	869
48255	28	63	863	869
106721	28	16	863	870
27605	28	76	863	873
59625	28	267	863	874
124209	28	39	863	874
70649	28	60	863	874
29631	28	23	863	875
44121	28	267	863	875
127863	23	80163	863	875
80163	23	127863	863	875
33099	28	49	863	875
40258	28	41	863	876
86565	28	22	863	877
124326	28	86	863	877
71795	28	317	863	878
110322	28	495	863	879
3472	23	29048	863	880
34115	28	48	863	881
27607	28	63	863	881
78717	23	126368	863	924
87192	28	28	864	0
37173	28	9129	864	0
24299	14	943	864	0
74515	14	902	864	0
105641	28	6407	864	0
78821	14	1310	864	0
58620	28	72	864	0
72806	28	800	864	0
68247	28	80	864	0
144573	28	36	864	0
86631	14	59789	864	0
126617	14	3899	864	0
98504	28	34	864	0
128059	28	22	864	0
81464	28	22	864	0
35937	28	44	864	0
77851	28	36	864	0
7359	14	2258	864	0
64782	28	91	864	0
96476	14	2922	864	0
177078	28	34	864	0
7543	28	14	864	0
110716	28	120	864	0
109725	14	2797	864	0
63634	14	444	864	0
153549	28	14	864	0
45670	28	81	864	0
139868	6	306	864	0
17460	14	2258	864	0
38201	14	1880	864	0
105641	28	107	864	0
28383	28	1223	864	0
65697	28	347	864	0
39838	28	29	864	0
37173	28	34	864	0
70511	28	73	864	865
6161	28	46	864	865
85261	28	73	864	865
65294	28	38	864	865
25496	28	27	864	865
58769	28	4760	864	865
106500	28	30	864	865
22501	28	188	864	865
50251	28	4760	864	865
13218	28	41	864	865
61811	28	81	864	865
81715	28	16	864	865
28503	28	3786	864	865
110716	28	16	864	865
81464	28	64	864	865
103800	28	41	864	865
19058	28	41	864	865
25874	28	117	864	865
21337	28	39	864	865
19109	28	88	864	865
51555	28	47	864	865
95741	28	559	864	865
39678	28	44	864	865
35447	28	16	864	865
20890	28	39	864	865
63592	28	343	864	865
29194	28	33	864	866
160630	28	36	864	866
42890	28	102	864	866
28383	28	77	864	866
28476	28	16	864	866
41093	28	15171	864	866
59378	28	56	864	866
51370	28	39	864	866
48971	28	36	864	866
110933	28	28	864	866
45670	28	36	864	866
86638	28	50	864	866
118283	28	1750	864	866
118581	28	56	864	866
108444	28	85	864	866
25719	28	69	864	866
48938	28	46	864	866
21333	28	36	864	866
100873	28	47	864	867
100938	28	37	864	867
84199	28	88	864	867
35937	28	109	864	867
14391	28	14	864	867
9899	28	31	864	867
7879	28	50	864	867
52917	28	28	864	867
50716	28	63	864	867
100726	28	31	864	867
98759	28	34	864	867
82044	28	14	864	867
59491	28	117	864	867
110960	28	55	864	867
44443	28	309	864	867
7241	28	16	864	868
24936	28	76	864	868
70245	28	37	864	868
120070	28	67	864	868
85755	16	8	864	869
72899	28	78	864	869
22482	28	750	864	869
13903	28	257	864	869
73991	28	40	864	870
137438	28	10893	864	870
8736	28	20	864	870
36556	28	41	864	870
76133	28	227	864	871
64782	28	78	864	875
57254	28	86	864	875
150500	28	20	864	875
87890	28	49	864	876
112564	28	79	864	876
37285	28	39	864	877
110322	28	217	864	879
85145	23	133360	864	916
46280	28	7932	865	0
19463	28	381	865	0
132631	28	34	865	0
30164	14	2384	865	0
7359	14	2797	865	0
5810	14	2258	865	0
57607	14	21317	865	0
56603	28	76	865	0
35113	14	19865	865	0
23511	14	2258	865	0
106580	14	18354	865	0
45610	28	31	865	0
68983	28	14	865	0
57254	28	14	865	0
88901	6	59	865	0
31495	14	4611	865	0
55007	14	902	865	0
123305	14	94	865	0
78293	28	289	865	0
77851	28	65	865	0
69803	16	55825	865	0
107312	28	36	865	0
110258	14	4611	865	0
15418	28	36	865	0
107855	28	73	865	0
95579	28	1508	865	0
24670	28	188	865	0
93116	28	295	865	0
129124	14	444	865	0
81715	28	2625	865	0
42494	28	20827	865	0
126997	14	2258	865	0
114435	14	1706	865	0
105503	28	14	865	0
96476	14	444	865	0
19058	28	56	865	0
48565	28	1488	865	0
21953	28	28	865	866
13218	28	46	865	866
35447	28	15171	865	866
103800	28	14	865	866
32967	28	34	865	866
15717	28	4543	865	866
106500	28	87	865	866
76354	28	111	865	866
52297	28	39	865	866
112637	28	1222	865	866
58769	28	168	865	866
50251	28	47	865	866
107855	28	80	865	866
31281	28	22	865	866
106781	28	102765	865	866
6161	28	44	865	866
85737	28	31	865	866
36903	28	63	865	866
94674	28	48	865	866
33306	28	1977	865	866
17007	28	16	865	866
78293	28	36	865	866
52335	28	347	865	866
28503	28	102	865	866
47125	23	111710	865	866
65697	28	31	865	866
25496	28	3786	865	866
102631	28	52	865	866
95579	28	27	865	866
65294	28	16	865	866
70511	28	107	865	867
18846	28	81	865	867
106756	28	78	865	867
100703	28	55	865	867
70649	28	979	865	867
34251	28	52	865	867
46870	28	102	865	867
15418	28	139	865	867
63593	28	27	865	867
24014	28	22	865	867
68842	28	9804	865	867
88209	28	1754	865	867
46661	28	47	865	867
18371	28	2069	865	867
28187	28	150	865	867
130742	28	23	865	867
19596	28	18998	865	867
180798	28	102	865	867
13944	28	289	865	867
27562	28	56	865	867
95741	28	50	865	867
81464	28	82	865	867
105641	28	23	865	868
50158	28	34	865	868
171566	23	83276	865	868
88808	28	52	865	868
126906	28	14	865	868
20890	28	41	865	868
49175	28	289	865	868
21337	28	31	865	868
122863	28	68	865	868
29337	28	130956	865	868
184757	28	34	865	868
60329	28	85	865	868
132285	28	68	865	869
125736	28	28	865	869
39355	28	199	865	869
175550	28	43	865	869
51133	28	327	865	869
22501	28	16	865	869
31205	28	50	865	869
136676	6	6630	865	870
132973	28	37	865	870
18093	28	3786	865	870
33145	28	36	865	870
82062	28	37	865	870
164564	16	69141	865	872
65416	23	100797	865	873
176245	16	226	865	873
30502	28	14	865	875
34554	28	109	865	875
103708	28	28	865	875
110716	28	33	865	875
42494	28	36	865	875
85429	28	211	865	877
48565	28	76	865	877
74223	28	69	865	877
82062	28	327	865	879
87639	28	66	865	880
70245	28	68	865	880
60932	23	143297	865	881
53038	28	50	865	881
90632	28	259	865	885
38591	28	77	865	886
25496	28	117	866	0
113097	28	79	866	0
41093	28	89	866	0
31320	28	98	866	0
35447	28	150	866	0
56907	14	4523	866	0
137367	28	36	866	0
104507	14	6882	866	0
74378	28	14101	866	0
87750	14	1869	866	0
41984	28	64	866	0
17007	28	29984	866	0
106140	6	59	866	0
101118	6	3657	866	0
5488	28	19	866	0
64747	30	2999	866	0
88536	28	87	866	0
74457	14	1343	866	0
10367	14	2995	866	0
17007	28	800	866	0
68977	14	782	866	0
89749	14	24596	866	0
39197	28	77	866	0
95579	28	6878	866	0
81715	28	1021	866	0
29664	14	3568	866	0
122745	14	2188	866	0
95579	28	3178	866	0
94945	28	56	866	0
77393	14	4576	866	0
69421	14	444	866	0
85737	28	8119	866	0
118581	28	31	866	0
28503	28	107	866	0
109831	28	381	866	0
95579	28	64	866	0
7359	14	1217	866	0
95515	14	902	866	0
85230	14	21317	866	0
74378	28	3335	866	867
157886	28	34	866	867
106822	28	23	866	867
107855	28	559	866	867
32255	28	37	866	867
125681	28	16	866	867
78293	28	43	866	867
52297	28	16	866	867
59378	28	69	866	867
30706	28	150	866	867
28503	28	117	866	867
65697	28	53	866	867
50251	28	1750	866	867
33306	28	188	866	867
64830	28	27	866	867
97821	28	53	866	867
49761	28	39	866	867
52335	28	31	866	867
69884	28	27	866	867
25719	28	107	866	867
28383	28	20	866	867
113097	28	36	866	868
73692	23	114896	866	868
117407	28	18	866	868
21953	28	51	866	868
21491	28	29	866	868
37246	28	102	866	868
42890	28	69	866	868
86638	28	432	866	868
95017	28	53	866	868
50251	28	33	866	868
56603	28	1750	866	868
85737	28	63	866	868
106500	28	53	866	868
129077	28	30	866	868
79087	28	131	866	868
32933	28	47	866	868
80007	28	1819	866	868
102631	28	78	866	868
106310	28	80	866	868
68592	28	39	866	868
51370	28	828	866	868
79648	28	34	866	868
40589	28	98	866	869
114896	23	73692	866	869
6161	28	78	866	869
90590	28	73	866	869
139868	6	285	866	869
29194	28	53	866	869
15717	28	39	866	869
108385	28	39	866	869
48971	28	79	866	869
81715	28	65	866	869
28476	28	100	866	869
59176	28	98	866	869
41984	28	2468	866	869
39197	28	2232	866	870
43161	28	43	866	870
139024	28	27	866	870
58769	28	100	866	870
13218	28	89	866	870
25874	28	61	866	870
51555	28	16	866	870
14015	28	78	866	874
76354	28	67	866	874
102991	28	291	866	874
108444	28	66	866	874
87294	28	68	866	875
42125	28	50	866	875
3402	23	32265	866	875
32265	23	3402	866	875
31320	28	47	866	875
73425	28	267	866	875
94322	28	31	866	875
59816	28	29	866	875
142004	28	55	866	876
14391	28	102	866	876
55620	28	33	866	876
95221	28	20950	866	876
46807	28	203	866	877
46807	28	244	866	878
146609	28	60	866	878
107446	28	368	866	879
74225	28	60	866	880
38591	28	247	866	881
72426	28	41	866	881
72052	28	371	866	882
90632	28	227	866	882
129936	14	4617	866	897
84202	21	26164	866	923
52335	28	2045	867	0
97458	14	943	867	0
99541	14	444	867	0
23630	28	4760	867	0
48520	14	22811	867	0
72873	23	137122	867	0
26137	14	2258	867	0
78293	28	29	867	0
133529	28	450	867	0
11073	14	2258	867	0
122997	14	1706	867	0
122045	14	18354	867	0
32933	28	6617	867	0
77851	28	102	867	0
145212	28	450	867	0
13273	28	2232	867	0
97264	28	6878	867	0
28135	28	3335	867	0
52974	14	902	867	0
34868	14	2417	867	0
56637	28	134	867	0
90950	6	2646	867	0
88461	28	381	867	0
43731	28	87	867	0
154358	14	2922	867	0
46661	28	42	867	0
34251	28	85	867	0
7543	28	265	867	0
97264	28	12765	867	0
137367	28	64	867	0
5488	28	20	867	0
154620	28	450	867	0
42125	28	14	867	0
70832	28	558	867	868
29320	28	1818	867	868
52917	28	87	867	868
45670	28	86	867	868
42947	28	21171	867	868
74378	28	347	867	868
21333	28	221	867	868
45546	28	52	867	868
70511	28	67	867	868
83317	28	871	867	868
27562	28	49	867	868
18371	28	109	867	868
106817	28	80	867	868
52297	28	351	867	868
69884	28	4543	867	868
59378	28	3335	867	868
103800	28	27	867	868
22959	28	89	867	868
33099	28	14	867	868
15418	28	53	867	868
23247	28	347	867	868
28187	28	72	867	868
151366	28	450	867	868
68842	28	149	867	868
88461	28	17969	867	868
30121	28	102	867	868
28383	28	1697	867	868
9899	28	43	867	868
107855	28	102	867	868
100996	28	450	867	868
17747	28	277	867	868
35277	28	47	867	868
63593	28	67	867	868
97264	28	27	867	868
46661	28	221	867	869
73514	28	102	867	869
103227	28	153	867	869
106822	28	80	867	869
92634	28	634	867	869
107044	28	450	867	869
25719	28	42	867	869
40754	28	14	867	869
110960	28	85	867	869
33562	28	20	867	869
125681	28	806	867	869
81464	28	98	867	869
110933	28	67	867	869
18846	28	19	867	869
24014	28	69	867	869
103521	28	55	867	869
110192	28	27	867	869
7879	28	52	867	870
140380	28	52	867	870
61811	28	107	867	870
44347	28	64	867	870
59491	28	27	867	870
130742	28	130956	867	870
22649	28	41	867	870
150271	28	83	867	871
67356	28	121	867	871
17031	16	1326	867	872
88531	23	136526	867	873
50158	28	5304	867	873
107726	28	233	867	873
13182	28	346	867	874
44443	28	112	867	874
40869	28	139	867	874
50716	28	85	867	874
51297	28	23	867	874
92730	28	63	867	874
49761	28	343	867	875
80026	28	28	867	875
23776	23	75088	867	875
30502	28	55	867	876
25239	28	77	867	876
159160	28	39	867	877
47851	28	49	867	877
100703	28	61	867	877
13273	28	1165	867	877
34561	28	16	867	878
46948	28	16	867	878
72052	28	217	867	880
147431	28	1750	867	881
74378	28	247	867	883
52992	28	77	867	885
175248	28	82	867	885
33737	28	58	867	886
77489	16	10046	867	896
109865	23	95493	867	956
45670	28	73	868	0
40913	14	782	868	0
49891	28	8119	868	0
45546	28	177	868	0
90283	28	43	868	0
61292	14	1706	868	0
7543	28	31	868	0
53299	14	2995	868	0
64830	28	45192	868	0
141145	16	1419	868	0
106317	14	444	868	0
32413	28	89	868	0
29114	28	14	868	0
82794	28	34	868	0
55031	14	2258	868	0
100873	28	36	868	0
76100	14	2922	868	0
30408	28	14	868	0
44121	28	43	868	0
18945	6	59	868	0
5810	14	22811	868	0
85842	28	450	868	0
82064	28	117	868	0
130044	14	2258	868	0
123211	14	2258	868	0
13642	14	23980	868	0
106946	28	247	868	0
40008	14	2258	868	0
34868	14	943	868	0
107726	28	136	868	0
16002	14	24005	868	0
60455	28	15171	868	0
49175	28	29	868	0
155050	14	2188	868	0
187020	14	902	868	0
72378	28	98	868	869
85182	28	53	868	869
12996	28	51	868	869
13944	28	1616	868	869
36996	28	22	868	869
5488	28	63	868	869
87890	28	14	868	869
24936	28	153	868	869
7241	28	47	868	869
71701	28	44	868	869
105598	28	44	868	869
7241	28	39	868	869
136627	28	450	868	869
106781	28	23	868	869
36903	28	64	868	869
52917	28	73	868	869
49661	28	20	868	869
23247	28	28	868	869
51133	28	7094	868	869
133254	28	178	868	869
42213	28	64	868	869
81730	28	29	868	869
60329	28	101	868	869
100726	28	53	868	869
11215	28	51	868	869
95017	28	64	868	869
106817	28	126	868	869
29887	28	4543	868	869
68564	28	56	868	869
97264	28	40014	868	870
46870	28	39	868	870
86638	28	87	868	870
56603	28	69	868	870
88808	28	87	868	870
52172	28	52	868	870
24761	28	930	868	870
34235	28	63	868	870
144262	28	22	868	870
42890	28	28	868	870
48609	23	4790	868	870
60329	28	346	868	870
37246	28	85	868	870
88461	28	16	868	870
108788	28	16	868	870
50251	28	109	868	870
9494	28	358	868	870
68842	28	50	868	870
59625	28	1007	868	870
45670	28	56	868	870
29114	28	22	868	871
70245	28	83	868	872
102991	28	244	868	873
28187	28	85	868	873
75221	28	9804	868	874
66890	28	78	868	874
46280	28	111	868	874
80007	28	16	868	874
9899	28	61	868	874
106756	28	122	868	874
32933	28	4760	868	874
68592	28	16	868	874
84799	28	19	868	874
82064	28	19	868	874
52297	28	199	868	875
83317	28	56	868	875
27562	28	28	868	875
49175	28	41	868	875
41620	28	33	868	875
36542	28	51	868	875
109273	28	213	868	875
56200	28	101	868	875
59542	28	31	868	875
33270	28	257	868	875
18371	28	23	868	875
34516	28	48	868	875
44178	28	82	868	876
170307	28	171	868	876
30408	28	23	868	876
21953	28	50	868	876
44121	28	41	868	877
126319	28	36	868	877
109831	28	102	868	877
148643	28	16	868	877
105641	28	30	868	877
131074	28	82	868	878
35277	28	42	868	878
120070	28	50	868	879
29337	28	23	868	879
26826	28	102	868	880
29320	28	257	868	881
35285	28	27	868	881
64021	28	224	868	888
155881	28	34	869	0
113692	14	3899	869	0
70713	14	2384	869	0
22359	28	78	869	0
75500	14	15889	869	0
87639	28	14	869	0
76561	14	444	869	0
47851	28	14	869	0
121509	14	130	869	0
12903	28	72	869	0
64274	14	2922	869	0
24803	28	79	869	0
125736	28	77	869	0
36757	14	782	869	0
23511	14	782	869	0
103227	28	29	869	0
40575	28	41	869	0
148643	28	6878	869	0
33562	28	828	869	0
40759	14	3568	869	0
34054	28	217	869	0
49661	28	63	869	0
129353	6	12834	869	0
59832	28	478	869	0
58683	14	130	869	0
29887	28	1697	869	0
19655	28	23	869	0
37554	14	2797	869	0
43731	28	38	869	0
61618	14	130	869	0
77489	16	71352	869	0
7241	28	14	869	0
129824	14	279	869	0
13903	28	311	869	0
62798	14	4523	869	0
25536	28	29	869	0
71977	14	130	869	0
30121	28	64	869	0
65234	14	130	869	0
48273	28	58	869	0
24803	28	80	869	870
113204	28	53	869	870
12996	28	69	869	870
25719	28	1257	869	870
71876	28	44	869	870
72555	28	4797	869	870
72899	28	52	869	870
68564	28	30	869	870
103227	28	76	869	870
90590	28	27	869	870
63593	28	64	869	870
19998	28	47	869	870
24936	28	351	869	870
28476	28	1021	869	870
81715	28	828	869	870
36903	28	149	869	870
15717	28	66	869	870
22501	28	31	869	870
56213	28	55	869	871
107726	28	211	869	871
81446	28	102	869	871
95699	28	83	869	871
42106	28	158	869	872
25250	28	495	869	873
68149	14	765	869	873
78370	28	48	869	873
17037	28	828	869	873
27395	28	49	869	874
137614	28	53	869	874
52917	28	67	869	874
6161	28	20	869	874
23247	28	52	869	874
25536	28	76	869	874
40575	28	3953	869	874
11442	23	45314	869	875
108385	28	67	869	875
39355	28	41	869	875
131144	28	33	869	875
93682	28	48	869	875
30383	28	48	869	875
11215	28	188	869	875
94674	28	67	869	875
117747	28	213	869	875
44511	28	23	869	875
105598	28	56	869	876
51498	28	47	869	876
106781	28	56	869	876
31205	28	58	869	876
18054	28	358	869	876
15717	28	1750	869	876
48255	28	30	869	877
25239	28	29	869	877
60455	28	22	869	878
55620	28	247	869	878
133254	28	23	869	879
46043	28	19	869	879
45293	28	53	869	879
52649	23	14123	869	880
34494	28	23	869	881
44443	28	34	869	881
29887	28	76	869	882
52992	28	247	869	883
45602	28	217	869	883
93394	28	531	869	884
71185	28	16	869	884
42213	28	22	869	885
64203	28	461	869	885
74378	28	82	869	885
136136	14	130	869	894
123067	14	130	869	894
50715	14	130	869	894
122115	14	130	869	894
102142	23	57232	869	916
43808	23	108184	869	964
31495	14	43240	870	0
12896	28	153	870	0
137438	28	36	870	0
28095	14	444	870	0
42687	6	59	870	0
25210	14	943	870	0
62798	14	444	870	0
106721	28	3405	870	0
106946	28	50	870	0
30978	14	2384	870	0
77504	14	1428	870	0
41704	28	217	870	0
106051	14	1126	870	0
65715	14	182	870	0
61414	14	24216	870	0
43161	28	358	870	0
122228	16	1419	870	0
111710	23	47125	870	0
34868	14	2951	870	0
83968	14	1343	870	0
100863	14	182	870	0
110258	14	43240	870	0
110443	14	664	870	0
27584	14	2612	870	0
23511	14	2797	870	0
30423	14	2188	870	0
83104	14	664	870	871
108788	28	346	870	871
15717	28	1165	870	871
95747	28	387	870	871
59073	28	28	870	871
51555	28	26738	870	872
56363	28	351	870	872
136373	14	182	870	873
36996	28	311	870	873
5986	28	217	870	874
3904	23	9979	870	874
86709	28	57	870	874
20281	28	72	870	874
55889	28	9804	870	874
30762	23	36213	870	875
52574	28	1695	870	876
9979	23	3904	870	876
115909	28	3436	870	876
45417	23	141883	870	877
92807	23	22012	870	877
101899	23	48195	870	877
34924	28	1100	870	877
3146	23	31550	870	879
41802	28	52	870	879
90180	28	346	870	882
69208	28	266	870	888
25210	14	2417	871	0
88359	28	2625	871	0
21227	14	2797	871	0
89612	14	2188	871	0
122279	14	17928	871	0
88461	28	76	871	0
33107	28	106	871	0
17826	6	338	871	0
123416	23	89305	871	0
32967	28	32	871	0
35708	28	106	871	0
150892	14	1706	871	0
123465	14	182	871	0
13182	28	76	871	0
40372	28	1819	871	0
65062	28	106	871	0
63693	14	9403	871	0
62004	14	2574	871	0
60446	14	279	871	0
70491	14	182	871	0
60733	28	44957	871	872
108788	28	76	871	872
153414	28	276	871	872
81446	28	91	871	872
124361	23	69384	871	873
69384	23	124361	871	873
17035	28	1488	871	873
184867	28	244	871	873
80051	28	65	871	873
27564	28	295	871	874
3096	23	16684	871	874
16684	23	3096	871	874
150271	28	171	871	874
50712	28	371	871	874
15717	28	539	871	874
30383	28	76	871	874
98933	23	30245	871	875
44420	28	1818	871	875
67595	28	131	871	875
8501	28	76	871	875
42365	28	203	871	876
65176	28	351	871	877
94318	28	12145	871	877
181069	16	151	871	877
40372	28	16	871	878
47073	23	69538	871	879
38905	28	274	871	880
3086	23	78443	871	881
78525	28	211	871	886
101634	23	43361	871	889
36666	23	126874	871	918
126874	23	36666	871	918
63349	6	306	872	0
46373	28	111	872	0
98083	16	870	872	0
122788	14	279	872	0
89425	14	444	872	0
72555	28	276	872	0
126721	14	7588	872	0
126834	28	295	872	0
94781	14	182	872	0
36057	14	279	872	0
103259	6	2618	872	0
42596	14	943	872	0
146449	14	279	872	0
91204	14	2995	872	0
102804	14	182	872	0
32585	14	279	872	0
174676	6	15365	872	0
81404	14	29565	872	0
95699	28	99	872	0
59816	28	43	872	0
110443	14	279	872	0
35437	14	43240	872	0
130757	14	1706	872	0
111104	14	4523	872	0
26688	14	2951	872	0
32585	14	813	872	0
75500	14	444	872	0
83968	14	15889	872	0
152204	14	1706	872	0
99760	14	2964	872	0
48971	28	76	872	873
8501	28	311	872	873
8501	28	1818	872	873
51148	28	244	872	873
113204	28	31	872	874
69374	28	529	872	874
58004	16	65127	872	874
46373	28	20	872	875
48493	28	64	872	875
12615	28	675	872	875
54975	23	17288	872	876
46552	28	199	872	876
69268	28	26111	872	876
18417	28	101	872	876
79087	28	32	872	876
30639	28	832	872	877
12615	28	217	872	878
89408	28	181	872	879
41458	28	259	872	881
70302	28	675	872	881
60527	28	387	872	882
13266	28	217	872	882
165975	28	550	872	882
41458	28	227	872	887
56363	28	76	872	889
138629	28	266	872	889
36057	14	664	872	891
62642	23	78472	872	894
111016	23	153363	872	911
73354	14	765	873	0
157784	14	2922	873	0
87705	14	101166	873	0
101413	14	7588	873	0
49386	16	15342	873	0
88461	28	502	873	0
37554	14	2951	873	0
50048	14	1425	873	0
104403	14	2417	873	0
102947	28	12845	873	0
78816	14	1343	873	0
53316	14	130	873	0
8073	14	943	873	0
58683	14	3916	873	0
65715	14	279	873	0
106051	14	444	873	0
81355	14	182	873	0
78795	14	20547	873	0
56648	16	6590	873	0
148824	14	613	873	0
72909	14	2417	873	0
128787	14	765	873	0
5875	23	150488	873	0
50048	14	1428	873	0
26688	14	782	873	0
130702	16	1256	873	0
111857	14	279	873	0
88033	14	1880	873	0
42543	14	2384	873	0
94223	6	3310	873	0
85412	14	2574	873	0
94305	27	10393	873	0
101818	14	2951	873	0
102452	16	43394	873	873
34173	28	12788	873	874
17035	28	76	873	874
75161	28	19	873	874
56683	23	141520	873	874
80051	28	16	873	874
8501	28	346	873	874
58769	28	36	873	874
81730	28	76	873	874
50712	28	217	873	874
94594	28	1165	873	874
13476	28	346	873	874
64457	28	1697	873	875
28187	28	1832	873	875
36996	28	44	873	875
27605	28	750	873	875
35722	28	12788	873	875
115909	28	267	873	876
111246	28	1018	873	876
77384	28	1165	873	876
45904	28	109	873	876
126295	28	101	873	876
30639	28	269	873	877
114994	28	68175	873	877
51204	16	151	873	877
69268	28	368	873	878
144143	23	143282	873	879
40204	28	866	873	879
0	27	13736	873	879
50010	23	4762	873	880
4762	23	50010	873	880
111095	23	87439	873	880
13476	28	358	873	880
17177	28	1926	873	881
23880	28	7606	873	881
39126	28	217	873	881
110329	28	213	873	881
49752	28	88	873	882
36291	28	27	873	883
64203	28	217	873	884
49386	16	59844	873	884
87009	23	41225	873	886
174475	16	226	873	888
94394	16	43394	873	888
90167	23	50312	873	890
82152	23	74133	873	902
131027	14	182	873	908
76372	23	129462	873	924
99951	28	36	874	0
158640	14	279	874	0
42813	28	12788	874	0
113204	28	751	874	0
102991	28	203	874	0
25874	28	120	874	0
46552	28	346	874	0
139027	14	130	874	0
20880	6	3006	874	0
36057	14	207	874	0
83104	14	279	874	0
143333	14	24596	874	0
55889	28	38	874	0
56152	28	14	874	0
40841	28	52	874	0
107630	14	3899	874	0
80007	28	3335	874	0
36466	28	61	874	0
9899	28	16	874	0
9899	28	4760	874	0
81355	14	279	874	0
83996	14	3899	874	0
128296	14	7588	874	0
129318	14	1706	874	0
32423	28	52	874	0
69421	14	782	874	0
62659	14	182	874	0
79828	14	2951	874	0
8828	23	63889	874	0
87677	14	279	874	0
80051	28	38	874	0
44158	14	943	874	0
46708	28	36	874	0
33107	28	12788	874	0
14274	28	153	874	0
13174	28	3335	874	0
14274	28	1032	874	0
27213	1	182707	874	0
16895	28	828	874	0
56343	28	2663	874	0
126834	28	121	874	0
117827	14	2797	874	0
101420	28	31	874	0
47296	28	45	874	0
155514	14	279	874	0
61811	28	139	874	875
72378	28	169	874	875
76354	28	9804	874	875
77851	28	77	874	875
139024	28	3335	874	875
47600	28	31	874	875
33463	28	51	874	875
19190	28	16	874	875
12903	28	14	874	875
8501	28	17969	874	875
75601	28	89	874	875
68592	28	38	874	875
45670	28	87	874	875
63593	28	750	874	875
6045	28	73	874	875
125719	28	4861	874	875
67107	28	48	874	875
76663	28	188	874	875
102573	28	102	874	875
71795	28	547	874	875
73991	28	88	874	875
27395	28	68928	874	875
53026	28	10669	874	875
92730	28	23	874	875
40143	28	43	874	875
17035	28	53	874	875
16895	28	51	874	875
59060	28	43	874	875
50712	28	7606	874	875
13182	28	30	874	875
42605	28	36	874	875
36466	28	120	874	875
50251	28	69	874	875
107726	28	131	874	875
35708	28	12788	874	875
75221	28	73	874	875
28844	28	82	874	875
81446	28	188	874	875
80051	28	19	874	875
72210	28	31	874	875
108444	28	65	874	875
106756	28	27	874	875
41663	28	51	874	875
78370	28	16	874	875
7241	28	73	874	875
12996	28	52	874	875
85261	28	3335	874	875
106817	28	265	874	875
29966	28	67	874	875
82044	28	122	874	875
60443	28	39	874	875
43731	28	73	874	875
6161	28	86	874	875
51858	28	82	874	875
113271	28	53	874	876
85889	28	31	874	876
82593	28	38	874	876
137614	28	52	874	876
89854	28	161	874	876
23247	28	22	874	876
19629	28	65	874	876
49661	28	58	874	876
50716	28	19	874	876
90608	28	43	874	876
66890	28	9804	874	876
8247	28	169	874	876
40869	28	20	874	876
62321	6	306	874	876
46414	6	2443	874	876
78543	28	98	874	876
21946	28	63	874	876
21593	28	48784	874	876
90590	28	45192	874	876
44582	28	1633	874	876
115113	28	930	874	876
125736	28	47	874	876
23686	28	53	874	876
48322	28	20	874	876
95053	28	86654	874	876
58154	28	1100	874	876
26430	28	101	874	876
19998	28	41	874	876
82064	28	38	874	876
108071	28	51	874	876
49891	28	56	874	876
110960	28	150	874	876
35600	28	32	874	877
99332	28	49	874	877
70491	14	279	874	877
19655	28	22	874	877
57147	28	149	874	877
47020	28	3953	874	877
56213	28	27	874	877
75161	28	828	874	877
94640	28	43	874	877
30320	28	19	874	877
14015	28	55	874	877
71876	28	149	874	877
20281	28	64	874	877
15717	28	92	874	877
94594	28	92	874	877
92540	28	55	874	877
27564	28	121	874	877
87731	28	33	874	877
57501	28	149	874	877
45372	28	27	874	877
63430	28	28	874	877
83713	28	41	874	878
46870	28	58	874	878
55889	28	265	874	878
124209	28	38	874	878
68564	28	117	874	878
12903	28	41	874	878
13273	28	1750	874	878
80007	28	277	874	878
22672	23	109787	874	878
6968	28	9804	874	878
123727	28	48	874	878
40142	28	98	874	878
41704	28	203	874	879
25536	28	53	874	879
40142	28	29	874	879
38012	28	28	874	879
128948	28	52	874	879
185718	28	102	874	879
30383	28	29	874	879
56343	28	36	874	880
66474	28	269	874	880
166657	28	45	874	880
36098	28	930	874	880
16863	28	28	874	880
113853	28	22	874	880
106822	28	557	874	880
62056	28	5597	874	880
67595	28	32	874	880
40575	28	19	874	880
61384	28	217	874	881
53080	28	27	874	881
39197	28	30	874	881
122268	28	102	874	881
123026	28	550	874	881
35600	28	315	874	881
108471	28	206	874	881
45529	28	49	874	882
177094	28	129	874	882
14274	28	76	874	882
92191	28	297	874	882
105061	28	60	874	882
108808	23	3723	874	883
135371	28	36	874	884
34009	28	260	874	885
93410	23	20781	874	885
55238	28	66	874	886
52574	28	269	874	886
111074	28	22	874	886
95812	28	103	874	886
51297	28	30	874	887
47298	28	121	874	887
95245	28	83	874	887
25436	23	108302	874	887
12996	28	3953	874	888
86376	28	83	874	888
72334	28	259	874	888
60365	28	66	874	889
78376	23	114784	874	890
100773	23	75486	874	893
58564	23	69926	874	895
72911	14	918	874	895
58004	16	11357	874	901
101018	23	116926	874	909
131144	28	117	875	0
40913	14	2922	875	0
56200	28	17969	875	0
100726	28	38	875	0
48565	28	29	875	0
22359	28	559	875	0
103521	28	3335	875	0
22792	14	2384	875	0
47296	28	99	875	0
39355	28	58	875	0
37554	14	2964	875	0
5531	14	1706	875	0
92191	28	280	875	0
90283	28	73	875	0
9899	28	47	875	0
22359	28	79	875	0
71839	6	1103	875	0
29631	28	9804	875	0
126906	28	111	875	0
107176	28	381	875	0
30586	14	207	875	0
106051	14	4611	875	0
110716	28	109	875	0
107059	16	7958	875	0
81715	28	1043	875	0
109464	14	444	875	0
59832	28	100	875	0
44393	28	1043	875	0
44511	28	31	875	0
39577	6	4455	875	0
8704	14	444	875	0
57790	28	176562	875	0
107864	14	943	875	0
82035	28	244	875	0
81730	28	28	875	0
56200	28	1100	875	0
59721	28	1374	875	0
5488	28	57	875	0
50712	28	292	875	0
48028	14	182	875	0
54553	28	73	875	0
60473	28	9014	875	0
27562	28	16	875	0
97240	14	4523	875	0
89749	14	7588	875	0
29664	14	2951	875	0
13702	28	502	875	875
132973	28	68	875	876
52373	28	1977	875	876
64229	28	337	875	876
29966	28	3335	875	876
84073	28	51	875	876
41620	28	27	875	876
83967	28	381	875	876
86971	28	848	875	876
6045	28	98	875	876
72378	28	12107	875	876
76663	28	27	875	876
76354	28	46	875	876
14015	28	14	875	876
92882	6	2120	875	876
34684	28	2215	875	876
78370	28	87	875	876
27605	28	1129	875	876
52917	28	277	875	876
80051	28	3335	875	876
8668	28	24227	875	876
94322	28	40	875	876
84799	28	89	875	876
99024	28	85	875	876
108385	28	3335	875	876
106756	28	69	875	876
42494	28	47	875	876
63801	28	28	875	876
102703	28	3335	875	876
43722	28	72	875	876
89298	28	347	875	876
47711	28	1977	875	876
182625	28	53	875	876
64457	28	27	875	876
23056	28	38	875	876
50251	28	63	875	876
94919	28	67	875	876
31320	28	20	875	876
14356	28	47	875	876
11215	28	20	875	877
41663	28	46	875	877
63593	28	358	875	877
104193	28	15676	875	877
103708	28	69	875	877
36012	28	1129	875	877
80026	28	16	875	877
18373	14	2297	875	877
59060	28	5478	875	877
109273	28	50	875	877
113097	28	58	875	877
92730	28	78	875	877
102573	28	9804	875	877
90403	28	158	875	877
173745	28	53	875	877
88913	28	50	875	877
43731	28	1750	875	877
56200	28	109	875	877
75568	28	63	875	877
28844	28	109	875	877
18371	28	50	875	877
42125	28	69	875	877
43731	28	122	875	877
19190	28	38	875	877
94975	28	34	875	877
36996	28	79	875	877
67107	28	16	875	877
35982	28	1129	875	877
68592	28	3335	875	877
104790	28	42	875	878
9764	28	69	875	878
51148	28	3313	875	878
71498	28	330	875	878
84735	28	102	875	878
94322	28	247	875	878
13792	28	750	875	878
94975	28	266	875	878
36542	28	64	875	878
95348	28	92	875	878
13182	28	91	875	878
33099	28	98	875	878
44695	28	31	875	878
61503	28	136	875	879
57790	28	169	875	879
54646	28	630	875	879
52297	28	44	875	879
118727	28	34	875	879
105590	28	351	875	879
53038	28	14	875	879
108444	28	559	875	879
17035	28	43	875	879
46373	28	41	875	879
59832	28	20	875	879
13816	28	371	875	879
13816	28	217	875	879
36466	28	16	875	879
51148	28	164	875	879
93394	28	176	875	879
23591	28	495	875	879
154249	28	44	875	879
30825	28	60	875	879
154814	28	64	875	879
81446	28	49	875	879
104395	28	44	875	879
46236	28	109	875	880
34516	28	58	875	880
143099	28	29086	875	880
38920	28	217	875	880
121645	28	198	875	880
93819	28	789	875	880
33852	28	217	875	880
82993	28	68	875	880
22359	28	91	875	880
75601	28	46	875	880
33270	28	43	875	880
128389	28	16	875	880
21491	28	750	875	880
40754	28	31	875	880
33463	28	28	875	881
30383	28	58	875	881
87898	28	109	875	881
44393	28	16	875	881
117600	28	29	875	881
42161	28	7606	875	881
57511	28	3667	875	882
27395	28	36	875	882
26826	28	14	875	883
54733	28	42	875	883
59542	28	49	875	883
23247	28	14	875	883
44420	28	800	875	883
94318	28	164	875	883
14215	28	233	875	883
145948	28	34	875	883
113253	23	78887	875	883
99385	23	88723	875	883
51858	28	77	875	883
114703	28	23	875	884
29320	28	29	875	884
49761	28	43	875	884
111246	28	460	875	884
125719	28	203	875	884
44439	23	71681	875	884
71681	23	44439	875	884
36098	28	68	875	885
27564	28	1754	875	885
138629	28	34	875	885
3988	23	124893	875	885
92976	28	617	875	885
78135	28	1178	875	886
47298	28	176	875	886
175604	28	460	875	886
42821	28	23	875	886
64021	28	460	875	886
37043	28	28	875	886
33737	28	247	875	887
154625	28	121	875	888
51204	23	74941	875	888
59721	28	55	875	889
44870	28	16	875	890
60473	28	30	875	890
3402	23	10741	875	891
10741	23	3402	875	891
27564	28	176	875	891
131227	28	1321	875	894
17031	16	11357	875	901
4416	23	96912	875	902
96912	23	4416	875	902
64097	23	42466	875	912
48609	23	155520	875	918
112443	6	270	876	0
4296	28	74	876	0
133650	28	49	876	0
16449	28	333	876	0
29337	28	14	876	0
37949	30	3209	876	0
49891	28	247	876	0
55560	14	23980	876	0
31758	14	1126	876	0
106946	28	177	876	0
54878	14	1706	876	0
107630	14	3348	876	0
126292	28	46	876	0
9764	28	14	876	0
126820	28	50	876	0
110077	28	169	876	0
113271	28	39	876	0
86509	28	327	876	0
3451	14	943	876	0
40582	28	1688	876	0
62798	14	782	876	0
103701	14	1217	876	0
148486	28	176	876	0
109128	28	265	876	0
34773	28	29	876	0
3451	14	22811	876	0
86638	28	177	876	0
89854	28	153	876	0
23247	28	58	876	0
76354	28	283	876	0
31320	28	9832	876	0
7359	14	3568	876	0
81460	28	68	876	0
95245	28	68	876	0
72909	14	2951	876	0
176546	14	2188	876	0
40841	28	14	876	0
49891	28	41	876	0
78816	14	55576	876	0
103521	28	100	876	0
109273	28	29	876	0
45459	28	178	876	0
41802	28	14	876	0
4296	28	396	876	0
70084	23	93961	876	0
49661	28	61	876	0
24955	28	29	876	0
110961	14	444	876	0
123026	28	176	876	0
79778	28	31227	876	0
77851	28	347	876	0
8836	28	502	876	0
67595	28	40645	876	0
105809	28	221	876	0
12996	28	50	876	0
40258	28	87	876	0
94594	28	1750	876	0
48520	14	4611	876	0
28943	28	36570	876	0
38201	14	70879	876	0
95920	28	27	876	877
39355	28	347	876	877
22373	28	69	876	877
75221	28	178	876	877
65282	28	63	876	877
89089	28	85	876	877
100726	28	28	876	877
14391	28	4134	876	877
58154	28	16	876	877
19998	28	87	876	877
105061	28	201	876	877
45459	28	67	876	877
47711	28	7095	876	877
76142	28	100	876	877
33107	28	3715	876	877
31205	28	85	876	877
87192	28	828	876	877
23630	28	3715	876	877
44178	28	8119	876	877
43722	28	57	876	877
80023	28	3715	876	877
37228	28	3715	876	877
41620	28	10712	876	877
4296	28	57	876	877
83967	28	3715	876	877
108385	28	4134	876	877
126292	28	72	876	877
40286	28	3335	876	877
85889	28	61	876	877
96547	28	58869	876	877
102991	28	395	876	877
32255	28	81932	876	877
51370	28	70591	876	877
106781	28	8119	876	877
118231	28	56	876	877
87721	28	289	876	877
63801	28	100	876	877
45904	28	1043	876	877
42605	28	74	876	877
21946	28	311	876	877
29631	28	109	876	877
95461	28	161	876	877
100938	28	81932	876	877
21593	28	107	876	877
52917	28	139	876	877
50251	28	1977	876	877
109456	28	46	876	877
23350	28	11024	876	877
8247	28	161	876	877
105598	28	87	876	877
52893	28	2454	876	877
109397	28	27	876	877
29169	28	11024	876	877
85737	28	111	876	878
101545	28	101546	876	878
90608	28	86	876	878
56573	28	14	876	878
26430	28	39	876	878
104112	28	67	876	878
94919	28	57	876	878
23555	28	109	876	878
93937	28	4134	876	878
33120	28	177	876	878
32984	28	55	876	878
18054	28	20	876	878
126295	28	1977	876	878
49950	28	12667	876	878
25239	28	49	876	878
44386	28	233	876	878
66890	28	67	876	878
29966	28	126	876	878
86170	28	29237	876	878
71185	28	14	876	879
6045	28	117	876	879
31068	28	9804	876	879
74142	28	135	876	879
99951	28	74	876	879
30502	28	64	876	879
31879	28	30	876	879
39243	28	158	876	879
102703	28	247	876	879
23686	28	66	876	879
82593	28	27	876	879
113271	28	150	876	879
84799	28	85	876	879
50716	28	31	876	879
51498	28	69	876	879
113436	28	39	876	879
44582	28	64	876	879
102703	28	31	876	879
42813	28	11024	876	879
48322	28	33	876	879
34173	28	11024	876	879
5488	28	31	876	879
21953	28	58	876	879
30431	28	52	876	879
111683	28	91	876	879
59998	28	265	876	879
52839	28	185	876	880
12996	28	14	876	880
47716	28	30	876	880
120777	28	297	876	880
27395	28	14	876	880
31797	28	34	876	880
46552	28	20	876	880
19629	28	28	876	880
81464	28	139	876	880
115909	28	76	876	880
47600	28	8119	876	880
20856	28	39	876	880
8836	28	800	876	880
46708	28	351	876	880
13702	28	153	876	880
64405	28	52	876	880
35065	28	1688	876	881
32841	28	47	876	881
90590	28	1149	876	881
18417	28	50	876	881
30156	28	78	876	881
110077	28	289	876	881
89408	28	464	876	881
23247	28	56	876	881
12996	28	41	876	881
36354	28	45	876	881
56924	23	153969	876	881
143099	28	1178	876	881
95053	28	31225	876	881
99024	28	82	876	881
31797	28	2310	876	881
77558	28	74	876	882
79675	28	32	876	882
95221	28	266	876	882
87028	28	12466	876	882
72378	28	91	876	883
88750	28	135	876	883
23485	28	43	876	883
60733	28	32	876	883
125719	28	244	876	883
95221	28	34	876	883
14949	28	14	876	884
104204	28	3335	876	884
59721	28	14	876	884
15778	23	25689	876	884
111246	28	297	876	884
180181	28	213	876	885
136548	28	345	876	885
82993	28	83	876	886
40869	28	52	876	886
126753	28	164	876	886
40204	28	269	876	886
56363	28	29	876	887
72280	28	269	876	887
2017	23	81561	876	887
81561	23	2017	876	887
75945	28	217	876	889
9455	16	1469	876	900
41941	23	66245	876	905
66245	23	41941	876	905
5579	23	48093	876	910
130253	23	109355	876	916
109355	23	130253	876	916
5813	23	94440	876	925
94440	23	5813	876	925
61414	14	29565	877	0
23511	14	2951	877	0
5810	14	782	877	0
76142	28	60883	877	0
84906	28	30	877	0
41821	14	444	877	0
29993	28	45	877	0
103708	28	91	877	0
120072	28	81	877	0
90903	14	902	877	0
36291	28	14	877	0
9899	28	53	877	0
96275	23	24275	877	0
120712	28	65	877	0
13273	28	20	877	0
33852	28	371	877	0
30408	28	19	877	0
71232	6	3236	877	0
31758	14	4611	877	0
34115	28	14	877	0
20880	6	2646	877	0
119851	6	3102	877	0
109456	28	102	877	0
50050	14	2922	877	0
93671	28	23	877	0
57336	14	902	877	0
10106	23	109248	877	0
14356	28	1025	877	0
106946	28	150	877	0
121220	14	1706	877	0
86638	28	2069	877	0
150403	28	1426	877	0
62391	28	2707	877	0
93815	14	5310	877	0
80539	14	2964	877	0
16449	28	131	877	0
56200	28	29	877	0
62340	14	119813	877	0
64457	28	122	877	0
90403	28	91	877	0
16002	14	3280	877	0
18073	28	114	877	0
40575	28	14	877	0
48520	14	2417	877	0
106201	28	16	877	0
34554	28	80	877	0
126685	14	2188	877	0
105590	28	29	877	0
71126	28	1818	877	0
70911	14	7588	877	0
48493	28	188	877	0
21703	28	12788	877	878
71784	28	2707	877	878
97191	28	102	877	878
19655	28	117	877	878
72426	28	14	877	878
63593	28	161	877	878
64229	28	55	877	878
55620	28	53	877	878
100703	28	48	877	878
95920	28	22	877	878
96547	28	45192	877	878
74223	28	828	877	878
88913	28	89	877	878
28943	28	51	877	878
29169	28	12788	877	878
102573	28	92	877	878
61204	28	45396	877	878
45459	28	104	877	878
45904	28	80	877	878
56150	28	77	877	878
104204	28	31	877	878
87721	28	381	877	878
23350	28	12788	877	878
42125	28	347	877	878
30320	28	265	877	878
78370	28	22	877	878
63801	28	58	877	878
68842	28	87	877	878
45372	28	16	877	878
109831	28	89	877	878
94322	28	38	877	878
109456	28	89	877	878
38534	28	290	877	878
109273	28	33	877	878
44178	28	432	877	878
94640	28	48	877	878
53080	28	14	877	878
50394	28	2389	877	878
68592	28	85	877	878
8247	28	87	877	878
85889	28	381	877	878
37285	28	51	877	878
94594	28	188	877	878
24055	28	4134	877	878
65282	28	39303	877	878
28844	28	77	877	878
94978	28	82	877	878
76142	28	53	877	878
42494	28	46	877	878
41620	28	2069	877	878
9899	28	73	877	878
17037	28	27	877	878
56213	28	16	877	878
46807	28	291	877	878
29957	28	12788	877	878
47295	28	3178	877	878
8668	28	101	877	878
35982	28	29	877	878
64116	28	20	877	878
63430	28	61	877	878
142004	28	31	877	878
80026	28	89	877	878
89127	28	28	877	878
21946	28	111	877	878
104017	28	66	877	878
29121	28	19	877	879
64457	28	1223	877	879
18054	28	29	877	879
82856	28	43	877	879
34554	28	104	877	879
120777	28	460	877	879
13273	28	381	877	879
14391	28	298	877	879
76405	28	800	877	879
74899	28	52	877	879
29631	28	178	877	879
92540	28	39	877	879
59194	28	42	877	879
19998	28	33	877	879
59060	28	1977	877	879
17945	28	9944	877	879
58154	28	100	877	879
43731	28	19	877	879
47020	28	139	877	879
99332	28	31	877	879
19190	28	40	877	879
84073	28	2069	877	879
77384	28	1750	877	879
119596	23	47335	877	879
24514	28	11024	877	879
32955	28	98	877	879
71876	28	102	877	879
131673	28	29086	877	880
47732	23	12422	877	880
90335	28	43	877	880
52917	28	1977	877	880
35485	28	2404	877	880
47851	28	65	877	880
108071	28	31	877	880
47711	28	50	877	880
109397	28	16	877	880
75161	28	48	877	880
22373	28	87	877	880
52893	28	1165	877	880
128884	28	3303	877	880
60443	28	20	877	880
18371	28	33	877	880
95461	28	3303	877	880
56200	28	49	877	880
83967	28	2707	877	880
31877	28	58	877	880
48466	28	351	877	880
20281	28	61	877	880
63224	28	2642	877	881
104706	28	2577	877	881
64836	28	14	877	881
24275	23	96275	877	881
53026	28	16	877	881
69208	28	34	877	881
126274	28	34	877	881
89089	28	188	877	881
66504	28	292	877	881
40233	28	2707	877	881
34474	28	27	877	881
48851	28	2707	877	881
75568	28	1977	877	881
124231	28	36	877	881
40143	28	81	877	881
110452	28	31225	877	881
75221	28	1977	877	881
70181	28	45	877	881
44582	28	14	877	881
80144	28	27	877	881
14949	28	49	877	882
41931	28	49	877	882
105809	28	47	877	882
35982	28	199	877	882
89392	28	3119	877	882
114864	28	80	877	882
11215	28	89	877	882
117657	28	455	877	882
114994	28	266	877	883
40582	28	32	877	883
70517	28	60	877	883
40286	28	126	877	883
93819	28	184	877	883
47304	28	42	877	883
78730	23	69384	877	883
69384	23	78730	877	883
14015	28	20	877	883
24955	28	19	877	883
120072	28	177	877	884
21593	28	48	877	884
21742	28	32	877	884
24294	23	5172	877	884
52079	28	8898	877	884
16449	28	260	877	885
37349	28	91	877	885
65176	28	44	877	885
23591	28	217	877	885
120446	28	63	877	886
67107	28	158	877	886
40582	28	131	877	886
122449	28	1750	877	886
34009	28	32	877	886
147937	28	42	877	886
60733	28	131	877	886
154625	28	176	877	886
59712	28	1176	877	887
54146	28	184	877	887
52574	28	875	877	888
3442	23	11442	877	888
11442	23	3442	877	888
69268	28	112	877	889
58813	14	2460	877	893
76080	28	171	877	894
78810	28	630	877	894
25870	16	11357	877	901
64747	30	1858	877	910
40130	23	100797	877	920
87018	23	116386	877	932
116386	23	87018	877	932
96574	23	147556	877	943
96526	14	2824	878	0
53085	28	518	878	0
39838	28	161	878	0
97445	14	1343	878	0
157387	16	15342	878	0
74261	14	6176	878	0
53709	14	24005	878	0
89298	28	247	878	0
16002	14	943	878	0
90248	28	558	878	0
92313	14	2951	878	0
123499	14	2964	878	0
107630	14	55576	878	0
48493	28	53	878	0
104112	28	4134	878	0
40759	14	4413	878	0
62391	28	2721	878	0
144725	28	14	878	0
8668	28	11024	878	0
109588	28	48	878	0
109873	28	104	878	0
47020	28	14	878	0
125075	28	14	878	0
54901	28	98	878	0
5306	23	74854	878	0
74854	23	5306	878	0
92052	14	902	878	0
39577	6	59	878	0
90248	28	77	878	0
100741	14	444	878	0
129124	14	18354	878	0
66279	14	2797	878	0
93763	28	29	878	0
151589	14	207	878	0
37879	28	80	878	0
102947	28	233	878	0
25027	28	14101	878	0
97234	28	1592	878	0
22194	28	2707	878	0
103708	28	2404	878	0
24472	28	104	878	0
56907	14	782	878	0
89445	23	110175	878	0
80539	14	2258	878	0
16002	14	2384	878	0
100873	28	67	878	0
14748	1	64863	878	0
46373	28	14	878	0
90403	28	3178	878	0
33120	28	3303	878	0
63801	28	1750	878	0
57147	28	29	878	0
4296	28	38	878	0
60455	28	14	878	0
103259	6	306	878	0
77851	28	46	878	0
41341	28	351	878	0
37554	14	6456	878	0
23056	28	61	878	0
34494	28	14	878	0
45459	28	559	878	0
61414	14	2797	878	0
96547	28	29531	878	879
8668	28	2721	878	879
131074	28	188	878	879
29957	28	11024	878	879
47295	28	16	878	879
30266	28	153	878	879
37285	28	2388	878	879
16895	28	20	878	879
30320	28	1977	878	879
90403	28	16	878	879
78370	28	67	878	879
39156	28	4134	878	879
161525	28	53	878	879
15717	28	53	878	879
43722	28	56	878	879
19655	28	87	878	879
78076	28	85	878	879
35722	28	8051	878	879
104112	28	107	878	879
97191	28	432	878	879
51260	28	53	878	879
78764	28	31	878	879
61649	28	16	878	879
100703	28	126	878	879
19629	28	14	878	879
104204	28	56	878	879
64229	28	1977	878	879
35708	28	8051	878	879
65282	28	150	878	879
95920	28	67	878	879
27972	28	80	878	879
6968	28	61	878	879
68592	28	48	878	879
105038	28	1977	878	879
33107	28	8051	878	879
33099	28	3405	878	879
126820	28	432	878	879
24055	28	77	878	879
35838	28	139	878	879
54605	28	48	878	879
110721	28	8051	878	879
8728	28	53	878	879
36542	28	38	878	879
65062	28	2721	878	879
90283	28	2069	878	879
42605	28	41	878	879
74223	28	81	878	879
88913	28	111	878	879
13182	28	4134	878	879
78543	28	16	878	879
46948	28	158	878	879
89298	28	52	878	879
93682	28	4134	878	879
34561	28	55	878	879
45904	28	104	878	879
36012	28	1505	878	879
104017	28	1977	878	879
23056	28	67	878	879
21703	28	11024	878	879
71784	28	2721	878	879
25239	28	19	878	879
60062	28	1977	878	879
38534	28	539	878	879
35277	28	46	878	879
82153	28	800	878	879
93937	28	1977	878	879
63801	28	64	878	879
107044	28	167	878	879
102573	28	347	878	879
48493	28	126	878	879
56213	28	56	878	879
68842	28	80	878	879
97234	28	121	878	880
87114	28	48784	878	880
87721	28	3628	878	880
85732	23	13472	878	880
88367	28	3405	878	880
118231	28	158	878	880
89127	28	78	878	880
85889	28	139	878	880
72954	28	3021	878	880
13615	28	290	878	880
84735	28	126	878	880
83713	28	36	878	880
74037	28	857	878	880
22580	28	177	878	880
90288	28	43	878	880
42821	28	14	878	880
31763	28	19	878	880
90248	28	52	878	880
23880	28	244	878	880
8501	28	52	878	880
23918	28	930	878	880
50394	28	57	878	880
44386	28	3376	878	880
104790	28	82	878	880
22672	23	85936	878	880
89854	28	64	878	880
60365	28	14	878	880
25846	28	99	878	880
72510	28	126	878	880
30069	28	2388	878	880
72210	28	149	878	880
105645	28	82	878	880
80026	28	158	878	880
71313	28	65	878	880
60455	28	73	878	880
111880	28	3021	878	880
12903	28	50	878	880
108615	28	109	878	880
64116	28	87	878	881
49891	28	40	878	881
123033	28	460	878	881
13792	28	257	878	881
93671	28	47	878	881
61643	28	257	878	881
93763	28	58	878	881
68564	28	27	878	881
56150	28	1977	878	881
9764	28	52	878	881
100565	28	22	878	881
46338	28	1037	878	881
83317	28	64	878	881
92191	28	460	878	881
103204	28	460	878	881
103204	28	107482	878	881
126319	28	73	878	881
18054	28	50	878	881
184936	28	53	878	881
80007	28	89	878	881
28844	28	65	878	881
54844	28	81	878	881
40617	28	16	878	882
98222	28	91	878	882
30747	28	16	878	882
26430	28	52	878	882
34684	28	70	878	882
94594	28	2404	878	882
71498	28	45	878	882
126133	28	37	878	882
123727	28	126	878	882
51683	28	800	878	882
89298	28	1668	878	882
11356	28	431	878	882
46870	28	49	878	882
42321	28	7606	878	882
74501	28	550	878	882
41341	28	161	878	882
133291	28	198	878	883
28943	28	66	878	883
45095	28	28	878	883
44695	28	111	878	883
128007	28	6878	878	883
126753	28	3313	878	883
110329	28	29	878	883
90608	28	33	878	883
40372	28	47	878	884
117600	28	50	878	884
120712	28	117	878	884
51297	28	14	878	884
126295	28	5478	878	884
17037	28	36	878	884
94640	28	85	878	884
131673	28	1178	878	884
94975	28	203	878	884
46729	28	184	878	884
64457	28	1750	878	884
99686	28	80	878	884
23649	28	32	878	885
146774	23	146775	878	885
33120	28	2721	878	885
12615	28	121	878	885
60473	28	14	878	885
68098	28	20	878	885
44870	28	14	878	885
32984	28	27	878	885
25027	28	22	878	886
165696	28	85	878	886
110228	23	128132	878	886
130532	28	34	878	886
59247	28	259	878	887
70681	28	227	878	887
72334	28	227	878	887
29966	28	102	878	887
70302	28	217	878	888
23555	28	48	878	889
85486	28	291	878	889
81954	28	323	878	889
35047	28	44	878	890
148309	28	44631	878	890
59247	28	227	878	890
59412	28	45	878	891
128007	28	1446	878	891
59712	28	227	878	892
74037	28	39058	878	896
63262	28	140	878	905
60564	28	16	879	0
35525	14	2964	879	0
133716	28	14	879	0
114994	28	34	879	0
31879	28	89	879	0
36985	6	3991	879	0
4959	14	22811	879	0
29121	28	150	879	0
17348	14	4611	879	0
90288	28	29	879	0
17348	14	1126	879	0
42213	28	14	879	0
56657	28	45	879	0
99442	28	30	879	0
52928	14	2990	879	0
59060	28	81	879	0
75500	14	1343	879	0
143054	14	1706	879	0
20084	28	648	879	0
14356	28	221	879	0
33107	28	3303	879	0
86376	28	68	879	0
94322	28	150	879	0
52893	28	1750	879	0
87731	28	126	879	0
17348	14	2995	879	0
124599	28	34	879	0
78371	14	34273	879	0
5810	14	2951	879	0
55876	28	41	879	0
63801	28	81	879	0
59657	28	14	879	0
34173	28	2721	879	0
95348	28	1977	879	0
102947	28	32	879	0
126834	28	2338	879	0
66890	28	265	879	0
62444	14	444	879	0
60379	28	88	879	0
39156	28	7095	879	0
43731	28	68928	879	0
23362	14	5310	879	0
4296	28	88	879	0
42161	28	244	879	0
95550	14	782	879	0
51498	28	1742	879	0
46414	6	270	879	0
184172	28	34	879	0
35525	14	918	879	0
33270	28	29	879	0
65370	28	244	879	0
184998	28	53	879	0
43731	28	150	879	0
21213	28	17969	879	0
56590	28	12845	879	0
82234	28	1110	879	880
25464	28	92	879	880
71876	28	629	879	880
40142	28	3303	879	880
63801	28	9804	879	880
55648	28	39	879	880
27318	28	1165	879	880
100274	28	2517	879	880
65282	28	1977	879	880
6968	28	88	879	880
71317	28	3405	879	880
136548	28	413	879	880
118062	28	1234	879	880
19190	28	74	879	880
90180	28	6966	879	880
104395	28	27	879	880
13476	28	29	879	880
43722	28	111	879	880
89298	28	77	879	880
41704	28	1119	879	880
8728	28	69	879	880
78543	28	38	879	880
52597	28	74	879	880
46043	28	69	879	880
66890	28	178	879	880
59491	28	56	879	880
74223	28	432	879	880
7879	28	2404	879	880
29169	28	6799	879	880
93937	28	2404	879	880
50716	28	27	879	880
23350	28	6799	879	880
24761	28	156	879	880
77675	28	81	879	880
92150	28	379	879	880
13182	28	2404	879	880
6045	28	30	879	880
31879	28	92	879	880
36012	28	274	879	880
84073	28	89	879	880
99332	28	118	879	880
36466	28	149	879	880
95348	28	117	879	880
34054	28	371	879	880
68592	28	629	879	880
58154	28	1977	879	880
38617	28	3715	879	880
105590	28	48	879	880
61649	28	40	879	880
78370	28	9804	879	880
5488	28	50	879	880
72296	28	2707	879	880
64229	28	7095	879	880
78076	28	3335	879	880
93777	28	67	879	880
59998	28	91	879	880
84906	28	58	879	880
34173	28	8051	879	880
59060	28	126	879	880
110102	28	31	879	880
33107	28	6799	879	880
46948	28	88	879	880
30431	28	58	879	880
63430	28	67	879	880
65062	28	8051	879	880
54605	28	432	879	880
22329	28	180	879	880
56474	28	20	879	880
113502	28	78	879	880
47295	28	55	879	880
8668	28	6799	879	880
111683	28	27	879	880
23056	28	92	879	880
23485	28	14	879	880
69094	28	1832	879	880
105038	28	111	879	880
29957	28	4070	879	880
43731	28	539	879	880
71126	28	16	879	881
17035	28	69	879	881
88913	28	98	879	881
121645	28	164	879	881
17945	28	86	879	881
21213	28	1100	879	881
48322	28	89	879	881
34561	28	31	879	881
97191	28	150	879	881
74142	28	518	879	881
19655	28	73	879	881
109873	28	55	879	881
37955	28	9804	879	881
82234	28	153	879	881
21953	28	31	879	881
45467	28	53	879	881
117510	28	2525	879	881
42365	28	439	879	881
18412	28	104	879	881
45372	28	67	879	881
84990	28	16	879	881
91193	28	199	879	881
74899	28	109	879	881
13816	28	7606	879	881
129832	28	183	879	881
77384	28	2707	879	881
82593	28	46	879	881
82153	28	76	879	881
78645	28	206	879	881
25536	28	4134	879	881
90403	28	122	879	881
21703	28	3303	879	881
45211	28	177	879	881
82098	28	65	879	881
39156	28	30	879	882
34684	28	60	879	882
84799	28	47	879	882
65773	28	1155	879	882
56152	28	100	879	882
30266	28	331	879	882
41802	28	44	879	882
86170	28	347	879	882
78764	28	53	879	882
113180	28	43	879	882
98249	28	49	879	882
59194	28	53	879	882
81446	28	33	879	882
68671	23	36131	879	882
120070	28	53	879	882
92672	28	16	879	882
19998	28	39	879	882
85842	28	1018	879	882
23686	28	81	879	882
30639	28	6799	879	882
113436	28	117	879	883
15032	28	1032	879	883
159802	28	53	879	883
43623	28	177	879	883
40266	28	106	879	883
33088	28	74	879	883
35722	28	2721	879	883
16895	28	126	879	883
14215	28	32	879	883
118334	28	37	879	883
105344	28	139	879	883
86003	28	4134	879	883
39243	28	58	879	883
54646	28	135	879	883
33261	28	213	879	883
22051	28	28	879	883
34773	28	6966	879	883
64457	28	5102	879	883
32955	28	1977	879	883
102703	28	158	879	884
30320	28	828	879	884
35277	28	126	879	884
34549	28	1488	879	884
29121	28	27	879	884
44386	28	32	879	884
152240	28	6966	879	884
85148	23	153107	879	884
39243	28	247	879	885
72280	28	1718	879	885
26297	28	117	879	885
92503	28	460	879	885
96333	28	27	879	885
103104	28	107	879	885
35838	28	50	879	885
155288	28	460	879	885
69374	28	504	879	885
126274	28	112	879	885
41882	28	2577	879	886
93682	28	31	879	886
44582	28	36	879	886
60379	28	22	879	886
54646	28	22361	879	886
51204	16	226	879	886
16449	28	32	879	886
22194	28	2721	879	887
33694	28	381	879	887
51858	28	14	879	887
111432	28	1375	879	888
59573	28	184	879	889
102212	28	550	879	889
57511	28	244	879	889
27972	28	19	879	890
8836	28	29	879	890
62424	28	15759	879	891
70397	23	83178	879	891
83322	28	520	879	891
49950	28	247	879	893
58987	28	16	879	894
110774	28	1119	879	894
74490	28	37426	879	895
74490	28	269	879	895
52935	30	4009	879	897
11638	23	59441	879	912
59441	23	11638	879	912
71232	6	874	880	0
30431	28	247	880	0
48493	28	2069	880	0
31758	14	2995	880	0
29957	28	106	880	0
3451	14	782	880	0
22373	28	14	880	0
90029	14	2188	880	0
10346	28	648	880	0
18182	14	1706	880	0
27639	6	59	880	0
121404	14	12276	880	0
42269	28	45	880	0
56465	28	461	880	0
112443	6	338	880	0
68479	14	1869	880	0
68927	28	68928	880	0
65282	28	432	880	0
18371	28	332	880	0
47716	28	27	880	0
34924	28	106	880	0
44385	28	42	880	0
33299	14	2297	880	0
12200	28	111	880	0
23630	28	106	880	0
91401	28	57	880	0
61248	14	12967	880	0
90248	28	33	880	0
80051	28	9724	880	0
93022	28	10669	880	0
17945	28	69356	880	0
80026	28	3335	880	0
78941	28	34	880	0
41821	14	101166	880	0
13482	14	21317	880	0
74317	6	367	880	0
99442	28	36	880	0
48493	28	87	880	0
126820	28	67	880	0
66474	28	866	880	0
6993	1	40445	880	0
20281	28	22	880	0
95348	28	68928	880	0
87731	28	3335	880	0
11173	28	76	880	0
7464	23	130242	880	0
130242	23	7464	880	0
50712	28	244	880	0
57790	28	351	880	0
76405	28	161	880	0
48493	28	100	880	0
34516	28	28	880	0
42813	28	106	880	0
130858	16	7958	880	0
29169	28	3303	880	0
122039	16	1256	880	0
65176	28	29	880	0
72631	28	57	880	0
105590	28	298	880	0
34173	28	106	880	0
66890	28	277	880	0
128828	6	24270	880	0
44386	28	131	880	0
48520	14	2951	880	0
13273	28	1100	880	0
6968	28	20	880	0
29169	28	106	880	0
99020	28	77	880	0
21593	28	14	880	0
154814	28	88	880	880
8728	28	150	880	881
63430	28	120	880	881
47295	28	78	880	881
116518	28	77	880	881
75601	28	27	880	881
56474	28	1742	880	881
13182	28	20	880	881
29957	28	3303	880	881
35722	28	106	880	881
83713	28	44	880	881
88367	28	67	880	881
78543	28	283	880	881
49761	28	14	880	881
123033	28	297	880	881
80026	28	2404	880	881
41663	28	3715	880	881
93022	28	74	880	881
30431	28	48	880	881
47214	28	58869	880	881
50394	28	117	880	881
112789	28	46	880	881
13615	28	2404	880	881
70170	28	81	880	881
24761	28	141	880	881
68927	28	158	880	881
128389	28	89	880	881
44420	28	29	880	881
89408	28	525	880	881
49752	28	14	880	881
38012	28	92	880	881
61649	28	3033	880	881
54605	28	1977	880	881
8501	28	800	880	881
128007	28	82	880	881
18371	28	47	880	881
107176	28	101	880	881
99332	28	2069	880	881
110102	28	2069	880	881
104204	28	38	880	881
109397	28	69	880	881
50716	28	629	880	881
13273	28	68928	880	881
93937	28	150	880	881
65282	28	44897	880	881
52009	28	131	880	881
33995	28	111	880	881
115113	28	439	880	881
23350	28	2721	880	881
111683	28	4134	880	881
108081	28	109	880	881
40749	28	938	880	881
52297	28	117	880	881
24472	28	64	880	881
19190	28	3379	880	881
130979	28	66	880	881
52009	28	32	880	881
59060	28	432	880	881
31877	28	81	880	881
52893	28	33	880	881
71876	28	85	880	881
23056	28	150	880	881
93777	28	48	880	881
108615	28	67	880	881
99951	28	88	880	881
41663	28	648	880	881
85458	28	1977	880	881
12903	28	82	880	882
131865	28	58	880	882
72510	28	47	880	882
98161	28	56	880	882
34857	28	12107	880	882
73139	28	31225	880	882
75161	28	86	880	882
99020	28	177	880	882
74223	28	1977	880	882
26041	28	742	880	882
40142	28	8051	880	882
34516	28	47	880	882
7707	28	30	880	882
6968	28	64	880	882
35485	28	347	880	882
24514	28	6799	880	882
71313	28	347	880	882
26826	28	49	880	882
108946	28	33	880	882
81377	28	36	880	882
36466	28	3033	880	882
87788	28	139	880	882
78076	28	277	880	882
56200	28	39	880	882
31763	28	126	880	882
171506	28	34	880	882
104790	28	40	880	882
22373	28	57	880	882
10346	28	3303	880	882
104395	28	33	880	882
33276	28	3715	880	882
22194	28	6799	880	882
63696	23	101877	880	882
89127	28	27	880	882
16008	28	244	880	882
121645	28	303	880	882
4296	28	92	880	882
107852	28	1742	880	882
25464	28	74	880	882
82789	6	15333	880	882
95191	28	64	880	882
84073	28	72	880	883
104193	28	34	880	883
90335	28	85	880	883
104559	28	28	880	883
69094	28	98	880	883
6045	28	122	880	883
58154	28	751	880	883
18476	28	109	880	883
128948	28	31	880	883
80047	28	78	880	883
83967	28	4070	880	883
69482	28	910	880	883
87114	28	27	880	883
66901	28	126	880	883
105645	28	28	880	883
110288	28	331	880	883
54924	28	81	880	884
38905	28	58	880	884
52839	28	422	880	884
35489	28	58	880	884
103237	28	277	880	884
105038	28	126	880	884
48466	28	69	880	884
64405	28	85	880	884
59657	28	50	880	884
20856	28	51	880	884
59998	28	4134	880	884
55889	28	105	880	884
72210	28	57	880	884
71623	23	54975	880	884
54975	23	71623	880	884
22329	28	45	880	884
24055	28	102	880	884
13702	28	49	880	884
113730	28	67	880	885
84735	28	72	880	885
55648	28	80	880	885
13476	28	19	880	885
22359	28	39	880	885
59447	28	3021	880	885
65773	28	464	880	885
36012	28	2707	880	885
50464	23	28143	880	885
28143	23	50464	880	885
27493	28	213	880	885
108611	28	149	880	885
19629	28	47	880	885
71072	28	48	880	885
47851	28	111	880	885
155288	28	297	880	885
8836	28	43	880	885
84906	28	177	880	885
30069	28	63	880	886
102536	6	1103	880	886
107617	28	217	880	886
117747	28	31	880	886
122449	28	102	880	886
63669	28	65363	880	886
77675	28	69	880	886
32751	28	346	880	886
87721	28	4070	880	886
94099	28	1066	880	886
73272	28	99	880	886
81704	28	1754	880	886
29277	28	28	880	886
100274	28	3313	880	886
48466	28	29	880	887
36098	28	99	880	887
38534	28	938	880	887
87028	28	164	880	887
101420	28	53	880	887
68214	23	111486	880	888
95792	28	106	880	889
52079	28	164	880	889
46552	28	44	880	889
76080	28	68	880	889
89223	23	147168	880	889
62670	23	28328	880	889
27983	28	460	880	889
70533	28	13575	880	889
110774	28	244	880	889
44048	28	227	880	890
88764	28	213	880	890
27318	28	109	880	891
12208	28	164	880	891
51496	28	52	880	891
77291	28	387	880	891
90807	28	244	880	892
47716	28	64	880	892
84717	28	141	880	892
22580	28	50	880	892
56590	28	131	880	893
71317	28	98	880	894
130532	28	174	880	894
77796	23	89847	880	900
95395	28	49	880	905
64999	28	140	880	905
51968	23	110626	880	929
110626	23	51968	880	929
39843	28	930	881	0
99442	28	92	881	0
115918	1	47312	881	0
12844	28	44957	881	0
137330	28	29	881	0
5358	14	22811	881	0
99024	28	50	881	0
90288	28	19	881	0
12200	28	20	881	0
28310	14	5310	881	0
83968	14	104136	881	0
55238	28	14	881	0
63634	14	4523	881	0
63219	14	3348	881	0
46338	28	3715	881	0
83996	14	1343	881	0
40142	28	106	881	0
90029	14	3568	881	0
56150	28	247	881	0
80073	28	149	881	0
57336	14	444	881	0
72858	28	368	881	0
118231	28	72	881	0
95920	28	4134	881	0
16002	14	32296	881	0
80007	28	33163	881	0
101413	14	137586	881	0
87731	28	72	881	0
30423	14	2797	881	0
64229	28	828	881	0
90248	28	80	881	0
48493	28	139	881	0
89925	14	2417	881	0
109588	28	117	881	0
17035	28	1742	881	0
21703	28	2721	881	0
42321	28	244	881	0
19655	28	56	881	0
37223	16	3238	881	0
80073	28	188	881	0
59060	28	4070	881	0
18417	28	82	881	0
50716	28	1668	881	0
108081	28	58869	881	0
47600	28	86	881	0
10346	28	106	881	0
111683	28	73	881	0
34054	28	1547	881	0
65282	28	2069	881	0
82593	28	51244	881	0
31359	28	52	881	0
37332	14	4611	881	0
181903	14	1706	881	0
76125	28	49	881	0
11173	28	43	881	0
81464	28	3405	881	0
111668	14	12276	881	0
8728	28	39	881	0
93937	28	828	881	0
43189	28	20743	881	0
33800	28	648	881	0
57181	28	2642	881	0
60564	28	1819	881	0
52893	28	539	881	882
61643	28	6799	881	882
13273	28	2404	881	882
17035	28	73	881	882
54605	28	120	881	882
99024	28	39	881	882
48851	28	3715	881	882
65370	28	2721	881	882
100400	28	710	881	882
47214	28	43	881	882
13792	28	6799	881	882
29077	28	3668	881	882
84266	28	156	881	882
103204	28	3303	881	882
46661	28	1977	881	882
138572	28	1676	881	882
50394	28	806	881	882
34494	28	152	881	882
78543	28	432	881	882
50712	28	3303	881	882
141246	28	49	881	882
57583	28	291	881	882
57432	28	4070	881	882
45372	28	149	881	882
106822	28	81	881	882
77644	28	3405	881	882
50185	28	10669	881	882
93777	28	78	881	882
108615	28	42	881	882
88913	28	67	881	882
77545	28	45	881	882
77384	28	3628	881	882
11307	28	290	881	882
32470	28	58	881	882
105119	28	126	881	882
41458	28	121	881	882
24472	28	39	881	882
24427	28	1165	881	882
69376	28	8119	881	882
85889	28	150	881	882
149022	28	36	881	882
68927	28	79	881	882
66727	28	52	881	882
87202	28	98	881	882
45602	28	3303	881	882
31879	28	16	881	882
95461	28	3715	881	882
34115	28	120	881	882
76673	28	80	881	882
75601	28	111	881	882
64229	28	2026	881	882
124231	28	44	881	882
49891	28	1668	881	882
28844	28	104	881	882
43722	28	48	881	882
44393	28	65	881	882
46236	28	46	881	882
56343	28	64	881	882
33463	28	56	881	882
57181	28	105	881	882
21953	28	149	881	882
94919	28	38	881	882
25846	28	3303	881	882
122268	28	432	881	882
23350	28	8051	881	882
74899	28	1977	881	882
8247	28	2404	881	882
71126	28	69	881	882
108081	28	1977	881	882
80144	28	63283	881	882
108071	28	126	881	882
45211	28	1349	881	883
13816	28	3303	881	883
102350	28	32	881	883
57501	28	51	881	883
11419	28	177	881	883
91193	28	77464	881	883
113502	28	28	881	883
42161	28	2721	881	883
106319	28	1025	881	883
25846	28	7606	881	883
32021	28	139	881	883
35285	28	50	881	883
84990	28	122	881	883
64116	28	72	881	883
21213	28	2707	881	883
14181	28	432	881	883
104706	28	531	881	883
97191	28	61	881	883
23880	28	2721	881	883
95434	28	4134	881	883
27164	28	5612	881	883
66504	28	2093	881	883
128389	28	1668	881	883
82153	28	48	881	883
28899	28	53	881	883
34474	28	87	881	883
54901	28	139	881	883
83713	28	1977	881	883
63430	28	38	881	883
111523	23	111699	881	883
38534	28	40	881	883
34561	28	38	881	883
56150	28	347	881	883
30310	23	13472	881	883
101456	28	111	881	883
64836	28	50	881	883
39710	28	6966	881	884
75425	28	46	881	884
87898	28	61	881	884
31068	28	31	881	884
88367	28	104	881	884
82834	28	111	881	884
47711	28	33	881	884
77712	23	49181	881	884
49181	23	77712	881	884
98939	28	141	881	884
32841	28	80	881	884
109873	28	67	881	884
110077	28	102	881	884
110168	28	34	881	884
50394	28	1668	881	884
82098	28	28	881	884
109397	28	67	881	884
33995	28	3335	881	884
23214	28	53	881	884
56474	28	177	881	884
56163	28	102	881	884
39406	28	49	881	884
55103	28	72506	881	884
97161	28	57985	881	884
116518	28	56	881	884
47295	28	188	881	884
30431	28	347	881	884
82234	28	4134	881	885
60564	28	80	881	885
17945	28	27	881	885
95812	28	34	881	885
53038	28	4070	881	885
34922	28	43	881	885
75568	28	111	881	885
31797	28	365	881	885
166374	28	1132	881	885
94198	28	80	881	885
19802	23	94367	881	885
43412	28	149	881	885
33598	23	48225	881	885
92503	28	224	881	885
31877	28	53	881	885
94318	28	12466	881	885
36652	28	60	881	885
153999	28	1468	881	885
5585	23	47125	881	885
47125	23	5585	881	885
47369	23	77318	881	885
153999	28	1132	881	885
27395	28	48	881	886
38305	28	109	881	886
108330	28	1977	881	886
35600	28	68	881	886
121375	28	430	881	886
8821	23	56683	881	886
56683	23	8821	881	886
27972	28	14	881	886
76125	28	67	881	886
186627	28	53	881	886
30156	28	44	881	887
100274	28	164	881	887
53080	28	82	881	887
117510	28	112	881	887
40143	28	20	881	887
30156	28	14	881	887
12844	28	131	881	887
71147	28	371	881	888
29320	28	19	881	888
48655	28	82	881	888
89089	28	82	881	888
27983	28	224	881	888
110329	28	51	881	888
65332	28	550	881	889
13615	28	23	881	889
35600	28	99	881	889
33120	28	106	881	889
45467	28	47	881	889
141827	28	36	881	889
107617	28	461	881	889
50078	28	171	881	890
42483	28	531	881	891
65122	28	460	881	892
56590	28	32	881	892
63224	28	22	881	892
70509	23	91729	881	892
101545	28	141	881	892
26048	28	164	881	893
40358	28	460	881	893
37955	28	107	881	893
30515	28	22361	881	894
52959	28	802	881	897
81109	28	491	881	903
50214	14	103721	881	907
19100	23	48003	881	919
3286	23	51899	881	922
4762	23	63901	881	923
63901	23	4762	881	923
113080	28	217	882	0
62424	28	184	882	0
20281	28	33	882	0
99020	28	23	882	0
47932	28	298	882	0
8668	28	3628	882	0
19268	28	2045	882	0
87731	28	87	882	0
41821	14	943	882	0
34494	28	9832	882	0
48851	28	3303	882	0
160800	28	350	882	0
74501	28	256	882	0
99659	14	2797	882	0
59146	31	33759	882	0
8073	14	9717	882	0
76405	28	29	882	0
55876	28	36	882	0
69376	28	3335	882	0
88604	28	52	882	0
19418	28	1475	882	0
146110	14	2995	882	0
60033	14	902	882	0
38012	28	56	882	0
39197	28	81	882	0
107742	14	6456	882	0
14274	28	139	882	0
47600	28	2069	882	0
20856	28	14	882	0
44565	28	45	882	0
94919	28	5478	882	0
68564	28	9593	882	0
13792	28	199	882	0
11173	28	29	882	0
2873	14	1706	882	0
81377	28	65	882	0
98982	28	2388	882	0
95461	28	8051	882	0
28844	28	86	882	0
32423	28	50	882	0
80073	28	298	882	0
74501	28	176	882	0
84799	28	87	882	0
52893	28	3715	882	0
12960	14	782	882	0
48493	28	73	882	0
20281	28	277	882	0
78543	28	105	882	0
85450	14	2297	882	0
111074	28	14	882	0
78379	14	3280	882	0
78379	14	2384	882	0
12200	28	63	882	0
71654	28	139	882	0
11215	28	2045	882	0
27212	28	3335	882	0
82763	14	1126	882	0
93671	28	87	882	0
126319	28	92	882	0
138572	28	1409	882	0
59060	28	2707	882	0
49019	23	131044	882	0
7707	28	86	882	883
29337	28	77	882	883
112511	28	99	882	883
131610	28	45	882	883
71126	28	52	882	883
19998	28	65	882	883
114864	28	150	882	883
74223	28	1742	882	883
98161	28	46	882	883
117349	28	31	882	883
100400	28	693	882	883
89408	28	1969	882	883
39156	28	107	882	883
77384	28	5116	882	883
77545	28	180	882	883
40617	28	39	882	883
54605	28	2404	882	883
71654	28	2627	882	883
19268	28	22	882	883
8247	28	28	882	883
18227	28	461	882	883
104395	28	126	882	883
14274	28	5116	882	883
107176	28	3628	882	883
56200	28	1488	882	883
47214	28	67	882	883
16679	28	432	882	883
92279	28	439	882	883
145239	28	455	882	883
48008	28	552	882	883
4296	28	41	882	883
131865	28	53	882	883
78525	28	32	882	883
8728	28	339	882	883
23686	28	3640	882	883
62095	28	28	882	883
109588	28	36	882	883
61643	28	199	882	883
38920	28	2721	882	883
93763	28	4134	882	883
92672	28	149	882	883
141246	28	16	882	883
110102	28	3335	882	883
71876	28	277	882	883
21662	28	1151	882	883
83708	28	80	882	883
89127	28	126	882	883
72510	28	19	882	883
44393	28	5612	882	883
154249	28	53	882	883
52893	28	3628	882	883
86530	28	84496	882	883
95461	28	2721	882	883
6968	28	1668	882	883
104790	28	85	882	883
81446	28	27	882	883
49891	28	2404	882	883
22621	28	3335	882	883
87231	28	265	882	883
90180	28	4070	882	883
74899	28	85	882	883
35485	28	4134	882	883
50394	28	16	882	883
57181	28	16	882	883
68564	28	46	882	883
107852	28	27	882	883
98982	28	177	882	883
21953	28	111	882	883
87788	28	77	882	883
45529	28	16	882	884
113180	28	30	882	884
85458	28	79	882	884
36652	28	477	882	884
52009	28	333	882	884
76673	28	98	882	884
77384	28	8051	882	884
48268	28	3303	882	884
42321	28	5116	882	884
75161	28	27	882	884
106201	28	87	882	884
80144	28	351	882	884
123727	28	9724	882	884
51280	28	6966	882	884
78076	28	72	882	884
108081	28	6407	882	884
25464	28	22	882	884
71498	28	37	882	884
108946	28	149	882	884
34857	28	298	882	884
147431	28	53	882	884
75601	28	67	882	884
31879	28	58	882	884
18414	28	145	882	884
50185	28	104	882	884
69867	28	99	882	884
16008	28	495	882	884
29077	28	529	882	884
33270	28	63	882	884
78764	28	63	882	884
33276	28	8051	882	884
120350	28	675	882	884
44719	28	265	882	884
108071	28	150	882	884
108651	28	1076	882	884
60379	28	247	882	884
92436	28	910	882	884
24514	28	5116	882	884
107495	28	455	882	884
70748	28	81	882	885
64106	28	8898	882	885
89763	28	455	882	885
22194	28	5116	882	885
65621	28	13129	882	885
30639	28	5116	882	885
93954	28	45	882	885
23084	28	109	882	885
133650	28	67	882	885
41802	28	177	882	885
71313	28	33	882	885
57511	28	291	882	885
95053	28	71	882	885
27091	28	32	882	885
32255	28	45	882	885
12903	28	57	882	885
49950	28	19	882	885
66727	28	56	882	885
81106	28	126	882	885
13792	28	5116	882	885
18417	28	213	882	885
49063	28	58	882	885
98249	28	16	882	885
125600	28	45	882	885
39743	28	171	882	886
43722	28	53	882	886
42220	28	80	882	886
65773	28	181	882	886
19418	28	213	882	886
13361	28	164	882	886
108615	28	40	882	886
89192	28	327	882	886
52230	28	967	882	887
30747	28	39	882	887
64516	28	626	882	887
49752	28	41	882	887
24427	28	5102	882	887
22580	28	14	882	887
35065	28	211	882	887
34684	28	252	882	887
95221	28	9837	882	887
137330	28	39	882	887
31763	28	66	882	888
137271	28	34	882	888
32470	28	16	882	888
144658	28	34	882	888
98222	28	69	882	888
110452	28	71	882	888
105119	28	67	882	888
69376	28	247	882	888
73139	28	71	882	888
53085	28	383	882	888
32470	28	247	882	888
82156	28	592	882	888
45467	28	14	882	889
72344	28	48	882	889
83957	28	244	882	889
79925	28	893	882	889
70302	28	371	882	889
41341	28	39	882	889
29077	28	520	882	890
75427	28	167	882	890
53294	28	32	882	890
59194	28	48	882	890
24427	28	1223	882	890
33630	28	520	882	890
39663	28	60	882	890
117657	28	37	882	891
77291	28	176	882	891
59239	28	383	882	891
128577	28	78	882	891
14949	28	50	882	891
149790	28	275	882	891
100451	23	152303	882	891
57583	28	203	882	891
51683	28	29	882	892
30266	28	199	882	892
59466	28	303	882	892
89392	28	213	882	893
59728	28	318	882	893
111162	28	540	882	893
63262	28	34	882	893
20979	28	7094	882	894
51683	28	76	882	895
95340	28	203	882	897
26703	28	520	882	898
47932	28	22	882	899
44017	23	21073	882	900
47914	28	47	882	901
70413	28	55	882	901
144658	28	2516	882	902
106665	23	43258	882	923
3751	23	47898	882	930
47898	23	3751	882	930
14356	28	2707	883	0
46236	28	104	883	0
39715	14	13416	883	0
13361	28	2553	883	0
61503	28	32	883	0
40617	28	39303	883	0
98982	28	743	883	0
35722	28	3303	883	0
74886	23	10308	883	0
22644	28	77	883	0
29802	28	244	883	0
57181	28	126	883	0
29552	28	330	883	0
23056	28	105	883	0
120018	14	1706	883	0
13642	14	5310	883	0
42543	14	9403	883	0
106081	28	136	883	0
79781	14	13152	883	0
41428	28	289	883	0
123667	14	444	883	0
77558	28	72	883	0
24275	23	104652	883	0
124231	28	117	883	0
43189	28	76	883	0
44393	28	120	883	0
29878	28	3715	883	0
86649	23	109248	883	0
103205	14	7588	883	0
69428	28	72506	883	0
22607	28	48784	883	0
170924	6	69427	883	0
83713	28	347	883	0
37349	28	29	883	0
114864	28	134	883	0
20333	14	2951	883	0
57181	28	1668	883	0
5810	14	2797	883	0
34561	28	100	883	0
14356	28	5116	883	0
111507	28	57	883	0
33276	28	106	883	0
64048	28	65	883	0
47480	28	1031	883	0
99020	28	14	883	0
30586	14	2188	883	0
41529	14	444	883	0
96547	28	1977	883	0
21213	28	6966	883	0
58100	16	59049	883	0
87424	14	902	883	0
22792	14	943	883	0
95434	28	1977	883	0
62095	28	1977	883	0
22644	28	347	883	0
23021	14	24005	883	0
62911	14	3568	883	0
93022	28	1977	883	0
18054	28	52	883	0
34516	28	40	883	0
11173	28	49	883	0
51323	16	9	883	0
105731	6	68208	883	0
6968	28	2033	883	0
119905	14	2417	883	0
40617	28	332	883	0
81377	28	92	883	0
40233	28	4070	883	0
22261	23	130995	883	0
57790	28	1616	883	0
44420	28	199	883	0
187851	6	1858	883	0
55876	28	122	883	0
71835	28	60	883	0
52839	28	206	883	883
62095	28	42	883	884
83967	28	3628	883	884
84266	28	1076	883	884
19998	28	88	883	884
72296	28	3715	883	884
28943	28	806	883	884
23686	28	1676	883	884
65332	28	176	883	884
117510	28	34	883	884
76405	28	4070	883	884
63430	28	2069	883	884
25846	28	16452	883	884
72296	28	8051	883	884
139164	28	2707	883	884
34474	28	50	883	884
42161	28	6662	883	884
61351	28	188	883	884
6045	28	65	883	884
83858	28	358	883	884
54844	28	117	883	884
118317	28	33	883	884
30178	28	66	883	884
80073	28	111	883	884
32955	28	152	883	884
54901	28	1977	883	884
40266	28	5116	883	884
18227	28	2721	883	884
110102	28	432	883	884
29384	28	20	883	884
87114	28	33	883	884
88867	28	36	883	884
13816	28	6662	883	884
16863	28	14	883	884
110900	28	158	883	884
173144	28	124	883	884
23880	28	6662	883	884
47214	28	559	883	884
40286	28	46	883	884
22051	28	117	883	884
44385	28	87	883	884
40881	28	6662	883	884
19268	28	74	883	884
54605	28	63283	883	884
79633	28	40	883	884
74899	28	1676	883	884
93022	28	1349	883	884
48008	28	2033	883	884
64608	28	73	883	884
33088	28	4134	883	884
36291	28	20	883	884
24055	28	14	883	884
33852	28	6662	883	884
68927	28	139	883	884
35123	28	9018	883	884
14015	28	56	883	884
44695	28	52	883	884
34924	28	2707	883	884
27164	28	109	883	884
57181	28	351	883	884
73089	28	38	883	884
45095	28	41	883	884
71126	28	86	883	884
37228	28	2707	883	884
42909	28	5478	883	884
98982	28	39	883	884
58154	28	188	883	884
11307	28	539	883	884
69094	28	347	883	884
48716	28	221	883	884
141378	28	39	883	884
35285	28	87	883	884
94268	28	679	883	884
9550	28	295	883	885
40322	28	177	883	885
114112	28	1977	883	885
72378	28	102	883	885
56920	28	178	883	885
39243	28	61	883	885
56150	28	1676	883	885
15126	28	2310	883	885
46680	28	1650	883	885
119689	28	45	883	885
35485	28	2721	883	885
57790	28	1977	883	885
92279	28	71	883	885
17035	28	45	883	885
34773	28	2707	883	885
90180	28	2721	883	885
12677	28	1931	883	885
93763	28	346	883	885
7707	28	27	883	885
112511	28	156	883	885
118738	28	19	883	885
35065	28	32	883	885
126133	28	455	883	885
126934	28	52	883	885
91193	28	117	883	885
39112	28	217	883	885
23485	28	20	883	885
69942	28	315	883	885
147750	28	397	883	885
91401	28	79	883	885
106319	28	52	883	885
49891	28	39799	883	885
54085	28	78	883	885
95191	28	16	883	885
27607	28	265	883	885
22607	28	98	883	885
126590	28	397	883	885
8728	28	44	883	885
61731	28	180	883	885
117349	28	30	883	885
16679	28	118	883	885
61643	28	5116	883	885
46679	28	1650	883	885
16895	28	4134	883	885
41428	28	42	883	885
127746	28	45	883	885
86530	28	254	883	885
77558	28	36	883	885
72846	28	32	883	885
100400	28	9748	883	885
60316	28	1043	883	885
11937	28	2707	883	885
29878	28	2707	883	885
90608	28	23	883	885
39156	28	2404	883	885
29337	28	105	883	885
131227	28	34	883	886
112789	28	36	883	886
71654	28	1977	883	886
12067	28	617	883	886
22373	28	72	883	886
49343	28	10735	883	886
105645	28	53	883	886
78747	6	4365	883	886
84990	28	67	883	886
14181	28	77	883	886
90335	28	51	883	886
28899	28	139	883	886
32021	28	48	883	886
148289	28	34	883	886
65223	28	10712	883	886
105344	28	47	883	886
118060	28	58	883	886
107767	28	13336	883	886
92191	28	1650	883	886
18054	28	56	883	886
54733	28	27	883	886
56703	28	330	883	886
22621	28	74	883	886
39515	28	217	883	887
15032	28	213	883	887
87788	28	80	883	887
112000	28	136	883	887
33463	28	1676	883	887
107176	28	118	883	887
32751	28	29	883	887
73375	28	1066	883	887
35227	28	149	883	887
72510	28	117	883	887
105809	28	40	883	887
47304	28	27	883	887
87231	28	51	883	887
38504	28	169	883	887
99774	28	2577	883	887
70227	28	27	883	887
16618	28	149	883	887
81704	28	295	883	887
23555	28	14	883	888
35351	28	461	883	888
107852	28	347	883	888
23777	28	492	883	888
49618	28	429	883	888
125432	28	16	883	888
83353	28	1234	883	888
77644	28	31	883	888
153213	28	71	883	888
69428	28	71	883	888
8603	28	364	883	888
82153	28	122	883	888
131023	28	34	883	888
66901	28	23	883	889
22194	28	106	883	889
51858	28	22	883	889
133080	28	327	883	889
18476	28	33	883	889
86003	28	65	883	889
49083	28	103	883	889
39775	28	1119	883	889
6507	23	37270	883	889
131023	28	504	883	889
35164	28	32	883	890
60045	28	45	883	890
3548	23	40990	883	890
14087	23	3189	883	890
125638	28	121	883	890
59239	28	135	883	890
102212	28	176	883	890
33261	28	98	883	890
43880	28	33	883	890
26215	28	19	883	891
47370	28	47	883	891
110288	28	50	883	891
18227	28	217	883	891
46335	28	244	883	891
30213	28	16	883	891
74428	28	531	883	891
92976	28	176	883	891
80782	28	327	883	891
47035	28	291	883	891
35164	28	364	883	892
54553	28	16	883	892
69482	28	184	883	892
59850	28	368	883	892
68248	28	206	883	892
24427	28	1750	883	893
78810	28	135	883	893
43623	28	48	883	893
130892	28	4641	883	893
71692	28	22361	883	894
71147	28	217	883	894
90807	28	203	883	894
60961	28	66	883	894
80047	28	19	883	894
95226	28	19	883	894
95498	28	959	883	894
45749	23	34493	883	894
34493	23	45749	883	894
12391	23	94151	883	895
94151	23	12391	883	895
77824	23	5403	883	895
109078	28	303	883	895
97206	28	199	883	897
53032	28	295	883	898
93190	28	275	883	899
10030	23	54574	883	901
54574	23	10030	883	901
73490	23	57045	883	910
146962	23	93521	883	940
38920	28	16452	884	0
39126	28	16452	884	0
72296	28	3303	884	0
34924	28	3628	884	0
74130	14	12276	884	0
8073	14	3741	884	0
74317	6	9611	884	0
72296	28	6966	884	0
41821	14	2951	884	0
74899	28	31345	884	0
47716	28	14	884	0
49037	28	1409	884	0
136013	14	3280	884	0
21213	28	4070	884	0
66407	6	497	884	0
89287	14	2384	884	0
103237	28	247	884	0
132098	28	68	884	0
40233	28	3715	884	0
72296	28	5116	884	0
67656	6	72528	884	0
90029	14	2258	884	0
104559	28	86	884	0
52373	28	102	884	0
18216	14	3863	884	0
56163	28	346	884	0
37537	6	39675	884	0
92680	28	176	884	0
120072	28	1668	884	0
10346	28	4070	884	0
64048	28	79	884	0
8073	14	782	884	0
3451	14	3741	884	0
43619	14	2297	884	0
27212	28	48	884	0
146606	14	444	884	0
82789	6	209	884	0
26041	28	45	884	0
8704	14	4523	884	0
147382	14	827	884	0
106580	14	12276	884	0
52893	28	1149	884	0
71126	28	3303	884	0
29525	23	105727	884	0
4296	28	49	884	0
38593	28	1750	884	0
60088	28	45	884	0
6968	28	39849	884	0
84280	14	6176	884	0
28859	14	943	884	0
83996	14	7588	884	0
36484	23	66017	884	0
27639	6	874	884	0
69907	28	4070	884	0
57432	28	3628	884	0
43189	28	52	884	0
81377	28	100	884	0
29169	28	2721	884	0
34549	28	29	884	0
35047	28	14	884	0
76405	28	2721	884	0
31068	28	128954	884	0
61601	14	2460	884	0
95434	28	77	884	0
82763	14	2995	884	0
32423	28	33	884	0
126791	28	8027	884	0
6524	23	75620	884	0
87898	28	16	884	0
62980	14	2964	884	0
28943	28	105	884	0
23649	28	44957	884	0
13625	14	444	884	0
24514	28	3715	884	0
49037	28	2837	884	0
148309	28	34	884	0
4296	28	73	884	0
13816	28	16452	884	0
35449	14	2188	884	0
59657	28	91	884	0
111868	28	1164	884	0
78988	28	91	884	0
16008	28	16452	884	0
48008	28	16	884	0
107742	14	2258	884	0
88604	28	98	884	0
88367	28	120	884	0
105038	28	120	884	0
19316	28	60	884	0
48268	28	16452	884	0
47214	28	339	884	885
47337	28	529	884	885
98688	28	33	884	885
98987	28	4543	884	885
64405	28	51	884	885
29121	28	126	884	885
14015	28	221	884	885
42909	28	43	884	885
21954	28	53	884	885
6968	28	221	884	885
17412	28	91	884	885
89127	28	118	884	885
47711	28	31	884	885
100374	28	43	884	885
30178	28	332	884	885
78927	28	37	884	885
57076	28	23	884	885
141378	28	126	884	885
75161	28	104	884	885
19268	28	87	884	885
139164	28	4070	884	885
83708	28	49	884	885
79965	28	4497	884	885
106319	28	39	884	885
49950	28	39849	884	885
54605	28	139	884	885
72846	28	85919	884	885
78076	28	92	884	885
122191	28	86	884	885
98939	28	2724	884	885
96765	28	102	884	885
47480	28	260	884	885
62095	28	3335	884	885
68927	28	88	884	885
94975	28	1459	884	885
63696	23	75861	884	885
25846	28	6662	884	885
121553	28	455	884	885
40372	28	48	884	885
38584	28	104	884	885
12844	28	32	884	885
40881	28	2721	884	885
52545	28	71	884	885
38593	28	63	884	885
52597	28	87	884	885
9550	28	176	884	885
76311	28	65	884	885
17691	28	289	884	885
38905	28	153	884	885
32955	28	104	884	885
39710	28	2707	884	885
41931	28	2069	884	885
50185	28	61	884	885
92645	28	49	884	885
79633	28	1349	884	885
27493	28	29	884	885
33276	28	5116	884	885
36291	28	53	884	885
59542	28	118	884	885
18227	28	16452	884	885
47295	28	4134	884	885
66104	28	1242	884	885
128948	28	2404	884	885
60062	28	49	884	885
64106	28	164	884	885
38920	28	3303	884	885
13702	28	22	884	885
50712	28	12993	884	885
39126	28	3303	884	885
82834	28	4134	884	885
35123	28	205	884	885
59998	28	22	884	885
93777	28	91	884	885
30431	28	698	884	885
93729	28	30	884	885
57147	28	69	884	885
51280	28	2707	884	885
87114	28	89	884	885
95434	28	6896	884	885
130979	28	102	884	885
108651	28	71	884	885
87202	28	109	884	885
155495	23	19033	884	885
111246	28	937	884	885
45529	28	67	884	885
106326	28	158	884	885
17945	28	1750	884	886
23880	28	12993	884	886
116518	28	10712	884	886
33630	28	18828	884	886
77457	23	12422	884	886
25621	28	145	884	886
29077	28	2060	884	886
83858	28	2454	884	886
107495	28	71	884	886
57501	28	704	884	886
23214	28	63	884	886
109588	28	100	884	886
30320	28	1676	884	886
147487	28	2069	884	886
94906	28	16	884	886
95933	28	27	884	886
49037	28	53	884	886
90971	28	118	884	886
73089	28	100	884	886
40748	28	2707	884	886
22149	28	4861	884	886
12200	28	126	884	886
44695	28	39	884	886
42161	28	12993	884	886
152240	28	2469	884	886
35499	28	52	884	886
27668	28	6025	884	886
6045	28	53	884	886
39406	28	66	884	886
57181	28	215	884	886
73696	28	33	884	886
71498	28	180	884	886
27339	28	33	884	886
42321	28	12993	884	886
50394	28	2404	884	886
18414	28	180	884	886
22644	28	432	884	887
84717	28	68	884	887
33694	28	29	884	887
86170	28	33	884	887
33995	28	87	884	887
33852	28	12993	884	887
34474	28	177	884	887
34549	28	199	884	887
46729	28	217	884	887
54901	28	69	884	887
91101	28	5312	884	887
40286	28	104	884	887
69094	28	1977	884	887
103237	28	102	884	887
55103	28	141	884	887
113436	28	86	884	887
56163	28	27	884	887
80144	28	51	884	887
82098	28	38	884	887
22974	28	2483	884	887
136377	28	29	884	887
44719	28	107	884	887
114703	28	63	884	887
113080	28	461	884	887
20856	28	50	884	887
21593	28	19	884	887
93709	28	33	884	887
70170	28	65	884	887
94640	28	152	884	887
31068	28	22	884	887
29384	28	122	884	887
91262	28	99	884	887
102216	28	5312	884	887
35351	28	217	884	887
61649	28	265	884	887
94978	28	88	884	887
99686	28	61	884	888
55710	28	930	884	888
42058	28	1818	884	888
86818	28	28	884	888
26287	28	51	884	888
56681	23	8189	884	888
101504	28	5312	884	888
106201	28	122	884	888
85458	28	347	884	888
90242	28	3762	884	888
35489	28	20	884	888
23763	28	210	884	888
167981	28	53	884	888
71185	28	2625	884	888
17037	28	98	884	888
81472	28	68	884	888
33604	28	505	884	888
47480	28	32	884	888
62517	28	152	884	888
33088	28	22	884	888
77531	16	43394	884	888
41845	28	43	884	889
11307	28	223	884	889
54844	28	36	884	889
104706	28	60	884	889
59046	28	460	884	889
108946	28	85	884	889
104559	28	33	884	889
48292	28	4861	884	889
57126	28	4861	884	890
22329	28	141	884	890
118317	28	31	884	890
14215	28	68	884	890
34852	28	460	884	890
34857	28	40	884	890
149790	28	547	884	890
93216	28	217	884	890
54924	28	48	884	890
113180	28	80	884	890
71317	28	14	884	891
85211	28	60	884	891
64595	28	53	884	891
51225	28	531	884	891
58987	28	14	884	891
27164	28	43	884	891
97161	28	114	884	891
80047	28	14	884	892
48466	28	22	884	892
46680	28	460	884	892
69634	28	244	884	892
80073	28	77	884	892
8603	28	32	884	892
95492	28	121	884	892
95340	28	244	884	892
22956	28	184	884	893
49063	28	247	884	893
81748	28	19	884	893
66104	28	520	884	893
58307	23	78950	884	893
78950	23	58307	884	893
66504	28	2597	884	893
69867	28	83	884	893
70404	28	217	884	893
100492	28	460	884	894
46729	28	371	884	894
64999	28	34	884	894
24055	28	51	884	894
69541	28	184	884	894
75620	23	6524	884	894
110900	28	107	884	894
59573	28	833	884	895
109078	28	164	884	895
59466	28	164	884	895
80981	28	217	884	896
104905	23	130945	884	896
110852	23	151447	884	897
44385	28	57	884	898
61568	28	41	884	898
30762	23	83592	884	900
76881	28	224	884	900
48716	28	66	884	900
40807	16	11357	884	901
87346	28	293	884	901
127742	28	387	884	901
61351	28	22	884	902
91630	28	50	884	908
30165	23	80493	884	910
66407	30	497	884	917
4300	23	23099	884	917
23099	23	4300	884	917
58976	14	237	884	935
45095	28	117	885	0
61541	28	1055	885	0
27091	28	85919	885	0
2345	14	13416	885	0
75568	28	15292	885	0
72210	28	39068	885	0
72846	28	260	885	0
88367	28	61	885	0
10346	28	2707	885	0
10264	14	2417	885	0
49891	28	1426	885	0
136751	28	164	885	0
42813	28	2707	885	0
56474	28	432	885	0
10106	23	101433	885	0
54673	14	2297	885	0
42543	14	3568	885	0
64048	28	31	885	0
12677	28	50	885	0
25210	14	782	885	0
124317	28	23	885	0
121762	28	32	885	0
90288	28	221	885	0
124667	6	30949	885	0
40266	28	3303	885	0
19418	28	29	885	0
57432	28	2707	885	0
75568	28	31345	885	0
113375	28	397	885	0
93729	28	8779	885	0
125638	28	176	885	0
37338	14	2384	885	0
72344	28	14	885	0
18073	28	156	885	0
11173	28	74	885	0
27607	28	134	885	0
78988	28	2069	885	0
57790	28	27653	885	0
43686	14	2995	885	0
102804	14	207	885	0
94607	14	148798	885	0
50712	28	2707	885	0
57790	28	2069	885	0
81979	28	92	885	0
51474	14	105693	885	0
33276	28	3303	885	0
70517	28	477	885	0
148296	14	9403	885	0
47295	28	704	885	0
93763	28	1222	885	0
34924	28	4070	885	0
37338	14	943	885	0
12067	28	176	885	0
58332	28	617	885	0
129194	28	540	885	0
90288	28	139	885	0
50397	23	127146	885	0
178914	14	12276	885	0
111490	28	14	885	0
9225	28	2517	885	0
16635	14	1706	885	0
111507	28	56	885	0
88941	28	42	885	0
32984	28	248	885	0
91151	28	34	885	0
32423	28	1013	885	0
137407	28	835	885	0
81377	28	38	885	0
42641	14	23980	885	0
31011	28	16	885	0
22792	14	444	885	0
21927	28	164	885	0
10346	28	3628	885	0
23649	28	12845	885	0
32069	28	37	885	0
33276	28	2721	885	0
87346	28	60	885	0
39406	28	134	885	886
96765	28	28	885	886
112942	28	53137	885	886
54432	28	2627	885	886
40881	28	12993	885	886
85249	28	30	885	886
114850	28	618	885	886
30639	28	2721	885	886
47295	28	105	885	886
61208	28	1977	885	886
16895	28	250	885	886
8728	28	61	885	886
41931	28	1977	885	886
49720	28	1633	885	886
97234	28	176	885	886
78076	28	102	885	886
13792	28	539	885	886
15032	28	29	885	886
64608	28	134	885	886
31877	28	61	885	886
122032	28	930	885	886
72378	28	27	885	886
64457	28	199	885	886
90180	28	3303	885	886
79633	28	41	885	886
17412	28	126	885	886
89027	28	87	885	886
39835	28	36	885	886
93022	28	2069	885	886
64405	28	117	885	886
22719	28	32	885	886
14015	28	4134	885	886
40233	28	3628	885	886
22719	28	500	885	886
66907	28	19	885	886
9225	28	8898	885	886
51496	28	14	885	886
22360	28	126	885	886
56474	28	4134	885	886
93777	28	86	885	886
111170	28	67	885	886
38593	28	27	885	886
121660	28	557	885	886
13476	28	134	885	886
43623	28	14	885	886
92645	28	1977	885	886
126608	28	679	885	886
75221	28	743	885	886
49950	28	38	885	886
117349	28	188	885	886
11982	28	23	885	886
76311	28	5796	885	886
29121	28	20	885	886
57076	28	91	885	886
92279	28	254	885	886
24514	28	2721	885	886
70748	28	1977	885	886
66727	28	46	885	886
78927	28	1547	885	886
60564	28	85	885	886
51674	28	224	885	886
47214	28	81	885	886
54168	28	36	885	886
54924	28	14	885	886
74378	28	39068	885	886
98688	28	277	885	886
61731	28	45	885	886
54605	28	104	885	886
79965	28	45	885	886
50185	28	1977	885	886
64608	28	158	885	886
120712	28	36	885	886
93954	28	156	885	886
107410	28	365	885	886
95053	28	114	885	886
96333	28	30	885	886
45529	28	104	885	886
121762	28	546	885	886
40322	28	19	885	886
95434	28	1742	885	886
7707	28	58	885	886
129648	28	347	885	886
18227	28	12993	885	886
17058	23	3441	885	886
48008	28	2069	885	886
71313	28	53	885	887
83708	28	92	885	887
39602	28	718	885	887
23084	28	43	885	887
40883	28	180	885	887
82234	28	126	885	887
113730	28	92	885	887
22051	28	23	885	887
84073	28	39068	885	887
84735	28	40	885	887
35838	28	28	885	887
58406	23	19802	885	887
19802	23	58406	885	887
27493	28	41	885	887
55648	28	347	885	887
19629	28	43	885	887
34379	28	618	885	887
32255	28	706	885	887
8870	28	358	885	887
66104	28	251	885	887
108651	28	282	885	887
124317	28	177	885	887
52597	28	44	885	887
39156	28	27	885	887
26297	28	122	885	887
110168	28	365	885	887
39112	28	371	885	887
41428	28	27	885	887
41802	28	4726	885	887
94198	28	101	885	887
88867	28	89	885	887
78988	28	126	885	887
94906	28	6878	885	887
91401	28	557	885	887
62095	28	73	885	887
61643	28	41	885	887
84266	28	5312	885	887
178483	28	53	885	887
100374	28	47	885	887
70413	28	14	885	887
47711	28	265	885	887
64106	28	2604	885	887
51498	28	65	885	887
71072	28	43	885	887
62560	28	23	885	887
59998	28	85	885	887
16679	28	558	885	887
18602	28	718	885	887
42213	28	105	885	887
11937	28	76	885	887
12812	28	117	885	888
39485	28	105	885	888
22607	28	58	885	888
85211	28	1229	885	888
100400	28	610	885	888
9550	28	387	885	888
44916	28	2597	885	888
69376	28	58	885	888
64141	28	252	885	888
12677	28	58	885	888
32955	28	33	885	888
106319	28	2721	885	888
18417	28	177	885	888
55613	28	1926	885	888
15126	28	103	885	888
83119	28	327	885	888
75106	28	2525	885	888
41025	28	442	885	888
99735	28	330	885	888
41600	28	387	885	888
21954	28	126	885	888
13702	28	19	885	888
128529	28	7268	885	888
39243	28	36	885	888
36291	28	23059	885	888
95191	28	89	885	888
62056	28	60	885	888
49874	23	47442	885	888
100565	28	67	885	888
10587	28	346	885	888
126791	28	34	885	888
59194	28	14	885	888
87202	28	67	885	888
39775	28	244	885	888
39602	28	60	885	889
113502	28	19	885	889
84388	28	102	885	889
8836	28	41	885	889
101067	28	213	885	889
143695	28	34	885	889
108089	28	31	885	889
39872	23	17780	885	889
60062	28	52	885	889
51280	28	106	885	889
17035	28	313	885	889
93691	28	13336	885	889
19268	28	23	885	889
96867	28	211	885	889
109826	28	575	885	889
84411	28	381	885	889
91193	28	23	885	889
63647	28	164	885	889
18602	28	60	885	889
88604	28	557	885	889
23918	28	45	885	890
118738	28	552	885	890
140901	28	268	885	890
93729	28	44	885	890
118060	28	247	885	890
16296	28	3033	885	890
32070	28	101	885	890
89763	28	71	885	890
126272	28	1874	885	890
87114	28	3554	885	890
54085	28	48	885	890
108611	28	134	885	890
77545	28	156	885	890
81472	28	71	885	890
74428	28	176	885	891
42483	28	176	885	891
49063	28	98	885	891
41600	28	176	885	891
38306	28	33	885	891
56920	28	16	885	891
81106	28	39	885	891
27091	28	83	885	891
98987	28	1149	885	891
47914	28	14	885	891
26454	28	1101	885	891
108191	28	73	885	891
50903	28	31	885	891
152147	28	141	885	892
41701	28	276	885	892
52230	28	32	885	892
126934	28	43	885	892
36680	28	32	885	892
77108	28	540	885	893
63825	28	7094	885	893
88658	28	518	885	893
59728	28	34	885	893
37349	28	52	885	893
17691	28	12107	885	893
43412	28	50	885	893
65621	28	211	885	893
124898	28	201	885	893
34922	28	47	885	893
80981	28	371	885	893
23918	28	68	885	893
50078	28	68	885	893
25218	28	227	885	894
47932	28	14	885	894
76881	28	460	885	894
22502	28	68	885	894
140901	28	646	885	894
105649	28	353	885	894
61541	28	49	885	894
62639	28	36	885	894
130821	28	518	885	894
111390	28	184	885	894
95718	28	371	885	894
63647	28	2604	885	894
65741	23	3126	885	895
31370	28	214	885	895
81659	28	45	885	896
10054	23	71683	885	896
84722	28	291	885	897
47337	28	520	885	898
124996	28	291	885	898
64910	28	167	885	899
81109	28	135	885	902
114112	28	23	885	902
118379	23	66685	885	904
71771	28	144	885	905
79913	23	3359	885	907
38818	23	59061	885	926
29188	23	27481	885	926
27481	23	29188	885	926
52205	28	85	886	0
61060	14	1217	886	0
83858	28	2469	886	0
72210	28	30	886	0
10587	28	29	886	0
84990	28	63283	886	0
48292	28	244	886	0
86500	14	13152	886	0
86831	16	46499	886	0
135386	14	2297	886	0
135878	28	65	886	0
54895	16	5111	886	0
89925	14	782	886	0
7707	28	283	886	0
29878	28	2721	886	0
89854	28	2721	886	0
50394	28	4134	886	0
122228	16	5111	886	0
92052	14	12276	886	0
23021	14	2258	886	0
13841	14	17538	886	0
92313	14	2964	886	0
166953	16	5111	886	0
167719	16	5111	886	0
64203	28	675	886	0
66907	28	4134	886	0
58332	28	550	886	0
34009	28	333	886	0
28686	28	61	886	0
13774	16	226	886	0
81355	14	5137	886	0
53316	14	902	886	0
33800	28	4070	886	0
39843	28	45	886	0
94198	28	1129	886	0
134004	16	5111	886	0
56657	28	930	886	0
141145	16	5111	886	0
55069	14	6176	886	0
7780	14	9717	886	0
32792	23	68168	886	0
68168	23	32792	886	0
42321	28	1119	886	0
127767	16	5111	886	0
69942	28	131	886	0
101545	28	68	886	0
94714	28	79	886	0
88764	28	29	886	0
63224	28	14	886	0
11937	28	29	886	0
21074	28	2469	886	0
87721	28	2707	886	0
130787	14	32620	886	0
4294	6	2760	886	0
130194	28	247	886	0
93330	16	5111	886	0
40748	28	4070	886	0
17177	28	211	886	0
62599	16	5111	886	0
123946	16	5111	886	0
142659	16	5111	886	0
113515	14	24596	886	0
54168	28	63283	886	886
61731	28	529	886	887
96333	28	46	886	887
17412	28	339	886	887
35499	28	107	886	887
76125	28	42	886	887
118334	28	282	886	887
89392	28	1750	886	887
47295	28	120	886	887
13361	28	4560	886	887
90381	28	126	886	887
36012	28	4070	886	887
23649	28	131	886	887
121660	28	52	886	887
122449	28	69	886	887
27195	28	57985	886	887
76673	28	67	886	887
7707	28	3554	886	887
108330	28	828	886	887
76355	28	81	886	887
71654	28	432	886	887
105344	28	126	886	887
85249	28	102	886	887
90608	28	100	886	887
25851	28	19	886	887
126608	28	71	886	887
59447	28	261	886	887
92040	28	63	886	887
70181	28	254	886	887
81346	28	679	886	887
98688	28	158	886	887
149537	28	1164	886	887
94906	28	55	886	887
51280	28	4070	886	887
8728	28	79	886	887
60379	28	87	886	887
113793	28	213	886	887
6045	28	81	886	887
41931	28	111	886	887
29802	28	429	886	887
49037	28	27	886	887
84094	28	52	886	887
43722	28	158	886	887
56150	28	3640	886	887
120446	28	46	886	887
47214	28	16	886	887
90335	28	58	886	887
127746	28	129	886	887
76311	28	89	886	887
11243	23	2465	886	887
28686	28	1426	886	887
17480	28	152	886	887
89901	28	2069	886	887
39710	28	4070	886	887
64405	28	120	886	887
5263	28	188	886	887
77358	28	72	886	887
77558	28	134	886	887
93954	28	3761	886	887
56474	28	2388	886	887
29121	28	698	886	887
29277	28	109	886	887
145102	28	45	886	887
47886	28	27	886	887
38584	28	22	886	887
109873	28	139	886	887
28899	28	50	886	887
64048	28	69	886	887
50394	28	2178	886	887
11419	28	14	886	887
155449	28	53	886	887
111507	28	2404	886	887
96516	28	504	886	887
95933	28	70591	886	888
21910	28	89	886	888
82834	28	16	886	888
61208	28	102	886	888
73089	28	56	886	888
86530	28	706	886	888
48008	28	67	886	888
101456	28	28	886	888
55238	28	126	886	888
21074	28	1165	886	888
96765	28	77464	886	888
34773	28	4070	886	888
98916	28	118	886	888
105645	28	177	886	888
32021	28	16	886	888
52409	28	76	886	888
59999	28	529	886	888
125600	28	706	886	888
42909	28	104	886	888
122191	28	150	886	888
66727	28	38	886	888
21927	28	477	886	888
23880	28	8586	886	888
58154	28	51244	886	888
116485	28	110738	886	888
32841	28	67	886	888
57181	28	57	886	888
104193	28	14110	886	888
80305	23	11794	886	888
38593	28	962	886	888
38305	28	39	886	888
44582	28	27	886	888
44695	28	177	886	888
176525	28	53	886	888
39743	28	114	886	888
126318	28	1031	886	888
46708	28	134	886	888
110539	28	4861	886	888
29077	28	4560	886	888
106081	28	211	886	888
111170	28	28	886	888
27339	28	105	886	888
43830	28	43	886	888
14181	28	79	886	888
72420	28	23	886	888
111868	28	259	886	888
5724	23	3905	886	888
25621	28	330	886	888
60564	28	432	886	888
97932	16	5111	886	889
67107	28	150	886	889
90038	28	1650	886	889
23773	28	53	886	889
105980	28	330	886	889
33630	28	529	886	889
18414	28	330	886	889
107410	28	2525	886	889
40322	28	20	886	889
92279	28	141	886	889
30477	28	27	886	889
79633	28	149	886	889
90736	28	83	886	889
17945	28	69	886	889
12472	28	2095	886	889
100458	28	102	886	889
44443	28	17077	886	889
73272	28	706	886	889
77675	28	158	886	889
127712	28	36	886	889
33737	28	150	886	889
25027	28	36	886	889
52205	28	89	886	890
61804	28	52	886	890
136207	28	61	886	890
27668	28	176	886	890
56703	28	114	886	890
37742	28	3946	886	890
30069	28	46	886	890
100274	28	8898	886	890
112427	28	244	886	891
65223	28	36	886	891
49480	28	114	886	891
22621	28	55	886	891
53085	28	135	886	891
71692	28	135	886	891
49950	28	177	886	891
95492	28	176	886	891
51225	28	176	886	891
94714	28	293	886	891
62487	28	1066	886	891
59999	28	520	886	891
62424	28	787	886	892
33120	28	8586	886	892
150048	28	30	886	892
44679	28	28	886	892
130194	28	66	886	892
72472	23	94951	886	892
94951	23	72472	886	892
35140	28	253	886	892
41359	28	22	886	892
74298	23	7737	886	892
111155	28	327	886	892
126567	28	244	886	892
61351	28	14	886	893
22621	28	247	886	893
85125	28	184	886	893
23777	28	460	886	893
109826	28	206	886	893
46023	28	184	886	893
69035	28	27	886	893
46679	28	460	886	893
29363	28	52	886	893
57076	28	104	886	893
35781	28	460	886	893
49517	28	33	886	893
118060	28	66	886	894
83913	28	460	886	894
32595	28	184	886	894
63669	28	22361	886	894
48906	28	164	886	894
147937	28	67	886	894
33743	28	49	886	894
112942	28	37	886	894
147487	28	67	886	894
54381	28	368	886	894
110900	28	247	886	894
97843	28	1031	886	894
27668	28	531	886	894
33800	28	101	886	894
29940	28	164	886	895
36680	28	131	886	895
68382	28	60	886	895
92436	28	184	886	896
50257	28	233	886	897
52834	28	333	886	898
58587	16	5111	886	899
80265	23	47369	886	899
47369	23	80265	886	899
72540	28	41	886	900
110565	28	213	886	900
39242	16	5111	886	900
109289	28	112	886	900
22974	28	276	886	901
112427	28	203	886	902
56471	28	1818	886	902
21910	28	69356	886	903
49720	28	74	886	903
41734	28	1754	886	903
21856	23	56847	886	917
56767	23	76973	886	922
76973	23	56767	886	922
19304	23	86765	886	923
65509	23	4766	886	935
19629	28	49	887	0
71313	28	36	887	0
134729	28	1016	887	0
2573	14	4523	887	0
42058	28	29	887	0
101652	14	918	887	0
42543	14	1217	887	0
12844	28	12845	887	0
112816	14	1880	887	0
33604	28	1056	887	0
120472	28	179	887	0
104859	28	3313	887	0
8704	14	12967	887	0
63426	14	1706	887	0
103626	28	217	887	0
6045	28	102	887	0
26287	28	14	887	0
27212	28	40	887	0
5301	23	12630	887	0
5263	28	6407	887	0
6510	14	943	887	0
122997	14	13416	887	0
92645	28	139	887	0
29384	28	1697	887	0
22329	28	68	887	0
72210	28	88	887	0
49343	28	365	887	0
11173	28	149	887	0
52009	28	12845	887	0
12200	28	347	887	0
67379	28	102	887	0
84615	6	209	887	0
93682	28	1668	887	0
35838	28	221	887	0
85471	14	5091	887	0
18227	28	8586	887	0
112789	28	298	887	0
102385	28	92	887	0
91918	16	20046	887	0
113080	28	618	887	0
150459	14	2797	887	0
59121	16	1469	887	0
77657	28	1031	887	0
67921	16	1469	887	0
12960	14	902	887	0
177723	28	34	887	0
57583	28	244	887	0
70748	28	828	887	0
35437	14	2258	887	0
124317	28	188	887	0
35991	28	126	887	0
69942	28	288	887	0
112000	28	333	887	0
110418	14	12276	887	0
110418	14	2995	887	0
56474	28	2916	887	0
35525	14	6456	887	0
154324	28	4641	887	0
2462	6	270	887	0
28456	14	2188	887	0
40748	28	3784	887	0
39156	28	347	887	0
29219	28	311	887	0
67378	23	7793	887	887
16312	28	126	887	888
96333	28	58	887	888
52597	28	149	887	888
33995	28	27	887	888
61649	28	79	887	888
40286	28	265	887	888
72847	28	46	887	888
70867	28	91	887	888
25851	28	63	887	888
100374	28	27	887	888
56474	28	828	887	888
37043	28	111	887	888
85249	28	277	887	888
20856	28	98	887	888
117747	28	78	887	888
11307	28	23	887	888
7707	28	277	887	888
61615	28	455	887	888
67379	28	69	887	888
12200	28	134	887	888
22149	28	203	887	888
16618	28	51	887	888
85824	28	34	887	888
5263	28	105	887	888
64405	28	150	887	888
35123	28	330	887	888
91262	28	45	887	888
79620	28	50	887	888
59247	28	364	887	888
89901	28	27	887	888
112366	28	92	887	888
166057	28	34	887	888
108597	28	49	887	888
43478	28	118	887	888
70748	28	2026	887	888
6045	28	70	887	888
76355	28	39303	887	888
72847	28	36	887	888
80144	28	52	887	888
84266	28	2601	887	888
40143	28	85	887	888
32984	28	347	887	888
49752	28	149	887	888
17177	28	1031	887	888
36653	28	1229	887	888
84735	28	1102	887	888
47214	28	73	887	888
114850	28	71	887	888
90381	28	102	887	888
50712	28	303	887	888
26297	28	104	887	888
84990	28	1426	887	888
50185	28	78	887	888
126168	28	99	887	888
92645	28	5796	887	888
67656	6	2304	887	888
129648	28	139	887	888
88991	28	38	887	888
22359	28	339	887	888
69302	28	5063	887	888
106265	28	31	887	888
94906	28	61	887	888
69094	28	79	887	888
33224	28	2404	887	888
97591	28	55	887	888
51297	28	56	887	888
119036	28	61	887	888
71654	28	6407	887	888
8870	28	101	887	888
92040	28	105	887	888
36652	28	43494	887	888
70227	28	64	887	888
75425	28	69	887	888
82234	28	2404	887	888
64608	28	557	887	888
90971	28	134	887	888
89027	28	74	887	888
82098	28	64	887	888
184254	28	34	887	888
39156	28	118	887	888
12615	28	829	887	888
17480	28	559	887	888
119689	28	2601	887	888
15126	28	34	887	888
88867	28	72	887	888
27164	28	14	887	888
55648	28	539	887	888
103237	28	111	887	888
76125	28	1149	887	888
132814	28	1102	887	888
33694	28	55	887	889
25218	28	1019	887	889
34379	28	529	887	889
18602	28	14854	887	889
13187	28	1818	887	889
20271	28	2292	887	889
73696	28	30	887	889
34549	28	20	887	889
29277	28	81	887	889
114703	28	9724	887	889
19418	28	49	887	889
24275	23	119685	887	889
119685	23	24275	887	889
99774	28	550	887	889
105344	28	27	887	889
121762	28	131	887	889
58952	28	252	887	889
54901	28	104	887	889
26826	28	69	887	889
35499	28	109	887	889
11703	28	126	887	889
95792	28	3628	887	889
31011	28	89	887	889
93682	28	53	887	889
59998	28	81	887	889
125550	28	16	887	889
45867	28	291	887	889
24984	28	76	887	889
91101	28	180	887	889
127746	28	252	887	889
94978	28	215	887	889
38504	28	139	887	889
93100	28	455	887	889
27493	28	477	887	889
102650	6	497	887	889
21593	28	36	887	889
61731	28	252	887	889
17412	28	39	887	889
64516	28	45	887	889
30747	28	85	887	889
43722	28	150	887	889
92503	28	477	887	889
44491	28	69	887	889
39835	28	28	887	889
120563	28	118	887	889
110168	28	5479	887	889
35485	28	8586	887	889
91401	28	109	887	889
5282	23	33991	887	889
37854	30	5166	887	889
72847	28	10712	887	889
44719	28	22	887	889
130979	28	265	887	889
48720	28	73965	887	889
77358	28	19	887	889
88941	28	117	887	890
62560	28	67	887	890
91733	28	232	887	890
17884	28	259	887	890
102216	28	83	887	890
106450	28	71	887	890
112139	28	16	887	890
71072	28	67	887	890
86170	28	102	887	890
49343	28	124	887	890
95221	28	245	887	890
29384	28	87	887	890
28900	28	353	887	890
70170	28	85	887	890
57790	28	290	887	890
51573	28	1019	887	890
14015	28	1668	887	890
83708	28	149	887	890
31068	28	98	887	890
16679	28	63	887	891
84094	28	102	887	891
30178	28	107	887	891
42821	28	265	887	891
114608	28	327	887	891
71628	28	124	887	891
72074	28	49	887	891
141414	28	180	887	891
16449	28	68	887	891
15032	28	22	887	891
34922	28	14	887	891
11937	28	41	887	891
62095	28	120	887	891
127990	28	39	887	891
26454	28	176	887	891
13816	28	70	887	891
27461	28	4543	887	891
61643	28	149	887	891
35504	28	274	887	891
113349	28	5312	887	892
15336	14	2297	887	892
23485	28	175	887	892
23084	28	48	887	892
101420	28	89	887	892
29219	28	28	887	892
98688	28	74	887	892
95982	28	83	887	892
22149	28	244	887	892
93709	28	91	887	892
24550	28	16	887	892
3233	23	17447	887	892
151844	28	542	887	892
32445	28	2343	887	892
108330	28	39	887	892
96149	28	381	887	892
114300	28	131	887	892
8270	28	4543	887	892
22644	28	30	887	893
46202	28	50	887	893
49729	28	211	887	893
47304	28	629	887	893
47562	28	1119	887	893
81909	28	184	887	893
50767	28	14	887	893
130938	28	464	887	893
95718	28	217	887	893
33604	28	131	887	894
28899	28	69	887	894
30515	28	135	887	894
95498	28	135	887	894
35991	28	38	887	894
52230	28	136	887	894
82082	28	327	887	894
104859	28	303	887	895
124407	23	128391	887	895
22719	28	68	887	895
43755	28	461	887	895
76106	28	99	887	896
127359	28	136	887	896
114017	28	101	887	897
107977	16	72087	887	897
25792	23	9209	887	898
9209	23	25792	887	898
6046	23	18075	887	899
34880	28	2516	887	899
26609	23	53310	887	900
96442	28	30	887	901
92789	28	206	887	901
8270	28	5102	887	901
32361	28	50	887	901
27212	28	72	887	902
38234	28	4543	887	904
147477	16	7172	887	924
7427	23	155498	887	927
77294	23	37518	887	931
78786	23	142977	887	939
51323	16	8	887	951
16694	14	943	888	0
30213	28	14	888	0
46955	28	339	888	0
98752	23	3032	888	0
71654	28	4634	888	0
6510	14	3741	888	0
29219	28	29	888	0
159052	28	34	888	0
35437	14	24005	888	0
56136	16	43394	888	0
89597	28	160362	888	0
22974	28	259	888	0
26215	28	29	888	0
83858	28	1223	888	0
7303	14	943	888	0
99686	28	67	888	0
35506	28	164	888	0
78126	28	89	888	0
6609	28	2404	888	0
6609	28	52	888	0
72631	28	30	888	0
33995	28	12667	888	0
86831	16	119575	888	0
143541	16	59049	888	0
96867	28	32	888	0
98916	28	139	888	0
41845	28	14	888	0
90971	28	28	888	0
51977	14	1706	888	0
49343	28	34	888	0
117469	28	28	888	0
23649	28	233	888	0
13476	28	1149	888	0
127293	28	52	888	0
47803	28	2033	888	0
21742	28	315	888	0
106892	14	7183	888	0
91856	28	122	888	0
39265	16	4992	888	0
57399	28	45	888	0
111170	28	38	888	0
46680	28	224	888	0
75425	28	102	888	0
12615	28	1229	888	0
175712	28	53	888	0
69942	28	136	888	0
42058	28	20	888	0
135647	14	108981	888	0
89560	28	244	888	0
36041	28	145	888	0
39238	23	49809	888	0
65223	28	247	888	0
76890	6	389	888	0
120446	28	58	888	0
126858	16	59049	888	0
47214	28	29531	888	0
82153	28	92	888	0
70748	28	337	888	0
82098	28	27	888	0
150745	14	1343	888	0
16585	1	27934	888	0
33800	28	29	888	0
82834	28	92	888	0
22051	28	30	888	0
125179	28	178	888	0
30164	14	2964	888	0
104859	28	164	888	0
29552	28	114	888	0
90335	28	29531	888	0
35504	28	29	888	0
13476	28	201	888	0
33224	28	558	888	0
78988	28	64	888	0
155449	28	31	888	0
138726	14	2258	888	0
76673	28	36	888	0
33261	28	29	888	0
94198	28	1165	888	0
114244	28	522	888	889
64608	28	57	888	889
63669	28	135	888	889
36652	28	252	888	889
27983	28	477	888	889
17037	28	56	888	889
72847	28	120	888	889
89027	28	432	888	889
66727	28	100	888	889
30156	28	20	888	889
105119	28	89	888	889
48008	28	61	888	889
8870	28	20	888	889
105809	28	79	888	889
21910	28	64	888	889
122191	28	102	888	889
33409	28	39	888	889
35966	28	40	888	889
12812	28	69	888	889
72420	28	27	888	889
35123	28	83	888	889
33088	28	149	888	889
85337	28	63	888	889
35489	28	134	888	889
46955	28	104	888	889
11307	28	2469	888	889
14181	28	72	888	889
19629	28	126	888	889
58154	28	1013	888	889
50185	28	23	888	889
76125	28	58	888	889
112366	28	67	888	889
66593	28	31	888	889
11307	28	20	888	889
77680	28	37	888	889
32859	28	104	888	889
76673	28	28	888	889
69376	28	16	888	889
18412	28	23	888	889
21954	28	152	888	889
47370	28	14	888	889
70867	28	105	888	889
97591	28	10712	888	889
91262	28	409	888	889
22360	28	347	888	889
89089	28	80	888	889
106265	28	57	888	889
9550	28	121	888	889
79530	28	98	888	889
51019	28	51	888	889
75425	28	89	888	889
41025	28	1069	888	889
111170	28	104	888	889
49037	28	102	888	889
79620	28	102	888	889
32984	28	283	888	889
61208	28	105	888	889
44710	28	102	888	889
95933	28	79	888	889
85211	28	18828	888	889
100374	28	120	888	889
35227	28	104	888	889
178899	28	53	888	889
60564	28	100	888	889
38981	28	33	888	889
39156	28	175	888	889
92040	28	52	888	889
52597	28	40	888	889
90381	28	2069	888	889
73089	28	188	888	889
55648	28	283	888	889
55103	28	45	888	889
82153	28	86	888	889
70181	28	455	888	889
107410	28	34	888	889
88867	28	40	888	889
23763	28	330	888	889
94198	28	502	888	889
152883	28	53	888	889
129648	28	78	888	889
99268	28	742	888	889
99735	28	71	888	889
32841	28	1071	888	889
96765	28	58	888	889
57126	28	244	888	889
71835	28	718	888	889
12812	28	31	888	889
85458	28	1102	888	889
114244	28	520	888	889
64048	28	126	888	889
69208	28	5494	888	889
25851	28	558	888	889
62056	28	477	888	890
22607	28	46	888	890
26287	28	55	888	890
98222	28	27	888	890
85139	28	77	888	890
73998	28	3667	888	890
20856	28	88	888	890
159639	28	53	888	890
52226	28	550	888	890
14742	28	101	888	890
27339	28	30	888	890
102385	28	139	888	890
106326	28	139	888	890
78230	28	211	888	890
22149	28	378	888	890
5263	28	2404	888	890
77558	28	86	888	890
51171	28	99	888	890
56150	28	552	888	890
8603	28	71	888	890
125194	28	141	888	890
88991	28	120	888	890
12677	28	149	888	890
20084	28	82	888	890
87231	28	47	888	890
10976	28	286	888	890
97234	28	295	888	890
39485	28	22	888	890
52409	28	52	888	890
66907	28	2069	888	890
91151	28	378	888	890
87898	28	178	888	890
42909	28	23	888	890
70227	28	122	888	890
95191	28	73	888	890
72510	28	38	888	890
85249	28	175	888	890
38305	28	57	888	890
130990	23	7793	888	890
76646	28	52319	888	890
10527	28	460	888	890
13702	28	88	888	890
10587	28	23	888	890
29971	28	967	888	891
97591	28	36	888	891
156680	28	53	888	891
98916	28	175	888	891
100565	28	111	888	891
90678	28	73	888	891
45211	28	88	888	891
21074	28	28	888	891
43830	28	52	888	891
31763	28	82	888	891
101456	28	102	888	891
128529	28	16	888	891
39139	28	141	888	891
51393	28	14854	888	891
59999	28	292	888	891
47886	28	3953	888	891
55710	28	114	888	891
84351	28	1304	888	891
54243	28	708	888	891
87122	28	60	888	891
21927	28	240	888	892
19103	28	76	888	892
41600	28	121	888	892
116485	28	31	888	892
48655	28	22	888	892
96516	28	354	888	892
16618	28	55	888	892
59712	28	259	888	892
89597	28	102	888	892
42058	28	48	888	892
90038	28	460	888	892
125432	28	149	888	892
64141	28	71	888	892
23084	28	14	888	892
90242	28	8898	888	892
93500	23	45576	888	892
93640	23	27915	888	892
14874	28	101	888	892
62424	28	217	888	892
56163	28	22	888	892
98067	28	16	888	892
92453	28	217	888	892
46202	28	14	888	892
60961	28	247	888	893
55605	28	1627	888	893
61649	28	139	888	893
32021	28	41	888	893
83858	28	56	888	893
38442	28	29754	888	893
125179	28	109	888	893
38593	28	502	888	893
74374	28	78	888	893
69942	28	1031	888	893
33187	28	80	888	893
13151	28	1163	888	893
132814	28	31	888	894
54206	28	293	888	894
17480	28	30	888	894
38995	28	22361	888	894
28142	28	7094	888	894
53062	28	1058	888	894
63073	28	14	888	894
94174	28	381	888	894
49809	23	39238	888	894
23921	28	259	888	894
69302	28	74	888	894
29077	28	522	888	894
136377	28	44	888	895
49618	28	251	888	895
175227	1	147551	888	895
74088	28	34	888	895
25957	23	83875	888	896
83875	23	25957	888	896
116868	23	100969	888	896
32113	16	1469	888	896
28618	28	32	888	896
50257	28	32	888	896
100618	28	520	888	897
20979	28	60	888	897
61615	28	70	888	897
44916	28	529	888	897
49874	23	104322	888	898
70304	28	167	888	899
36653	28	2516	888	899
47810	23	4539	888	900
55613	28	233	888	901
72891	16	8	888	901
3077	6	306	888	901
16312	28	36	888	901
16716	28	101	888	901
113543	28	336	888	901
61420	28	244	888	902
107852	28	175	888	902
51338	28	33	888	902
37028	28	43	888	902
54206	28	60	888	902
112502	28	531	888	903
28659	23	63265	888	903
38825	28	31	888	904
43478	28	69	888	904
17536	28	19	888	904
86310	28	44	888	905
53094	23	109048	888	942
27340	23	5347	888	945
111242	23	99480	888	948
99480	23	111242	888	948
112366	28	27	889	0
60564	28	347	889	0
46338	28	106	889	0
52049	28	413	889	0
98249	28	10712	889	0
72631	28	85	889	0
98249	28	3033	889	0
70723	16	39057	889	0
42543	14	2951	889	0
88172	23	76288	889	0
45867	28	4861	889	0
39710	28	106	889	0
119036	28	36	889	0
66017	14	32620	889	0
78764	28	120	889	0
121702	23	43361	889	0
22051	28	2069	889	0
106051	14	2995	889	0
120482	28	139	889	0
79620	28	57	889	0
92672	28	92	889	0
40322	28	79	889	0
76125	28	1832	889	0
79778	28	106	889	0
90381	28	63	889	0
94826	28	9832	889	0
33604	28	32	889	0
29785	28	31	889	0
91856	28	126	889	0
119851	30	5561	889	0
73696	28	41	889	0
69959	14	902	889	0
41657	14	2384	889	0
103965	8	67603	889	0
43189	28	23	889	0
39769	28	19907	889	0
39406	28	61	889	0
95226	28	14	889	0
151735	28	350	889	0
67983	14	2188	889	0
32557	14	2797	889	0
44652	28	68	889	0
70867	28	111	889	0
33088	28	92	889	0
13642	14	444	889	0
108946	28	806	889	0
71595	6	306	889	0
57566	14	1706	889	0
32955	28	126	889	0
92279	28	679	889	0
23265	23	22002	889	0
66727	28	2208	889	0
111874	28	141	889	0
61204	28	106	889	0
37332	14	1126	889	0
91994	28	1832	889	0
86818	28	56	889	0
21662	28	276	889	0
79645	14	55576	889	0
67107	28	347	889	0
58952	28	217	889	0
9527	28	1165	889	0
111507	28	347	889	0
21662	28	660	889	890
16863	28	20	889	890
12812	28	48	889	890
72420	28	107	889	890
113793	28	53	889	890
35499	28	14	889	890
64048	28	81	889	890
41725	23	16609	889	890
20271	28	1102	889	890
116955	14	3863	889	890
85647	28	33	889	890
33737	28	2642	889	890
77599	28	99	889	890
77644	28	65	889	890
100287	28	134	889	890
77675	28	53	889	890
90038	28	7094	889	890
120425	28	1031	889	890
30720	28	10712	889	890
121375	28	244	889	890
78764	28	477	889	890
106265	28	1021	889	890
57793	28	23	889	890
56573	28	63	889	890
17412	28	30	889	890
93254	28	1234	889	890
124996	28	244	889	890
47035	28	244	889	890
68839	28	460	889	890
51019	28	120	889	890
22051	28	53	889	890
35351	28	336	889	890
64608	28	118	889	890
127712	28	92	889	890
50185	28	118	889	890
47803	28	20	889	890
89089	28	40	889	890
17037	28	751	889	890
115855	28	53	889	890
12200	28	152	889	890
60365	28	40	889	890
121553	28	282	889	890
43722	28	87	889	890
13187	28	199	889	890
34684	28	313	889	890
94978	28	86	889	890
37879	28	16	889	890
85458	28	110	889	890
60062	28	86	889	890
67379	28	44	889	890
11307	28	1165	889	890
73696	28	1697	889	890
56465	28	718	889	890
66901	28	48	889	890
2531	23	58854	889	890
58854	23	2531	889	890
11307	28	4614	889	890
77358	28	102	889	890
90971	28	175	889	890
100458	28	65	889	890
49037	28	91	889	890
35982	28	1071	889	890
35489	28	378	889	890
44710	28	1977	889	890
93691	28	930	889	890
79530	28	51	889	890
58952	28	527	889	890
63647	28	297	889	890
30747	28	806	889	890
27983	28	937	889	890
73089	28	104	889	890
12067	28	550	889	890
90381	28	347	889	890
99686	28	9832	889	890
82098	28	100	889	890
155358	28	38	889	890
17884	28	227	889	890
75425	28	150	889	890
18602	28	7094	889	890
40372	28	806	889	890
67107	28	2069	889	890
62517	28	559	889	890
19268	28	89	889	891
22360	28	87	889	891
113505	28	67	889	891
72344	28	43	889	891
73313	28	33	889	891
35966	28	107	889	891
86003	28	152	889	891
27263	28	313	889	891
99735	28	129	889	891
30374	28	20	889	891
118721	28	39	889	891
41341	28	126	889	891
48720	28	121	889	891
101067	28	1110	889	891
91401	28	81	889	891
91994	28	19	889	891
92040	28	67	889	891
92672	28	73	889	891
39112	28	121	889	891
52597	28	139	889	891
23322	28	101	889	891
48655	28	14	889	891
113730	28	265	889	891
50972	28	39	889	891
59998	28	111	889	891
33630	28	522	889	891
127359	28	32	889	891
84351	28	547	889	891
8836	28	47	889	891
77657	28	32	889	891
29277	28	102	889	891
109563	28	2733	889	891
85114	28	28	889	891
79633	28	104	889	891
61208	28	2069	889	891
76311	28	1102	889	891
48008	28	58	889	891
61731	28	205	889	891
26826	28	118	889	891
144567	28	10712	889	891
112077	28	105	889	891
54901	28	120	889	891
154147	28	350	889	891
5890	23	11243	889	891
11243	23	5890	889	891
42220	28	43	889	891
35123	28	114	889	891
13615	28	22	889	891
35600	28	83	889	891
57975	28	520	889	891
39769	28	36	889	892
73272	28	45	889	892
25027	28	158	889	892
41734	28	121	889	892
19892	28	460	889	892
26703	28	293	889	892
17776	28	4155	889	892
42718	28	16	889	892
85486	28	1229	889	892
59547	28	384	889	892
29584	28	60	889	892
18412	28	80	889	892
43412	28	14	889	892
31011	28	87	889	892
59603	28	36	889	892
109289	28	34	889	892
125550	28	61	889	892
23555	28	52	889	892
95510	28	49	889	892
11703	28	33	889	892
121824	28	131	889	892
116367	28	320	889	892
105119	28	111	889	892
78126	28	79	889	892
44719	28	98	889	892
26807	28	460	889	892
38504	28	126	889	892
18476	28	41	889	892
13187	28	29	889	893
84411	28	69	889	893
135251	23	45639	889	893
35499	28	55	889	893
30477	28	14	889	893
78988	28	46	889	893
51667	28	3313	889	893
38584	28	47	889	893
91193	28	89	889	893
9527	28	4543	889	893
8870	28	274	889	893
32547	23	61348	889	893
79620	28	2439	889	893
34549	28	331	889	893
38981	28	58	889	893
91101	28	99	889	893
37790	28	180	889	893
52049	28	460	889	894
25326	28	23	889	894
19418	28	98	889	894
27383	28	959	889	894
63073	28	22	889	894
120563	28	69	889	894
27212	28	247	889	894
120482	28	177	889	894
43361	23	121702	889	894
27383	28	135	889	894
84388	28	30	889	894
33694	28	48	889	894
43755	28	217	889	894
51674	28	460	889	894
99815	28	618	889	894
9225	28	164	889	894
21593	28	552	889	894
66087	28	36	889	894
48525	28	253	889	895
126567	28	430	889	895
85004	28	180	889	895
110104	23	125862	889	895
125862	23	110104	889	895
65332	28	695	889	895
14113	23	3693	889	895
45467	28	52	889	895
79825	28	156	889	896
127742	28	176	889	896
47759	23	42484	889	896
28900	28	34	889	897
11356	28	276	889	897
36600	28	180	889	898
100618	28	251	889	898
130938	28	181	889	899
90069	23	3873	889	900
30477	28	22	889	900
13773	28	76	889	901
79796	28	206	889	901
85337	28	98	889	901
23773	28	72	889	901
33409	28	265	889	901
39579	28	74	889	901
33743	28	14	889	902
74216	28	131	889	902
59966	28	33	889	902
37200	28	16	889	902
18414	28	45	889	902
46992	28	39	889	902
143695	28	309	889	904
24984	28	50	889	904
25326	28	67	889	905
87171	28	593	889	908
55332	23	79385	889	909
127191	28	350	889	909
70552	23	43765	889	910
59995	28	3599	889	911
4770	23	77746	889	918
76288	23	88172	889	929
4317	23	98255	889	933
98255	23	4317	889	933
3738	23	129508	889	958
129508	23	3738	889	958
29120	28	244	890	0
45569	14	444	890	0
39557	23	39556	890	0
39775	28	251	890	0
54243	28	60	890	0
21662	28	1500	890	0
87202	28	152	890	0
21662	28	9864	890	0
117469	28	87	890	0
28110	14	24216	890	0
21662	28	71797	890	0
88867	28	177	890	0
88991	28	134	890	0
102947	28	546	890	0
66907	28	22	890	0
88648	23	82563	890	0
8603	28	68	890	0
73089	28	3997	890	0
54844	28	61	890	0
104559	28	92	890	0
67298	14	120810	890	0
75770	28	50	890	0
34009	28	85919	890	0
31911	23	68656	890	0
141827	28	122	890	0
43853	6	59205	890	0
6609	28	347	890	0
30266	28	29	890	0
118296	28	346	890	0
35047	28	149	890	0
16863	28	2069	890	0
36431	28	1158	890	0
88941	28	28	890	0
167457	14	13152	890	0
99028	14	902	890	0
31359	28	117	890	0
10264	14	9717	890	0
32475	23	148147	890	0
116955	14	2431	890	0
87159	14	2188	890	0
109563	28	1750	890	0
11173	28	277	890	0
124647	14	13152	890	0
35227	28	126	890	0
72631	28	118	890	0
36347	14	4523	890	0
106421	14	2964	890	0
44710	28	6896	890	0
42269	28	71	890	0
10587	28	20	890	0
48716	28	14	890	0
95395	28	14	890	0
92680	28	256	890	0
43880	28	50	890	0
98222	28	7059	890	0
135878	28	250	890	0
21309	28	1754	890	0
39485	28	14	890	0
37955	28	14	890	0
39835	28	107	890	0
66593	28	188	890	0
130892	28	34	890	0
85647	28	277	890	0
127293	28	63	890	0
72510	28	70591	890	0
58332	28	6025	890	0
142295	16	5111	890	0
23021	14	2384	890	0
30164	14	2951	890	0
107617	28	591	890	0
33088	28	1071	890	0
6212	23	77712	890	0
125638	28	377	890	0
87898	28	559	890	0
82563	23	88648	890	890
118334	28	137763	890	890
70170	28	87	890	890
71498	28	71	890	891
39556	23	39557	890	891
30045	28	7909	890	891
62056	28	708	890	891
73139	28	114	890	891
52409	28	502	890	891
22607	28	111	890	891
100287	28	250	890	891
75225	28	10712	890	891
56703	28	45	890	891
25621	28	2761	890	891
17412	28	65	890	891
15799	28	102	890	891
66504	28	60	890	891
101884	28	1071	890	891
22329	28	83	890	891
11356	28	260	890	891
11419	28	78	890	891
12067	28	380	890	891
18602	28	293	890	891
66907	28	1071	890	891
9550	28	2341	890	891
57010	28	967	890	891
64048	28	111	890	891
76355	28	139	890	891
43722	28	3256	890	891
31068	28	118	890	891
22956	28	708	890	891
10587	28	1149	890	891
12812	28	55	890	891
87882	28	180	890	891
85249	28	63	890	891
89901	28	91	890	891
25218	28	68	890	891
30605	28	198	890	891
49037	28	57	890	891
107416	28	430	890	891
145102	28	156	890	891
14742	28	2045	890	891
58952	28	2341	890	891
77836	28	79	890	891
76646	28	439	890	891
6609	28	33	890	891
37879	28	30	890	891
66335	28	12466	890	891
92549	28	455	890	891
10976	28	293	890	891
7707	28	1165	890	891
62517	28	704	890	891
124417	28	1819	890	891
77644	28	81	890	891
77675	28	277	890	891
93729	28	27	890	891
64608	28	67	890	891
30069	28	56	890	891
108597	28	53	890	891
91630	28	14	890	891
121714	28	141	890	891
98537	28	5312	890	891
51019	28	19	890	891
44870	28	85	890	891
70170	28	70591	890	891
40322	28	63	890	891
125194	28	180	890	891
47886	28	396	890	891
108089	28	43	890	891
44491	28	66	890	891
47480	28	7094	890	891
87473	28	280	890	891
33261	28	48	890	891
105595	28	1071	890	891
57793	28	283	890	891
110565	28	29	890	891
99268	28	131	890	891
44710	28	828	890	891
12677	28	188	890	891
73696	28	79	890	891
60473	28	27	890	891
14181	28	42	890	891
107416	28	244	890	891
39663	28	2300	890	891
52226	28	256	890	891
47562	28	244	890	891
62560	28	347	890	891
71628	28	34	890	891
66901	28	82	890	891
73820	28	1013	890	891
79965	28	455	890	891
118738	28	53	890	891
71072	28	49	890	891
67379	28	47	890	891
77358	28	40	890	891
114747	28	53	890	891
9225	28	533	890	891
35509	28	20	890	891
31166	28	531	890	891
67107	28	152	890	891
145175	28	439	890	891
69094	28	177	890	891
29384	28	18998	890	892
72847	28	18998	890	892
75106	28	34	890	892
22974	28	131	890	892
83708	28	38	890	892
120350	28	2341	890	892
89408	28	602	890	892
84722	28	244	890	892
46360	28	20	890	892
32070	28	69	890	892
16296	28	82	890	892
27972	28	39	890	892
108611	28	2837	890	892
26287	28	98	890	892
60045	28	205	890	892
91733	28	45	890	892
34857	28	30	890	892
21309	28	121	890	892
89763	28	129	890	892
20856	28	150	890	892
71313	28	111	890	892
25645	28	78	890	892
95191	28	4175	890	892
25851	28	39	890	892
103813	6	1348	890	892
27339	28	134	890	892
106326	28	28	890	892
13361	28	60	890	892
88764	28	1102	890	892
82834	28	221	890	892
20358	28	210	890	892
32470	28	38	890	892
81748	28	14	890	892
36175	28	39	890	892
91151	28	235	890	892
124848	28	10644	890	892
70867	28	53	890	892
31662	28	445	890	892
88991	28	102	890	892
34009	28	288	890	892
107767	28	83	890	892
31004	28	1650	890	892
61541	28	29	890	892
73398	28	205	890	892
36431	28	28	890	892
85139	28	2404	890	892
41065	28	1071	890	892
38995	28	135	890	893
83353	28	83	890	893
157688	16	12132	890	893
99815	28	520	890	893
100458	28	152	890	893
87231	28	42	890	893
72420	28	73	890	893
88604	28	36	890	893
118296	28	44	890	893
52205	28	87	890	893
13187	28	72	890	893
163052	28	34	890	893
41855	28	70	890	893
143028	28	177	890	893
60571	28	15759	890	893
31238	28	244	890	893
36240	28	22	890	893
136207	28	36	890	893
79530	28	63	890	893
111647	28	22	890	893
39485	28	98	890	893
25709	28	931	890	893
24427	28	41	890	893
111647	28	1071	890	893
59046	28	1650	890	893
154324	28	34	890	893
129194	28	268	890	893
115855	28	277	890	893
61804	28	16	890	894
13361	28	240	890	894
47803	28	2404	890	894
44997	28	74	890	894
59399	28	22	890	894
112139	28	92	890	894
50078	28	71	890	894
57975	28	292	890	894
77545	28	330	890	894
50185	28	67	890	894
59872	28	99	890	894
35127	28	199	890	894
27513	28	531	890	894
2309	23	4686	890	894
4686	23	2309	890	894
38303	28	22361	890	894
60372	28	2649	890	894
41065	28	22	890	894
13151	28	540	890	894
73213	28	492	890	895
87372	28	614	890	895
121553	28	71	890	895
39872	23	67064	890	895
52661	23	124488	890	895
30747	28	21171	890	895
85378	28	34	890	896
6980	23	80890	890	896
52834	28	32	890	897
140451	28	217	890	897
105649	28	34	890	897
126363	28	930	890	897
54924	28	41	890	897
61611	28	346	890	897
28618	28	136	890	897
51573	28	227	890	897
38302	23	4882	890	897
27291	28	140	890	898
58340	28	269	890	898
57388	28	45	890	898
65121	23	111721	890	898
17884	28	171	890	898
19972	28	136	890	899
51083	28	333	890	899
45867	28	297	890	899
54085	28	20	890	900
30594	28	3313	890	900
93147	28	267	890	900
79055	23	47881	890	900
86295	28	80	890	900
72632	28	368	890	901
40399	28	136	890	901
91003	28	2030	890	901
8270	28	1750	890	901
37742	28	57	890	901
20271	28	69	890	901
57388	28	68	890	901
24604	28	31	890	901
21910	28	22	890	902
101420	28	337	890	902
149853	28	1525	890	902
48193	28	74	890	902
93147	28	1627	890	902
73998	28	203	890	902
34379	28	520	890	903
66335	28	2745	890	903
16716	28	29	890	903
30720	28	36	890	904
21074	28	1750	890	905
10199	23	104041	890	905
111372	28	319	890	905
64370	28	31	890	907
36600	28	68	890	907
80462	28	16	890	909
11022	28	64	890	911
120848	28	251	890	911
109729	16	72087	890	916
77746	23	4770	890	918
65105	23	98635	890	922
77712	23	6212	890	924
64487	23	74498	890	930
74498	23	64487	890	930
89628	23	14087	890	931
3616	23	82087	890	940
40758	23	69252	890	943
44827	23	26420	890	946
7707	28	445	891	0
97206	28	169	891	0
72631	28	100	891	0
133814	14	4052	891	0
11419	28	33	891	0
27513	28	176	891	0
21662	28	893	891	0
49517	28	14	891	0
76979	6	18278	891	0
28899	28	14	891	0
46536	28	800	891	0
10587	28	92	891	0
8603	28	211	891	0
23362	14	444	891	0
60641	28	33	891	0
35065	28	288	891	0
50561	14	2258	891	0
66593	28	118	891	0
76981	14	207	891	0
10643	14	113456	891	0
10264	14	1217	891	0
43931	14	5310	891	0
23649	28	288	891	0
75770	28	2404	891	0
22360	28	150	891	0
52533	28	2033	891	0
72074	28	77	891	0
48627	14	943	891	0
36619	28	60	891	0
93382	28	51	891	0
29552	28	83	891	0
62056	28	2341	891	0
88941	28	86	891	0
85909	28	34	891	0
167403	14	2005	891	0
63825	28	60	891	0
92040	28	39799	891	0
146308	14	8670	891	0
18373	14	1706	891	0
49720	28	14	891	0
51393	28	60	891	0
12844	28	83	891	0
127293	28	347	891	0
82504	14	12276	891	0
47511	14	902	891	0
21910	28	14	891	0
34742	28	29	891	0
6601	28	1805	891	0
67298	14	6456	891	0
81979	28	72	891	0
47886	28	6878	891	0
56573	28	1158	891	0
61011	28	68	891	0
47839	28	44	891	0
6609	28	277	891	0
41782	14	943	891	0
36057	14	4576	891	0
129275	28	350	891	0
152883	28	56	891	0
45867	28	460	891	0
62444	14	902	891	0
4120	23	5892	891	0
32069	28	83	891	0
14215	28	131	891	0
89380	6	2634	891	0
58719	23	112355	891	0
121338	28	350	891	0
21742	28	288	891	0
43880	28	52	891	0
50346	14	237	891	0
117469	28	36	891	0
143333	14	15889	891	0
55648	28	1426	891	0
41835	6	3557	891	0
52597	28	188	891	0
90678	28	120	891	0
77644	28	1223	891	0
30045	28	967	891	0
19268	28	7059	891	0
28899	28	7932	891	0
86818	28	120	891	0
107617	28	429	891	0
185550	28	6617	891	0
85164	28	2178	891	0
45211	28	2404	891	0
28686	28	39799	891	0
38305	28	36	891	0
39835	28	81	891	892
15032	28	28	891	892
47035	28	235	891	892
74216	28	32	891	892
26041	28	136	891	892
102385	28	134	891	892
24707	28	129	891	892
39112	28	378	891	892
62560	28	126	891	892
49037	28	118	891	892
54243	28	70	891	892
74224	28	171	891	892
97161	28	68	891	892
65223	28	57	891	892
9550	28	313	891	892
79226	28	77	891	892
27195	28	45	891	892
66593	28	78	891	892
92672	28	806	891	892
77644	28	150	891	892
35781	28	293	891	892
16679	28	104	891	892
38512	28	33	891	892
100570	23	40707	891	892
40707	23	100570	891	892
79633	28	118	891	892
94268	28	37	891	892
51496	28	55	891	892
93729	28	134	891	892
35506	28	533	891	892
126318	28	141	891	892
36240	28	1071	891	892
89901	28	63	891	892
66907	28	73	891	892
93216	28	201	891	892
10587	28	27	891	892
59998	28	175	891	892
120867	28	73	891	892
110123	28	4243	891	892
61643	28	331	891	892
30213	28	48	891	892
64595	28	105	891	892
35917	28	252	891	892
23322	28	69	891	892
22719	28	233	891	892
13702	28	215	891	892
30069	28	150	891	892
44491	28	79	891	892
55648	28	169	891	892
71072	28	109	891	892
89027	28	31	891	892
55710	28	45	891	892
112329	28	79	891	892
27318	28	33	891	892
56703	28	71	891	892
8836	28	61	891	892
139766	28	53	891	892
66335	28	3313	891	892
24589	28	347	891	892
38825	28	14	891	892
105980	28	129	891	892
76355	28	188	891	892
105595	28	22	891	892
57126	28	235	891	892
36619	28	1136	891	892
39775	28	203	891	892
117657	28	129	891	892
35509	28	105	891	892
14181	28	558	891	892
39515	28	18998	891	892
95546	28	73	891	892
114244	28	5597	891	892
77680	28	129	891	892
128529	28	57	891	892
106265	28	347	891	892
13615	28	27	891	892
30374	28	117	891	892
25621	28	68	891	892
61208	28	42	891	892
12677	28	48	891	892
39139	28	37	891	892
62095	28	5612	891	892
59999	28	7094	891	892
17412	28	79	891	892
35140	28	60	891	892
113505	28	347	891	892
131357	28	71	891	893
52409	28	221	891	893
114747	28	102	891	893
49950	28	134	891	893
66901	28	81	891	893
71771	28	34	891	893
54432	28	48	891	893
100954	28	20	891	893
75425	28	2404	891	893
114017	28	29	891	893
92054	28	5312	891	893
67379	28	27	891	893
31763	28	86	891	893
59399	28	1071	891	893
107255	28	330	891	893
107416	28	797	891	893
36401	28	70	891	893
62174	28	36	891	893
108191	28	57	891	893
47886	28	46	891	893
50903	28	51	891	893
12812	28	40	891	893
33224	28	40	891	893
27091	28	252	891	893
90736	28	71	891	893
109563	28	41	891	893
127476	28	39	891	893
82563	23	8235	891	893
18955	28	73	891	893
118317	28	177	891	893
84094	28	92	891	893
77675	28	2069	891	893
124417	28	16	891	893
5263	28	223	891	893
29120	28	797	891	893
56920	28	51	891	893
12200	28	104	891	893
29785	28	53	891	893
91856	28	67	891	893
27513	28	4430	891	893
75751	28	69	891	893
33261	28	142	891	893
29277	28	63	891	893
12844	28	43494	891	893
128577	28	23	891	893
35966	28	53	891	893
48008	28	79	891	893
93382	28	50	891	893
86003	28	89	891	893
76274	28	1076	891	893
73139	28	83	891	893
82132	28	77	891	893
111647	28	27	891	893
90678	28	33	891	893
110288	28	102	891	893
94714	28	36	891	893
22621	28	47	891	893
93100	28	930	891	893
94826	28	48	891	893
77358	28	104	891	893
112077	28	16	891	893
29560	28	86	891	893
74776	28	930	891	893
57583	28	1119	891	893
81058	28	36	891	893
100287	28	27	891	893
101456	28	1409	891	893
131600	28	37	891	894
10741	23	73263	891	894
47370	28	44	891	894
73696	28	67	891	894
15588	14	2297	891	894
75225	28	55	891	894
34742	28	43	891	894
41882	28	4430	891	894
47298	28	252	891	894
57793	28	2404	891	894
32751	28	28	891	894
42220	28	46	891	894
6609	28	149	891	894
27461	28	49	891	894
91994	28	85	891	894
51019	28	177	891	894
33262	28	12466	891	894
30277	28	1693	891	894
117523	6	338	891	894
90242	28	164	891	894
49480	28	83	891	894
31559	23	23457	891	894
15799	28	50	891	894
82164	28	533	891	894
112355	23	58719	891	894
94906	28	100	891	894
54901	28	111	891	894
49063	28	199	891	894
87473	28	303	891	894
98537	28	930	891	895
60769	28	378	891	895
97186	28	350	891	895
23763	28	68	891	895
35123	28	45	891	895
80183	28	181	891	896
47523	23	5925	891	896
31858	23	126544	891	896
23623	28	44631	891	896
26215	28	52	891	896
125981	28	303	891	896
101884	28	142	891	897
100453	28	540	891	897
55340	23	24327	891	897
18414	28	68	891	897
54757	28	167	891	897
17884	28	68	891	897
8244	23	987	891	897
99306	28	184	891	898
51393	28	70	891	898
99774	28	230	891	898
49618	28	520	891	898
154675	28	70	891	898
52533	28	58	891	899
12472	28	276	891	899
80989	28	311	891	899
46536	28	43	891	899
69112	28	14854	891	899
30605	28	303	891	899
53229	28	9864	891	899
49446	28	167	891	899
27164	28	41	891	900
28142	28	60	891	900
21074	28	19	891	900
14742	28	142	891	900
18120	28	244	891	900
130828	28	67	891	900
6601	28	637	891	900
31381	28	252	891	900
159112	23	101584	891	901
52226	28	176	891	901
60527	28	176	891	901
49181	23	76178	891	901
43830	28	277	891	901
85164	28	31	891	901
82164	28	520	891	901
76311	28	74	891	902
137407	28	1368	891	902
101067	28	98	891	902
55663	28	257	891	902
73313	28	98	891	902
81106	28	30	891	902
11243	23	91748	891	902
91748	23	11243	891	902
76198	28	126	891	902
56329	28	33	891	902
38306	28	66	891	902
73943	28	60	891	903
85114	28	52	891	903
116216	28	22	891	905
144567	28	36	891	905
19972	28	32	891	905
108597	28	117	891	905
66605	23	50281	891	905
107925	28	167	891	905
153923	28	31	891	905
112222	28	452	891	906
28686	28	80	891	906
58250	16	149204	891	906
30178	28	16	891	906
59547	28	323	891	906
51775	28	323	891	906
100499	28	105	891	907
121955	28	31	891	907
118721	28	102	891	907
6000	28	20	891	908
83427	28	103	891	909
80030	28	76	891	909
44723	28	98	891	909
50972	28	22	891	909
51272	23	89162	891	912
89162	23	51272	891	912
121380	23	115575	891	921
61809	23	132028	891	926
71072	28	178	892	0
35084	6	1037	892	0
3032	23	98752	892	0
85471	14	2926	892	0
99268	28	967	892	0
48627	14	2258	892	0
9164	23	32022	892	0
23021	14	943	892	0
62560	28	3074	892	0
13773	28	29	892	0
66593	28	81	892	0
16002	14	2951	892	0
72108	14	2995	892	0
16694	14	3741	892	0
75122	14	943	892	0
61601	14	3863	892	0
61568	28	14	892	0
19839	28	962	892	0
163272	14	2754	892	0
56657	28	5312	892	0
43189	28	289	892	0
87415	14	21317	892	0
73213	28	460	892	0
68248	28	913	892	0
97206	28	29	892	0
18335	23	6290	892	0
66123	14	444	892	0
88991	28	56	892	0
35164	28	60	892	0
32585	14	77199	892	0
51338	28	14	892	0
36401	28	60	892	0
127378	6	29018	892	0
74130	14	444	892	0
15586	14	2384	892	0
40331	14	2188	892	0
31359	28	134	892	0
57884	28	1100	892	0
56136	16	1469	892	0
51667	28	164	892	0
28310	14	1126	892	0
61204	28	3628	892	0
44710	28	27	892	0
35227	28	150	892	0
85471	14	176418	892	0
30374	28	188	892	0
78764	28	5612	892	0
10587	28	629	892	0
108611	28	2642	892	0
26961	14	902	892	0
108089	28	48	892	0
79226	28	250	892	0
130656	6	393	892	0
95803	14	1706	892	0
66039	14	2431	892	0
67117	28	23	892	0
180465	31	48492	892	0
68959	6	15887	892	0
34330	23	23668	892	0
42986	23	81589	892	0
62444	14	782	892	0
34246	23	82512	892	0
48581	14	2258	892	0
15586	14	2258	892	0
126934	28	221	892	0
187411	28	53	892	0
114806	6	497	892	0
52747	28	152	892	893
44997	28	46	892	893
47839	28	40	892	893
56163	28	50	892	893
88658	28	135	892	893
49037	28	2069	892	893
52545	28	71080	892	893
35140	28	708	892	893
35127	28	29	892	893
26467	28	889	892	893
114029	28	217	892	893
25645	28	33	892	893
100135	28	166	892	893
92549	28	205	892	893
32070	28	29	892	893
78647	28	53	892	893
39769	28	78	892	893
27564	28	252	892	893
54243	28	378	892	893
67117	28	91	892	893
26287	28	102	892	893
39438	28	66	892	893
39743	28	79899	892	893
125550	28	120	892	893
18476	28	166	892	893
9550	28	293	892	893
42310	28	36	892	893
3732	28	20	892	893
39775	28	291	892	893
39515	28	420	892	893
27972	28	1676	892	893
36619	28	201	892	893
86818	28	53	892	893
25851	28	47	892	893
8836	28	107	892	893
77836	28	85	892	893
106326	28	73	892	893
47480	28	5597	892	893
22607	28	87	892	893
14215	28	1031	892	893
27887	28	33	892	893
59464	28	39	892	893
130194	28	3554	892	893
98987	28	38	892	893
144416	28	53	892	893
154024	28	45	892	893
113505	28	111	892	893
89027	28	105	892	893
93709	28	39	892	893
75770	28	82	892	893
21927	28	2438	892	893
110159	28	135	892	893
32470	28	221	892	893
65223	28	27	892	893
90242	28	286	892	893
89763	28	37	892	893
76355	28	87	892	893
78647	28	28	892	893
64595	28	265	892	893
87788	28	110	892	893
17776	28	502	892	893
18602	28	70	892	893
35506	28	240	892	893
38504	28	82	892	893
30045	28	1464	892	893
107503	28	221	892	893
62560	28	120	892	893
40883	28	141	892	893
68127	28	53	892	893
116485	28	102	892	893
29219	28	78	892	893
25027	28	85	892	894
96516	28	124	892	894
29930	23	7996	892	894
16679	28	339	892	894
117326	28	29	892	894
52497	28	164	892	894
16296	28	27	892	894
77680	28	71	892	894
120867	28	27	892	894
139766	28	104	892	894
87636	28	1874	892	894
91151	28	201	892	894
48655	28	43	892	894
19316	28	18998	892	894
12159	28	1136	892	894
68248	28	235	892	894
85647	28	41	892	894
25379	28	43	892	894
66335	28	164	892	894
27318	28	40	892	894
15032	28	27	892	894
55710	28	37	892	894
44491	28	57	892	894
84110	28	71	892	894
24589	28	19	892	894
39139	28	53137	892	894
26807	28	293	892	894
51223	28	30	892	894
30266	28	969	892	894
54553	28	41	892	894
108330	28	27	892	894
98067	28	92	892	894
59239	28	491	892	894
79226	28	63	892	894
74224	28	45	892	894
80073	28	19	892	894
35164	28	293	892	894
59966	28	14	892	894
10527	28	7094	892	894
8270	28	20	892	894
23555	28	58	892	894
89597	28	48784	892	894
61208	28	81	892	894
44719	28	73	892	894
27493	28	166	892	894
30374	28	277	892	894
125432	28	806	892	894
31011	28	558	892	894
60316	28	14	892	894
80622	28	3350	892	894
16618	28	47	892	894
155358	28	166	892	894
59999	28	1229	892	894
32445	28	378	892	894
72540	28	14	892	894
88764	28	1475	892	894
97091	23	83624	892	895
97161	28	99	892	895
89901	28	1676	892	895
65774	28	5312	892	895
42821	28	283	892	895
32627	23	57097	892	895
36354	28	99	892	895
54050	28	45	892	895
44652	28	141	892	895
64141	28	45	892	895
18137	28	7094	892	895
119447	28	34	892	896
93935	28	184	892	896
34880	28	34	892	896
93050	23	110027	892	896
59466	28	2604	892	896
59599	28	8898	892	896
44070	28	233	892	896
43895	28	303	892	896
60714	28	205	892	897
114401	28	297	892	897
20358	28	37	892	897
26703	28	529	892	897
90038	28	297	892	897
62252	28	967	892	897
69112	28	60	892	897
9037	23	19632	892	897
29432	6	1473	892	897
24070	23	19873	892	897
70533	28	49074	892	898
30069	28	111	892	899
151844	28	28459	892	899
104033	28	45	892	899
86983	16	1469	892	900
66907	28	67	892	900
57097	23	32627	892	900
35036	28	267	892	900
35509	28	86	892	900
80183	28	464	892	900
110539	28	291	892	900
78126	28	36	892	900
108089	28	73	892	900
29469	28	32	892	901
113044	28	40	892	901
14928	28	51	892	901
19103	28	30	892	901
56681	23	37353	892	901
76591	28	47	892	901
88941	28	150	892	901
18194	28	371	892	901
46955	28	51	892	901
32070	28	28	892	901
44679	28	19	892	901
82564	28	52	892	901
100970	28	30	892	901
36431	28	69	892	901
73998	28	244	892	901
41845	28	57	892	901
119189	28	66	892	902
112329	28	19	892	902
8270	28	223	892	902
24550	28	51	892	902
65310	28	72	892	902
79063	28	66	892	902
59603	28	28	892	902
11703	28	20	892	902
105595	28	80	892	903
23084	28	55	892	903
31004	28	224	892	903
18077	28	46	892	903
60571	28	184	892	903
14874	28	28	892	903
32897	28	33	892	903
38695	28	460	892	903
31004	28	460	892	903
38512	28	86	892	903
42718	28	30	892	903
27339	28	177	892	903
130738	28	86	892	903
87372	28	413	892	903
130585	28	67	892	904
85139	28	50	892	904
95510	28	19	892	904
29469	28	233	892	905
134890	28	77	892	905
110123	28	73	892	905
51627	28	98	892	905
36175	28	22	892	906
31662	28	47	892	906
183752	28	31	892	906
23322	28	52	892	907
24645	28	1119	892	907
93701	28	42	892	908
95546	28	27	892	908
99150	28	203	892	908
96149	28	69	892	909
102913	23	57466	892	910
22387	28	268	892	911
3952	23	155493	892	911
75475	28	123	892	914
19191	23	36294	892	917
32022	23	9164	892	920
124384	23	66780	892	927
129969	23	55608	892	928
95445	23	32676	892	928
14087	23	89628	892	931
96149	28	29	893	0
16618	28	14	893	0
83104	14	94	893	0
71560	23	61789	893	0
72689	14	1217	893	0
47304	28	10710	893	0
31006	23	73642	893	0
73642	23	31006	893	0
36340	14	2995	893	0
101067	28	29	893	0
87593	14	2355	893	0
103359	28	10712	893	0
11419	28	2069	893	0
31359	28	1349	893	0
90971	28	98	893	0
48990	14	2384	893	0
36920	28	52	893	0
10910	14	444	893	0
13625	14	4523	893	0
123633	28	30	893	0
143028	28	81	893	0
33935	6	1637	893	0
14948	14	34273	893	0
61611	28	29	893	0
42269	28	180	893	0
84094	28	337	893	0
77253	14	13152	893	0
54432	28	51	893	0
169113	28	34	893	0
48006	28	211	893	0
89321	6	3196	893	0
59895	28	141	893	0
15586	14	24005	893	0
54432	28	126	893	0
108606	28	104	893	0
91003	28	327	893	0
87473	28	164	893	0
149348	14	2417	893	0
79620	28	48	893	0
128577	28	118	893	0
66593	28	557	893	0
174434	23	151068	893	0
89560	28	34	893	0
93415	14	2384	893	0
10643	14	23980	893	0
5263	28	1750	893	0
69035	28	3554	893	0
89859	28	142	893	0
35917	28	60	893	0
77657	28	233	893	0
36644	28	164	893	0
118296	28	92	893	0
33069	28	152	893	0
86818	28	2069	893	0
145605	14	279	893	0
71739	28	122	893	0
76516	28	83	893	0
130823	14	3280	893	0
31359	28	2069	893	0
78230	28	131	893	0
66901	28	1043	893	0
154675	28	60	893	0
73998	28	34	893	0
111647	28	188	893	0
106740	14	2922	893	0
79811	28	211	893	0
38305	28	558	893	0
101652	14	1706	893	0
37742	28	14	893	0
4780	23	109731	893	0
49920	14	6176	893	0
47886	28	219	893	0
17348	14	2926	893	0
44908	28	33	893	893
62517	28	86	893	894
62560	28	61	893	894
16649	28	14854	893	894
47886	28	3786	893	894
115855	28	58	893	894
9527	28	42	893	894
26454	28	4430	893	894
76646	28	99	893	894
72784	28	102	893	894
77358	28	39	893	894
61804	28	47	893	894
62174	28	46	893	894
17691	28	346	893	894
140626	28	71	893	894
87975	28	491	893	894
91856	28	53	893	894
66104	28	618	893	894
141838	28	221	893	894
79925	28	276	893	894
90736	28	439	893	894
52240	28	956	893	894
65223	28	177	893	894
12844	28	252	893	894
84094	28	67	893	894
93709	28	100	893	894
125179	28	30	893	894
144416	28	533	893	894
39604	28	1021	893	894
29560	28	41	893	894
66901	28	178	893	894
49950	28	7268	893	894
106895	28	27	893	894
56471	28	29	893	894
37200	28	247	893	894
93100	28	114	893	894
18412	28	78	893	894
44908	28	67	893	894
35506	28	43494	893	894
10104	28	18963	893	894
27887	28	104	893	894
48193	28	14	893	894
24427	28	100	893	894
72854	6	209	893	894
93254	28	37	893	894
32361	28	14	893	894
29219	28	502	893	894
67117	28	1102	893	894
11419	28	704	893	894
31086	28	230	893	894
12677	28	445	893	894
45313	28	58	893	894
33187	28	33	893	894
36619	28	18998	893	894
89392	28	346	893	894
35966	28	31	893	894
48168	28	158	893	894
79620	28	158	893	894
52934	28	47	893	894
33224	28	39	893	894
29584	28	293	893	894
112267	28	110434	893	894
38504	28	117	893	894
29802	28	240	893	894
107255	28	205	893	894
39485	28	43	893	894
22580	28	61	893	894
57884	28	1129	893	894
79530	28	221	893	894
72847	28	5386	893	894
29363	28	41	893	894
76516	28	1234	893	894
34922	28	714	893	894
82132	28	82	893	894
72420	28	139	893	894
74374	28	714	893	894
91733	28	330	893	894
25851	28	177	893	894
41430	28	100	893	894
83353	28	180	893	894
95982	28	455	893	894
43623	28	142	893	894
35140	28	286	893	894
22535	28	72	893	894
46202	28	77	893	894
40883	28	156	893	894
94936	28	232	893	894
8836	28	557	893	894
108191	28	61	893	894
49201	28	70	893	894
86003	28	109	893	894
90678	28	177	893	894
100458	28	82	893	894
81346	28	45	893	894
38442	28	174	893	894
187209	28	53	893	894
33261	28	1676	893	894
88604	28	158	893	894
84722	28	34	893	895
22621	28	28	893	895
18817	28	912	893	895
126272	28	618	893	895
124996	28	34	893	895
148948	6	2443	893	895
110288	28	2404	893	895
56163	28	91	893	895
74719	28	1119	893	895
93382	28	81	893	895
136918	28	848	893	895
92054	28	71	893	895
32021	28	283	893	895
100287	28	117	893	895
75106	28	2087	893	895
14178	23	122944	893	895
31238	28	34	893	896
43895	28	164	893	896
51667	28	12145	893	896
91101	28	37	893	896
30594	28	164	893	896
64247	28	276	893	897
59892	28	564	893	897
95340	28	34	893	897
23763	28	99	893	897
22644	28	80	893	897
137827	14	207	893	898
104683	28	83	893	898
97729	28	1160	893	898
43478	28	29	893	898
86923	28	1119	893	898
122685	28	180	893	898
74776	28	71	893	898
57030	28	1164	893	898
112077	28	51	893	899
124417	28	86	893	899
117968	28	2516	893	899
74828	28	487	893	899
28900	28	395	893	899
8870	28	153	893	899
97173	23	2864	893	900
26287	28	109	893	900
63825	28	253	893	900
48008	28	188	893	900
49517	28	73	893	900
35499	28	102	893	900
41855	28	60	893	900
55782	28	60	893	900
21505	28	23	893	900
4395	23	18385	893	900
41601	28	67	893	901
75751	28	199	893	901
14220	28	53	893	901
62187	28	347	893	901
62557	23	8345	893	901
139678	28	213	893	901
81497	28	69	893	901
56924	23	59744	893	901
59744	23	56924	893	901
133518	28	53	893	901
39604	28	134	893	901
13187	28	47	893	901
94826	28	22	893	901
130477	28	27	893	901
39769	28	48	893	901
116870	28	291	893	902
33900	28	19	893	902
143376	28	19	893	902
110501	28	57	893	902
97678	28	265	893	902
63267	28	27	893	902
17776	28	213	893	902
125073	28	28	893	902
39774	28	48	893	902
59399	28	47	893	902
86171	28	16	893	902
159327	28	53	893	903
25911	28	53	893	903
101241	23	2549	893	903
15799	28	14	893	903
119863	28	85	893	903
107503	28	72	893	903
38304	28	51	893	903
125346	28	77	893	903
59993	28	64	893	903
94084	28	78	893	903
94847	23	30791	893	903
42310	28	72	893	903
38981	28	40	893	904
97847	28	216	893	904
73820	28	66	893	904
25645	28	42	893	904
49489	28	46	893	904
107570	28	413	893	904
148608	28	77	893	904
77836	28	102	893	904
98987	28	117	893	904
56529	28	206	893	904
33069	28	16	893	904
109563	28	166	893	904
25709	28	164	893	905
52747	28	23	893	905
111196	28	46	893	905
39438	28	16	893	905
70586	23	77803	893	906
48502	28	27	893	906
50920	28	19	893	906
59464	28	42	893	906
52470	28	364	893	907
83427	28	34	893	907
87171	28	269	893	907
130892	28	309	893	907
47145	28	164	893	908
46360	28	19	893	908
71959	28	36	893	909
49201	28	60	893	909
97286	28	134	893	910
36920	28	20	893	910
98054	28	36	893	910
36240	28	44	893	911
115161	16	19903	893	912
5537	23	77160	893	913
163426	28	109	893	914
80305	23	43321	893	917
113556	23	15017	893	931
45335	23	11006	893	939
11006	23	45335	893	939
6840	23	113351	893	953
112139	28	3928	894	0
7303	14	444	894	0
157264	28	34	894	0
31011	28	432	894	0
133826	14	305	894	0
32069	28	455	894	0
13882	6	3588	894	0
42909	28	557	894	0
60961	28	86	894	0
73133	28	76	894	0
61060	14	13416	894	0
18955	28	1034	894	0
40358	28	493	894	0
25796	28	98	894	0
120482	28	2404	894	0
139338	16	1469	894	0
78647	28	149	894	0
27461	28	539	894	0
66956	14	444	894	0
85139	28	14	894	0
79530	28	2069	894	0
87231	28	81	894	0
68959	6	389	894	0
124212	28	33	894	0
121822	28	42	894	0
36340	14	2951	894	0
166446	14	3858	894	0
166506	28	34	894	0
97591	28	80	894	0
33187	28	30	894	0
44361	28	1697	894	0
114747	28	29	894	0
47035	28	34	894	0
94714	28	126	894	0
79226	28	98	894	0
37349	28	7953	894	0
90678	28	27	894	0
11419	28	25590	894	0
58976	14	103721	894	0
75770	28	20	894	0
119036	28	118	894	0
24055	28	69	894	0
37332	14	2995	894	0
172226	28	34	894	0
123102	14	902	894	0
50854	28	184	894	0
15586	14	943	894	0
173524	6	68599	894	0
37126	6	1473	894	0
4959	14	9717	894	0
14754	23	5505	894	0
52934	28	120	894	0
95982	28	180	894	0
95156	23	94901	894	0
124667	6	306	894	0
86923	28	34	894	0
37028	28	14	894	0
38584	28	92	894	0
6601	28	938	894	0
113385	28	53	894	0
93709	28	149	894	0
126567	28	34	894	0
87975	28	135	894	0
91856	28	557	894	0
23555	28	2026	894	0
108191	28	166	894	0
44525	28	295	894	0
18412	28	265	894	0
88271	14	2188	894	0
75122	14	2384	894	0
66593	28	150	894	0
41359	28	14	894	0
185099	16	1256	894	0
35966	28	120	894	0
22580	28	1034	894	0
47886	28	64	894	0
89597	28	78	894	0
21184	14	782	894	0
28310	14	18354	894	0
130044	14	2951	894	0
88302	1	42233	894	0
7246	23	20781	894	0
107932	16	9	894	894
37879	28	57	894	894
84411	28	78	894	894
14215	28	1860	894	895
96240	28	37	894	895
113793	28	3256	894	895
101504	28	114	894	895
76274	28	45	894	895
76543	28	83	894	895
35917	28	240	894	895
55710	28	1076	894	895
119266	28	1234	894	895
103703	28	5855	894	895
89392	28	4614	894	895
46513	28	330	894	895
121822	28	39	894	895
97843	28	71	894	895
17536	28	52	894	895
8603	28	609	894	895
125981	28	164	894	895
41600	28	11579	894	895
28142	28	70	894	895
25027	28	445	894	895
13882	6	1003	894	895
54506	28	110	894	895
34922	28	186	894	895
94174	28	76	894	895
97227	28	235	894	895
61208	28	111	894	895
65223	28	86	894	895
80107	28	135919	894	895
49729	28	180	894	895
94078	28	220	894	895
29584	28	3584	894	895
37790	28	45	894	895
60079	28	550	894	895
130477	28	86	894	895
94268	28	455	894	895
10527	28	527	894	895
87882	28	141	894	895
93100	28	156	894	895
29077	28	2597	894	895
27195	28	68	894	895
126168	28	156	894	895
110900	28	82	894	895
102653	28	315	894	895
12159	28	379	894	895
72420	28	714	894	895
84110	28	99	894	896
26248	28	12466	894	896
73139	28	71080	894	896
113685	28	169	894	896
61420	28	34	894	896
86676	28	259	894	896
27668	28	136	894	896
121824	28	71	894	896
105980	28	83	894	896
112942	28	205	894	896
69942	28	71	894	896
76484	28	45	894	896
50163	28	217	894	896
112267	28	5855	894	896
43421	28	9785	894	896
19892	28	198	894	896
141838	28	43	894	896
91733	28	37	894	896
83353	28	31225	894	896
33604	28	211	894	896
114149	23	72507	894	897
114765	28	43	894	897
13151	28	136	894	897
32376	28	378	894	897
16777	28	114	894	897
89913	28	710	894	897
2731	23	5724	894	897
5724	23	2731	894	897
48661	28	60	894	897
47562	28	354	894	897
76646	28	156	894	897
41882	28	28459	894	897
61386	28	2577	894	897
13615	28	938	894	897
89820	6	284	894	897
82164	28	3599	894	897
121822	28	19	894	897
70533	28	34	894	897
46700	28	121	894	898
32445	28	618	894	898
79811	28	180	894	898
35987	28	112	894	898
24733	28	523	894	898
24450	28	351	894	898
27195	28	83	894	898
30542	28	500	894	898
64386	28	1165	894	898
60372	28	531	894	898
120425	28	71	894	898
30045	28	2835	894	898
59872	28	71	894	898
34686	28	13336	894	899
73133	28	29	894	899
125720	28	546	894	899
21413	28	136	894	899
107496	28	14854	894	899
116332	28	930	894	899
60159	28	2228	894	899
79628	23	82365	894	899
37879	28	46	894	899
27887	28	53	894	899
85244	23	63548	894	899
29099	28	799	894	899
19034	28	12145	894	900
11761	28	12466	894	900
60641	28	39	894	900
18194	28	217	894	900
38442	28	2525	894	900
19316	28	797	894	900
5505	23	14754	894	900
30035	28	371	894	900
94637	28	37	894	900
17536	28	1102	894	900
85647	28	120	894	901
75225	28	86	894	901
3732	28	177	894	901
42483	28	11579	894	901
72784	28	82	894	901
44908	28	110	894	901
51693	28	32	894	901
44447	28	1488	894	901
43443	23	106529	894	901
20402	28	85	894	901
33093	28	23	894	901
134729	28	749	894	901
17536	28	14	894	901
32947	28	290	894	901
25326	28	28	894	901
101833	28	66	894	901
51693	28	211	894	901
44916	28	520	894	901
79433	28	102	894	901
11022	28	14	894	901
127476	28	158	894	901
73133	28	50	894	901
83205	28	33	894	901
100819	28	2627	894	901
53062	28	71	894	902
114316	28	92	894	902
25413	28	698	894	902
42960	28	53	894	902
51019	28	118	894	902
16618	28	36	894	902
59995	28	520	894	902
29560	28	27	894	902
19839	28	161	894	902
113385	28	58	894	902
16296	28	57	894	902
51223	28	57	894	902
66374	28	866	894	903
32547	23	4401	894	903
54507	28	217	894	903
120867	28	188	894	903
59599	28	164	894	903
24589	28	107	894	903
98270	28	256	894	903
178915	28	22	894	903
98067	28	102	894	904
51188	28	637	894	904
74374	28	82	894	904
6609	28	142	894	904
17531	28	31	894	905
70629	28	593	894	905
26467	28	564	894	905
16812	28	2030	894	905
31166	28	336	894	905
96702	23	69508	894	905
99671	28	593	894	905
63084	28	135	894	905
46574	28	937	894	906
38695	28	224	894	906
18137	28	60	894	906
14014	23	76259	894	907
151222	28	22	894	907
27513	28	260	894	907
69918	28	135	894	907
73821	28	167	894	908
58307	23	104179	894	909
57030	28	227	894	909
54068	28	45	894	909
43129	28	36	894	913
5590	23	150870	894	913
12112	28	269	894	913
8864	23	148407	894	914
148407	23	8864	894	914
30155	28	136	894	914
15017	23	113556	894	931
5303	23	116754	894	932
76259	23	14014	894	934
32020	23	33905	894	943
126798	23	109662	894	953
109662	23	126798	894	953
69712	23	93356	894	962
33935	6	59	895	0
156702	16	1256	895	0
63064	14	182	895	0
8870	28	199	895	0
36041	28	83	895	0
27461	28	938	895	0
18528	14	2431	895	0
22580	28	2033	895	0
58976	14	764	895	0
51083	28	32	895	0
73213	28	523	895	0
123465	14	279	895	0
36340	14	1126	895	0
123696	6	4404	895	0
124181	16	1419	895	0
43868	14	2297	895	0
104707	14	876	895	0
41657	14	2417	895	0
119713	16	5111	895	0
35410	14	5310	895	0
56163	28	20	895	0
50301	6	338	895	0
17485	14	2188	895	0
81497	28	52	895	0
36057	14	5137	895	0
25015	28	98	895	0
14460	23	69808	895	0
44627	14	2384	895	0
110539	28	34	895	0
44627	14	2951	895	0
10527	28	217	895	0
16002	14	7980	895	0
63690	14	12276	895	0
75500	14	2922	895	0
58733	14	5000	895	0
12986	23	3126	895	0
125856	28	206	895	0
78390	14	3568	895	0
111426	28	32	895	0
43853	6	393	895	0
6000	28	938	895	0
52935	14	18354	895	0
30978	14	782	895	0
114300	28	546	895	896
41855	28	2438	895	896
48525	28	2438	895	896
52074	28	8898	895	896
42483	28	136	895	896
119349	28	240	895	896
3732	28	2404	895	896
15463	28	41358	895	896
78230	28	156	895	896
76543	28	37	895	896
10955	28	136	895	896
114383	28	71	895	896
77680	28	99	895	896
74719	28	114	895	896
30515	28	228	895	896
11022	28	117	895	896
66335	28	280	895	896
175208	28	71	895	896
10527	28	371	895	896
8870	28	1129	895	896
8603	28	181	895	896
23918	28	171	895	896
20287	28	121	895	896
52747	28	126	895	896
111868	28	1176	895	896
12067	28	610	895	896
94558	28	45	895	896
54243	28	14854	895	896
6609	28	85	895	896
55796	28	45	895	897
105649	28	365	895	897
96240	28	330	895	897
13361	28	477	895	897
49729	28	141	895	897
22502	28	37	895	897
131357	28	1167	895	897
85004	28	141	895	897
42837	28	12466	895	897
92690	28	70	895	897
129732	28	34	895	897
44652	28	330	895	897
108405	23	16446	895	897
99268	28	32	895	897
35351	28	70	895	897
10104	28	156	895	897
107416	28	34	895	897
94174	28	289	895	897
46513	28	37	895	898
116982	28	295	895	898
3772	23	142725	895	898
49618	28	514	895	898
23614	28	114	895	898
33262	28	428	895	898
60147	28	670	895	898
59401	28	114	895	898
28142	28	240	895	898
48292	28	60	895	899
25709	28	428	895	899
31416	28	428	895	899
25765	28	2301	895	899
32021	28	1034	895	899
97227	28	2438	895	899
68382	28	2438	895	899
14356	28	1059	895	899
30594	28	428	895	899
34267	28	315	895	899
30466	28	428	895	899
36928	28	304	895	899
84372	28	69	895	900
9881	28	742	895	900
29584	28	477	895	900
95155	23	2825	895	900
21737	28	45	895	900
151676	23	29311	895	900
85788	28	351	895	900
44334	28	102	895	900
47508	28	533	895	900
62129	28	22	895	901
40399	28	32	895	901
26444	28	184	895	901
50001	6	59	895	901
83828	28	259	895	901
117887	14	279	895	902
29308	28	27	895	902
77447	28	800	895	902
111674	28	27	895	902
103906	6	1586	895	902
31416	28	164	895	903
83744	28	52	895	903
57010	28	131	895	903
175621	28	121	895	903
52308	28	53	895	903
32595	28	217	895	903
30466	28	164	895	903
34379	28	251	895	904
129014	6	5839	895	904
60079	28	336	895	905
41844	28	162	895	905
94476	28	1031	895	907
47092	28	216	895	907
143272	28	350	895	909
80107	28	336	895	909
75475	28	34	895	913
103462	23	87305	895	913
110002	23	27944	895	915
110662	23	155072	895	919
3233	23	75486	895	920
82813	23	152453	895	920
92964	23	23937	895	923
21844	23	39556	895	923
39556	23	21844	895	923
102447	23	105221	895	934
105221	23	102447	895	934
76216	23	98888	895	934
98888	23	76216	895	934
69808	23	14460	895	942
87764	23	69926	895	947
77984	23	81810	895	948
57990	23	40918	895	948
40918	23	57990	895	948
113583	23	84005	896	0
19418	28	169	896	0
4326	27	4498	896	0
85780	14	94	896	0
158050	14	3858	896	0
48720	28	176	896	0
160626	23	160627	896	0
78795	14	19745	896	0
112427	28	34	896	0
79063	28	44	896	0
62659	14	279	896	0
107806	14	2922	896	0
96431	14	7588	896	0
102054	14	15889	896	0
57305	23	80913	896	0
80913	23	57305	896	0
84201	23	126214	896	0
82511	28	25225	896	0
51764	14	4523	896	0
5380	23	59557	896	0
92997	14	444	896	0
78795	14	8238	896	0
109920	28	704	896	0
22956	28	217	896	0
38580	28	1095	896	0
38375	14	279	896	0
127378	6	2646	896	0
129173	23	150212	896	0
80989	28	76	896	0
87677	14	207	896	0
51667	28	428	896	0
68713	14	229	896	0
38303	28	165	896	0
47465	28	42	896	0
70305	14	207	896	0
69942	28	500	896	0
117968	28	34	896	0
63999	14	3568	896	0
29079	14	2384	896	0
67697	14	207	896	0
58733	14	1343	896	0
10059	14	32296	896	0
129542	14	229	896	0
44525	28	1754	896	0
44525	28	380	896	0
6000	28	58	896	897
87636	28	45	896	897
76543	28	171	896	897
31166	28	176	896	897
29363	28	1810	896	897
122032	28	1234	896	897
17536	28	74	896	897
115786	28	8898	896	897
93691	28	205	896	897
20287	28	380	896	897
106373	28	37	896	897
96014	28	205	896	897
112502	28	176	896	897
24707	28	37	896	897
76274	28	4497	896	897
174276	28	2761	896	897
73313	28	48	896	897
12934	28	9748	896	897
112884	28	330	896	897
90149	28	5115	896	897
44426	28	123	896	897
119266	28	254	896	897
79698	28	53137	896	897
111722	28	129	896	897
11022	28	91	896	897
87882	28	1076	896	897
124212	28	213	896	897
109590	28	114	896	897
65774	28	1234	896	897
6000	28	19	896	897
27383	28	34	896	897
11022	28	19	896	897
93254	28	129	896	897
51674	28	931	896	897
12067	28	3030	896	897
86310	28	126	896	897
51144	28	1650	896	897
104859	28	2604	896	897
112160	28	83	896	898
52497	28	428	896	898
10527	28	461	896	898
9550	28	420	896	898
92054	28	129	896	898
83875	23	9033	896	898
38036	28	114	896	898
23623	28	1279	896	898
26215	28	169	896	898
47465	28	27	896	898
122715	28	742	896	898
78637	28	180	896	898
110069	28	2516	896	898
84351	28	184	896	898
106895	28	474	896	898
121375	28	291	896	898
20979	28	420	896	898
104710	28	679	896	898
128440	28	5312	896	898
60479	28	7094	896	898
91733	28	141	896	898
106450	28	71080	896	899
73133	28	169	896	899
57297	28	19	896	899
43895	28	428	896	899
48906	28	428	896	899
81659	28	99	896	899
43895	28	3313	896	899
4432	23	69734	896	899
21672	28	1488	896	899
98270	28	176	896	900
102216	28	6984	896	900
41734	28	176	896	900
6000	28	290	896	900
36644	28	12466	896	900
46335	28	5761	896	900
34211	28	303	896	900
71499	28	542	896	900
80100	28	33	896	900
66387	28	800	896	901
36348	28	232	896	901
8952	23	7998	896	901
85053	28	1077	896	901
78520	28	9876	896	901
35504	28	289	896	901
23397	28	92	896	901
23170	28	5023	896	901
52372	28	1342	896	902
116982	28	1754	896	902
42652	28	199	896	902
45758	28	333	896	902
109920	28	44	896	902
21803	28	346	896	902
69352	28	19	896	902
4686	23	44847	896	903
44847	23	4686	896	903
50349	23	60244	896	903
60244	23	50349	896	903
50854	28	3308	896	903
60159	28	217	896	903
55605	28	267	896	903
30605	28	164	896	904
12112	28	832	896	904
36425	23	45576	896	904
108041	23	48049	896	904
66374	28	269	896	904
33137	28	20	896	904
31723	28	131	896	904
33252	28	1036	896	905
31257	23	22467	896	906
27291	28	34	896	906
7487	23	126800	896	907
94205	23	95015	896	908
82511	28	169	896	909
59892	28	397	896	909
13329	28	28	896	910
95015	23	94205	896	910
47508	28	520	896	910
145115	28	353	896	911
61743	28	675	896	911
54459	28	123	896	912
3404	23	53561	896	912
82647	23	109113	896	913
84005	23	113583	896	914
96000	23	71683	896	915
35400	23	75510	896	917
124407	23	2572	896	919
50165	23	60962	896	924
50037	23	3341	896	926
50639	23	94838	896	931
59557	23	5380	896	950
3697	23	81847	896	960
81847	23	3697	896	960
29650	28	617	897	0
62252	28	211	897	0
29418	6	2760	897	0
27034	14	2258	897	0
48028	14	279	897	0
99760	14	3280	897	0
65715	14	94	897	0
9472	23	37001	897	0
35506	28	428	897	0
37126	6	1003	897	0
57558	14	11216	897	0
5358	14	2384	897	0
73313	28	23	897	0
72689	14	13416	897	0
35781	28	224	897	0
10955	28	288	897	0
23777	28	523	897	0
91136	28	60	897	0
86676	28	1164	897	0
37872	23	97560	897	0
124397	28	29	897	0
44070	28	546	897	0
77679	14	2188	897	0
60217	14	3571	897	0
36057	14	1485	897	0
147584	14	12276	897	0
32069	28	141	897	0
24645	28	34	897	0
117875	14	6176	897	0
99478	14	2758	897	0
106740	14	7588	897	0
129052	6	59	897	0
67502	6	2357	897	0
116870	28	34	897	0
108956	14	4611	897	0
152150	14	538	897	0
7967	23	12630	897	0
60446	14	94	897	0
108576	6	270	897	0
136373	14	697	897	0
95724	14	207	897	0
57260	14	5310	897	0
38375	14	94	897	0
29552	28	205	897	0
40004	28	413	897	0
101127	28	184	897	0
67697	14	279	897	0
35987	28	34	897	0
67983	14	444	897	0
64749	23	69836	897	0
8870	28	331	897	0
82067	23	67362	897	0
105348	6	12971	897	0
52934	28	553	897	0
61953	28	152	897	0
96014	28	848	897	898
11761	28	428	897	898
87321	28	439	897	898
11022	28	47	897	898
20274	28	930	897	898
19034	28	428	897	898
6000	28	50	897	898
75996	28	330	897	898
78230	28	330	897	898
23763	28	205	897	898
12067	28	5800	897	898
140373	6	7008	897	898
61615	28	248	897	898
79698	28	37	897	898
143041	28	13336	897	898
96867	28	254	897	898
3732	28	57	897	898
28618	28	320	897	898
40883	28	5312	897	898
76516	28	45	897	898
60714	28	232	897	898
8870	28	161	897	898
5282	23	8235	897	898
124694	14	2754	897	898
79825	28	455	897	898
24707	28	114	897	898
22238	28	3959	897	898
33252	28	523	897	898
92690	28	13655	897	898
6000	28	98	897	898
76543	28	205	897	898
106373	28	114	897	898
102653	28	330	897	898
22502	28	45	897	898
56198	28	59240	897	898
32376	28	14854	897	898
79060	28	145	897	898
17536	28	64	897	898
54050	28	129	897	898
107255	28	679	897	898
79698	28	455	897	898
18137	28	286	897	898
44090	28	165	897	898
4208	23	2905	897	898
2905	23	4208	897	898
25621	28	1234	897	898
29650	28	3030	897	898
110399	28	129	897	898
55796	28	330	897	898
109314	28	45	897	898
84110	28	114	897	898
103703	28	232	897	898
17536	28	117	897	898
80989	28	169	897	898
61611	28	169	897	899
29940	28	428	897	899
10473	28	69	897	899
89913	28	3030	897	899
41882	28	360	897	899
73313	28	80	897	899
46928	28	145	897	899
104592	28	71	897	899
87473	28	523	897	899
96240	28	156	897	899
31370	28	112	897	899
90149	28	295	897	899
17234	28	20	897	899
89539	28	750	897	899
85004	28	71	897	899
12934	28	377	897	899
26703	28	2060	897	899
71315	28	12145	897	900
41893	23	2531	897	900
10976	28	60	897	900
52747	28	61	897	900
29971	28	742	897	900
11973	28	539	897	900
11022	28	61	897	900
96383	28	353	897	900
37001	23	9472	897	901
101884	28	65	897	901
61386	28	1367	897	901
83828	28	227	897	901
83953	28	251	897	901
20517	28	455	897	901
66034	23	67064	897	901
2309	23	89782	897	901
89782	23	2309	897	901
91661	28	71	897	901
127359	28	1031	897	901
52959	28	103	897	901
17915	23	9798	897	901
33212	28	43	897	901
128874	23	29065	897	901
50257	28	431	897	901
69681	28	343	897	901
81854	28	297	897	901
94174	28	274	897	901
9225	28	371	897	901
21871	28	290	897	901
39230	28	58	897	902
34267	28	32	897	902
34819	28	343	897	902
75936	23	59051	897	902
6980	23	94365	897	902
28517	28	14878	897	902
81079	28	169	897	902
111399	28	43	897	902
24785	28	199	897	902
116367	28	626	897	902
74719	28	180	897	902
25765	28	269	897	903
3828	23	81667	897	903
27039	28	1627	897	903
44916	28	522	897	904
150201	28	67	897	904
26467	28	397	897	905
88566	28	1234	897	905
108482	6	3006	897	905
39106	23	101350	897	906
101350	23	39106	897	906
19880	28	1155	897	906
9469	23	75861	897	906
61953	28	23	897	906
9660	23	42144	897	907
42144	23	9660	897	907
43319	28	364	897	907
83953	28	520	897	907
31855	28	1316	897	908
81063	23	130201	897	909
40921	14	3741	897	910
111291	23	70091	897	910
70091	23	111291	897	910
44000	28	58	897	911
86009	28	131	897	911
43619	23	37569	897	911
137739	14	17751	897	912
39776	28	136	897	912
56198	28	121	897	912
30155	28	32	897	913
89445	23	151117	897	913
44361	28	290	897	914
6249	23	72821	897	919
72821	23	6249	897	919
85447	16	8	897	925
80839	23	115222	897	929
12391	23	105072	897	931
127453	23	104534	897	936
47313	23	28869	897	940
28869	23	47313	897	940
82767	23	108840	897	941
5737	23	80203	897	943
80203	23	5737	897	943
110969	23	114167	897	959
83990	14	5091	898	0
45763	14	2384	898	0
75976	14	13	898	0
7762	28	539	898	0
77769	6	1564	898	0
78472	16	5111	898	0
87607	14	24005	898	0
88786	14	7588	898	0
47505	6	4455	898	0
13882	6	393	898	0
70641	14	32251	898	0
83104	14	207	898	0
10955	28	560	898	0
85780	14	207	898	0
59728	28	245	898	0
31871	14	6176	898	0
13329	28	247	898	0
30035	28	217	898	0
63999	14	902	898	0
4317	14	16647	898	0
3298	23	26296	898	0
44285	14	55576	898	0
130231	14	3899	898	0
14874	28	29	898	0
73354	14	13	898	0
54001	6	2618	898	0
124667	6	367	898	0
130673	14	279	898	0
127915	14	2496	898	0
62980	14	2951	898	0
59966	28	87	898	0
121149	23	100214	898	0
110647	14	229	898	0
39115	14	943	898	0
185210	14	17751	898	0
78795	14	26	898	0
32625	14	3571	898	0
44426	28	1007	898	0
42185	23	155538	898	0
44525	28	1592	898	0
22238	28	256	898	899
53622	28	754	898	899
61953	28	67	898	899
28900	28	1229	898	899
36600	28	99	898	899
13329	28	704	898	899
119349	28	529	898	899
84110	28	83	898	899
77680	28	1234	898	899
82529	28	2607	898	899
56821	28	31225	898	899
166783	28	1592	898	899
56328	28	3925	898	899
65774	28	254	898	899
92054	28	254	898	899
46023	28	753	898	899
38995	28	169	898	899
109314	28	129	898	899
44070	28	1874	898	899
59892	28	211	898	899
69814	28	698	898	899
106373	28	205	898	899
76543	28	455	898	899
87321	28	129	898	899
29624	28	4841	898	899
85700	28	28459	898	899
35987	28	5296	898	899
12472	28	13000	898	899
109590	28	28198	898	899
75996	28	455	898	899
13151	28	560	898	900
30542	28	360	898	900
2531	23	41893	898	900
24450	28	101	898	900
27668	28	11579	898	900
2157	23	147550	898	900
51573	28	131	898	900
12159	28	1027	898	900
19658	28	33	898	900
114383	28	180	898	900
42387	28	1488	898	900
34708	28	38	898	900
113349	28	6984	898	900
25379	28	19	898	901
47337	28	429	898	901
30267	28	58915	898	901
64386	28	2232	898	901
41366	28	37426	898	901
49618	28	2343	898	901
7762	28	1223	898	901
51225	28	11579	898	901
26454	28	11579	898	901
12234	28	169	898	901
5871	23	42218	898	902
42218	23	5871	898	902
82237	28	140	898	902
22974	28	625	898	902
60372	28	336	898	902
32445	28	715	898	902
31858	23	9495	898	902
70305	14	13	898	902
27039	28	267	898	903
73620	28	140	898	903
33935	6	338	898	903
55319	23	7266	898	903
31855	28	492	898	903
99671	28	269	898	904
116982	28	121	898	904
23444	23	55387	898	904
64531	28	58	898	904
45366	23	18219	898	905
34319	28	2019	898	905
28142	28	286	898	905
58266	28	1601	898	905
34941	23	149989	898	905
43868	23	61439	898	906
61439	23	43868	898	906
14178	23	61438	898	906
61438	23	14178	898	906
79533	28	269	898	907
97729	28	866	898	908
115907	28	55	898	909
106537	28	211	898	909
84037	28	593	898	909
44361	28	938	898	910
47465	28	22	898	911
15042	28	527	898	911
52935	30	810	898	911
5187	23	9220	898	912
9220	23	5187	898	912
49625	28	43	898	912
57116	28	87	898	913
91277	28	193	898	913
29650	28	387	898	914
92334	28	875	898	914
26296	23	3298	898	914
108915	23	129868	898	915
82174	28	28	898	915
95396	28	527	898	917
30276	23	91739	898	918
45141	23	987	898	932
44054	23	24722	898	932
140402	23	140403	898	936
25792	23	81706	898	939
24143	23	3050	898	948
68869	23	67409	898	952
67409	23	68869	898	952
6228	23	90085	898	963
90085	23	6228	898	963
52834	28	560	899	0
44908	28	221	899	0
46360	28	41	899	0
30305	14	13	899	0
85675	6	3719	899	0
134004	16	1376	899	0
31741	14	2951	899	0
72234	14	55576	899	0
86500	14	5000	899	0
4110	23	118197	899	0
118197	23	4110	899	0
119447	28	174	899	0
52632	28	83	899	0
13642	14	4523	899	0
46536	28	343	899	0
17209	28	698	899	0
27034	14	943	899	0
144500	14	2797	899	0
52799	14	1343	899	0
10104	28	57985	899	0
4294	23	8244	899	0
81827	14	113	899	0
45827	14	2258	899	0
78472	16	1376	899	0
149350	14	7183	899	0
125620	14	2384	899	0
31855	28	523	899	0
43260	14	1168	899	0
64412	14	3916	899	0
70305	14	279	899	0
129824	14	94	899	0
23614	28	37	899	0
54895	16	1376	899	0
80989	28	1818	899	0
44718	28	43	899	0
87658	28	232	899	0
44285	14	7588	899	0
38036	28	171	899	0
63559	14	1701	899	0
121955	28	29	899	0
80989	28	289	899	0
76979	6	367	899	0
93701	28	14	899	0
62692	14	113	899	0
155344	14	2355	899	0
119713	16	1376	899	0
85861	14	115	899	899
82529	28	710	899	900
30277	28	2438	899	900
21672	28	1818	899	900
86310	28	23	899	900
75996	28	37	899	900
21170	28	252	899	900
13329	28	22	899	900
29624	28	74	899	900
104683	28	37	899	900
73398	28	37	899	900
122715	28	211	899	900
13005	23	9209	899	900
9209	23	13005	899	900
27291	28	309	899	900
112717	28	20	899	900
44090	28	412	899	900
43290	28	56	899	900
17242	28	1730	899	900
62129	28	30	899	900
10955	28	28459	899	900
3732	28	704	899	900
79811	28	129643	899	900
3732	28	64	899	900
79825	28	848	899	900
50715	16	1469	899	900
81497	28	65	899	900
52747	28	67	899	900
12934	28	10676	899	900
85269	28	2060	899	901
57388	28	930	899	901
61611	28	87	899	901
19972	28	11579	899	901
35959	28	1031	899	901
38234	28	1750	899	901
105702	28	257	899	901
57297	28	150	899	901
30045	28	1688	899	901
32376	28	286	899	901
8270	28	1223	899	901
146413	28	44	899	901
69814	28	290	899	901
89539	28	311	899	901
56317	28	402	899	901
60496	28	2438	899	902
104695	28	49	899	902
12472	28	431	899	902
69112	28	286	899	902
91136	28	420	899	902
23614	28	171	899	902
52533	28	77	899	902
15032	28	150	899	903
54506	28	65	899	903
48292	28	4716	899	903
48168	28	16	899	903
50707	28	1743	899	903
64308	28	52	899	904
23334	28	527	899	904
87924	28	16385	899	904
6038	23	67816	899	904
88945	23	91075	899	904
8244	23	4294	899	904
23080	28	44	899	904
25765	28	1091	899	904
22238	28	295	899	905
22298	28	276	899	905
57915	23	9037	899	905
9037	23	57915	899	905
107496	28	286	899	905
26668	28	572	899	905
40442	28	199	899	905
97227	28	60	899	905
26778	28	23	899	905
114765	28	139	899	905
51874	28	156	899	905
36611	28	420	899	905
144742	28	1234	899	906
60159	28	461	899	906
21890	28	343	899	906
50975	28	286	899	907
60479	28	60	899	907
42946	28	343	899	908
18583	23	95351	899	908
37056	28	420	899	908
60479	28	286	899	908
62454	23	3850	899	909
90149	28	256	899	910
44747	28	77	899	911
134611	28	43	899	911
97013	16	9	899	912
31506	28	33	899	912
71683	23	96000	899	915
5148	23	92155	899	915
92155	23	5148	899	915
60754	28	66	899	915
110054	23	58059	899	944
58059	23	110054	899	944
13353	23	68160	899	948
68160	23	13353	899	948
62469	23	54921	899	953
3270	23	130886	899	963
61953	28	40	900	0
84476	14	1217	900	0
83865	14	2297	900	0
60769	28	60	900	0
116882	14	13	900	0
30035	28	103	900	0
36057	14	94	900	0
42334	14	13	900	0
8073	14	13416	900	0
67298	14	32296	900	0
7860	23	39314	900	0
162794	14	2025	900	0
50325	28	38	900	0
74828	28	690	900	0
7350	14	207	900	0
48028	14	207	900	0
24295	14	163746	900	0
63556	14	13	900	0
142295	16	1376	900	0
142659	16	1376	900	0
37125	28	65	900	0
123946	16	1376	900	0
93330	16	1376	900	0
29640	28	281	900	0
144263	14	120530	900	0
80999	16	1256	900	0
115118	28	52	900	0
44525	28	121	900	0
166579	6	5839	900	0
11022	28	41	900	0
45827	14	2188	900	0
100711	28	221	900	0
67502	6	1348	900	0
41242	28	492	900	0
43260	14	49892	900	0
22782	28	14878	900	0
112118	14	782	900	0
94159	28	1123	900	0
23322	28	29	900	0
51083	28	315	900	0
43238	16	59049	900	0
172728	16	4715	900	0
70723	16	5228	900	0
43260	14	631	900	0
60446	14	13	900	0
12234	28	29	900	0
129732	28	244	900	0
144263	14	3858	900	0
43503	14	2460	900	0
34330	23	7015	900	0
11022	28	22	900	0
38210	6	3589	900	0
38375	14	207	900	0
80908	14	182	900	0
97286	28	247	900	0
95376	23	3785	900	0
3785	23	95376	900	0
122560	14	182	900	0
42687	14	7588	900	0
17209	28	539	900	0
62707	23	20343	900	0
72531	6	338	900	0
19418	28	161	900	0
35746	28	699	900	0
204	27	4498	900	0
67697	14	13	900	0
63219	14	1343	900	0
24295	14	902	900	0
70533	28	325	900	0
95363	14	279	900	0
73655	14	902	900	0
149493	14	24596	900	0
8455	28	527	900	0
122027	14	1706	900	0
52155	14	2496	900	0
81355	14	94	900	0
7780	14	943	900	0
129621	14	538	900	0
59583	28	281	900	0
73354	14	207	900	0
4120	23	14052	900	0
78795	14	13	900	0
68725	28	281	900	0
53768	6	3719	900	0
30605	28	4053	900	0
149315	14	538	900	0
7246	23	114428	900	0
131234	28	33	900	901
39579	28	14	900	901
97790	28	30	900	901
84388	28	89	900	901
84928	28	161	900	901
74738	28	1317	900	901
48716	28	168	900	901
9527	28	290	900	901
86310	28	4175	900	901
66335	28	196	900	901
21737	28	141	900	901
102653	28	1547	900	901
4208	23	43323	900	901
8556	28	1718	900	901
22502	28	156	900	901
103626	28	43494	900	901
86310	28	215	900	901
121194	28	4497	900	901
87437	28	1243	900	901
91855	28	19	900	901
21930	28	40525	900	901
79825	28	205	900	901
7762	28	5102	900	901
35746	28	28459	900	901
89579	28	61	900	901
21505	28	61	900	901
8455	28	461	900	901
12794	28	19	900	901
21672	28	153	900	901
40526	28	95	900	901
21413	28	7909	900	901
92299	28	20950	900	901
99985	28	44631	900	901
109604	28	916	900	901
125720	28	211	900	901
74776	28	45	900	901
82529	28	52102	900	901
87321	28	99	900	901
29099	28	2326	900	901
96383	28	192	900	901
127832	28	848	900	901
113044	28	142	900	901
35991	28	53	900	901
12934	28	474	900	901
55796	28	4497	900	901
82662	28	92184	900	901
63084	28	1179	900	901
81088	28	14878	900	901
94637	28	171	900	901
51775	28	39937	900	901
28653	28	61	900	901
21074	28	47	900	901
73398	28	129	900	901
32595	28	14878	900	901
52747	28	63	900	901
122966	28	286	900	901
40336	23	6746	900	901
104592	28	254	900	901
110370	28	44134	900	901
81497	28	61	900	901
54085	28	102	900	901
79530	28	104	900	901
70876	28	69	900	901
43642	28	114	900	901
9225	28	217	900	901
93254	28	679	900	901
65774	28	330	900	901
92054	28	330	900	901
29640	28	267	900	901
17242	28	227	900	901
102778	28	56270	900	901
131600	28	455	900	901
8455	28	217	900	901
130276	28	166	900	901
49729	28	455	900	901
3732	28	72	900	901
5883	28	371	900	901
33657	23	112317	900	902
19034	28	164	900	902
101188	28	1058	900	902
9881	28	131	900	902
34319	28	281	900	902
27164	28	81	900	902
48574	28	58	900	902
32376	28	60	900	902
89913	28	3435	900	902
79060	28	156	900	902
19658	28	38	900	902
55735	28	46	900	902
86923	28	244	900	902
60316	28	49	900	902
98922	28	33	900	902
52372	28	505	900	902
3732	28	1750	900	902
20032	28	1223	900	902
110539	28	3667	900	902
101504	28	4497	900	902
124839	23	111217	900	902
38349	28	286	900	902
94523	28	916	900	902
26287	28	111	900	902
85004	28	13336	900	902
66832	6	59	900	902
126416	28	71	900	902
36600	28	45	900	902
15799	28	41	900	902
6601	28	22	900	902
112884	28	930	900	902
106537	28	32	900	902
22956	28	14878	900	902
127505	28	6025	900	902
80028	28	557	900	902
14742	28	16	900	902
11973	28	698	900	903
30515	28	1243	900	903
49446	28	454	900	903
47508	28	522	900	903
47636	28	269	900	903
44070	28	532	900	903
112482	28	4716	900	903
33776	28	104	900	903
17480	28	48	900	903
74224	28	205	900	903
70629	28	269	900	903
80100	28	134	900	903
30277	28	240	900	903
22764	28	46	900	903
33743	28	47	900	903
58640	28	60	900	903
34267	28	260	900	903
111644	28	102	900	903
38278	28	1223	900	903
54507	28	461	900	903
11860	23	130474	900	903
130474	23	11860	900	903
112267	28	99	900	904
22635	23	115378	900	904
115786	28	9785	900	904
101641	28	1926	900	904
11882	28	2611	900	904
104710	28	99	900	904
44334	28	16	900	904
59884	28	136	900	904
104710	28	68	900	904
52632	28	99	900	904
51713	28	60	900	904
29940	28	916	900	904
97729	28	269	900	904
41167	28	216	900	904
37062	28	20	900	904
22535	28	150	900	904
127505	28	531	900	904
65518	23	43220	900	904
97186	28	510	900	905
80107	28	176	900	905
40004	28	159	900	905
40787	23	3873	900	905
34319	28	267	900	905
54068	28	68	900	905
99150	28	244	900	905
69814	28	149	900	905
69570	28	10384	900	905
38580	28	159	900	905
5319	23	25751	900	905
25751	23	5319	900	905
4385	23	4993	900	906
60083	28	1730	900	906
24518	28	74	900	906
24283	28	53	900	906
31723	28	32	900	906
49517	28	79	900	906
51387	28	38192	900	906
24226	28	136	900	906
152949	16	838	900	906
59210	23	155127	900	906
71315	28	649	900	907
42977	28	502	900	907
162525	28	149	900	907
67419	16	9	900	907
126858	16	8503	900	907
81784	23	57094	900	907
57094	23	81784	900	907
59599	28	133	900	907
71499	28	387	900	907
39776	28	32	900	907
24645	28	244	900	907
60079	28	176	900	907
36475	28	383	900	908
60641	28	43	900	908
44686	28	37	900	908
87273	28	4716	900	908
18137	28	4716	900	908
30959	23	26792	900	909
85269	28	520	900	909
24733	28	492	900	909
115118	28	177	900	909
36928	28	323	900	909
10473	28	52	900	909
52074	28	133	900	910
23921	28	227	900	910
34708	28	66	900	910
59268	28	520	900	910
140626	28	180	900	910
36447	28	33	900	910
41028	14	207	900	911
46513	28	171	900	911
15042	28	217	900	911
45758	28	32	900	911
178552	28	167	900	911
19880	28	464	900	912
78637	28	869	900	912
128903	28	171	900	912
63084	28	630	900	913
16860	28	53	900	913
43030	28	217	900	913
29624	28	66	900	913
92275	28	256	900	913
5541	23	54640	900	914
85278	28	66	900	914
28359	28	495	900	914
19430	28	159	900	914
11234	23	154707	900	914
108279	23	108278	900	915
42387	28	76	900	915
39167	28	153	900	916
70398	28	244	900	917
70851	28	481	900	917
39242	16	1376	900	921
2474	14	1706	900	924
91198	23	101826	900	925
101826	23	91198	900	925
10483	23	84153	900	927
84153	23	10483	900	927
85603	23	133735	900	930
78227	23	93284	900	933
61825	23	104116	900	948
46144	23	138015	900	956
22806	23	36182	900	960
36182	23	22806	900	960
72540	28	47	901	0
62659	14	94	901	0
85546	16	1419	901	0
13773	28	1818	901	0
31370	28	124	901	0
116332	28	205	901	0
56950	28	29	901	0
29008	14	2188	901	0
102804	14	13	901	0
135387	6	17427	901	0
23170	28	938	901	0
41242	28	45	901	0
23270	28	1055	901	0
90758	14	1217	901	0
67388	14	32296	901	0
32070	28	55	901	0
10910	14	6882	901	0
25258	14	2384	901	0
19077	28	80410	901	0
107959	28	36570	901	0
25326	28	290	901	0
18120	28	293	901	0
144900	6	59	901	0
102536	6	2322	901	0
62692	14	26	901	0
94174	28	161	901	0
79302	14	1217	901	0
10304	14	13416	901	0
10304	14	1706	901	0
123667	14	7588	901	0
25015	28	43	901	0
51465	28	168	901	0
24226	28	333	901	0
122788	14	813	901	0
27281	28	50	901	0
57805	14	902	901	0
25988	23	53702	901	0
22782	28	184	901	0
44679	28	4267	901	0
73364	14	114064	901	0
84411	28	168	901	0
66596	14	2297	901	0
48519	14	207	901	0
46202	28	6896	901	0
71739	28	142	901	0
59895	28	129	901	0
51700	28	11352	901	0
103952	23	152250	901	0
42220	28	166	901	0
9527	28	938	901	0
8364	28	836	901	0
26248	28	837	901	0
59551	30	40114	901	0
25988	23	63509	901	0
44334	28	29	901	0
46717	28	331	901	0
95363	14	13	901	0
8455	28	1018	901	0
81854	28	460	901	0
38210	6	24270	901	0
146043	28	29	901	0
101833	28	277	901	0
12159	28	60	901	0
37872	23	107327	901	0
33262	28	164	901	0
123633	28	41	901	0
125974	14	207	901	0
81827	14	26	901	0
26865	14	207	901	0
78126	28	53	901	0
25493	28	1684	901	0
119615	28	161	901	0
107630	14	1343	901	0
74086	28	29531	901	0
97678	28	67	901	0
17826	14	73915	901	0
36340	14	13	901	0
95724	14	13	901	0
35437	14	943	901	0
93815	14	13152	901	0
69681	28	1110	901	0
53449	28	29	901	0
19714	28	82	901	0
33689	28	247	901	0
50301	6	59	901	0
9225	28	171	901	902
29363	28	539	901	902
83205	28	92	901	902
34457	28	14878	901	902
72784	28	1977	901	902
84928	28	2404	901	902
85160	28	41	901	902
85337	28	109	901	902
133518	28	40	901	902
98782	28	347	901	902
96014	28	71	901	902
64141	28	313	901	902
36520	28	621	901	902
17060	28	158	901	902
62080	28	45	901	902
32070	28	65	901	902
101850	28	107	901	902
19103	28	72	901	902
30035	28	313	901	902
10104	28	129	901	902
95771	28	265	901	902
34880	28	325	901	902
40526	28	5304	901	902
78126	28	65	901	902
75751	28	79	901	902
45530	28	120	901	902
17691	28	351	901	902
35987	28	124	901	902
55811	28	2035	901	902
89416	28	962	901	902
122966	28	201	901	902
59268	28	41	901	902
8364	28	289	901	902
85164	28	65	901	902
123677	28	39	901	902
89597	28	557	901	902
23521	28	133	901	902
71806	28	104	901	902
74086	28	51	901	902
14344	28	1492	901	902
79433	28	111	901	902
22621	28	235	901	902
72787	28	40	901	902
76646	28	83	901	902
145339	28	73	901	902
124212	28	2404	901	902
82564	28	158	901	902
104592	28	439	901	902
146514	28	66	901	902
91661	28	13499	901	902
36348	28	129	901	902
92675	28	120	901	902
94790	28	156	901	902
39579	28	65	901	902
41601	28	22	901	902
136589	28	66	901	902
120019	28	134	901	902
13567	28	30	901	902
43642	28	386	901	902
23170	28	1165	901	902
69681	28	134	901	902
27281	28	347	901	902
52477	28	4543	901	902
16312	28	64	901	902
77759	28	47	901	902
8270	28	290	901	902
27878	28	213	901	902
67117	28	44	901	902
5883	28	460	901	902
23773	28	82	901	902
24604	28	47	901	902
23623	28	124	901	902
32486	23	72020	901	902
53978	28	117	901	902
75504	28	156	901	902
18120	28	4716	901	902
109604	28	837	901	902
30831	28	98	901	902
79063	28	247	901	902
33212	28	88	901	902
121348	28	71	901	902
121194	28	45	901	902
70876	28	91	901	902
57884	28	101	901	902
116383	28	3761	901	902
12794	28	347	901	902
109187	28	277	901	902
46955	28	118	901	902
12159	28	4716	901	902
87636	28	1076	901	902
13187	28	44	901	902
82132	28	69	901	902
81182	28	73	901	902
63083	28	45	901	902
43421	28	45	901	902
66335	28	837	901	902
54050	28	43494	901	902
69242	28	46	901	902
111722	28	5312	901	902
86073	28	33	901	902
130276	28	92	901	902
130828	28	1426	901	902
182883	28	39	901	902
111154	28	153	901	902
110565	28	502	901	902
127990	28	63	901	902
53978	28	73	901	902
20271	28	134	901	902
93382	28	134	901	902
90532	28	126	901	902
82662	28	679	901	902
8556	28	66314	901	902
127476	28	557	901	902
47920	28	188	901	902
81659	28	930	901	902
93691	28	439	901	902
75538	28	22784	901	902
21444	28	28	901	902
55613	28	333	901	902
108125	28	36	901	902
111534	28	303	901	902
15707	28	649	901	902
25326	28	50	901	903
18817	28	4716	901	903
35504	28	311	901	903
96419	28	15676	901	903
20412	23	135355	901	903
21737	28	930	901	903
34763	28	1110	901	903
27887	28	91	901	903
37056	28	60	901	903
76258	28	74	901	903
113543	28	693	901	903
18157	28	158	901	903
32457	28	158	901	903
38998	28	346	901	903
33409	28	111	901	903
160365	28	134	901	903
40671	28	28	901	903
34742	28	153	901	903
14220	28	31	901	903
33689	28	58	901	903
105289	28	120	901	903
96442	28	166	901	903
106373	28	71	901	903
76591	28	44	901	903
75225	28	27	901	903
31506	28	100	901	903
39808	28	51	901	903
101691	28	47	901	903
89189	28	828	901	903
36175	28	14	901	903
92505	28	46	901	903
63654	28	514	901	903
58177	28	1949	901	903
166863	28	139	901	903
125776	28	150	901	903
113785	28	102	901	903
66800	28	101	901	903
20402	28	43	901	903
81058	28	150	901	903
123942	28	39	901	903
15126	28	3350	901	903
81854	28	240	901	903
78034	28	4543	901	903
51627	28	14	901	903
44034	28	1163	901	903
125732	28	16	901	903
107959	28	109	901	903
105739	28	177	901	903
37742	28	153	901	903
73398	28	232	901	903
18841	28	257	901	903
78854	28	30	901	903
75790	28	33	901	903
96383	28	95	901	903
101884	28	39	901	903
46928	28	156	901	903
89101	28	232	901	903
31855	28	460	901	903
11485	28	431	901	903
142372	28	67	901	903
59995	28	1172	901	903
12234	28	101	901	903
3732	28	22	901	903
50981	28	66	901	903
85647	28	87	901	903
31416	28	159	901	903
94637	28	156	901	903
100578	28	104	901	903
44491	28	82	901	903
5883	28	492	901	903
78520	28	87	901	903
94826	28	66	901	903
26413	28	43	901	903
102656	28	297	901	903
111713	28	274	901	903
30319	28	2469	901	903
97334	28	22	901	903
33268	28	937	901	903
109132	28	69	901	903
84372	28	78	901	903
39769	28	88	901	903
89539	28	1488	901	903
108532	28	114	901	903
127496	28	244	901	903
84318	28	169	901	904
100819	28	139	901	904
97150	28	1025	901	904
99985	28	124	901	904
23368	28	4543	901	904
121607	28	1228	901	904
105702	28	1129	901	904
61442	28	101	901	904
62174	28	215	901	904
23397	28	20	901	904
17242	28	259	901	904
29099	28	267	901	904
13448	28	37	901	904
143143	28	47	901	904
51398	28	42	901	904
101833	28	16	901	904
29090	28	100	901	904
91994	28	557	901	904
127097	28	56	901	904
13773	28	331	901	904
36223	28	24650	901	904
78593	28	145	901	904
128434	28	77	901	904
50533	28	159	901	904
15853	28	460	901	904
122304	28	64	901	904
64386	28	64	901	904
41366	28	1091	901	904
18194	28	171	901	904
16257	28	539	901	904
20517	28	156	901	904
102334	28	141	901	904
18732	28	1165	901	904
56613	28	217	901	904
25796	28	56	901	904
38396	28	413	901	904
6000	28	1750	901	904
48168	28	247	901	904
100711	28	39	901	904
40989	28	38	901	904
131234	28	55	901	904
70413	28	61	901	904
40004	28	164	901	904
16649	28	60	901	904
112717	28	2069	901	905
46717	28	33	901	905
114182	28	102	901	905
42584	28	58	901	905
35127	28	19	901	905
119962	28	143	901	905
15463	28	98	901	905
16716	28	20	901	905
107368	28	149	901	905
38580	28	164	901	905
81346	28	1618	901	905
7762	28	66	901	905
127644	28	787	901	905
3392	23	17447	901	905
25379	28	27	901	905
16777	28	129	901	905
81497	28	118	901	905
101188	28	869	901	905
41065	28	277	901	905
2581	23	13005	901	905
13005	23	2581	901	905
17531	28	14	901	905
38304	28	14	901	905
119349	28	520	901	905
56788	28	201	901	905
94341	28	101	901	905
59354	28	2597	901	905
41359	28	64	901	905
33643	28	105	901	905
18077	28	247	901	905
41898	28	64	901	905
43830	28	73	901	905
53449	28	76	901	905
48208	28	20	901	905
116505	28	315	901	905
83929	28	80	901	905
104938	28	16	901	905
122659	28	1446	901	905
51852	28	55	901	905
45199	28	2343	901	906
30801	28	177	901	906
40189	23	134108	901	906
85909	28	1978	901	906
53773	28	158	901	906
85269	28	1727	901	906
123635	28	63	901	906
64386	28	494	901	906
124397	28	274	901	906
146413	28	40	901	906
19892	28	2060	901	906
83318	28	330	901	906
43886	28	50	901	906
111372	28	327	901	906
130130	28	60	901	906
61322	28	164	901	906
55619	28	16	901	906
42837	28	164	901	906
5505	23	82150	901	906
28653	28	22	901	906
116332	28	37	901	906
44723	28	14	901	906
130931	28	46	901	906
64343	28	293	901	906
86191	28	1234	901	906
82529	28	610	901	907
42837	28	159	901	907
102778	28	74	901	907
139678	28	153	901	907
68725	28	267	901	907
44518	28	81	901	907
125397	28	628	901	907
80030	28	29	901	907
78115	28	228	901	907
94306	28	58	901	907
21505	28	33	901	907
56624	28	74	901	907
44447	28	29	901	907
42562	28	969	901	907
131304	28	57	901	907
56924	23	130934	901	907
52477	28	494	901	908
39601	28	276	901	908
114495	28	92	901	908
29752	23	5778	901	908
100135	28	22	901	908
62129	28	117	901	908
85053	28	74	901	908
66630	28	82	901	908
143811	28	177	901	908
87658	28	129	901	908
44107	28	244	901	908
52477	28	1750	901	908
85788	28	57	901	908
88664	28	1119	901	909
123827	28	98	901	909
106775	28	74	901	909
60067	28	36	901	909
61322	28	133	901	909
17121	28	199	901	909
66387	28	29	901	909
44035	28	117	901	909
24450	28	969	901	909
30456	28	101	901	909
100970	28	102	901	909
17776	28	29	901	909
30605	28	133	901	909
20287	28	176	901	909
86009	28	32	901	909
39281	28	52	901	910
11761	28	164	901	910
32361	28	22	901	910
11761	28	159	901	910
63269	28	587	901	910
21672	28	76	901	911
55055	28	274	901	911
19430	28	164	901	911
66387	28	43	901	911
34211	28	164	901	911
39604	28	82	901	911
69008	28	159	901	911
44000	28	247	901	911
44447	28	76	901	911
129732	28	619	901	911
19077	28	42	901	911
84759	28	274	901	911
41430	28	33	901	912
17060	28	247	901	912
65279	28	244	901	912
143541	16	8503	901	912
21871	28	50	901	912
33093	28	28	901	912
153938	28	134	901	912
51465	28	92	901	912
38569	28	55	901	912
32947	28	50	901	912
61633	28	244	901	913
61668	28	14	901	913
74738	28	336	901	913
30267	28	121	901	913
82012	28	413	901	913
129346	28	527	901	913
68306	28	53	901	913
34211	28	133	901	913
55302	28	162	901	913
30192	28	87	901	913
60977	28	169	901	914
36223	28	253	901	914
119615	28	432	901	914
74048	28	206	901	914
61668	28	69	901	915
110814	28	77	901	915
26668	28	206	901	915
102899	28	257	901	915
56573	28	20	901	915
27570	23	62764	901	916
62764	23	27570	901	916
46196	28	2030	901	916
79717	28	293	901	916
23270	28	169	901	916
107198	28	45	901	916
58004	16	3964	901	916
43795	16	78027	901	916
71057	28	832	901	916
76635	23	97786	901	917
12934	28	121	901	917
84572	16	8	901	917
44876	30	1564	901	917
48113	28	351	901	917
102122	28	406	901	919
101299	28	42	901	920
65151	28	471	901	920
33420	28	1459	901	921
40454	23	82627	901	921
53702	23	25988	901	923
91855	28	2404	901	923
43965	16	2429	901	926
63128	16	8	901	928
17031	16	3964	901	928
61973	16	9	901	931
143613	23	59744	901	932
59744	23	143613	901	932
37060	23	92401	901	932
92401	23	37060	901	932
10030	23	141957	901	934
141957	23	10030	901	934
16606	23	74944	901	938
74944	23	16606	901	938
50296	23	45639	901	942
40807	16	3964	901	944
25870	16	3964	901	944
55912	23	90042	901	945
90042	23	55912	901	945
49448	23	31988	901	947
17872	16	2631	901	949
87036	23	45033	901	949
67833	23	120676	901	950
37756	23	108628	901	953
29418	6	59	902	0
113044	28	166	902	0
17024	28	4543	902	0
30698	28	136	902	0
47803	28	7268	902	0
56317	28	560	902	0
100863	14	13	902	0
42466	14	902	902	0
56836	14	9717	902	0
21803	28	169	902	0
77447	28	29	902	0
77679	14	444	902	0
17264	23	3412	902	0
3412	23	17264	902	0
76198	28	16	902	0
62659	14	5091	902	0
48253	28	140	902	0
87442	28	3911	902	0
41845	28	88	902	0
79302	14	3568	902	0
49122	28	1588	902	0
106140	14	3280	902	0
11703	28	77	902	0
38375	14	4576	902	0
40399	28	1688	902	0
14031	28	152	902	0
78126	28	61	902	0
17024	28	290	902	0
13841	14	2188	902	0
27307	14	12967	902	0
27212	28	85	902	0
107496	28	60	902	0
59238	28	30	902	0
54255	28	159	902	0
33187	28	110	902	0
120472	28	245	902	0
50903	28	337	902	0
24284	14	1706	902	0
37028	28	29	902	0
76761	14	27157	902	0
10521	6	497	902	0
33279	28	628	902	0
81398	23	42986	902	0
42986	23	81398	902	0
125720	28	1688	902	0
12457	23	43703	902	0
92675	28	69	902	0
55735	28	30	902	0
10976	28	621	902	0
58542	14	148798	902	0
24226	28	32	902	0
7762	28	290	902	0
14008	14	178636	902	0
151589	14	13	902	0
58966	14	4523	902	0
8704	14	782	902	0
130828	28	283	902	0
51852	28	14	902	0
81379	6	284	902	0
93012	28	5478	902	0
78647	28	150	902	0
92675	28	22	902	0
5358	14	2951	902	0
74430	31	42175	902	0
59268	28	533	902	0
43410	14	2384	902	0
4964	14	7134	902	0
18054	28	2404	902	0
109604	28	926	902	0
121058	28	281	902	0
56889	14	13152	902	0
56889	14	5000	902	0
44908	28	22	902	902
82511	28	29	902	903
16296	28	85	902	903
9527	28	31	902	903
157676	28	71	902	903
39774	28	16	902	903
116502	28	66	902	903
75770	28	58	902	903
54050	28	252	902	903
52608	28	63	902	903
57884	28	31	902	903
11703	28	27	902	903
72784	28	91	902	903
70876	28	80	902	903
99606	28	13406	902	903
19103	28	29	902	903
84928	28	39	902	903
104695	28	67	902	903
17776	28	199	902	903
39579	28	55	902	903
56329	28	86	902	903
3732	28	23	902	903
91661	28	386	902	903
74216	28	885	902	903
42652	28	74	902	903
66087	28	158	902	903
6601	28	8650	902	903
31381	28	4716	902	903
46992	28	109	902	903
29363	28	7953	902	903
52533	28	20	902	903
55663	28	66	902	903
46024	28	750	902	903
97790	28	89	902	903
92659	28	19	902	903
15598	28	402	902	903
68304	28	750	902	903
125073	28	111	902	903
40447	28	169	902	903
71806	28	109	902	903
86171	28	100	902	903
126060	28	36	902	903
144715	28	71	902	903
75751	28	16	902	903
41601	28	64	902	903
59399	28	100	902	903
71289	28	20	902	903
18120	28	3584	902	903
8270	28	1165	902	903
48253	28	621	902	903
108125	28	72	902	903
110370	28	5312	902	903
81088	28	184	902	903
60372	28	474	902	903
7281	28	4716	902	903
82564	28	44	902	903
30831	28	169	902	903
14742	28	168	902	903
151140	28	2404	902	903
97678	28	339	902	903
111426	28	1688	902	903
85337	28	139	902	903
17691	28	331	902	903
123983	28	126	902	903
63267	28	64	902	903
89416	28	351	902	903
20274	28	114	902	903
116383	28	71	902	903
70342	28	1629	902	903
146514	28	79	902	903
82132	28	19	902	903
130061	28	27	902	903
98782	28	1102	902	903
82227	28	45	902	903
52372	28	333	902	903
31662	28	14	902	903
24550	28	100	902	903
103582	28	126	902	903
123677	28	265	902	903
35746	28	11579	902	903
25413	28	69	902	903
69681	28	800	902	903
13567	28	36	902	903
116870	28	1119	902	903
35917	28	5386	902	903
44690	28	164	902	903
74719	28	129	902	903
120563	28	347	902	903
97009	28	29984	902	903
36520	28	252	902	903
53978	28	67	902	903
92564	28	91	902	903
45530	28	109	902	903
109187	28	158	902	903
94790	28	45	902	903
76198	28	92	902	903
48574	28	277	902	903
81079	28	51	902	903
24433	28	78890	902	903
76311	28	82	902	903
24968	28	311	902	903
67117	28	47	902	903
82012	28	1650	902	903
81495	28	29984	902	903
127990	28	265	902	903
82237	28	179	902	904
44908	28	27	902	904
33546	28	916	902	904
112329	28	298	902	904
113101	28	134	902	904
39825	28	71	902	904
113385	28	122	902	904
16312	28	67	902	904
41145	28	290	902	904
20628	28	386	902	904
75504	28	45	902	904
8556	28	832	902	904
118563	28	254	902	904
77186	28	150	902	904
33900	28	104	902	904
137866	28	56	902	904
114112	28	221	902	904
63083	28	1234	902	904
50533	28	164	902	904
76590	28	31	902	904
43421	28	156	902	904
13187	28	704	902	904
51365	28	5008	902	904
73313	28	168	902	904
38306	28	186	902	904
165233	28	71	902	904
107891	28	156	902	904
71401	28	46	902	904
67914	28	455	902	904
12472	28	5471	902	904
35959	28	131	902	904
125427	28	122	902	904
94078	28	395	902	904
32376	28	70	902	904
109920	28	88	902	904
50975	28	60	902	904
16618	28	117	902	904
12437	28	101	902	904
51338	28	107	902	904
27281	28	16	902	904
24785	28	213	902	904
79433	28	126	902	904
61489	28	48	902	904
61250	28	45	902	904
107434	28	1032	902	904
98922	28	74	902	904
44679	28	150	902	904
152236	28	67	902	904
72787	28	152	902	904
130276	28	89	902	904
19658	28	531	902	904
41242	28	156	902	904
21590	28	101	902	904
81659	28	273	902	904
52477	28	19	902	904
103703	28	114	902	904
61007	28	43	902	904
69352	28	126	902	904
65310	28	85	902	904
25124	28	149	902	904
111399	28	88	902	904
111154	28	49	902	904
78647	28	1676	902	904
80028	28	98	902	904
123298	28	1371	902	904
59603	28	107	902	904
102918	28	37	902	904
95064	28	251	902	904
55735	28	88	902	904
12794	28	65	902	905
14344	28	121	902	905
26747	28	267	902	905
61178	28	491	902	905
101850	28	109	902	905
114308	28	53137	902	905
14928	28	77	902	905
42457	28	120	902	905
17060	28	55	902	905
86585	23	5892	902	905
20271	28	432	902	905
38832	28	228	902	905
19103	28	22	902	905
121058	28	267	902	905
66517	28	79	902	905
47236	28	1601	902	905
96344	28	381	902	905
37200	28	38	902	905
59948	28	1066	902	905
104476	28	16	902	905
42960	28	86	902	905
34819	28	47	902	905
28517	28	753	902	905
48463	28	2069	902	905
133009	28	531	902	905
21413	28	71	902	905
20358	28	180	902	905
13586	28	675	902	905
77447	28	199	902	905
30594	28	196	902	905
74086	28	81	902	905
37408	28	1734	902	905
33876	28	20	902	905
30035	28	70	902	905
56613	28	371	902	905
26747	28	281	902	905
41844	28	206	902	905
47734	28	43	902	905
65497	28	159	902	905
27878	28	27	902	905
86073	28	46	902	905
29560	28	77	902	905
13061	28	354	902	905
32700	28	560	902	905
19714	28	107	902	905
51080	28	961	902	905
111674	28	88	902	905
90532	28	19	902	905
77769	6	497	902	905
143376	28	53	902	905
72557	28	63	902	906
115600	28	16	902	906
41893	23	134561	902	906
162101	14	229	902	906
114316	28	27	902	906
15799	28	61	902	906
93176	28	19	902	906
20032	28	33	902	906
94313	28	351	902	906
46166	28	315	902	906
30073	28	64	902	906
56821	28	71	902	906
112974	28	77	902	907
102220	23	47516	902	907
53062	28	141	902	907
49178	28	216	902	907
93012	28	126	902	907
9881	28	129	902	907
44686	28	68	902	907
17024	28	66	902	907
95725	28	43	902	907
38396	28	492	902	907
131627	28	150	902	908
73160	28	331	902	908
75997	28	30	902	908
92675	28	80	902	908
34819	28	29	902	908
13329	28	14	902	908
39604	28	247	902	908
32652	23	149468	902	908
149468	23	32652	902	908
47098	28	73	902	908
93382	28	111	902	908
37028	28	213	902	908
44997	28	27	902	908
62386	28	2019	902	908
25268	28	69	902	908
79063	28	48	902	908
38349	28	378	902	908
79226	28	2069	902	908
119189	28	42	902	908
139700	28	345	902	908
34457	28	184	902	908
146586	28	153	902	908
47465	28	247	902	909
36240	28	247	902	909
45758	28	211	902	909
83953	28	522	902	909
99790	28	510	902	909
26248	28	933	902	909
70249	28	217	902	909
104788	28	199	902	909
39476	28	402	902	910
5813	16	73978	902	910
38401	28	1091	902	910
20287	28	1754	902	910
51223	28	74	902	910
44034	28	540	902	910
44717	28	969	902	910
105991	23	5753	902	910
108110	23	95071	902	910
27097	28	48	902	910
72589	28	104	902	911
13448	28	68	902	911
89547	28	412	902	911
145143	28	540	902	911
46574	28	460	902	912
29308	28	22	902	912
8364	28	969	902	912
55345	28	30	902	912
118580	28	51	902	912
60083	28	227	902	912
41366	28	269	902	913
43319	28	32	902	913
42049	28	158	902	913
59262	28	1014	902	913
95352	28	453	902	913
39230	28	19	902	913
42620	28	420	902	914
75333	28	293	902	914
54395	28	5386	902	914
74206	28	726	902	914
75538	28	165	902	914
107281	28	430	902	914
135551	28	214	902	915
76636	28	504	902	915
102189	28	16319	902	915
71779	28	3973	902	915
107198	28	68	902	915
23581	28	28	902	916
28422	28	58	902	916
43061	28	346	902	916
37999	28	217	902	917
95396	28	217	902	917
59262	28	1132	902	918
96589	28	102	902	918
43703	23	12457	902	919
6538	16	59755	902	921
18839	23	41979	902	926
80758	23	145062	902	931
109626	23	57869	902	933
28029	23	123018	902	934
37342	23	92702	902	939
129032	23	94160	902	941
30241	23	73377	902	944
73377	23	30241	902	944
124953	23	120629	902	946
120629	23	124953	902	946
47728	23	119785	902	953
119785	23	47728	902	953
70533	28	395	903	0
82564	28	14	903	0
14742	28	332	903	0
11703	28	117	903	0
30136	14	113456	903	0
113543	28	1492	903	0
113785	28	6617	903	0
64531	28	247	903	0
75171	14	902	903	0
56644	14	2431	903	0
36057	14	13	903	0
26865	14	2417	903	0
57336	14	782	903	0
89189	28	150	903	0
89539	28	6617	903	0
49598	23	103911	903	0
103911	23	49598	903	0
98529	14	98227	903	0
78520	28	168	903	0
84928	28	120	903	0
17691	28	698	903	0
10059	14	6456	903	0
33776	28	283	903	0
103359	28	88	903	0
42466	14	3568	903	0
76836	6	689	903	0
17209	28	2335	903	0
78520	28	41578	903	0
124527	14	2588	903	0
84928	28	2033	903	0
24450	28	29	903	0
125776	28	55	903	0
87442	28	41	903	0
71289	28	53	903	0
79302	14	2951	903	0
125981	28	4541	903	0
21803	28	29	903	0
142796	28	492	903	0
72784	28	337	903	0
56224	16	35546	903	0
132121	14	114064	903	0
67702	16	35296	903	0
145339	28	166	903	0
19658	28	176	903	0
113216	14	2384	903	0
73354	14	94	903	0
107959	28	67	903	0
17209	28	846	903	0
13407	14	5310	903	0
55663	28	44	903	0
51144	28	460	903	0
53814	14	1445	903	0
75770	28	65	903	0
111429	28	2663	903	0
21309	28	2668	903	0
26484	28	698	903	0
33268	28	164	903	0
27878	28	29	903	0
116491	28	33	903	0
15588	14	3585	903	0
45313	28	161	903	0
47636	28	2301	903	0
67388	14	3280	903	0
10918	14	3741	903	0
41145	28	938	903	0
153356	14	13	903	0
28310	14	444	903	0
78854	28	89	903	0
21170	28	60	903	0
27130	23	129162	903	0
6601	28	219	903	0
59551	14	24005	903	0
123983	28	48	903	0
86500	14	7588	903	0
17209	28	223	903	0
92563	6	2375	903	0
64097	14	11216	903	0
5883	28	217	903	0
36475	28	135	903	0
50903	28	1013	903	0
3855	14	1706	903	903
112502	28	380	903	904
61611	28	153	903	904
97678	28	39	903	904
13567	28	45	903	904
54572	28	175	903	904
14742	28	55	903	904
23614	28	232	903	904
55663	28	72	903	904
33409	28	81	903	904
116383	28	455	903	904
35504	28	161	903	904
76543	28	439	903	904
88876	28	626	903	904
89416	28	91	903	904
25493	28	1034	903	904
67117	28	277	903	904
30319	28	1165	903	904
120019	28	118	903	904
60753	28	213	903	904
22764	28	72	903	904
10976	28	797	903	904
105289	28	215	903	904
25413	28	50	903	904
121319	28	78	903	904
54050	28	2341	903	904
142372	28	177	903	904
123942	28	152	903	904
16236	28	1918	903	904
13071	28	22	903	904
144715	28	156	903	904
33212	28	5478	903	904
21803	28	101	903	904
34742	28	213	903	904
39808	28	19	903	904
58640	28	99	903	904
59418	28	6025	903	904
94637	28	180	903	904
79698	28	83	903	904
91855	28	63	903	904
16649	28	420	903	904
7281	28	3584	903	904
68553	23	85221	903	904
42977	28	29	903	904
116502	28	126	903	904
81495	28	169	903	904
33268	28	2438	903	904
81535	23	105484	903	904
119701	28	27	903	904
66800	28	4543	903	904
103305	28	136	903	904
127832	28	254	903	904
125073	28	126	903	904
11485	28	131	903	904
12234	28	69	903	904
5883	28	675	903	904
74632	28	134	903	904
101127	28	71	903	904
38304	28	69	903	904
11973	28	1034	903	904
72784	28	2069	903	904
24550	28	110	903	904
24604	28	80	903	904
111713	28	962	903	904
21594	28	539	903	904
51330	28	1731	903	904
108125	28	23	903	904
16395	28	43	903	904
84372	28	134	903	904
14874	28	109	903	904
106733	28	60	903	904
59993	28	66	903	904
27638	28	343	903	904
40399	28	333	903	904
78520	28	64	903	904
113785	28	52	903	904
21444	28	109	903	904
53978	28	122	903	904
151140	28	134	903	904
76516	28	386	903	904
121463	28	58494	903	904
17480	28	23	903	904
49720	28	2411	903	904
97334	28	100	903	904
45530	28	1349	903	904
125346	28	107	903	904
125776	28	134	903	904
78713	28	460	903	904
49122	28	223	903	904
109187	28	1102	903	904
118707	28	71	903	904
96166	28	106	903	905
45313	28	153	903	905
84037	28	269	903	905
85164	28	104	903	905
18817	28	244	903	905
24707	28	70	903	905
114166	28	692	903	905
102656	28	1156	903	905
52286	28	371	903	905
61470	28	11579	903	905
90149	28	176	903	905
74719	28	83	903	905
65151	28	1169	903	905
29640	28	5386	903	905
48253	28	378	903	905
122685	28	71	903	905
90091	28	304	903	905
116898	28	48	903	905
108532	28	386	903	905
39181	28	1156	903	905
56329	28	265	903	905
125732	28	61	903	905
36742	28	69	903	905
82564	28	66	903	905
24433	28	866	903	905
85160	28	78	903	905
146091	28	1110	903	905
78854	28	2069	903	905
94826	28	56	903	905
26592	28	69	903	905
75790	28	58	903	905
76198	28	65	903	905
27195	28	409	903	905
103987	28	1067	903	905
110501	28	64	903	905
22297	28	252	903	905
14220	28	67	903	905
111408	28	72	903	905
38512	28	247	903	905
27887	28	930	903	905
65894	28	211	903	905
50981	28	64	903	905
130061	28	1810	903	905
57884	28	92	903	905
123677	28	110	903	905
20951	28	213	903	905
52308	28	46	903	905
68304	28	92	903	905
50707	28	933	903	905
41430	28	14	903	905
92505	28	85	903	905
24968	28	346	903	905
130503	28	333	903	905
42718	28	122	903	905
104695	28	118	903	905
104683	28	282	903	905
69242	28	215	903	905
182423	28	53	903	905
105595	28	283	903	905
109854	28	47	903	905
31753	28	282	903	905
70876	28	111	903	906
71806	28	98	903	906
38998	28	2404	903	906
47636	28	156	903	906
75225	28	73	903	906
16296	28	2045	903	906
30831	28	346	903	906
5988	23	60946	903	906
60946	23	5988	903	906
100578	28	41	903	906
36431	28	50	903	906
8646	28	856	903	906
42946	28	29	903	906
24589	28	28	903	906
21737	28	313	903	906
47508	28	529	903	906
86171	28	91	903	906
119863	28	66	903	906
33252	28	460	903	906
70533	28	912	903	906
18077	28	55	903	906
4395	23	60474	903	906
111644	28	69	903	906
91661	28	205	903	906
24633	28	6485	903	906
42329	28	311	903	906
33689	28	158	903	906
109132	28	28	903	906
127216	28	744	903	906
111429	28	28	903	906
55676	28	626	903	906
51048	28	244	903	906
25911	28	91	903	906
72937	28	5386	903	907
33743	28	109	903	907
83744	28	53	903	907
55055	28	29	903	907
56190	28	560	903	907
20540	28	1488	903	907
89189	28	102	903	907
107503	28	56	903	907
39774	28	53	903	907
26413	28	122	903	907
111400	23	39548	903	907
62020	28	133	903	907
28359	28	217	903	907
20032	28	494	903	907
130738	28	213	903	907
69918	28	959	903	907
81868	28	216	903	907
81079	28	101	903	907
11860	23	6756	903	907
105739	28	41	903	907
122715	28	364	903	907
56831	28	22784	903	907
15242	28	20	903	907
34915	28	23	903	908
33776	28	557	903	908
103582	28	118	903	908
49201	28	256	903	908
85114	28	177	903	908
76591	28	56	903	908
36611	28	60	903	908
42652	28	98	903	908
111087	28	71	903	908
82132	28	51	903	908
52608	28	39	903	908
38512	28	158	903	908
73343	28	9459	903	908
27112	28	252	903	908
31416	28	926	903	908
122441	28	40	903	908
112482	28	378	903	909
21672	28	29	903	909
14690	28	323	903	909
74776	28	129	903	909
102225	23	37772	903	909
37772	23	102225	903	909
23907	28	23	903	909
144754	28	117	903	909
121348	28	254	903	909
24733	28	460	903	909
130146	28	99	903	909
39181	28	460	903	909
30277	28	477	903	909
50358	28	14	903	909
46384	28	30	903	909
9527	28	89	903	909
20136	28	660	903	910
48168	28	58	903	910
46928	28	45	903	910
32334	28	102	903	910
71642	28	1193	903	910
46024	28	1025	903	910
41601	28	89	903	910
89539	28	502	903	910
20614	28	50	903	910
49625	28	14	903	910
26484	28	50	903	910
130750	23	35441	903	910
76327	28	1690	903	910
101613	28	257	903	910
20125	28	217	903	911
14222	28	169	903	911
23170	28	55	903	911
60059	28	33	903	911
54506	28	61	903	911
29702	28	560	903	911
46174	28	30	903	911
100819	28	6617	903	911
20402	28	41	903	911
35441	23	130750	903	911
43129	28	14	903	911
39230	28	247	903	911
21149	28	206	903	912
101691	28	69	903	912
43290	28	64	903	912
15707	28	164	903	912
50358	28	49	903	912
80903	28	106	903	912
84352	28	280	903	912
34763	28	101	903	913
74887	28	291	903	913
60977	28	29	903	913
15024	28	101	903	913
30267	28	1754	903	913
48345	28	800	903	913
38117	28	286	903	913
53726	28	103	903	914
38669	28	114	903	914
78034	28	2733	903	914
63654	28	522	903	914
109065	28	80	903	914
130550	28	413	903	914
54150	28	893	903	914
29125	28	784	903	915
40447	28	28	903	915
29165	23	128205	903	915
12934	28	1754	903	915
72651	28	715	903	915
82012	28	263	903	915
130550	28	263	903	915
64133	28	1069	903	916
59888	28	1380	903	917
60188	28	291	903	917
57161	28	292	903	917
47774	28	368	903	917
59419	28	244	903	917
102122	28	397	903	917
69785	28	228	903	918
33417	16	8	903	919
40995	23	153408	903	919
76607	28	660	903	919
59576	28	1223	903	920
86187	28	132	903	920
93290	28	1091	903	921
63832	23	104661	903	924
94563	23	89288	903	924
75727	16	13389	903	925
59271	23	67362	903	928
78737	23	4257	903	931
5871	23	79628	903	931
79628	23	5871	903	931
6509	23	149223	903	934
149223	23	6509	903	934
118042	23	127625	903	940
153871	23	4192	903	954
164424	23	164425	903	958
37797	23	27381	903	960
27381	23	37797	903	960
33409	28	118	904	0
132016	28	79	904	0
71739	28	56	904	0
72234	14	3348	904	0
16596	14	229	904	0
17480	28	3331	904	0
85139	28	1349	904	0
13482	14	3741	904	0
75122	14	444	904	0
2570	14	1706	904	0
87265	28	559	904	0
16312	28	40	904	0
17848	14	2297	904	0
25015	28	92	904	0
99923	6	2021	904	0
26248	28	164	904	0
78574	6	100466	904	0
21149	28	965	904	0
84203	28	2045	904	0
4959	14	7980	904	0
107589	28	2627	904	0
69352	28	16	904	0
21505	28	14	904	0
48028	14	94	904	0
17961	28	261	904	0
57399	28	99	904	0
55069	14	902	904	0
10264	14	3568	904	0
62659	14	207	904	0
127097	28	39	904	0
36135	28	18387	904	0
31723	28	83	904	0
16395	28	139	904	0
33137	28	14	904	0
99171	23	110291	904	0
24550	28	332	904	0
48049	23	108041	904	0
51094	28	967	904	0
127242	6	4537	904	0
16634	28	2916	904	0
176079	14	2815	904	0
27391	14	2384	904	0
59993	28	109	904	0
38981	28	10420	904	0
78520	28	122	904	0
10955	28	83	904	0
33093	28	14	904	0
91994	28	29531	904	0
130585	28	39799	904	0
139767	6	1473	904	0
11882	28	227	904	0
48863	14	2792	904	0
101641	28	505	904	0
33279	28	661	904	0
51465	28	14	904	0
81177	6	152253	904	0
30831	28	29	904	0
38234	28	1931	904	0
51188	28	4543	904	0
17826	14	27157	904	0
93431	28	277	904	0
92650	6	1798	904	0
123667	14	1343	904	0
97623	28	60	904	0
42050	14	782	904	0
21309	28	1067	904	0
42562	28	29	904	0
27045	14	943	904	0
84797	14	2951	904	0
41500	28	3353	904	0
185408	6	2618	904	0
45313	28	750	904	0
121607	28	6783	904	0
45530	28	1043	904	0
24226	28	471	904	0
19972	28	564	904	0
38569	28	247	904	0
104313	28	104	904	0
47505	6	393	904	0
80428	6	1637	904	0
69323	23	123596	904	0
137866	28	166	904	0
16777	28	68	904	0
83569	14	4374	904	904
65310	28	57	904	904
60753	28	109	904	905
45530	28	80	904	905
10887	28	1048	904	905
53229	28	276	904	905
100711	28	104	904	905
64531	28	277	904	905
35746	28	360	904	905
63083	28	37	904	905
85933	28	1676	904	905
84203	28	85	904	905
119615	28	67	904	905
67117	28	104	904	905
90091	28	323	904	905
82237	28	123	904	905
29090	28	150	904	905
41427	28	129	904	905
31381	28	60	904	905
79433	28	44	904	905
74374	28	89	904	905
68700	28	43	904	905
35036	28	256	904	905
25124	28	85	904	905
71296	28	43	904	905
20274	28	99	904	905
51338	28	332	904	905
65033	23	144279	904	905
125346	28	57	904	905
81182	28	58	904	905
21590	28	111	904	905
50325	28	27	904	905
60147	28	276	904	905
109187	28	930	904	905
83205	28	1102	904	905
11485	28	320	904	905
22764	28	1855	904	905
125397	28	661	904	905
113101	28	58	904	905
80028	28	714	904	905
94558	28	386	904	905
73820	28	77	904	905
59603	28	134	904	905
21444	28	2949	904	905
54572	28	42	904	905
18841	28	44	904	905
5883	28	1234	904	905
102701	6	2443	904	905
89761	28	47	904	905
92121	28	1091	904	905
170802	28	103	904	905
103305	28	634	904	905
84110	28	1076	904	905
107959	28	81	904	905
22238	28	176	904	905
29363	28	25590	904	905
78647	28	1034	904	905
24604	28	120	904	905
13567	28	16	904	905
55670	28	45	904	905
66466	28	91	904	905
6601	28	72	904	905
111399	28	166	904	905
123209	28	2310	904	905
61611	28	381	904	905
20628	28	45	904	905
44517	28	1165	904	905
27383	28	16187	904	905
14344	28	380	904	905
48798	28	4831	904	905
89416	28	2069	904	905
48574	28	117	904	905
8556	28	42	904	905
119701	28	828	904	905
69167	28	452	904	905
40989	28	277	904	905
26444	28	205	904	905
81495	28	1818	904	905
115786	28	1254	904	905
105702	28	39	904	905
71724	28	213	904	905
91855	28	2069	904	905
56820	28	64	904	905
25493	28	1697	904	905
51713	28	529	904	905
58636	28	1722	904	905
127097	28	1810	904	905
21594	28	98	904	905
61489	28	104	904	905
154971	28	107	904	905
79060	28	205	904	905
49489	28	88	904	905
51398	28	109	904	905
39808	28	31	904	905
19658	28	474	904	905
128666	14	229	904	905
61007	28	1496	904	905
74632	28	215	904	905
71641	28	2338	904	905
185551	28	177	904	905
152236	28	63	904	905
126416	28	1076	904	905
130931	28	105	904	905
44034	28	532	904	905
130585	28	1426	904	905
18732	28	78	904	906
98922	28	85	904	906
35959	28	742	904	906
86150	28	117	904	906
53978	28	201	904	906
101641	28	131	904	906
44908	28	85	904	906
73133	28	1032	904	906
12234	28	20	904	906
71499	28	176	904	906
