20071	4	9344	2004.0101	2005.0101
3323	4	38322	2004.0101	2005.0101
26376	4	3857	2004.0101	2005.0101
38236	4	22599	2004.0101	2005.0101
25954	4	374	2004.0101	2005.0101
19327	4	2651	2004.0101	2005.0101
20710	4	21895	2004.0101	2005.0101
30083	4	18063	2004.0101	2005.0101
26147	4	16151	2004.0101	2005.0101
14957	4	34881	2004.0101	2005.0101
8251	4	22180	2004.0101	2005.0101
18098	4	3204	2004.0101	2005.0101
4212	4	4213	2004.0101	2005.0101
37932	4	32634	2004.0101	2005.0101
18197	4	15163	2004.0101	2005.0101
20200	4	17247	2004.0101	2005.0101
17514	4	15366	2004.0101	2005.0101
35034	4	8661	2004.0101	2005.0101
31747	4	6257	2004.0101	2005.0101
28276	4	7765	2004.0101	2005.0101
5122	4	10566	2004.0101	2005.0101
21596	4	23797	2004.0101	2005.0101
18649	4	13612	2004.0101	2005.0101
30822	4	8475	2004.0101	2005.0101
9335	4	13681	2004.0101	2005.0101
24443	4	21308	2004.0101	2005.0101
40519	4	9622	2004.0101	2005.0101
7360	4	3169	2004.0101	2005.0101
32995	4	8478	2004.0101	2005.0101
2001	4	21209	2004.0101	2005.0101
16122	4	37664	2004.0101	2005.0101
35275	4	13958	2004.0101	2005.0101
5808	4	6405	2004.0101	2005.0101
5808	4	14645	2004.0101	2005.0101
16169	4	26501	2004.0101	2005.0101
211	25	16870	2004.0101	2005.1231
605	4	15845	2004.0101	2006.0
80	4	8509	2004.0101	2006.0101
5758	4	3857	2004.0101	2006.0101
15926	4	15511	2004.0101	2006.0101
8213	4	18575	2004.0101	2006.0101
19499	4	3135	2004.0101	2006.0101
21742	4	5311	2004.0101	2006.0101
22867	4	2443	2004.0101	2006.0101
7259	4	5145	2004.0101	2006.0101
23977	4	17352	2004.0101	2006.0101
8828	4	5140	2004.0101	2006.0101
14161	4	10073	2004.0101	2006.0101
25169	4	5208	2004.0101	2006.0101
1925	4	6479	2004.0101	2006.0101
28906	4	2135	2004.0101	2006.0101
6251	4	15129	2004.0101	2006.0101
30976	4	17774	2004.0101	2006.0101
1439	4	18054	2004.0101	2006.0101
2717	4	13899	2004.0101	2006.0101
29311	4	10407	2004.0101	2006.0101
29858	4	17168	2004.0101	2006.0101
4214	4	5145	2004.0101	2006.0101
7551	4	8475	2004.0101	2006.0101
34113	4	9943	2004.0101	2006.0101
26533	4	13055	2004.0101	2006.0101
19629	4	29811	2004.0101	2006.0101
376	123	7860	2004.0101	2006.0101
11798	4	32154	2004.0101	2006.0101
3673	4	8280	2004.0101	2006.0101
27386	4	4108	2004.0101	2006.0101
17144	4	2094	2004.0101	2006.0101
11457	4	4475	2004.0101	2006.0101
22867	4	13132	2004.0101	2006.0101
9535	4	16202	2004.0101	2006.0101
36745	4	37994	2004.0101	2006.0101
10545	4	16267	2004.0101	2006.0101
33528	4	5953	2004.0101	2006.0101
15185	4	4094	2004.0101	2006.0101
412	4	5960	2004.0101	2006.0101
14917	4	5035	2004.0101	2006.0101
18542	4	3087	2004.0101	2006.0101
16838	4	2441	2004.0101	2006.0101
14213	4	9599	2004.0101	2006.0101
40471	4	8328	2004.0101	2006.0101
34353	4	18618	2004.0101	2006.0101
19425	4	14144	2004.0101	2006.0101
10523	4	28389	2004.0101	2006.0101
31419	4	22345	2004.0101	2006.0101
7762	4	13899	2004.0101	2006.0101
30102	4	9083	2004.0101	2006.0101
16841	4	7861	2004.0101	2006.0101
9687	19	39030	2004.0101	2006.0101
3540	4	3541	2004.0101	2006.0101
1021	4	6339	2004.0101	2006.0101
3134	4	3425	2004.0101	2006.0101
5188	4	4728	2004.0101	2006.0101
15631	4	10880	2004.0101	2006.0101
13959	4	11239	2004.0101	2006.0101
13980	4	32041	2004.0101	2006.0101
32678	4	6210	2004.0101	2006.0101
1330	4	10410	2004.0101	2006.0101
28359	4	14979	2004.0101	2006.0101
12428	4	8926	2004.0101	2006.0101
4183	4	5932	2004.0101	2006.0101
14115	4	616	2004.0101	2006.0101
31395	4	16090	2004.0101	2006.0101
27051	4	22516	2004.0101	2006.0101
35112	4	13779	2004.0101	2006.0101
19186	4	21317	2004.0101	2006.0101
19499	4	260	2004.0101	2006.0101
9533	4	30500	2004.0101	2006.0101
14252	4	9185	2004.0101	2006.0101
38187	4	34014	2004.0101	2006.0101
31882	4	5809	2004.0101	2006.0101
8790	4	24977	2004.0101	2006.0101
13626	4	25032	2004.0101	2006.0101
39030	19	9687	2004.0101	2006.0101
11286	4	38140	2004.0101	2006.0101
4076	4	12607	2004.0101	2006.0101
39656	4	38897	2004.0101	2006.0101
15109	4	20177	2004.0101	2006.0101
12406	4	20079	2004.0101	2006.0101
27043	4	2480	2004.0101	2006.0101
8839	4	8475	2004.0101	2006.0101
1944	4	25707	2004.0101	2006.0101
39205	4	3541	2004.0101	2006.0101
12369	4	684	2004.0101	2006.0101
35432	4	27207	2004.0101	2006.0101
7093	4	8475	2004.0101	2006.0101
7006	4	429	2004.0101	2006.0101
20434	4	889	2004.0101	2006.0101
20434	4	5145	2004.0101	2006.0101
37744	4	37418	2004.0101	2006.0101
35763	4	8840	2004.0101	2006.0101
21789	4	10430	2004.0101	2006.0101
27273	4	17118	2004.0101	2006.0101
36027	4	8542	2004.0101	2006.0101
15288	4	9258	2004.0101	2006.0101
9272	4	12792	2004.0101	2006.0101
26799	4	36858	2004.0101	2006.0101
25726	4	15090	2004.0101	2006.0101
41245	4	38897	2004.0101	2006.0101
15394	4	37367	2004.0101	2006.0101
15913	4	3135	2004.0101	2006.0101
14712	4	29175	2004.0101	2006.0101
21885	4	11084	2004.0101	2006.0101
26376	4	5145	2004.0101	2006.0101
6678	4	2949	2004.0101	2006.0101
18098	4	13132	2004.0101	2006.0101
23061	4	9599	2004.0101	2006.0101
25876	37	1748	2004.0101	2006.0101
32202	4	9908	2004.0101	2006.0101
15703	19	28993	2004.0101	2006.0101
23639	4	10678	2004.0101	2006.0101
24293	4	17920	2004.0101	2006.0101
20107	4	17056	2004.0101	2006.0101
36243	4	6910	2004.0101	2006.0101
32293	4	31832	2004.0101	2006.0101
22795	4	33	2004.0101	2006.0101
28993	19	15703	2004.0101	2006.0101
30927	4	17518	2004.0101	2006.0101
12732	4	2041	2004.0101	2006.0101
8708	4	19652	2004.0101	2006.0101
8222	4	4568	2004.0101	2006.0101
25171	4	5769	2004.0101	2006.0101
19683	4	3671	2004.0101	2006.0101
34844	4	9710	2004.0101	2006.0101
10285	4	28021	2004.0101	2006.0101
21038	4	18859	2004.0101	2006.0101
37513	4	35822	2004.0101	2006.0624
4183	4	390	2004.0101	2007.0101
4693	4	247	2004.0101	2007.0101
10469	4	694	2004.0101	2007.0101
10565	4	10566	2004.0101	2007.0101
10979	4	3468	2004.0101	2007.0101
12113	4	7092	2004.0101	2007.0101
1311	4	2595	2004.0101	2007.0101
16707	4	16708	2004.0101	2007.0101
17334	4	12308	2004.0101	2007.0101
13360	4	5035	2004.0101	2007.0101
10563	4	7895	2004.0101	2007.0101
3888	4	20954	2004.0101	2007.0101
21014	4	21015	2004.0101	2007.0101
21203	4	20986	2004.0101	2007.0101
22024	4	2275	2004.0101	2007.0101
18056	4	3541	2004.0101	2007.0101
22342	4	22343	2004.0101	2007.0101
62	4	581	2004.0101	2007.0101
12310	4	15670	2004.0101	2007.0101
24105	4	359	2004.0101	2007.0101
29804	4	15805	2004.0101	2007.0101
2120	4	30482	2004.0101	2007.0101
13058	4	18128	2004.0101	2007.0101
29615	4	10575	2004.0101	2007.0101
34410	4	25707	2004.0101	2007.0101
35430	4	15360	2004.0101	2007.0101
35630	4	17352	2004.0101	2007.0101
29998	4	10410	2004.0101	2007.0101
28980	4	22030	2004.0101	2007.0101
23378	4	3750	2004.0101	2007.0101
15510	4	1945	2004.0101	2007.0101
20562	4	13178	2004.0101	2007.0101
39693	4	1620	2004.0101	2007.0101
28652	4	2595	2004.0101	2007.0101
25316	4	9469	2004.0101	2007.0101
34095	4	36219	2004.0101	2007.0101
28633	4	1660	2004.0101	2007.0101
15034	4	6669	2004.0101	2007.0101
20267	4	20383	2004.0101	2007.0101
14957	4	16297	2004.0101	2007.0101
24298	4	3768	2004.0101	2007.0101
24139	4	16023	2004.0101	2007.0101
37105	4	22599	2004.0101	2007.0101
4319	4	39820	2004.0101	2007.0101
24976	4	16267	2004.0101	2007.0101
35025	4	17118	2004.0101	2007.0101
4779	4	20199	2004.0101	2007.0101
2504	4	3457	2004.0101	2007.0101
35013	4	7196	2004.0101	2007.0101
15312	4	9584	2004.0101	2007.0101
30261	4	5167	2004.0101	2007.0101
28215	4	17056	2004.0101	2007.0101
21641	4	980	2004.0101	2007.0101
22224	4	1727	2004.0101	2007.0101
16357	19	8918	2004.0101	2007.0101
41069	4	32772	2004.0101	2007.0101
3315	4	12725	2004.0101	2007.0101
4389	4	3216	2004.0101	2007.0101
15962	4	260	2004.0101	2007.0101
19731	4	4176	2004.0101	2007.0101
2387	4	3900	2004.0101	2007.0101
24662	4	5575	2004.0101	2007.0101
22386	4	1510	2004.0101	2007.0101
11674	4	18859	2004.0101	2007.0101
6585	4	4933	2004.0101	2007.0101
10574	4	9912	2004.0101	2007.0101
6757	4	27158	2004.0101	2007.0101
7223	4	14984	2004.0101	2007.0101
25076	4	9172	2004.0101	2007.0101
32152	4	6827	2004.0101	2007.0101
23162	4	15785	2004.0101	2007.0101
9104	4	3596	2004.0101	2007.0101
30602	4	9916	2004.0101	2007.0101
39913	4	15845	2004.0101	2007.0101
18073	4	5208	2004.0101	2007.0101
26215	4	38155	2004.0101	2007.0101
13875	4	18575	2004.0101	2007.0101
31791	4	4125	2004.0101	2007.0101
13211	4	3110	2004.0101	2007.0101
19571	4	9258	2004.0101	2007.0101
22534	4	359	2004.0101	2007.0101
5542	4	5030	2004.0101	2007.0101
25775	4	7125	2004.0101	2007.0101
27851	4	27825	2004.0101	2007.0101
34995	4	13518	2004.0101	2007.0701
9331	4	9332	2004.0101	2008.0101
18013	4	12414	2004.0101	2008.0101
18098	4	9258	2004.0101	2008.0101
18541	4	8542	2004.0101	2008.0101
16384	9	20795	2004.0101	2008.0101
20438	4	23313	2004.0101	2008.0101
25412	4	2560	2004.0101	2008.0101
24784	4	3135	2004.0101	2008.0101
29080	4	4056	2004.0101	2008.0101
15554	4	18063	2004.0101	2008.0101
521	4	9347	2004.0101	2008.0101
36667	4	413	2004.0101	2008.0101
29494	4	161	2004.0101	2008.0101
38443	4	10407	2004.0101	2008.0101
4935	4	20184	2004.0101	2008.0101
15962	4	3135	2004.0101	2008.0101
26807	14	39413	2004.0101	2008.0101
34774	4	8108	2004.0101	2008.0101
24275	4	23097	2004.0101	2008.0101
31609	4	17774	2004.0101	2008.0101
4523	4	32386	2004.0101	2008.0101
40716	4	2737	2004.0101	2008.0101
34867	4	13361	2004.0101	2008.0101
21322	4	10883	2004.0101	2008.0101
14978	4	3076	2004.0101	2008.0101
13591	4	31226	2004.0101	2008.0101
25002	4	9916	2004.0101	2008.0101
16055	4	9057	2004.0101	2008.0101
10563	4	30830	2004.0101	2008.0101
16852	4	5068	2004.0101	2008.0101
16723	4	37526	2004.0101	2008.0101
190	4	20505	2004.0101	2008.0101
4287	4	14119	2004.0101	2008.0101
5085	4	2427	2004.0101	2008.0101
14634	4	889	2004.0101	2008.0101
8273	4	14596	2004.0101	2008.0101
41556	4	4730	2004.0101	2008.0101
14780	4	13469	2004.0101	2008.0101
10575	9	29857	2004.0101	2008.1102
188	4	14588	2004.0101	2009.0101
19806	43	24009	2004.0101	2009.0101
13094	41	718	2004.0101	2009.0101
10553	4	2809	2004.0101	2009.0101
17600	4	522	2004.0101	2009.0101
30823	4	18213	2004.0101	2009.0101
12659	4	16617	2004.0101	2009.0101
6909	4	12362	2004.0101	2009.0101
39350	4	1646	2004.0101	2009.0101
4574	4	2792	2004.0101	2009.0101
40823	4	23313	2004.0101	2009.0101
28961	4	2135	2004.0101	2009.0101
29072	4	11339	2004.0101	2009.0101
31623	4	35888	2004.0101	2009.0101
24085	4	6339	2004.0101	2009.0101
16154	4	2949	2004.0101	2009.0101
29116	4	10374	2004.0101	2009.0101
29318	4	15754	2004.0101	2009.0101
23245	4	9258	2004.0101	2009.0101
5976	4	23494	2004.0101	2009.0101
26668	4	3671	2004.0101	2009.0101
25747	41	15313	2004.0101	2009.0101
17202	4	16781	2004.0101	2009.0101
6710	4	5866	2004.0101	2009.0101
31932	4	23313	2004.0101	2009.0101
16678	4	260	2004.0101	2009.0101
5141	4	5142	2004.0101	2010.0101
25758	4	25759	2004.0101	2010.0101
17804	4	9057	2004.0101	2010.0101
24666	4	3346	2004.0101	2010.0101
38145	4	10430	2004.0101	2010.0101
35940	19	17835	2004.0101	2010.0101
41093	4	39128	2004.0101	2010.0101
2736	4	40555	2004.0101	2010.0101
4051	4	376	2004.0101	2010.0101
34218	4	5035	2004.0101	2010.0101
39770	4	27729	2004.0101	2010.0101
27174	4	3691	2004.0101	2010.0101
11479	4	1620	2004.0101	2010.0101
33228	4	6477	2004.0101	2010.0101
34394	4	15	2004.0101	2010.0101
28966	4	40198	2004.0101	2010.0101
17835	19	35940	2004.0101	2010.0101
1179	4	36657	2004.0101	2010.0101
12691	4	21895	2004.0101	2010.0101
2262	4	6570	2004.0101	2010.0101
9247	41	11812	2004.0101	2010.0401
7934	4	7935	2004.0101	2011.0101
18636	4	6570	2004.0101	2011.0101
34373	4	17710	2004.0101	2011.0101
11743	4	24165	2004.0101	2011.0101
16707	4	22599	2004.0101	2011.0101
18975	4	7001	2004.0101	2011.0101
41651	4	10584	2004.0101	2011.0101
23261	4	20029	2004.0101	2011.0101
15418	4	91	2004.0101	2011.0101
23493	4	23494	2004.0101	2012.0101
29396	4	33501	2004.0101	2012.0101
39690	19	26280	2004.0101	2012.0101
36465	4	11239	2004.0101	2012.0101
9534	4	12874	2004.0101	2012.0101
22375	4	14119	2004.0101	2012.0101
31289	4	1128	2004.0101	2012.0101
26280	19	39690	2004.0101	2012.0101
4854	4	23494	2004.0101	2012.0101
4211	4	889	2004.0101	2013.0101
7365	4	4933	2004.0101	2013.0101
20208	4	321	2004.0101	2013.0101
25691	4	2949	2004.0101	2013.0101
3540	4	4125	2004.0101	2013.0101
14201	4	260	2004.0101	2013.0101
11764	4	10547	2004.0101	2013.0101
171	4	3596	2004.0101	2014.0101
25873	4	1003	2004.0101	2014.0101
38972	19	23398	2004.0101	2014.0101
13195	41	15313	2004.0101	2014.0101
20208	4	4125	2004.0101	2014.0101
1325	4	376	2004.0101	2014.0101
9394	43	9395	2004.0101	2014.09
17647	19	20650	2004.0101	2015.0101
20650	19	17647	2004.0101	2015.0101
20618	4	161	2004.0101	2015.0101
1398	4	8337	2004.0101	2015.0101
13298	4	376	2004.0101	2017.0
28316	4	2949	2004.0101	2018.07
15475	40	5504	2004.0102	2004.0102
21791	14	27344	2004.0105	2004.1119
4437	70	37973	2004.0108	2011.011
3160	41	19739	2004.0117	2004.0117
3160	41	21487	2004.0117	2004.0117
7545	15	5585	2004.0117	2004.0117
26504	76	9770	2004.0128	2004.0128
8816	9	38061	2004.021	2018.0721
31669	4	17417	2004.0214	2004.0214
17646	4	7554	2004.0215	2007.0602
137	70	19070	2004.0224	2004.0305
2255	32	1333	2004.0225	2004.0225
1333	32	2255	2004.0225	2004.0225
16197	32	18174	2004.03	2004.03
4494	15	337	2004.03	2004.03
16849	19	16850	2004.03	2005.0309
16850	19	16849	2004.03	2005.0309
17080	170	14279	2004.03	2005.05
18174	32	16197	2004.0301	2004.0301
137	70	34060	2004.0305	2007.0914
9807	32	105	2004.0305	2016.0211
105	32	9807	2004.0305	2016.0211
9163	48	11050	2004.0313	2004.0313
1162	41	1163	2004.0318	2005.102
15950	9	21275	2004.032	2004.032
9060	161	9061	2004.0323	2004.0323
4353	15	7851	2004.0324	2004.0324
17693	25	652	2004.0325	2004.0325
3326	25	10039	2004.0329	2004.0329
1416	25	10039	2004.0329	2004.0329
724	25	10039	2004.0329	2004.0329
227	25	10039	2004.0329	2004.0329
1760	25	10039	2004.0329	2004.0329
1642	25	10039	2004.0329	2004.0329
5489	25	10039	2004.0329	2004.0329
18424	48	19442	2004.033	2004.033
10997	41	4912	2004.033	2014.0404
19996	48	3912	2004.0331	2004.0331
13625	15	4060	2004.04	2004.04
15966	21	137	2004.0401	2004.0401
962	25	17712	2004.0401	2004.0401
15966	33	137	2004.0401	2004.0401
2618	41	3698	2004.0402	2010.0326
15278	4	6648	2004.0403	2006.0106
5727	32	6810	2004.0406	2004.0406
6810	32	5727	2004.0406	2004.0406
21393	25	7667	2004.041	2004.1116
4044	4	6465	2004.0411	2004.1009
6014	32	12296	2004.0414	2004.0414
12296	32	6014	2004.0414	2004.0414
40113	41	718	2004.0415	2004.0719
83	70	14322	2004.0416	2011.1221
5110	14	5109	2004.0423	2004.0423
24979	41	4253	2004.0424	2010.0222
1560	32	5727	2004.0427	2004.0427
5727	32	1560	2004.0427	2004.0427
314	34	620	2004.043	2004.043
620	29	2429	2004.0501	2004.0501
620	29	1642	2004.0501	2004.0501
1416	25	620	2004.0501	2004.0501
620	117	8511	2004.0501	2004.0501
620	29	314	2004.0501	2004.0501
2429	25	620	2004.0501	2004.0501
47	25	620	2004.0501	2004.0501
620	34	1723	2004.0501	2004.0501
4299	25	620	2004.0501	2004.0501
620	29	4299	2004.0501	2004.0501
314	25	620	2004.0501	2004.0501
620	117	5098	2004.0501	2004.0501
724	25	620	2004.0501	2004.0501
620	34	925	2004.0501	2004.0501
3326	25	620	2004.0501	2004.0501
227	25	620	2004.0501	2004.0501
453	25	620	2004.0501	2004.0501
1642	25	620	2004.0501	2004.0501
620	117	8496	2004.0501	2004.0501
620	117	2432	2004.0501	2004.0501
620	29	1416	2004.0501	2004.0501
620	29	227	2004.0501	2004.0501
620	29	47	2004.0501	2004.0501
620	117	219	2004.0501	2004.0501
620	117	4939	2004.0501	2004.0501
620	117	13010	2004.0501	2004.0501
620	29	453	2004.0501	2004.0501
620	117	239	2004.0501	2004.0501
620	117	3021	2004.0501	2004.0501
620	29	724	2004.0501	2004.0501
620	29	3326	2004.0501	2004.0501
16208	41	718	2004.0501	2004.0719
28253	41	718	2004.0501	2004.0719
3284	41	718	2004.0501	2004.0719
30289	41	718	2004.0501	2004.0719
31152	41	718	2004.0501	2004.0719
34501	41	718	2004.0501	2004.0719
6309	41	718	2004.0501	2004.0719
16020	41	718	2004.0501	2004.0719
2635	41	718	2004.0501	2004.0719
6682	41	718	2004.0501	2004.0719
40432	41	718	2004.0501	2004.0719
2947	41	718	2004.0501	2004.0719
29398	41	718	2004.0501	2004.0719
3536	41	718	2004.0501	2004.0719
31914	41	718	2004.0501	2004.0719
33116	41	718	2004.0501	2004.0719
13783	41	718	2004.0501	2004.0719
620	34	1762	2004.0501	2006.0605
5043	4	2744	2004.0501	2006.1031
620	34	5489	2004.0501	2006.1231
13783	17	24907	2004.0501	2011.022
620	34	2326	2004.0501	2013.063
47	70	19935	2004.0502	2005.1031
19935	41	18199	2004.0502	2005.1031
29936	17	33380	2004.0503	2009.0116
8786	40	19088	2004.0504	2004.0504
12870	61	12806	2004.0507	2004.0507
10142	41	15313	2004.051	2012.0626
37762	21	796	2004.0514	2004.0514
37762	19	879	2004.0514	2004.0514
879	19	37762	2004.0514	2004.0514
12488	41	15313	2004.0517	2004.0517
6810	32	17970	2004.0517	2004.0517
17970	32	6810	2004.0517	2004.0517
553	70	22794	2004.0522	2014.0526
22794	41	7095	2004.0522	2014.0526
14065	25	142	2004.0527	2004.0527
14065	15	1650	2004.0527	2004.0527
1723	25	1559	2004.0527	2004.0527
32309	33	7254	2004.0601	2004.0601
14921	33	21214	2004.0601	2004.0601
4353	15	2913	2004.0604	2004.0604
6529	4	376	2004.0606	2016.0831
1333	32	6006	2004.0611	2004.0611
36981	15	24962	2004.0611	2004.0611
6006	32	1333	2004.0611	2004.0611
21539	41	718	2004.0613	2007.1128
2299	41	718	2004.0613	2014.0525
31525	33	11902	2004.0614	2004.0614
501	41	455	2004.0614	2010.1004
11067	32	6480	2004.0615	2004.0615
6480	32	11067	2004.0615	2004.0615
7028	4	11239	2004.0615	2009.0707
724	62	30103	2004.0615	2014.0615
31129	4	6648	2004.0616	2006.083
20100	4	111	2004.0616	2009.0707
4552	41	4912	2004.0618	2004.0618
42628	40	774	2004.0624	2004.0624
14585	4	11929	2004.0624	2004.1028
28661	4	28804	2004.0624	2009.1212
10021	41	296	2004.0628	2007.0619
31973	19	9086	2004.07	2004.07
613	62	33135	2004.0701	2010.0531
4984	80	33135	2004.0701	2010.0531
33135	41	4984	2004.0701	2010.0531
5077	14	3608	2004.0701	2015.063
15699	19	18935	2004.0703	2012.0607
18935	19	15699	2004.0703	2012.0607
9379	41	296	2004.0705	2007.0619
8263	7	314	2004.0706	2004.0706
21862	15	7558	2004.0707	2004.0707
1416	62	13070	2004.0712	2009.0712
2707	4	9825	2004.0712	2011.0901
8667	41	718	2004.072	2005.0515
1022	41	718	2004.072	2005.0602
13542	41	718	2004.072	2005.0629
23929	41	718	2004.072	2006.0426
19021	41	718	2004.072	2006.0427
29645	41	718	2004.072	2006.0427
24872	41	718	2004.072	2006.0427
30411	41	718	2004.072	2006.0427
13015	41	718	2004.072	2006.0427
21072	41	718	2004.072	2006.0715
11589	41	17749	2004.072	2007.0115
35357	41	718	2004.072	2007.0828
25710	41	718	2004.072	2007.0925
21539	41	718	2004.072	2007.1126
34525	41	718	2004.072	2008.0616
22107	41	718	2004.072	2008.0713
3327	41	718	2004.072	2008.1014
14376	41	718	2004.072	2008.121
18761	41	718	2004.072	2009.0131
6309	41	718	2004.072	2009.0713
8641	41	718	2004.072	2009.0713
12232	41	718	2004.072	2009.0713
20823	41	718	2004.072	2009.0713
21021	41	718	2004.072	2009.0713
17602	41	718	2004.072	2009.0713
27053	41	718	2004.072	2009.0713
6812	41	718	2004.072	2009.0713
6682	41	718	2004.072	2009.0713
22243	41	718	2004.072	2009.0713
13783	41	718	2004.072	2009.0713
31914	41	718	2004.072	2009.0713
23483	41	718	2004.072	2009.0713
33116	41	718	2004.072	2009.0713
13094	41	718	2004.072	2009.0713
18544	41	718	2004.072	2009.0713
30146	41	718	2004.072	2009.0713
35818	41	718	2004.072	2009.0713
1640	41	718	2004.072	2009.0713
34855	41	718	2004.072	2009.0713
26544	41	718	2004.072	2009.0713
27698	41	718	2004.072	2009.0713
19348	41	718	2004.072	2009.0713
32107	41	718	2004.072	2009.0713
7203	41	718	2004.072	2009.0713
16208	41	718	2004.072	2009.0713
15285	41	718	2004.072	2009.0713
11583	41	718	2004.072	2009.0713
11260	41	718	2004.072	2009.0713
382	41	718	2004.072	2009.0713
21279	41	718	2004.072	2009.0713
14235	41	718	2004.072	2009.0713
9293	41	718	2004.072	2009.0713
11589	41	718	2004.072	2009.0713
41441	41	718	2004.072	2009.0713
2299	41	718	2004.072	2009.0713
32408	41	718	2004.072	2009.0713
32837	41	718	2004.072	2009.0713
20663	41	718	2004.072	2009.0713
5342	41	718	2004.072	2009.0713
2635	41	718	2004.072	2009.0713
27873	41	4626	2004.072	2009.0713
27873	41	718	2004.072	2009.0713
30994	41	718	2004.072	2009.0713
30142	41	718	2004.072	2009.0713
6897	41	718	2004.072	2009.0713
36797	41	718	2004.072	2009.0713
2947	41	718	2004.072	2009.0713
38678	41	718	2004.072	2009.0713
29398	41	718	2004.072	2009.0713
5696	41	718	2004.072	2009.0713
28606	41	718	2004.072	2009.0713
14558	41	718	2004.072	2009.0713
27924	41	718	2004.072	2009.0713
2941	41	718	2004.072	2009.0713
15311	41	718	2004.072	2009.0713
3536	41	718	2004.072	2009.0713
6591	41	718	2004.072	2009.0713
3625	41	718	2004.072	2009.0713
33462	41	718	2004.072	2009.0713
23321	41	718	2004.072	2009.0713
1803	41	718	2004.072	2009.0713
11458	41	718	2004.072	2009.0713
39441	41	718	2004.072	2009.0713
29341	41	718	2004.072	2009.0713
13104	41	718	2004.072	2009.0713
33802	41	718	2004.072	2009.0713
31894	41	718	2004.072	2009.0713
41706	41	718	2004.072	2009.0713
28412	41	718	2004.072	2009.0713
12928	41	718	2004.072	2009.0713
31120	41	718	2004.072	2009.0713
4451	41	718	2004.072	2009.073
7203	41	5484	2004.072	2012.0116
5909	32	630	2004.0721	2004.0721
630	32	5909	2004.0721	2004.0721
33851	4	3560	2004.0722	2004.1015
8263	7	3326	2004.0729	2004.0729
28718	41	302	2004.0729	2005.1018
16419	4	15889	2004.073	2009.0829
38243	17	12186	2004.08	2004.08
19714	14	627	2004.08	2006.09
29321	4	3350	2004.0801	2005.1231
19333	4	15889	2004.0802	2013.0214
32877	32	8607	2004.0813	2004.0813
8607	32	32877	2004.0813	2004.0813
21791	4	14652	2004.0827	2004.1003
14784	19	9619	2004.0828	2004.0828
9619	19	14784	2004.0828	2004.0828
28803	4	29286	2004.0831	2004.1011
15727	4	1374	2004.0831	2006.0809
1524	32	5291	2004.09	2004.09
8263	7	1462	2004.0901	2004.0901
17485	4	35761	2004.0901	2004.1231
8194	41	23009	2004.0901	2011.0831
36067	19	34992	2004.0904	2004.0904
34992	19	36067	2004.0904	2004.0904
6016	32	14214	2004.0911	2004.0911
14214	32	6016	2004.0911	2004.0911
7051	48	3912	2004.0915	2004.0915
10669	4	3113	2004.0927	2015.0322
36409	41	10876	2004.0929	2009.0414
2408	21	13	2004.1	2004.1
3147	134	26392	2004.1	2004.1
838	32	18847	2004.1	2004.1
18847	32	838	2004.1	2004.1
3147	133	26392	2004.1	2004.1
30713	3	5597	2004.1	2010.01
11003	3	11004	2004.1	2010.06
5701	123	15571	2004.1001	2004.1231
5701	123	23034	2004.1001	2005.0902
1576	25	2483	2004.1002	2004.1002
26631	19	22398	2004.1002	2004.1002
22398	19	26631	2004.1002	2004.1002
2560	123	34372	2004.1005	2005.0205
8821	32	2382	2004.1013	2004.1013
8821	32	6474	2004.1013	2004.1013
6474	32	8821	2004.1013	2004.1013
2382	32	8821	2004.1013	2004.1013
24388	116	10324	2004.1018	2004.1018
14076	33	264	2004.102	2004.102
365	62	21150	2004.102	2014.102
39457	41	17071	2004.1101	2005.1031
9045	70	30466	2004.1103	2004.1103
10813	15	32338	2004.1104	2004.1104
3550	32	915	2004.1105	2004.1105
915	32	3550	2004.1105	2004.1105
4044	4	15889	2004.1105	2005.1121
1398	4	25112	2004.1113	2004.1113
38652	4	6648	2004.1115	2005.1015
3103	70	39972	2004.1115	2006.0117
8038	15	3620	2004.1117	2004.1117
21791	14	18307	2004.1119	2012.1029
4174	25	85	2004.112	2004.112
27604	15	33817	2004.1203	2004.1203
26348	4	27344	2004.1203	2006.0211
27604	15	17355	2004.1207	2004.1207
30265	4	6465	2004.1213	2005.0325
30805	4	3847	2004.1216	2013.1031
3104	4	6880	2004.1218	2007.1214
17653	4	12450	2004.1223	2004.1223
28803	4	27344	2004.1223	2005.1015
6817	61	12806	2004.1225	2004.1225
8263	7	488	2004.1229	2004.1229
23451	44	3127	2004.1229	2004.1229
8263	7	83	2004.1229	2004.1229
35797	41	40654	2004.123	2005.0422
4895	44	4896	2004.1231	2004.1231
16197	44	16198	2004.1231	2004.1231
1730	44	1536	2004.1231	2004.1231
4896	44	1536	2004.1231	2004.1231
16221	44	8407	2004.1231	2004.1231
5665	44	1536	2004.1231	2004.1231
8408	44	8407	2004.1231	2004.1231
12015	44	8407	2004.1231	2004.1231
37118	44	1536	2004.1231	2004.1231
4896	44	8407	2004.1231	2004.1231
8408	44	1536	2004.1231	2004.1231
12015	44	1536	2004.1231	2004.1231
37043	44	1536	2004.1231	2004.1231
37043	44	8407	2004.1231	2004.1231
1536	29	8407	2004.1231	2004.1231
66	19	67	2005.0	2005.0
2629	4	2630	2005.0	2005.0
2912	15	2913	2005.0	2005.0
3142	25	3143	2005.0	2005.0
4697	15	867	2005.0	2005.0
3998	30	4702	2005.0	2005.0
1459	16	4118	2005.0	2005.0
8191	4	8192	2005.0	2005.0
8920	15	3730	2005.0	2005.0
11933	15	11934	2005.0	2005.0
7500	15	7501	2005.0	2005.0
13172	30	6908	2005.0	2005.0
13716	71	856	2005.0	2005.0
9228	16	3243	2005.0	2005.0
8246	16	1831	2005.0	2005.0
8131	30	15356	2005.0	2005.0
586	25	7562	2005.0	2005.0
16154	4	8889	2005.0	2005.0
16950	15	5894	2005.0	2005.0
17670	16	17671	2005.0	2005.0
17761	15	2178	2005.0	2005.0
2345	16	3982	2005.0	2005.0
124	30	19370	2005.0	2005.0
4103	32	21774	2005.0	2005.0
17758	16	17759	2005.0	2005.0
12837	30	2243	2005.0	2005.0
7268	15	4335	2005.0	2005.0
2243	16	337	2005.0	2005.0
23027	15	867	2005.0	2005.0
7487	30	22965	2005.0	2005.0
17304	4	24377	2005.0	2005.0
11464	16	1487	2005.0	2005.0
3612	15	2913	2005.0	2005.0
262	32	6006	2005.0	2005.0
25117	3	7736	2005.0	2005.0
469	16	4540	2005.0	2005.0
20931	15	8243	2005.0	2005.0
19526	30	25789	2005.0	2005.0
13342	15	14864	2005.0	2005.0
26450	25	3689	2005.0	2005.0
7938	25	3689	2005.0	2005.0
15488	16	13172	2005.0	2005.0
26993	16	3628	2005.0	2005.0
757	16	21767	2005.0	2005.0
26864	15	19383	2005.0	2005.0
3022	32	2254	2005.0	2005.0
503	30	6161	2005.0	2005.0
21361	30	28868	2005.0	2005.0
10186	14	26996	2005.0	2005.0
7128	3	115	2005.0	2005.0
3236	15	14832	2005.0	2005.0
27947	17	9246	2005.0	2005.0
14724	71	2157	2005.0	2005.0
11840	16	30589	2005.0	2005.0
12419	15	8024	2005.0	2005.0
27118	15	4570	2005.0	2005.0
24613	16	17682	2005.0	2005.0
28812	32	1833	2005.0	2005.0
31992	14	31993	2005.0	2005.0
31950	16	21361	2005.0	2005.0
20748	16	1460	2005.0	2005.0
23667	30	10342	2005.0	2005.0
11824	16	503	2005.0	2005.0
17761	15	7157	2005.0	2005.0
33135	15	4225	2005.0	2005.0
31023	15	6250	2005.0	2005.0
2353	15	33445	2005.0	2005.0
14755	16	13172	2005.0	2005.0
7664	16	3982	2005.0	2005.0
12419	15	13822	2005.0	2005.0
28755	4	594	2005.0	2005.0
2499	32	9243	2005.0	2005.0
290	30	24806	2005.0	2005.0
20950	32	23409	2005.0	2005.0
34953	15	13785	2005.0	2005.0
4360	15	4359	2005.0	2005.0
30636	15	19987	2005.0	2005.0
27096	30	10342	2005.0	2005.0
20748	16	12350	2005.0	2005.0
10503	15	124	2005.0	2005.0
3422	30	33131	2005.0	2005.0
24380	1	715	2005.0	2005.0
30470	25	3689	2005.0	2005.0
7638	30	19763	2005.0	2005.0
33856	15	22012	2005.0	2005.0
4243	15	14495	2005.0	2005.0
20979	3	5197	2005.0	2005.0
28246	15	15678	2005.0	2005.0
3852	15	2907	2005.0	2005.0
757	15	21767	2005.0	2005.0
1941	17	25612	2005.0	2005.0
7767	15	14466	2005.0	2005.0
3383	15	7976	2005.0	2005.0
33379	16	7815	2005.0	2005.0
11840	15	30589	2005.0	2005.0
10972	9	5419	2005.0	2005.0
124	30	17029	2005.0	2005.0
1019	30	31781	2005.0	2005.0
3171	15	3172	2005.0	2005.0
11300	32	6778	2005.0	2005.0
4873	15	867	2005.0	2005.0
7307	15	792	2005.0	2005.0
3869	15	5184	2005.0	2005.0
36318	30	24761	2005.0	2005.0
11433	16	19388	2005.0	2005.0
401	15	6266	2005.0	2005.0
4131	30	2243	2005.0	2005.0
28868	16	21361	2005.0	2005.0
39293	16	7157	2005.0	2005.0
679	32	109	2005.0	2005.0
22568	15	34693	2005.0	2005.0
4740	30	12	2005.0	2005.0
38720	30	14928	2005.0	2005.0
11499	30	25212	2005.0	2005.0
7563	25	142	2005.0	2005.0
5949	15	5305	2005.0	2005.0
7063	15	7064	2005.0	2005.0
10543	25	142	2005.0	2005.0
39897	15	35595	2005.0	2005.0
2351	30	20187	2005.0	2005.0
3988	16	8024	2005.0	2005.0
39164	19	14776	2005.0	2005.0
23153	16	2491	2005.0	2005.0
8412	15	5184	2005.0	2005.0
29651	16	3815	2005.0	2005.0
4335	30	7268	2005.0	2005.0
23333	30	29002	2005.0	2005.0
37808	15	37571	2005.0	2005.0
7157	30	17761	2005.0	2005.0
24658	30	30452	2005.0	2005.0
25599	15	17258	2005.0	2005.0
1026	30	3171	2005.0	2005.0
14390	84	1687	2005.0	2005.0
1037	93	19243	2005.0	2005.0
26012	15	10116	2005.0	2005.0
4359	30	4360	2005.0	2005.0
6977	4	31323	2005.0	2005.0
40032	4	37316	2005.0	2005.0
12959	30	7486	2005.0	2005.0
604	3	3751	2005.0	2005.0
67	19	66	2005.0	2005.0
14310	16	7157	2005.0	2005.0
25108	15	33445	2005.0	2005.0
35996	197	41300	2005.0	2005.0
13149	15	1487	2005.0	2005.0
337	30	2243	2005.0	2005.0
4702	15	3998	2005.0	2005.0
15488	16	16789	2005.0	2005.0
3171	15	1026	2005.0	2005.0
24256	3	8970	2005.0	2005.0
29975	1	3	2005.0	2005.0
41605	15	41606	2005.0	2005.0
3172	30	3171	2005.0	2005.0
24009	15	2491	2005.0	2005.0
40217	3	15520	2005.0	2005.0
16789	30	6908	2005.0	2005.0
1833	32	28812	2005.0	2005.0
28455	30	30757	2005.0	2005.0
26592	3	690	2005.0	2005.0
5204	30	13603	2005.0	2005.0
5910	17	10972	2005.0	2005.0
11960	16	8257	2005.0	2005.0
3852	16	13404	2005.0	2005.0
20596	30	15368	2005.0	2005.0
29735	4	29482	2005.0	2005.0
13342	16	3172	2005.0	2005.0
3852	16	2907	2005.0	2005.0
4022	15	3281	2005.0	2005.0
16095	4	12043	2005.0	2005.0
201	16	337	2005.0	2005.0
19304	15	27033	2005.0	2005.0
14361	41	26438	2005.0	2005.0
13342	16	14864	2005.0	2005.0
25108	16	33445	2005.0	2005.0
5505	15	5184	2005.0	2005.0
32145	16	19854	2005.0	2005.0
13102	30	36962	2005.0	2005.0
8786	16	12005	2005.0	2005.0
19625	30	10342	2005.0	2005.0
17459	15	41929	2005.0	2005.0
56	16	57	2005.0	2005.0
36392	3	14458	2005.0	2005.0
3969	16	2491	2005.0	2005.0
17761	16	7157	2005.0	2005.0
14310	16	3628	2005.0	2005.0
32145	15	19854	2005.0	2005.0
11643	16	33445	2005.0	2005.0
3252	16	7064	2005.0	2005.0
1459	16	8024	2005.0	2005.0
461	30	17871	2005.0	2005.0
4360	16	4359	2005.0	2005.0
29427	15	41169	2005.0	2005.0
1459	16	8521	2005.0	2005.0
4570	30	27118	2005.0	2005.0
17544	15	5798	2005.0	2005.0
6497	16	31905	2005.0	2005.0
124	30	10503	2005.0	2005.0
2243	15	4131	2005.0	2005.0
15885	66	16900	2005.0	2005.0
283	30	3236	2005.0	2005.0
2243	15	337	2005.0	2005.0
2243	16	4131	2005.0	2005.0
124	30	502	2005.0	2005.0
28949	15	29825	2005.0	2005.0
1629	3	9316	2005.0	2005.0
19711	4	19024	2005.0	2005.0
5894	30	16950	2005.0	2005.0
1700	16	2902	2005.0	2005.0
2481	3	1341	2005.0	2005.0
21767	30	757	2005.0	2005.0
42111	20	510	2005.0	2005.0
14755	16	16789	2005.0	2005.0
24395	16	1487	2005.0	2005.0
14755	16	40660	2005.0	2005.0
16624	15	15286	2005.0	2005.0
761	30	17580	2005.0	2005.0
6908	15	14446	2005.0	2005.0
14928	15	38720	2005.0	2005.0
39200	4	42151	2005.0	2005.0
15231	15	14495	2005.0	2005.0
20187	15	2351	2005.0	2005.0
39738	15	7209	2005.0	2005.0
34	16	2491	2005.0	2005.0
14928	16	38720	2005.0	2005.0
20187	15	3034	2005.0	2005.0
34327	15	35595	2005.0	2005.0
11270	30	40915	2005.0	2005.0
7500	16	7501	2005.0	2005.0
22547	15	28281	2005.0	2005.0
13395	15	10733	2005.0	2005.0
28281	30	22547	2005.0	2005.0
6052	16	3982	2005.0	2005.0
38781	15	8347	2005.0	2005.0
9117	15	3034	2005.0	2005.0
16691	30	10342	2005.0	2005.0
8806	16	3815	2005.0	2005.0
8629	4	3671	2005.0	2005.0
5007	30	16110	2005.0	2005.0
37359	4	18757	2005.0	2005.0
8629	21	83	2005.0	2005.0
14938	16	35672	2005.0	2005.0
11373	4	5243	2005.0	2005.0
16691	30	9536	2005.0	2005.0
33445	30	25108	2005.0	2005.0
20589	15	6250	2005.0	2005.0
2353	16	33445	2005.0	2005.0
6953	4	1305	2005.0	2005.0
7409	15	11119	2005.0	2005.0
30541	4	23507	2005.0	2005.0
18519	16	4540	2005.0	2005.0
15168	16	10772	2005.0	2005.0
21452	30	28075	2005.0	2005.0
28868	15	21361	2005.0	2005.0
17435	16	1487	2005.0	2005.0
15168	15	10772	2005.0	2005.0
40868	15	32833	2005.0	2005.0
18910	30	9948	2005.0	2005.0
7063	16	7064	2005.0	2005.0
32940	30	9536	2005.0	2005.0
42307	21	715	2005.0	2005.0
16519	16	16568	2005.0	2005.0
16366	15	2754	2005.0	2005.0
9048	30	24806	2005.0	2005.0
19306	4	4725	2005.0	2005.0
34080	41	3698	2005.0	2005.0
9948	15	18910	2005.0	2005.0
12	15	3034	2005.0	2005.0
14057	15	15977	2005.0	2005.0
23533	21	1170	2005.0	2005.0
19968	30	11306	2005.0	2005.0
38517	15	1650	2005.0	2005.0
4676	30	1020	2005.0	2005.0
12	15	4740	2005.0	2005.0
38759	30	11173	2005.0	2005.0
3091	16	7815	2005.0	2005.0
18140	30	16298	2005.0	2005.0
3730	30	8920	2005.0	2005.0
20001	30	25775	2005.0	2005.0
19565	15	867	2005.0	2005.0
26399	4	10869	2005.0	2005.0
38801	17	13574	2005.0	2005.0
10772	30	15168	2005.0	2005.0
9877	16	11035	2005.0	2005.0
37488	15	32940	2005.0	2005.0
15488	16	14840	2005.0	2005.0
37488	16	13051	2005.0	2005.0
10056	30	27520	2005.0	2005.0
13158	166	948	2005.0	2005.0
2895	30	10510	2005.0	2005.0
13158	166	15805	2005.0	2005.0
15488	15	16789	2005.0	2005.0
37488	16	32940	2005.0	2005.0
15488	15	13172	2005.0	2005.0
11467	30	7954	2005.0	2005.0
9877	16	33445	2005.0	2005.0
22046	30	27520	2005.0	2005.0
17699	15	17226	2005.0	2005.0
2178	30	17761	2005.0	2005.0
17871	15	461	2005.0	2005.0
14011	30	13622	2005.0	2005.0
7976	30	3383	2005.0	2005.0
23335	30	38337	2005.0	2005.0
31322	4	2606	2005.0	2005.0
25939	16	2771	2005.0	2005.0
2902	30	880	2005.0	2005.0
24233	16	33567	2005.0	2005.0
3171	16	1026	2005.0	2005.0
17871	15	3034	2005.0	2005.0
12772	16	12773	2005.0	2005.0
3171	16	3172	2005.0	2005.0
10733	30	13395	2005.0	2005.0
1480	32	21864	2005.0	2005.0
12419	16	13822	2005.0	2005.0
3236	15	283	2005.0	2005.0
40271	25	325	2005.0	2005.0
34953	15	19099	2005.0	2005.0
4680	16	4681	2005.0	2005.0
469	16	38301	2005.0	2005.0
42203	16	10772	2005.0	2005.0
5312	30	11569	2005.0	2005.0
17051	15	23720	2005.0	2005.0
20748	15	12350	2005.0	2005.0
2754	30	16366	2005.0	2005.0
7486	16	12959	2005.0	2005.0
12780	32	8703	2005.0	2005.0
7486	15	12959	2005.0	2005.0
22109	15	31579	2005.0	2005.0
40680	4	38342	2005.0	2005.0
27520	15	22046	2005.0	2005.0
18178	41	3698	2005.0	2005.0
21057	16	1026	2005.0	2005.0
12900	16	38720	2005.0	2005.0
24655	30	24806	2005.0	2005.0
27520	15	10056	2005.0	2005.0
15604	16	1831	2005.0	2005.0
21959	4	21960	2005.0	2005.0101
18239	143	17458	2005.0	2005.063
396	4	397	2005.0	2006.0
6799	4	6800	2005.0	2006.0
20742	4	20743	2005.0	2006.0
6953	4	22244	2005.0	2006.0
29984	4	2922	2005.0	2006.0
31322	4	12043	2005.0	2006.0
34549	4	5149	2005.0	2006.0
3870	4	35419	2005.0	2006.0
24008	4	5809	2005.0	2006.0
37247	4	34235	2005.0	2006.0
37324	4	6957	2005.0	2006.0
37891	3	11579	2005.0	2006.0
28429	4	16501	2005.0	2006.0
14017	4	38088	2005.0	2006.0
26757	4	4215	2005.0	2006.0
31966	4	23886	2005.0	2006.0
37635	4	25841	2005.0	2006.0
16846	4	34235	2005.0	2006.0
5375	4	26231	2005.0	2006.0
10735	4	41105	2005.0	2006.0
29735	4	27975	2005.0	2006.0
18707	4	11756	2005.0	2006.0
10868	4	17823	2005.0	2006.0
30541	4	40035	2005.0	2006.0
33359	4	5488	2005.0	2006.0
18637	4	730	2005.0	2006.0
20610	4	17823	2005.0	2006.0
7933	41	17347	2005.0	2006.0
9847	14	3426	2005.0	2007.0
17163	3	452	2005.0	2007.0
8888	4	23313	2005.0	2007.0
12718	4	40229	2005.0	2007.0
15415	4	28998	2005.0	2007.0
13408	4	24108	2005.0	2007.0
17057	4	36750	2005.0	2007.0
48	4	8205	2005.0	2007.0
17485	4	35761	2005.0	2007.0
9604	4	24377	2005.0	2007.0
31854	4	2606	2005.0	2007.0
18587	17	14344	2005.0	2007.0616
18587	17	12929	2005.0	2007.0616
299	4	2922	2005.0	2008.0
16982	4	221	2005.0	2008.0
24971	4	14735	2005.0	2008.0
32618	4	4991	2005.0	2008.0
10244	38	6806	2005.0	2008.0
16165	1	715	2005.0	2008.0
34291	4	32484	2005.0	2008.0
5702	4	9027	2005.0	2008.0
39850	4	41960	2005.0	2008.0
17801	4	8230	2005.0	2008.0
23533	4	16980	2005.0	2008.0
37648	4	28494	2005.0	2008.0
37839	14	26784	2005.0	2008.0
34953	4	42523	2005.0	2008.0
41347	4	11043	2005.0	2008.0
7697	3	6961	2005.0	2008.0
13429	17	12574	2005.0	2009.0
22681	4	17521	2005.0	2009.0
5149	1	3	2005.0	2009.0
15789	25	29745	2005.0	2009.0
6458	41	7393	2005.0	2009.0
12254	25	804	2005.0	2009.0
40505	4	8831	2005.0	2009.0
13661	41	455	2005.0	2009.0
18532	4	16165	2005.0	2009.0
35150	43	7843	2005.0	2009.0
7843	19	35150	2005.0	2009.0
22461	4	2207	2005.0	2009.0112
36273	41	302	2005.0	2009.1027
10576	41	2940	2005.0	2010.0
27841	41	20624	2005.0	2010.0
16216	1	613	2005.0	2010.0
37162	17	37224	2005.0	2010.0
11398	4	29173	2005.0	2010.0
40863	41	3698	2005.0	2010.0
20608	4	1305	2005.0	2010.0
25712	4	4204	2005.0	2010.0
34593	4	17521	2005.0	2010.0
20808	4	19778	2005.0	2010.0
30755	3	6944	2005.0	2010.0
15124	41	455	2005.0	2010.041
39301	4	6648	2005.0	2011.0
9729	17	25612	2005.0	2011.0
22847	4	8831	2005.0	2011.0
1364	4	730	2005.0	2011.0
42587	41	455	2005.0	2011.0
24524	41	455	2005.0	2012.0
4655	70	31829	2005.0	2012.0
24524	41	7393	2005.0	2012.0
3236	4	6047	2005.0	2012.0
2130	17	41496	2005.0	2012.0
38099	4	7872	2005.0	2012.0
12860	4	11043	2005.0	2012.0313
13249	38	1467	2005.0	2012.0809
8460	17	4469	2005.0	2014.0
25368	4	4661	2005.0	2014.0
20611	1	488	2005.0	2014.0
40686	17	36604	2005.0	2014.0
13930	33	7777	2005.0	2014.0
18563	4	19498	2005.0	2015.0
16980	1	715	2005.0	2015.0
5910	17	41496	2005.0	2015.0129
21563	123	5637	2005.0	2016.0
30746	14	8894	2005.0	2017.1
1622	19	19909	2005.0	2018.0
20009	41	7393	2005.01	2005.01
6340	4	3691	2005.01	2006.0825
1535	44	1536	2005.0101	2005.0101
1657	4	1658	2005.0101	2005.0101
2073	4	2074	2005.0101	2005.0101
5057	15	5058	2005.0101	2005.0101
5826	4	5827	2005.0101	2005.0101
5970	4	5971	2005.0101	2005.0101
6885	4	6886	2005.0101	2005.0101
7722	4	7723	2005.0101	2005.0101
8405	4	8406	2005.0101	2005.0101
9041	4	9042	2005.0101	2005.0101
6700	4	9947	2005.0101	2005.0101
9996	4	9997	2005.0101	2005.0101
10186	15	5058	2005.0101	2005.0101
3037	4	6816	2005.0101	2005.0101
10748	15	10749	2005.0101	2005.0101
9864	4	12168	2005.0101	2005.0101
12571	4	12572	2005.0101	2005.0101
14954	4	14955	2005.0101	2005.0101
15257	15	2228	2005.0101	2005.0101
8708	4	4898	2005.0101	2005.0101
19298	4	12011	2005.0101	2005.0101
6074	15	14175	2005.0101	2005.0101
16411	4	4094	2005.0101	2005.0101
8703	32	2254	2005.0101	2005.0101
20770	4	20771	2005.0101	2005.0101
21109	4	7872	2005.0101	2005.0101
17906	15	13686	2005.0101	2005.0101
5976	4	21563	2005.0101	2005.0101
14749	4	21515	2005.0101	2005.0101
15283	4	14744	2005.0101	2005.0101
6663	4	12934	2005.0101	2005.0101
20354	4	6479	2005.0101	2005.0101
23202	4	23203	2005.0101	2005.0101
24139	4	19470	2005.0101	2005.0101
24657	4	11247	2005.0101	2005.0101
28	15	20232	2005.0101	2005.0101
25116	4	18618	2005.0101	2005.0101
18832	15	15526	2005.0101	2005.0101
25976	4	25977	2005.0101	2005.0101
23378	4	7861	2005.0101	2005.0101
6503	4	8715	2005.0101	2005.0101
9335	4	13681	2005.0101	2005.0101
14830	4	26948	2005.0101	2005.0101
26989	18	876	2005.0101	2005.0101
3142	15	27287	2005.0101	2005.0101
28567	4	25434	2005.0101	2005.0101
13054	4	23115	2005.0101	2005.0101
13591	4	3373	2005.0101	2005.0101
13053	15	16240	2005.0101	2005.0101
23409	32	20950	2005.0101	2005.0101
17817	4	14623	2005.0101	2005.0101
17150	15	30184	2005.0101	2005.0101
2182	4	14623	2005.0101	2005.0101
25314	4	13597	2005.0101	2005.0101
18571	4	4140	2005.0101	2005.0101
25857	4	30647	2005.0101	2005.0101
12557	4	14961	2005.0101	2005.0101
11557	4	6051	2005.0101	2005.0101
10348	4	21515	2005.0101	2005.0101
3025	4	9682	2005.0101	2005.0101
25026	15	2851	2005.0101	2005.0101
4693	4	13899	2005.0101	2005.0101
29540	4	924	2005.0101	2005.0101
109	32	679	2005.0101	2005.0101
24630	15	33393	2005.0101	2005.0101
33448	4	14961	2005.0101	2005.0101
23457	4	14645	2005.0101	2005.0101
33563	4	4213	2005.0101	2005.0101
23796	4	7861	2005.0101	2005.0101
31595	4	25549	2005.0101	2005.0101
14710	4	6051	2005.0101	2005.0101
23457	4	5809	2005.0101	2005.0101
21080	4	16670	2005.0101	2005.0101
24908	4	2480	2005.0101	2005.0101
29074	4	21303	2005.0101	2005.0101
31882	4	3836	2005.0101	2005.0101
18233	4	17774	2005.0101	2005.0101
12711	4	22481	2005.0101	2005.0101
10536	4	2790	2005.0101	2005.0101
32019	15	26594	2005.0101	2005.0101
36431	15	7072	2005.0101	2005.0101
36762	4	8174	2005.0101	2005.0101
36868	4	6051	2005.0101	2005.0101
24369	4	26407	2005.0101	2005.0101
31356	4	26501	2005.0101	2005.0101
14572	4	14573	2005.0101	2005.0101
3388	4	29223	2005.0101	2005.0101
1504	30	26338	2005.0101	2005.0101
26379	4	20771	2005.0101	2005.0101
17938	15	37477	2005.0101	2005.0101
37753	15	25835	2005.0101	2005.0101
14769	4	10378	2005.0101	2005.0101
5050	4	6578	2005.0101	2005.0101
37932	4	33656	2005.0101	2005.0101
20838	15	253	2005.0101	2005.0101
33600	15	18175	2005.0101	2005.0101
38655	4	38656	2005.0101	2005.0101
38310	4	38879	2005.0101	2005.0101
18200	15	9366	2005.0101	2005.0101
14585	15	9366	2005.0101	2005.0101
15079	15	4430	2005.0101	2005.0101
5170	4	23203	2005.0101	2005.0101
39189	4	9785	2005.0101	2005.0101
10144	4	20383	2005.0101	2005.0101
20673	19	39229	2005.0101	2005.0101
33742	4	5191	2005.0101	2005.0101
25175	4	28306	2005.0101	2005.0101
39350	4	26501	2005.0101	2005.0101
2440	4	26407	2005.0101	2005.0101
28215	4	399	2005.0101	2005.0101
5178	44	1536	2005.0101	2005.0101
17817	4	1744	2005.0101	2005.0101
20211	4	20212	2005.0101	2005.0101
10545	4	7227	2005.0101	2005.0101
8828	4	20064	2005.0101	2005.0101
31669	4	11017	2005.0101	2005.0101
9533	4	30514	2005.0101	2005.0101
31595	4	15769	2005.0101	2005.0101
25297	4	11170	2005.0101	2005.0101
26215	4	13991	2005.0101	2005.0101
9653	4	10515	2005.0101	2005.0101
14639	4	161	2005.0101	2005.0101
33742	4	38325	2005.0101	2005.0101
21753	4	3900	2005.0101	2005.0101
31449	4	21704	2005.0101	2005.0101
8940	44	1536	2005.0101	2005.0101
28627	15	22385	2005.0101	2005.0101
18677	4	15670	2005.0101	2005.0101
4512	4	39987	2005.0101	2005.0101
8674	44	1536	2005.0101	2005.0101
5984	15	6694	2005.0101	2005.0101
34513	15	655	2005.0101	2005.0101
5970	4	21254	2005.0101	2005.0101
16221	44	1536	2005.0101	2005.0101
33888	4	11692	2005.0101	2005.0101
33178	15	13586	2005.0101	2005.0101
9370	4	3671	2005.0101	2005.0101
6048	4	39058	2005.0101	2005.0101
26338	15	229	2005.0101	2005.0101
11987	4	6051	2005.0101	2005.0101
19582	4	6083	2005.0101	2005.0101
14852	4	8989	2005.0101	2005.0101
4479	4	31473	2005.0101	2005.0101
4946	4	4807	2005.0101	2005.0101
39913	4	14668	2005.0101	2005.0101
22646	4	161	2005.0101	2005.0101
287	4	24477	2005.0101	2005.0101
33009	4	36895	2005.0101	2005.0101
29794	4	15632	2005.0101	2005.0101
30687	4	17056	2005.0101	2005.0101
12400	4	29109	2005.0101	2005.0101
26984	44	1536	2005.0101	2005.0101
11296	4	25479	2005.0101	2005.0101
14622	4	11599	2005.0101	2005.0101
20562	4	2880	2005.0101	2005.0101
8360	15	9753	2005.0101	2005.0101
32998	4	24543	2005.0101	2005.0101
7046	4	4280	2005.0101	2005.0101
32373	4	33	2005.0101	2005.0101
24335	4	8280	2005.0101	2005.0101
2927	4	10678	2005.0101	2005.0101
29538	4	6296	2005.0101	2005.0101
36868	4	19868	2005.0101	2005.0101
24369	4	13643	2005.0101	2005.0101
11137	4	11868	2005.0101	2005.0101
33108	4	8944	2005.0101	2005.0101
2267	4	41769	2005.0101	2005.0101
34218	4	6210	2005.0101	2005.0101
9478	4	32721	2005.0101	2005.0101
27927	4	370	2005.0101	2005.0101
34228	4	10818	2005.0101	2005.0101
9331	4	32764	2005.0101	2005.0101
9515	4	5747	2005.0101	2005.0101
22048	4	9580	2005.0101	2005.0101
24481	4	10779	2005.0101	2005.0101
41741	4	13886	2005.0101	2005.0101
23755	4	31997	2005.0101	2005.0101
193	4	2290	2005.0101	2005.0101
23875	4	8637	2005.0101	2005.0101
11798	4	7721	2005.0101	2005.0101
29615	4	9057	2005.0101	2005.0101
33417	4	16151	2005.0101	2005.0101
14326	19	36542	2005.0101	2005.0101
23070	4	16577	2005.0101	2005.0101
22315	4	2315	2005.0101	2005.0101
28861	4	35858	2005.0101	2005.0101
23758	4	6339	2005.0101	2005.0101
6700	4	40381	2005.0101	2005.0101
24465	4	17718	2005.0101	2005.0101
3388	4	13728	2005.0101	2005.0101
13282	16	337	2005.0101	2005.0101
14459	4	10407	2005.0101	2005.0101
3456	4	3606	2005.0101	2005.0101
27674	4	13847	2005.0101	2005.0101
37553	4	20199	2005.0101	2005.0101
17817	4	21515	2005.0101	2005.0101
9621	4	9978	2005.0101	2005.0101
32661	4	8926	2005.0101	2005.0101
7046	4	6351	2005.0101	2005.0101
16841	4	3750	2005.0101	2005.0101
33211	4	13704	2005.0101	2005.0101
17833	4	22164	2005.0101	2005.0101
12651	4	32721	2005.0101	2005.0101
16804	4	8542	2005.0101	2005.0101
10094	4	41019	2005.0101	2005.0101
9252	4	10724	2005.0101	2005.0101
11780	4	8636	2005.0101	2005.0101
14792	15	40877	2005.0101	2005.0101
11960	15	8255	2005.0101	2005.0101
10796	4	10515	2005.0101	2005.0101
22489	4	15818	2005.0101	2005.0101
18112	4	13704	2005.0101	2005.0101
39781	15	9753	2005.0101	2005.0101
19304	15	27033	2005.0101	2005.0101
6767	15	8277	2005.0101	2005.0101
13054	4	25111	2005.0101	2005.0101
13054	4	34271	2005.0101	2005.0101
6767	41	6768	2005.0101	2005.0101
31072	18	876	2005.0101	2005.0101
16503	15	38369	2005.0101	2005.0101
21864	32	1480	2005.0101	2005.0101
34989	4	8289	2005.0101	2005.0101
5256	4	10826	2005.0101	2005.0101
29427	15	15250	2005.0101	2005.0101
29427	15	7072	2005.0101	2005.0101
41574	15	19349	2005.0101	2005.0101
11395	15	337	2005.0101	2005.0101
41574	15	27196	2005.0101	2005.0101
22535	4	6679	2005.0101	2005.0101
20892	4	7765	2005.0101	2005.0101
42017	15	2851	2005.0101	2005.0101
28653	4	15090	2005.0101	2005.0101
15553	4	13185	2005.0101	2005.0101
8562	4	41819	2005.0101	2005.0101
26338	15	1504	2005.0101	2005.0101
22350	15	14175	2005.0101	2005.0101
4440	4	17710	2005.0101	2005.0101
33055	18	876	2005.0101	2005.0101
42033	4	30062	2005.0101	2005.0101
36099	4	11685	2005.0101	2005.0101
22576	15	34100	2005.0101	2005.0101
13072	15	21256	2005.0101	2005.0101
35791	15	11934	2005.0101	2005.0101
12369	4	14500	2005.0101	2005.0101
6417	15	6694	2005.0101	2005.0101
8001	4	30830	2005.0101	2005.0101
20487	4	16297	2005.0101	2005.0101
17846	15	655	2005.0101	2005.0101
9962	16	524	2005.0101	2005.0101
22375	4	13590	2005.0101	2005.0101
14056	4	12362	2005.0101	2005.0101
483	4	19784	2005.0101	2005.0101
19174	4	3618	2005.0101	2005.0101
20928	4	9330	2005.0101	2005.0101
19263	4	5266	2005.0101	2005.0101
10311	15	42130	2005.0101	2005.0101
8283	4	19187	2005.0101	2005.0101
23386	4	32132	2005.0101	2005.0101
12149	4	5311	2005.0101	2005.0101
14148	4	4594	2005.0101	2005.0101
29063	4	33212	2005.0101	2005.0101
11209	4	38897	2005.0101	2005.0101
9907	4	9555	2005.0101	2005.0101
16110	15	5007	2005.0101	2005.0101
7530	4	29257	2005.0101	2005.0101
36434	4	22030	2005.0101	2005.0101
18843	4	29811	2005.0101	2005.0101
30775	4	9057	2005.0101	2005.0101
40181	4	22053	2005.0101	2005.0101
10345	4	11817	2005.0101	2005.0101
15538	4	11288	2005.0101	2005.0101
14148	4	17419	2005.0101	2005.0101
39099	4	39675	2005.0101	2005.0101
18134	4	10779	2005.0101	2005.0101
6402	4	10378	2005.0101	2005.0101
17238	19	4147	2005.0101	2005.0101
2181	4	33284	2005.0101	2005.0101
18119	4	38885	2005.0101	2005.0101
7680	4	28026	2005.0101	2005.0101
8703	32	12780	2005.0101	2005.0101
6052	15	655	2005.0101	2005.0101
4290	4	1329	2005.0101	2005.0101
20820	4	9336	2005.0101	2005.0101
16298	15	18140	2005.0101	2005.0101
32601	4	15005	2005.0101	2005.0101
18992	4	10937	2005.0101	2005.0101
7149	4	7150	2005.0101	2005.0101
23331	4	3750	2005.0101	2005.0101
24642	15	18314	2005.0101	2005.0101
3203	4	6816	2005.0101	2005.0101
26232	4	5832	2005.0101	2005.0101
41409	15	27250	2005.0101	2005.0101
5856	4	5234	2005.0101	2005.0101
23417	4	35084	2005.0101	2005.0101
22335	4	11247	2005.0101	2005.0101
2416	16	337	2005.0101	2005.0101
6251	4	4898	2005.0101	2005.0101
30073	4	28920	2005.0101	2005.0101
29788	15	37477	2005.0101	2005.0101
14487	4	260	2005.0101	2005.0101
37105	4	13590	2005.0101	2005.0101
2073	4	13779	2005.0101	2005.0101
13967	4	25173	2005.0101	2005.0101
25101	44	1536	2005.0101	2005.0101
27392	15	39721	2005.0101	2005.0101
38236	4	2443	2005.0101	2005.0101
38236	4	178	2005.0101	2005.0101
29449	15	34909	2005.0101	2005.0101
19100	4	1321	2005.0101	2005.0101
11419	4	39687	2005.0101	2005.0101
5936	4	28566	2005.0101	2005.0101
33713	4	1042	2005.0101	2005.0101
26215	4	8310	2005.0101	2005.0101
11419	4	23622	2005.0101	2005.0101
17122	4	4901	2005.0101	2005.0101
10246	4	14119	2005.0101	2005.0101
183	44	1536	2005.0101	2005.0101
24240	21	326	2005.0101	2005.0101
39913	4	3405	2005.0101	2005.0101
5936	4	10819	2005.0101	2005.0101
30347	4	13369	2005.0101	2005.0101
9996	4	11638	2005.0101	2005.0101
33535	4	18065	2005.0101	2005.0101
39229	19	20673	2005.0101	2005.0101
33256	4	30208	2005.0101	2005.0101
23908	4	22164	2005.0101	2005.0101
1411	15	7072	2005.0101	2005.0101
4729	4	23229	2005.0101	2005.0101
41272	4	4310	2005.0101	2005.0101
26147	4	39687	2005.0101	2005.0101
33256	4	17168	2005.0101	2005.0101
21753	4	5359	2005.0101	2005.0101
38137	4	19974	2005.0101	2005.0101
7448	15	10749	2005.0101	2005.0101
35562	4	20064	2005.0101	2005.0101
29511	15	5730	2005.0101	2005.0101
9989	4	17039	2005.0101	2005.0101
20200	4	9926	2005.0101	2005.0101
3637	4	30278	2005.0101	2005.0101
34630	15	12160	2005.0101	2005.0101
9989	4	166	2005.0101	2005.0101
35937	4	2423	2005.0101	2005.0101
22176	15	33393	2005.0101	2005.0101
26729	15	655	2005.0101	2005.0101
22534	15	39857	2005.0101	2005.0101
226	4	2186	2005.0101	2005.0101
32757	9	33475	2005.0101	2005.0101
1719	15	5174	2005.0101	2005.0101
5943	4	14961	2005.0101	2005.0101
31747	4	14567	2005.0101	2005.0101
25234	15	26594	2005.0101	2005.0101
31747	4	9926	2005.0101	2005.0101
21668	4	37538	2005.0101	2005.0101
2254	32	3022	2005.0101	2005.0101
7697	4	42585	2005.0101	2005.0101
16122	4	8174	2005.0101	2005.0101
24712	4	7895	2005.0101	2005.0101
17784	15	7429	2005.0101	2005.0101
16122	4	2545	2005.0101	2005.0101
10316	4	10378	2005.0101	2005.0101
18028	15	1746	2005.0101	2005.0101
24712	4	17601	2005.0101	2005.0101
4194	15	36357	2005.0101	2005.0101
13396	4	3346	2005.0101	2005.0101
1925	4	3729	2005.0101	2005.0101
42638	4	9599	2005.0101	2005.0101
21774	32	4103	2005.0101	2005.0101
17580	15	761	2005.0101	2005.0101
2333	4	2334	2005.0101	2006.0101
4854	4	4855	2005.0101	2006.0101
5170	4	5171	2005.0101	2006.0101
6050	4	6051	2005.0101	2006.0101
7206	4	7207	2005.0101	2006.0101
7824	4	7825	2005.0101	2006.0101
8958	4	8289	2005.0101	2006.0101
10353	4	4730	2005.0101	2006.0101
10829	4	3541	2005.0101	2006.0101
14056	4	12362	2005.0101	2006.0101
14572	4	15163	2005.0101	2006.0101
16576	4	16577	2005.0101	2006.0101
17230	4	17231	2005.0101	2006.0101
17418	4	17419	2005.0101	2006.0101
22199	4	22200	2005.0101	2006.0101
19571	4	6405	2005.0101	2006.0101
19455	4	10349	2005.0101	2006.0101
5976	4	20079	2005.0101	2006.0101
24937	4	100	2005.0101	2006.0101
8060	4	20064	2005.0101	2006.0101
22982	4	2041	2005.0101	2006.0101
38	4	25899	2005.0101	2006.0101
2440	4	848	2005.0101	2006.0101
4329	4	12332	2005.0101	2006.0101
24401	4	7993	2005.0101	2006.0101
28215	4	23920	2005.0101	2006.0101
9989	4	13619	2005.0101	2006.0101
23417	4	28922	2005.0101	2006.0101
4440	4	22216	2005.0101	2006.0101
1925	4	4356	2005.0101	2006.0101
29376	4	28026	2005.0101	2006.0101
29568	4	29569	2005.0101	2006.0101
8504	4	5167	2005.0101	2006.0101
20470	4	616	2005.0101	2006.0101
20211	4	28250	2005.0101	2006.0101
32054	4	22180	2005.0101	2006.0101
28403	4	155	2005.0101	2006.0101
19702	4	28767	2005.0101	2006.0101
7722	4	7723	2005.0101	2006.0101
3456	4	23920	2005.0101	2006.0101
32572	4	21704	2005.0101	2006.0101
33256	4	30208	2005.0101	2006.0101
24299	4	13958	2005.0101	2006.0101
13426	4	23225	2005.0101	2006.0101
16327	4	15190	2005.0101	2006.0101
22008	4	33881	2005.0101	2006.0101
4284	4	11817	2005.0101	2006.0101
21959	4	23225	2005.0101	2006.0101
8069	4	12618	2005.0101	2006.0101
6929	4	13431	2005.0101	2006.0101
14148	4	4594	2005.0101	2006.0101
17703	4	10340	2005.0101	2006.0101
33184	4	34983	2005.0101	2006.0101
34994	4	14937	2005.0101	2006.0101
7089	4	9258	2005.0101	2006.0101
24476	4	18890	2005.0101	2006.0101
21053	4	20437	2005.0101	2006.0101
19474	4	4999	2005.0101	2006.0101
21859	4	15673	2005.0101	2006.0101
31747	4	14567	2005.0101	2006.0101
32284	4	36711	2005.0101	2006.0101
37057	4	21410	2005.0101	2006.0101
1287	4	11084	2005.0101	2006.0101
25458	4	15165	2005.0101	2006.0101
6857	4	6405	2005.0101	2006.0101
38090	4	172	2005.0101	2006.0101
13138	4	2924	2005.0101	2006.0101
38343	4	18890	2005.0101	2006.0101
22901	4	19652	2005.0101	2006.0101
38661	4	23315	2005.0101	2006.0101
6129	4	2239	2005.0101	2006.0101
4297	4	8328	2005.0101	2006.0101
21744	4	16151	2005.0101	2006.0101
3253	4	5359	2005.0101	2006.0101
11264	4	4376	2005.0101	2006.0101
31882	4	16134	2005.0101	2006.0101
12651	4	6646	2005.0101	2006.0101
7470	4	18859	2005.0101	2006.0101
25160	4	6827	2005.0101	2006.0101
3315	4	1312	2005.0101	2006.0101
23650	4	30208	2005.0101	2006.0101
3669	4	1271	2005.0101	2006.0101
5012	4	16700	2005.0101	2006.0101
24349	4	20206	2005.0101	2006.0101
20104	4	4298	2005.0101	2006.0101
18098	4	13619	2005.0101	2006.0101
23587	4	5136	2005.0101	2006.0101
7680	4	28026	2005.0101	2006.0101
24443	4	4376	2005.0101	2006.0101
30840	4	12737	2005.0101	2006.0101
39228	19	31535	2005.0101	2006.0101
20874	4	10296	2005.0101	2006.0101
21307	4	10861	2005.0101	2006.0101
26572	4	25111	2005.0101	2006.0101
33859	4	10547	2005.0101	2006.0101
9335	4	13981	2005.0101	2006.0101
15389	4	9971	2005.0101	2006.0101
30405	4	17168	2005.0101	2006.0101
14108	4	27909	2005.0101	2006.0101
18529	4	27339	2005.0101	2006.0101
26201	4	11797	2005.0101	2006.0101
39171	4	15873	2005.0101	2006.0101
28522	4	16617	2005.0101	2006.0101
21216	4	17972	2005.0101	2006.0101
4512	4	26123	2005.0101	2006.0101
16810	4	32970	2005.0101	2006.0101
24062	4	15047	2005.0101	2006.0101
9515	4	5747	2005.0101	2006.0101
8720	4	7578	2005.0101	2006.0101
16932	4	20387	2005.0101	2006.0101
24776	4	39355	2005.0101	2006.0101
30440	4	1952	2005.0101	2006.0101
3025	4	1781	2005.0101	2006.0101
8367	4	13960	2005.0101	2006.0101
13444	4	16975	2005.0101	2006.0101
19256	4	15151	2005.0101	2006.0101
38004	4	16151	2005.0101	2006.0101
3791	4	155	2005.0101	2006.0101
20564	4	13518	2005.0101	2006.0101
33991	4	6890	2005.0101	2006.0101
10247	4	21503	2005.0101	2006.0101
15768	4	8061	2005.0101	2006.0101
13335	4	41745	2005.0101	2006.0101
27927	4	4196	2005.0101	2006.0101
38345	4	21218	2005.0101	2006.0101
25668	4	21308	2005.0101	2006.0101
7746	4	1866	2005.0101	2006.0101
9748	4	24283	2005.0101	2006.0101
35461	4	4160	2005.0101	2006.0101
29074	4	8117	2005.0101	2006.0101
11740	4	24477	2005.0101	2006.0101
9864	4	6405	2005.0101	2006.0101
6929	4	25111	2005.0101	2006.0101
11156	4	32041	2005.0101	2006.0101
13959	4	9584	2005.0101	2006.0101
9131	4	3110	2005.0101	2006.0101
38351	4	11632	2005.0101	2006.0101
193	4	2609	2005.0101	2006.0101
35617	4	9038	2005.0101	2006.0101
16174	4	12519	2005.0101	2006.0101
24085	4	1792	2005.0101	2006.0101
4959	4	36145	2005.0101	2006.0101
11083	4	33386	2005.0101	2006.0101
22315	4	5307	2005.0101	2006.0101
32883	4	8876	2005.0101	2006.0101
25356	4	13958	2005.0101	2006.0101
5995	4	4580	2005.0101	2006.0101
24166	4	18814	2005.0101	2006.0101
39496	4	5975	2005.0101	2006.0101
29615	4	15190	2005.0101	2006.0101
24428	4	40397	2005.0101	2006.0101
20891	4	288	2005.0101	2006.0101
3467	4	25066	2005.0101	2006.0101
30687	4	399	2005.0101	2006.0101
20891	4	11084	2005.0101	2006.0101
9160	4	25307	2005.0101	2006.0101
31701	4	15190	2005.0101	2006.0101
34818	4	20177	2005.0101	2006.0101
37530	4	41764	2005.0101	2006.0101
34353	4	390	2005.0101	2006.0101
2419	4	7572	2005.0101	2006.0101
11804	4	21015	2005.0101	2006.0101
31725	4	23811	2005.0101	2006.0101
24518	4	32128	2005.0101	2006.0101
19569	4	4608	2005.0101	2006.0101
9533	4	8437	2005.0101	2006.0101
15519	4	13016	2005.0101	2006.0101
19474	4	21822	2005.0101	2006.0101
14622	4	4324	2005.0101	2006.0101
17703	4	15413	2005.0101	2006.0101
19469	4	12362	2005.0101	2006.0101
13430	4	37526	2005.0101	2006.0101
790	4	5937	2005.0101	2006.0101
27338	4	29851	2005.0101	2006.0101
22772	4	4390	2005.0101	2006.0101
13054	4	937	2005.0101	2006.0101
34989	4	1321	2005.0101	2006.0101
17494	4	5013	2005.0101	2006.0101
40049	4	1620	2005.0101	2006.0101
3647	4	12308	2005.0101	2006.0101
26728	4	35255	2005.0101	2006.0101
20887	4	18037	2005.0101	2006.0101
1546	4	19328	2005.0101	2006.0101
12571	4	10564	2005.0101	2006.0101
24770	4	9912	2005.0101	2006.0101
3072	4	2043	2005.0101	2006.0101
28653	4	24283	2005.0101	2006.0101
21119	4	5359	2005.0101	2006.0101
17140	4	17360	2005.0101	2006.0101
3474	4	8721	2005.0101	2006.0101
23927	4	3076	2005.0101	2006.0101
32379	4	3904	2005.0101	2006.0101
10561	4	3622	2005.0101	2006.0101
18563	4	23730	2005.0101	2006.0101
22375	4	1918	2005.0101	2006.0101
20487	4	16297	2005.0101	2006.0101
38491	4	21700	2005.0101	2006.0101
20928	4	1918	2005.0101	2006.0101
32328	4	39674	2005.0101	2006.0101
4593	4	10819	2005.0101	2006.0101
13517	4	9943	2005.0101	2006.0101
12413	4	28563	2005.0101	2006.0101
3835	4	9280	2005.0101	2006.0101
12149	4	17056	2005.0101	2006.0101
18119	4	38885	2005.0101	2006.0101
25297	4	22030	2005.0101	2006.0101
602	4	42208	2005.0101	2006.0101
9668	4	889	2005.0101	2006.0101
5880	4	13617	2005.0101	2006.0101
28817	4	10821	2005.0101	2006.0101
36119	4	13055	2005.0101	2006.0101
15610	4	28309	2005.0101	2006.0101
13771	4	6455	2005.0101	2006.0101
22867	4	7344	2005.0101	2006.0101
20820	4	28563	2005.0101	2006.0101
18571	4	4077	2005.0101	2006.0101
36762	4	2547	2005.0101	2006.0101
33849	4	9155	2005.0101	2006.0101
24219	4	7492	2005.0101	2006.0101
22316	4	3350	2005.0101	2006.0101
3463	4	11239	2005.0101	2006.0101
22237	4	37084	2005.0101	2006.0101
35726	4	5809	2005.0101	2006.0101
32245	4	42296	2005.0101	2006.0101
22335	4	8437	2005.0101	2006.0101
12008	4	20206	2005.0101	2006.0101
25338	4	1197	2005.0101	2006.0101
24925	4	22216	2005.0101	2006.0101
15288	4	1321	2005.0101	2006.0101
16547	4	27724	2005.0101	2006.0101
1049	4	11745	2005.0101	2006.0101
14634	4	1128	2005.0101	2006.0101
10247	4	12407	2005.0101	2006.0101
2073	4	10378	2005.0101	2006.0101
31535	19	39228	2005.0101	2006.0101
25116	4	18618	2005.0101	2006.0101
26215	4	13991	2005.0101	2006.0101
18143	4	17724	2005.0101	2006.0101
4693	4	1100	2005.0101	2006.0101
28118	4	11797	2005.0101	2006.0101
3323	4	13981	2005.0101	2006.0101
8988	4	12443	2005.0101	2006.0101
116	4	18990	2005.0101	2006.0101
7202	4	1326	2005.0101	2006.0101
32331	4	32386	2005.0101	2006.0101
16234	4	16205	2005.0101	2006.0101
10043	4	27041	2005.0101	2006.0101
33065	4	11413	2005.0101	2006.0101
19921	4	40489	2005.0101	2006.0101
2440	4	26407	2005.0101	2006.0101
12411	4	27339	2005.0101	2006.0101
18197	4	14573	2005.0101	2006.0101
35344	4	32950	2005.0101	2006.0101
2098	4	5151	2005.0101	2006.0101
12411	4	21254	2005.0101	2006.0101
25282	4	1374	2005.0101	2006.0101
20267	4	21532	2005.0101	2006.0101
34484	4	8636	2005.0101	2006.0101
11754	4	1271	2005.0101	2006.0101
31922	4	16631	2005.0101	2006.0101
31747	4	983	2005.0101	2006.0101
4543	4	11744	2005.0101	2006.0101
32200	4	12011	2005.0101	2006.0101
30010	4	36145	2005.0101	2006.0101
10316	4	18047	2005.0101	2006.0101
12991	4	5827	2005.0101	2006.0101
17090	4	1374	2005.0101	2006.0101
8708	4	41764	2005.0101	2006.0101
873	4	3204	2005.0101	2006.0101
21560	4	5832	2005.0101	2006.0101
39189	4	10845	2005.0101	2006.0101
4145	4	16331	2005.0101	2006.0101
27669	4	9344	2005.0101	2006.0101
9382	4	7432	2005.0101	2006.0101
34117	4	27339	2005.0101	2006.0101
30454	4	16297	2005.0101	2006.0101
19785	4	26009	2005.0101	2006.0101
5473	70	12349	2005.0101	2006.0331
5135	4	5136	2005.0101	2007.0101
9026	4	9027	2005.0101	2007.0101
9794	4	9795	2005.0101	2007.0101
3923	4	8205	2005.0101	2007.0101
14671	4	12607	2005.0101	2007.0101
5823	4	17927	2005.0101	2007.0101
18569	4	3638	2005.0101	2007.0101
20021	4	7125	2005.0101	2007.0101
20570	4	13087	2005.0101	2007.0101
22152	4	6669	2005.0101	2007.0101
16683	4	4796	2005.0101	2007.0101
10469	4	11170	2005.0101	2007.0101
7124	4	7125	2005.0101	2007.0101
25779	4	3204	2005.0101	2007.0101
26988	4	29221	2005.0101	2007.0101
20473	4	13361	2005.0101	2007.0101
31195	4	21266	2005.0101	2007.0101
24605	4	27825	2005.0101	2007.0101
23749	4	26456	2005.0101	2007.0101
32153	4	32154	2005.0101	2007.0101
31341	4	16195	2005.0101	2007.0101
17924	4	13099	2005.0101	2007.0101
27485	4	12725	2005.0101	2007.0101
11804	4	2935	2005.0101	2007.0101
31065	4	4614	2005.0101	2007.0101
11727	4	3750	2005.0101	2007.0101
18992	4	10779	2005.0101	2007.0101
35778	4	20328	2005.0101	2007.0101
31369	4	10668	2005.0101	2007.0101
7764	4	6664	2005.0101	2007.0101
18649	4	28206	2005.0101	2007.0101
23822	4	8475	2005.0101	2007.0101
19336	4	30830	2005.0101	2007.0101
14107	4	899	2005.0101	2007.0101
12512	4	23622	2005.0101	2007.0101
15741	4	2135	2005.0101	2007.0101
15834	4	3900	2005.0101	2007.0101
5122	4	16202	2005.0101	2007.0101
29277	4	10368	2005.0101	2007.0101
30951	4	19470	2005.0101	2007.0101
2215	4	2216	2005.0101	2007.0101
20892	4	2609	2005.0101	2007.0101
27562	4	10705	2005.0101	2007.0101
29794	4	5035	2005.0101	2007.0101
14954	4	9599	2005.0101	2007.0101
34339	4	376	2005.0101	2007.0101
30594	4	11288	2005.0101	2007.0101
9653	4	11084	2005.0101	2007.0101
32545	4	1040	2005.0101	2007.0101
30695	4	5068	2005.0101	2007.0101
4290	4	20387	2005.0101	2007.0101
15854	4	8581	2005.0101	2007.0101
11379	4	31339	2005.0101	2007.0101
19336	4	12986	2005.0101	2007.0101
5808	4	5809	2005.0101	2007.0101
11764	4	10799	2005.0101	2007.0101
23985	4	7207	2005.0101	2007.0101
12732	4	18037	2005.0101	2007.0101
34482	4	20505	2005.0101	2007.0101
26164	4	18144	2005.0101	2007.0101
14734	4	2074	2005.0101	2007.0101
3366	4	6470	2005.0101	2007.0101
4622	4	34559	2005.0101	2007.0101
41741	4	15706	2005.0101	2007.0101
41774	4	15818	2005.0101	2007.0101
1677	4	1051	2005.0101	2007.0101
9882	4	26721	2005.0101	2007.0101
31990	4	3013	2005.0101	2007.0101
30350	4	21669	2005.0101	2007.0101
19475	4	8310	2005.0101	2007.0101
17293	4	15632	2005.0101	2007.0101
36082	4	18859	2005.0101	2007.0101
31337	4	2982	2005.0101	2007.0101
20698	4	7227	2005.0101	2007.0101
30828	4	8548	2005.0101	2007.0101
24523	4	37126	2005.0101	2007.0101
23875	4	1197	2005.0101	2007.0101
23758	4	6339	2005.0101	2007.0101
4175	4	4125	2005.0101	2007.0101
41588	4	1866	2005.0101	2007.0101
13569	4	12523	2005.0101	2007.0101
32373	4	20969	2005.0101	2007.0101
80	4	41844	2005.0101	2007.0101
18456	4	9113	2005.0101	2007.0101
41860	4	27672	2005.0101	2007.0101
20821	4	20954	2005.0101	2007.0101
16862	4	5660	2005.0101	2007.0101
23655	4	8727	2005.0101	2007.0101
34614	4	28563	2005.0101	2007.0101
2559	4	260	2005.0101	2007.0101
36530	4	22612	2005.0101	2007.0101
19378	4	413	2005.0101	2007.0101
14800	4	10778	2005.0101	2007.0101
11174	4	7914	2005.0101	2007.0101
36191	4	5975	2005.0101	2007.0101
28707	4	28708	2005.0101	2007.0101
2594	4	19784	2005.0101	2007.0101
13131	4	38572	2005.0101	2007.0101
27581	4	9185	2005.0101	2007.0101
17726	4	9749	2005.0101	2007.0101
29063	4	13704	2005.0101	2007.0101
35162	4	27715	2005.0101	2007.0101
35586	4	13597	2005.0101	2007.0101
34339	4	12407	2005.0101	2007.0101
34734	4	34735	2005.0101	2007.0101
177	4	13619	2005.0101	2007.0101
6585	4	3750	2005.0101	2007.0101
27121	4	10821	2005.0101	2007.0101
32601	4	16096	2005.0101	2007.0101
36977	4	29597	2005.0101	2007.0101
27313	4	5359	2005.0101	2007.0101
31154	4	18890	2005.0101	2007.0101
5856	4	370	2005.0101	2007.0101
31076	4	487	2005.0101	2007.0101
38324	4	28708	2005.0101	2007.0101
26474	4	6807	2005.0101	2007.0101
9996	4	4807	2005.0101	2007.0101
31967	4	17118	2005.0101	2007.0101
10512	4	9227	2005.0101	2007.0101
25954	4	30135	2005.0101	2007.0101
24516	4	9591	2005.0101	2007.0101
15358	4	10564	2005.0101	2007.0101
11044	4	10073	2005.0101	2007.0101
42472	4	26948	2005.0101	2007.0101
31412	4	13087	2005.0101	2007.0101
17514	4	13886	2005.0101	2007.0101
3637	4	20079	2005.0101	2007.0101
22225	4	13147	2005.0101	2007.0101
6933	4	23383	2005.0101	2007.0101
18649	4	5701	2005.0101	2007.0101
19284	4	6679	2005.0101	2007.0101
16678	4	6405	2005.0101	2007.0101
20620	4	35084	2005.0101	2007.0101
7360	4	581	2005.0101	2007.0101
30496	4	30252	2005.0101	2007.0101
23470	4	31893	2005.0101	2007.0101
14769	4	32823	2005.0101	2007.0101
20761	143	5942	2005.0101	2007.0601
26341	17	14344	2005.0101	2007.0616
3277	4	1326	2005.0101	2008.0101
9478	4	6216	2005.0101	2008.0101
12008	4	6741	2005.0101	2008.0101
13396	4	13397	2005.0101	2008.0101
14118	4	14119	2005.0101	2008.0101
18620	4	18621	2005.0101	2008.0101
2093	4	22345	2005.0101	2008.0101
24657	4	11520	2005.0101	2008.0101
29863	4	29864	2005.0101	2008.0101
30881	4	29560	2005.0101	2008.0101
36863	4	24889	2005.0101	2008.0101
5650	4	20029	2005.0101	2008.0101
24332	4	10513	2005.0101	2008.0101
10536	4	38585	2005.0101	2008.0101
24992	4	11599	2005.0101	2008.0101
31791	4	14979	2005.0101	2008.0101
13177	4	16058	2005.0101	2008.0101
6951	4	26123	2005.0101	2008.0101
9719	4	3541	2005.0101	2008.0101
16169	4	522	2005.0101	2008.0101
29673	4	39707	2005.0101	2008.0101
26336	4	15090	2005.0101	2008.0101
1047	4	1048	2005.0101	2008.0101
31410	4	14167	2005.0101	2008.0101
23489	4	15039	2005.0101	2008.0101
14201	4	5706	2005.0101	2008.0101
6966	4	1945	2005.0101	2008.0101
35773	4	5591	2005.0101	2008.0101
29122	4	35673	2005.0101	2008.0101
40114	4	12607	2005.0101	2008.0101
4479	4	15584	2005.0101	2008.0101
10549	4	10981	2005.0101	2008.0101
23224	4	10987	2005.0101	2008.0101
24972	4	10575	2005.0101	2008.0101
17656	4	33386	2005.0101	2008.0101
27188	4	16195	2005.0101	2008.0101
40823	4	21822	2005.0101	2008.0101
17819	4	5311	2005.0101	2008.0101
9954	4	18618	2005.0101	2008.0101
3756	4	11744	2005.0101	2008.0101
3495	4	7008	2005.0101	2008.0101
28771	4	8542	2005.0101	2008.0101
9301	4	4285	2005.0101	2008.0101
4526	4	6296	2005.0101	2008.0101
10252	4	5134	2005.0101	2008.0101
2516	4	1690	2005.0101	2008.0101
21437	4	9347	2005.0101	2008.0101
13703	4	13862	2005.0101	2008.0101
2405	4	12247	2005.0101	2008.0101
21238	4	12978	2005.0101	2008.0101
12711	4	39987	2005.0101	2008.0101
9907	4	359	2005.0101	2008.0101
32516	4	21199	2005.0101	2008.0101
17633	4	17366	2005.0101	2008.0101
25512	4	7398	2005.0101	2008.0101
25394	4	15360	2005.0101	2008.0101
8135	4	1646	2005.0101	2008.0101
3218	4	12792	2005.0101	2008.0101
25874	4	13427	2005.0101	2008.0101
27962	4	12792	2005.0101	2008.0101
20077	4	26407	2005.0101	2008.0101
17926	4	17869	2005.0101	2008.0101
10723	4	319	2005.0101	2008.0101
29129	4	16331	2005.0101	2008.0101
29558	4	8876	2005.0101	2008.0101
27047	4	2443	2005.0101	2008.0101
9329	4	4568	2005.0101	2008.0101
40519	4	5722	2005.0101	2008.0101
12361	4	11632	2005.0101	2008.0101
4295	4	39373	2005.0101	2008.0101
35275	4	3857	2005.0101	2008.0101
35737	4	983	2005.0101	2008.0101
3848	4	429	2005.0101	2009.0101
8448	4	8449	2005.0101	2009.0101
18481	4	3108	2005.0101	2009.0101
19716	4	7162	2005.0101	2009.0101
23457	4	8727	2005.0101	2009.0101
18371	4	2982	2005.0101	2009.0101
30118	4	4979	2005.0101	2009.0101
26579	4	25429	2005.0101	2009.0101
16444	4	32712	2005.0101	2009.0101
35028	4	26185	2005.0101	2009.0101
16715	4	28502	2005.0101	2009.0101
36191	4	2609	2005.0101	2009.0101
10667	4	11427	2005.0101	2009.0101
3059	4	37881	2005.0101	2009.0101
15564	4	20177	2005.0101	2009.0101
37545	4	2809	2005.0101	2009.0101
3154	4	5660	2005.0101	2009.0101
35150	19	7843	2005.0101	2009.0101
22922	4	7047	2005.0101	2009.0101
14981	4	29591	2005.0101	2009.0101
16174	4	36658	2005.0101	2009.0101
4946	4	4807	2005.0101	2009.0101
2051	4	29109	2005.0101	2009.0101
39689	4	5134	2005.0101	2009.0101
40500	4	18326	2005.0101	2009.0101
16174	4	354	2005.0101	2009.0101
19132	4	429	2005.0101	2009.0101
28959	4	13704	2005.0101	2009.0101
631	4	8542	2005.0101	2009.0101
9014	4	1945	2005.0101	2009.0101
22240	4	11170	2005.0101	2009.0101
15532	4	1676	2005.0101	2009.0101
4156	4	39641	2005.0101	2009.0101
12317	4	1128	2005.0101	2009.0101
30347	4	31377	2005.0101	2009.0101
2770	43	41180	2005.0101	2009.0101
12632	4	21515	2005.0101	2009.0101
8386	4	260	2005.0101	2009.0101
3441	4	1676	2005.0101	2009.0101
7365	4	5946	2005.0101	2010.0101
4051	4	4077	2005.0101	2010.0101
11883	4	2928	2005.0101	2010.0101
14990	4	5937	2005.0101	2010.0101
2562	4	17750	2005.0101	2010.0101
40510	4	9916	2005.0101	2010.0101
24260	4	260	2005.0101	2010.0101
41758	4	40754	2005.0101	2010.0101
17868	4	9916	2005.0101	2010.0101
12348	4	19630	2005.0101	2010.0101
6885	4	16058	2005.0101	2010.0101
39882	4	31377	2005.0101	2010.0101
7614	4	15047	2005.0101	2010.0101
42258	4	14279	2005.0101	2010.0101
9235	4	552	2005.0101	2010.0101
19480	4	22450	2005.0101	2010.0101
20107	4	1920	2005.0101	2010.0101
16974	4	413	2005.0101	2010.0101
7259	4	6405	2005.0101	2011.0101
34205	4	34206	2005.0101	2011.0101
28142	4	14984	2005.0101	2011.0101
25223	4	14984	2005.0101	2011.0101
33955	4	21218	2005.0101	2011.0101
10122	4	5960	2005.0101	2011.0101
35530	4	16760	2005.0101	2011.0101
21244	4	522	2005.0101	2011.0101
19501	4	22599	2005.0101	2011.0101
10590	4	4475	2005.0101	2011.0101
24922	4	13139	2005.0101	2011.0101
2896	4	39355	2005.0101	2011.0101
39241	4	4030	2005.0101	2011.0101
37089	4	91	2005.0101	2011.0101
22863	4	4030	2005.0101	2012.0101
31201	4	18814	2005.0101	2012.0101
4214	4	6405	2005.0101	2012.0101
26199	4	1048	2005.0101	2012.0101
40696	4	13563	2005.0101	2012.0101
16071	4	2000	2005.0101	2012.0101
24527	4	14025	2005.0101	2012.0101
31609	4	13139	2005.0101	2012.0101
17557	4	38180	2005.0101	2012.0101
18023	4	25977	2005.0101	2012.0101
26554	4	390	2005.0101	2012.0101
19456	19	24791	2005.0101	2013.0101
12651	4	1040	2005.0101	2013.0101
24791	19	19456	2005.0101	2013.0101
25786	4	10880	2005.0101	2013.0101
6208	4	178	2005.0101	2014.0101
15676	4	4125	2005.0101	2014.0101
40603	4	20029	2005.0101	2014.0101
14544	4	15873	2005.0101	2014.0101
3203	4	14119	2005.0101	2014.0101
6208	4	2809	2005.0101	2014.0101
7199	19	22510	2005.0101	2015.0
22510	19	7199	2005.0101	2015.0
19909	19	1622	2005.0101	2015.0
25868	4	21563	2005.0101	2015.0101
13180	4	13607	2005.0101	2015.0101
22412	4	3671	2005.0101	2015.0101
27520	43	27519	2005.0101	2016.0
27519	43	27520	2005.0101	2016.0
4854	4	21563	2005.0101	2016.0
19461	19	12299	2005.0101	2018.0
21249	4	29286	2005.0111	2005.0111
21249	4	3911	2005.0111	2006.0627
15001	15	26834	2005.0113	2005.0113
14585	4	5044	2005.0113	2011.0728
8263	7	590	2005.0117	2005.0117
3383	15	5585	2005.0117	2005.0117
6306	44	2118	2005.0118	2005.0118
34731	17	14344	2005.0122	2005.06
12696	17	14344	2005.0122	2007.0616
1723	62	25559	2005.0123	2010.0225
25559	41	23813	2005.0123	2010.0225
794	41	302	2005.0124	2005.1018
15888	4	10985	2005.0125	2005.0604
440	25	7562	2005.02	2005.02
10764	135	5255	2005.02	2006.06
33780	38	2054	2005.02	2008.1113
20469	4	9192	2005.0202	2006.0531
988	32	41099	2005.0208	2005.0208
30898	41	9884	2005.0208	2005.0208
14635	41	9884	2005.0208	2005.0208
5121	19	36923	2005.0211	2008.02
36923	19	5121	2005.0211	2009.0101
8263	7	620	2005.0217	2005.0217
10101	41	7393	2005.03	2005.03
1136	32	38178	2005.0301	2005.0301
38178	32	1136	2005.0301	2005.0301
814	25	25984	2005.0309	2005.0309
30338	15	526	2005.0312	2005.0312
15852	25	1577	2005.0317	2005.0317
30265	4	9825	2005.0325	2010.1202
7801	25	22958	2005.04	2006.06
21791	4	18307	2005.0405	2012.1003
4353	40	5504	2005.0408	2005.0408
14776	19	39164	2005.0409	2005.0409
1642	70	5093	2005.0412	2014.0326
2648	9	14635	2005.0412	2015.0628
2423	123	38332	2005.0413	2010.033
36704	4	29286	2005.0414	2005.1015
6016	32	12296	2005.0418	2005.0418
12296	32	6016	2005.0418	2005.0418
15714	18	876	2005.0423	2018.1114
9285	17	25864	2005.0424	2005.0424
16736	25	2636	2005.0425	2005.0425
35797	41	40654	2005.0426	2006.0516
3550	32	6015	2005.043	2005.043
6015	32	3550	2005.043	2005.043
33900	143	17000	2005.05	2011.02
21948	25	21949	2005.0504	2016.0228
7963	15	7851	2005.0505	2005.0505
12780	32	1833	2005.0507	2005.0507
24705	41	718	2005.0512	2009.0713
31775	19	2152	2005.0512	2010.11
2152	19	31775	2005.0512	2010.1101
17861	25	3136	2005.0519	2005.0519
40375	61	12806	2005.0519	2005.0519
8263	7	637	2005.052	2005.052
18399	15	26023	2005.0523	2005.0523
5829	15	26023	2005.0523	2005.0523
35883	41	718	2005.0525	2009.0713
38517	25	142	2005.0526	2005.0526
37269	25	142	2005.0526	2005.0526
37269	15	1650	2005.0526	2005.0526
25827	4	6648	2005.0526	2011.0719
1748	32	4834	2005.0527	2005.0527
4834	32	1748	2005.0527	2005.0527
3288	4	2785	2005.0528	2005.1206
26247	41	4912	2005.0531	2008.0316
34731	17	12929	2005.06	2007.0616
24015	197	27230	2005.06	2012.06
928	32	6028	2005.0601	2005.0601
6028	32	928	2005.0601	2005.0601
4299	25	2483	2005.0601	2005.0601
5751	32	12452	2005.0609	2005.0609
12452	32	5751	2005.0609	2005.0609
17001	4	5044	2005.0609	2007.073
15888	4	15889	2005.061	2005.1015
29285	4	111	2005.061	2007.0616
1470	4	111	2005.061	2009.0731
38409	4	9975	2005.0611	2005.0611
39389	4	27344	2005.0611	2010.0203
13882	4	20396	2005.0613	2007.1204
28401	32	105	2005.0614	2005.0614
105	32	28401	2005.0614	2005.0614
6778	32	11300	2005.0614	2005.0614
34078	15	39396	2005.0614	2005.0614
24871	32	6810	2005.0615	2005.0615
6810	32	24871	2005.0615	2005.0615
7132	25	652	2005.0616	2005.0616
19440	21	613	2005.0617	2005.0617
34721	4	6880	2005.0617	2009.0202
25842	4	3911	2005.0617	2009.073
35040	4	20396	2005.0617	2012.0414
23595	80	18227	2005.0622	2010.0714
18227	41	23595	2005.0622	2010.0714
7277	70	18227	2005.0622	2010.0714
30908	32	12610	2005.0625	2005.0625
12610	32	30908	2005.0625	2005.0625
4353	116	10324	2005.0628	2005.0628
17080	170	8721	2005.07	2005.12
39408	4	10670	2005.0701	2005.0701
26110	41	7796	2005.0701	2011.063
37938	4	3911	2005.0714	2005.0714
9932	19	14439	2005.0716	2010.06
14439	19	9932	2005.0716	2010.06
38677	19	22074	2005.0717	2011.0629
22074	19	38677	2005.0717	2011.0629
3653	64	36944	2005.072	2005.072
10069	19	30173	2005.073	2005.073
30173	19	10069	2005.073	2005.073
8396	4	28494	2005.0801	2005.1231
12682	19	12681	2005.0801	2007.07
12681	19	12682	2005.0801	2007.0701
5443	41	12784	2005.0801	2015.0123
40683	4	221	2005.0803	2008.0
504	40	5725	2005.0805	2005.0805
11489	70	15391	2005.0808	2017.0926
26756	40	5504	2005.0809	2005.0809
36066	21	13	2005.0817	2005.0817
32162	15	16397	2005.0823	2005.0823
4147	19	17238	2005.0827	2005.0827
1901	15	4060	2005.09	2005.09
36071	15	69	2005.09	2005.09
35555	4	33442	2005.0901	2011.0228
5096	14	20400	2005.0901	2011.0601
5701	123	31490	2005.0902	2007.0413
33032	19	38887	2005.0917	2005.0917
38887	19	33032	2005.0917	2005.0917
23979	70	41282	2005.0922	2005.0922
9579	41	302	2005.1018	2009.0928
36683	41	302	2005.1018	2009.1017
8949	41	302	2005.1018	2009.1027
8953	41	302	2005.1018	2009.1027
22779	41	302	2005.1018	2009.1027
25425	41	302	2005.1018	2009.1027
22613	41	302	2005.1018	2009.1027
7078	41	302	2005.1018	2009.1027
24433	41	302	2005.1018	2009.1027
22436	41	302	2005.1018	2009.1027
1893	41	302	2005.1018	2009.1027
35061	41	302	2005.1018	2009.1027
2828	41	302	2005.1018	2009.1027
36888	41	302	2005.1018	2009.1027
26246	41	302	2005.1018	2009.1027
10816	41	302	2005.1018	2009.1027
12696	41	302	2005.1018	2009.1027
17900	41	302	2005.1018	2009.1027
3009	41	302	2005.1018	2009.1027
30412	41	302	2005.1018	2009.1027
15711	41	302	2005.1018	2009.1027
14646	41	302	2005.1018	2009.1027
17424	41	302	2005.1018	2009.1027
29749	41	302	2005.1018	2009.1027
25390	41	302	2005.1018	2009.1027
36369	41	302	2005.1018	2009.1027
13791	41	302	2005.1018	2009.1027
37663	41	302	2005.1018	2009.1027
3406	41	302	2005.1018	2009.1027
20302	41	302	2005.1018	2009.1027
26214	41	302	2005.1018	2009.1027
40277	41	302	2005.1018	2009.1027
27594	41	302	2005.1018	2009.1027
8443	41	302	2005.1018	2009.1027
38411	41	302	2005.1018	2009.1027
29059	41	302	2005.1018	2009.1027
26017	41	302	2005.1018	2009.1027
7355	41	302	2005.1018	2009.1027
20707	41	302	2005.1018	2009.1027
3656	41	302	2005.1018	2009.1027
13804	41	302	2005.1018	2009.1027
10269	41	302	2005.1018	2009.1027
34731	41	302	2005.1018	2009.1027
31156	41	302	2005.1018	2009.1027
12205	41	302	2005.1018	2009.1027
27506	41	302	2005.1018	2009.1027
17161	41	302	2005.1018	2009.1027
17402	41	302	2005.1018	2009.1027
38371	41	302	2005.1018	2009.1027
11874	41	302	2005.1018	2009.1027
10390	41	302	2005.1018	2009.1027
26341	41	302	2005.1018	2009.1027
30826	41	302	2005.1018	2009.1027
19694	41	302	2005.1018	2009.1027
13191	41	302	2005.1018	2009.1027
10102	41	302	2005.1018	2009.1027
30305	41	302	2005.1018	2009.1027
5782	41	302	2005.1018	2009.1027
19311	41	302	2005.1018	2009.1027
5180	41	302	2005.1018	2009.1027
32353	41	302	2005.1018	2009.1027
19243	41	302	2005.1018	2009.1027
6142	41	302	2005.1018	2009.1027
3047	41	302	2005.1018	2009.1027
9642	41	302	2005.1018	2009.1027
37237	41	302	2005.1018	2009.1027
4092	41	302	2005.1018	2009.1027
7951	41	302	2005.1018	2009.1027
25184	41	302	2005.1018	2009.1027
36683	41	302	2005.1018	2009.1027
14543	41	302	2005.1018	2009.1027
8263	7	2647	2005.1025	2005.1025
27918	93	29645	2005.1027	2005.1027
47	70	1452	2005.1031	2006.0714
1452	41	18199	2005.1031	2006.0714
31829	41	17071	2005.1101	2006.1031
27753	41	10848	2005.1101	2008.0901
9903	41	9821	2005.1102	2005.1102
128	32	12296	2005.1104	2005.1104
17251	15	526	2005.1111	2005.1111
28803	4	20396	2005.1114	2007.1212
4046	9	39457	2005.1115	2006.041
22312	25	27045	2005.1116	2008.0503
4877	70	8398	2005.1117	2005.1117
613	70	19694	2005.1122	2005.1122
14110	32	1850	2005.1126	2005.1126
1850	32	14110	2005.1126	2005.1126
40919	4	7554	2005.1126	2007.0922
34102	19	24419	2005.12	2005.12
137	29	11375	2005.1201	2005.1201
37070	44	16900	2005.1201	2005.1201
137	29	16900	2005.1201	2005.1201
15885	44	16900	2005.1201	2005.1201
332	32	143	2005.1201	2005.1201
3230	44	16900	2005.1201	2005.1201
11375	12	256	2005.1201	2005.1201
24419	19	34102	2005.1201	2005.1201
16900	70	26086	2005.1201	2012.0428
12299	19	19461	2005.1203	2018.0517
8263	7	724	2005.1205	2005.1205
3288	4	2744	2005.1206	2006.1031
15342	41	38687	2005.1207	2014.0
5751	32	39054	2005.1208	2005.1208
39054	32	5751	2005.1208	2005.1208
12849	25	26986	2005.1208	2015.1208
4207	19	1830	2005.121	2005.121
1830	19	4207	2005.121	2005.121
10591	32	3477	2005.1212	2005.1212
28390	15	2228	2005.1212	2005.1212
10591	32	12017	2005.1212	2005.1212
12017	32	10591	2005.1212	2005.1212
3477	32	10591	2005.1212	2005.1212
38652	4	3560	2005.1212	2009.0624
33987	4	3911	2005.1213	2005.1213
23754	4	2744	2005.1213	2008.1209
5491	4	29286	2005.122	2012.102
15133	32	17289	2005.1221	2005.1221
17289	32	15133	2005.1221	2005.1221
18949	15	982	2005.1221	2005.1221
36542	19	14326	2005.1228	2005.1228
2990	15	2991	2006.0	2006.0
3421	16	3422	2006.0	2006.0
4027	4	4028	2006.0	2006.0
4187	15	4188	2006.0	2006.0
4341	30	4342	2006.0	2006.0
6735	16	6736	2006.0	2006.0
7500	15	7501	2006.0	2006.0
4359	30	4360	2006.0	2006.0
817	15	576	2006.0	2006.0
9838	30	9839	2006.0	2006.0
6736	30	6735	2006.0	2006.0
11633	15	4681	2006.0	2006.0
11643	16	11644	2006.0	2006.0
9747	15	4681	2006.0	2006.0
14077	16	3982	2006.0	2006.0
13342	16	1026	2006.0	2006.0
8787	16	1487	2006.0	2006.0
10325	16	2873	2006.0	2006.0
13625	15	124	2006.0	2006.0
18245	112	18789	2006.0	2006.0
124	30	13186	2006.0	2006.0
9214	16	19860	2006.0	2006.0
1492	30	22052	2006.0	2006.0
426	15	21361	2006.0	2006.0
24745	15	1650	2006.0	2006.0
2232	16	2231	2006.0	2006.0
2629	4	10731	2006.0	2006.0
1459	16	8521	2006.0	2006.0
124	30	26536	2006.0	2006.0
1465	32	6835	2006.0	2006.0
200	16	3696	2006.0	2006.0
8500	15	6266	2006.0	2006.0
21361	30	6443	2006.0	2006.0
1377	16	28144	2006.0	2006.0
29735	4	8205	2006.0	2006.0
11643	16	29993	2006.0	2006.0
200	16	14011	2006.0	2006.0
11633	16	4681	2006.0	2006.0
9877	16	11035	2006.0	2006.0
7976	30	4881	2006.0	2006.0
30683	3	27515	2006.0	2006.0
31204	15	31205	2006.0	2006.0
4498	15	14466	2006.0	2006.0
31722	15	173	2006.0	2006.0
461	30	17871	2006.0	2006.0
27122	15	5739	2006.0	2006.0
6851	16	4987	2006.0	2006.0
173	30	31722	2006.0	2006.0
34289	4	17823	2006.0	2006.0
11824	16	34616	2006.0	2006.0
26224	16	3982	2006.0	2006.0
15005	226	13857	2006.0	2006.0
12365	16	57	2006.0	2006.0
18146	15	4131	2006.0	2006.0
3252	16	7064	2006.0	2006.0
15458	16	15077	2006.0	2006.0
33346	41	3698	2006.0	2006.0
16550	16	7157	2006.0	2006.0
13625	15	4533	2006.0	2006.0
6678	15	8535	2006.0	2006.0
28554	30	31707	2006.0	2006.0
24233	15	14864	2006.0	2006.0
28593	185	35935	2006.0	2006.0
1488	15	24526	2006.0	2006.0
337	30	18146	2006.0	2006.0
24893	41	27311	2006.0	2006.0
36215	15	26834	2006.0	2006.0
28812	32	12780	2006.0	2006.0
14178	15	7429	2006.0	2006.0
2148	32	10414	2006.0	2006.0
20145	15	36879	2006.0	2006.0
12900	16	4676	2006.0	2006.0
24329	21	962	2006.0	2006.0
21452	30	29980	2006.0	2006.0
21361	30	426	2006.0	2006.0
3278	16	2902	2006.0	2006.0
6735	15	6736	2006.0	2006.0
3998	30	35058	2006.0	2006.0
2991	30	2990	2006.0	2006.0
19278	21	13	2006.0	2006.0
12837	30	23713	2006.0	2006.0
9530	16	2491	2006.0	2006.0
26706	15	37846	2006.0	2006.0
4767	15	2476	2006.0	2006.0
33403	15	15977	2006.0	2006.0
22052	15	1492	2006.0	2006.0
13051	30	33131	2006.0	2006.0
22046	30	750	2006.0	2006.0
1459	15	8024	2006.0	2006.0
38418	16	4681	2006.0	2006.0
14106	30	15458	2006.0	2006.0
37166	15	5583	2006.0	2006.0
440	195	11456	2006.0	2006.0
9839	15	9838	2006.0	2006.0
124	30	5089	2006.0	2006.0
35498	17	16490	2006.0	2006.0
6804	94	11893	2006.0	2006.0
1008	4	2480	2006.0	2006.0
13857	30	15005	2006.0	2006.0
27329	4	4037	2006.0	2006.0
31766	3	1017	2006.0	2006.0
1823	16	13672	2006.0	2006.0
35974	15	15678	2006.0	2006.0
20020	16	3696	2006.0	2006.0
15458	16	205	2006.0	2006.0
14512	16	8131	2006.0	2006.0
38759	30	19763	2006.0	2006.0
19304	15	19987	2006.0	2006.0
31950	16	21361	2006.0	2006.0
23333	30	3421	2006.0	2006.0
13186	15	124	2006.0	2006.0
17208	16	38720	2006.0	2006.0
36132	16	4987	2006.0	2006.0
1819	94	20314	2006.0	2006.0
17208	15	461	2006.0	2006.0
3421	16	23333	2006.0	2006.0
8920	15	3730	2006.0	2006.0
20065	3	2763	2006.0	2006.0
5144	15	30589	2006.0	2006.0
5945	15	2228	2006.0	2006.0
28902	3	5626	2006.0	2006.0
18009	94	18445	2006.0	2006.0
2351	30	757	2006.0	2006.0
17871	15	3034	2006.0	2006.0
5007	30	35306	2006.0	2006.0
11960	15	1213	2006.0	2006.0
23706	17	11873	2006.0	2006.0
1208	3	15324	2006.0	2006.0
11300	32	624	2006.0	2006.0
1364	15	4570	2006.0	2006.0
4103	32	16784	2006.0	2006.0
15604	15	4533	2006.0	2006.0
24699	15	12700	2006.0	2006.0
28281	30	70	2006.0	2006.0
3243	30	11451	2006.0	2006.0
24658	30	7714	2006.0	2006.0
16982	15	4335	2006.0	2006.0
36052	15	6250	2006.0	2006.0
20525	25	3689	2006.0	2006.0
15458	16	14106	2006.0	2006.0
3852	15	19625	2006.0	2006.0
15458	16	12700	2006.0	2006.0
4131	30	18146	2006.0	2006.0
21983	170	376	2006.0	2006.0
7638	30	5144	2006.0	2006.0
37384	15	8535	2006.0	2006.0
16567	16	18130	2006.0	2006.0
22562	15	1650	2006.0	2006.0
16647	30	17980	2006.0	2006.0
41018	17	14906	2006.0	2006.0
761	30	3158	2006.0	2006.0
6443	15	21361	2006.0	2006.0
283	30	40915	2006.0	2006.0
1459	16	4118	2006.0	2006.0
7215	41	455	2006.0	2006.0
24256	3	13113	2006.0	2006.0
41738	4	25194	2006.0	2006.0
33532	4	1550	2006.0	2006.0
3852	16	19625	2006.0	2006.0
29735	4	71	2006.0	2006.0
7714	15	24658	2006.0	2006.0
1762	12	1345	2006.0	2006.0
11960	16	1213	2006.0	2006.0
5204	30	29769	2006.0	2006.0
28615	15	22012	2006.0	2006.0
41302	4	3955	2006.0	2006.0
35724	94	15142	2006.0	2006.0
22052	16	32940	2006.0	2006.0
22198	15	2193	2006.0	2006.0
13763	15	15104	2006.0	2006.0
35754	15	14466	2006.0	2006.0
22052	16	1492	2006.0	2006.0
2063	16	3628	2006.0	2006.0
30709	15	8666	2006.0	2006.0
11643	15	29993	2006.0	2006.0
23756	30	32257	2006.0	2006.0
13102	30	25736	2006.0	2006.0
9484	94	203	2006.0	2006.0
9658	30	39731	2006.0	2006.0
11643	16	7395	2006.0	2006.0
8786	16	1460	2006.0	2006.0
9484	94	2269	2006.0	2006.0
31707	15	28554	2006.0	2006.0
1019	30	1020	2006.0	2006.0
4570	30	1364	2006.0	2006.0
23806	16	2666	2006.0	2006.0
1823	15	7064	2006.0	2006.0
14214	32	9796	2006.0	2006.0
4360	16	4359	2006.0	2006.0
1459	16	8024	2006.0	2006.0
1061	15	4088	2006.0	2006.0
40375	143	32768	2006.0	2006.0
20518	15	30115	2006.0	2006.0
4360	15	4359	2006.0	2006.0
1823	16	10772	2006.0	2006.0
17304	4	38036	2006.0	2006.0
2775	30	29002	2006.0	2006.0
1459	15	8521	2006.0	2006.0
1823	16	7064	2006.0	2006.0
25550	15	1650	2006.0	2006.0
3422	30	15458	2006.0	2006.0
32694	15	21088	2006.0	2006.0
4881	15	7976	2006.0	2006.0
5739	30	27122	2006.0	2006.0
33011	14	17515	2006.0	2006.0
11300	32	8335	2006.0	2006.0
41552	15	2731	2006.0	2006.0
32257	15	23756	2006.0	2006.0
124	30	13625	2006.0	2006.0
35058	15	3998	2006.0	2006.0
21767	30	1364	2006.0	2006.0
41578	3	37195	2006.0	2006.0
31153	15	15281	2006.0	2006.0
37269	15	33562	2006.0	2006.0
21780	15	9053	2006.0	2006.0
16647	30	15300	2006.0	2006.0
10765	15	1650	2006.0	2006.0
10765	25	142	2006.0	2006.0
1601	15	8257	2006.0	2006.0
223	15	23720	2006.0	2006.0
30980	15	3620	2006.0	2006.0
28316	15	8535	2006.0	2006.0
2421	15	14446	2006.0	2006.0
42162	25	142	2006.0	2006.0
22440	15	26659	2006.0	2006.0
12053	32	8963	2006.0	2006.0
7500	16	7501	2006.0	2006.0
36287	3	11579	2006.0	2006.0
1601	16	8257	2006.0	2006.0
6144	17	26779	2006.0	2006.0
2990	16	2991	2006.0	2006.0
27923	16	1487	2006.0	2006.0
16592	41	1339	2006.0	2006.0
6740	21	962	2006.0	2006.0
3172	30	42203	2006.0	2006.0
9117	15	3034	2006.0	2006.0
38932	15	27766	2006.0	2006.0
11145	94	3309	2006.0	2006.0
27923	16	9992	2006.0	2006.0
24699	16	28474	2006.0	2006.0
2919	16	34616	2006.0	2006.0
6650	16	503	2006.0	2006.0
2919	16	2902	2006.0	2006.0
13736	16	32940	2006.0	2006.0
18131	30	40206	2006.0	2006.0
4449	15	28816	2006.0	2006.0
15168	16	10772	2006.0	2006.0
5144	15	7638	2006.0	2006.0
32940	30	23107	2006.0	2006.0
5144	16	30589	2006.0	2006.0
27996	16	1460	2006.0	2006.0
17095	15	14466	2006.0	2006.0
24857	15	2851	2006.0	2006.0
29374	15	2178	2006.0	2006.0
34067	16	1487	2006.0	2006.0
24538	15	33817	2006.0	2006.0
16949	16	34616	2006.0	2006.0
10759	94	203	2006.0	2006.0
16949	16	1504	2006.0	2006.0
7878	16	14011	2006.0	2006.0
27033	30	3818	2006.0	2006.0
16949	15	1504	2006.0	2006.0
14512	16	524	2006.0	2006.0
13546	15	5352	2006.0	2006.0
14512	16	1210	2006.0	2006.0
39191	17	15329	2006.0	2006.0
11306	15	17682	2006.0	2006.0
14512	15	524	2006.0	2006.0
19306	4	24297	2006.0	2006.0
4676	30	1020	2006.0	2006.0
1212	16	2902	2006.0	2006.0
14512	16	24655	2006.0	2006.0
19265	32	14436	2006.0	2006.0
14512	15	8131	2006.0	2006.0
1869	15	25098	2006.0	2006.0
32130	30	40482	2006.0	2006.0
3730	30	8920	2006.0	2006.0
750	15	22046	2006.0	2006.0
11624	16	8422	2006.0	2006.0
9911	16	8697	2006.0	2006.0
12501	4	33427	2006.0	2006.0
4740	30	7694	2006.0	2006.0
1364	15	21767	2006.0	2006.0
274	15	7912	2006.0	2006.0
11624	16	7064	2006.0	2006.0
8185	15	41299	2006.0	2006.0
1364	15	5184	2006.0	2006.0
1364	16	21767	2006.0	2006.0
8132	15	24655	2006.0	2006.0
426	16	21361	2006.0	2006.0
20001	30	26668	2006.0	2006.0
8185	15	14466	2006.0	2006.0
42425	15	31851	2006.0	2006.0
31887	15	8004	2006.0	2006.0
23195	94	4545	2006.0	2006.0
15458	16	11411	2006.0	2006.0
1199	15	31151	2006.0	2006.0
1213	30	11960	2006.0	2006.0
25208	15	4533	2006.0	2006.0
6851	15	4987	2006.0	2006.0
757	15	2351	2006.0	2006.0
757	16	28144	2006.0	2006.0
15458	15	14106	2006.0	2006.0
15458	16	2510	2006.0	2006.0
70	15	28281	2006.0	2006.0
15458	16	752	2006.0	2006.0
15458	15	3422	2006.0	2006.0
15458	16	3422	2006.0	2006.0
6443	16	21361	2006.0	2006.0
36132	16	2991	2006.0	2006.0
11965	30	10412	2006.0	2006.0
9747	16	4681	2006.0	2006.0
7694	15	3034	2006.0	2006.0
15458	16	8697	2006.0	2006.0
23195	94	29946	2006.0	2006.0
38601	15	8535	2006.0	2006.0
18146	16	4131	2006.0	2006.0
13036	16	1541	2006.0	2006.0
18305	30	42017	2006.0	2006.0
2178	30	29374	2006.0	2006.0
39731	15	9658	2006.0	2006.0
28755	4	37078	2006.0	2006.0
1855	15	21088	2006.0	2006.0
3331	16	11644	2006.0	2006.0
14011	30	12144	2006.0	2006.0
4681	30	9747	2006.0	2006.0
3006	15	14466	2006.0	2006.0
20020	16	25203	2006.0	2006.0
18244	15	14466	2006.0	2006.0
12988	4	5332	2006.0	2006.0
18305	30	28615	2006.0	2006.0
24233	16	14864	2006.0	2006.0
3171	16	1026	2006.0	2006.0
17871	15	461	2006.0	2006.0
40334	15	18292	2006.0	2006.0
12959	30	24419	2006.0	2006.0
3421	16	16691	2006.0	2006.0
679	32	3391	2006.0	2006.0
10414	32	2148	2006.0	2006.0
19733	64	3687	2006.0	2006.0
1026	30	40067	2006.0	2006.0
3421	15	23333	2006.0	2006.0
15478	15	2491	2006.0	2006.0
31650	30	15200	2006.0	2006.0
200	15	14011	2006.0	2006.0
4987	30	6851	2006.0	2006.0
16680	14	14339	2006.0	2006.0
42203	15	3172	2006.0	2006.0
12780	32	403	2006.0	2006.0
24539	15	2754	2006.0	2006.0
39381	15	2193	2006.0	2006.0
4335	30	16982	2006.0	2006.0
38418	15	4681	2006.0	2006.0
42203	16	3172	2006.0	2006.0
38894	16	8024	2006.0	2006.0
2754	30	24539	2006.0	2006.0
18137	17	23005	2006.0	2006.0
22109	15	17573	2006.0	2006.0
2231	30	22442	2006.0	2006.0
3611	16	16568	2006.0	2006.0
6804	94	4951	2006.0	2006.0
17208	15	3034	2006.0	2006.0
4342	15	4341	2006.0	2006.0
34816	16	36826	2006.0	2006.0
6804	94	203	2006.0	2006.0
18593	15	982	2006.0	2006.0
29953	41	2157	2006.0	2006.0
21959	4	23225	2006.0	2006.0101
2889	4	2890	2006.0	2007.0
1374	123	17043	2006.0	2007.0
24380	1	3	2006.0	2007.0
25708	17	3167	2006.0	2007.0
798	4	3560	2006.0	2007.0
3446	4	25884	2006.0	2007.0
20705	4	7909	2006.0	2007.0
24008	4	9896	2006.0	2007.0
24264	4	3779	2006.0	2007.0
20742	4	7866	2006.0	2007.0
11205	4	21218	2006.0	2007.0
13407	1	3	2006.0	2007.0
12000	4	24015	2006.0	2007.0
31966	4	9405	2006.0	2007.0
13738	9	12601	2006.0	2007.0
4027	4	31597	2006.0	2007.0
25932	4	6957	2006.0	2007.0
12141	4	5208	2006.0	2007.0
19306	4	4423	2006.0	2007.0
677	4	4991	2006.0	2007.0
16234	4	2216	2006.0	2007.0
31213	41	1339	2006.0	2007.0
31322	4	49	2006.0	2007.0
5375	4	3866	2006.0	2007.0
37247	4	36929	2006.0	2007.0
29489	14	4802	2006.0	2007.0
30238	4	816	2006.0	2008.0
30776	4	25273	2006.0	2008.0
36496	4	30744	2006.0	2008.0
15547	4	33295	2006.0	2008.0
20129	4	23750	2006.0	2008.0
14009	4	13407	2006.0	2008.0
34684	41	947	2006.0	2008.0
18953	41	1092	2006.0	2008.0
28219	3	26730	2006.0	2008.0
8562	4	20110	2006.0	2008.0
12496	4	23484	2006.0	2008.0
36553	4	33482	2006.0	2008.0
36553	3	5177	2006.0	2008.0
27841	41	1339	2006.0	2008.0
16164	4	25841	2006.0	2008.0
12	4	2606	2006.0	2008.0
8920	4	71	2006.0	2008.0
18637	4	1910	2006.0	2008.0
208	14	209	2006.0	2009.0
5144	4	2443	2006.0	2009.0
10543	41	455	2006.0	2009.0
22346	4	23886	2006.0	2009.0
28555	41	1339	2006.0	2009.0
36878	123	21396	2006.0	2009.0
17996	41	1092	2006.0	2009.0
31456	4	6831	2006.0	2009.0
41180	19	2770	2006.0	2009.0
37823	1	2714	2006.0	2009.0
4801	4	17541	2006.0	2009.0
2610	14	2611	2006.0	2010.0
19467	41	3698	2006.0	2010.0
29975	1	137	2006.0	2010.0
4767	4	36181	2006.0	2010.0
38341	4	17521	2006.0	2010.0
11249	4	36750	2006.0	2010.0
6862	41	947	2006.0	2010.0
1602	4	17521	2006.0	2010.0
34332	4	2922	2006.0	2010.0
1162	41	3698	2006.0	2010.0
18515	3	1894	2006.0	2011.0
31124	1	2714	2006.0	2011.0
30656	154	7952	2006.0	2011.0
21024	4	4568	2006.0	2011.0
33041	4	14167	2006.0	2011.0
38378	41	1339	2006.0	2011.0
20602	18	1007	2006.0	2011.0
29298	14	29163	2006.0	2011.0
3573	14	16600	2006.0	2011.0
26399	4	24015	2006.0	2012.0
39897	41	2973	2006.0	2012.0
31528	4	27752	2006.0	2012.0
41002	4	38318	2006.0	2012.0
40680	4	36750	2006.0	2012.0
20065	46	3699	2006.0	2013.0
40915	4	5969	2006.0	2013.0
10436	4	4037	2006.0	2013.0
31570	4	17685	2006.0	2013.0215
19777	4	19778	2006.0	2014.0
10030	25	804	2006.0	2014.0
34143	41	1396	2006.0	2014.0
40032	4	5705	2006.0	2014.0
27054	17	3617	2006.0	2016.0
4640	41	29865	2006.0	2016.0
12589	14	15405	2006.0	2016.05
1714	17	5384	2006.0	2016.0601
29536	14	20286	2006.0	2018.0
36529	14	32413	2006.0	2018.0
1453	80	26179	2006.0	2018.1122
3851	3	7619	2006.01	2006.1215
7454	43	7455	2006.01	2008.1
7455	43	7454	2006.01	2008.1
19766	14	23530	2006.01	2017.0
134	4	581	2006.0101	2006.0101
631	4	632	2006.0101	2006.0101
1488	15	1489	2006.0101	2006.0101
2286	15	2287	2006.0101	2006.0101
3091	15	655	2006.0101	2006.0101
3388	4	4933	2006.0101	2006.0101
5166	4	5167	2006.0101	2006.0101
5050	15	3493	2006.0101	2006.0101
6857	4	2545	2006.0101	2006.0101
7129	4	2186	2006.0101	2006.0101
11637	4	11638	2006.0101	2006.0101
11987	4	3750	2006.0101	2006.0101
12428	4	12429	2006.0101	2006.0101
8132	19	7839	2006.0101	2006.0101
116	4	13612	2006.0101	2006.0101
13693	4	6822	2006.0101	2006.0101
13914	71	3977	2006.0101	2006.0101
14572	4	14573	2006.0101	2006.0101
10805	4	14588	2006.0101	2006.0101
13690	32	15007	2006.0101	2006.0101
15538	4	15539	2006.0101	2006.0101
6402	4	15786	2006.0101	2006.0101
16192	4	16193	2006.0101	2006.0101
16551	4	15173	2006.0101	2006.0101
16949	15	1504	2006.0101	2006.0101
16951	4	3181	2006.0101	2006.0101
5190	4	8526	2006.0101	2006.0101
18533	15	18534	2006.0101	2006.0101
18983	4	18984	2006.0101	2006.0101
8196	4	13728	2006.0101	2006.0101
2927	4	17982	2006.0101	2006.0101
20012	4	16193	2006.0101	2006.0101
6255	4	1103	2006.0101	2006.0101
21565	4	9943	2006.0101	2006.0101
12970	4	1962	2006.0101	2006.0101
22224	4	4356	2006.0101	2006.0101
22489	4	22490	2006.0101	2006.0101
193	4	22516	2006.0101	2006.0101
2683	15	8050	2006.0101	2006.0101
23155	4	2480	2006.0101	2006.0101
12113	4	23811	2006.0101	2006.0101
24847	4	24848	2006.0101	2006.0101
24476	4	9943	2006.0101	2006.0101
10345	4	11817	2006.0101	2006.0101
666	4	25434	2006.0101	2006.0101
3565	4	3350	2006.0101	2006.0101
23228	16	1504	2006.0101	2006.0101
19066	4	26407	2006.0101	2006.0101
20753	4	18984	2006.0101	2006.0101
15768	4	8419	2006.0101	2006.0101
15817	4	15818	2006.0101	2006.0101
28045	4	16617	2006.0101	2006.0101
18759	4	4291	2006.0101	2006.0101
16169	4	3900	2006.0101	2006.0101
28895	4	12903	2006.0101	2006.0101
29311	4	558	2006.0101	2006.0101
5135	4	27532	2006.0101	2006.0101
20091	15	11072	2006.0101	2006.0101
26554	4	11170	2006.0101	2006.0101
30091	4	1945	2006.0101	2006.0101
31787	15	31788	2006.0101	2006.0101
31908	4	31909	2006.0101	2006.0101
9796	32	14214	2006.0101	2006.0101
2977	15	4847	2006.0101	2006.0101
32860	4	4160	2006.0101	2006.0101
18110	143	32519	2006.0101	2006.0101
33211	4	33212	2006.0101	2006.0101
33418	4	33419	2006.0101	2006.0101
2073	4	8328	2006.0101	2006.0101
8685	4	20754	2006.0101	2006.0101
8856	4	965	2006.0101	2006.0101
25019	4	16670	2006.0101	2006.0101
27763	15	8624	2006.0101	2006.0101
6181	15	33999	2006.0101	2006.0101
34067	15	655	2006.0101	2006.0101
34230	4	16235	2006.0101	2006.0101
23931	15	4433	2006.0101	2006.0101
15418	4	1312	2006.0101	2006.0101
16911	4	7728	2006.0101	2006.0101
34218	4	10861	2006.0101	2006.0101
3738	15	14175	2006.0101	2006.0101
13360	4	18814	2006.0101	2006.0101
26128	4	17920	2006.0101	2006.0101
13054	4	23115	2006.0101	2006.0101
8283	4	1727	2006.0101	2006.0101
8504	4	7001	2006.0101	2006.0101
24085	4	370	2006.0101	2006.0101
1935	4	3750	2006.0101	2006.0101
2927	4	581	2006.0101	2006.0101
17539	15	34100	2006.0101	2006.0101
26320	37	140	2006.0101	2006.0101
15394	4	32236	2006.0101	2006.0101
13703	4	13862	2006.0101	2006.0101
7839	19	8132	2006.0101	2006.0101
11832	4	9912	2006.0101	2006.0101
13796	4	4202	2006.0101	2006.0101
2181	4	6527	2006.0101	2006.0101
7824	4	12792	2006.0101	2006.0101
1935	4	6834	2006.0101	2006.0101
18983	4	37391	2006.0101	2006.0101
4449	15	26472	2006.0101	2006.0101
20770	4	37526	2006.0101	2006.0101
20077	4	1816	2006.0101	2006.0101
24219	4	20496	2006.0101	2006.0101
26215	4	26212	2006.0101	2006.0101
28568	15	11195	2006.0101	2006.0101
6668	4	4125	2006.0101	2006.0101
1925	4	32712	2006.0101	2006.0101
23049	4	9912	2006.0101	2006.0101
15538	4	38312	2006.0101	2006.0101
28341	4	24558	2006.0101	2006.0101
38703	4	12618	2006.0101	2006.0101
27338	4	7008	2006.0101	2006.0101
18542	4	9350	2006.0101	2006.0101
22386	4	5660	2006.0101	2006.0101
2098	4	3216	2006.0101	2006.0101
18920	4	39067	2006.0101	2006.0101
6521	15	4148	2006.0101	2006.0101
7694	15	4740	2006.0101	2006.0101
18134	4	9155	2006.0101	2006.0101
3158	15	761	2006.0101	2006.0101
20120	4	18027	2006.0101	2006.0101
1147	32	3655	2006.0101	2006.0101
19629	4	6021	2006.0101	2006.0101
11352	4	8548	2006.0101	2006.0101
4135	15	4148	2006.0101	2006.0101
16932	4	38312	2006.0101	2006.0101
13298	15	3301	2006.0101	2006.0101
33692	15	4136	2006.0101	2006.0101
11696	4	3750	2006.0101	2006.0101
31747	4	5975	2006.0101	2006.0101
13967	4	7895	2006.0101	2006.0101
13211	4	6827	2006.0101	2006.0101
18649	4	39944	2006.0101	2006.0101
2073	4	10378	2006.0101	2006.0101
20892	4	11599	2006.0101	2006.0101
17988	15	27196	2006.0101	2006.0101
19910	4	3032	2006.0101	2006.0101
40482	15	32130	2006.0101	2006.0101
9103	4	38897	2006.0101	2006.0101
33417	4	12874	2006.0101	2006.0101
31421	4	2280	2006.0101	2006.0101
8222	4	8117	2006.0101	2006.0101
21668	4	17401	2006.0101	2006.0101
11798	4	13427	2006.0101	2006.0101
1668	15	315	2006.0101	2006.0101
14710	4	19868	2006.0101	2006.0101
4309	4	33782	2006.0101	2006.0101
35142	15	34149	2006.0101	2006.0101
8507	15	14175	2006.0101	2006.0101
39831	15	7072	2006.0101	2006.0101
41030	15	28821	2006.0101	2006.0101
8335	32	11300	2006.0101	2006.0101
30304	4	33782	2006.0101	2006.0101
30465	15	9399	2006.0101	2006.0101
2010	15	2851	2006.0101	2006.0101
31718	15	10634	2006.0101	2006.0101
17324	15	655	2006.0101	2006.0101
5574	4	18457	2006.0101	2006.0101
16804	4	33107	2006.0101	2006.0101
22742	4	29663	2006.0101	2006.0101
20045	4	12556	2006.0101	2006.0101
33211	4	30135	2006.0101	2006.0101
32949	4	11045	2006.0101	2006.0101
24316	4	13099	2006.0101	2006.0101
41129	4	5958	2006.0101	2006.0101
188	4	3432	2006.0101	2006.0101
24481	4	5030	2006.0101	2006.0101
21046	4	3729	2006.0101	2006.0101
1935	4	22004	2006.0101	2006.0101
849	4	27158	2006.0101	2006.0101
28961	4	28566	2006.0101	2006.0101
3037	4	178	2006.0101	2006.0101
32872	4	1658	2006.0101	2006.0101
23587	4	37041	2006.0101	2006.0101
11798	4	37173	2006.0101	2006.0101
20510	4	6646	2006.0101	2006.0101
4959	4	21960	2006.0101	2006.0101
26262	4	11692	2006.0101	2006.0101
12969	4	28234	2006.0101	2006.0101
7046	4	12443	2006.0101	2006.0101
11798	4	7721	2006.0101	2006.0101
31952	4	4390	2006.0101	2006.0101
16317	4	7361	2006.0101	2006.0101
41791	4	1785	2006.0101	2006.0101
23977	4	4176	2006.0101	2006.0101
398	4	25339	2006.0101	2006.0101
32305	4	26456	2006.0101	2006.0101
31952	4	6286	2006.0101	2006.0101
13959	4	12362	2006.0101	2006.0101
27637	4	9057	2006.0101	2006.0101
22315	4	9350	2006.0101	2006.0101
26043	4	35966	2006.0101	2006.0101
21298	4	9178	2006.0101	2006.0101
26637	4	6351	2006.0101	2006.0101
24369	4	15957	2006.0101	2006.0101
20510	4	3900	2006.0101	2006.0101
9983	4	6351	2006.0101	2006.0101
34331	4	39944	2006.0101	2006.0101
6877	4	29257	2006.0101	2006.0101
14221	4	8313	2006.0101	2006.0101
9789	4	15035	2006.0101	2006.0101
24428	4	9744	2006.0101	2006.0101
6700	4	40381	2006.0101	2006.0101
28359	4	25173	2006.0101	2006.0101
9478	4	6646	2006.0101	2006.0101
32728	4	38897	2006.0101	2006.0101
33563	4	4213	2006.0101	2006.0101
5554	15	11999	2006.0101	2006.0101
19474	4	6679	2006.0101	2006.0101
31307	15	9366	2006.0101	2006.0101
41843	15	6058	2006.0101	2006.0101
6255	4	23640	2006.0101	2006.0101
35425	4	39373	2006.0101	2006.0101
41843	15	17911	2006.0101	2006.0101
37236	15	14740	2006.0101	2006.0101
18223	4	33438	2006.0101	2006.0101
34244	4	17982	2006.0101	2006.0101
19941	15	17233	2006.0101	2006.0101
37236	15	39943	2006.0101	2006.0101
14077	15	655	2006.0101	2006.0101
11601	16	27250	2006.0101	2006.0101
3655	32	1147	2006.0101	2006.0101
16503	15	38369	2006.0101	2006.0101
36174	15	13686	2006.0101	2006.0101
2646	15	8255	2006.0101	2006.0101
41932	4	13728	2006.0101	2006.0101
13054	4	11858	2006.0101	2006.0101
4093	4	1271	2006.0101	2006.0101
909	15	2851	2006.0101	2006.0101
41970	30	29511	2006.0101	2006.0101
40049	4	1620	2006.0101	2006.0101
4526	4	25128	2006.0101	2006.0101
624	32	11300	2006.0101	2006.0101
4297	4	8328	2006.0101	2006.0101
31595	4	37169	2006.0101	2006.0101
1504	30	16949	2006.0101	2006.0101
16411	4	8926	2006.0101	2006.0101
19378	4	28904	2006.0101	2006.0101
20887	4	32721	2006.0101	2006.0101
4389	4	15	2006.0101	2006.0101
11395	16	337	2006.0101	2006.0101
21244	4	11943	2006.0101	2006.0101
5057	15	40626	2006.0101	2006.0101
18075	4	26948	2006.0101	2006.0101
18200	15	9366	2006.0101	2006.0101
15553	4	37391	2006.0101	2006.0101
37753	15	23006	2006.0101	2006.0101
22646	4	5257	2006.0101	2006.0101
22794	15	15821	2006.0101	2006.0101
38090	4	15706	2006.0101	2006.0101
8562	4	40894	2006.0101	2006.0101
6050	4	19868	2006.0101	2006.0101
5931	4	11726	2006.0101	2006.0101
41575	4	11632	2006.0101	2006.0101
39808	4	161	2006.0101	2006.0101
14149	15	21403	2006.0101	2006.0101
14149	15	6370	2006.0101	2006.0101
10013	15	42036	2006.0101	2006.0101
483	4	3581	2006.0101	2006.0101
23027	15	6694	2006.0101	2006.0101
37744	4	14982	2006.0101	2006.0101
4593	4	7765	2006.0101	2006.0101
14148	4	30424	2006.0101	2006.0101
13901	4	31339	2006.0101	2006.0101
30775	4	8058	2006.0101	2006.0101
26851	4	17360	2006.0101	2006.0101
39350	4	9276	2006.0101	2006.0101
36434	4	22030	2006.0101	2006.0101
24858	15	2851	2006.0101	2006.0101
30942	4	7001	2006.0101	2006.0101
19834	15	11897	2006.0101	2006.0101
12279	4	17995	2006.0101	2006.0101
3835	4	14645	2006.0101	2006.0101
28981	15	8535	2006.0101	2006.0101
8326	15	22264	2006.0101	2006.0101
25297	4	5701	2006.0101	2006.0101
7614	4	41752	2006.0101	2006.0101
8288	4	39473	2006.0101	2006.0101
33434	15	14175	2006.0101	2006.0101
14580	15	7072	2006.0101	2006.0101
42223	15	655	2006.0101	2006.0101
4998	4	24543	2006.0101	2006.0101
7722	4	5937	2006.0101	2006.0101
14710	4	3750	2006.0101	2006.0101
42193	4	33107	2006.0101	2006.0101
25868	4	14126	2006.0101	2006.0101
5195	4	18792	2006.0101	2006.0101
35334	4	16760	2006.0101	2006.0101
24073	4	23188	2006.0101	2006.0101
27421	4	12182	2006.0101	2006.0101
29980	15	21452	2006.0101	2006.0101
18656	4	5030	2006.0101	2006.0101
25469	15	34909	2006.0101	2006.0101
20826	4	33121	2006.0101	2006.0101
31720	15	30473	2006.0101	2006.0101
28895	4	1962	2006.0101	2006.0101
23417	4	27026	2006.0101	2006.0101
15007	32	13690	2006.0101	2006.0101
6663	4	30364	2006.0101	2006.0101
39417	14	4522	2006.0101	2006.0101
14585	15	4610	2006.0101	2006.0101
14585	15	9366	2006.0101	2006.0101
8622	4	24611	2006.0101	2006.0101
7007	15	4148	2006.0101	2006.0101
25852	4	19946	2006.0101	2006.0101
38703	4	9568	2006.0101	2006.0101
37105	4	178	2006.0101	2006.0101
14436	32	19265	2006.0101	2006.0101
40327	4	21895	2006.0101	2006.0101
9948	15	234	2006.0101	2006.0101
26807	25	1848	2006.0101	2006.0101
39677	4	3671	2006.0101	2006.0101
11419	4	23622	2006.0101	2006.0101
25411	4	8727	2006.0101	2006.0101
16689	15	6110	2006.0101	2006.0101
31164	4	32721	2006.0101	2006.0101
9235	4	20969	2006.0101	2006.0101
3391	32	679	2006.0101	2006.0101
14712	4	18700	2006.0101	2006.0101
11419	4	5266	2006.0101	2006.0101
9996	4	370	2006.0101	2006.0101
23107	15	22385	2006.0101	2006.0101
4693	4	4807	2006.0101	2006.0101
3818	15	27033	2006.0101	2006.0101
33713	4	13087	2006.0101	2006.0101
23493	4	4855	2006.0101	2006.0101
26215	4	24977	2006.0101	2006.0101
15809	15	19410	2006.0101	2006.0101
27249	15	27250	2006.0101	2006.0101
9576	15	4148	2006.0101	2006.0101
20071	4	16058	2006.0101	2006.0101
23493	4	14126	2006.0101	2006.0101
10246	4	616	2006.0101	2006.0101
16689	15	35594	2006.0101	2006.0101
7202	4	948	2006.0101	2006.0101
21753	4	4196	2006.0101	2006.0101
42448	15	6846	2006.0101	2006.0101
21825	15	1201	2006.0101	2006.0101
9103	4	32900	2006.0101	2006.0101
30587	4	11210	2006.0101	2006.0101
19327	4	18990	2006.0101	2006.0101
20710	4	20328	2006.0101	2006.0101
34016	15	2228	2006.0101	2006.0101
14917	4	3555	2006.0101	2006.0101
26377	15	1538	2006.0101	2006.0101
10388	4	13560	2006.0101	2006.0101
32582	4	29567	2006.0101	2006.0101
6503	4	8715	2006.0101	2006.0101
11861	4	19470	2006.0101	2006.0101
29511	15	41970	2006.0101	2006.0101
9099	4	18344	2006.0101	2006.0101
2440	4	848	2006.0101	2006.0101
33323	15	41190	2006.0101	2006.0101
27296	15	27550	2006.0101	2006.0101
21596	4	34977	2006.0101	2006.0101
19571	4	2545	2006.0101	2006.0101
16932	4	17841	2006.0101	2006.0101
30822	4	14999	2006.0101	2006.0101
23343	4	17972	2006.0101	2006.0101
21212	15	20253	2006.0101	2006.0101
23822	4	33107	2006.0101	2006.0101
36497	21	1247	2006.0101	2006.0101
1021	4	1312	2006.0101	2006.0101
9902	21	13	2006.0101	2006.0101
39208	15	4430	2006.0101	2006.0101
18649	4	7931	2006.0101	2006.0101
21203	4	33881	2006.0101	2006.0101
2125	15	7379	2006.0101	2006.0101
14151	4	1727	2006.0101	2006.0101
7697	4	39841	2006.0101	2006.0101
16122	4	8148	2006.0101	2006.0101
35126	15	4363	2006.0101	2006.0101
12780	32	28812	2006.0101	2006.0101
15540	15	40965	2006.0101	2006.0101
35306	15	5007	2006.0101	2006.0101
20873	15	14175	2006.0101	2006.0101
8963	32	12053	2006.0101	2006.0101
4145	4	16331	2006.0101	2006.0101
34519	4	21955	2006.0101	2006.0101
27669	4	15786	2006.0101	2006.0101
42649	15	16734	2006.0101	2006.0101
28732	17	1037	2006.0101	2006.0101
1925	4	3087	2006.0101	2006.0101
6966	4	33626	2006.0101	2006.0101
32768	15	15821	2006.0101	2006.0101
16784	32	4103	2006.0101	2006.0101
8198	4	29975	2006.0101	2006.063
398	4	399	2006.0101	2007.0101
1050	4	1051	2006.0101	2007.0101
1689	4	1690	2006.0101	2007.0101
3456	4	3457	2006.0101	2007.0101
3467	4	3468	2006.0101	2007.0101
5856	4	9	2006.0101	2007.0101
8222	4	8223	2006.0101	2007.0101
8282	4	6930	2006.0101	2007.0101
2073	4	8328	2006.0101	2007.0101
6700	4	3389	2006.0101	2007.0101
11110	4	11111	2006.0101	2007.0101
11381	4	1429	2006.0101	2007.0101
873	4	11797	2006.0101	2007.0101
10118	4	7003	2006.0101	2007.0101
13591	4	13592	2006.0101	2007.0101
9533	4	9997	2006.0101	2007.0101
14108	4	14109	2006.0101	2007.0101
12406	4	14126	2006.0101	2007.0101
14712	4	6479	2006.0101	2007.0101
15564	4	3432	2006.0101	2007.0101
1287	4	16498	2006.0101	2007.0101
16663	4	8333	2006.0101	2007.0101
17817	4	1329	2006.0101	2007.0101
4474	4	4475	2006.0101	2007.0101
5758	4	2427	2006.0101	2007.0101
20820	4	9943	2006.0101	2007.0101
18563	4	14955	2006.0101	2007.0101
160	4	1016	2006.0101	2007.0101
14151	4	5359	2006.0101	2007.0101
22834	4	11695	2006.0101	2007.0101
9535	4	23188	2006.0101	2007.0101
23649	4	850	2006.0101	2007.0101
13211	4	4152	2006.0101	2007.0101
24198	4	24199	2006.0101	2007.0101
24369	4	3857	2006.0101	2007.0101
1913	4	10779	2006.0101	2007.0101
25002	4	9685	2006.0101	2007.0101
25105	4	3429	2006.0101	2007.0101
25175	4	20494	2006.0101	2007.0101
6526	4	1128	2006.0101	2007.0101
3791	4	15818	2006.0101	2007.0101
25618	4	25619	2006.0101	2007.0101
5122	4	12340	2006.0101	2007.0101
21565	4	14119	2006.0101	2007.0101
25852	4	6886	2006.0101	2007.0101
27597	4	13307	2006.0101	2007.0101
22032	19	1486	2006.0101	2007.0101
6857	4	29851	2006.0101	2007.0101
11780	4	5257	2006.0101	2007.0101
30864	4	1658	2006.0101	2007.0101
29858	4	2928	2006.0101	2007.0101
31595	4	21414	2006.0101	2007.0101
31664	4	31665	2006.0101	2007.0101
11987	4	5431	2006.0101	2007.0101
25458	4	23188	2006.0101	2007.0101
13062	4	9057	2006.0101	2007.0101
32467	4	13099	2006.0101	2007.0101
20045	4	5440	2006.0101	2007.0101
18134	4	10779	2006.0101	2007.0101
21253	4	28245	2006.0101	2007.0101
14800	4	376	2006.0101	2007.0101
5001	4	7190	2006.0101	2007.0101
23553	4	9943	2006.0101	2007.0101
2333	4	3468	2006.0101	2007.0101
10246	4	15957	2006.0101	2007.0101
16683	4	980	2006.0101	2007.0101
20510	4	14668	2006.0101	2007.0101
3540	4	6669	2006.0101	2007.0101
24073	4	17982	2006.0101	2007.0101
3323	4	21427	2006.0101	2007.0101
20211	4	35908	2006.0101	2007.0101
22982	4	18037	2006.0101	2007.0101
36225	4	33292	2006.0101	2007.0101
32459	4	16297	2006.0101	2007.0101
22203	4	31387	2006.0101	2007.0101
4440	4	12340	2006.0101	2007.0101
36712	4	10296	2006.0101	2007.0101
36745	4	26721	2006.0101	2007.0101
22021	3	7276	2006.0101	2007.0101
20891	4	11599	2006.0101	2007.0101
22315	4	9350	2006.0101	2007.0101
20489	4	632	2006.0101	2007.0101
34117	4	12986	2006.0101	2007.0101
2098	4	3216	2006.0101	2007.0101
790	4	5660	2006.0101	2007.0101
14489	4	8078	2006.0101	2007.0101
26376	4	14579	2006.0101	2007.0101
7746	4	13681	2006.0101	2007.0101
23611	4	37788	2006.0101	2007.0101
5392	4	3135	2006.0101	2007.0101
5392	4	13261	2006.0101	2007.0101
24776	4	34932	2006.0101	2007.0101
25175	4	38262	2006.0101	2007.0101
38090	4	15706	2006.0101	2007.0101
38319	4	12792	2006.0101	2007.0101
21885	4	12725	2006.0101	2007.0101
22386	4	6436	2006.0101	2007.0101
21744	4	12362	2006.0101	2007.0101
39121	4	23313	2006.0101	2007.0101
32290	4	39144	2006.0101	2007.0101
26799	4	18428	2006.0101	2007.0101
7614	4	28856	2006.0101	2007.0101
20487	4	23532	2006.0101	2007.0101
20470	4	1321	2006.0101	2007.0101
24369	4	5145	2006.0101	2007.0101
34480	4	13147	2006.0101	2007.0101
4512	4	13469	2006.0101	2007.0101
9515	4	12519	2006.0101	2007.0101
412	4	3291	2006.0101	2007.0101
12157	4	33151	2006.0101	2007.0101
7764	4	31371	2006.0101	2007.0101
7296	4	8223	2006.0101	2007.0101
20821	4	11339	2006.0101	2007.0101
23723	4	1801	2006.0101	2007.0101
6155	4	12519	2006.0101	2007.0101
12348	4	22846	2006.0101	2007.0101
31725	4	38840	2006.0101	2007.0101
14714	4	27041	2006.0101	2007.0101
1486	19	22032	2006.0101	2007.0101
21560	4	34932	2006.0101	2007.0101
19515	4	581	2006.0101	2007.0101
483	4	38656	2006.0101	2007.0101
10247	4	15190	2006.0101	2007.0101
1546	4	1103	2006.0101	2007.0101
17811	4	13847	2006.0101	2007.0101
26957	4	9276	2006.0101	2007.0101
20077	4	35216	2006.0101	2007.0101
14525	4	23170	2006.0101	2007.0101
25228	4	19069	2006.0101	2007.0101
17418	4	2935	2006.0101	2007.0101
34989	4	399	2006.0101	2007.0101
39677	4	23315	2006.0101	2007.0101
38937	4	4402	2006.0101	2007.0101
3835	4	889	2006.0101	2007.0101
8943	4	41019	2006.0101	2007.0101
22335	4	11685	2006.0101	2007.0101
26428	4	32579	2006.0101	2007.0101
27421	4	14262	2006.0101	2007.0101
15553	4	14623	2006.0101	2007.0101
21307	4	10407	2006.0101	2007.0101
39722	4	399	2006.0101	2007.0101
27051	4	9943	2006.0101	2007.0101
30687	4	616	2006.0101	2007.0101
19174	4	3618	2006.0101	2007.0101
13776	4	8280	2006.0101	2007.0101
6885	4	17774	2006.0101	2007.0101
34494	4	19187	2006.0101	2007.0101
33563	4	15873	2006.0101	2007.0101
4183	4	2028	2006.0101	2007.0101
34818	4	14567	2006.0101	2007.0101
31421	4	41752	2006.0101	2007.0101
30102	4	24519	2006.0101	2007.0101
34975	4	22612	2006.0101	2007.0101
9515	4	5747	2006.0101	2007.0101
4175	4	8721	2006.0101	2007.0101
31672	4	35321	2006.0101	2007.0101
8856	4	1646	2006.0101	2007.0101
38203	4	33295	2006.0101	2007.0101
32572	4	32726	2006.0101	2007.0101
32678	4	4739	2006.0101	2007.0101
11137	4	6351	2006.0101	2007.0101
30828	4	4324	2006.0101	2007.0101
2728	4	560	2006.0101	2007.0101
14229	4	30663	2006.0101	2007.0101
2927	4	38939	2006.0101	2007.0101
27927	4	10861	2006.0101	2007.0101
193	4	32111	2006.0101	2007.0101
31609	4	2880	2006.0101	2007.0101
9864	4	9113	2006.0101	2007.0101
13146	4	13040	2006.0101	2007.0101
23755	4	40342	2006.0101	2007.0101
11086	4	4499	2006.0101	2007.0101
27637	4	1658	2006.0101	2007.0101
3134	4	1321	2006.0101	2007.0101
37833	4	41753	2006.0101	2007.0101
21053	4	28278	2006.0101	2007.0101
23587	4	19946	2006.0101	2007.0101
1330	4	5431	2006.0101	2007.0101
36328	4	13307	2006.0101	2007.0101
9291	4	6523	2006.0101	2007.0101
32376	4	33626	2006.0101	2007.0101
3652	4	32634	2006.0101	2007.0101
32872	4	41776	2006.0101	2007.0101
11804	4	6910	2006.0101	2007.0101
26890	4	41381	2006.0101	2007.0101
32203	4	13856	2006.0101	2007.0101
11798	4	29584	2006.0101	2007.0101
18542	4	26501	2006.0101	2007.0101
21344	4	7492	2006.0101	2007.0101
7824	4	4202	2006.0101	2007.0101
3428	4	18457	2006.0101	2007.0101
12428	4	35994	2006.0101	2007.0101
19455	4	36768	2006.0101	2007.0101
9252	4	9568	2006.0101	2007.0101
9533	4	26501	2006.0101	2007.0101
34244	4	25269	2006.0101	2007.0101
1913	4	27527	2006.0101	2007.0101
34926	4	32371	2006.0101	2007.0101
18112	4	13728	2006.0101	2007.0101
28215	4	10513	2006.0101	2007.0101
19186	4	6236	2006.0101	2007.0101
24842	4	15173	2006.0101	2007.0101
13589	4	18659	2006.0101	2007.0101
16810	4	22516	2006.0101	2007.0101
27338	4	7008	2006.0101	2007.0101
30625	4	41928	2006.0101	2007.0101
13054	4	11858	2006.0101	2007.0101
13054	4	25111	2006.0101	2007.0101
17144	4	15413	2006.0101	2007.0101
12679	4	354	2006.0101	2007.0101
3315	4	17869	2006.0101	2007.0101
19702	4	16295	2006.0101	2007.0101
29613	4	566	2006.0101	2007.0101
24937	4	13886	2006.0101	2007.0101
15109	4	16267	2006.0101	2007.0101
23378	4	3350	2006.0101	2007.0101
32523	4	5257	2006.0101	2007.0101
12406	4	42058	2006.0101	2007.0101
23091	4	38348	2006.0101	2007.0101
36099	4	3622	2006.0101	2007.0101
24770	4	13361	2006.0101	2007.0101
29568	4	16297	2006.0101	2007.0101
42040	4	20357	2006.0101	2007.0101
29311	4	9568	2006.0101	2007.0101
30840	4	17952	2006.0101	2007.0101
8001	4	35213	2006.0101	2007.0101
32379	4	26561	2006.0101	2007.0101
19263	4	11024	2006.0101	2007.0101
21812	4	41098	2006.0101	2007.0101
20434	4	3135	2006.0101	2007.0101
15325	4	31222	2006.0101	2007.0101
12149	4	21266	2006.0101	2007.0101
18410	4	3618	2006.0101	2007.0101
24992	4	3110	2006.0101	2007.0101
12253	4	359	2006.0101	2007.0101
36880	4	14860	2006.0101	2007.0101
2929	4	10145	2006.0101	2007.0101
40154	4	11599	2006.0101	2007.0101
21789	4	3350	2006.0101	2007.0101
33223	4	29766	2006.0101	2007.0101
7722	4	5937	2006.0101	2007.0101
4329	4	10410	2006.0101	2007.0101
5609	4	18428	2006.0101	2007.0101
7089	4	2928	2006.0101	2007.0101
5188	4	4728	2006.0101	2007.0101
28261	4	5747	2006.0101	2007.0101
18656	4	5030	2006.0101	2007.0101
33228	4	3206	2006.0101	2007.0101
2277	4	5257	2006.0101	2007.0101
24219	4	12572	2006.0101	2007.0101
4228	4	14596	2006.0101	2007.0101
24073	4	39581	2006.0101	2007.0101
36762	4	2427	2006.0101	2007.0101
33849	4	1727	2006.0101	2007.0101
5188	4	15706	2006.0101	2007.0101
9167	4	17972	2006.0101	2007.0101
5970	4	4770	2006.0101	2007.0101
36428	4	33419	2006.0101	2007.0101
30091	4	17601	2006.0101	2007.0101
24925	4	41533	2006.0101	2007.0101
37890	4	22481	2006.0101	2007.0101
12141	4	5208	2006.0101	2007.0101
19294	4	6405	2006.0101	2007.0101
30091	4	7895	2006.0101	2007.0101
25726	4	9622	2006.0101	2007.0101
11352	4	29851	2006.0101	2007.0101
24299	4	374	2006.0101	2007.0101
30905	4	5257	2006.0101	2007.0101
33009	4	11024	2006.0101	2007.0101
20735	4	5431	2006.0101	2007.0101
15913	4	429	2006.0101	2007.0101
25852	4	30741	2006.0101	2007.0101
26215	4	26212	2006.0101	2007.0101
35679	4	27339	2006.0101	2007.0101
4693	4	6339	2006.0101	2007.0101
16911	4	7728	2006.0101	2007.0101
18529	4	1186	2006.0101	2007.0101
165	4	23396	2006.0101	2007.0101
22352	4	27339	2006.0101	2007.0101
33065	4	33	2006.0101	2007.0101
18703	4	9172	2006.0101	2007.0101
3899	4	2041	2006.0101	2007.0101
14731	4	14623	2006.0101	2007.0101
26147	4	16151	2006.0101	2007.0101
11637	4	1727	2006.0101	2007.0101
25876	37	332	2006.0101	2007.0101
22652	4	33656	2006.0101	2007.0101
33368	4	14167	2006.0101	2007.0101
160	4	35858	2006.0101	2007.0101
21565	4	24165	2006.0101	2007.0101
28776	4	39687	2006.0101	2007.0101
2440	4	26407	2006.0101	2007.0101
35344	4	20177	2006.0101	2007.0101
936	4	3566	2006.0101	2007.0101
18013	4	33881	2006.0101	2007.0101
37803	4	4901	2006.0101	2007.0101
12833	4	22053	2006.0101	2007.0101
36743	4	5013	2006.0101	2007.0101
9335	4	1658	2006.0101	2007.0101
31747	4	5975	2006.0101	2007.0101
2725	4	10779	2006.0101	2007.0101
28276	4	9916	2006.0101	2007.0101
20564	4	20206	2006.0101	2007.0101
20470	4	1374	2006.0101	2007.0101
17090	4	2545	2006.0101	2007.0101
10959	4	429	2006.0101	2007.0101
4145	4	33621	2006.0101	2007.0101
36253	4	42613	2006.0101	2007.0101
23362	4	23188	2006.0101	2007.0101
21203	4	2733	2006.0101	2007.0101
22133	4	29560	2006.0101	2007.0101
23723	4	11427	2006.0101	2007.0101
1925	4	26501	2006.0101	2007.0101
35840	4	11817	2006.0101	2007.0101
9382	4	2545	2006.0101	2007.0101
30021	4	32041	2006.0101	2007.0101
21038	4	38210	2006.0101	2007.0101
34844	4	6044	2006.0101	2007.0101
27669	4	8328	2006.0101	2007.0101
1951	4	8876	2006.0101	2007.0101
287	4	288	2006.0101	2008.0101
1944	4	1945	2006.0101	2008.0101
5880	4	5881	2006.0101	2008.0101
7280	4	7281	2006.0101	2008.0101
8720	4	8721	2006.0101	2008.0101
10094	4	10095	2006.0101	2008.0101
11727	4	11728	2006.0101	2008.0101
15185	4	14979	2006.0101	2008.0101
21024	4	376	2006.0101	2008.0101
21172	4	3216	2006.0101	2008.0101
21216	4	1220	2006.0101	2008.0101
19336	4	7895	2006.0101	2008.0101
15956	4	3135	2006.0101	2008.0101
22488	4	499	2006.0101	2008.0101
10367	4	25204	2006.0101	2008.0101
23061	4	359	2006.0101	2008.0101
14195	4	2792	2006.0101	2008.0101
26232	4	21967	2006.0101	2008.0101
27238	4	3671	2006.0101	2008.0101
27272	4	4475	2006.0101	2008.0101
27955	4	13619	2006.0101	2008.0101
4512	4	10826	2006.0101	2008.0101
29538	4	21515	2006.0101	2008.0101
12034	4	30497	2006.0101	2008.0101
7093	4	7047	2006.0101	2008.0101
8405	4	25977	2006.0101	2008.0101
25356	4	9555	2006.0101	2008.0101
14830	4	5257	2006.0101	2008.0101
8708	4	6252	2006.0101	2008.0101
10367	4	33151	2006.0101	2008.0101
15578	4	2135	2006.0101	2008.0101
12141	4	13132	2006.0101	2008.0101
331	4	7662	2006.0101	2008.0101
3894	4	12429	2006.0101	2008.0101
8547	4	3729	2006.0101	2008.0101
27043	4	6669	2006.0101	2008.0101
23049	4	17869	2006.0101	2008.0101
15627	4	14989	2006.0101	2008.0101
25643	4	3204	2006.0101	2008.0101
3474	4	5192	2006.0101	2008.0101
33991	4	6890	2006.0101	2008.0101
32300	4	558	2006.0101	2008.0101
34756	4	10270	2006.0101	2008.0101
16122	4	37664	2006.0101	2008.0101
8034	4	5290	2006.0101	2008.0101
37867	4	3541	2006.0101	2008.0101
38004	4	13958	2006.0101	2008.0101
25338	4	26407	2006.0101	2008.0101
32949	4	26270	2006.0101	2008.0101
6155	4	899	2006.0101	2008.0101
8943	4	35747	2006.0101	2008.0101
40049	4	38439	2006.0101	2008.0101
15389	4	18570	2006.0101	2008.0101
9892	4	12792	2006.0101	2008.0101
40640	43	30853	2006.0101	2008.0101
30833	4	581	2006.0101	2008.0101
37860	4	15190	2006.0101	2008.0101
9535	4	10697	2006.0101	2008.0101
3463	4	3691	2006.0101	2008.0101
41283	4	3671	2006.0101	2008.0101
16052	4	33	2006.0101	2008.0101
26494	4	5311	2006.0101	2008.0101
29949	4	8333	2006.0101	2008.0101
27386	4	34099	2006.0101	2008.0101
8720	4	33019	2006.0101	2008.0101
34218	4	11943	2006.0101	2008.0101
33888	4	13617	2006.0101	2008.0101
26824	4	38225	2006.0101	2008.0101
21210	4	8509	2006.0101	2008.0101
34331	4	21532	2006.0101	2008.0101
29634	4	13087	2006.0101	2008.0101
35027	4	6741	2006.0101	2008.0101
31637	4	14279	2006.0101	2008.0101
40270	4	37429	2006.0101	2008.0101
23587	4	36227	2006.0101	2008.0101
6235	4	5191	2006.0101	2008.0101
38655	4	6257	2006.0101	2008.0101
3895	4	15173	2006.0101	2008.0101
32376	4	12182	2006.0101	2008.0101
12970	4	8542	2006.0101	2008.0101
6954	4	35966	2006.0101	2008.0101
31615	4	16873	2006.0101	2008.0101
193	4	18607	2006.0101	2008.0101
32661	4	632	2006.0101	2008.0101
27386	4	10575	2006.0101	2008.0101
25744	4	6252	2006.0101	2008.0101
3025	4	11413	2006.0101	2008.0101
13424	4	15785	2006.0101	2008.0101
30440	4	1952	2006.0101	2008.0101
17833	4	27239	2006.0101	2008.0101
2848	4	10099	2006.0101	2008.0101
31182	4	33762	2006.0101	2008.0101
37373	4	376	2006.0101	2008.0101
12679	4	36658	2006.0101	2008.0101
22535	4	1744	2006.0101	2008.0101
13898	4	8876	2006.0101	2008.0101
30140	4	10697	2006.0101	2008.0101
26883	4	36768	2006.0101	2008.0101
10829	4	980	2006.0101	2008.0101
3384	4	3638	2006.0101	2008.0101
28403	4	3173	2006.0101	2008.0101
5297	4	7773	2006.0101	2008.0101
40336	4	16090	2006.0101	2008.0101
39347	4	19652	2006.0101	2008.0101
14671	4	4077	2006.0101	2008.0101
13517	4	15673	2006.0101	2008.0101
4139	4	42188	2006.0101	2008.0101
6506	4	7492	2006.0101	2008.0101
15061	4	27819	2006.0101	2008.0101
26128	4	17920	2006.0101	2008.0101
24860	4	14668	2006.0101	2008.0101
27273	4	5068	2006.0101	2008.0101
36119	4	15190	2006.0101	2008.0101
13771	4	26291	2006.0101	2008.0101
26572	4	18287	2006.0101	2008.0101
13126	4	18859	2006.0101	2008.0101
22316	4	36219	2006.0101	2008.0101
42274	4	4125	2006.0101	2008.0101
29556	4	20177	2006.0101	2008.0101
22235	4	23069	2006.0101	2008.0101
13444	4	21704	2006.0101	2008.0101
24349	4	2334	2006.0101	2008.0101
40797	4	8265	2006.0101	2008.0101
26519	4	7344	2006.0101	2008.0101
9272	4	5575	2006.0101	2008.0101
15288	4	15129	2006.0101	2008.0101
28588	4	3015	2006.0101	2008.0101
37089	4	13779	2006.0101	2008.0101
21251	4	3399	2006.0101	2008.0101
28118	4	1866	2006.0101	2008.0101
29376	4	22180	2006.0101	2008.0101
13572	4	3425	2006.0101	2008.0101
27181	4	23315	2006.0101	2008.0101
41272	4	15673	2006.0101	2008.0101
1439	4	12340	2006.0101	2008.0101
6951	4	10826	2006.0101	2008.0101
30853	43	40640	2006.0101	2008.0101
19327	4	13612	2006.0101	2008.0101
14917	4	15898	2006.0101	2008.0101
37057	4	18710	2006.0101	2008.0101
42489	4	30961	2006.0101	2008.0101
2643	4	29766	2006.0101	2008.0101
31747	4	4152	2006.0101	2008.0101
31747	4	983	2006.0101	2008.0101
24293	4	359	2006.0101	2008.0101
11701	4	38210	2006.0101	2008.0101
22752	4	13862	2006.0101	2008.0101
6048	4	39058	2006.0101	2008.0101
42632	4	7190	2006.0101	2008.0101
29321	4	2094	2006.0101	2008.1231
9345	4	5881	2006.0101	2009.0
5957	4	5958	2006.0101	2009.0101
8828	4	10937	2006.0101	2009.0101
10643	4	2792	2006.0101	2009.0101
14115	4	1321	2006.0101	2009.0101
15476	4	13876	2006.0101	2009.0101
14031	4	11288	2006.0101	2009.0101
16547	4	16548	2006.0101	2009.0101
18233	4	16058	2006.0101	2009.0101
19469	4	5266	2006.0101	2009.0101
6251	4	4901	2006.0101	2009.0101
6954	4	10566	2006.0101	2009.0101
5012	4	5068	2006.0101	2009.0101
32200	4	3836	2006.0101	2009.0101
23639	4	12407	2006.0101	2009.0101
7096	4	17972	2006.0101	2009.0101
31882	4	34389	2006.0101	2009.0101
28257	4	11745	2006.0101	2009.0101
34093	4	9042	2006.0101	2009.0101
19425	4	17056	2006.0101	2009.0101
33571	4	31123	2006.0101	2009.0101
17494	4	1429	2006.0101	2009.0101
18414	4	2334	2006.0101	2009.0101
6929	4	23821	2006.0101	2009.0101
19499	4	2545	2006.0101	2009.0101
4399	4	40134	2006.0101	2009.0101
23908	4	18621	2006.0101	2009.0101
23457	4	5145	2006.0101	2009.0101
17703	4	28348	2006.0101	2009.0101
33223	4	10340	2006.0101	2009.0101
10739	4	15632	2006.0101	2009.0101
26533	4	15785	2006.0101	2009.0101
5536	4	14979	2006.0101	2009.0101
12369	4	7125	2006.0101	2009.0101
27765	3	35698	2006.0101	2009.0101
15283	4	12978	2006.0101	2009.0101
3253	4	16072	2006.0101	2009.0101
41374	4	41764	2006.0101	2009.0101
2182	4	21515	2006.0101	2009.0101
20279	4	14979	2006.0101	2009.0101
30387	4	10705	2006.0101	2009.0101
6895	4	37467	2006.0101	2009.0101
29419	4	1440	2006.0101	2009.0101
38	4	319	2006.0101	2009.0101
7470	4	28250	2006.0101	2009.0101
5995	4	6339	2006.0101	2009.0101
37376	4	9276	2006.0101	2009.0101
4490	4	319	2006.0101	2009.0101
32883	4	14668	2006.0101	2009.0101
32364	4	1690	2006.0101	2009.0101
23796	4	12407	2006.0101	2009.0101
25169	4	3263	2006.0101	2009.0101
24518	4	9083	2006.0101	2009.0101
32052	4	23313	2006.0101	2009.0101
16725	4	12792	2006.0101	2009.0101
16810	4	2609	2006.0101	2009.0101
4297	4	16090	2006.0101	2009.0101
14189	4	5575	2006.0101	2009.0101
6050	4	3750	2006.0101	2009.0101
13964	4	7001	2006.0101	2009.0101
19797	4	63	2006.0101	2009.0101
25297	4	28206	2006.0101	2009.0101
25297	4	5701	2006.0101	2009.0101
26657	4	9336	2006.0101	2009.0101
23417	4	21477	2006.0101	2009.0101
21742	4	2028	2006.0101	2009.0101
26935	4	9469	2006.0101	2009.0101
36220	4	374	2006.0101	2009.0101
25411	4	429	2006.0101	2009.0101
25428	4	13142	2006.0101	2009.0101
7392	41	20624	2006.0101	2009.0101
2770	19	41180	2006.0101	2009.0101
30083	4	6124	2006.0101	2009.0101
1015	4	14961	2006.0101	2009.0101
39171	4	8280	2006.0101	2009.0101
36084	4	1918	2006.0101	2009.0101
38661	4	1440	2006.0101	2009.0101
20770	4	37526	2006.0101	2009.0101
16189	4	18984	2006.0101	2009.0101
30478	4	38071	2006.0101	2009.0101
12400	4	9027	2006.0101	2009.0101
13298	4	948	2006.0101	2009.0101
34117	4	2423	2006.0101	2009.0101
15357	4	5431	2006.0101	2009.0101
19683	4	3618	2006.0101	2009.0101
14534	4	17518	2006.0101	2009.0101
4076	4	4077	2006.0101	2010.0101
19066	4	16134	2006.0101	2010.0101
23587	4	13139	2006.0101	2010.0101
26828	19	29139	2006.0101	2010.0101
27248	4	14771	2006.0101	2010.0101
31166	4	30208	2006.0101	2010.0101
10787	4	7125	2006.0101	2010.0101
33303	4	12903	2006.0101	2010.0101
25976	4	21199	2006.0101	2010.0101
35461	4	33352	2006.0101	2010.0101
9131	4	3691	2006.0101	2010.0101
30010	4	37574	2006.0101	2010.0101
25282	4	429	2006.0101	2010.0101
25873	4	13633	2006.0101	2010.0101
16341	4	429	2006.0101	2010.0101
24908	4	28250	2006.0101	2010.0101
36027	4	359	2006.0101	2010.0101
1498	4	2135	2006.0101	2010.0101
40000	4	7207	2006.0101	2010.0101
39139	4	17231	2006.0101	2010.0101
16410	4	41156	2006.0101	2010.0101
13734	4	3263	2006.0101	2010.0101
41061	4	5953	2006.0101	2010.0101
30061	4	3541	2006.0101	2010.0101
34072	4	30208	2006.0101	2010.0101
41782	4	980	2006.0101	2010.0101
11832	4	25619	2006.0101	2010.0101
24171	4	2480	2006.0101	2010.0101
35432	4	35520	2006.0101	2010.0101
22193	3	1017	2006.0101	2010.0101
10345	4	15234	2006.0101	2010.0101
36653	4	38210	2006.0101	2010.0101
35309	4	616	2006.0101	2010.0101
36667	4	38155	2006.0101	2010.0101
26376	4	17056	2006.0101	2010.0101
16911	4	4030	2006.0101	2010.0101
27534	4	14119	2006.0101	2010.0101
8533	4	5575	2006.0101	2010.0101
19479	4	2503	2006.0101	2010.0101
9989	4	13619	2006.0101	2010.0101
21080	4	21199	2006.0101	2010.0101
15672	4	14979	2006.0101	2010.0101
29139	19	26828	2006.0101	2010.0101
17210	4	2443	2006.0101	2010.0101
40764	4	26839	2006.0101	2010.0101
8175	4	41450	2006.0101	2010.0101
29525	40	13712	2006.0101	2010.0201
9140	17	31614	2006.0101	2010.1209
15944	4	13862	2006.0101	2011.0101
2479	4	19175	2006.0101	2011.0101
34113	4	4108	2006.0101	2011.0101
9226	4	260	2006.0101	2011.0101
25145	4	9682	2006.0101	2011.0101
39076	4	39077	2006.0101	2011.0101
12571	4	359	2006.0101	2011.0101
35320	4	3169	2006.0101	2011.0101
23343	4	2560	2006.0101	2011.0101
15418	4	17039	2006.0101	2011.0101
35337	4	17278	2006.0101	2011.0101
24959	4	27672	2006.0101	2011.0101
15519	4	6749	2006.0101	2011.0101
19474	4	3432	2006.0101	2011.0101
26587	4	1646	2006.0101	2011.0101
22983	4	2443	2006.0101	2011.0101
14213	4	14955	2006.0101	2011.0101
6991	4	23396	2006.0101	2011.0101
22867	4	9584	2006.0101	2011.0101
39063	4	17352	2006.0101	2011.0101
29126	3	34887	2006.0101	2011.0101
18571	4	18859	2006.0101	2011.0101
24219	4	359	2006.0101	2011.0101
26432	4	5311	2006.0101	2011.0101
13163	4	17920	2006.0101	2011.0101
15418	4	166	2006.0101	2011.0101
2917	4	9258	2006.0101	2011.0101
36207	4	23622	2006.0101	2011.0101
30951	4	11239	2006.0101	2011.0101
35840	4	25707	2006.0101	2011.0101
11457	4	429	2006.0101	2012.0101
17962	4	9955	2006.0101	2012.0101
24782	4	15881	2006.0101	2012.0101
10043	4	9584	2006.0101	2012.0101
13964	4	7432	2006.0101	2012.0101
21761	4	21266	2006.0101	2012.0101
33502	4	10389	2006.0101	2012.0101
34331	4	13612	2006.0101	2012.0101
34353	4	390	2006.0101	2012.0101
6929	4	25085	2006.0101	2012.0101
36243	4	21015	2006.0101	2012.0101
20928	4	3291	2006.0101	2012.0101
25160	4	13619	2006.0101	2012.0101
31616	4	37527	2006.0101	2012.0101
35910	4	23622	2006.0101	2012.0101
33223	4	2094	2006.0101	2012.0101
11379	4	29495	2006.0101	2012.0101
13316	4	2094	2006.0101	2012.0101
32284	4	15360	2006.0101	2012.0101
32258	4	42159	2006.0101	2012.0101
39099	4	25977	2006.0101	2012.0101
15926	4	7993	2006.0101	2012.0101
693	4	2809	2006.0101	2012.0101
14161	4	9795	2006.0101	2012.0101
19785	4	37322	2006.0101	2012.0101
30353	41	1339	2006.0101	2012.0127
26768	4	11878	2006.0101	2012.1209
4556	4	2935	2006.0101	2013.0
22008	4	16781	2006.0101	2013.0101
35726	4	1920	2006.0101	2013.0101
4352	4	12846	2006.0101	2013.0101
32887	4	27413	2006.0101	2013.0101
5931	4	35908	2006.0101	2013.0101
36434	4	889	2006.0101	2013.0101
4002	4	23225	2006.0101	2013.0101
25864	9	9285	2006.0101	2014.0
10009	4	11170	2006.0101	2014.0101
34188	4	25085	2006.0101	2014.0101
20756	4	12715	2006.0101	2014.0101
24224	4	37526	2006.0101	2014.0101
14194	4	5575	2006.0101	2014.0101
17887	14	1229	2006.0101	2015.0
1320	4	5706	2006.0101	2015.0101
13846	4	14596	2006.0101	2015.0101
37505	14	7193	2006.0101	2015.0101
20267	4	7931	2006.0101	2016.0
37373	4	14984	2006.0101	2017.05
32768	41	7393	2006.0101	2018.0
11300	70	33127	2006.0104	2006.0104
15888	4	15889	2006.0104	2006.1015
15278	4	10670	2006.0106	2010.1103
15708	4	10670	2006.0106	2010.1206
35147	41	19739	2006.0108	2006.0108
36704	4	111	2006.0109	2006.0615
17980	15	5585	2006.0117	2006.0117
20178	15	5585	2006.0117	2006.0117
37769	15	5585	2006.0117	2006.0117
3103	70	21340	2006.0117	2010.0119
31283	41	2604	2006.0118	2011.0502
4100	32	5506	2006.0119	2006.0119
5506	32	4100	2006.0119	2006.0119
1088	32	34579	2006.012	2006.012
25091	25	2636	2006.0123	2006.0123
4044	4	3911	2006.0124	2008.103
8263	7	814	2006.0127	2006.0127
19492	18	42621	2006.0129	2006.0129
8972	14	14996	2006.02	2014.0
40563	32	11765	2006.0201	2006.0201
11765	32	40563	2006.0201	2006.0201
364	70	21275	2006.0206	2015.1103
35400	15	526	2006.0207	2006.0207
15424	4	3911	2006.0207	2008.1212
1333	32	15616	2006.0208	2006.0208
15616	32	1333	2006.0208	2006.0208
4077	123	17441	2006.021	2008.1123
26348	4	3113	2006.0211	2007.1207
6467	15	16289	2006.0215	2006.0215
16490	9	16491	2006.0219	2017.0501
18291	17	16273	2006.0222	2006.0222
1594	15	34663	2006.0223	2006.0223
1960	25	85	2006.0224	2006.0224
8940	32	2360	2006.03	2006.03
2360	32	8940	2006.0301	2006.0301
22387	15	26980	2006.0308	2006.0308
3661	21	83	2006.031	2006.031
38642	21	83	2006.031	2006.031
31563	4	3847	2006.031	2012.0117
2005	41	2006	2006.0311	2010.0311
5727	32	9829	2006.0313	2006.0313
9829	32	5727	2006.0313	2006.0313
4668	41	21487	2006.0315	2006.0315
4668	41	19739	2006.0315	2006.0315
5927	7	1798	2006.0322	2006.0322
24904	25	34851	2006.0328	2006.0328
9559	4	9825	2006.0331	2006.1015
5473	70	12911	2006.0401	2012.1231
16491	17	16490	2006.0403	2018.0116
1384	22	1916	2006.0405	2006.0405
1916	22	1384	2006.0405	2006.0405
1405	32	3477	2006.0407	2006.0407
1405	32	12017	2006.0407	2006.0407
12017	32	1405	2006.0407	2006.0407
3477	32	1405	2006.0407	2006.0407
119	32	9878	2006.041	2006.041
25244	25	2636	2006.041	2006.041
4046	9	17070	2006.041	2008.0907
18895	15	2228	2006.0414	2006.0414
10458	15	2228	2006.042	2006.042
41991	4	9825	2006.042	2010.0626
7780	3	38580	2006.05	2006.05
25089	9	37276	2006.05	2006.05
12140	41	25929	2006.0501	2017.022
26413	52	12600	2006.0505	2006.0505
27	41	718	2006.0508	2007.0328
16506	41	718	2006.0508	2009.0713
3	62	8699	2006.0515	2015.0114
8699	41	20369	2006.0515	2015.0114
775	41	686	2006.0525	2006.0905
32239	41	686	2006.0525	2006.0912
17434	41	686	2006.0525	2006.0912
33618	41	686	2006.0525	2007.0608
25888	41	686	2006.0525	2007.0608
685	41	686	2006.0525	2007.0614
4468	41	686	2006.0525	2007.0615
4016	41	686	2006.0525	2007.0615
19401	41	686	2006.0525	2007.0615
19280	41	686	2006.0525	2007.0615
33081	41	686	2006.0525	2007.0619
29590	41	686	2006.0525	2007.0818
8460	41	686	2006.0525	2007.1123
35038	41	686	2006.0525	2007.1123
540	41	686	2006.0525	2007.1123
24049	41	686	2006.0525	2007.1123
17880	41	686	2006.0525	2007.1123
7412	32	7413	2006.0526	2006.0526
7413	32	7412	2006.0526	2006.0526
28724	19	36497	2006.0527	2012.1
36497	19	28724	2006.0527	2012.1
29449	25	1970	2006.0531	2006.0531
20469	4	6648	2006.0531	2007.103
24329	123	41293	2006.06	2017.05
30753	1	962	2006.0603	2006.0603
1761	21	10272	2006.0603	2006.0603
3392	1	962	2006.0603	2006.0603
30871	1	962	2006.0603	2006.0603
5489	34	1762	2006.0603	2006.0603
962	25	2397	2006.0603	2006.0603
19752	1	962	2006.0605	2006.0605
6028	1	962	2006.0605	2006.0605
16156	48	3912	2006.0605	2006.0605
620	34	962	2006.0605	2006.0605
19036	19	38164	2006.0606	2014.0101
38164	19	19036	2006.0606	2014.0101
3666	32	8607	2006.0608	2006.0608
8607	32	3666	2006.0608	2006.0608
5927	7	8290	2006.0609	2006.0609
23929	41	17347	2006.0609	2011.0515
7028	64	3687	2006.061	2006.063
6835	32	1465	2006.0612	2006.0612
30907	33	5909	2006.0612	2006.0612
36704	4	8268	2006.0615	2009.1005
1333	32	822	2006.0616	2006.0616
822	32	1333	2006.0616	2006.0616
37150	19	2461	2006.0617	2006.0617
2461	19	37150	2006.0617	2006.0617
8757	4	28804	2006.0617	2012.113
37744	4	7484	2006.0617	2015.1017
33441	4	3911	2006.062	2006.062
9365	4	6880	2006.062	2011.1228
10272	25	2397	2006.0622	2006.0622
25236	38	33046	2006.0623	2008.0721
3702	32	17381	2006.0624	2006.0624
37513	4	19778	2006.0625	2010.0907
21430	19	15471	2006.0625	2011.0701
15471	19	21430	2006.0625	2011.0701
13867	25	2636	2006.0626	2006.0626
21249	4	15889	2006.0627	2010.1202
10272	25	333	2006.0628	2006.0628
20533	4	1910	2006.0628	2011.0
32719	41	7393	2006.0701	2014.0101
2311	32	24909	2006.0704	2006.0704
24909	32	2311	2006.0704	2006.0704
724	70	30289	2006.0708	2010.0708
7301	25	3136	2006.0712	2006.0712
36792	41	18199	2006.0714	2007.1116
47	70	36792	2006.0714	2007.1116
5927	7	11372	2006.072	2006.072
1452	41	1453	2006.072	2006.1202
821	70	1452	2006.072	2006.1202
12029	4	29286	2006.072	2007.093
710	21	590	2006.0726	2006.0726
18110	61	12806	2006.0728	2006.0728
376	123	21983	2006.0801	2006.0801
5487	4	5488	2006.0801	2006.1231
1723	70	17434	2006.0804	2007.1123
15727	4	429	2006.0809	2009.0727
1325	15	3301	2006.0814	2006.0814
314	70	9143	2006.0816	2009.0508
9143	41	18517	2006.0816	2009.0508
18517	80	9143	2006.0816	2009.0508
37844	32	30376	2006.0818	2006.0818
30376	32	37844	2006.0818	2006.0818
2139	15	11999	2006.0819	2006.0819
10272	22	1723	2006.0822	2006.0822
1723	22	10272	2006.0822	2006.0822
6340	4	5311	2006.0825	2008.0111
31129	4	5044	2006.083	2012.1103
40568	41	3698	2006.09	2013.0
31235	4	8268	2006.0905	2009.1118
12954	41	19739	2006.091	2010.011
2560	123	31754	2006.0917	2006.081
5927	7	5915	2006.0918	2006.0918
26074	41	25906	2006.0918	2010.0118
33455	161	8373	2006.092	2006.092
26640	41	26639	2006.0926	2007.0926
28745	61	12806	2006.0929	2006.0929
17215	32	23536	2006.1	2006.1
21220	38	368	2006.1	2006.1
23536	32	17215	2006.1001	2006.1001
8657	48	20868	2006.1003	2006.1003
33737	41	1396	2006.1006	2008.111
637	70	22247	2006.1006	2014.1003
22247	41	1000	2006.1006	2014.1003
1000	80	22247	2006.1006	2014.1003
387	70	14147	2006.1008	2006.1008
2560	123	5207	2006.1009	2007.0517
5520	116	16282	2006.1015	2006.1015
36799	19	6735	2006.1018	2016.05
6735	19	36799	2006.1018	2016.0513
5927	7	10272	2006.1023	2006.1023
39378	12	17666	2006.1101	2006.1101
1655	41	17071	2006.1101	2007.1031
15888	4	27344	2006.1106	2007.0624
16197	32	16247	2006.1108	2006.1108
16247	32	16197	2006.1108	2006.1108
12888	4	10670	2006.1115	2011.103
2843	19	419	2006.1118	2000.0101
12017	32	8820	2006.1123	2006.1123
3477	32	8820	2006.1123	2006.1123
8820	32	3477	2006.1123	2006.1123
8820	32	12017	2006.1123	2006.1123
33051	41	17020	2006.1128	2010.1227
2525	70	33051	2006.1128	2010.1227
31083	25	21512	2006.12	2006.12
17494	19	28738	2006.1201	2006.1201
28738	19	17494	2006.1201	2006.1201
26179	41	1453	2006.1202	2018.1122
821	70	26179	2006.1202	2018.1122
31171	19	31602	2006.1205	2006.1205
31602	19	31171	2006.1205	2006.1205
3288	4	3113	2006.1205	2007.103
12017	32	6838	2006.1206	2006.1206
6838	32	3477	2006.1206	2006.1206
3477	32	6838	2006.1206	2006.1206
6838	32	12017	2006.1206	2006.1206
16296	32	3477	2006.1208	2006.1208
16296	32	12017	2006.1208	2006.1208
12017	32	16296	2006.1208	2006.1208
3477	32	16296	2006.1208	2006.1208
3910	4	9192	2006.1215	2010.0731
8544	62	2037	2006.1221	2006.1221
8544	62	3052	2006.1221	2007.0214
9178	123	8279	2006.1221	2010.0105
15466	37	332	2006.1221	2015.1025
9559	4	6648	2006.1228	2007.1018
5489	34	620	2006.1231	2006.1231
252	15	253	2007.0	2007.0
1019	30	1020	2007.0	2007.0
204	16	752	2007.0	2007.0
173	30	6348	2007.0	2007.0
7082	15	6250	2007.0	2007.0
7726	15	1487	2007.0	2007.0
2351	30	8258	2007.0	2007.0
8577	1	715	2007.0	2007.0
1026	30	363	2007.0	2007.0
2015	30	10331	2007.0	2007.0
11149	18	455	2007.0	2007.0
11411	30	6261	2007.0	2007.0
495	4	12545	2007.0	2007.0
12860	15	4335	2007.0	2007.0
13135	15	13136	2007.0	2007.0
13412	30	13413	2007.0	2007.0
14840	30	14841	2007.0	2007.0
16040	30	16041	2007.0	2007.0
17757	15	7429	2007.0	2007.0
17871	15	3034	2007.0	2007.0
4027	4	14970	2007.0	2007.0
18970	15	4533	2007.0	2007.0
2231	30	19488	2007.0	2007.0
15243	16	4540	2007.0	2007.0
15604	16	1831	2007.0	2007.0
20252	15	20253	2007.0	2007.0
21040	3	1017	2007.0	2007.0
21741	41	5485	2007.0	2007.0
12342	3	9184	2007.0	2007.0
5497	15	21916	2007.0	2007.0
21942	16	18130	2007.0	2007.0
22021	15	283	2007.0	2007.0
22307	16	17314	2007.0	2007.0
9117	15	3034	2007.0	2007.0
15097	14	5869	2007.0	2007.0
23004	17	23005	2007.0	2007.0
23035	16	21361	2007.0	2007.0
2716	30	1991	2007.0	2007.0
22087	16	2491	2007.0	2007.0
17653	15	24178	2007.0	2007.0
21090	15	24526	2007.0	2007.0
8488	15	2851	2007.0	2007.0
9575	3	24550	2007.0	2007.0
17617	32	679	2007.0	2007.0
17019	15	24763	2007.0	2007.0
25155	66	22091	2007.0	2007.0
19711	4	25194	2007.0	2007.0
15243	15	8697	2007.0	2007.0
2754	30	26255	2007.0	2007.0
1991	15	2716	2007.0	2007.0
1700	16	12959	2007.0	2007.0
204	16	11411	2007.0	2007.0
23267	32	11536	2007.0	2007.0
28447	15	28448	2007.0	2007.0
11499	30	2903	2007.0	2007.0
28812	32	10334	2007.0	2007.0
29093	16	17682	2007.0	2007.0
22635	15	3730	2007.0	2007.0
25600	15	29825	2007.0	2007.0
30120	15	5894	2007.0	2007.0
124	30	3383	2007.0	2007.0
30709	15	31151	2007.0	2007.0
1459	16	8521	2007.0	2007.0
20001	30	17210	2007.0	2007.0
24655	30	24806	2007.0	2007.0
24806	15	24655	2007.0	2007.0
26558	3	19978	2007.0	2007.0
7063	16	7064	2007.0	2007.0
12496	20	1877	2007.0	2007.0
32399	16	2666	2007.0	2007.0
2684	16	7414	2007.0	2007.0
2185	15	7638	2007.0	2007.0
32777	15	19931	2007.0	2007.0
5894	30	30120	2007.0	2007.0
30311	16	1487	2007.0	2007.0
10868	4	2207	2007.0	2007.0
8412	15	28281	2007.0	2007.0
26463	3	8970	2007.0	2007.0
23756	30	34010	2007.0	2007.0
32046	1	613	2007.0	2007.0
9838	30	9349	2007.0	2007.0
18112	18	194	2007.0	2007.0
9056	15	31442	2007.0	2007.0
11395	16	524	2007.0	2007.0
5894	30	35244	2007.0	2007.0
16095	4	35252	2007.0	2007.0
11859	16	4987	2007.0	2007.0
23565	16	29993	2007.0	2007.0
204	16	3422	2007.0	2007.0
27869	17	3522	2007.0	2007.0
1966	32	332	2007.0	2007.0
14589	15	57	2007.0	2007.0
13135	15	24763	2007.0	2007.0
18259	25	3689	2007.0	2007.0
14512	16	9048	2007.0	2007.0
20893	15	14466	2007.0	2007.0
469	16	8697	2007.0	2007.0
20918	33	83	2007.0	2007.0
21539	17	34042	2007.0	2007.0
524	30	5693	2007.0	2007.0
5894	30	14127	2007.0	2007.0
17801	15	24588	2007.0	2007.0
12988	4	5684	2007.0	2007.0
17145	15	17671	2007.0	2007.0
13342	16	12700	2007.0	2007.0
124	30	5949	2007.0	2007.0
32181	15	14555	2007.0	2007.0
29812	25	142	2007.0	2007.0
2895	30	6261	2007.0	2007.0
3171	16	1026	2007.0	2007.0
4987	30	11859	2007.0	2007.0
16352	15	2231	2007.0	2007.0
3171	16	7064	2007.0	2007.0
25108	16	13822	2007.0	2007.0
4131	30	11395	2007.0	2007.0
14134	4	12545	2007.0	2007.0
18146	16	11644	2007.0	2007.0
3171	16	10772	2007.0	2007.0
27750	15	7501	2007.0	2007.0
16095	4	24265	2007.0	2007.0
36936	16	34616	2007.0	2007.0
39763	15	69	2007.0	2007.0
39738	15	7209	2007.0	2007.0
14512	15	12837	2007.0	2007.0
30376	32	6016	2007.0	2007.0
9582	16	1504	2007.0	2007.0
9992	30	7726	2007.0	2007.0
16846	4	37643	2007.0	2007.0
22046	30	5693	2007.0	2007.0
18507	32	11000	2007.0	2007.0
7063	15	10733	2007.0	2007.0
14512	16	3696	2007.0	2007.0
7976	30	7486	2007.0	2007.0
2004	16	7157	2007.0	2007.0
9214	16	1492	2007.0	2007.0
283	30	17801	2007.0	2007.0
35879	1	1723	2007.0	2007.0
11928	15	6250	2007.0	2007.0
9111	16	33445	2007.0	2007.0
5144	16	4676	2007.0	2007.0
2804	30	6261	2007.0	2007.0
34868	41	12324	2007.0	2007.0
7461	16	12005	2007.0	2007.0
15458	16	13051	2007.0	2007.0
1647	15	5739	2007.0	2007.0
2178	30	32399	2007.0	2007.0
3653	15	5444	2007.0	2007.0
28381	15	40877	2007.0	2007.0
8741	16	8257	2007.0	2007.0
7638	30	2185	2007.0	2007.0
40944	25	3689	2007.0	2007.0
11914	30	363	2007.0	2007.0
15168	16	10772	2007.0	2007.0
18286	16	4558	2007.0	2007.0
13456	15	2476	2007.0	2007.0
27519	16	1487	2007.0	2007.0
41370	15	38355	2007.0	2007.0
29489	14	29490	2007.0	2007.0
18146	15	11644	2007.0	2007.0
11824	16	503	2007.0	2007.0
38894	16	8024	2007.0	2007.0
8806	16	16568	2007.0	2007.0
11818	15	22261	2007.0	2007.0
32892	15	15821	2007.0	2007.0
22165	4	16084	2007.0	2007.0
14512	15	2771	2007.0	2007.0
41738	4	7602	2007.0	2007.0
39702	16	6841	2007.0	2007.0
12152	4	1727	2007.0	2007.0
31965	4	32046	2007.0	2007.0
27510	15	5352	2007.0	2007.0
12624	15	14495	2007.0	2007.0
9214	15	1492	2007.0	2007.0
19216	16	13822	2007.0	2007.0
29735	4	16894	2007.0	2007.0
7412	32	1405	2007.0	2007.0
20596	30	293	2007.0	2007.0
17106	15	2666	2007.0	2007.0
13602	30	8134	2007.0	2007.0
39521	15	5739	2007.0	2007.0
17106	16	2666	2007.0	2007.0
19216	15	13822	2007.0	2007.0
17106	16	7157	2007.0	2007.0
13342	16	22385	2007.0	2007.0
17539	15	37571	2007.0	2007.0
1716	71	856	2007.0	2007.0
2180	17	95	2007.0	2007.0
28144	30	13603	2007.0	2007.0
23756	30	12144	2007.0	2007.0
204	16	15077	2007.0	2007.0
41060	30	40460	2007.0	2007.0
8894	15	7209	2007.0	2007.0
26014	3	2763	2007.0	2007.0
4320	16	2491	2007.0	2007.0
38720	30	16831	2007.0	2007.0
3252	16	7064	2007.0	2007.0
22011	40	13712	2007.0	2007.0
22021	16	21767	2007.0	2007.0
11840	16	30589	2007.0	2007.0
11395	16	337	2007.0	2007.0
461	30	9117	2007.0	2007.0
1460	30	13990	2007.0	2007.0
4360	16	4359	2007.0	2007.0
4570	30	37372	2007.0	2007.0
24956	4	2480	2007.0	2007.0
17103	30	6181	2007.0	2007.0
18489	16	2491	2007.0	2007.0
173	30	12680	2007.0	2007.0
10436	15	2681	2007.0	2007.0
36936	15	34616	2007.0	2007.0
1207	3	2059	2007.0	2007.0
124	30	11006	2007.0	2007.0
5739	30	1647	2007.0	2007.0
5739	30	39521	2007.0	2007.0
8246	16	8697	2007.0	2007.0
9582	16	229	2007.0	2007.0
6348	15	173	2007.0	2007.0
11859	15	4987	2007.0	2007.0
9582	16	34616	2007.0	2007.0
3109	16	30589	2007.0	2007.0
24626	3	1017	2007.0	2007.0
283	30	22021	2007.0	2007.0
3109	15	38759	2007.0	2007.0
9582	15	229	2007.0	2007.0
26224	16	3982	2007.0	2007.0
17067	15	29825	2007.0	2007.0
36936	16	229	2007.0	2007.0
9582	15	1504	2007.0	2007.0
8645	16	8697	2007.0	2007.0
31128	16	2991	2007.0	2007.0
8645	15	8697	2007.0	2007.0
22395	15	867	2007.0	2007.0
10510	16	503	2007.0	2007.0
25306	15	29136	2007.0	2007.0
2666	30	17106	2007.0	2007.0
20187	15	3034	2007.0	2007.0
32892	15	5090	2007.0	2007.0
6979	17	23005	2007.0	2007.0
22391	16	1487	2007.0	2007.0
1491	16	23667	2007.0	2007.0
17801	15	283	2007.0	2007.0
28190	30	30311	2007.0	2007.0
1601	16	8257	2007.0	2007.0
17801	15	33918	2007.0	2007.0
9546	32	15885	2007.0	2007.0
1055	15	19099	2007.0	2007.0
20952	15	2228	2007.0	2007.0
29566	16	12005	2007.0	2007.0
3243	30	11451	2007.0	2007.0
10832	30	6461	2007.0	2007.0
28281	30	8412	2007.0	2007.0
9117	15	461	2007.0	2007.0
14938	16	8422	2007.0	2007.0
5631	15	4533	2007.0	2007.0
815	16	21361	2007.0	2007.0
7157	30	32399	2007.0	2007.0
6953	4	8379	2007.0	2007.0
2979	15	4533	2007.0	2007.0
17671	30	17145	2007.0	2007.0
6509	16	3982	2007.0	2007.0
27931	32	2626	2007.0	2007.0
18286	16	13525	2007.0	2007.0
27996	16	6736	2007.0	2007.0
16927	4	27369	2007.0	2007.0
7067	16	2491	2007.0	2007.0
5488	1	637	2007.0	2007.0
34737	15	4533	2007.0	2007.0
24001	4	35822	2007.0	2007.0
454	17	3522	2007.0	2007.0
14512	16	22046	2007.0	2007.0
37635	4	16216	2007.0	2007.0
42345	17	4241	2007.0	2007.0
13917	25	3689	2007.0	2007.0
4676	30	1020	2007.0	2007.0
19306	4	4215	2007.0	2007.0
19490	16	6736	2007.0	2007.0
26255	15	2754	2007.0	2007.0
3653	15	1090	2007.0	2007.0
1492	30	9214	2007.0	2007.0
15243	15	4540	2007.0	2007.0
15243	16	8697	2007.0	2007.0
7673	15	36318	2007.0	2007.0
14512	16	2771	2007.0	2007.0
3653	15	19639	2007.0	2007.0
14512	16	12837	2007.0	2007.0
17329	15	3982	2007.0	2007.0
30241	14	26784	2007.0	2007.0
7487	30	17029	2007.0	2007.0
28882	1	5489	2007.0	2007.0
8725	16	22046	2007.0	2007.0
3730	30	22635	2007.0	2007.0
4740	30	17208	2007.0	2007.0
36318	30	7673	2007.0	2007.0
12107	16	4558	2007.0	2007.0
9036	16	10772	2007.0	2007.0
37372	15	4570	2007.0	2007.0
38759	30	2185	2007.0	2007.0
18485	15	867	2007.0	2007.0
11965	30	38894	2007.0	2007.0
10056	30	13282	2007.0	2007.0
32399	16	7157	2007.0	2007.0
16041	16	16040	2007.0	2007.0
677	4	13575	2007.0	2007.0
32399	15	7157	2007.0	2007.0
16041	15	16040	2007.0	2007.0
17145	16	17671	2007.0	2007.0
2499	32	23536	2007.0	2007.0
32399	15	2178	2007.0	2007.0
5487	4	5488	2007.0	2007.0
12959	30	18489	2007.0	2007.0
12772	16	12773	2007.0	2007.0
17871	15	3998	2007.0	2007.0
3171	16	3172	2007.0	2007.0
10301	4	3710	2007.0	2007.0
3171	16	8422	2007.0	2007.0
2902	30	10023	2007.0	2007.0
26257	15	443	2007.0	2007.0
28544	16	13404	2007.0	2007.0
30388	17	1037	2007.0	2007.0
17699	15	29825	2007.0	2007.0
22963	38	6806	2007.0	2007.0
35790	15	11678	2007.0	2007.0
26257	16	443	2007.0	2007.0
26257	16	7501	2007.0	2007.0
18083	15	8347	2007.0	2007.0
10733	30	7063	2007.0	2007.0
293	15	20596	2007.0	2007.0
23047	16	19526	2007.0	2007.0
3421	16	16691	2007.0	2007.0
2801	131	14690	2007.0	2007.0
28429	4	25841	2007.0	2007.0
17326	30	17325	2007.0	2007.0
33281	16	19388	2007.0	2007.0
33092	25	3689	2007.0	2007.0
4335	30	12860	2007.0	2007.0
4103	32	14603	2007.0	2007.0
327	15	6140	2007.0	2007.0
22476	16	1026	2007.0	2007.0
7486	15	7976	2007.0	2007.0
26194	4	1835	2007.0	2007.0
40623	15	7998	2007.0	2007.0
38894	15	11965	2007.0	2007.0
469	15	8697	2007.0	2007.0
3990	15	2491	2007.0	2007.0
12900	16	4676	2007.0	2007.0
3998	30	17871	2007.0	2007.0
2903	15	11499	2007.0	2007.0
18178	41	3698	2007.0	2007.0
2231	30	16352	2007.0	2007.0
17208	15	3034	2007.0	2007.0
15604	15	1831	2007.0	2007.0
15604	15	4533	2007.0	2007.0
17208	15	4740	2007.0	2007.0
16352	16	2231	2007.0	2007.0
9167	60	1570	2007.0	2008.0
16690	4	782	2007.0	2008.0
6837	4	26680	2007.0	2008.0
30460	3	26514	2007.0	2008.0
24264	4	15730	2007.0	2008.0
32537	4	6957	2007.0	2008.0
14017	4	16216	2007.0	2008.0
30676	4	13407	2007.0	2008.0
6953	4	33725	2007.0	2008.0
4027	4	38747	2007.0	2008.0
34582	4	40958	2007.0	2008.0
19306	4	8205	2007.0	2008.0
37324	4	24015	2007.0	2008.0
15827	4	3710	2007.0	2008.0
29469	4	7705	2007.0	2008.0
28499	4	22037	2007.0	2008.0
34549	4	41962	2007.0	2008.0
2889	4	35252	2007.0	2008.0
40032	4	20802	2007.0	2008.0
31966	4	28410	2007.0	2008.0
6832	4	6047	2007.0	2008.0
16927	4	30029	2007.0	2008.0
32474	4	36248	2007.0	2008.0
20792	4	6047	2007.0	2008.0
48	4	8846	2007.0	2008.0
11987	4	5431	2007.0	2008.0
5375	4	42178	2007.0	2008.0
37247	4	27685	2007.0	2008.0
16859	4	34425	2007.0	2008.0
8378	4	830	2007.0	2009.0
10735	4	23750	2007.0	2009.0
38318	1	2616	2007.0	2009.0
18328	41	718	2007.0	2009.0
22072	3	1548	2007.0	2009.0
24662	4	2443	2007.0	2009.0
41490	41	947	2007.0	2009.0
1374	123	11292	2007.0	2009.0
22862	41	4626	2007.0	2009.0301
1449	17	1450	2007.0	2010.0
13407	1	613	2007.0	2010.0
20699	41	1839	2007.0	2010.0
33359	4	34903	2007.0	2010.0
15453	14	15579	2007.0	2010.0
22759	4	36181	2007.0	2010.0
39073	4	2885	2007.0	2010.0
12718	4	28666	2007.0	2010.0
3870	4	16216	2007.0	2010.0
18586	3	2365	2007.0	2010.0
20742	4	4994	2007.0	2010.0
15981	4	13407	2007.0	2010.0
14320	3	17017	2007.0	2011.0
32654	41	1339	2007.0	2011.0
14941	41	3698	2007.0	2011.0
17271	4	1910	2007.0	2011.0
17905	41	11812	2007.0	2011.0
35236	3	3041	2007.0	2011.0
32550	3	15248	2007.0	2011.0
27670	3	36171	2007.0	2011.0
24044	41	1092	2007.0	2012.0
32025	18	41940	2007.0	2012.0
33585	46	4793	2007.0	2012.0
14518	14	23669	2007.0	2013.0
22839	41	3698	2007.0	2013.0
13458	9	22792	2007.0	2013.0
22792	41	1339	2007.0	2013.0
35058	4	830	2007.0	2013.0712
798	4	27344	2007.0	2014.0
9271	37	3417	2007.0	2015.0
38659	14	21977	2007.0	2015.0
13761	4	35761	2007.0	2015.0
16465	4	71	2007.0	2016.0
25708	17	35358	2007.0	2016.0406
20918	14	26235	2007.0	2016.093
20179	78	624	2007.0	2017.0
24743	17	23005	2007.0	2017.0
30736	19	10485	2007.0	2017.0
10485	19	30736	2007.0	2017.0
11428	9	18719	2007.0	2017.0
23717	4	23718	2007.0	2018.0
16640	4	12450	2007.0	2018.0
496	1	13	2007.0	2018.0
2040	4	2041	2007.0101	2007.0101
620	29	1760	2007.0101	2007.0101
5931	4	5932	2007.0101	2007.0101
7764	4	7765	2007.0101	2007.0101
8708	4	5191	2007.0101	2007.0101
1784	4	9038	2007.0101	2007.0101
10152	17	1450	2007.0101	2007.0101
10257	4	399	2007.0101	2007.0101
10530	15	3577	2007.0101	2007.0101
11440	15	655	2007.0101	2007.0101
12307	4	12308	2007.0101	2007.0101
13133	15	13134	2007.0101	2007.0101
13806	14	4348	2007.0101	2007.0101
13959	4	13960	2007.0101	2007.0101
14229	4	14230	2007.0101	2007.0101
11798	4	14961	2007.0101	2007.0101
12310	4	15670	2007.0101	2007.0101
12346	4	15873	2007.0101	2007.0101
6181	15	17103	2007.0101	2007.0101
17325	15	17326	2007.0101	2007.0101
1072	15	18175	2007.0101	2007.0101
18259	15	8744	2007.0101	2007.0101
18677	4	4608	2007.0101	2007.0101
620	29	5489	2007.0101	2007.0101
18992	4	6339	2007.0101	2007.0101
11557	4	19868	2007.0101	2007.0101
20071	4	9344	2007.0101	2007.0101
16609	4	3429	2007.0101	2007.0101
7202	4	17118	2007.0101	2007.0101
10959	4	2309	2007.0101	2007.0101
12933	4	18065	2007.0101	2007.0101
4490	4	17413	2007.0101	2007.0101
16821	15	21913	2007.0101	2007.0101
21923	19	21924	2007.0101	2007.0101
17330	15	5048	2007.0101	2007.0101
4998	4	9580	2007.0101	2007.0101
23822	4	1048	2007.0101	2007.0101
8547	4	2982	2007.0101	2007.0101
7876	15	2851	2007.0101	2007.0101
9242	37	1315	2007.0101	2007.0101
14622	4	4324	2007.0101	2007.0101
25084	4	25085	2007.0101	2007.0101
13072	15	8255	2007.0101	2007.0101
26067	4	26068	2007.0101	2007.0101
26180	4	1326	2007.0101	2007.0101
26637	4	1048	2007.0101	2007.0101
5489	25	620	2007.0101	2007.0101
18843	4	14596	2007.0101	2007.0101
19515	4	6523	2007.0101	2007.0101
13211	4	11632	2007.0101	2007.0101
22352	4	10145	2007.0101	2007.0101
10545	4	3581	2007.0101	2007.0101
1024	15	4847	2007.0101	2007.0101
11258	4	2792	2007.0101	2007.0101
892	4	29175	2007.0101	2007.0101
28505	4	22293	2007.0101	2007.0101
29793	15	8584	2007.0101	2007.0101
30230	19	21105	2007.0101	2007.0101
30494	4	30495	2007.0101	2007.0101
30775	4	22490	2007.0101	2007.0101
25883	15	2851	2007.0101	2007.0101
31154	4	31155	2007.0101	2007.0101
21789	4	937	2007.0101	2007.0101
2758	4	19470	2007.0101	2007.0101
18542	4	3223	2007.0101	2007.0101
19716	4	31620	2007.0101	2007.0101
13015	17	3522	2007.0101	2007.0101
23905	4	24519	2007.0101	2007.0101
31952	4	6286	2007.0101	2007.0101
1439	4	23188	2007.0101	2007.0101
29023	4	10799	2007.0101	2007.0101
14221	4	13268	2007.0101	2007.0101
17557	4	32442	2007.0101	2007.0101
32882	4	24750	2007.0101	2007.0101
33108	4	23020	2007.0101	2007.0101
33176	4	13704	2007.0101	2007.0101
20753	4	16475	2007.0101	2007.0101
17770	4	1280	2007.0101	2007.0101
29956	4	25128	2007.0101	2007.0101
2901	15	28448	2007.0101	2007.0101
16862	4	5134	2007.0101	2007.0101
23927	4	12443	2007.0101	2007.0101
34914	4	34915	2007.0101	2007.0101
16189	4	16617	2007.0101	2007.0101
29677	4	4917	2007.0101	2007.0101
8790	4	24313	2007.0101	2007.0101
32293	4	15173	2007.0101	2007.0101
5833	15	6694	2007.0101	2007.0101
24217	46	8178	2007.0101	2007.0101
14148	4	9057	2007.0101	2007.0101
11978	15	4148	2007.0101	2007.0101
3337	15	1746	2007.0101	2007.0101
20637	15	33282	2007.0101	2007.0101
13589	4	6816	2007.0101	2007.0101
5089	15	18314	2007.0101	2007.0101
6016	32	30376	2007.0101	2007.0101
14252	4	9622	2007.0101	2007.0101
3104	15	9366	2007.0101	2007.0101
1020	15	4433	2007.0101	2007.0101
23331	4	3750	2007.0101	2007.0101
6503	4	12984	2007.0101	2007.0101
8409	17	14023	2007.0101	2007.0101
13342	15	27250	2007.0101	2007.0101
7202	4	18063	2007.0101	2007.0101
13138	4	25474	2007.0101	2007.0101
4389	4	32712	2007.0101	2007.0101
3326	175	12364	2007.0101	2007.0101
37530	4	32615	2007.0101	2007.0101
23362	4	16577	2007.0101	2007.0101
26131	4	7001	2007.0101	2007.0101
11000	32	18507	2007.0101	2007.0101
19439	4	7787	2007.0101	2007.0101
15846	4	21895	2007.0101	2007.0101
3200	4	6021	2007.0101	2007.0101
22109	15	6629	2007.0101	2007.0101
12991	4	32524	2007.0101	2007.0101
14724	3	30245	2007.0101	2007.0101
17557	4	23188	2007.0101	2007.0101
2156	15	14740	2007.0101	2007.0101
2164	4	39217	2007.0101	2007.0101
13133	15	7853	2007.0101	2007.0101
32153	4	7721	2007.0101	2007.0101
21825	15	1201	2007.0101	2007.0101
31745	15	11072	2007.0101	2007.0101
17293	4	4160	2007.0101	2007.0101
14603	32	4103	2007.0101	2007.0101
32664	4	13929	2007.0101	2007.0101
27597	4	18027	2007.0101	2007.0101
14852	4	37538	2007.0101	2007.0101
36191	4	22516	2007.0101	2007.0101
33975	15	18314	2007.0101	2007.0101
28257	4	14500	2007.0101	2007.0101
21073	4	11744	2007.0101	2007.0101
13306	4	19630	2007.0101	2007.0101
8685	4	5937	2007.0101	2007.0101
16911	4	247	2007.0101	2007.0101
33502	4	13560	2007.0101	2007.0101
25478	14	2659	2007.0101	2007.0101
33418	4	20580	2007.0101	2007.0101
40199	15	13586	2007.0101	2007.0101
19166	4	32775	2007.0101	2007.0101
4959	4	37574	2007.0101	2007.0101
40114	4	4077	2007.0101	2007.0101
33254	37	673	2007.0101	2007.0101
28326	4	21669	2007.0101	2007.0101
23091	4	33501	2007.0101	2007.0101
24842	4	18777	2007.0101	2007.0101
4145	4	12725	2007.0101	2007.0101
9170	15	22264	2007.0101	2007.0101
23068	4	39473	2007.0101	2007.0101
5970	4	4770	2007.0101	2007.0101
21596	4	18780	2007.0101	2007.0101
6161	16	1504	2007.0101	2007.0101
8367	4	12874	2007.0101	2007.0101
22319	4	24039	2007.0101	2007.0101
1504	30	9582	2007.0101	2007.0101
40460	15	41060	2007.0101	2007.0101
32768	15	14446	2007.0101	2007.0101
24105	4	18575	2007.0101	2007.0101
25995	16	524	2007.0101	2007.0101
26067	4	3432	2007.0101	2007.0101
15476	4	20496	2007.0101	2007.0101
37376	4	8284	2007.0101	2007.0101
9252	4	15873	2007.0101	2007.0101
9104	4	15	2007.0101	2007.0101
22350	15	6694	2007.0101	2007.0101
23091	4	8265	2007.0101	2007.0101
1085	15	7072	2007.0101	2007.0101
16411	4	8989	2007.0101	2007.0101
20434	4	2545	2007.0101	2007.0101
9748	4	37574	2007.0101	2007.0101
2626	32	27931	2007.0101	2007.0101
12571	15	39857	2007.0101	2007.0101
30261	4	18700	2007.0101	2007.0101
16609	4	8289	2007.0101	2007.0101
14643	4	10819	2007.0101	2007.0101
40985	4	12168	2007.0101	2007.0101
19694	15	26594	2007.0101	2007.0101
35906	15	1538	2007.0101	2007.0101
23758	4	882	2007.0101	2007.0101
11156	4	18027	2007.0101	2007.0101
25744	4	18037	2007.0101	2007.0101
3554	4	172	2007.0101	2007.0101
4506	4	33212	2007.0101	2007.0101
34975	4	17352	2007.0101	2007.0101
5758	4	25339	2007.0101	2007.0101
31952	4	26535	2007.0101	2007.0101
30976	4	13139	2007.0101	2007.0101
13796	4	15234	2007.0101	2007.0101
32728	4	4213	2007.0101	2007.0101
6676	4	3429	2007.0101	2007.0101
3134	4	3135	2007.0101	2007.0101
29538	4	2186	2007.0101	2007.0101
14221	4	31795	2007.0101	2007.0101
17994	4	7787	2007.0101	2007.0101
11086	4	5311	2007.0101	2007.0101
10628	4	41771	2007.0101	2007.0101
30833	4	6741	2007.0101	2007.0101
24436	4	19285	2007.0101	2007.0101
38343	4	11632	2007.0101	2007.0101
22048	4	4999	2007.0101	2007.0101
27435	4	24977	2007.0101	2007.0101
31337	4	468	2007.0101	2007.0101
34975	4	5932	2007.0101	2007.0101
1311	4	18777	2007.0101	2007.0101
6129	4	7432	2007.0101	2007.0101
27051	4	22516	2007.0101	2007.0101
20510	4	12529	2007.0101	2007.0101
34353	4	5035	2007.0101	2007.0101
16050	4	36658	2007.0101	2007.0101
11381	4	22180	2007.0101	2007.0101
25169	4	11797	2007.0101	2007.0101
11083	4	16700	2007.0101	2007.0101
32933	4	6051	2007.0101	2007.0101
23796	4	5946	2007.0101	2007.0101
20211	4	31044	2007.0101	2007.0101
39954	19	7891	2007.0101	2007.0101
7335	15	36164	2007.0101	2007.0101
30976	4	2880	2007.0101	2007.0101
9416	15	1922	2007.0101	2007.0101
25326	4	3350	2007.0101	2007.0101
7824	4	20177	2007.0101	2007.0101
4806	4	17413	2007.0101	2007.0101
38443	4	1120	2007.0101	2007.0101
3388	4	29703	2007.0101	2007.0101
22087	15	655	2007.0101	2007.0101
16707	4	6816	2007.0101	2007.0101
37924	4	2651	2007.0101	2007.0101
20012	4	32236	2007.0101	2007.0101
2120	4	16205	2007.0101	2007.0101
19298	4	1478	2007.0101	2007.0101
19298	4	37598	2007.0101	2007.0101
8685	4	15673	2007.0101	2007.0101
41588	4	19470	2007.0101	2007.0101
28359	4	7008	2007.0101	2007.0101
8856	4	5030	2007.0101	2007.0101
38203	4	32370	2007.0101	2007.0101
20495	4	7492	2007.0101	2007.0101
41573	15	5048	2007.0101	2007.0101
11740	4	7961	2007.0101	2007.0101
23384	4	5290	2007.0101	2007.0101
33123	4	6527	2007.0101	2007.0101
25100	4	17982	2007.0101	2007.0101
40151	4	26697	2007.0101	2007.0101
13316	4	17790	2007.0101	2007.0101
21962	15	38369	2007.0101	2007.0101
12920	15	17911	2007.0101	2007.0101
31725	4	7092	2007.0101	2007.0101
20821	4	20954	2007.0101	2007.0101
5768	4	5769	2007.0101	2007.0101
12364	1	3326	2007.0101	2007.0101
1085	15	15250	2007.0101	2007.0101
34655	15	13120	2007.0101	2007.0101
18456	4	2427	2007.0101	2007.0101
14127	15	5894	2007.0101	2007.0101
21541	4	27413	2007.0101	2007.0101
8547	4	2133	2007.0101	2007.0101
23713	15	524	2007.0101	2007.0101
32307	15	9366	2007.0101	2007.0101
12307	4	33107	2007.0101	2007.0101
22021	15	21380	2007.0101	2007.0101
14622	4	10349	2007.0101	2007.0101
22772	4	8648	2007.0101	2007.0101
39607	4	13728	2007.0101	2007.0101
5443	15	6865	2007.0101	2007.0101
4093	4	22140	2007.0101	2007.0101
23553	4	31339	2007.0101	2007.0101
6756	15	1538	2007.0101	2007.0101
22338	15	846	2007.0101	2007.0101
22772	4	9635	2007.0101	2007.0101
13430	4	25235	2007.0101	2007.0101
13413	15	13412	2007.0101	2007.0101
11029	4	27532	2007.0101	2007.0101
6522	4	4568	2007.0101	2007.0101
21143	15	4148	2007.0101	2007.0101
8376	15	655	2007.0101	2007.0101
30304	4	11755	2007.0101	2007.0101
32147	15	33393	2007.0101	2007.0101
22542	15	20432	2007.0101	2007.0101
18263	17	1450	2007.0101	2007.0101
38789	4	1741	2007.0101	2007.0101
4389	4	5953	2007.0101	2007.0101
4389	4	3900	2007.0101	2007.0101
4526	4	17920	2007.0101	2007.0101
26180	4	12332	2007.0101	2007.0101
38789	4	9306	2007.0101	2007.0101
13588	41	1339	2007.0101	2007.0101
20887	4	2138	2007.0101	2007.0101
22090	4	18901	2007.0101	2007.0101
15705	4	4390	2007.0101	2007.0101
22090	4	41986	2007.0101	2007.0101
7491	4	27437	2007.0101	2007.0101
41549	4	6955	2007.0101	2007.0101
34118	15	7503	2007.0101	2007.0101
12406	4	13607	2007.0101	2007.0101
28653	4	24848	2007.0101	2007.0101
26338	16	503	2007.0101	2007.0101
20021	4	6477	2007.0101	2007.0101
36099	4	32986	2007.0101	2007.0101
10230	4	2041	2007.0101	2007.0101
10007	15	1245	2007.0101	2007.0101
4440	4	2595	2007.0101	2007.0101
15278	15	9366	2007.0101	2007.0101
18200	15	9366	2007.0101	2007.0101
36936	16	1504	2007.0101	2007.0101
3072	4	30663	2007.0101	2007.0101
15885	32	9546	2007.0101	2007.0101
10013	15	6045	2007.0101	2007.0101
8283	4	15706	2007.0101	2007.0101
13306	4	40301	2007.0101	2007.0101
19174	4	11675	2007.0101	2007.0101
36179	4	11817	2007.0101	2007.0101
15834	4	9350	2007.0101	2007.0101
13131	4	6816	2007.0101	2007.0101
39350	4	15366	2007.0101	2007.0101
24270	15	40739	2007.0101	2007.0101
817	15	40739	2007.0101	2007.0101
30160	15	2851	2007.0101	2007.0101
21812	4	25183	2007.0101	2007.0101
6752	4	1766	2007.0101	2007.0101
4593	4	10547	2007.0101	2007.0101
13901	4	39170	2007.0101	2007.0101
4593	4	29799	2007.0101	2007.0101
19834	15	11897	2007.0101	2007.0101
12149	4	15957	2007.0101	2007.0101
15547	4	189	2007.0101	2007.0101
10345	4	11817	2007.0101	2007.0101
2536	15	6865	2007.0101	2007.0101
33223	4	29766	2007.0101	2007.0101
42197	4	2135	2007.0101	2007.0101
15061	4	6115	2007.0101	2007.0101
16563	20	7872	2007.0101	2007.0101
25512	4	9338	2007.0101	2007.0101
35763	4	14012	2007.0101	2007.0101
42193	4	8328	2007.0101	2007.0101
39602	14	3307	2007.0101	2007.0101
24860	4	18601	2007.0101	2007.0101
42197	4	41750	2007.0101	2007.0101
15185	4	4094	2007.0101	2007.0101
7153	15	315	2007.0101	2007.0101
42150	15	6846	2007.0101	2007.0101
6740	4	25066	2007.0101	2007.0101
39348	4	18984	2007.0101	2007.0101
2181	4	12618	2007.0101	2007.0101
19166	4	13055	2007.0101	2007.0101
8925	4	24750	2007.0101	2007.0101
35052	4	21504	2007.0101	2007.0101
32463	15	42262	2007.0101	2007.0101
18286	15	655	2007.0101	2007.0101
5195	4	40010	2007.0101	2007.0101
19398	16	1504	2007.0101	2007.0101
10278	15	19410	2007.0101	2007.0101
10542	15	225	2007.0101	2007.0101
32152	4	18405	2007.0101	2007.0101
30864	4	21218	2007.0101	2007.0101
18656	4	5030	2007.0101	2007.0101
4546	4	6494	2007.0101	2007.0101
36977	4	29180	2007.0101	2007.0101
32245	4	41697	2007.0101	2007.0101
12389	15	4148	2007.0101	2007.0101
14585	15	9366	2007.0101	2007.0101
20826	4	4730	2007.0101	2007.0101
10334	32	28812	2007.0101	2007.0101
14585	15	4610	2007.0101	2007.0101
12141	4	6816	2007.0101	2007.0101
30405	4	4324	2007.0101	2007.0101
28895	4	22030	2007.0101	2007.0101
1760	25	620	2007.0101	2007.0101
6663	4	13369	2007.0101	2007.0101
6353	16	1504	2007.0101	2007.0101
12838	15	33326	2007.0101	2007.0101
11440	16	3982	2007.0101	2007.0101
11536	32	23267	2007.0101	2007.0101
21105	19	30230	2007.0101	2007.0101
38324	4	15173	2007.0101	2007.0101
27546	15	7072	2007.0101	2007.0101
26215	4	35255	2007.0101	2007.0101
3277	4	948	2007.0101	2007.0101
21924	19	21923	2007.0101	2007.0101
39677	4	18326	2007.0101	2007.0101
23493	4	21563	2007.0101	2007.0101
19943	15	38431	2007.0101	2007.0101
28527	4	376	2007.0101	2007.0101
6678	4	8889	2007.0101	2007.0101
13875	4	13876	2007.0101	2007.0101
9996	4	9997	2007.0101	2007.0101
4693	4	18601	2007.0101	2007.0101
39913	4	1952	2007.0101	2007.0101
35638	4	11744	2007.0101	2007.0101
41649	15	10749	2007.0101	2007.0101
31164	4	6646	2007.0101	2007.0101
22319	4	5106	2007.0101	2007.0101
27187	4	42452	2007.0101	2007.0101
3565	4	28708	2007.0101	2007.0101
19479	4	39923	2007.0101	2007.0101
12632	4	38879	2007.0101	2007.0101
10353	4	23737	2007.0101	2007.0101
19479	4	6470	2007.0101	2007.0101
14852	4	33782	2007.0101	2007.0101
42476	4	34735	2007.0101	2007.0101
13143	15	4148	2007.0101	2007.0101
7891	19	39954	2007.0101	2007.0101
7202	4	948	2007.0101	2007.0101
33546	4	31795	2007.0101	2007.0101
26377	15	4148	2007.0101	2007.0101
35937	4	28024	2007.0101	2007.0101
9609	4	9172	2007.0101	2007.0101
160	4	161	2007.0101	2007.0101
3879	4	42485	2007.0101	2007.0101
19043	15	13750	2007.0101	2007.0101
15375	15	17450	2007.0101	2007.0101
32324	4	2949	2007.0101	2007.0101
12933	4	22030	2007.0101	2007.0101
10661	4	11288	2007.0101	2007.0101
35344	4	32950	2007.0101	2007.0101
15676	4	12098	2007.0101	2007.0101
36631	4	25085	2007.0101	2007.0101
39624	15	14175	2007.0101	2007.0101
6265	15	8731	2007.0101	2007.0101
22534	4	32726	2007.0101	2007.0101
19571	4	7432	2007.0101	2007.0101
1405	32	7412	2007.0101	2007.0101
7988	4	38312	2007.0101	2007.0101
21668	4	21669	2007.0101	2007.0101
679	32	17617	2007.0101	2007.0101
6526	4	1128	2007.0101	2007.0101
4543	4	3566	2007.0101	2007.0101
16932	4	20387	2007.0101	2007.0101
1021	4	13779	2007.0101	2007.0101
2156	15	6058	2007.0101	2007.0101
28919	4	4176	2007.0101	2007.0101
620	34	2031	2007.0101	2007.0101
9352	15	18314	2007.0101	2007.0101
25114	71	856	2007.0101	2007.0101
35126	15	4363	2007.0101	2007.0101
13526	15	2202	2007.0101	2007.0101
5130	4	23170	2007.0101	2007.0101
11701	4	25085	2007.0101	2007.0101
287	4	5134	2007.0101	2007.0101
10959	4	14579	2007.0101	2007.0101
9274	15	4148	2007.0101	2007.0101
32054	4	1429	2007.0101	2007.0101
6461	15	10832	2007.0101	2007.0101
1651	4	5759	2007.0101	2007.0101
34117	4	7008	2007.0101	2007.0101
33431	15	655	2007.0101	2007.0101
3494	4	28143	2007.0101	2007.0101
28341	4	11745	2007.0101	2007.0101
9653	4	948	2007.0101	2007.0101
31670	3	26784	2007.0101	2007.0101
9382	4	2545	2007.0101	2007.0101
8573	4	27532	2007.0101	2007.0101
15817	4	3201	2007.0101	2007.0101
4214	4	260	2007.0101	2007.0101
12900	15	4148	2007.0101	2007.0101
19683	4	4030	2007.0101	2007.0101
24997	41	718	2007.0101	2007.0402
22330	41	718	2007.0101	2007.0605
39028	41	718	2007.0101	2007.1209
2397	154	32526	2007.0101	2007.1231
12969	4	8382	2007.0101	2008.0
3388	4	3389	2007.0101	2008.0101
3428	4	3429	2007.0101	2008.0101
6700	4	6701	2007.0101	2008.0101
948	123	7319	2007.0101	2008.0101
8060	4	8061	2007.0101	2008.0101
1509	4	8149	2007.0101	2008.0101
8283	4	8284	2007.0101	2008.0101
7124	4	9258	2007.0101	2008.0101
9748	4	9749	2007.0101	2008.0101
10574	4	10575	2007.0101	2008.0101
10661	4	3173	2007.0101	2008.0101
11029	4	5136	2007.0101	2008.0101
1925	4	13728	2007.0101	2008.0101
13875	4	13876	2007.0101	2008.0101
13556	4	14419	2007.0101	2008.0101
15034	4	15035	2007.0101	2008.0101
15610	4	15611	2007.0101	2008.0101
16683	4	980	2007.0101	2008.0101
16841	4	4933	2007.0101	2008.0101
19166	4	13055	2007.0101	2008.0101
2929	4	12986	2007.0101	2008.0101
19702	4	19703	2007.0101	2008.0101
1689	4	11665	2007.0101	2008.0101
21053	4	8509	2007.0101	2008.0101
1049	4	21333	2007.0101	2008.0101
21596	4	21597	2007.0101	2008.0101
9301	4	3169	2007.0101	2008.0101
9668	4	3857	2007.0101	2008.0101
7966	4	22854	2007.0101	2008.0101
10514	4	23051	2007.0101	2008.0101
4290	4	5937	2007.0101	2008.0101
24105	4	18575	2007.0101	2008.0101
24696	4	18777	2007.0101	2008.0101
24925	4	5759	2007.0101	2008.0101
25394	4	11084	2007.0101	2008.0101
25779	4	13592	2007.0101	2008.0101
666	4	25780	2007.0101	2008.0101
26201	4	10821	2007.0101	2008.0101
14714	4	26217	2007.0101	2008.0101
26957	4	4786	2007.0101	2008.0101
25169	4	13627	2007.0101	2008.0101
27637	4	24771	2007.0101	2008.0101
22021	4	5717	2007.0101	2008.0101
27851	4	27852	2007.0101	2008.0101
8251	4	27914	2007.0101	2008.0101
10563	4	2423	2007.0101	2008.0101
29100	4	10705	2007.0101	2008.0101
20120	4	29597	2007.0101	2008.0101
1021	4	17039	2007.0101	2008.0101
8504	4	15129	2007.0101	2008.0101
20211	4	20212	2007.0101	2008.0101
14622	4	30424	2007.0101	2008.0101
30828	4	8252	2007.0101	2008.0101
2504	4	6934	2007.0101	2008.0101
14115	4	1565	2007.0101	2008.0101
24523	4	13067	2007.0101	2008.0101
9272	4	22599	2007.0101	2008.0101
30775	4	3173	2007.0101	2008.0101
12732	4	32721	2007.0101	2008.0101
5574	4	3429	2007.0101	2008.0101
14957	4	30424	2007.0101	2008.0101
28676	4	33580	2007.0101	2008.0101
16174	4	5125	2007.0101	2008.0101
28980	4	28566	2007.0101	2008.0101
2728	4	25899	2007.0101	2008.0101
25506	4	16427	2007.0101	2008.0101
34926	4	9908	2007.0101	2008.0101
2215	4	2216	2007.0101	2008.0101
5135	4	36227	2007.0101	2008.0101
36281	4	16267	2007.0101	2008.0101
177	4	14119	2007.0101	2008.0101
5768	4	26697	2007.0101	2008.0101
4490	4	6236	2007.0101	2008.0101
1295	4	16168	2007.0101	2008.0101
10469	4	2028	2007.0101	2008.0101
34818	4	32950	2007.0101	2008.0101
31664	4	22345	2007.0101	2008.0101
13720	4	8368	2007.0101	2008.0101
24428	4	28856	2007.0101	2008.0101
20510	4	319	2007.0101	2008.0101
21014	4	3263	2007.0101	2008.0101
