22682	31	861	-4000000.0	-4000000.0
4644	12	27243	-808.0	-168.0
1300	1	13406	-509.0	-27.0
13406	12	1345	-509.0	-27.0
2019	1	4644	-330.0	-320.0
4643	19	42290	-328.0	-328.0
42290	19	4643	-328.0	-328.0
2294	1	4644	-315.0	-277.0
2019	1	23780	-312.0	-151.0
20955	66	23780	-305.0	-240.0
2294	1	4644	-277.0	-168.0624
2294	1	13406	-168.0624	27.0
18174	44	6442	-168.0	395.0
2019	1	20956	-150.0	116.0
1940	1	6442	-146.0	330.0
35237	40	14638	-89.0	-89.0
30753	1	6442	-73.0	395.0117
40666	42	11404	-51.0101	-47.0101
36418	19	40666	-51.0	-47.0
40666	19	36418	-50.0101	-46.0101
36698	42	11404	-47.0101	-44.0101
36418	19	36698	-47.0	-44.0
36698	19	36418	-46.0101	-43.0101
11403	41	11404	-44.0902	-30.0812
11403	42	11404	-44.0101	-30.0101
15018	1	13406	-44.0	-27.0
23200	19	39994	-37.0	14.0819
39994	19	23200	-36.0	-36.0
23200	41	12012	-27.0116	14.0819
1300	1	6442	-27.0	285.0
15018	1	6442	-27.0	285.0
6442	27	1300	-27.0	286.0
6442	12	27243	-27.0	476.0
17006	19	33785	-11.0	-11.0
33785	19	17006	-11.0	-11.0
962	210	26607	1.01	1.01
4010	210	26607	1.01	1.01
962	210	24273	1.05	1.05
4010	210	24273	1.05	1.05
39994	19	23200	14.0817	14.0817
17006	41	12012	14.0918	37.0316
28719	4	22226	16.111	16.1115
14656	17	14657	17.0	17.0
6733	40	11649	19.0601	19.0601
2294	1	6442	27.0	395.0
2881	19	6441	38.0	38.0
6441	19	2881	38.0	48.0
6441	41	12012	41.0125	54.1013
6441	19	23474	49.0	54.0
6341	15	562	51.0	51.0
30831	19	8033	53.0	62.0
8033	19	30831	53.0	62.0
30831	41	12012	54.1013	68.0609
30831	19	39974	62.0	65.0
39974	19	30831	62.0101	65.0101
28475	41	12012	81.0914	96.0918
2019	1	6442	116.0	118.0
25302	41	12012	117.0811	138.071
2019	1	20956	118.0	226.0
5617	14	22397	199.0	199.0
5502	15	27033	210.0	210.0
23623	12	27243	224.0	651.0
2019	1	23623	226.0	637.0
37940	41	1160	251.0301	253.063
1300	1	6442	285.0	476.0
42112	41	12012	305.0501	306.0725
36638	133	11203	326.0	326.0
36638	133	2131	326.0	326.0
1940	1	11293	330.0	1204.0
6442	27	11203	330.0511	1453.0529
21063	41	12012	360.02	363.0626
22279	41	12012	379.0119	395.0117
6442	159	2451	380.0	380.0
22279	19	22278	385.0	385.0
22278	19	22279	385.0101	385.0101
1454	1	11293	395.0	1204.0
2294	1	11293	395.0	1204.0
18174	44	11293	395.0	1204.0509
30753	1	11293	395.0117	805.0
119	1	6442	410.0	410.0
28419	19	2338	493.0	511.1127
2338	19	28419	493.0101	511.1129
1300	1	11293	553.0	752.0
5157	19	28343	595.0	619.0
28343	19	5157	595.0101	619.0101
5157	19	22793	619.0	632.0
22793	19	5157	619.0101	632.0101
5157	19	34978	624.0	632.0
34978	19	5157	624.0101	632.0101
24216	27	5158	632.0	656.0
26575	41	24216	632.0608	634.0822
2131	1	11293	635.0	635.0
2019	1	24216	637.0	661.0
41762	41	1160	640.1227	642.1012
24216	27	33788	656.0	661.0
33984	41	15112	661.0101	672.0101
10736	12	1345	697.0	1797.0
2589	44	10736	697.0	1797.0
2589	1	10736	697.0	1797.0511
25151	41	1160	715.0523	731.0211
1300	44	1161	752.0	1870.092
1300	1	1161	752.0	1870.092
1161	12	1345	756.0	1870.0
13858	1	5412	762.0	1258.0
5412	27	13858	762.0101	836.0101
41286	19	38924	771.0	783.0
38924	19	41286	771.0	783.0
2650	66	475	794.0	1869.0
17903	41	1160	795.1231	816.0612
38924	41	16171	800.1225	814.0128
20886	41	15112	809.0518	823.0529
10736	27	2589	810.0	810.0
30367	41	15112	823.0529	833.0322
29822	41	1160	827.1001	844.0125
5412	27	16861	836.0101	892.0101
39091	13	36102	839.0	839.0
2540	1	3917	843.0	953.0
21167	1	3917	843.0	962.0
3050	12	1345	843.0	1791.0904
3917	62	39091	843.0101	876.0828
3917	12	1345	843.0101	962.0101
5411	44	3987	854.0	1701.0
17446	44	3050	864.0	1529.0
3917	62	36102	882.0101	887.1101
11324	41	1160	884.0521	885.0708
3917	62	36636	887.0101	899.0101
5412	27	13858	892.0101	1258.0101
30227	19	22353	903.0	945.0
22353	19	30227	903.0	945.0
28575	41	16171	915.12	924.0407
3917	62	37550	919.0101	936.0101
24812	21	8863	927.0	955.1123
8863	12	1345	927.0	1649.0
119	44	8863	927.0	1707.0101
4009	1	8863	927.0	1707.043
119	1	8863	927.0	1707.043
24496	19	36685	929.0	946.0
36685	19	24496	929.0101	946.0101
37421	41	15112	930.1016	946.0523
3917	62	24496	936.0101	962.0101
32929	40	20289	936.0624	936.0624
22353	41	2761	945.0	960.0
24812	41	9504	946.0	955.1123
40595	19	2760	947.0	950.0101
2760	19	40595	950.0	950.0
24496	19	2760	951.0101	951.0101
8411	1	3917	962.0	962.0
8411	1	108	962.0	1017.0
21167	1	108	962.0	1792.0
8742	1	108	962.0	1802.0
108	12	1345	962.0	1806.0
651	1	108	962.0	1806.0
25119	1	613	962.0	1806.0
12548	1	108	962.0101	1806.0711
12548	44	108	962.0101	1806.0711
7784	40	27776	966.0	966.0
7922	1	796	970.0101	1658.0101
17289	66	17044	971.0	971.0
2760	19	24496	973.05	973.05
5480	41	9504	975.0	978.0318
23742	19	11814	979.0	979.0
11814	19	23742	979.0	987.0
203	1	3050	987.0	1792.0
11814	19	11202	988.0	1011.0
6791	1	29209	990.0	1138.0
6791	44	29209	990.0	1138.0
2760	18	2761	991.0	994.0
1405	44	17986	996.0	996.0
12115	1	10398	1000.0	1526.0
3003	1	10398	1000.0	1526.0
20292	1	10398	1000.0	1526.1216
10398	12	1345	1000.0	1918.0
32380	12	1345	1005.0	1797.0
2382	1	32380	1005.0	1797.0613
9246	78	383	1011.0	1011.0
30753	1	11293	1018.0	1185.0
29209	12	1345	1025.0	1385.0
6028	1	10398	1025.0	1521.0827
24133	62	34239	1035.0	1063.0
5652	42	5653	1035.0	1087.0
24133	12	1345	1035.0	1715.0
5652	41	5653	1035.0703	1087.0909
38414	41	9504	1042.0	1066.0105
37595	19	5415	1049.052	1060.0101
5415	19	37595	1051.0519	1060.0
14637	215	5652	1066.0	1066.0
215	74	424	1066.0	1485.0
9767	41	9504	1066.0105	1066.1014
5652	41	9504	1066.1225	1087.0909
14637	40	14638	1088.0	1088.0
31503	40	14638	1094.0	1094.0
31503	40	14638	1096.0	1096.0
2760	116	16282	1097.0101	1097.0101
8863	27	119	1100.0	1100.0
8863	27	24853	1100.0	1100.0
1614	44	12998	1118.0503	1118.0503
1384	27	7573	1122.0	1122.0
1384	27	262	1122.0	1122.0
21640	44	20833	1128.0	1232.0407
18815	27	2254	1130.0	1266.0
18815	12	1345	1130.0	1816.0
3231	41	1160	1130.0221	1143.0924
9898	1	18815	1137.0	1282.0411
42378	41	15112	1142.0105	1155.0822
1335	41	20831	1145.0	1161.0
39155	19	22853	1146.0	1157.1104
22853	19	39155	1146.0	1157.1104
14637	40	14638	1147.0	1147.0
383	44	26142	1157.0	1618.0
38414	116	16282	1161.0207	1161.0207
12452	12	4673	1166.0108	1794.0
32433	3	2735	1167.0	1185.0
32433	3	732	1167.0	1185.0
16103	41	2761	1169.05	1184.08
33495	41	2761	1169.05	1185.1206
21310	19	33495	1174.0	1198.0901
33495	19	21310	1174.0	1198.0901
2165	19	33811	1180.0428	1190.0315
33811	19	2165	1180.0505	1190.0322
2165	41	8722	1180.0918	1223.0714
12604	41	1228	1183.0	1216.0
8742	12	4673	1184.0	1184.0
16103	19	16102	1184.08	1191.0801
36838	19	36839	1186.0	1204.0
36839	19	36838	1186.0106	1204.0809
31503	52	13610	1189.0	1219.0
5990	19	20683	1191.0	1196.0
20683	19	5990	1191.0	1196.0
2165	19	14674	1193.0814	1193.1105
14674	19	2165	1193.0821	1193.1112
2165	19	22041	1196.0601	1201.0719
22041	19	2165	1196.0608	1201.0726
20683	19	38662	1197.12	1230.0924
24853	66	8863	1200.0	1200.0
19954	19	1673	1200.0523	1226.1108
1673	19	19954	1200.053	1226.1115
12604	41	27817	1202.0	1241.0
11203	1	11293	1204.0	1204.0
12604	19	14102	1205.0	1212.0524
28287	19	30706	1206.0	1220.1102
30706	19	28287	1206.0	1220.1102
16170	19	7605	1209.08	1222.0623
7605	19	16170	1209.0801	1222.063
28061	42	27817	1214.05	1221.0327
12604	19	28061	1214.05	1221.0327
28061	19	12604	1214.05	1221.0327
31503	52	3587	1219.0	1231.0
12622	12	4673	1219.0	1427.0
16170	41	16171	1220.0	1250.0
4672	12	4673	1220.0	1802.0
19954	41	8722	1223.0714	1226.1108
13718	41	8722	1226.1108	1270.0825
31476	41	6751	1227.0918	1243.0625
19002	19	7391	1229.0624	1231.0828
7391	19	19002	1229.0624	1231.0828
7391	42	27817	1229.0624	1231.0828
332	1	12998	1230.0	1516.0122
12998	12	1345	1230.0	1715.0
31503	52	7526	1231.0	1234.0
21640	44	39616	1232.0408	1368.0
31503	52	24711	1234.0	1241.0
13718	19	26950	1234.0527	1270.0825
26950	19	13718	1234.0603	1270.0901
23488	1	37615	1234.0929	1234.0929
23488	1	12998	1234.0929	1715.0
16170	19	25631	1235.0	1241.1201
25631	19	16170	1235.0101	1241.1208
10910	1	12998	1238.0	1492.0
31503	52	13609	1241.0	1245.0
31476	41	1160	1243.0625	1254.1207
6778	12	4673	1245.0	1806.0101
14637	52	29092	1246.0	1268.0515
8027	1	17013	1250.0502	1517.0122
5889	19	14319	1253.0	1279.0216
679	76	18525	1255.0	1946.0704
2294	1	11293	1261.0	1423.0
11203	1	11293	1261.0	1453.0528
18174	44	11293	1261.0725	1361.0
17891	19	18474	1262.0528	1271.0128
18474	19	17891	1262.0604	1271.0204
13269	12	1345	1263.0	1547.0
29	66	13269	1263.0	1547.0
14637	40	14638	1264.0	1265.07
31503	52	33866	1265.0	1296.0
18815	27	515	1266.0	1282.0
17891	41	8722	1270.0825	1285.1005
30134	41	9504	1272.1116	1307.0707
17891	19	37778	1274.0821	1285.1005
37778	19	17891	1274.0828	1285.1012
1916	12	1345	1278.0	1278.0
15953	1	1161	1278.0	1440.0
4424	44	1161	1278.0729	1796.0619
38125	41	38126	1279.0	1294.0
18815	27	6482	1282.0	1401.0
1905	44	8863	1282.0	1707.0101
34346	19	5890	1282.0211	1325.0107
5890	19	34346	1282.0211	1325.0107
29426	12	1345	1282.033	1816.1212
9898	1	29426	1282.0412	1799.012
29	1	13269	1283.0	1547.0115
18475	19	32042	1284.0816	1305.0402
32042	19	18475	1284.0823	1305.041
18475	41	8722	1285.1005	1314.1129
3986	48	42184	1286.0329	1286.0329
2540	1	108	1288.0605	1801.0208
715	12	1345	1291.0801	1291.0801
1455	12	27243	1299.0	1922.0
6989	1	2377	1300.0	1791.0503
1905	1	1905	1301.0	1301.0
2551	44	13269	1301.0	1547.0
1455	109	10502	1302.0727	1876.0
24618	19	23613	1305.0923	1315.043
23613	19	24618	1305.1001	1315.0508
12248	19	32865	1309.0912	1357.0528
32865	19	12248	1309.0912	1357.0528
33505	19	9606	1313.07	1349.1212
9606	19	33505	1313.0701	1349.1201
24618	41	8722	1314.1129	1316.0605
24618	19	30148	1315.0819	1316.0605
30148	19	24618	1315.0827	1316.0613
105	1	2377	1320.0	1569.063
19585	41	8722	1322.0103	1328.0201
19585	19	20119	1322.0921	1324.0321
20119	19	19585	1322.0929	1324.0329
13348	1	108	1323.0	1323.0
2377	27	7834	1323.0	1323.0
7834	1	2377	1323.0125	1569.061
25353	19	12522	1323.0515	1348.0801
12522	19	25353	1323.0515	1348.0801
6440	12	1345	1324.0	1861.0
19585	19	36458	1324.0713	1328.0201
36458	19	19585	1324.0721	1328.0209
1455	27	8557	1329.0	1365.0
8557	66	1455	1329.0	1365.0
3788	1	10736	1331.0	1797.1017
21041	41	5653	1332.0101	1350.0101
21041	19	37101	1332.0728	1349.0911
37101	19	21041	1332.0805	1349.0919
13299	1	29209	1335.0	1335.0
14799	40	20289	1336.0413	1336.0413
41112	40	774	1339.0	1339.0
10511	1	7080	1346.0	1774.0
14798	19	14799	1347.1115	1348.1029
25714	41	1228	1349.0	1351.0
1833	1	29209	1349.0	1385.0813
33505	19	40703	1350.0119	1350.0822
40703	19	33505	1350.0127	1350.083
21041	19	14551	1350.0209	1360.0929
9164	19	33748	1350.0408	1378.0206
33748	19	9164	1350.0416	1378.0214
25714	41	26142	1351.0	1373.1115
11536	1	2377	1353.0	1503.0
12522	19	41466	1353.0527	1362.0611
41466	19	12522	1353.0604	1362.0619
12249	19	19732	1354.0	1354.0
19732	19	12249	1354.0101	1354.0101
14912	19	4621	1355.0	1361.0
25714	41	21142	1356.0	1373.1115
3651	44	37581	1358.0	1808.0
3651	1	37581	1358.0627	1808.0131
23863	1	7080	1359.0	1484.0
13499	1	7080	1359.0	1812.0
8080	19	10891	1360.0601	1372.0911
10891	19	8080	1360.0601	1372.0911
25193	41	292	1360.0619	1406.1229
24460	12	4673	1360.1211	1803.0101
18174	44	1455	1361.0	1923.1029
663	1	2377	1363.0	1569.0
12522	19	9323	1363.0521	1378.1129
9323	19	12522	1363.0529	1378.1207
21793	66	1455	1365.0	1453.0
1455	27	21793	1365.0	1453.0
12521	19	25714	1366.0	1379.0
14912	19	40109	1366.0	1384.0
25714	19	12521	1366.0101	1379.0101
17531	44	3979	1368.0	1368.0
21640	44	3979	1368.0	1368.0
5736	41	9504	1377.0621	1399.093
10528	41	21142	1378.0	1388.0
8080	19	8079	1380.101	1380.101
8079	19	8080	1380.1018	1380.1018
33716	19	1795	1381.0	1394.0
33342	40	20289	1381.01	1381.01
1795	19	33716	1381.0101	1394.0101
5736	19	9324	1382.0	1394.0
24151	40	20289	1382.0917	1382.0917
37055	33	2377	1384.0	1389.0
988	1	29209	1385.0	1385.0
41095	3	2266	1385.0	1385.0
14391	19	1027	1385.0	1422.103
30753	1	1455	1385.0	1443.0
988	1	14974	1385.0	1569.063
2377	59	1423	1385.0101	1385.0101
1027	19	14391	1385.0717	1422.1021
821	1	29209	1385.0813	1385.0813
7104	1	29209	1385.0813	1385.0813
12577	1	29209	1385.0813	1385.0813
4317	1	29209	1385.0813	1385.0813
4317	1	14974	1385.0814	1569.061
1833	1	14974	1385.0814	1569.063
12577	1	14974	1385.0814	1569.063
7104	1	14974	1385.0814	1569.063
821	1	14974	1385.0814	1569.063
13765	40	27776	1386.0215	1386.0215
13765	59	2451	1386.0215	1386.0215
13764	19	13765	1386.0218	1386.0218
13765	40	11649	1386.0218	1386.0218
13765	19	13764	1386.0218	1386.0218
22557	19	14912	1386.0911	1399.1101
14912	19	22557	1386.0919	1399.1109
10528	41	10571	1387.0	1437.0
27535	1	7080	1388.0	1774.072
14912	13	14913	1389.0	1389.0
26303	19	11115	1389.0817	1389.0817
11115	19	26303	1389.0825	1389.0825
403	1	13269	1392.0	1547.0115
822	44	2375	1392.0	1897.1001
10229	44	1455	1392.0	1912.0
14912	13	17725	1393.0	1393.0
12017	1	1455	1393.0717	1878.0218
14912	13	6623	1395.0	1395.0
12211	1	2377	1395.0	1401.0
796	62	13955	1396.0101	1439.0101
25193	41	4308	1396.0519	1406.1229
5736	19	5735	1396.1031	1396.1031
25484	40	20289	1398.0413	1398.0413
14637	40	14638	1399.0	1399.0
25193	40	20289	1399.0422	1399.0422
33716	41	9504	1399.093	1413.032
18815	27	2254	1401.0	1816.0101
25484	41	11837	1401.0525	1409.0725
18653	12	12905	1402.0	1402.0
33716	19	22557	1402.0	1413.0
34097	40	20289	1402.1126	1402.1126
38725	44	2377	1403.0	1493.0
22557	19	33716	1403.0207	1413.0101
12211	1	2377	1404.0624	1514.0801
445	1	10736	1405.0	1797.101
20288	40	20289	1405.1206	1405.1206
22734	19	13955	1406.1026	1406.1026
13955	19	22734	1406.1104	1406.1104
40019	19	28321	1409.0	1417.0
28321	19	40019	1409.0	1417.0801
8417	1	10736	1409.0	1797.0
3022	1	14974	1410.0715	1411.0131
10528	41	21142	1411.0	1415.0
20288	40	20289	1414.1108	1414.1108
1286	12	1345	1415.0	1415.0
4913	1	2377	1415.0	1484.0
4240	27	3633	1415.0	1815.0
3901	66	33685	1416.0	1562.0
3901	1	33685	1416.0	1718.0
1748	44	33685	1416.0	1720.0824
6147	42	1228	1417.0101	1425.0106
8761	12	12905	1419.0	1419.0
15018	1	1455	1419.0	1878.0701
22557	137	14637	1419.1215	1420.0308
20994	19	40019	1421.0119	1426.0801
40019	19	20994	1421.0119	1426.0801
3798	19	25092	1422.0422	1461.0722
25092	19	3798	1422.0501	1461.0731
27022	41	9504	1422.0831	1461.0304
16931	71	3977	1423.0	1423.0
16931	3	9397	1423.0	1423.0
2294	1	10736	1423.0	1430.0329
10414	1	1455	1426.0	1426.0
676	1	10736	1426.0	1797.03
675	1	10736	1426.0101	1797.0101
7586	1	10736	1428.0	1797.0312
3056	40	20289	1429.0515	1429.0515
34097	40	20289	1429.0515	1429.0515
2294	1	1455	1430.0329	1912.1026
5742	1	14974	1431.0	1569.0
10528	41	16171	1433.0	1437.0
28651	42	1228	1434.0	1456.0
3797	19	15451	1436.0624	1445.0816
15451	19	3797	1436.0703	1445.0825
20288	40	20289	1437.0211	1437.0211
15953	1	10736	1440.0	1509.0
38253	41	27817	1440.0409	1448.0105
796	62	38253	1440.0409	1448.0106
13935	163	13936	1447.0715	1447.0715
13935	19	39326	1447.0715	1447.0715
39326	19	13935	1447.0724	1447.0724
30753	1	1455	1448.0	1878.0701
16931	18	6751	1448.122	1448.122
16931	42	6293	1450.0323	1450.0323
3797	19	3375	1451.0309	1483.083
3375	19	3797	1451.0318	1483.0908
11293	12	27243	1453.0	1453.0
1455	27	1195	1453.0	1922.0
1195	12	7525	1453.0	1922.0
1195	66	1455	1453.0	1922.0
1195	1	11293	1453.0529	1453.0529
11203	1	1455	1453.0529	1923.1028
1195	1	1455	1453.0529	1923.1029
6791	1	10398	1454.0	1490.0
6791	44	10398	1454.0	1490.0
3022	1	14974	1457.0525	1569.063
1940	1	1455	1458.0	1822.0101
19752	1	1455	1459.0	1817.0
3392	1	1455	1459.0	1913.0529
3374	42	292	1460.0	1460.0
16485	1	1455	1462.0	1918.0
2373	1	4240	1462.0101	1975.0
15688	40	20289	1464.0329	1464.0329
8912	19	8911	1466.0	1467.0
8911	19	8912	1466.0	1476.0
6408	1	10398	1466.0	1490.0
22736	1	14974	1466.1019	1569.063
3556	41	1228	1468.0	1476.0
21138	40	3823	1469.0827	1469.0827
3130	19	41823	1469.1014	1504.1126
41823	19	3130	1469.1019	1504.1126
4924	1	4240	1470.0101	1975.0
27022	41	9504	1470.1003	1471.0404
3518	1	4240	1471.0101	1661.0
4239	12	4240	1472.0	1778.0
4239	1	4240	1472.0	1778.0
1894	44	128	1472.0101	1800.0101
128	12	12905	1472.0313	1800.0
35404	19	27829	1474.0417	1501.0125
3839	19	35065	1476.082	1500.0403
35065	19	3839	1476.082	1500.0403
25135	40	20289	1476.1212	1476.1212
25135	19	15688	1476.1212	1490.0406
15688	19	25135	1476.1212	1490.0406
6306	1	13269	1478.0	1547.0115
1454	1	1455	1478.0101	1778.0101
7163	44	13269	1479.0101	1547.0101
3630	185	24767	1480.0	1480.0
796	62	20072	1481.0521	1513.022
16338	31	203	1482.0	1482.0
4405	1	30993	1482.0	1526.0
3417	1	30993	1482.0	1581.0715
19990	1	7080	1484.0	1484.0
19990	1	1455	1484.0	1770.0725
23863	1	1455	1484.0	1812.0516
3839	19	25135	1490.1004	1500.0403
25135	19	3839	1490.1004	1500.0403
1751	3	2662	1491.0	1495.0
2869	19	2870	1491.1206	1498.0407
2870	19	2869	1491.1206	1498.0407
2723	12	27243	1492.0	1975.0
30892	1	13269	1492.0101	1547.0101
41823	15	1624	1493.0	1493.0
7507	44	13269	1493.0	1547.0
38725	44	13269	1493.0	1708.0
31430	40	20289	1494.0112	1494.0112
1751	3	732	1496.0	1500.0
2870	19	10218	1499.0101	1514.0109
10218	19	2870	1499.0108	1514.0109
943	22	83	1500.0	1500.0
2891	1	13269	1500.0	1547.0
2891	44	13269	1500.0	1547.0
83	22	943	1500.0101	1500.0101
211	1	4240	1500.0101	1815.0
1751	3	9397	1501.0	1503.0
577	1	4240	1501.0101	1975.0
9420	21	11935	1502.0	1502.0
4484	37	1631	1502.0	1504.0
18235	19	19409	1502.041	1535.0711
34321	40	20289	1502.0929	1502.0929
34321	41	4308	1502.0929	1506.0726
3839	19	34321	1502.0929	1506.0726
34321	19	3839	1502.0929	1506.0726
1751	3	16934	1503.0	1503.0
30956	1	13269	1503.0	1546.0
4484	41	30510	1505.0	1505.0
4484	37	12797	1505.0	1505.0
42631	37	1300	1505.0101	1525.0101
3130	40	20289	1506.0	1506.0
4424	1	108	1506.0	1506.0
4424	1	1161	1506.0	1870.0919
3131	19	4759	1506.0611	1533.0523
4759	19	3131	1506.0621	1533.0602
14790	40	20289	1508.0604	1508.0604
15953	1	1161	1509.0	1527.0
3131	41	9504	1509.0421	1547.0128
14790	40	20289	1509.0511	1509.0511
14367	1	4240	1510.0	1962.0
4415	18	1228	1510.041	1568.032
1775	1	4240	1511.0101	1641.0
796	62	8758	1513.022	1523.0413
34830	19	15707	1514.0518	1524.072
15707	19	34830	1514.0528	1524.073
12211	1	13269	1514.0801	1611.0603
10218	19	18598	1514.1009	1515.0101
18598	19	10218	1514.1009	1515.0111
144	1	1455	1516.0	1917.12
8483	1	1455	1516.0	1917.12
332	1	83	1516.0123	1516.0123
34321	48	9181	1516.0319	1516.0319
8027	44	13069	1517.0	1867.0608
2625	1	1455	1517.0	1917.0
2131	1	1455	1517.0	1917.0
10674	41	6751	1518.0	1545.0
1661	1	4240	1518.0101	1658.0
20769	52	34830	1519.0	1519.0
21117	19	23330	1519.0	1521.0
23330	19	21117	1519.0101	1521.0101
6028	1	1455	1521.0828	1718.072
8484	40	20289	1521.1211	1521.1211
14790	19	8484	1521.1211	1526.0829
8484	19	14790	1521.1211	1526.0829
12796	59	574	1522.0	1522.0
8484	40	20289	1522.0601	1522.0601
796	62	34268	1523.0413	1533.041
637	12	1345	1523.0606	1523.0606
35506	3	33678	1525.0	1530.0
14858	27	16233	1525.0	1701.0
16233	1	14858	1525.0	1918.0
14858	109	2388	1525.0	1918.1109
14858	12	1345	1525.0	1947.0225
42631	37	515	1525.0101	1528.0101
20967	1	10398	1526.0	1526.0
13977	1	10398	1526.0	1526.0
10850	1	10398	1526.0	1526.0
5474	1	10398	1526.0	1526.0
28028	27	42496	1526.0	1540.0
4405	1	2723	1526.0	1581.0725
11805	1	28028	1526.0	1858.0
42496	1	28028	1526.0	1858.0
29241	41	2676	1526.0716	1527.0301
1480	1	10398	1526.111	1526.111
15953	1	10736	1527.0	1529.0
37032	33	630	1527.0	1562.0
42631	37	21864	1528.0101	1528.0101
8703	1	10398	1529.0	1529.0
17446	44	108	1529.0	1556.0
15953	1	1161	1529.0	1796.0
21117	19	34830	1530.0	1547.041
34830	19	21117	1530.0704	1547.0331
9420	19	9421	1531.0	1558.0415
9420	21	1455	1531.0	1558.0415
9421	19	9420	1531.0101	1558.0415
773	41	1954	1533.0	1533.0
15742	19	15486	1533.0	1559.072
12076	21	13269	1533.0101	1533.0101
3131	19	36186	1533.0125	1536.0519
36186	19	3131	1533.0204	1536.0529
773	40	774	1533.033	1533.033
15486	19	15742	1533.1028	1559.071
13858	1	1455	1534.0	1621.0
2932	1	4240	1534.0101	1661.0
796	62	8598	1534.0704	1559.0101
7967	1	2723	1535.0	1820.0
3655	44	24294	1535.0	1821.0721
5365	12	5366	1535.0	2011.1031
12822	19	3131	1536.0	1537.1103
5078	1	4240	1536.0	1620.0
3131	19	12822	1536.053	1537.1024
5365	12	5366	1537.0	2011.1031
26502	19	26503	1538.0101	1550.0101
26503	19	26502	1538.0101	1550.0101
5365	12	5366	1539.0	2011.1031
42582	40	20289	1539.0302	1539.0302
36988	19	36989	1539.0729	1562.1217
36989	19	36988	1539.0808	1562.1227
38119	1	4240	1540.0	1612.0
25315	1	11935	1540.0	1772.0
3131	19	35871	1540.0106	1540.0709
35871	19	3131	1540.0116	1540.0719
3131	19	7757	1540.0728	1542.0213
7757	19	3131	1540.0807	1542.0223
1	1	8181	1542.0	1800.1231
8181	12	1345	1542.0	1801.0
3329	41	3834	1542.1214	1567.0724
19443	1	8863	1543.0	1707.043
3131	19	8643	1543.0712	1547.0128
8643	19	3131	1543.0722	1547.0207
3329	40	20289	1543.0909	1543.0909
10592	19	20435	1543.1113	1545.0712
20435	19	10592	1543.1123	1545.0722
18706	3	2662	1544.0	1544.0
41465	19	38587	1544.0224	1569.0611
26503	37	533	1545.0101	1553.0101
23753	1	1161	1545.0915	1545.0915
4521	14	4522	1546.0	1570.0
33623	19	33622	1546.1231	1546.1231
2891	44	1814	1547.0	1708.0
2551	44	1814	1547.0	1708.1217
7507	44	1814	1547.0	1708.1218
29	66	1814	1547.0	1712.0
2891	1	1814	1547.0	1721.1022
30956	1	1814	1547.0	1721.1101
1814	12	1345	1547.0	1721.1102
12076	21	1814	1547.0101	1547.0101
30892	1	1814	1547.0101	1583.0809
7163	44	1814	1547.0101	1706.0101
1814	27	29	1547.0101	1712.0101
5454	44	1814	1547.0101	1727.0101
33622	19	33623	1547.011	1547.011
16806	1	13269	1547.0115	1547.0115
6306	1	1814	1547.0116	1721.101
403	1	1814	1547.0116	1721.101
537	1	1814	1547.0116	1721.1021
29	1	1814	1547.0116	1721.1021
16806	1	1814	1547.0116	1721.1021
12076	19	29104	1547.0201	1560.0807
29104	19	12076	1547.0201	1560.0817
3329	33	1794	1548.0	1548.0
3329	33	203	1548.0	1561.0
22361	1	2377	1550.0	1569.0
977	1	637	1550.0	1809.0905
18706	3	9397	1552.0	1555.0
8703	1	1455	1552.0727	1718.1012
25358	41	9504	1553.0	1553.0
5381	37	3	1553.0101	1553.0101
27127	19	25358	1553.0101	1554.0101
25358	19	27127	1553.0101	1554.0101
9928	1	4240	1553.0101	1999.0
14312	41	9504	1553.07	1558.1117
11074	137	25359	1554.0318	1554.0318
10592	19	14312	1554.0725	1554.0725
108	59	574	1555.0	1555.0
18706	3	13007	1555.0	1556.0
773	41	3069	1555.1204	1555.1204
17446	44	30993	1556.0	1795.0
13657	44	28028	1556.0	1856.0
30583	59	1423	1557.0	1557.0
30583	41	18603	1557.0	1557.0
30583	59	1390	1557.0	1557.0
1703	12	12905	1558.0	1558.0
3329	19	2564	1558.0	1560.0
17861	1	4240	1558.0	1573.0
2721	1	1814	1558.0	1582.0
4114	41	16171	1558.0101	1564.0101
2564	19	3329	1558.0424	1560.1205
11074	41	2794	1558.1117	1603.0324
11074	41	9504	1558.1117	1603.0324
7506	3	19122	1559.0	1562.0
2565	19	10592	1559.0	1568.0
796	62	28679	1559.0101	1588.0404
3019	19	32989	1559.0606	1559.0606
32989	19	3019	1559.0606	1579.0706
3329	41	4308	1559.071	1560.1205
4235	45	11074	1560.0101	1560.0101
10592	19	2565	1560.0202	1568.1003
4014	1	108	1561.0	1581.0113
37032	14	4114	1562.0	1562.0
37032	33	1631	1562.0	1562.0
7506	3	12052	1562.0	1565.0
26503	37	533	1563.0101	1578.0101
754	1	2723	1563.0101	1895.0101
5381	37	533	1563.0801	1569.0101
37032	41	30510	1564.0	1564.0
4008	33	4009	1564.0	1616.0
7080	27	16296	1564.0	1859.0
3329	19	3330	1565.0	1567.0
3330	19	3329	1565.0	1567.0101
15113	52	5381	1565.0101	1569.0909
27839	41	27147	1568.0101	1570.0101
11935	84	2376	1569.0	1569.0
16933	1	2377	1569.0	1569.0
800	1	2377	1569.0	1569.0
13290	1	2377	1569.0	1569.0
2376	27	7834	1569.0	1596.0
2376	27	7104	1569.0	1596.0
5742	1	2376	1569.0	1672.0
663	1	2376	1569.0	1672.0
16933	1	11935	1569.0	1793.0
800	1	11935	1569.0	1793.0
22361	1	2376	1569.0	1795.0
13290	1	11935	1569.0	1795.0
2376	12	1345	1569.0	1795.0
4317	1	2376	1569.0611	1793.0122
7834	1	2376	1569.0611	1795.1023
17298	1	2377	1569.063	1569.063
4251	1	14974	1569.063	1569.063
5726	1	2377	1569.063	1569.063
536	1	2377	1569.063	1569.063
6016	1	14974	1569.063	1569.063
2360	1	14974	1569.0701	1569.0701
10578	1	14974	1569.0701	1569.0701
2377	44	2376	1569.0701	1569.0701
105	1	2376	1569.0701	1654.0
4251	1	2376	1569.0701	1742.0
22736	1	2376	1569.0701	1772.0804
988	1	2376	1569.0701	1772.0921
5726	1	2376	1569.0701	1772.0921
1833	1	2376	1569.0701	1772.0921
6016	1	2376	1569.0701	1772.0921
2360	1	2376	1569.0701	1772.0922
3022	1	2376	1569.0701	1793.0122
12577	1	2376	1569.0701	1793.0924
17298	1	2376	1569.0701	1793.0924
7104	1	2376	1569.0701	1795.1023
821	1	2376	1569.0701	1795.1023
536	1	2376	1569.0701	1795.1023
11935	44	2376	1569.0701	1795.1024
10578	1	2376	1569.0701	1795.1024
2377	84	2376	1569.0711	1795.1024
15113	52	25292	1569.0909	1625.0113
37032	33	1288	1570.0	1570.0
10592	19	13864	1570.1114	1580.1026
23637	19	13863	1570.1126	1574.053
13863	19	23637	1570.1206	1574.0609
19211	1	1455	1571.0	1914.0
12075	19	12076	1572.0	1575.0101
37292	37	1300	1572.0101	1572.0101
3417	40	14638	1572.0101	1578.0101
12076	19	12075	1572.0429	1575.0
37032	41	30510	1575.0	1575.0
2447	1	4240	1575.0101	1975.0
25162	19	6974	1575.0215	1589.0802
6974	19	25162	1575.0225	1589.0802
7506	130	28679	1576.0	1588.0
13279	19	13280	1576.0501	1586.1212
13280	19	13279	1576.0511	1586.1212
37292	37	9326	1577.0101	1583.0101
42392	19	25812	1579.0	1603.0
25812	19	42392	1579.0101	1603.0101
9993	1	28701	1581.0	1795.0
4014	1	2376	1581.0114	1621.0924
10592	40	20289	1581.0416	1581.0416
3417	1	28701	1581.0716	1795.0118
4405	1	28701	1581.0726	1795.0118
24095	1	28701	1581.0726	1795.0118
28701	12	1345	1581.0726	1795.0119
2721	1	2376	1582.0	1600.0
33329	37	1300	1582.0101	1583.0101
33329	37	949	1586.0601	1628.0101
12997	38	7592	1587.0	1587.0
37032	33	630	1587.0	1587.0
39320	71	5421	1588.0	1588.0
7506	130	22526	1588.0	1597.0
796	62	22526	1588.0404	1648.0228
22526	41	27817	1588.0404	1648.0228
25292	37	3	1589.0101	1596.0101
12840	44	1814	1590.0	1708.1217
25292	37	515	1590.0101	1590.0101
12840	1	1814	1590.0702	1721.1021
39320	71	6274	1591.0	1591.0
12997	38	4222	1591.0	1597.0
25292	37	1300	1592.0101	1594.0101
32156	41	1160	1592.013	1605.0303
8885	19	18873	1592.0827	1611.103
13752	15	4162	1593.0	1593.0
26138	1	4240	1593.0	1698.0
39320	37	9069	1594.0	1594.0
25292	37	630	1595.0101	1596.0101
30892	1	1814	1595.0518	1617.0226
821	66	47	1596.0	1596.0
2376	27	821	1596.0101	1795.0
1539	1	1814	1597.0	1611.0
18124	37	24095	1597.0101	1649.0101
9358	19	4113	1598.0	1598.0
4113	19	9358	1598.0	1598.0
9358	42	42529	1598.0506	1621.0713
4113	42	42529	1598.0506	1621.0713
9358	37	533	1599.0101	1621.0101
2721	1	637	1600.0	1603.0
12997	38	39334	1601.0	1601.0
12997	41	2676	1601.0211	1605.0
2721	1	2376	1603.0	1625.0
11521	41	9504	1603.0324	1625.0327
5161	44	1814	1604.0	1708.1217
25292	37	1288	1604.0101	1604.0101
13752	33	25359	1605.11	1621.0
2723	27	332	1606.0	1606.0
25292	37	533	1606.0101	1613.0101
12997	41	2676	1606.0121	1611.0121
8087	37	1300	1607.0101	1608.0101
12852	45	38356	1608.0	1608.0
5649	14	9358	1609.0901	1609.0901
19699	19	19700	1609.1105	1628.0718
19700	19	19699	1609.1105	1628.0718
39320	37	27783	1611.0	1626.0
1539	1	637	1611.0	1710.0
15052	40	13712	1611.0101	1611.0101
12211	1	2377	1611.0603	1654.0929
12997	41	2676	1612.0	1617.0309
21912	52	10357	1612.0101	1619.032
33982	19	41878	1612.043	1631.0617
41878	19	33982	1612.043	1631.0617
25292	37	488	1613.0101	1613.0101
19163	37	2382	1613.0101	1625.0101
10851	3	33662	1614.0	1615.0
8087	37	533	1614.0101	1645.0101
17542	19	35140	1615.1018	1643.0514
19231	19	16326	1615.1125	1615.1125
35140	19	17542	1615.1125	1643.0514
16794	41	3459	1617.0	1617.0
2226	14	2146	1618.0	1643.0
11536	1	2376	1618.0	1667.0
383	44	33181	1618.0	1701.0
16233	44	33181	1618.0	1701.0
383	1	26142	1618.0826	1618.0826
7828	1	26142	1618.0826	1618.0826
383	1	33181	1618.0827	1701.0117
7828	1	33181	1618.0827	1701.0117
21912	52	21858	1619.032	1637.0215
31389	37	24095	1620.0101	1624.0101
11459	19	8886	1620.1125	1620.1125
19231	37	332	1621.0101	1665.0101
5382	37	3	1622.0101	1625.0801
38211	3	2997	1623.0	1631.0
12622	1	28741	1623.0	1805.1225
31389	37	3417	1623.0101	1625.0101
4726	37	203	1623.0101	1627.0101
4726	41	1954	1623.1208	1623.1208
9270	37	1300	1624.0101	1636.0101
6781	41	5046	1625.0	1640.0
22011	52	15317	1625.0	1649.0
2721	1	637	1625.0	1656.0
19163	37	1300	1625.0101	1627.0101
31389	37	24095	1625.0101	1633.0101
5877	37	4405	1625.0101	1647.0101
15317	37	119	1625.0101	1649.0101
15113	52	5382	1625.0113	1625.0113
15317	41	9504	1625.0327	1649.013
13751	41	22142	1626.0	1626.0
39320	37	8742	1626.0	1626.0
4726	41	6751	1626.0119	1626.0119
4726	37	4424	1627.0101	1631.0101
24094	3	12052	1628.0101	1633.0101
130	37	488	1629.0	1629.0
24837	37	515	1629.0101	1629.0101
24837	41	6751	1629.1119	1629.1119
24837	37	332	1630.0101	1630.0101
130	37	203	1630.0101	1660.0101
18507	1	637	1630.071	1653.0503
38211	3	10294	1631.0	1632.0
8095	44	1161	1631.0	1860.1221
18499	37	3417	1631.0101	1646.0101
24837	37	630	1631.0101	1650.0101
4726	37	1300	1631.0101	1661.0101
31389	37	3417	1631.0101	1669.0101
25629	19	25630	1631.1204	1655.0108
25630	19	25629	1631.1204	1655.0108
38211	3	4244	1632.0	1639.0
9059	44	637	1632.0	1803.0
21814	18	3459	1633.0521	1633.0521
32881	44	12424	1634.0	1634.0
17882	14	4522	1634.0101	1675.0101
12453	3	2997	1635.0	1635.0
30627	33	3417	1635.0101	1660.0101
17044	1	10501	1636.0	1912.0212
16713	44	10501	1636.0	1912.0212
9270	37	203	1636.0101	1688.0101
21912	52	7061	1637.0215	1648.0101
28962	37	203	1638.0101	1646.0101
28962	37	1300	1638.0101	1646.0101
2226	41	6751	1639.0	1639.0
13858	1	1455	1639.0	1920.0425
6781	41	1954	1640.0	1655.0
9953	37	119	1641.0101	1641.0101
8936	3	8937	1642.0	1642.0
29067	27	27221	1642.0	1642.0
21814	41	18603	1642.0625	1652.0
30441	41	21204	1642.1205	1661.0309
16794	14	4522	1643.0101	1655.0101
16657	3	4235	1647.0	1647.0
9953	37	613	1647.0101	1653.0101
9953	37	531	1647.0101	1653.0101
31985	1	3711	1648.0	1654.0313
33560	1	3711	1648.0	1654.0313
130	25	131	1648.0	1660.0
1299	37	3417	1648.0101	1649.0101
31503	40	14638	1648.0524	1648.0711
15251	41	27817	1648.0706	1670.0209
796	62	15251	1648.0706	1670.0209
14436	1	108	1648.1024	1648.1024
14436	1	113	1648.1024	1648.1024
3711	1	3711	1649.0	1654.0313
10616	66	3711	1649.0	1668.0
3711	27	10616	1649.0	1668.0
10616	44	3711	1649.0	1764.0
18499	37	4405	1649.0101	1652.0101
13751	40	36795	1649.0321	1650.0925
39002	21	19975	1649.0519	1658.0913
13711	52	15317	1649.0907	1649.013
13711	52	19231	1649.0907	1649.0907
13711	40	5680	1649.0907	1649.0907
19231	19	16028	1649.1007	1649.1007
23844	33	26914	1650.0101	1653.0101
35944	37	533	1650.1001	1690.0101
35944	41	30510	1651.0	1651.0
22367	37	3417	1651.0101	1651.0101
16657	3	7	1652.0	1675.0
7749	84	13351	1652.0	1820.0315
18499	37	3417	1652.0101	1654.0101
41116	37	3417	1652.0101	1655.0101
9953	37	1300	1653.0101	1653.0101
996	37	3417	1653.0101	1653.0101
13711	52	30441	1653.0101	1661.0309
18507	1	33181	1653.0504	1701.0117
105	1	1814	1654.0	1721.1021
3711	1	1814	1654.0314	1721.1021
31985	1	1814	1654.0314	1721.1021
33560	1	1814	1654.0314	1721.1021
3711	44	1814	1654.0314	1721.1021
12211	1	13269	1654.0929	1721.1022
9546	12	12905	1655.0	1655.0
3711	44	1455	1655.0	1657.0
41116	37	2589	1655.0101	1658.0101
40220	3	2266	1656.0	1660.0
2721	1	1814	1656.0	1661.0
9953	37	203	1656.0101	1656.0101
9953	37	4405	1656.0101	1656.0101
23844	40	11649	1656.0101	1678.0101
996	37	997	1656.0101	1684.0101
13977	1	1455	1658.0	1718.072
7922	1	637	1658.0101	1658.0101
18358	25	652	1658.0101	1658.0101
22888	1	113	1659.0	1659.0
22888	1	2647	1659.0	1659.0
29440	27	23	1659.0101	1659.0101
1480	1	1455	1660.0	1692.0
8863	12	1345	1660.0	1707.0
1299	37	1631	1660.0101	1660.0101
30627	40	3741	1660.0101	1660.0101
30627	33	203	1660.0101	1670.1126
15037	19	12041	1660.0609	1683.073
12041	19	15037	1660.0609	1683.073
7373	41	1954	1661.0	1661.0
13673	3	12052	1661.0	1666.0
12115	1	1455	1661.0	1691.0
2721	1	637	1661.0	1704.0
11443	21	715	1661.0	1743.0
13711	52	12041	1661.0101	1661.0101
14626	3	1232	1661.06	1665.08
1299	37	6038	1662.0101	1704.0101
5760	3	32466	1662.05	1662.05
13673	71	5421	1662.12	1662.12
12453	15	1650	1663.0	1663.0
13673	3	10109	1663.0	1663.0
30627	25	131	1663.0101	1663.0101
8936	42	1618	1663.0701	1663.0701
13579	25	142	1664.0	1664.0
13673	71	6274	1664.0207	1664.0207
33345	19	9367	1665.0	1696.0
14806	25	142	1665.0221	1665.0221
28337	40	3823	1665.062	1665.062
9367	19	33345	1665.0705	1696.0617
13673	71	39921	1665.0928	1665.0928
28337	133	28338	1665.1013	1665.1013
17882	25	325	1666.0	1666.0
13673	3	14176	1666.0	1667.0
4186	1	1814	1666.0	1721.1021
29951	37	1300	1666.0101	1666.0101
13673	71	10213	1666.03	1666.03
38538	25	142	1666.0613	1666.0613
13673	71	34055	1666.11	1666.11
14626	15	1650	1667.0	1667.0
32947	23	35925	1667.0	1668.05
13050	21	113	1667.0101	1667.0101
30627	21	113	1667.0101	1667.0101
28413	37	203	1667.0101	1669.0101
38211	25	142	1667.0314	1686.0716
14626	3	1232	1667.04	1668.0
21161	19	28370	1668.0	1668.0
28370	19	21161	1668.0101	1668.0101
16657	25	142	1668.1126	1668.1126
3711	44	1455	1669.0	1685.0
22367	37	828	1669.0101	1670.0101
28413	37	2520	1669.0101	1676.0101
28962	37	203	1670.0101	1670.0101
22367	37	203	1670.0101	1672.0101
18691	14	4522	1670.0101	1710.0101
16728	41	27817	1670.0209	1699.0825
796	62	16728	1670.0209	1699.0825
40220	19	29281	1670.0227	1673.111
29281	19	40220	1670.0227	1673.111
5760	3	7704	1670.09	1670.09
30179	19	30180	1670.1023	1690.1216
24364	41	1092	1671.0	1712.0
13050	3	131	1671.0101	1671.0101
12309	103	13673	1672.0	1672.0
13673	56	12309	1672.0	1672.0
29576	1	2376	1672.0	1672.0
18421	37	1300	1672.0	1678.0
5742	1	1455	1672.0	1699.0
29576	1	1455	1672.0	1699.0
663	1	1455	1672.0	1699.0
22367	37	1748	1672.0101	1674.0101
29951	37	4405	1672.0101	1688.0101
10852	37	4405	1672.0101	1688.0101
9732	25	652	1672.1205	1672.1205
30998	25	652	1672.1205	1672.1205
13673	25	142	1673.0419	1673.0419
21608	37	1300	1674.0101	1719.0101
21305	18	1228	1675.0	1706.0
22367	37	1300	1675.0101	1676.0101
21608	37	515	1675.0101	1697.0101
23844	40	39364	1675.021	1676.0502
5760	41	38930	1675.0304	1719.1231
38930	129	1092	1675.0622	1972.0
28531	40	5504	1675.1215	1675.1215
13673	37	9120	1676.0	1676.0
31649	19	31930	1676.0	1687.0
9367	41	4308	1676.0	1696.0
28413	37	3417	1676.0101	1676.0101
31930	19	31649	1676.0101	1687.0101
5760	15	1650	1676.02	1676.02
33345	40	20289	1676.0202	1676.0202
5760	37	25024	1676.07	1676.07
31972	21	8863	1676.0826	1707.043
22367	37	515	1677.0101	1684.0101
18421	37	4405	1678.0	1690.0
23844	40	11649	1679.0806	1679.0806
10146	1	108	1680.0	1680.0
10146	44	33181	1680.0	1701.0
10146	1	33181	1680.0	1701.0116
37983	37	21864	1680.0101	1694.0101
32680	1	4240	1680.0101	1777.0
3081	1	108	1681.0929	1681.0929
3081	1	113	1681.093	1871.0117
3050	27	203	1682.0	1682.0
11443	3	427	1682.0	1682.0
3050	27	8319	1682.0	1789.0
8319	66	3050	1682.0	1789.0
113	27	8319	1682.0	1789.1005
7075	14	4522	1682.0101	1706.0101
9526	18	3459	1682.0328	1682.0328
9732	25	3414	1683.0	1683.0
19282	71	12751	1683.0727	1683.0727
26441	19	26442	1683.1126	1696.0325
22367	37	3417	1684.0101	1688.0101
19282	15	1650	1685.0	1685.0
35364	3	21712	1685.0101	1689.0101
19282	25	142	1685.0121	1685.0121
8334	15	8004	1686.0	1686.0
23944	40	23945	1686.0101	1686.0101
30998	14	4522	1686.0101	1707.0101
9511	44	28028	1687.0	1723.0
13050	33	7943	1687.0101	1694.0101
22367	37	13100	1688.0101	1688.0101
10852	37	19593	1688.0101	1702.0101
8833	41	1954	1688.0124	1688.0124
32947	23	34968	1688.12	1697.08
13673	25	6085	1689.0	1689.0
9503	41	9504	1689.0	1694.1228
10852	41	9504	1689.0213	1702.0308
9503	40	20289	1689.0411	1689.0411
18421	37	383	1690.0	1690.0
18406	25	131	1690.0	1695.0
35924	44	25447	1691.0	1691.0
21289	222	33951	1692.0	1692.0
28338	166	3414	1692.0101	1793.0101
28338	166	131	1692.0101	1793.0101
9526	41	1954	1692.0323	1714.1119
18421	41	30510	1692.0412	1692.0412
37983	19	31671	1694.0	1694.0
31671	19	37983	1694.0101	1694.0101
7373	25	652	1694.1101	1694.1101
13050	33	31703	1695.0101	1698.0101
2514	25	652	1695.1201	1695.1201
5679	40	5680	1696.0516	1696.0516
32592	19	35674	1698.05	1747.0319
29576	1	2376	1699.0	1793.0
663	1	2376	1699.0	1793.0
5742	1	2376	1699.0	1793.0
13050	33	9910	1699.0101	1712.0513
16727	41	27817	1699.0825	1730.1012
796	62	16727	1699.0825	1730.1012
13673	25	395	1700.0	1700.0
9359	76	1631	1700.0	1700.0
13711	40	13712	1700.0101	1700.0101
13673	25	325	1700.0313	1700.0313
1495	19	31414	1700.0531	1705.1223
1523	105	33181	1701.0	1701.0
33181	28	1523	1701.0	1701.0
10146	44	1523	1701.0	1807.0
7828	44	1523	1701.0	1815.0
383	44	1523	1701.0	1815.0
5785	44	1523	1701.0	1817.0401
30958	44	1523	1701.0	1918.0
679	1	1523	1701.0	1918.0
14858	27	383	1701.0	1947.0
5411	44	1794	1701.0	1975.0
10146	1	1523	1701.0117	1807.0
1523	12	1345	1701.0118	1867.063
12053	1	1523	1701.0118	1871.0101
383	1	1523	1701.0118	1871.0117
7828	1	1523	1701.0118	1871.0117
18507	1	1523	1701.0118	1871.0117
8716	1	1523	1701.0118	1871.0118
30327	15	4049	1701.123	1701.123
7751	41	9504	1702.0308	1707.0501
35364	25	131	1703.0101	1703.0101
6839	14	36338	1703.0101	1703.0801
17511	15	4049	1703.051	1703.051
1560	1	1814	1703.0527	1721.083
36934	25	652	1703.063	1703.063
29403	37	1300	1704.0	1707.0
2721	1	133	1704.0	1918.0
30892	1	1814	1704.0801	1721.1021
14817	25	3414	1705.0	1705.0
14626	15	5058	1705.0	1705.0
9526	25	652	1705.0212	1705.0212
21289	19	21288	1705.0822	1737.112
17511	15	4225	1705.1101	1705.1101
24011	18	1228	1706.0	1724.0
14817	14	4522	1706.0101	1726.0101
3987	12	1345	1707.0	1707.0
15240	1	8863	1707.0	1707.0
1975	65	8863	1707.0	1707.0
8193	14	4522	1707.0101	1722.0101
1794	44	786	1707.0101	1800.1231
1905	44	786	1707.0101	1801.0101
352	1	786	1707.0101	1801.0101
119	44	1975	1707.0101	1889.0
20479	1	8863	1707.043	1707.043
24853	1	8863	1707.043	1707.043
12878	1	8863	1707.043	1707.043
3817	1	8863	1707.043	1707.043
15602	1	8863	1707.043	1707.043
4173	1	8863	1707.043	1707.043
2053	1	8863	1707.043	1707.043
2163	1	8863	1707.043	1707.043
14125	1	3987	1707.043	1707.043
5411	1	3987	1707.043	1707.043
1355	1	8863	1707.043	1707.043
18877	1	8863	1707.043	1707.043
20953	1	3987	1707.0501	1707.0501
31972	21	786	1707.0501	1745.0318
20479	1	786	1707.0501	1800.1231
1975	1	786	1707.0501	1800.1231
119	1	786	1707.0501	1800.1231
2124	1	786	1707.0501	1800.1231
1355	1	786	1707.0501	1800.1231
4173	1	786	1707.0501	1800.1231
14125	1	786	1707.0501	1800.1231
2053	1	786	1707.0501	1800.1231
4009	1	786	1707.0501	1800.1231
12878	1	786	1707.0501	1800.1231
15602	1	786	1707.0501	1800.1231
3817	1	786	1707.0501	1800.1231
2163	1	786	1707.0501	1800.1231
786	12	1345	1707.0501	1800.1231
5411	1	786	1707.0501	1800.1231
19443	1	786	1707.0501	1800.1231
18877	1	786	1707.0501	1800.1231
20953	1	786	1707.0501	1801.0101
24853	1	786	1707.0701	1800.1231
15556	19	6839	1707.1017	1720.0101
6839	19	15556	1707.1017	1720.0101
1717	1	3711	1708.0	1708.0
38725	44	15527	1708.0	1713.0
2891	44	15527	1708.0	1713.0717
403	44	12841	1708.0	1714.0
4877	44	12841	1708.0	1719.0
31985	66	3711	1708.0	1764.0
3711	27	31985	1708.0	1764.0
4877	66	12841	1708.0	1920.0526
29	44	1255	1708.0	1929.1001
28413	37	1300	1708.0101	1709.0101
16559	19	35312	1708.0101	1778.0101
35312	19	16559	1708.0101	1778.0101
3046	44	12841	1708.1218	1717.1122
12840	44	12841	1708.1218	1718.0
16659	44	1255	1708.1218	1719.0
7507	44	1255	1708.1218	1719.0528
12841	1	1814	1708.1218	1721.1021
12841	44	1814	1708.1218	1721.1021
1255	44	1814	1708.1218	1721.1021
5751	44	1255	1708.1218	1778.1203
2551	44	1255	1708.1218	1929.0113
29	66	1255	1708.1218	1929.0114
1717	1	1814	1709.0	1721.101
11443	21	786	1709.0	1743.0
19282	25	325	1709.0327	1709.0327
17511	15	8004	1710.0	1710.0
23738	41	30510	1710.0	1710.0
25919	44	1814	1710.0	1721.1021
25919	1	1814	1710.0	1721.1021
30892	44	25919	1710.0	1726.1231
5999	1	7371	1710.0	1796.1015
1539	1	133	1710.0	1918.0
1560	66	25919	1710.0	1927.0
28413	37	3417	1710.0101	1710.0101
21495	44	25919	1710.0101	1927.0101
25659	25	652	1710.0602	1710.0602
4014	1	1814	1710.0715	1721.1021
1173	19	24818	1710.1111	1710.1111
24818	19	1173	1710.1122	1711.0121
29403	37	203	1711.0	1734.0
28413	37	3748	1711.0101	1711.0101
23430	21	786	1712.0	1712.0
13673	37	1631	1712.0	1714.0
1560	66	1814	1712.0	1721.0
1814	27	1560	1712.0101	1721.0
2463	15	342	1712.0124	1712.0124
17511	15	342	1713.0	1713.0
17220	37	9326	1713.0101	1713.0101
2891	44	1255	1713.0717	1719.0529
21289	21	786	1714.0	1714.0
17511	25	142	1714.0	1714.0
8193	25	652	1714.1119	1714.1119
23488	1	83	1715.0	1715.0
403	44	19901	1715.0	1716.0
35423	3	5052	1715.0	1717.0
10920	14	4522	1715.0101	1745.0101
1495	19	1494	1715.0324	1741.1124
19282	42	1618	1716.0	1716.0
21662	1	83	1716.0	1716.0
22934	19	27269	1716.0419	1722.0
33761	25	131	1716.1231	1716.1231
403	44	12841	1717.0	1719.0528
29403	41	5555	1717.0	1734.0
17465	134	131	1717.0101	1793.0801
17465	52	131	1717.0101	1793.0801
27779	25	652	1717.0422	1717.0422
36600	19	42517	1717.0927	1743.0317
3046	44	1813	1717.1122	1718.0
1813	44	1814	1717.1122	1721.1021
1813	1	1814	1717.1122	1721.1021
537	44	1813	1717.1122	1928.052
17343	3	40192	1718.0	1718.0
36842	1	1814	1718.0	1721.1021
12840	44	1813	1718.0	1728.0
17225	14	4522	1718.0101	1761.0101
7463	1	29440	1718.072	1718.072
20600	38	36295	1718.12	1718.12
28413	37	4405	1719.0101	1720.0101
5679	40	5680	1719.0412	1719.0412
403	44	19901	1719.0529	1929.0114
1748	1	33685	1720.0	1720.0
1748	66	6440	1720.0	1798.0
1748	1	6440	1720.0	1861.0101
1515	1	1523	1720.0	1918.1109
32662	14	4522	1720.0101	1750.0101
6440	27	1748	1720.0101	1798.0101
27994	25	652	1720.0108	1720.0108
19901	1	1814	1721.0	1721.0
19901	1	133	1721.0	1721.0
1560	66	133	1721.0	1728.0
133	27	29	1721.0	1728.0
133	27	1560	1721.0	1728.0101
11536	1	133	1721.0	1917.0
16312	1	133	1721.0	1917.0315
1560	44	133	1721.0	1917.0901
6626	1	133	1721.0	1918.0
984	1	133	1721.0	1918.0
21912	52	22539	1721.0101	1723.1202
14817	25	652	1721.0227	1721.0227
31972	41	7354	1721.0404	1742.0212
31972	41	6775	1721.0404	1742.0216
20600	38	20601	1721.08	1721.08
3676	1	1814	1721.083	1721.083
199	1	133	1721.083	1917.0831
3676	1	133	1721.083	1917.1107
1560	1	133	1721.083	1917.1107
4597	1	637	1721.0909	1721.0909
4597	1	133	1721.091	1917.0831
14777	1	1814	1721.101	1721.101
6306	1	133	1721.1011	1917.0301
403	1	133	1721.1011	1917.0301
14777	1	133	1721.1011	1917.0301
1717	1	133	1721.1011	1917.0301
32716	1	133	1721.1011	1917.0302
19901	44	1814	1721.1021	1721.1021
3711	1	133	1721.1022	1764.0
3711	44	133	1721.1022	1764.0
133	109	10502	1721.1022	1905.0101
4014	1	133	1721.1022	1917.0314
4281	1	133	1721.1022	1917.0314
12211	1	133	1721.1022	1917.0315
4186	1	133	1721.1022	1917.0315
537	1	133	1721.1022	1917.0315
16806	1	133	1721.1022	1917.0315
33560	1	133	1721.1022	1917.0831
4877	1	133	1721.1022	1917.0831
1813	1	133	1721.1022	1917.0831
1813	44	133	1721.1022	1917.0831
30892	1	133	1721.1022	1917.0831
31985	1	133	1721.1022	1917.0831
12841	1	133	1721.1022	1917.0831
12841	44	133	1721.1022	1917.0831
36842	1	133	1721.1022	1917.0831
31844	1	133	1721.1022	1917.0831
133	12	1345	1721.1022	1917.0901
2891	1	133	1721.1022	1917.0901
29	1	133	1721.1022	1917.0901
133	12	27243	1721.1022	1917.0901
12840	1	133	1721.1022	1917.0901
105	1	133	1721.1022	1917.0901
19901	44	133	1721.1022	1917.0913
1255	44	133	1721.1022	1917.0913
25919	1	133	1721.1022	1917.0913
25919	44	133	1721.1022	1917.0913
19239	1	1814	1721.1101	1721.1101
19239	1	133	1721.1102	1917.0913
30956	1	133	1721.1102	1917.0913
1255	1	133	1721.1102	1917.0914
15885	1	133	1723.0504	1918.0
13587	25	652	1723.093	1723.093
20600	38	1467	1724.0	1724.0
17511	18	3698	1724.0	1726.0
33761	37	1300	1724.0101	1737.0101
17343	71	3977	1725.0	1725.0
13257	66	11081	1725.0	1934.0613
13257	44	11081	1725.0425	1779.0
8032	19	33232	1725.0601	1725.0601
33232	19	8032	1725.0612	1725.0612
8391	19	3261	1725.0905	1768.0624
3261	19	8391	1725.0905	1768.0624
27269	15	1174	1726.0	1726.0
38725	44	15527	1726.0	1929.093
25409	25	652	1726.0822	1726.0822
5454	44	133	1727.0	1917.0913
5454	1	133	1727.0	1917.0913
7163	44	5454	1727.0	1927.0731
7163	66	5454	1727.0	1927.0801
21289	42	4308	1727.0101	1727.0101
7841	37	3	1727.0101	1734.0101
105	44	640	1727.0101	1917.112
17981	15	342	1727.0205	1727.0205
17981	15	1174	1727.0205	1727.0205
17511	38	11847	1727.0512	1727.0512
17981	15	4049	1727.0525	1727.0525
21288	41	21142	1727.0622	1760.1025
21288	41	2794	1727.0622	1760.1025
21288	41	1228	1727.0622	1760.1025
36455	19	992	1727.0728	1727.0728
1301	25	652	1727.0728	1727.0728
992	19	36455	1727.0728	1727.0728
26138	1	4240	1728.0	1729.0
29	66	133	1728.0	1730.0
12840	44	12841	1728.0	1739.0
133	27	29	1728.0101	1730.0101
37568	52	131	1728.0925	1793.0801
31168	3	29752	1728.1031	1731.0
8032	48	19341	1728.1112	1728.1112
18723	21	1523	1729.0101	1729.0101
17225	25	652	1729.0523	1729.0523
1560	66	133	1730.0	1917.0
133	27	1560	1730.0101	1730.0101
17220	25	652	1730.0225	1730.0225
6108	25	652	1730.0914	1730.0914
796	62	7645	1730.1012	1746.0806
7645	41	27817	1730.1012	1746.0806
7840	25	131	1731.0223	1731.0223
12018	3	2735	1732.0	1732.0
32662	25	652	1732.0322	1732.0322
24241	40	11649	1733.0101	1734.0711
19230	37	4405	1734.0101	1759.0101
31856	19	19230	1734.0314	1751.1022
21064	3	31545	1735.0	1735.0
26531	1	29426	1735.0	1799.0
32927	37	105	1735.0101	1756.0101
24241	40	11649	1735.0519	1735.0519
7841	25	131	1735.0701	1735.0701
36600	42	292	1736.0	1754.0
13203	1	133	1736.0	1917.0901
24241	33	533	1736.0101	1738.0101
6839	14	4224	1736.1119	1736.1119
25528	25	131	1737.0	1737.0
20600	38	41879	1737.0	1737.0
7840	37	119	1737.0101	1742.0101
1464	44	12841	1737.0701	1744.0416
992	33	993	1738.0	1738.0
12840	44	1813	1739.0	1780.011
6028	1	1455	1739.0918	1815.0
7463	1	29440	1739.0918	1859.0124
18723	21	133	1740.0101	1740.0101
42460	37	203	1740.0101	1776.0101
27642	25	131	1741.0	1741.0
15481	38	1467	1741.0	1741.0
20600	15	4049	1741.0	1741.0
14078	33	383	1741.0	1766.0
28782	25	652	1741.0715	1741.0715
6791	44	1523	1742.0	1813.0
4251	1	1523	1742.0	1871.0117
6791	1	1523	1742.0	1871.0118
15481	15	16457	1742.0205	1742.0205
33726	42	292	1742.0506	1742.0506
13299	1	1523	1742.0611	1871.0118
5622	25	652	1742.1108	1742.1108
12164	3	2146	1743.0	1750.0
21416	25	652	1743.0216	1743.0216
7068	25	652	1743.0608	1743.0608
15481	38	5387	1744.0	1744.0
28753	44	15222	1744.0	1782.0
3199	44	15222	1744.0	1865.0
1464	44	15222	1744.0416	1745.0215
18723	59	574	1744.0709	1744.0709
5045	25	652	1744.1126	1744.1126
8976	3	8977	1745.0	1751.0
36159	38	7101	1745.0	1765.0
36159	41	12784	1745.0	1765.0
761	30	2151	1746.0	1746.0
21064	25	395	1746.0	1746.0
23450	41	5555	1746.0	1772.0
2151	15	761	1746.0101	1746.0101
39313	37	520	1746.0101	1802.0101
796	62	36872	1746.0806	1766.0114
36872	41	27817	1746.0806	1766.0114
23450	25	652	1746.0922	1746.0922
9865	109	10502	1747.0101	1826.0101
21064	25	142	1748.0	1748.0
37387	21	33685	1748.0	1792.0
1707	37	1	1748.0101	1750.0101
12642	25	652	1748.0328	1748.0328
34700	15	342	1749.0	1749.0
12161	52	6292	1749.0	1754.0
13711	40	13712	1749.0101	1749.0101
14520	52	31856	1749.0101	1751.1022
14520	134	14521	1749.0101	1751.1022
14520	40	5680	1749.0819	1749.0819
17343	56	4477	1750.0	1750.0
12161	125	38809	1750.0	1753.0
1707	37	119	1750.0101	1769.0101
12412	14	4522	1750.0101	1773.0101
14520	134	14521	1751.1022	1754.0101
14520	52	4598	1751.1022	1754.0101
37161	44	1813	1752.0	1868.0
14691	25	325	1753.0	1753.0
761	30	1588	1753.0	1753.0
2162	18	1457	1753.0	1781.0
16310	66	34110	1753.0	1920.1007
1588	15	761	1753.0101	1753.0101
15481	15	4049	1753.1218	1753.1218
21064	25	325	1754.0	1754.0
27642	25	27541	1754.0	1754.0
5549	25	142	1754.0	1754.0
29297	25	131	1754.0101	1754.0101
21064	25	652	1754.1128	1754.1128
27447	3	2365	1755.0101	1760.0101
22366	37	1560	1755.0101	1765.0101
1588	25	142	1756.0101	1756.0101
32927	37	1560	1756.0101	1822.0101
2162	33	1975	1757.0	1757.0
26044	14	4522	1757.0101	1773.0101
18324	15	4225	1758.0	1758.0
16233	1	133	1758.0	1762.0
37197	37	13100	1758.0101	1758.0101
28590	37	203	1758.0101	1767.0101
8111	38	368	1758.0125	1758.0125
8111	38	20601	1759.0	1759.0
17342	3	1139	1759.0	1766.0527
761	30	1707	1760.0	1760.0
15558	1	133	1760.0	1917.0
1707	15	761	1760.0101	1760.0101
37197	25	652	1760.1129	1760.1129
12412	25	652	1761.0214	1761.0214
14691	25	29451	1761.0304	1761.0304
27701	25	652	1761.0427	1761.0427
8111	38	1467	1761.1228	1761.1228
31028	3	9586	1762.0	1762.0
17981	38	41879	1762.0	1762.0
2297	12	1345	1762.0	1801.0
262	1	2297	1762.0	1801.1217
8111	15	16457	1762.02	1762.02
11995	38	368	1762.0906	1762.0906
5	66	211	1763.0	1960.0422
12497	25	652	1763.0314	1763.0314
21187	3	21188	1764.0	1773.0
2463	25	395	1764.0	1786.0
14276	37	203	1764.0101	1764.0101
34622	3	2997	1764.0101	1764.0101
37197	37	1300	1764.0101	1764.0101
36999	44	133	1764.1019	1783.0305
4488	15	34573	1765.0	1765.0
20333	25	131	1765.0	1765.0
31626	38	7101	1765.0	1787.0
22366	37	29	1765.0101	1808.0101
896	41	38930	1765.0101	1811.0101
36159	48	32673	1765.0901	1765.0901
31626	41	12784	1765.0901	1803.1101
9115	25	142	1766.0	1766.0
8976	25	131	1766.0	1766.0
761	30	12404	1766.0	1766.0
2162	33	2163	1766.0	1782.08
12404	15	761	1766.0101	1766.0101
15096	3	12052	1766.0101	1771.0101
8118	41	27817	1766.0114	1808.0313
796	62	8118	1766.0114	1808.0313
8118	41	31212	1766.0114	1808.0314
17342	71	12751	1766.0528	1766.0528
16559	41	6775	1766.073	1768.1014
18498	3	9586	1767.0	1767.0
761	30	5549	1767.0	1767.0
17342	37	1631	1767.0	1775.0
5549	15	761	1767.0101	1767.0101
28590	37	1300	1767.0101	1778.0101
24757	25	36650	1767.0101	1793.0801
39176	37	22827	1768.0	1794.0
40682	37	3081	1768.0101	1768.0101
14691	14	4522	1768.0101	1807.0101
40682	37	203	1768.0101	1817.0101
4488	15	4225	1768.0508	1768.0508
934	19	15056	1768.0512	1814.0908
15056	19	934	1768.0512	1814.0908
11995	38	20601	1768.09	1768.09
32927	3	21188	1769.0	1769.0
14078	14	4654	1769.0	1769.0
31217	37	1300	1769.0101	1774.0101
23272	37	203	1769.0101	1822.0101
25869	40	5680	1769.0214	1769.0214
25869	52	12041	1769.0214	1769.0214
27447	15	16457	1770.0	1770.0
12497	41	20831	1770.0	1770.0
761	30	28105	1770.0	1770.0
28105	15	761	1770.0101	1770.0101
15910	37	203	1770.0101	1822.0101
11995	38	1467	1770.0112	1770.0112
512	25	652	1770.0426	1770.0426
30078	19	35748	1770.0516	1792.081
35748	19	30078	1770.0516	1792.081
19990	1	133	1770.0726	1774.072
11995	15	16457	1770.09	1770.09
12497	41	20831	1771.0	1771.0
5409	1	133	1771.0	1917.0
34622	3	1232	1771.0101	1771.0101
28996	37	1300	1771.0101	1774.0101
26227	37	1300	1771.0101	1776.0101
24757	25	131	1771.0101	1793.0801
27642	25	29451	1771.0324	1771.0324
40712	19	32923	1771.0514	1810.1113
32923	19	40712	1771.0514	1810.1113
5519	1	182	1772.0	1772.0
761	30	9115	1772.0	1772.0
18496	33	1975	1772.0	1772.0
18038	1	182	1772.0	1867.0
5727	1	133	1772.0	1917.0
9115	15	761	1772.0101	1772.0101
22736	1	1523	1772.0805	1807.0608
10439	1	2376	1772.0921	1772.0921
2360	1	1523	1772.0922	1807.0609
5726	1	133	1772.0922	1917.0301
8111	15	4049	1773.0	1773.0
21064	25	4654	1773.0	1773.0
8111	38	41879	1773.0	1773.0
3046	44	1464	1773.0	1780.1227
16233	44	30958	1773.0	1829.0
4598	37	4405	1773.0101	1773.0101
40418	33	2053	1773.0101	1773.0101
21368	19	16665	1773.1116	1805.0602
16665	19	21368	1773.1116	1805.0602
16692	33	2589	1774.0	1779.12
14520	134	13942	1774.0	1795.0
19561	41	5555	1774.0	1813.0
9319	1	133	1774.0	1918.0
21187	37	1300	1774.0101	1779.0101
2162	18	1752	1774.03	1774.03
19561	25	652	1774.0317	1774.0317
40817	255	1423	1774.0703	1774.0703
19990	1	1455	1774.0721	1812.0516
16945	1	133	1774.0721	1917.0901
27447	15	4049	1774.1225	1774.1225
761	30	896	1775.0	1775.0
4877	44	12841	1775.0	1920.0526
896	15	761	1775.0101	1775.0101
40418	33	119	1775.0101	1775.0101
17624	50	8178	1775.0614	1775.0614
1588	41	1589	1775.0726	1776.1107
17624	50	1183	1775.1013	1775.1013
30086	44	1255	1775.11	1777.0
16659	44	1255	1775.11	1777.0308
17624	50	3699	1775.111	1775.111
17342	25	2788	1775.1128	1775.1128
8750	21	133	1776.0	1776.0
8750	21	4517	1776.0	1776.0
8750	59	574	1776.0	1776.0
8750	59	7318	1776.0	1776.0
23550	44	12841	1776.0	1780.0914
2463	25	1680	1776.0	1786.0
14276	37	119	1776.0101	1776.0101
40418	33	2810	1776.0101	1776.0101
42460	37	533	1776.0101	1778.0101
23712	25	652	1776.0115	1776.0115
12083	40	5680	1776.0311	1776.0311
2363	15	14385	1776.0325	1776.0325
27447	15	1874	1776.0429	1776.0429
40418	14	41722	1776.043	1776.043
2363	21	13	1776.0704	1776.0704
147	1	13	1776.0704	1776.0704
2363	21	786	1776.0704	1776.0704
9829	66	20353	1776.0823	1927.0801
20353	27	9829	1776.0824	1776.0824
8749	19	8750	1776.0926	1776.0926
8750	19	8749	1776.0926	1776.0926
4528	3	18295	1777.0	1777.0
41797	3	1139	1777.0	1779.0
25121	21	8181	1777.0	1801.0
199	66	38297	1777.0	1929.0
199	44	38297	1777.0	1929.0609
22065	37	2520	1777.0101	1837.0101
12083	40	5680	1777.0207	1777.0207
16659	44	13175	1777.0309	1777.0918
28996	41	5555	1777.0726	1793.0808
13	22	113	1777.1217	1777.1217
16742	14	16743	1778.0	1779.0
19561	41	2157	1778.0	1813.0
17342	33	203	1778.01	1785.0
29297	37	4405	1778.0101	1780.0101
24321	14	4522	1778.0101	1800.0101
28590	37	531	1778.0101	1814.0101
1454	1	133	1778.0101	1917.0101
17342	37	203	1778.02	1785.0
10062	44	1553	1778.0228	1778.0904
3758	66	4178	1778.0824	1929.0113
36460	33	596	1779.0	1785.0
21187	37	203	1779.0101	1779.0101
2484	19	1586	1779.0523	1824.0203
40682	3	904	1779.0604	1779.0604
19239	66	39649	1779.1215	1928.0514
761	30	28810	1780.0	1780.0
16245	14	12129	1780.0	1780.0
31217	41	5555	1780.0	1793.0808
28810	15	761	1780.0101	1780.0101
26489	71	12751	1780.0114	1780.0114
12083	40	5680	1780.0405	1780.0411
21064	25	897	1781.0	1781.0
2162	15	1650	1781.0	1781.0
761	30	2162	1781.0	1781.0
19081	1	133	1781.0	1917.0
15885	66	19081	1781.0	1923.0
2162	15	761	1781.0101	1781.0101
16692	33	1631	1781.0101	1791.0101
17809	37	203	1781.0101	1834.0101
37070	44	12841	1781.0206	1781.0206
15885	44	12841	1781.0206	1781.0206
3230	44	12841	1781.0206	1781.0206
28590	15	15239	1782.0	1782.0
761	30	1649	1782.0	1782.0
11278	3	18295	1782.0	1786.0
1649	15	761	1782.0101	1782.0101
17678	37	203	1782.0101	1790.0101
33714	25	652	1782.011	1782.011
42639	40	5680	1782.0318	1782.0318
25869	40	5680	1782.0422	1782.0422
32946	33	36163	1782.07	1782.08
10722	19	38304	1782.0804	1791.1205
38304	19	10722	1782.0804	1791.1205
527	44	133	1783.0	1860.022
12720	1	133	1783.0	1917.0
13623	19	25121	1783.0101	1821.0101
25121	19	13623	1783.0101	1821.0101
6655	14	4522	1783.0101	1833.0101
527	1	133	1783.0101	1917.0101
15910	25	29451	1783.0905	1783.0905
3928	25	652	1783.1211	1783.1211
27746	3	7	1784.0	1784.0
19411	3	16743	1784.0	1784.0
6116	41	1092	1784.0	1793.0
9586	96	31028	1784.0	1796.0
6222	1	133	1784.0	1921.0
28590	37	3	1784.0101	1784.0101
2365	96	31028	1784.0101	1796.0101
10722	25	26599	1784.1214	1784.1214
9115	25	3760	1785.0	1785.0
36460	33	26987	1785.0	1789.0
7975	1	34110	1785.0	1868.0
25239	37	203	1785.0101	1803.0101
14276	37	203	1785.0101	1824.0101
673	66	13	1785.0111	1790.1205
13	27	673	1785.0111	1790.1205
22615	18	3459	1785.0329	1820.0315
12028	25	652	1785.0428	1785.0428
13786	38	7592	1785.1008	1785.1008
17816	33	113	1786.0	1786.0
1588	25	3143	1786.0	1786.0
11278	3	4724	1786.0	1786.0
23993	3	1232	1786.0	1793.0
17286	44	133	1786.0	1917.0831
17286	1	133	1786.0	1917.0913
7550	37	18846	1786.0101	1786.0101
7550	37	203	1786.0101	1855.0101
28810	25	142	1786.0622	1786.0622
14276	41	5555	1786.093	1786.093
11995	38	41879	1786.1003	1786.1003
15221	15	8004	1787.0	1787.0
573	33	515	1787.0	1799.0
12783	38	7101	1787.0	1814.0
31217	37	1300	1787.0101	1792.0101
7937	46	352	1787.0307	1787.0307
13	29	7018	1787.1207	1787.1207
13	29	539	1787.1212	1787.1212
13	29	3103	1787.1218	1787.1218
1315	66	5371	1788.0	1788.0
29512	103	4477	1788.0	1788.0
4477	56	29512	1788.0	1788.0
21187	37	203	1788.0101	1789.0101
13	29	5925	1788.0102	1788.0102
13	29	2313	1788.0109	1788.0109
13351	1	13	1788.0206	1788.0206
13	29	13351	1788.0206	1788.0206
3984	12	1234	1788.0428	1788.0428
13	29	3984	1788.0428	1788.0428
13	29	24184	1788.0523	1788.0523
13	29	24629	1788.0621	1788.0621
13	29	4561	1788.0625	1788.0625
13	29	7214	1788.0726	1788.0726
761	30	20717	1789.0	1789.0
3050	27	203	1789.0	1789.0
1588	25	4654	1789.0	1789.0
40040	44	264	1789.0	1919.0
20717	15	761	1789.0101	1789.0101
13	70	2363	1789.043	1797.0304
2363	41	6709	1789.043	1797.0304
12164	41	296	1789.0526	1789.0617
3050	109	10502	1789.0617	1789.0617
3050	109	4478	1789.0617	1791.0904
12164	41	296	1789.0617	1791.093
1705	41	296	1789.0617	1791.093
22597	41	296	1789.0709	1791.093
203	70	3928	1789.0715	1791.1118
3928	41	4912	1789.0715	1791.1118
113	27	203	1789.1005	1789.1005
13	29	3722	1789.1121	1789.1121
5436	44	1269	1790.0	1790.0
12370	33	203	1790.0	1790.0
15221	15	14566	1790.0	1790.0
34966	41	4912	1790.0	1793.0
152	12	10382	1790.0	1871.0
12475	12	31603	1790.0	2015.0322
17678	37	1300	1790.0101	1792.0101
592	44	3050	1790.0101	1792.0101
9494	27	19723	1790.0204	1810.0
12475	27	10035	1790.0215	1790.0215
1639	44	10446	1790.0304	1790.0304
203	44	3050	1790.0304	1790.0304
18665	44	13074	1790.0304	1790.0304
18310	66	20828	1790.0304	1790.0304
152	29	28267	1790.0304	1790.0304
6079	29	26750	1790.0304	1790.0304
18310	44	20828	1790.0304	1790.0304
1533	29	33179	1790.0304	1790.0304
1533	29	12736	1790.0304	1790.0304
17526	44	592	1790.0304	1790.0304
1137	44	11900	1790.0304	1790.0304
11900	29	1137	1790.0304	1790.0304
19128	44	16534	1790.0304	1790.0304
28267	44	152	1790.0304	1790.0304
18583	44	28556	1790.0304	1790.0304
2383	29	31052	1790.0304	1790.0304
1533	29	9578	1790.0304	1790.0304
1533	29	12382	1790.0304	1790.0304
1533	29	29433	1790.0304	1790.0304
592	29	17526	1790.0304	1790.0304
20828	1	3050	1790.0304	1792.0921
3713	27	31872	1790.0304	1793.0101
15684	27	4792	1790.0304	1797.0101
27992	27	13825	1790.0304	1800.0217
3932	27	3931	1790.0304	1803.0722
2406	44	11900	1790.0304	1852.0302
6545	44	11900	1790.0304	1852.0302
11900	29	6545	1790.0304	1852.0302
11900	29	2406	1790.0304	1852.0302
12736	44	1533	1790.0304	1871.0
31052	44	2383	1790.0304	1871.0
26750	44	6079	1790.0304	1871.0
33179	44	1533	1790.0304	1871.0
9578	44	1533	1790.0304	1871.0
29433	44	1533	1790.0304	1871.0
10479	44	2383	1790.0304	1871.0
734	44	735	1790.0304	1871.0101
1033	44	735	1790.0304	1871.0101
1278	44	735	1790.0304	1871.0101
152	29	1346	1790.0304	1871.0101
1348	44	735	1790.0304	1871.0101
1533	29	1534	1790.0304	1871.0101
3436	44	152	1790.0304	1871.0101
3504	44	735	1790.0304	1871.0101
3585	44	735	1790.0304	1871.0101
1533	29	3996	1790.0304	1871.0101
4378	44	152	1790.0304	1871.0101
5235	44	735	1790.0304	1871.0101
6301	44	735	1790.0304	1871.0101
152	29	6326	1790.0304	1871.0101
6362	44	735	1790.0304	1871.0101
2096	44	152	1790.0304	1871.0101
6964	44	735	1790.0304	1871.0101
7293	44	735	1790.0304	1871.0101
7587	44	735	1790.0304	1871.0101
152	29	8157	1790.0304	1871.0101
9363	44	735	1790.0304	1871.0101
9678	44	735	1790.0304	1871.0101
12237	44	735	1790.0304	1871.0101
11681	44	735	1790.0304	1871.0101
12382	44	735	1790.0304	1871.0101
2383	29	12403	1790.0304	1871.0101
12477	44	735	1790.0304	1871.0101
11799	44	735	1790.0304	1871.0101
12814	44	735	1790.0304	1871.0101
13678	44	152	1790.0304	1871.0101
6504	44	735	1790.0304	1871.0101
3950	44	735	1790.0304	1871.0101
2383	29	971	1790.0304	1871.0101
1533	29	9862	1790.0304	1871.0101
152	29	15664	1790.0304	1871.0101
15713	44	735	1790.0304	1871.0101
1533	29	9388	1790.0304	1871.0101
1579	44	735	1790.0304	1871.0101
16817	44	735	1790.0304	1871.0101
17775	44	735	1790.0304	1871.0101
16851	44	735	1790.0304	1871.0101
17175	44	152	1790.0304	1871.0101
2682	44	735	1790.0304	1871.0101
19890	44	735	1790.0304	1871.0101
2383	29	10035	1790.0304	1871.0101
10534	44	735	1790.0304	1871.0101
19563	44	735	1790.0304	1871.0101
13362	44	735	1790.0304	1871.0101
20352	44	735	1790.0304	1871.0101
21089	44	152	1790.0304	1871.0101
21370	44	735	1790.0304	1871.0101
21411	44	735	1790.0304	1871.0101
17174	44	152	1790.0304	1871.0101
13513	44	735	1790.0304	1871.0101
152	29	6146	1790.0304	1871.0101
152	29	22239	1790.0304	1871.0101
152	29	23040	1790.0304	1871.0101
23917	44	735	1790.0304	1871.0101
13695	44	152	1790.0304	1871.0101
5054	44	735	1790.0304	1871.0101
12815	44	735	1790.0304	1871.0101
25038	44	735	1790.0304	1871.0101
23288	44	735	1790.0304	1871.0101
18463	44	735	1790.0304	1871.0101
1882	44	152	1790.0304	1871.0101
9387	44	735	1790.0304	1871.0101
13659	44	735	1790.0304	1871.0101
152	29	1955	1790.0304	1871.0101
24183	44	152	1790.0304	1871.0101
16136	44	735	1790.0304	1871.0101
20457	44	735	1790.0304	1871.0101
5407	44	152	1790.0304	1871.0101
26879	44	2383	1790.0304	1871.0101
8673	44	735	1790.0304	1871.0101
10500	44	735	1790.0304	1871.0101
16145	44	152	1790.0304	1871.0101
28256	44	735	1790.0304	1871.0101
15194	44	735	1790.0304	1871.0101
152	29	3275	1790.0304	1871.0101
2383	29	28697	1790.0304	1871.0101
21043	44	735	1790.0304	1871.0101
152	29	19262	1790.0304	1871.0101
16351	44	735	1790.0304	1871.0101
30436	44	735	1790.0304	1871.0101
3356	44	735	1790.0304	1871.0101
1533	29	9577	1790.0304	1871.0101
21463	44	735	1790.0304	1871.0101
20276	44	735	1790.0304	1871.0101
20901	44	735	1790.0304	1871.0101
5545	44	735	1790.0304	1871.0101
152	29	11617	1790.0304	1871.0101
10443	44	735	1790.0304	1871.0101
21137	44	2383	1790.0304	1871.0101
10753	44	735	1790.0304	1871.0101
21629	44	735	1790.0304	1871.0101
3411	44	735	1790.0304	1871.0101
25357	44	735	1790.0304	1871.0101
20275	44	735	1790.0304	1871.0101
25811	44	735	1790.0304	1871.0101
5813	44	735	1790.0304	1871.0101
2383	29	9594	1790.0304	1871.0101
25616	44	2383	1790.0304	1871.0101
19939	44	2383	1790.0304	1871.0101
6794	44	735	1790.0304	1871.0101
17249	44	1533	1790.0304	1871.0101
19895	44	735	1790.0304	1871.0101
1543	44	2383	1790.0304	1871.0101
11613	44	735	1790.0304	1871.0101
152	29	25217	1790.0304	1871.0101
152	29	23469	1790.0304	1871.0101
34404	44	735	1790.0304	1871.0101
1054	44	735	1790.0304	1871.0101
29782	44	735	1790.0304	1871.0101
7972	44	735	1790.0304	1871.0101
1533	29	34772	1790.0304	1871.0101
152	29	7498	1790.0304	1871.0101
15412	44	735	1790.0304	1871.0101
13658	44	735	1790.0304	1871.0101
26775	44	735	1790.0304	1871.0101
17290	44	735	1790.0304	1871.0101
9204	44	152	1790.0304	1871.0101
10036	44	2383	1790.0304	1871.0101
2272	44	735	1790.0304	1871.0101
9348	44	152	1790.0304	1871.0101
23916	44	735	1790.0304	1871.0101
152	29	1882	1790.0304	1871.0101
152	29	14804	1790.0304	1871.0101
152	29	20188	1790.0304	1871.0101
152	29	25844	1790.0304	1871.0101
11800	44	735	1790.0304	1871.0101
152	29	36691	1790.0304	1871.0101
25499	44	735	1790.0304	1871.0101
25844	44	152	1790.0304	1871.0101
5525	44	735	1790.0304	1871.0101
20513	44	1533	1790.0304	1871.0101
29609	44	735	1790.0304	1871.0101
14436	44	735	1790.0304	1871.0101
16594	44	735	1790.0304	1871.0101
11617	44	152	1790.0304	1871.0101
152	29	4227	1790.0304	1871.0101
26508	44	152	1790.0304	1871.0101
31296	44	735	1790.0304	1871.0101
266	44	735	1790.0304	1871.0101
20672	44	735	1790.0304	1871.0101
32199	44	735	1790.0304	1871.0101
13248	44	735	1790.0304	1871.0101
1533	29	20513	1790.0304	1871.0101
24697	44	735	1790.0304	1871.0101
152	29	5407	1790.0304	1871.0101
8091	44	735	1790.0304	1871.0101
1534	44	1533	1790.0304	1871.0101
25755	44	735	1790.0304	1871.0101
152	29	2095	1790.0304	1871.0101
6965	44	735	1790.0304	1871.0101
24246	44	735	1790.0304	1871.0101
9230	44	735	1790.0304	1871.0101
152	29	4378	1790.0304	1871.0101
152	29	24207	1790.0304	1871.0101
32891	44	735	1790.0304	1871.0101
31470	44	735	1790.0304	1871.0101
19277	44	2383	1790.0304	1871.0101
20097	44	735	1790.0304	1871.0101
2592	44	735	1790.0304	1871.0101
10639	44	735	1790.0304	1871.0101
2780	44	735	1790.0304	1871.0101
23469	44	152	1790.0304	1871.0101
18504	44	735	1790.0304	1871.0101
152	29	21660	1790.0304	1871.0101
4047	44	735	1790.0304	1871.0101
267	44	735	1790.0304	1871.0101
2383	29	23159	1790.0304	1871.0101
11737	44	735	1790.0304	1871.0101
16992	44	735	1790.0304	1871.0101
14946	44	2383	1790.0304	1871.0101
10638	44	735	1790.0304	1871.0101
1533	29	33648	1790.0304	1871.0101
2383	29	2688	1790.0304	1871.0101
15091	44	735	1790.0304	1871.0101
26421	44	735	1790.0304	1871.0101
13029	44	735	1790.0304	1871.0101
25859	44	735	1790.0304	1871.0101
28437	44	2383	1790.0304	1871.0101
2383	29	19939	1790.0304	1871.0101
2383	29	2689	1790.0304	1871.0101
1533	29	35919	1790.0304	1871.0101
3539	44	735	1790.0304	1871.0101
7244	44	735	1790.0304	1871.0101
10402	44	2383	1790.0304	1871.0101
18338	44	735	1790.0304	1871.0101
6457	44	735	1790.0304	1871.0101
6326	44	152	1790.0304	1871.0101
21458	44	152	1790.0304	1871.0101
20188	44	152	1790.0304	1871.0101
25791	44	735	1790.0304	1871.0101
3944	44	735	1790.0304	1871.0101
21299	44	735	1790.0304	1871.0101
2689	44	2383	1790.0304	1871.0101
3952	44	152	1790.0304	1871.0101
7973	44	735	1790.0304	1871.0101
1533	29	4261	1790.0304	1871.0101
18434	44	2383	1790.0304	1871.0101
29339	44	2383	1790.0304	1871.0101
17478	44	735	1790.0304	1871.0101
547	44	735	1790.0304	1871.0101
17469	44	735	1790.0304	1871.0101
1468	44	735	1790.0304	1871.0101
2620	44	735	1790.0304	1871.0101
14670	44	735	1790.0304	1871.0101
27165	44	152	1790.0304	1871.0101
14453	44	735	1790.0304	1871.0101
9982	44	735	1790.0304	1871.0101
152	29	18163	1790.0304	1871.0101
14882	44	735	1790.0304	1871.0101
7498	44	152	1790.0304	1871.0101
2383	29	18768	1790.0304	1871.0101
152	29	9348	1790.0304	1871.0101
6146	44	152	1790.0304	1871.0101
7479	44	1533	1790.0304	1871.0101
1353	44	152	1790.0304	1871.0101
285	44	2383	1790.0304	1871.0101
25617	44	2383	1790.0304	1871.0101
20136	44	735	1790.0304	1871.0101
12388	44	735	1790.0304	1871.0101
2695	44	735	1790.0304	1871.0101
5788	44	735	1790.0304	1871.0101
8770	44	735	1790.0304	1871.0101
10383	44	735	1790.0304	1871.0101
970	44	2383	1790.0304	1871.0101
21660	44	152	1790.0304	1871.0101
2383	29	10036	1790.0304	1871.0101
28098	44	735	1790.0304	1871.0101
11142	44	152	1790.0304	1871.0101
14295	44	152	1790.0304	1871.0101
10042	44	735	1790.0304	1871.0101
18631	44	735	1790.0304	1871.0101
2696	44	735	1790.0304	1871.0101
22239	44	152	1790.0304	1871.0101
3368	44	735	1790.0304	1871.0101
19662	44	152	1790.0304	1871.0101
3332	44	735	1790.0304	1871.0101
10050	44	152	1790.0304	1871.0101
8157	44	152	1790.0304	1871.0101
3081	44	735	1790.0304	1871.0101
23040	44	152	1790.0304	1871.0101
3643	44	735	1790.0304	1871.0101
10041	44	735	1790.0304	1871.0101
23914	44	735	1790.0304	1871.0101
3334	44	152	1790.0304	1871.0101
17777	44	735	1790.0304	1871.0101
22383	44	735	1790.0304	1871.0101
28010	44	735	1790.0304	1871.0101
11753	44	735	1790.0304	1871.0101
4448	44	735	1790.0304	1871.0101
2474	44	735	1790.0304	1871.0101
28013	44	152	1790.0304	1871.0101
9594	44	2383	1790.0304	1871.0101
19874	44	735	1790.0304	1871.0101
3333	44	735	1790.0304	1871.0101
18630	44	735	1790.0304	1871.0101
14901	44	735	1790.0304	1871.0101
5168	44	735	1790.0304	1871.0101
10940	44	735	1790.0304	1871.0101
807	44	735	1790.0304	1871.0101
11181	44	735	1790.0304	1871.0101
20299	44	735	1790.0304	1871.0101
22888	44	2383	1790.0304	1871.0101
518	44	735	1790.0304	1871.0101
13357	44	735	1790.0304	1871.0101
19768	44	1533	1790.0304	1871.0101
2002	44	152	1790.0304	1871.0101
20512	44	735	1790.0304	1871.0101
6036	44	735	1790.0304	1871.0101
4513	44	735	1790.0304	1871.0101
15033	44	735	1790.0304	1871.0101
2271	44	735	1790.0304	1871.0101
29434	44	735	1790.0304	1871.0101
10035	44	2383	1790.0304	1871.0101
5132	44	735	1790.0304	1871.0101
9862	44	1533	1790.0304	1871.0101
1955	44	152	1790.0304	1871.0101
152	29	14294	1790.0304	1871.0101
152	29	14004	1790.0304	1871.0101
152	29	2096	1790.0304	1871.0101
152	29	23964	1790.0304	1871.0101
152	29	13274	1790.0304	1871.0101
152	29	19662	1790.0304	1871.0101
152	29	3334	1790.0304	1871.0101
152	29	9204	1790.0304	1871.0101
14519	44	2383	1790.0304	1871.0101
8262	44	735	1790.0304	1871.0101
152	29	10695	1790.0304	1871.0101
14294	44	152	1790.0304	1871.0101
152	29	27165	1790.0304	1871.0101
9182	44	735	1790.0304	1871.0101
27706	44	735	1790.0304	1871.0101
15664	44	152	1790.0304	1871.0101
152	29	1204	1790.0304	1871.0101
19215	44	735	1790.0304	1871.0101
24187	44	152	1790.0304	1871.0101
152	29	9698	1790.0304	1871.0101
1225	44	735	1790.0304	1871.0101
152	29	14669	1790.0304	1871.0101
6456	44	735	1790.0304	1871.0101
152	29	3436	1790.0304	1871.0101
36452	44	2383	1790.0304	1871.0101
152	29	11142	1790.0304	1871.0101
152	29	40639	1790.0304	1871.0101
27125	44	735	1790.0304	1871.0101
152	29	21458	1790.0304	1871.0101
152	29	10050	1790.0304	1871.0101
152	29	1352	1790.0304	1871.0101
23145	44	152	1790.0304	1871.0101
152	29	7070	1790.0304	1871.0101
152	29	23145	1790.0304	1871.0101
152	29	14295	1790.0304	1871.0101
152	29	16145	1790.0304	1871.0101
152	29	26508	1790.0304	1871.0101
152	29	24183	1790.0304	1871.0101
152	29	519	1790.0304	1871.0101
152	29	18916	1790.0304	1871.0101
152	29	2032	1790.0304	1871.0101
152	29	11899	1790.0304	1871.0101
152	29	17175	1790.0304	1871.0101
152	29	9009	1790.0304	1871.0101
152	29	4226	1790.0304	1871.0101
152	29	30074	1790.0304	1871.0101
152	29	2002	1790.0304	1871.0101
152	29	28013	1790.0304	1871.0101
23159	44	2383	1790.0304	1871.0101
152	29	24187	1790.0304	1871.0101
152	29	21089	1790.0304	1871.0101
152	29	29493	1790.0304	1871.0101
152	29	17174	1790.0304	1871.0101
31991	44	1533	1790.0304	1871.0101
152	29	1353	1790.0304	1871.0101
152	29	3952	1790.0304	1871.0101
152	29	13695	1790.0304	1871.0101
28697	44	2383	1790.0304	1871.0101
1502	44	735	1790.0304	1871.0101
9755	44	735	1790.0304	1871.0101
806	44	735	1790.0304	1871.0101
7807	44	735	1790.0304	1871.0101
18463	44	1533	1790.0304	1871.0101
30074	44	152	1790.0304	1871.0101
18964	44	735	1790.0304	1871.0101
23519	44	735	1790.0304	1871.0101
6505	44	735	1790.0304	1871.0101
16144	44	735	1790.0304	1871.0101
18007	44	735	1790.0304	1871.0101
14004	44	152	1790.0304	1871.0101
10008	44	2383	1790.0304	1871.0101
19303	44	735	1790.0304	1871.0101
3996	44	1533	1790.0304	1871.0101
18768	44	2383	1790.0304	1871.0101
35338	44	735	1790.0304	1871.0101
17291	44	735	1790.0304	1871.0101
28827	44	735	1790.0304	1871.0101
24207	44	152	1790.0304	1871.0101
6795	44	735	1790.0304	1871.0101
3473	44	735	1790.0304	1871.0101
14758	44	735	1790.0304	1871.0101
36454	44	2383	1790.0304	1871.0101
971	44	2383	1790.0304	1871.0101
19890	44	1533	1790.0304	1871.0101
2414	44	735	1790.0304	1871.0101
14666	44	735	1790.0304	1871.0101
8342	44	735	1790.0304	1871.0101
10317	44	735	1790.0304	1871.0101
6395	44	735	1790.0304	1871.0101
4261	44	1533	1790.0304	1871.0101
26709	44	735	1790.0304	1871.0101
13827	44	735	1790.0304	1871.0101
2230	44	735	1790.0304	1871.0101
29493	44	152	1790.0304	1871.0101
26776	44	735	1790.0304	1871.0101
11048	44	735	1790.0304	1871.0101
17180	44	735	1790.0304	1871.0101
1928	44	735	1790.0304	1871.0101
777	44	735	1790.0304	1871.0101
9698	44	152	1790.0304	1871.0101
1204	44	152	1790.0304	1871.0101
2688	44	2383	1790.0304	1871.0101
26708	44	735	1790.0304	1871.0101
23964	44	152	1790.0304	1871.0101
23836	44	735	1790.0304	1871.0101
25792	44	735	1790.0304	1871.0101
12476	44	2383	1790.0304	1871.0101
32868	44	735	1790.0304	1871.0101
7464	44	735	1790.0304	1871.0101
17818	44	735	1790.0304	1871.0101
4227	44	152	1790.0304	1871.0101
4601	44	735	1790.0304	1871.0101
18764	44	735	1790.0304	1871.0101
22515	44	735	1790.0304	1871.0101
25910	44	735	1790.0304	1871.0101
2597	44	735	1790.0304	1871.0101
15696	44	735	1790.0304	1871.0101
29305	44	735	1790.0304	1871.0101
9199	44	735	1790.0304	1871.0101
15143	44	735	1790.0304	1871.0101
1609	44	735	1790.0304	1871.0101
36332	44	735	1790.0304	1871.0101
19262	44	152	1790.0304	1871.0101
25240	44	735	1790.0304	1871.0101
22313	44	735	1790.0304	1871.0101
6704	44	735	1790.0304	1871.0101
14669	44	152	1790.0304	1871.0101
12379	44	1533	1790.0304	1871.0101
12524	44	735	1790.0304	1871.0101
4042	44	735	1790.0304	1871.0101
23273	44	735	1790.0304	1871.0101
20230	44	735	1790.0304	1871.0101
12403	44	2383	1790.0304	1871.0101
7672	44	735	1790.0304	1871.0101
16368	44	735	1790.0304	1871.0101
21688	44	735	1790.0304	1871.0101
18006	44	735	1790.0304	1871.0101
20672	44	1533	1790.0304	1871.0101
20514	44	735	1790.0304	1871.0101
10695	44	152	1790.0304	1871.0101
7263	44	2383	1790.0304	1871.0101
9465	44	2383	1790.0304	1871.0101
1987	44	735	1790.0304	1871.0101
10494	44	735	1790.0304	1871.0101
18711	44	735	1790.0304	1871.0101
20457	44	1533	1790.0304	1871.0101
16930	44	735	1790.0304	1871.0101
1352	44	152	1790.0304	1871.0101
9475	44	735	1790.0304	1871.0101
21076	44	735	1790.0304	1871.0101
16409	44	735	1790.0304	1871.0101
3949	44	735	1790.0304	1871.0101
11219	44	735	1790.0304	1871.0101
23591	44	735	1790.0304	1871.0101
27405	44	735	1790.0304	1871.0101
15657	44	2383	1790.0304	1871.0101
11992	44	735	1790.0304	1871.0101
286	44	735	1790.0304	1871.0101
18926	44	1533	1790.0304	1871.0101
26051	44	735	1790.0304	1871.0101
9183	44	735	1790.0304	1871.0101
12716	44	735	1790.0304	1871.0101
15509	44	735	1790.0304	1871.0101
18163	44	152	1790.0304	1871.0101
3275	44	152	1790.0304	1871.0101
17447	44	1533	1790.0304	1871.0101
25885	44	735	1790.0304	1871.0101
23058	44	735	1790.0304	1871.0101
7494	44	735	1790.0304	1871.0101
22558	44	2383	1790.0304	1871.0101
7334	44	735	1790.0304	1871.0101
2322	44	735	1790.0304	1871.0101
7070	44	152	1790.0304	1871.0101
15219	44	1533	1790.0304	1871.0101
21689	44	735	1790.0304	1871.0101
28293	44	735	1790.0304	1871.0101
12851	44	735	1790.0304	1871.0101
18926	44	735	1790.0304	1871.0101
26051	44	1533	1790.0304	1871.0101
12743	44	735	1790.0304	1871.0101
9388	44	735	1790.0304	1871.0101
10092	44	735	1790.0304	1871.0101
2619	44	735	1790.0304	1871.0101
24101	44	735	1790.0304	1871.0101
2383	29	1543	1790.0304	1871.0101
2383	29	26879	1790.0304	1871.0101
30009	44	735	1790.0304	1871.0101
1533	29	26051	1790.0304	1871.0101
3062	44	1533	1790.0304	1871.0101
1533	29	7479	1790.0304	1871.0101
2383	29	36452	1790.0304	1871.0101
17249	44	735	1790.0304	1871.0101
2383	29	7263	1790.0304	1871.0101
2383	29	29339	1790.0304	1871.0101
2383	29	970	1790.0304	1871.0101
2383	29	28437	1790.0304	1871.0101
15371	44	735	1790.0304	1871.0101
1533	29	15219	1790.0304	1871.0101
2383	29	21137	1790.0304	1871.0101
30611	44	735	1790.0304	1871.0101
18917	44	735	1790.0304	1871.0101
4226	44	152	1790.0304	1871.0101
7806	44	735	1790.0304	1871.0101
1533	29	11737	1790.0304	1871.0101
13545	44	735	1790.0304	1871.0101
2383	29	36454	1790.0304	1871.0101
9202	44	735	1790.0304	1871.0101
9388	44	1533	1790.0304	1871.0101
30199	44	735	1790.0304	1871.0101
31244	44	735	1790.0304	1871.0101
2383	29	19277	1790.0304	1871.0101
2383	29	15657	1790.0304	1871.0101
2383	29	22888	1790.0304	1871.0101
23763	44	735	1790.0304	1871.0101
2383	29	285	1790.0304	1871.0101
18916	44	152	1790.0304	1871.0101
1533	29	20672	1790.0304	1871.0101
2383	29	25616	1790.0304	1871.0101
2383	29	25617	1790.0304	1871.0101
1533	29	35705	1790.0304	1871.0101
1533	29	17447	1790.0304	1871.0101
1533	29	12379	1790.0304	1871.0101
2383	29	7264	1790.0304	1871.0101
1533	29	3062	1790.0304	1871.0101
11180	44	735	1790.0304	1871.0101
1533	29	19890	1790.0304	1871.0101
2383	29	10008	1790.0304	1871.0101
1533	29	31991	1790.0304	1871.0101
2383	29	10479	1790.0304	1871.0101
2383	29	9465	1790.0304	1871.0101
5851	44	735	1790.0304	1871.0101
2383	29	18434	1790.0304	1871.0101
2383	29	14519	1790.0304	1871.0101
1533	29	9715	1790.0304	1871.0101
1533	29	20457	1790.0304	1871.0101
13274	44	152	1790.0304	1871.0101
1533	29	19768	1790.0304	1871.0101
1533	29	18926	1790.0304	1871.0101
1533	29	18463	1790.0304	1871.0101
2383	29	10402	1790.0304	1871.0101
2383	29	12476	1790.0304	1871.0101
27166	44	735	1790.0304	1871.0101
1533	29	17249	1790.0304	1871.0101
2383	29	22558	1790.0304	1871.0101
2383	29	14946	1790.0304	1871.0101
18433	44	735	1790.0304	1871.0101
11220	44	735	1790.0304	1871.0101
13194	44	735	1790.0304	1871.0101
9715	44	1533	1790.0304	1871.0101
28145	44	735	1790.0304	1871.0101
2229	44	735	1790.0304	1871.0101
18412	44	735	1790.0304	1871.0101
29528	44	735	1790.0304	1871.0101
11680	44	735	1790.0304	1871.0101
16786	44	735	1790.0304	1871.0101
8197	44	735	1790.0304	1871.0101
9577	44	1533	1790.0304	1871.0101
19858	44	735	1790.0304	1871.0101
1534	44	735	1790.0304	1871.0101
40639	44	152	1790.0304	1871.0101
11945	44	735	1790.0304	1871.0101
5544	44	735	1790.0304	1871.0101
11899	44	152	1790.0304	1871.0101
20513	44	735	1790.0304	1871.0101
3642	44	735	1790.0304	1871.0101
35532	44	735	1790.0304	1871.0101
519	44	152	1790.0304	1871.0101
17077	44	735	1790.0304	1871.0101
28330	44	735	1790.0304	1871.0101
1346	44	152	1790.0304	1871.0101
5578	44	735	1790.0304	1871.0101
9009	44	152	1790.0304	1871.0101
35919	44	1533	1790.0304	1871.0101
14804	44	152	1790.0304	1871.0101
25238	44	735	1790.0304	1871.0101
2032	44	152	1790.0304	1871.0101
6533	44	735	1790.0304	1871.0101
35705	44	1533	1790.0304	1871.0101
7752	44	735	1790.0304	1871.0101
25253	44	735	1790.0304	1871.0101
19728	44	735	1790.0304	1871.0101
29498	44	735	1790.0304	1871.0101
5462	44	735	1790.0304	1871.0101
2095	44	152	1790.0304	1871.0101
8549	44	735	1790.0304	1871.0101
9032	44	735	1790.0304	1871.0101
25217	44	152	1790.0304	1871.0101
10556	44	735	1790.0304	1871.0101
23657	44	735	1790.0304	1871.0101
7459	44	735	1790.0304	1871.0101
22163	44	735	1790.0304	1871.0101
4794	44	735	1790.0304	1871.0101
27874	44	735	1790.0304	1871.0101
152	29	153	1790.0304	1871.0518
152	29	1104	1790.0304	1871.0518
152	29	4000	1790.0304	1871.0518
4992	44	152	1790.0304	1871.0518
6079	29	6080	1790.0304	1871.0518
5867	44	152	1790.0304	1871.0518
152	29	6367	1790.0304	1871.0518
6079	29	15860	1790.0304	1871.0518
17944	44	152	1790.0304	1871.0518
5576	44	6079	1790.0304	1871.0518
152	29	21383	1790.0304	1871.0518
14640	44	152	1790.0304	1871.0518
8825	44	152	1790.0304	1871.0518
1863	44	152	1790.0304	1871.0518
152	29	22321	1790.0304	1871.0518
152	29	27094	1790.0304	1871.0518
2444	44	152	1790.0304	1871.0518
4327	44	152	1790.0304	1871.0518
6080	44	6079	1790.0304	1871.0518
152	29	30617	1790.0304	1871.0518
13103	44	152	1790.0304	1871.0518
152	29	18642	1790.0304	1871.0518
152	29	21708	1790.0304	1871.0518
6850	44	152	1790.0304	1871.0518
1419	44	152	1790.0304	1871.0518
5570	44	152	1790.0304	1871.0518
152	29	2017	1790.0304	1871.0518
152	29	18122	1790.0304	1871.0518
2017	44	152	1790.0304	1871.0518
6323	44	152	1790.0304	1871.0518
8323	44	152	1790.0304	1871.0518
152	29	11041	1790.0304	1871.0518
152	29	15665	1790.0304	1871.0518
14003	44	6079	1790.0304	1871.0518
5947	44	152	1790.0304	1871.0518
152	29	23645	1790.0304	1871.0518
14408	44	152	1790.0304	1871.0518
6366	44	152	1790.0304	1871.0518
152	29	21707	1790.0304	1871.0518
152	29	6323	1790.0304	1871.0518
29682	44	152	1790.0304	1871.0518
6079	29	5576	1790.0304	1871.0518
9477	44	6079	1790.0304	1871.0518
17430	44	152	1790.0304	1871.0518
152	29	9613	1790.0304	1871.0518
11699	44	152	1790.0304	1871.0518
12246	44	152	1790.0304	1871.0518
17669	44	152	1790.0304	1871.0518
152	29	11699	1790.0304	1871.0518
15490	44	152	1790.0304	1871.0518
152	29	5898	1790.0304	1871.0518
17708	44	152	1790.0304	1871.0518
15973	44	152	1790.0304	1871.0518
152	29	20997	1790.0304	1871.0518
18122	44	152	1790.0304	1871.0518
6079	29	15051	1790.0304	1871.0518
6367	44	152	1790.0304	1871.0518
152	29	13103	1790.0304	1871.0518
152	29	3465	1790.0304	1871.0518
33424	44	152	1790.0304	1871.0518
6471	44	152	1790.0304	1871.0518
152	29	12246	1790.0304	1871.0518
152	29	4327	1790.0304	1871.0518
152	29	8323	1790.0304	1871.0518
152	29	14805	1790.0304	1871.0518
152	29	33424	1790.0304	1871.0518
6156	44	152	1790.0304	1871.0518
152	29	15491	1790.0304	1871.0518
6079	29	16738	1790.0304	1871.0518
33946	44	152	1790.0304	1871.0518
152	29	8825	1790.0304	1871.0518
152	29	15369	1790.0304	1871.0518
6079	29	16574	1790.0304	1871.0518
152	29	15490	1790.0304	1871.0518
16574	44	6079	1790.0304	1871.0518
13375	44	152	1790.0304	1871.0518
6079	29	3909	1790.0304	1871.0518
152	29	5994	1790.0304	1871.0518
11735	44	152	1790.0304	1871.0518
361	44	6079	1790.0304	1871.0518
16738	44	6079	1790.0304	1871.0518
15974	44	152	1790.0304	1871.0518
152	29	16414	1790.0304	1871.0518
17393	44	152	1790.0304	1871.0518
4000	44	152	1790.0304	1871.0518
15369	44	152	1790.0304	1871.0518
1864	44	152	1790.0304	1871.0518
15860	44	6079	1790.0304	1871.0518
15625	44	152	1790.0304	1871.0518
21707	44	152	1790.0304	1871.0518
11871	44	152	1790.0304	1871.0518
5994	44	152	1790.0304	1871.0518
31888	44	152	1790.0304	1871.0518
152	29	33946	1790.0304	1871.0518
6079	29	361	1790.0304	1871.0518
152	29	30522	1790.0304	1871.0518
6079	29	23686	1790.0304	1871.0518
152	29	15625	1790.0304	1871.0518
152	29	26445	1790.0304	1871.0518
152	29	17708	1790.0304	1871.0518
152	29	17393	1790.0304	1871.0518
152	29	6156	1790.0304	1871.0518
152	29	6850	1790.0304	1871.0518
152	29	7634	1790.0304	1871.0518
152	29	18254	1790.0304	1871.0518
152	29	14640	1790.0304	1871.0518
6079	29	9477	1790.0304	1871.0518
6079	29	362	1790.0304	1871.0518
152	29	20902	1790.0304	1871.0518
152	29	11735	1790.0304	1871.0518
152	29	2444	1790.0304	1871.0518
152	29	29682	1790.0304	1871.0518
152	29	11871	1790.0304	1871.0518
6079	29	15457	1790.0304	1871.0518
152	29	10201	1790.0304	1871.0518
152	29	1419	1790.0304	1871.0518
152	29	1863	1790.0304	1871.0518
152	29	5993	1790.0304	1871.0518
26445	44	152	1790.0304	1871.0518
152	29	6298	1790.0304	1871.0518
6079	29	3908	1790.0304	1871.0518
5898	44	152	1790.0304	1871.0518
15457	44	6079	1790.0304	1871.0518
6079	29	25023	1790.0304	1871.0518
152	29	6297	1790.0304	1871.0518
152	29	17430	1790.0304	1871.0518
6079	29	19844	1790.0304	1871.0518
152	29	20016	1790.0304	1871.0518
152	29	2548	1790.0304	1871.0518
152	29	31888	1790.0304	1871.0518
152	29	17669	1790.0304	1871.0518
152	29	14408	1790.0304	1871.0518
152	29	15973	1790.0304	1871.0518
30617	44	152	1790.0304	1871.0518
152	29	9848	1790.0304	1871.0518
152	29	6366	1790.0304	1871.0518
152	29	4549	1790.0304	1871.0518
152	29	10694	1790.0304	1871.0518
152	29	6471	1790.0304	1871.0518
152	29	5867	1790.0304	1871.0518
152	29	5947	1790.0304	1871.0518
6079	29	25022	1790.0304	1871.0518
152	29	5570	1790.0304	1871.0518
152	29	15974	1790.0304	1871.0518
9613	44	152	1790.0304	1871.0518
152	29	1864	1790.0304	1871.0518
152	29	13375	1790.0304	1871.0518
6079	29	14003	1790.0304	1871.0518
152	29	17944	1790.0304	1871.0518
152	29	17306	1790.0304	1871.0518
152	29	4992	1790.0304	1871.0518
7634	44	152	1790.0304	1871.0518
4549	44	152	1790.0304	1871.0518
6298	44	152	1790.0304	1871.0518
27094	44	152	1790.0304	1871.0518
20902	44	152	1790.0304	1871.0518
23686	44	6079	1790.0304	1871.0518
18254	44	152	1790.0304	1871.0518
15491	44	152	1790.0304	1871.0518
2548	44	152	1790.0304	1871.0518
17306	44	152	1790.0304	1871.0518
30522	44	152	1790.0304	1871.0518
16414	44	152	1790.0304	1871.0518
14805	44	152	1790.0304	1871.0518
25022	44	6079	1790.0304	1871.0518
5993	44	152	1790.0304	1871.0518
21708	44	152	1790.0304	1871.0518
25023	44	6079	1790.0304	1871.0518
10201	44	152	1790.0304	1871.0518
362	44	6079	1790.0304	1871.0518
19844	44	6079	1790.0304	1871.0518
18642	44	152	1790.0304	1871.0518
15665	44	152	1790.0304	1871.0518
10694	44	152	1790.0304	1871.0518
21383	44	152	1790.0304	1871.0518
3465	44	152	1790.0304	1871.0518
6297	44	152	1790.0304	1871.0518
9848	44	152	1790.0304	1871.0518
20016	44	152	1790.0304	1871.0518
3909	44	6079	1790.0304	1871.0518
11041	44	152	1790.0304	1871.0518
153	44	152	1790.0304	1871.0518
1104	44	152	1790.0304	1871.0518
15051	44	6079	1790.0304	1871.0518
23645	44	152	1790.0304	1871.0518
11064	44	152	1790.0304	1871.0907
152	29	22942	1790.0304	1871.0907
152	29	4950	1790.0304	1871.0907
152	29	11064	1790.0304	1871.0907
152	29	35547	1790.0304	1871.0907
152	29	18846	1790.0304	1871.0907
4950	44	152	1790.0304	1871.0907
35547	44	152	1790.0304	1871.0907
18846	44	152	1790.0304	1871.0907
17828	44	16223	1790.0304	1967.1231
11900	29	8450	1790.0304	1967.1231
16223	29	17829	1790.0304	1967.1231
16223	29	2974	1790.0304	1967.1231
8450	44	11900	1790.0304	1967.1231
11900	29	20078	1790.0304	1967.1231
11900	29	16487	1790.0304	1967.1231
11900	29	20973	1790.0304	1967.1231
20078	44	11900	1790.0304	1967.1231
16487	44	11900	1790.0304	1967.1231
2974	44	16223	1790.0304	1967.1231
17829	44	16223	1790.0304	1967.1231
20973	44	11900	1790.0304	1967.1231
16223	29	17828	1790.0304	1967.1231
304	44	305	1790.0304	1968.0101
305	29	749	1790.0304	1968.0101
305	29	2113	1790.0304	1968.0101
2527	44	305	1790.0304	1968.0101
305	29	2466	1790.0304	1968.0101
305	29	3780	1790.0304	1968.0101
4612	44	305	1790.0304	1968.0101
5036	44	305	1790.0304	1968.0101
5541	44	305	1790.0304	1968.0101
5728	44	592	1790.0304	1968.0101
6095	44	305	1790.0304	1968.0101
592	29	1692	1790.0304	1968.0101
305	29	6928	1790.0304	1968.0101
305	29	6217	1790.0304	1968.0101
7016	44	305	1790.0304	1968.0101
592	29	8424	1790.0304	1968.0101
2285	44	592	1790.0304	1968.0101
305	29	11071	1790.0304	1968.0101
2875	44	305	1790.0304	1968.0101
1623	44	592	1790.0304	1968.0101
305	29	14111	1790.0304	1968.0101
14721	44	305	1790.0304	1968.0101
592	29	591	1790.0304	1968.0101
592	29	16910	1790.0304	1968.0101
6553	44	592	1790.0304	1968.0101
305	29	17209	1790.0304	1968.0101
305	29	13179	1790.0304	1968.0101
1035	44	305	1790.0304	1968.0101
6207	44	592	1790.0304	1968.0101
305	29	12645	1790.0304	1968.0101
18250	44	305	1790.0304	1968.0101
305	29	18884	1790.0304	1968.0101
305	29	10208	1790.0304	1968.0101
14506	44	305	1790.0304	1968.0101
13466	44	305	1790.0304	1968.0101
305	29	20861	1790.0304	1968.0101
3344	44	592	1790.0304	1968.0101
13853	44	305	1790.0304	1968.0101
592	29	22396	1790.0304	1968.0101
22266	44	305	1790.0304	1968.0101
305	29	16311	1790.0304	1968.0101
4951	44	305	1790.0304	1968.0101
305	29	6513	1790.0304	1968.0101
305	29	8903	1790.0304	1968.0101
305	29	4062	1790.0304	1968.0101
15054	44	305	1790.0304	1968.0101
592	29	11605	1790.0304	1968.0101
11071	44	305	1790.0304	1968.0101
15686	44	305	1790.0304	1968.0101
592	29	6487	1790.0304	1968.0101
305	29	11060	1790.0304	1968.0101
305	29	23284	1790.0304	1968.0101
305	29	13402	1790.0304	1968.0101
305	29	27989	1790.0304	1968.0101
305	29	28008	1790.0304	1968.0101
305	29	13992	1790.0304	1968.0101
27806	44	592	1790.0304	1968.0101
305	29	28748	1790.0304	1968.0101
23210	44	305	1790.0304	1968.0101
27989	44	305	1790.0304	1968.0101
305	29	22265	1790.0304	1968.0101
15023	44	305	1790.0304	1968.0101
305	29	25581	1790.0304	1968.0101
592	29	3344	1790.0304	1968.0101
305	29	29946	1790.0304	1968.0101
592	29	11437	1790.0304	1968.0101
305	29	2523	1790.0304	1968.0101
25918	44	305	1790.0304	1968.0101
20898	44	305	1790.0304	1968.0101
305	29	30730	1790.0304	1968.0101
2269	44	305	1790.0304	1968.0101
16323	44	592	1790.0304	1968.0101
305	29	15024	1790.0304	1968.0101
7053	44	305	1790.0304	1968.0101
305	29	15686	1790.0304	1968.0101
305	29	11377	1790.0304	1968.0101
32686	44	305	1790.0304	1968.0101
305	29	11989	1790.0304	1968.0101
29220	44	305	1790.0304	1968.0101
592	29	6854	1790.0304	1968.0101
592	29	9412	1790.0304	1968.0101
592	29	17008	1790.0304	1968.0101
305	29	32179	1790.0304	1968.0101
6513	44	305	1790.0304	1968.0101
305	29	34688	1790.0304	1968.0101
305	29	24019	1790.0304	1968.0101
10208	44	305	1790.0304	1968.0101
592	29	2247	1790.0304	1968.0101
10336	44	592	1790.0304	1968.0101
305	29	13466	1790.0304	1968.0101
305	29	4951	1790.0304	1968.0101
305	29	8445	1790.0304	1968.0101
11989	44	305	1790.0304	1968.0101
15432	44	305	1790.0304	1968.0101
305	29	3764	1790.0304	1968.0101
305	29	20890	1790.0304	1968.0101
305	29	16702	1790.0304	1968.0101
592	29	10336	1790.0304	1968.0101
24412	44	305	1790.0304	1968.0101
592	29	11031	1790.0304	1968.0101
25690	44	305	1790.0304	1968.0101
10335	44	592	1790.0304	1968.0101
20921	44	305	1790.0304	1968.0101
5532	44	592	1790.0304	1968.0101
592	29	6206	1790.0304	1968.0101
29621	44	305	1790.0304	1968.0101
305	29	3781	1790.0304	1968.0101
14540	44	305	1790.0304	1968.0101
305	29	7595	1790.0304	1968.0101
12646	44	305	1790.0304	1968.0101
7925	44	305	1790.0304	1968.0101
15778	44	305	1790.0304	1968.0101
305	29	5036	1790.0304	1968.0101
305	29	24074	1790.0304	1968.0101
305	29	23210	1790.0304	1968.0101
26095	44	305	1790.0304	1968.0101
305	29	7053	1790.0304	1968.0101
305	29	13193	1790.0304	1968.0101
11926	44	305	1790.0304	1968.0101
13193	44	305	1790.0304	1968.0101
30222	44	305	1790.0304	1968.0101
12070	44	592	1790.0304	1968.0101
2466	44	305	1790.0304	1968.0101
305	29	26095	1790.0304	1968.0101
305	29	15023	1790.0304	1968.0101
15252	44	305	1790.0304	1968.0101
20790	44	305	1790.0304	1968.0101
14632	44	305	1790.0304	1968.0101
592	29	24065	1790.0304	1968.0101
305	29	13853	1790.0304	1968.0101
3763	44	305	1790.0304	1968.0101
20747	44	305	1790.0304	1968.0101
24018	44	305	1790.0304	1968.0101
592	29	17849	1790.0304	1968.0101
305	29	5112	1790.0304	1968.0101
305	29	5032	1790.0304	1968.0101
305	29	12166	1790.0304	1968.0101
20314	44	592	1790.0304	1968.0101
305	29	26753	1790.0304	1968.0101
592	29	16323	1790.0304	1968.0101
13674	44	592	1790.0304	1968.0101
8445	44	305	1790.0304	1968.0101
4062	44	305	1790.0304	1968.0101
3764	44	305	1790.0304	1968.0101
305	29	18833	1790.0304	1968.0101
35470	44	305	1790.0304	1968.0101
5458	44	305	1790.0304	1968.0101
16137	44	305	1790.0304	1968.0101
618	44	305	1790.0304	1968.0101
10651	44	305	1790.0304	1968.0101
592	29	28173	1790.0304	1968.0101
305	29	20898	1790.0304	1968.0101
305	29	23735	1790.0304	1968.0101
305	29	16968	1790.0304	1968.0101
7329	44	305	1790.0304	1968.0101
305	29	30222	1790.0304	1968.0101
13179	44	305	1790.0304	1968.0101
305	29	30665	1790.0304	1968.0101
592	29	17623	1790.0304	1968.0101
592	29	11406	1790.0304	1968.0101
305	29	13182	1790.0304	1968.0101
12645	44	305	1790.0304	1968.0101
8319	44	305	1790.0304	1968.0101
305	29	618	1790.0304	1968.0101
23284	44	305	1790.0304	1968.0101
19167	44	305	1790.0304	1968.0101
305	29	28014	1790.0304	1968.0101
305	29	28461	1790.0304	1968.0101
305	29	11321	1790.0304	1968.0101
305	29	7016	1790.0304	1968.0101
305	29	5824	1790.0304	1968.0101
592	29	5697	1790.0304	1968.0101
30463	44	305	1790.0304	1968.0101
8330	44	305	1790.0304	1968.0101
305	29	15432	1790.0304	1968.0101
17849	44	592	1790.0304	1968.0101
11437	44	592	1790.0304	1968.0101
24019	44	305	1790.0304	1968.0101
592	12	10382	1790.0304	1968.0101
305	29	25918	1790.0304	1968.0101
12166	44	305	1790.0304	1968.0101
5031	44	305	1790.0304	1968.0101
305	29	37047	1790.0304	1968.0101
305	29	7317	1790.0304	1968.0101
305	29	2527	1790.0304	1968.0101
305	29	10671	1790.0304	1968.0101
305	29	20587	1790.0304	1968.0101
305	29	4612	1790.0304	1968.0101
305	29	11926	1790.0304	1968.0101
305	29	20921	1790.0304	1968.0101
305	29	8446	1790.0304	1968.0101
305	29	26611	1790.0304	1968.0101
305	29	16213	1790.0304	1968.0101
305	29	36967	1790.0304	1968.0101
305	29	13207	1790.0304	1968.0101
305	29	34619	1790.0304	1968.0101
305	29	24412	1790.0304	1968.0101
305	29	14506	1790.0304	1968.0101
305	29	14539	1790.0304	1968.0101
305	29	11881	1790.0304	1968.0101
305	29	30463	1790.0304	1968.0101
305	29	2270	1790.0304	1968.0101
305	29	13652	1790.0304	1968.0101
305	29	12401	1790.0304	1968.0101
305	29	1895	1790.0304	1968.0101
305	29	4572	1790.0304	1968.0101
305	29	21559	1790.0304	1968.0101
305	29	25690	1790.0304	1968.0101
305	29	8319	1790.0304	1968.0101
305	29	35470	1790.0304	1968.0101
305	29	7925	1790.0304	1968.0101
305	29	17171	1790.0304	1968.0101
305	29	5458	1790.0304	1968.0101
305	29	21454	1790.0304	1968.0101
305	29	5031	1790.0304	1968.0101
305	29	12646	1790.0304	1968.0101
305	29	16142	1790.0304	1968.0101
305	29	28826	1790.0304	1968.0101
305	29	22266	1790.0304	1968.0101
305	29	39272	1790.0304	1968.0101
305	29	32095	1790.0304	1968.0101
305	29	169	1790.0304	1968.0101
305	29	13531	1790.0304	1968.0101
305	29	6717	1790.0304	1968.0101
305	29	30223	1790.0304	1968.0101
305	29	15778	1790.0304	1968.0101
305	29	2269	1790.0304	1968.0101
2284	44	305	1790.0304	1968.0101
305	29	18250	1790.0304	1968.0101
305	29	29220	1790.0304	1968.0101
305	29	4952	1790.0304	1968.0101
305	29	19635	1790.0304	1968.0101
305	29	10651	1790.0304	1968.0101
305	29	15022	1790.0304	1968.0101
305	29	36992	1790.0304	1968.0101
5824	44	305	1790.0304	1968.0101
305	29	37600	1790.0304	1968.0101
305	29	18445	1790.0304	1968.0101
37600	44	305	1790.0304	1968.0101
305	29	34802	1790.0304	1968.0101
305	29	5541	1790.0304	1968.0101
305	29	2284	1790.0304	1968.0101
305	29	17085	1790.0304	1968.0101
305	29	12184	1790.0304	1968.0101
305	29	15252	1790.0304	1968.0101
305	29	24431	1790.0304	1968.0101
305	29	32146	1790.0304	1968.0101
11321	44	305	1790.0304	1968.0101
305	29	14632	1790.0304	1968.0101
305	29	16137	1790.0304	1968.0101
305	29	20790	1790.0304	1968.0101
305	29	29696	1790.0304	1968.0101
305	29	8330	1790.0304	1968.0101
305	29	37256	1790.0304	1968.0101
305	29	304	1790.0304	1968.0101
305	29	26060	1790.0304	1968.0101
6926	44	592	1790.0304	1968.0101
305	29	2875	1790.0304	1968.0101
305	29	30428	1790.0304	1968.0101
305	29	8389	1790.0304	1968.0101
305	29	5533	1790.0304	1968.0101
305	29	3614	1790.0304	1968.0101
305	29	29621	1790.0304	1968.0101
305	29	14721	1790.0304	1968.0101
305	29	13488	1790.0304	1968.0101
305	29	20747	1790.0304	1968.0101
305	29	38960	1790.0304	1968.0101
305	29	22054	1790.0304	1968.0101
305	12	10382	1790.0304	1968.0101
305	29	24175	1790.0304	1968.0101
305	29	7329	1790.0304	1968.0101
305	29	32586	1790.0304	1968.0101
2270	44	305	1790.0304	1968.0101
1692	44	592	1790.0304	1968.0101
305	29	32771	1790.0304	1968.0101
305	29	7485	1790.0304	1968.0101
305	29	1035	1790.0304	1968.0101
305	29	24018	1790.0304	1968.0101
305	29	34702	1790.0304	1968.0101
305	29	32686	1790.0304	1968.0101
305	29	11109	1790.0304	1968.0101
305	29	15054	1790.0304	1968.0101
305	29	6095	1790.0304	1968.0101
305	29	14540	1790.0304	1968.0101
305	29	23385	1790.0304	1968.0101
305	29	12990	1790.0304	1968.0101
305	29	11108	1790.0304	1968.0101
305	29	3763	1790.0304	1968.0101
305	29	19167	1790.0304	1968.0101
2113	44	305	1790.0304	1968.0101
11030	44	592	1790.0304	1968.0101
11377	44	305	1790.0304	1968.0101
18884	44	305	1790.0304	1968.0101
14539	44	305	1790.0304	1968.0101
36967	44	305	1790.0304	1968.0101
21559	44	305	1790.0304	1968.0101
36992	44	305	1790.0304	1968.0101
24431	44	305	1790.0304	1968.0101
28008	44	305	1790.0304	1968.0101
6717	44	305	1790.0304	1968.0101
16142	44	305	1790.0304	1968.0101
12401	44	305	1790.0304	1968.0101
17171	44	305	1790.0304	1968.0101
16968	44	305	1790.0304	1968.0101
4572	44	305	1790.0304	1968.0101
15142	44	592	1790.0304	1968.0101
34688	44	305	1790.0304	1968.0101
203	44	592	1790.0304	1968.0101
16213	44	305	1790.0304	1968.0101
32095	44	305	1790.0304	1968.0101
25581	44	305	1790.0304	1968.0101
5855	44	592	1790.0304	1968.0101
17929	44	592	1790.0304	1968.0101
13531	44	305	1790.0304	1968.0101
6217	44	305	1790.0304	1968.0101
8424	44	592	1790.0304	1968.0101
2992	44	592	1790.0304	1968.0101
6316	44	592	1790.0304	1968.0101
38960	44	305	1790.0304	1968.0101
28014	44	305	1790.0304	1968.0101
13207	44	305	1790.0304	1968.0101
30428	44	305	1790.0304	1968.0101
30223	44	305	1790.0304	1968.0101
39272	44	305	1790.0304	1968.0101
15385	44	592	1790.0304	1968.0101
3364	44	592	1790.0304	1968.0101
2247	44	592	1790.0304	1968.0101
11108	44	305	1790.0304	1968.0101
26611	44	305	1790.0304	1968.0101
12990	44	305	1790.0304	1968.0101
19520	44	592	1790.0304	1968.0101
17623	44	592	1790.0304	1968.0101
26335	44	592	1790.0304	1968.0101
20861	44	305	1790.0304	1968.0101
34619	44	305	1790.0304	1968.0101
5533	44	305	1790.0304	1968.0101
17085	44	305	1790.0304	1968.0101
9412	44	592	1790.0304	1968.0101
17008	44	592	1790.0304	1968.0101
749	44	305	1790.0304	1968.0101
13182	44	305	1790.0304	1968.0101
37256	44	305	1790.0304	1968.0101
5112	44	305	1790.0304	1968.0101
22396	44	592	1790.0304	1968.0101
6206	44	592	1790.0304	1968.0101
14058	44	592	1790.0304	1968.0101
17426	44	592	1790.0304	1968.0101
8358	44	592	1790.0304	1968.0101
32179	44	305	1790.0304	1968.0101
20587	44	305	1790.0304	1968.0101
15024	44	305	1790.0304	1968.0101
28748	44	305	1790.0304	1968.0101
37047	44	305	1790.0304	1968.0101
12402	44	592	1790.0304	1968.0101
4952	44	305	1790.0304	1968.0101
8446	44	305	1790.0304	1968.0101
5531	44	592	1790.0304	1968.0101
11605	44	592	1790.0304	1968.0101
11666	44	592	1790.0304	1968.0101
3781	44	305	1790.0304	1968.0101
10671	44	305	1790.0304	1968.0101
23735	44	305	1790.0304	1968.0101
6854	44	592	1790.0304	1968.0101
7317	44	305	1790.0304	1968.0101
26753	44	305	1790.0304	1968.0101
6904	44	592	1790.0304	1968.0101
11031	44	592	1790.0304	1968.0101
24074	44	305	1790.0304	1968.0101
11109	44	305	1790.0304	1968.0101
6487	44	592	1790.0304	1968.0101
16311	44	305	1790.0304	1968.0101
23385	44	305	1790.0304	1968.0101
22265	44	305	1790.0304	1968.0101
16702	44	305	1790.0304	1968.0101
32586	44	305	1790.0304	1968.0101
11096	44	592	1790.0304	1968.0101
13652	44	305	1790.0304	1968.0101
29946	44	305	1790.0304	1968.0101
8389	44	305	1790.0304	1968.0101
34702	44	305	1790.0304	1968.0101
19635	44	305	1790.0304	1968.0101
592	29	5532	1790.0304	1968.0101
592	29	1623	1790.0304	1968.0101
592	29	2992	1790.0304	1968.0101
592	29	1097	1790.0304	1968.0101
592	29	15385	1790.0304	1968.0101
592	29	5855	1790.0304	1968.0101
592	29	3364	1790.0304	1968.0101
592	29	11666	1790.0304	1968.0101
34802	44	305	1790.0304	1968.0101
592	29	2150	1790.0304	1968.0101
592	29	15142	1790.0304	1968.0101
592	29	13005	1790.0304	1968.0101
592	29	6316	1790.0304	1968.0101
592	29	36593	1790.0304	1968.0101
592	29	2285	1790.0304	1968.0101
592	29	203	1790.0304	1968.0101
13005	44	592	1790.0304	1968.0101
592	29	10335	1790.0304	1968.0101
592	29	11030	1790.0304	1968.0101
592	29	6904	1790.0304	1968.0101
592	29	20314	1790.0304	1968.0101
592	29	5159	1790.0304	1968.0101
592	29	6926	1790.0304	1968.0101
592	29	19448	1790.0304	1968.0101
592	29	14058	1790.0304	1968.0101
592	29	6207	1790.0304	1968.0101
592	29	30132	1790.0304	1968.0101
592	29	17426	1790.0304	1968.0101
29696	44	305	1790.0304	1968.0101
592	29	15671	1790.0304	1968.0101
592	29	5531	1790.0304	1968.0101
592	29	23108	1790.0304	1968.0101
592	29	9005	1790.0304	1968.0101
592	29	12070	1790.0304	1968.0101
592	29	12402	1790.0304	1968.0101
19448	44	592	1790.0304	1968.0101
20890	44	305	1790.0304	1968.0101
592	29	13674	1790.0304	1968.0101
592	29	11407	1790.0304	1968.0101
592	29	26151	1790.0304	1968.0101
1895	44	305	1790.0304	1968.0101
592	29	27806	1790.0304	1968.0101
592	29	11096	1790.0304	1968.0101
592	29	19520	1790.0304	1968.0101
592	29	26335	1790.0304	1968.0101
592	29	6553	1790.0304	1968.0101
592	29	5728	1790.0304	1968.0101
592	29	8358	1790.0304	1968.0101
592	29	17929	1790.0304	1968.0101
5159	44	592	1790.0304	1968.0101
30665	44	305	1790.0304	1968.0101
18833	44	305	1790.0304	1968.0101
36593	44	592	1790.0304	1968.0101
32146	44	305	1790.0304	1968.0101
11881	44	305	1790.0304	1968.0101
22054	44	305	1790.0304	1968.0101
6928	44	305	1790.0304	1968.0101
13	29	3723	1790.0529	1790.0529
264	66	13	1790.0716	1790.0716
13	29	264	1790.0716	1790.0716
13665	44	7066	1790.0716	1846.0709
7066	29	13665	1790.0716	1846.0709
2302	38	4930	1790.0901	1790.0901
34571	15	1874	1790.1122	1790.1122
596	66	13	1790.1206	1800.0514
13	27	596	1790.1206	1800.0514
761	30	32553	1791.0	1791.0
22376	37	22377	1791.0	1792.0
2376	109	4478	1791.0	1792.0
21980	41	296	1791.0	1792.0
35485	3	2997	1791.0	1798.0
15798	1	1523	1791.0	1807.0
11124	14	11125	1791.0	1817.0
32553	15	761	1791.0101	1791.0101
32146	44	592	1791.0101	1968.0101
592	29	32146	1791.0101	1968.0101
2302	38	368	1791.0131	1791.0131
13	29	17886	1791.0304	1791.0304
14467	46	15970	1791.0319	1791.0319
6989	1	2376	1791.0503	1795.1023
3050	28	29076	1791.0904	1791.0904
40817	41	1954	1791.0929	1791.0929
4913	1	133	1791.1229	1917.0304
2302	15	18988	1792.0	1792.0
37387	21	113	1792.0	1792.0
21167	1	16211	1792.0	1804.0
28154	15	761	1792.0101	1792.0101
16692	33	119	1792.0101	1805.0101
42579	37	3417	1792.0101	1815.0101
17678	37	203	1792.0101	1837.0101
4561	34	6097	1792.0601	1792.0601
13	29	6097	1792.0601	1792.0601
4218	140	6801	1792.07	1794.01
42579	37	203	1792.0701	1792.0701
15221	41	2940	1792.0907	1793.1205
18310	1	3050	1792.0921	1792.0921
203	1	16211	1792.0921	1804.1202
13786	38	4222	1792.1019	1792.1019
203	70	4061	1792.1201	1793.0204
12475	29	12476	1793.0	1793.0
11771	1	108	1793.0	1793.0
12475	29	31052	1793.0	1793.0
35715	21	133	1793.0	1793.0
3022	44	22573	1793.0	1829.0
663	1	133	1793.0	1917.0
5742	1	133	1793.0	1917.0
29576	1	133	1793.0	1917.0
16933	44	640	1793.0	1925.06
28338	166	16018	1793.0101	1793.0101
3713	27	7943	1793.0101	1795.0101
20803	37	203	1793.0101	1797.0101
6675	37	3417	1793.0101	1854.0101
4317	1	1523	1793.0123	1807.0608
3022	1	1523	1793.0123	1807.0908
34455	119	15994	1793.0713	1793.0713
37568	52	113	1793.0801	1793.0801
17465	52	113	1793.0801	1793.0801
7959	44	22084	1793.0812	1793.0812
828	44	1445	1793.0812	1793.0812
22084	29	7959	1793.0812	1793.0812
1445	29	16512	1793.0812	1793.0812
5677	44	1445	1793.0812	2015.0101
1445	29	5677	1793.0812	2015.0101
13786	38	207	1793.0816	1793.0816
35715	59	574	1793.0909	1793.0909
35715	59	7318	1793.0909	1793.0909
12577	1	1523	1793.0925	1807.0608
17298	1	133	1793.0925	1917.0314
7608	19	35715	1793.1009	1793.1009
35715	19	7608	1793.1009	1793.1009
3362	38	207	1794.0	1794.0
28910	33	1631	1794.0	1794.0
8947	37	203	1794.0	1794.0
12370	33	25447	1794.0	1794.0
28910	33	2966	1794.0	1794.0
16245	14	2171	1794.0	1798.0
8411	1	113	1794.0	1814.0
11771	1	113	1794.0	1815.0608
2484	41	22142	1794.0	1818.1117
30116	71	5421	1794.0101	1794.0101
37779	37	203	1794.0101	1840.0101
12753	37	203	1794.0101	1857.0101
47	27	821	1795.0	1795.0
133	34	2376	1795.0	1795.0
2377	12	1345	1795.0	1795.0
26227	25	1970	1795.0	1795.0
12028	25	22744	1795.0	1795.0
17446	85	16211	1795.0	1795.0
4405	44	30609	1795.0	1797.0
9993	1	30609	1795.0	1806.0604
22361	1	1523	1795.0	1807.0
32751	14	23660	1795.0	1820.0
11152	12	1345	1795.0	1894.0
30376	44	36889	1795.0	1918.1118
13290	44	14884	1795.0	1919.0
12150	1	113	1795.0	2002.0
24757	25	1970	1795.0101	1795.0101
14648	37	203	1795.0101	1804.0101
36460	41	4912	1795.0105	1795.1004
3417	1	30609	1795.0119	1806.0604
4405	1	30609	1795.0119	1806.0605
113	175	12150	1795.0407	2002.0101
7689	41	3698	1795.042	1795.0505
21494	137	31545	1795.0529	1795.0529
325	84	22744	1795.0822	1795.0822
37820	1	133	1795.1023	1915.0
6354	1	2376	1795.1024	1795.1024
821	1	1523	1795.1024	1807.0608
7834	1	133	1795.1024	1915.0
6354	1	133	1795.1024	1915.0
6989	1	133	1795.1024	1915.082
536	1	133	1795.1024	1917.0301
652	84	22744	1795.1025	1795.1025
325	84	22744	1795.1025	1795.1025
11733	21	133	1796.0	1796.0
16659	66	13175	1796.0	1796.0
37459	140	21494	1796.0	1796.0
15953	1	19746	1796.0	1802.0126
1553	1	133	1796.0	1917.0831
1553	44	133	1796.0	1917.0831
2323	44	133	1796.0	1917.0901
34403	44	133	1796.0	1917.0913
28753	44	15222	1796.0	1928.0514
42295	44	18460	1796.0	1929.0
12211	44	15527	1796.0	1929.093
7507	66	34403	1796.0	1929.1001
12879	44	2323	1796.0	1929.1001
25122	3	2266	1796.0101	1819.0101
33633	37	949	1796.0101	1820.0101
11733	59	7318	1796.0202	1796.0202
24798	25	1970	1796.0213	1796.0213
24798	41	31885	1796.0213	1796.0213
11733	19	27070	1796.0215	1820.032
27070	19	11733	1796.0215	1820.032
42153	18	3342	1796.06	1802.0
4561	34	4560	1796.0601	1796.0601
13	29	4560	1796.0601	1796.0601
6745	15	4158	1796.0625	1796.0625
6745	15	4049	1796.0625	1796.0625
6745	15	16457	1796.0625	1796.0625
13786	38	4930	1796.0709	1796.0709
16659	44	13175	1796.1012	1929.093
36999	44	133	1796.1031	1822.0721
2891	44	34403	1796.1031	1927.0
10062	44	1553	1796.1031	1928.0513
2323	1	133	1796.1101	1917.0901
13786	38	1467	1796.1119	1796.1119
4014	44	12731	1796.1128	1920.0811
12840	44	18483	1796.1212	1797.0304
21385	44	18483	1796.1212	1797.0305
18483	1	133	1796.1212	1797.0305
18483	44	133	1796.1212	1797.0305
21639	44	133	1796.1212	1802.0
5161	44	21639	1796.1212	1804.0225
3046	44	26916	1796.1212	1850.1231
40973	1	133	1796.1212	1917.0
21639	1	133	1796.1212	1917.0831
34403	1	133	1796.1212	1917.0831
39649	44	133	1796.1212	1917.0913
39649	1	133	1796.1212	1917.0913
27504	1	133	1796.1212	1917.0914
27504	44	133	1796.1212	1917.0914
3676	66	21639	1796.1212	1920.0302
12594	44	26916	1796.1212	1928.0513
915	44	22975	1796.1212	1928.0513
12594	66	26916	1796.1212	1928.0514
13257	44	11081	1796.1212	1928.0514
5751	44	37496	1796.1212	1929.0113
39302	44	15527	1796.1212	1929.1001
23550	44	18483	1796.1213	1797.0305
663	44	5773	1796.1222	1923.0307
14884	27	4130	1796.1223	1803.0
4130	66	14884	1796.1223	1804.0
14884	44	133	1796.1223	1917.0831
14884	1	133	1796.1223	1917.0831
5773	44	133	1796.1223	1917.0913
5773	1	133	1796.1223	1917.1107
5772	44	5773	1796.1223	1923.0226
3230	44	19081	1796.1223	1923.1102
37070	44	19081	1796.1223	1923.1102
15885	44	19081	1796.1223	1923.1102
7507	44	34403	1796.1223	1929.0113
105	66	640	1796.1231	1925.0801
20769	133	16018	1797.0	1797.0
16082	145	2146	1797.0	1797.0
11476	41	8722	1797.0	1797.0
34399	66	15684	1797.0	1800.0217
14828	1	19746	1797.0	1802.0
15684	27	34399	1797.0101	1800.0217
675	1	19746	1797.0101	1802.0101
21864	1	113	1797.02	1799.0726
17855	41	5154	1797.0304	1801.0304
21385	44	26916	1797.0305	1801.0909
24700	44	133	1797.0305	1917.0914
12840	44	24700	1797.0305	1928.052
19599	44	24700	1797.0305	1928.0521
3362	38	11959	1797.04	1797.04
1445	29	19201	1797.0505	2015.0101
19201	44	1445	1797.0505	2015.0101
2589	1	113	1797.0512	1797.1011
630	1	19746	1797.0629	1802.0126
14467	38	7592	1797.1001	1808.0602
7586	1	19746	1797.1017	1802.0125
5999	1	19746	1797.1017	1802.0126
21605	3	7	1797.1026	1797.1026
676	1	19746	1797.11	1802.0
12452	1	113	1797.1104	1814.053
7689	41	3698	1797.1121	1797.122
4218	160	28175	1798.0	1798.0
30092	33	119	1798.0	1798.0
17342	15	26834	1798.0	1798.0
35485	3	4244	1798.0	1802.0
7112	1	1706	1798.0	1813.0
34438	14	2171	1798.0	1835.0
21912	52	23476	1798.0101	1798.1226
21912	52	21371	1798.0101	1798.1226
8329	44	1533	1798.0104	1871.0101
1533	29	8329	1798.0104	1871.0101
6063	44	1533	1798.0104	1871.0101
1533	29	6063	1798.0104	1871.0101
6063	1	113	1798.0128	1871.0118
34571	25	40672	1798.0207	1798.0207
13786	38	5387	1798.0329	1798.0329
41536	46	1183	1798.0416	1826.0818
7689	41	1092	1798.0617	1799.111
9592	19	19530	1798.0817	1798.0817
21912	40	5680	1798.1226	1798.1226
26531	1	18815	1799.0	1816.0
41536	18	1448	1799.0	1829.0
26227	19	24676	1799.0101	1799.0101
25951	21	113	1799.0101	1799.0101
6772	21	113	1799.0101	1799.0101
33633	37	1631	1799.0101	1806.0101
515	1	29426	1799.012	1799.012
30832	19	8516	1799.061	1799.061
8516	19	30832	1799.061	1799.061
9898	1	29426	1799.0613	1808.0
515	1	29426	1799.0613	1808.0
37459	3	904	1799.1	1801.0
7689	41	3698	1799.1227	1800.0213
16954	41	296	1800.0	1800.0
28154	15	14433	1800.0	1800.0
14433	30	28154	1800.0	1800.0
6535	3	7986	1800.0	1800.0
5614	1	108	1800.0	1800.0
24987	21	83	1800.0	1819.0
4299	1	864	1800.0	1964.0
1894	44	17382	1800.0101	1826.0101
15684	27	4792	1800.0217	1800.0217
1105	84	32674	1800.0217	1800.0217
27992	27	28726	1800.0217	1800.0217
18906	27	7148	1800.0217	1800.0217
16406	41	1839	1800.0302	1802.0
38208	41	1839	1800.0302	1805.1207
15337	1	29426	1800.0401	1816.1208
14684	133	32120	1800.0531	1808.0
3362	38	17799	1800.1029	1800.1029
6709	236	7692	1800.1101	1800.1101
13	27	264	1800.1117	1800.1117
22751	21	786	1800.1231	1800.1231
1975	1	151	1800.1231	1922.1206
1794	44	151	1800.1231	1922.1206
23993	21	151	1801.0	1801.0
21605	21	151	1801.0	1801.0
38589	21	786	1801.0	1801.0
22208	21	786	1801.0	1801.0
38589	21	151	1801.0	1801.0
761	30	11430	1801.0	1801.0
21605	21	786	1801.0	1801.0
23993	21	786	1801.0	1801.0
36476	21	151	1801.0	1801.0
36476	21	786	1801.0	1801.0
24798	41	10472	1801.0	1814.0
5614	1	113	1801.0	1815.0608
2966	1	113	1801.0	1815.0608
25121	21	151	1801.0	1861.0
7066	29	22377	1801.0	1871.0221
151	12	1345	1801.0	1927.0
785	21	786	1801.0101	1801.0101
942	21	786	1801.0101	1801.0101
1413	21	786	1801.0101	1801.0101
1598	21	786	1801.0101	1801.0101
2281	21	786	1801.0101	1801.0101
3951	21	786	1801.0101	1801.0101
4502	21	786	1801.0101	1801.0101
4639	21	786	1801.0101	1801.0101
5753	21	786	1801.0101	1801.0101
8232	21	786	1801.0101	1801.0101
8293	21	786	1801.0101	1801.0101
9215	21	786	1801.0101	1801.0101
9391	21	786	1801.0101	1801.0101
10811	21	786	1801.0101	1801.0101
8199	21	786	1801.0101	1801.0101
11581	21	786	1801.0101	1801.0101
11640	21	786	1801.0101	1801.0101
12830	21	786	1801.0101	1801.0101
13623	21	786	1801.0101	1801.0101
14816	21	786	1801.0101	1801.0101
15758	21	786	1801.0101	1801.0101
18345	21	786	1801.0101	1801.0101
18374	21	786	1801.0101	1801.0101
18752	21	786	1801.0101	1801.0101
16902	21	786	1801.0101	1801.0101
20248	21	786	1801.0101	1801.0101
21627	21	786	1801.0101	1801.0101
4500	21	786	1801.0101	1801.0101
22529	21	786	1801.0101	1801.0101
22993	21	786	1801.0101	1801.0101
19165	21	786	1801.0101	1801.0101
23805	21	786	1801.0101	1801.0101
23817	21	786	1801.0101	1801.0101
6355	21	786	1801.0101	1801.0101
6008	21	786	1801.0101	1801.0101
1725	21	786	1801.0101	1801.0101
26020	21	786	1801.0101	1801.0101
26198	21	786	1801.0101	1801.0101
26461	21	786	1801.0101	1801.0101
20903	21	786	1801.0101	1801.0101
26751	21	786	1801.0101	1801.0101
5363	21	786	1801.0101	1801.0101
28089	21	786	1801.0101	1801.0101
11430	15	761	1801.0101	1801.0101
28452	21	786	1801.0101	1801.0101
5793	21	786	1801.0101	1801.0101
6792	21	786	1801.0101	1801.0101
29394	21	786	1801.0101	1801.0101
29629	21	786	1801.0101	1801.0101
29902	21	786	1801.0101	1801.0101
21604	21	786	1801.0101	1801.0101
24973	21	786	1801.0101	1801.0101
21945	21	786	1801.0101	1801.0101
30406	21	786	1801.0101	1801.0101
28943	21	786	1801.0101	1801.0101
21550	21	786	1801.0101	1801.0101
4003	21	786	1801.0101	1801.0101
12761	21	786	1801.0101	1801.0101
27746	21	786	1801.0101	1801.0101
32679	21	786	1801.0101	1801.0101
32788	21	786	1801.0101	1801.0101
27018	21	786	1801.0101	1801.0101
33354	21	786	1801.0101	1801.0101
19246	21	786	1801.0101	1801.0101
20019	21	786	1801.0101	1801.0101
758	21	786	1801.0101	1801.0101
27218	21	786	1801.0101	1801.0101
21122	21	786	1801.0101	1801.0101
34955	21	786	1801.0101	1801.0101
35485	21	786	1801.0101	1801.0101
12602	21	786	1801.0101	1801.0101
27290	21	786	1801.0101	1801.0101
12944	21	786	1801.0101	1801.0101
23904	21	786	1801.0101	1801.0101
35108	21	786	1801.0101	1801.0101
37308	21	786	1801.0101	1801.0101
27881	21	786	1801.0101	1801.0101
10944	21	786	1801.0101	1801.0101
30012	21	786	1801.0101	1801.0101
33238	21	786	1801.0101	1801.0101
26848	37	630	1801.0101	1801.0101
36116	21	786	1801.0101	1801.0101
8751	21	786	1801.0101	1801.0101
21898	21	786	1801.0101	1801.0101
11996	21	786	1801.0101	1801.0101
38975	21	786	1801.0101	1801.0101
34561	21	786	1801.0101	1801.0101
39089	21	786	1801.0101	1801.0101
2624	21	786	1801.0101	1801.0101
37697	21	786	1801.0101	1801.0101
39477	21	786	1801.0101	1801.0101
22191	21	786	1801.0101	1801.0101
37262	21	786	1801.0101	1801.0101
23307	21	786	1801.0101	1801.0101
3864	21	786	1801.0101	1801.0101
20146	21	786	1801.0101	1801.0101
26350	21	786	1801.0101	1801.0101
29189	21	786	1801.0101	1801.0101
20617	21	786	1801.0101	1801.0101
24225	21	786	1801.0101	1801.0101
24413	21	786	1801.0101	1801.0101
22783	21	786	1801.0101	1801.0101
31431	21	786	1801.0101	1801.0101
40394	21	786	1801.0101	1801.0101
2489	21	786	1801.0101	1801.0101
40455	21	786	1801.0101	1801.0101
1911	21	786	1801.0101	1801.0101
5741	21	786	1801.0101	1801.0101
20181	21	786	1801.0101	1801.0101
14183	21	786	1801.0101	1801.0101
41036	21	786	1801.0101	1801.0101
6610	21	786	1801.0101	1801.0101
28500	21	786	1801.0101	1801.0101
38889	21	786	1801.0101	1801.0101
17820	21	786	1801.0101	1801.0101
30053	21	786	1801.0101	1801.0101
8239	21	786	1801.0101	1801.0101
24651	21	786	1801.0101	1801.0101
38199	21	786	1801.0101	1801.0101
12404	21	786	1801.0101	1801.0101
1551	21	786	1801.0101	1801.0101
2530	21	786	1801.0101	1801.0101
863	21	786	1801.0101	1801.0101
21294	21	786	1801.0101	1801.0101
39354	21	786	1801.0101	1801.0101
29346	21	786	1801.0101	1801.0101
19764	21	786	1801.0101	1801.0101
39883	21	786	1801.0101	1801.0101
38046	21	786	1801.0101	1801.0101
13371	21	786	1801.0101	1801.0101
22153	21	786	1801.0101	1801.0101
32343	21	786	1801.0101	1801.0101
22879	21	786	1801.0101	1801.0101
31477	21	786	1801.0101	1801.0101
15803	21	786	1801.0101	1801.0101
15058	21	786	1801.0101	1801.0101
37176	21	786	1801.0101	1801.0101
13548	21	786	1801.0101	1801.0101
32192	21	786	1801.0101	1801.0101
34376	21	786	1801.0101	1801.0101
25410	21	786	1801.0101	1801.0101
9524	21	786	1801.0101	1801.0101
26898	21	786	1801.0101	1801.0101
37795	21	786	1801.0101	1801.0101
22457	21	786	1801.0101	1801.0101
21855	21	786	1801.0101	1801.0101
37056	21	786	1801.0101	1801.0101
22591	21	786	1801.0101	1801.0101
10273	21	786	1801.0101	1801.0101
23665	21	786	1801.0101	1801.0101
10459	21	786	1801.0101	1801.0101
22716	21	786	1801.0101	1801.0101
29575	21	786	1801.0101	1801.0101
32611	21	786	1801.0101	1801.0101
33810	21	786	1801.0101	1801.0101
17584	21	786	1801.0101	1801.0101
4956	21	786	1801.0101	1801.0101
11343	21	786	1801.0101	1801.0101
13689	21	786	1801.0101	1801.0101
27621	21	786	1801.0101	1801.0101
40776	21	786	1801.0101	1801.0101
22728	21	786	1801.0101	1801.0101
7937	21	786	1801.0101	1801.0101
33907	21	786	1801.0101	1801.0101
37048	21	786	1801.0101	1801.0101
34578	21	786	1801.0101	1801.0101
35723	21	786	1801.0101	1801.0101
28195	21	786	1801.0101	1801.0101
35317	21	786	1801.0101	1801.0101
15723	21	786	1801.0101	1801.0101
28557	21	786	1801.0101	1801.0101
41328	21	786	1801.0101	1801.0101
37368	21	786	1801.0101	1801.0101
41357	21	786	1801.0101	1801.0101
1872	21	786	1801.0101	1801.0101
7819	21	786	1801.0101	1801.0101
40349	21	786	1801.0101	1801.0101
16375	21	786	1801.0101	1801.0101
40191	21	786	1801.0101	1801.0101
19883	21	786	1801.0101	1801.0101
17455	21	786	1801.0101	1801.0101
32780	21	786	1801.0101	1801.0101
16564	21	786	1801.0101	1801.0101
28692	21	786	1801.0101	1801.0101
33596	21	786	1801.0101	1801.0101
17425	21	786	1801.0101	1801.0101
2485	21	786	1801.0101	1801.0101
15401	21	786	1801.0101	1801.0101
36732	21	786	1801.0101	1801.0101
2623	21	786	1801.0101	1801.0101
30299	21	786	1801.0101	1801.0101
25850	21	786	1801.0101	1801.0101
41365	21	786	1801.0101	1801.0101
35105	21	786	1801.0101	1801.0101
24437	21	786	1801.0101	1801.0101
39323	21	786	1801.0101	1801.0101
38869	21	786	1801.0101	1801.0101
1607	21	786	1801.0101	1801.0101
25740	21	786	1801.0101	1801.0101
42175	21	786	1801.0101	1801.0101
39056	21	786	1801.0101	1801.0101
40781	21	786	1801.0101	1801.0101
41537	21	786	1801.0101	1801.0101
29674	21	786	1801.0101	1801.0101
16938	21	786	1801.0101	1801.0101
38811	21	786	1801.0101	1801.0101
355	21	786	1801.0101	1801.0101
29435	21	786	1801.0101	1801.0101
41678	21	786	1801.0101	1801.0101
4934	21	786	1801.0101	1801.0101
24227	21	786	1801.0101	1801.0101
31261	21	786	1801.0101	1801.0101
27479	21	786	1801.0101	1801.0101
28360	21	786	1801.0101	1801.0101
9691	21	786	1801.0101	1801.0101
42271	21	786	1801.0101	1801.0101
9573	21	786	1801.0101	1801.0101
16682	21	786	1801.0101	1801.0101
32782	21	786	1801.0101	1801.0101
10786	21	786	1801.0101	1801.0101
42320	21	786	1801.0101	1801.0101
26025	21	786	1801.0101	1801.0101
35384	21	786	1801.0101	1801.0101
8435	21	786	1801.0101	1801.0101
13305	21	786	1801.0101	1801.0101
40403	21	786	1801.0101	1801.0101
12641	21	786	1801.0101	1801.0101
31378	21	786	1801.0101	1801.0101
32172	21	786	1801.0101	1801.0101
35131	21	786	1801.0101	1801.0101
39344	21	786	1801.0101	1801.0101
14494	21	786	1801.0101	1801.0101
22961	21	786	1801.0101	1801.0101
6203	21	786	1801.0101	1801.0101
28628	21	786	1801.0101	1801.0101
42368	21	786	1801.0101	1801.0101
40129	21	786	1801.0101	1801.0101
32115	21	786	1801.0101	1801.0101
6425	21	786	1801.0101	1801.0101
32528	21	786	1801.0101	1801.0101
11967	21	786	1801.0101	1801.0101
34398	21	786	1801.0101	1801.0101
39936	21	786	1801.0101	1801.0101
31027	21	786	1801.0101	1801.0101
24244	21	786	1801.0101	1801.0101
10907	21	786	1801.0101	1801.0101
24713	21	786	1801.0101	1801.0101
17722	21	786	1801.0101	1801.0101
38161	21	786	1801.0101	1801.0101
32946	21	786	1801.0101	1801.0101
38714	21	786	1801.0101	1801.0101
30256	21	786	1801.0101	1801.0101
33367	21	786	1801.0101	1801.0101
31867	21	786	1801.0101	1801.0101
33828	21	786	1801.0101	1801.0101
42474	21	786	1801.0101	1801.0101
22256	21	786	1801.0101	1801.0101
3187	21	786	1801.0101	1801.0101
30413	21	786	1801.0101	1801.0101
18353	21	786	1801.0101	1801.0101
36046	21	786	1801.0101	1801.0101
26064	21	786	1801.0101	1801.0101
13208	21	786	1801.0101	1801.0101
35645	21	786	1801.0101	1801.0101
36550	21	786	1801.0101	1801.0101
23332	21	786	1801.0101	1801.0101
1060	21	786	1801.0101	1801.0101
29770	21	786	1801.0101	1801.0101
31388	21	786	1801.0101	1801.0101
26977	21	786	1801.0101	1801.0101
14719	21	786	1801.0101	1801.0101
42543	21	786	1801.0101	1801.0101
41034	21	786	1801.0101	1801.0101
21323	21	786	1801.0101	1801.0101
37231	21	786	1801.0101	1801.0101
4200	21	786	1801.0101	1801.0101
26790	21	786	1801.0101	1801.0101
36144	21	786	1801.0101	1801.0101
20717	21	786	1801.0101	1801.0101
11784	21	786	1801.0101	1801.0101
23521	21	786	1801.0101	1801.0101
22491	21	786	1801.0101	1801.0101
30349	21	786	1801.0101	1801.0101
33700	21	786	1801.0101	1801.0101
26065	21	786	1801.0101	1801.0101
15938	21	786	1801.0101	1801.0101
29119	21	786	1801.0101	1801.0101
32878	21	786	1801.0101	1801.0101
36927	21	786	1801.0101	1801.0101
2779	21	786	1801.0101	1801.0101
24421	21	786	1801.0101	1801.0101
18670	21	786	1801.0101	1801.0101
32253	21	786	1801.0101	1801.0101
34948	21	786	1801.0101	1801.0101
34066	21	786	1801.0101	1801.0101
32583	21	786	1801.0101	1801.0101
28005	21	786	1801.0101	1801.0101
3044	21	786	1801.0101	1801.0101
9696	21	786	1801.0101	1801.0101
37134	21	786	1801.0101	1801.0101
35642	21	786	1801.0101	1801.0101
14131	21	786	1801.0101	1801.0101
39622	21	786	1801.0101	1801.0101
30445	21	786	1801.0101	1801.0101
25121	21	786	1801.0101	1801.0101
37092	21	786	1801.0101	1801.0101
762	21	786	1801.0101	1801.0101
6227	14	4522	1801.0101	1804.0101
31217	37	203	1801.0101	1816.0101
26848	37	203	1801.0101	1835.0101
21619	14	4522	1801.0101	1862.0101
4173	1	151	1801.0101	1922.0523
5411	1	151	1801.0101	1922.1205
24853	1	151	1801.0101	1922.1205
4289	1	151	1801.0101	1922.1205
4009	1	151	1801.0101	1922.1205
15355	1	151	1801.0101	1922.1205
2053	1	151	1801.0101	1922.1205
2163	1	151	1801.0101	1922.1205
14125	1	151	1801.0101	1922.1205
1975	44	151	1801.0101	1922.1205
12878	1	151	1801.0101	1922.1205
1	1	151	1801.0101	1922.1205
15602	1	151	1801.0101	1922.1205
3817	1	151	1801.0101	1922.1205
20479	1	151	1801.0101	1922.1205
17409	1	151	1801.0101	1922.1205
2124	1	151	1801.0101	1922.1205
1355	1	151	1801.0101	1922.1205
18877	1	151	1801.0101	1922.1205
42293	1	151	1801.0101	1922.1205
17937	1	151	1801.0101	1922.1206
119	1	151	1801.0101	1922.1206
20953	1	151	1801.0101	1922.1206
19443	1	151	1801.0101	1922.1206
1905	44	151	1801.0101	1927.0412
778	41	40447	1801.011	1812.1228
2540	1	113	1801.0209	1815.0608
21864	1	19746	1801.0216	1802.0126
2302	38	1467	1801.0315	1801.0315
31378	19	23475	1801.0321	1801.0321
23475	19	31378	1801.0321	1801.0321
31378	40	11649	1801.0321	1801.0321
18483	1	133	1801.0909	1917.0831
18483	44	133	1801.0909	1917.0901
23550	44	18483	1801.0909	1928.0514
21385	44	18483	1801.0909	1928.0514
262	1	133	1801.1218	1917.0301
12475	29	10402	1802.0	1802.0
12475	29	10036	1802.0	1802.0
12475	29	36452	1802.0	1802.0
12475	29	2688	1802.0	1802.0
761	30	12567	1802.0	1802.0
6038	1	108	1802.0	1802.0
34578	3	2997	1802.0	1805.0
14828	1	25912	1802.0	1805.0317
34457	41	2940	1802.0	1806.0
8742	1	15799	1802.0	1810.0
12475	29	5578	1802.0	1815.0
5726	66	2637	1802.0	1924.0324
5726	44	2637	1802.0	1924.0324
12567	15	761	1802.0101	1802.0101
675	1	25912	1802.0101	1805.0101
7586	1	25912	1802.0126	1805.0316
21864	1	25912	1802.0126	1805.0317
5999	1	25912	1802.0126	1805.0317
15953	1	25912	1802.0126	1805.0317
630	1	25912	1802.0126	1805.0317
6584	44	133	1802.0227	1917.0831
6584	1	133	1802.0227	1917.0831
34768	44	133	1802.0227	1917.0913
4281	44	34768	1802.0227	1923.0307
11536	44	6584	1802.0227	1923.04
7066	29	264	1802.0503	1802.0503
13008	19	933	1802.1004	1802.1004
37065	27	1827	1802.1008	1803.0514
12720	44	32703	1802.1008	1873.0616
5836	44	14871	1802.1008	1887.0
14871	1	133	1802.1008	1917.0913
14871	44	133	1802.1008	1917.0913
1454	44	32703	1802.1008	1921.1018
14603	44	14871	1802.1008	1923.0411
42194	27	2390	1802.101	1802.101
2390	66	42194	1802.101	1802.101
3103	70	6994	1802.1028	1803.1029
23753	1	113	1802.1101	1814.041
25951	25	3414	1803.0	1803.0
32751	25	325	1803.0	1803.0
9585	1	108	1803.0	1803.0
1360	1	108	1803.0	1803.0
15910	25	1970	1803.0	1803.0
9586	96	18498	1803.0	1805.0
6038	1	28741	1803.0	1805.1225
9585	1	15799	1803.0	1810.0
512	48	513	1803.0	1843.0
37065	44	133	1803.0	1917.0901
14421	228	455	1803.0	1932.0
1434	3	2171	1803.0101	1803.0101
4528	15	1435	1803.0101	1803.0101
2365	96	18498	1803.0101	1805.0101
25239	37	1300	1803.0101	1805.0101
2384	25	652	1803.0128	1803.0128
12267	25	652	1803.0128	1803.0128
7689	25	652	1803.0128	1803.0128
27471	25	652	1803.0128	1803.0128
27335	25	652	1803.0128	1803.0128
21591	25	652	1803.0128	1803.0128
2478	1	1706	1803.0219	1815.0807
13	29	658	1803.0301	1803.0301
12083	40	5680	1803.0301	1803.0303
4561	34	658	1803.0301	1863.062
37065	1	133	1803.0515	1917.0
37065	27	20132	1803.0515	1920.0127
1827	44	37065	1803.0515	1920.0415
40817	41	6751	1803.0711	1803.0711
3932	27	1302	1803.0722	1803.0722
12783	41	12784	1803.1101	1814.0501
19849	19	28154	1804.0	1804.0
34571	25	1394	1804.0	1804.0
28154	19	19849	1804.0	1804.0
182	25	108	1804.0	1806.0
21167	1	1706	1804.0	1814.0
5681	14	2171	1804.0	1828.0
10398	44	182	1804.0	1867.0
4413	1	133	1804.0	1917.0
800	44	14884	1804.0	1923.0
14884	27	800	1804.0	1925.0
800	66	14884	1804.0	1925.0
14648	37	203	1804.0101	1804.0101
25122	18	3459	1804.0101	1804.0101
202	14	4522	1804.0101	1805.0101
22771	14	4522	1804.0101	1821.0101
34438	14	4522	1804.0101	1845.0101
14531	1	133	1804.0226	1917.0831
5161	44	14531	1804.0226	1925.0525
25239	37	515	1804.0401	1804.0601
25505	59	1275	1804.0405	1804.0405
25505	59	1390	1804.0406	1808.0415
16954	15	9019	1804.0519	1804.0519
1754	15	6389	1804.0519	1804.0519
34457	15	9019	1804.0519	1804.0519
9592	15	9019	1804.0519	1804.0519
19152	15	9019	1804.0519	1804.0519
3049	15	9019	1804.0519	1804.0519
21980	15	9019	1804.0519	1804.0519
25442	15	9019	1804.0519	1804.0519
445	1	182	1804.0811	1805.0316
2589	1	182	1804.0811	1805.1226
10578	1	182	1804.0811	1807.0609
7104	1	182	1804.0811	1809.1013
10439	1	182	1804.0811	1809.1013
1480	1	182	1804.0811	1867.0329
10657	1	182	1804.0811	1867.0329
7050	1	182	1804.0811	1867.0329
10867	1	182	1804.0811	1867.0329
1631	44	182	1804.0811	1867.0329
1833	1	182	1804.0811	1867.0329
9069	1	182	1804.0811	1867.0329
32193	1	182	1804.0811	1867.0329
8703	1	182	1804.0811	1867.0329
20172	1	182	1804.0811	1867.0329
17	1	182	1804.0811	1867.0329
10511	1	182	1804.0811	1867.0329
41882	1	182	1804.0811	1867.0329
10149	1	182	1804.0811	1867.0329
12115	1	182	1804.0811	1867.0329
3003	1	182	1804.0811	1867.0329
988	1	182	1804.0811	1867.0329
32626	1	182	1804.0811	1867.0329
13977	1	182	1804.0811	1867.0329
1631	1	182	1804.0811	1867.0329
10850	1	182	1804.0811	1867.0329
27535	1	182	1804.0811	1867.0329
20967	1	182	1804.0811	1867.0329
6996	1	182	1804.0811	1867.0329
3783	1	182	1804.0811	1867.0329
1288	1	182	1804.0811	1867.0329
5474	1	182	1804.0811	1867.0329
6016	1	182	1804.0811	1867.0329
42092	1	182	1804.0811	1867.033
12288	1	182	1804.0811	1867.0608
182	12	1345	1804.0811	1867.0608
20292	1	182	1804.0811	1867.0727
26401	18	3459	1804.0826	1854.0502
21873	40	3823	1804.0901	1804.0901
203	1	1706	1804.1202	1815.0707
4528	15	1650	1804.1204	1804.1204
676	1	25912	1805.0	1802.0
16245	25	395	1805.0	1805.0
32935	3	24361	1805.0	1805.0
761	30	6203	1805.0	1805.0
3788	1	13328	1805.0	1813.0
36842	44	14531	1805.0	1822.0125
903	14	904	1805.0	1829.0
19403	44	14871	1805.0	1918.0
6203	15	761	1805.0101	1805.0101
30116	71	25770	1805.0101	1805.0101
37779	37	1300	1805.0101	1810.0101
14648	37	1300	1805.0101	1813.0101
675	1	13328	1805.0101	1814.0101
25239	37	203	1805.0101	1822.0101
16692	33	13	1805.0101	1838.0817
25239	37	515	1805.0201	1805.0201
14828	1	13328	1805.0317	1814.0411
21864	1	13328	1805.0317	1814.0525
630	1	13328	1805.0317	1814.0525
5999	1	13328	1805.0317	1814.053
15953	1	13328	1805.0317	1814.053
445	1	13328	1805.0317	1815.0608
7586	1	13328	1805.0317	1815.0609
25122	71	856	1805.0417	1805.0417
25122	18	2157	1805.0419	1819.0
6223	44	17286	1805.053	1920.0101
2382	1	113	1805.0604	1815.0608
32947	23	31663	1805.09	1805.12
6974	48	378	1805.1103	1817.0116
38208	41	1839	1805.1207	1809.0316
28996	145	904	1805.122	1805.122
949	1	28741	1805.1225	1805.1225
1927	1	15799	1805.1226	1814.0603
2589	1	13328	1805.1226	1815.0608
1360	1	4517	1805.1226	1871.0117
35833	1	4517	1805.1226	1871.0117
6038	1	15799	1805.1226	1871.0117
12622	1	15799	1805.1226	1871.0117
949	1	15799	1805.1226	1871.0117
12623	1	15799	1805.1226	1871.0117
10221	1	4517	1805.1226	1871.0117
109	1	108	1806.0	1806.0
761	30	27521	1806.0	1806.0
6778	1	108	1806.0	1806.0
8121	44	8122	1806.0	1813.0
8121	27	41027	1806.0	1816.0
11278	25	395	1806.0	1829.0
18781	1	20130	1806.0	1866.0
4517	12	1345	1806.0	1871.0
12155	1	14858	1806.0	1871.0
1978	1	20130	1806.0	1871.0117
20213	1	20130	1806.0	1871.0118
12875	1	20130	1806.0	1871.0118
4517	1	4517	1806.0	1871.0118
8468	44	20130	1806.0	1918.0
1978	44	20130	1806.0	1918.0
6938	44	20130	1806.0	1918.1113
27521	15	761	1806.0101	1806.0101
20613	15	1435	1806.0101	1806.0101
33633	37	3	1806.0101	1809.0101
33633	37	113	1806.0101	1809.0101
15256	14	4522	1806.0101	1838.0101
21912	40	5680	1806.0523	1806.0523
3417	1	13452	1806.0605	1810.0708
9993	1	13452	1806.0605	1810.0709
4405	1	13452	1806.0605	1810.0709
34966	15	8243	1806.062	1806.062
8122	50	4517	1806.0712	1806.0712
8122	50	15799	1806.0712	1806.0712
8122	50	20130	1806.0712	1806.0712
12548	44	8122	1806.0712	1813.1103
12548	1	8122	1806.0712	1813.1103
515	44	7269	1806.0808	2014.1231
32947	23	32948	1806.1009	1807.0625
3458	25	652	1806.1022	1806.1022
16245	25	2788	1807.0	1807.0
28739	25	4348	1807.0	1807.0
15798	1	1706	1807.0	1810.0
22361	1	9259	1807.0	1815.0
907	1	133	1807.0	1918.03
9018	15	9019	1807.0101	1807.0101
18858	52	13008	1807.0101	1814.0101
30060	14	4522	1807.0101	1822.0101
2645	21	13	1807.0119	1861.0608
34604	18	3459	1807.0314	1807.0314
14691	40	5504	1807.0406	1807.0406
821	1	9259	1807.0609	1815.0608
12577	1	9259	1807.0609	1815.0608
22736	1	9259	1807.0609	1815.0608
4317	1	9259	1807.0609	1815.0608
2360	1	9259	1807.0609	1815.0609
10578	1	9259	1807.0609	1815.0609
18940	21	1706	1807.1023	1814.09
37408	21	113	1807.103	1814.053
2626	1	113	1807.121	1815.0608
18998	15	18988	1808.0	1808.0
761	30	33238	1808.0	1808.0
37726	42	292	1808.0	1808.0
2254	1	18815	1808.0	1808.0
573	41	30510	1808.0	1808.0
21873	52	113	1808.0	1808.0
12028	41	296	1808.0	1815.0
16408	12	1345	1808.0	1861.0
20436	1	16408	1808.0	1861.0316
515	1	16408	1808.0	1861.0316
9898	1	16408	1808.0	1861.0316
2254	1	16408	1808.0	1861.0316
3591	44	35176	1808.0	1865.0
3591	1	35176	1808.0	1865.0
33238	15	761	1808.0101	1808.0101
33633	37	1300	1808.0101	1809.0101
3651	1	13328	1808.0131	1814.0128
26375	41	31212	1808.0313	1814.0
796	62	26375	1808.0313	1839.1203
26375	41	27817	1808.0313	1839.1203
16809	42	292	1808.0319	1808.0319
2302	38	5387	1808.0412	1808.0412
25505	59	1423	1808.0416	1808.0416
3417	66	23073	1808.042	1839.0
1466	21	13	1808.0603	1861.0218
2217	19	2218	1808.0608	1816.0112
14467	38	973	1808.07	1809.0
9018	42	1228	1808.0901	1808.0901
30806	42	292	1808.0916	1808.0916
3858	109	2389	1809.0	1809.0
31217	41	5555	1809.0	1809.0
14196	1	637	1809.0	1809.0
6342	42	8089	1809.0	1809.0
25951	25	2788	1809.0	1809.0
14467	38	368	1809.0	1811.0
1561	66	3858	1809.0	1812.0
3858	27	1561	1809.0	1812.0
38304	19	38303	1809.0	1826.0
38303	19	38304	1809.0	1826.0101
14196	1	133	1809.0	1917.1206
32577	3	33678	1809.0101	1809.0101
6745	15	342	1809.0101	1809.0101
6745	15	4604	1809.0101	1809.0101
20106	38	6806	1809.0314	1809.0314
38208	41	1839	1809.0316	1814.04
1561	1	637	1809.0328	1809.0328
1561	1	133	1809.0329	1917.0314
38175	41	1007	1809.0512	1816.0711
7279	38	6806	1809.0709	1809.0709
3858	44	133	1809.0905	1917.0914
977	1	133	1809.0905	1917.1206
977	66	3858	1809.0905	1917.1206
5228	1	3858	1809.0905	1917.1206
7104	1	9259	1809.1014	1815.0608
10439	1	9259	1809.1014	1815.0608
3842	19	20378	1809.1125	1850.0826
20378	19	3842	1809.1125	1850.0826
1705	59	1423	1810.0	1798.0
2302	15	18988	1810.0	1810.0
16245	25	1394	1810.0	1810.0
34438	25	325	1810.0	1810.0
11278	41	395	1810.0	1829.0
15798	1	15799	1810.0	1871.0117
9585	1	4517	1810.0	1918.0
8742	1	4517	1810.0	1918.0
23445	84	8044	1810.0	2008.1231
14648	37	203	1810.0101	1810.0101
39036	37	1560	1810.0101	1877.0101
17048	42	8089	1810.0309	1810.0309
113	210	26607	1810.0323	1810.0323
19411	19	19412	1810.0401	1821.0505
19412	19	19411	1810.0401	1821.0505
9494	27	6540	1810.0519	1810.0519
9494	27	19723	1810.0519	1810.0519
7884	1	15799	1810.063	1871.0118
3417	1	113	1810.0709	1813.1119
9993	1	113	1810.0709	1815.0609
4405	1	1706	1810.0709	1815.0609
11278	71	25435	1811.0	1811.0
8301	21	2616	1811.0	1811.0
37543	41	455	1811.0	1813.0
14467	38	20601	1811.0	1813.0703
213	44	1706	1811.0	1815.0
16742	41	10472	1811.0	1817.0
17678	14	904	1811.0	1837.0
8861	76	11476	1811.0	1945.0
28996	37	203	1811.0101	1811.0101
5629	40	3823	1811.0101	1811.0101
38586	41	38930	1811.0101	1835.0101
109	1	113	1811.0213	1814.053
15910	25	13235	1812.0	1812.0
15910	25	15208	1812.0	1812.0
6203	42	5058	1812.0	1812.0
25951	25	395	1812.0	1812.0
507	41	1092	1812.0	1813.0
9942	3	19649	1812.0	1816.0
13499	1	133	1812.0	1917.0
22301	44	6769	1812.0	1918.0
13026	1	133	1812.0	1918.0
1462	27	977	1812.0101	1812.0101
22057	14	4522	1812.0101	1817.0101
3858	27	977	1812.0101	1917.0
5317	21	13	1812.0211	1861.0211
977	12	7525	1812.0408	1812.0408
13	29	9726	1812.043	1812.043
22591	41	7354	1812.0512	1823.0131
13026	44	7080	1812.0516	1812.0516
22301	1	7080	1812.0516	1812.0516
17339	1	7080	1812.0516	1812.0516
31836	1	7080	1812.0516	1812.0516
13026	44	6769	1812.0516	1818.0
22301	1	133	1812.0516	1856.0329
19990	1	133	1812.0516	1856.0329
31836	1	133	1812.0516	1917.0302
17339	1	133	1812.0516	1917.0302
23863	1	133	1812.0516	1917.0302
81	44	6769	1812.0516	1917.1202
81	1	7080	1812.0704	1812.0704
81	1	133	1812.0705	1917.0302
6745	15	1874	1812.0904	1812.0904
6745	15	5352	1812.0904	1812.0904
6745	15	14566	1812.0904	1812.0904
19561	145	4522	1813.0	1778.0
18851	3	2266	1813.0	1813.0
761	30	28005	1813.0	1813.0
18998	15	41920	1813.0	1813.0
22376	14	6730	1813.0	1817.0
29484	1	182	1813.0	1867.0329
3788	1	182	1813.0	1867.0329
4065	1	1523	1813.0	1871.0117
28005	15	761	1813.0101	1813.0101
37459	40	11649	1813.0101	1813.0101
28083	3	904	1813.0101	1824.0101
35378	37	828	1813.0101	1835.0101
5679	40	5680	1813.0412	1813.0412
14467	38	13896	1813.0703	1814.0
8301	41	25147	1813.0807	1814.0716
1166	1	133	1813.1024	1917.0302
11102	42	292	1813.1119	1813.1119
38549	38	6806	1813.1125	1813.1125
18998	15	6291	1814.0	1814.0
15910	25	21188	1814.0	1814.0
18998	15	10129	1814.0	1814.0
18998	15	10532	1814.0	1814.0
1584	15	6291	1814.0	1814.0
5681	25	325	1814.0	1814.0
14467	38	5387	1814.0	1814.0814
18851	3	8044	1814.0	1817.0
1748	66	6440	1814.0	1861.0
9120	44	11503	1814.0	1866.0
3849	44	11503	1814.0	1866.0
14828	44	31489	1814.0	1866.0
9120	66	11503	1814.0	1866.0
637	44	25943	1814.0	1905.0
32380	105	1706	1814.0101	1814.0101
23391	14	4522	1814.0101	1832.0101
675	1	31489	1814.0101	1860.0101
6440	27	1748	1814.0101	1861.0101
18858	134	23593	1814.0101	1910.0101
3022	1	1523	1814.0102	1871.0117
18468	1	33079	1814.0113	1814.0113
15830	1	33079	1814.0113	1814.0113
2076	1	33079	1814.0113	1814.0113
3651	1	182	1814.0128	1867.0329
8272	15	18988	1814.0402	1814.0402
18310	1	3050	1814.0406	1848.0224
20828	1	3050	1814.0406	1848.0224
21864	1	182	1814.0525	1866.0822
9910	1	113	1814.0529	1814.0529
5999	1	7371	1814.053	1859.1207
15953	1	1161	1814.053	1860.0312
9910	1	6440	1814.053	1860.0323
37408	21	6440	1814.053	1861.0317
14467	38	39334	1814.0814	1814.0814
9120	1	11503	1814.1012	1866.0919
3526	1	11503	1814.1012	1866.0919
11503	12	1345	1814.1012	1866.092
15830	1	25943	1814.1104	1905.0606
2076	1	25943	1814.1104	1905.0606
18468	1	25943	1814.1104	1905.0606
676	1	13328	1815.0	1805.0
15111	21	151	1815.0	1815.0
9029	41	23009	1815.0	1815.0
26069	25	1970	1815.0	1815.0
7112	1	715	1815.0	1815.0
35598	133	16018	1815.0	1815.0
22100	44	14858	1815.0	1816.0423
12053	44	12155	1815.0	1817.0
19411	33	33020	1815.0	1821.0
4240	27	5	1815.0	1821.0
12155	27	7828	1815.0	1827.0
23073	12	1345	1815.0	1839.0
34398	4	7602	1815.0	1840.0
676	1	31489	1815.0	1859.0
9133	1	31489	1815.0	1859.0
3924	44	31489	1815.0	1859.0
3924	1	31489	1815.0	1859.0
182	25	8035	1815.0	1866.0
20130	1	8035	1815.0	1866.0
182	44	8035	1815.0	1866.0
8035	12	1345	1815.0	1866.0
16784	1	182	1815.0	1866.1012
24248	12	1345	1815.0	1867.0
8761	1	8035	1815.0	1871.0117
35574	1	1523	1815.0	1871.0117
8411	1	1523	1815.0	1871.0117
10146	1	1523	1815.0	1871.0117
6276	1	1523	1815.0	1871.0117
9059	1	8035	1815.0	1871.0117
383	44	12155	1815.0	1881.0
6028	1	16249	1815.0	1882.0305
22361	1	133	1815.0	1916.0
9513	1	1523	1815.0	1918.0
6276	44	1523	1815.0	1918.1109
7828	44	12155	1815.0	1945.0
10146	44	12155	1815.0	1945.0
1661	1	1662	1815.0	1948.0
1434	15	1435	1815.0101	1815.0101
26181	3	9150	1815.0101	1815.0101
934	15	31903	1815.0101	1815.0101
20248	19	18974	1815.0101	1816.0101
33596	41	15198	1815.0101	1816.0101
18974	19	20248	1815.0101	1816.0101
33604	14	4522	1815.0101	1832.0101
14047	44	8035	1815.0101	1866.0101
20130	44	8035	1815.0101	1866.0101
8121	44	8035	1815.0101	1866.0101
8035	29	182	1815.0101	1866.0101
8035	29	22573	1815.0101	1866.0101
7399	44	8035	1815.0101	1866.0101
2647	44	8035	1815.0101	1866.0101
8035	29	7399	1815.0101	1866.0101
8035	29	11503	1815.0101	1866.0101
8035	29	14047	1815.0101	1866.0101
8035	29	8121	1815.0101	1866.0101
8035	29	4517	1815.0101	1866.0101
8035	29	1523	1815.0101	1866.0101
8035	29	2647	1815.0101	1866.0101
8035	29	30958	1815.0101	1866.0101
8035	29	20130	1815.0101	1866.0101
1523	44	8035	1815.0101	1866.0101
4517	44	8035	1815.0101	1866.0101
11503	44	8035	1815.0101	1866.092
6745	15	4225	1815.0215	1815.0215
11836	80	1873	1815.0315	1840.1007
3417	1	23073	1815.0316	1839.0418
1873	41	34273	1815.0316	1840.1007
32947	23	21947	1815.04	1815.0708
12452	1	8035	1815.0608	1866.0
109	1	8035	1815.0608	1866.0817
9993	1	488	1815.0609	1815.0609
24095	1	488	1815.0609	1815.0609
4405	1	488	1815.0609	1815.0609
7586	1	182	1815.0609	1859.0711
31489	27	630	1815.0609	1859.111
630	1	182	1815.0609	1859.111
2382	1	6440	1815.0609	1861.0217
445	1	182	1815.0609	1866.0822
2589	1	182	1815.0609	1866.0822
12577	1	133	1815.0609	1867.0
10578	1	24248	1815.0609	1867.0
4317	1	133	1815.0609	1867.0
22736	1	1523	1815.0609	1871.0117
11771	1	1523	1815.0609	1871.0117
2966	1	1523	1815.0609	1871.0117
5179	1	8035	1815.0609	1871.0117
19290	1	1523	1815.0609	1871.0117
6408	1	1523	1815.0609	1871.0117
2360	1	1523	1815.0609	1871.0118
821	1	133	1815.0609	1916.1104
10439	1	133	1815.0609	1916.1104
821	44	24248	1815.0609	1917.0101
2540	1	1523	1815.0609	1918.1109
6745	15	11698	1815.0615	1815.0615
1850	1	1523	1815.0621	1871.0117
203	1	113	1815.0707	1940.0622
6778	1	8035	1815.0709	1866.1007
2478	1	715	1815.0807	1815.0807
1397	41	21204	1815.0926	1818.1229
26531	1	16408	1816.0	1816.0
14433	30	6203	1816.0	1816.0
8272	38	1467	1816.0	1816.0
6203	15	14433	1816.0	1816.0
2779	4	1835	1816.0	1820.0
14384	33	9249	1816.0	1837.0
12753	25	1970	1816.0	1857.0216
8121	27	626	1816.0	1866.0
20855	44	4084	1816.0	1946.0829
30194	37	137	1816.0101	1823.0101
6330	19	2217	1816.0124	1816.0124
2217	19	6330	1816.0124	1819.0109
26064	18	87	1816.0316	1816.0316
26875	25	652	1816.0321	1816.0321
1397	25	652	1816.0321	1816.0321
2540	44	2911	1816.0422	1816.0422
13008	19	37398	1816.0928	1816.0928
15337	1	16408	1816.1208	1861.032
13	29	16637	1816.1211	1816.1211
1522	21	1523	1817.0	1817.0
37802	3	14827	1817.0	1817.0
18851	71	12751	1817.0	1817.0
1522	59	7318	1817.0	1817.0
6203	25	22744	1817.0	1817.0
1522	21	133	1817.0	1817.0
1434	145	4522	1817.0	1817.0
19752	1	16249	1817.0	1882.0
19752	44	16249	1817.0	1882.0
38586	15	1435	1817.0101	1817.0101
1434	25	325	1817.0101	1817.0101
36012	37	203	1817.0101	1822.0101
25029	14	4522	1817.0101	1844.0101
6745	15	13907	1817.0511	1817.0511
8301	41	25147	1817.1001	1819.0224
18998	38	1467	1817.1006	1817.1006
20105	48	378	1817.1103	1817.1103
13	29	8481	1817.121	1817.121
28476	3	1232	1818.0	1818.0
16245	25	142	1818.0	1818.0
37280	3	7	1818.0	1818.0
41322	38	7101	1818.0	1834.0
22783	4	4037	1818.0	1839.0
12535	1	133	1818.0	1917.0
9592	41	31212	1818.0205	1844.0308
637	62	9592	1818.0205	1844.0308
14094	25	40339	1818.0422	1818.0422
6588	3	6589	1818.0824	1822.0906
39901	41	296	1818.1021	1831.0531
13	29	2361	1818.1203	1818.1203
1144	15	1650	1819.0	1819.0
8301	21	2616	1819.0	1819.0
6203	42	1618	1819.0	1819.0
39901	42	8089	1819.0	1821.0
24987	21	3248	1819.0	1830.0
3248	62	8301	1819.0	1830.0
8301	41	3698	1819.0	1830.0
211	34	3248	1819.0	1831.0
21873	52	21494	1819.0101	1819.0101
32577	3	904	1819.0101	1824.0101
5996	14	4522	1819.0101	1830.0101
26064	40	11649	1819.0101	1840.0101
15441	14	4522	1819.0101	1857.0101
13008	19	14337	1819.102	1819.102
13	29	11664	1819.1214	1819.1214
507	25	508	1820.0	1820.0
307	3	2146	1820.0	1820.0
1754	48	378	1820.0	1820.0
22743	3	7	1820.0	1820.0
34017	3	7	1820.0	1820.0
42153	21	113	1820.0	1820.0
1286	109	4478	1820.0	1910.1005
17809	37	119	1820.0101	1820.0101
13	29	7749	1820.0315	1820.0315
28057	18	3459	1820.0527	1820.0527
22771	25	652	1820.0608	1820.0608
6179	25	508	1820.1227	1820.1227
761	30	21855	1821.0	1821.0
5385	25	325	1821.0	1821.0
761	30	16957	1821.0	1821.0
39036	3	21188	1821.0	1821.0
42301	3	4407	1821.0	1821.0
14094	71	39921	1821.0	1821.0
40641	21	83	1821.0	1821.0
31790	21	1455	1821.0	1821.0
3248	12	1345	1821.0	1831.0
3247	27	39400	1821.0	1833.1014
4240	27	3633	1821.0	2002.0
18748	40	11649	1821.0101	1821.0101
21855	15	761	1821.0101	1821.0101
16957	15	761	1821.0101	1821.0101
8644	14	4522	1821.0101	1830.0101
28346	42	8089	1821.0311	1821.0311
9540	25	652	1821.0424	1821.0424
5261	66	3692	1821.0601	1821.0601
5261	175	11622	1821.0601	1821.0601
5261	1	13	1821.0601	1861.0506
13	29	2362	1821.081	1821.081
33320	1	2723	1821.0926	1821.0926
26096	3	1232	1821.1	1825.0
761	30	14707	1822.0	1822.0
26673	25	1970	1822.0	1822.0
211	1	211	1822.0	1822.0
42136	3	7	1822.0	1822.0
16245	25	4348	1822.0	1822.0
34026	3	7	1822.0	1822.0
4528	25	897	1822.0	1822.0
34604	41	2819	1822.0	1822.0
25239	14	21712	1822.0	1828.0
31797	25	1970	1822.0	1844.0803
1571	21	23073	1822.0	1870.0
24624	1	133	1822.0	1917.0914
14707	15	761	1822.0101	1822.0101
18748	25	1970	1822.0101	1822.0101
34430	40	5680	1822.0101	1822.0101
34430	52	10989	1822.0101	1822.0101
23944	125	10083	1822.0101	1822.0101
36012	37	3	1822.0101	1826.0101
40562	14	4522	1822.0101	1826.0101
645	37	3	1822.0101	1827.0101
25239	37	1300	1822.0101	1829.0101
39036	37	113	1822.0101	1830.0101
39036	37	613	1822.0101	1830.0101
39036	37	3	1822.0101	1830.0101
15581	37	1300	1822.0101	1832.0101
4103	44	42468	1822.0101	1925.0524
17224	40	5725	1822.0316	1822.0316
4742	19	17224	1822.0316	1837.0
17224	19	4742	1822.0316	1837.0101
36999	1	133	1822.0721	1796.1031
7967	1	3248	1822.0731	1830.0513
23944	40	23945	1822.0815	1822.0815
14576	19	25346	1822.1012	1822.1012
25346	19	14576	1822.1012	1822.1012
9942	14	19632	1822.1113	1822.1113
16884	25	325	1823.0	1823.0
37984	25	1970	1823.0	1823.0
3247	27	2385	1823.0	1823.0
761	30	38586	1823.0	1823.0
37955	3	7	1823.0	1823.0
6745	15	42310	1823.0	1823.0
26540	33	203	1823.0	1823.0
22153	15	1435	1823.0101	1823.0101
38586	15	761	1823.0101	1823.0101
28174	3	904	1823.0101	1823.0101
30194	37	203	1823.0101	1828.0101
3187	41	7354	1823.0131	1827.042
26489	25	325	1823.0506	1823.0506
29810	19	17141	1823.0522	1823.0522
26673	15	6389	1823.0606	1823.0606
17141	19	29810	1823.0619	1823.0619
3247	12	1345	1823.1122	1839.1119
13383	59	7318	1823.1205	1823.1205
13383	21	4517	1823.1206	1823.1206
13383	21	133	1823.1206	1823.1206
7607	19	13383	1824.0	1824.0
14433	30	16884	1824.0	1824.0
16884	15	14433	1824.0	1824.0
26848	42	8089	1824.0	1824.0
15083	3	2659	1824.0	1824.0
13383	19	7607	1824.0	1824.0
507	41	455	1824.0	1824.0
19836	25	508	1824.0	1824.0
1466	3	6730	1824.0	1828.0
35724	44	1533	1824.0	1871.0
15659	44	152	1824.0	1871.0
11063	44	735	1824.0	1871.0
11063	44	152	1824.0	1871.0
9484	44	2718	1824.0	1949.0
9484	44	2085	1824.0	2006.0
6804	44	1445	1824.0101	1824.0101
10400	44	10401	1824.0101	1824.0101
26625	44	20340	1824.0101	1824.0101
9484	44	9494	1824.0101	1824.0101
10759	44	6221	1824.0101	1824.0101
9484	44	9522	1824.0101	1824.0101
9484	44	28556	1824.0101	1824.0101
10400	44	18546	1824.0101	1824.0101
35724	44	27992	1824.0101	1824.0101
11145	44	6510	1824.0101	1824.0101
20404	44	3932	1824.0101	1824.0101
6804	44	22084	1824.0101	1824.0101
6804	44	23651	1824.0101	1824.0101
11063	44	8152	1824.0101	1824.0101
20659	44	18728	1824.0101	1824.0101
11063	44	21759	1824.0101	1824.0101
38022	71	13744	1824.0101	1824.0101
35724	44	21759	1824.0101	1824.0101
20404	44	1110	1824.0101	1824.0101
20404	44	1269	1824.0101	1824.0101
26625	44	10446	1824.0101	1824.0101
9484	44	7122	1824.0101	1824.0101
9484	44	17282	1824.0101	1824.0101
10759	44	18546	1824.0101	1824.0101
10759	44	17155	1824.0101	1824.0101
23195	44	7122	1824.0101	1824.0101
23195	44	34504	1824.0101	1824.0101
23195	44	18728	1824.0101	1824.0101
23195	44	14985	1824.0101	1824.0101
1819	44	1445	1824.0101	1824.0101
6804	44	11900	1824.0101	1824.0101
5681	14	4522	1824.0101	1836.0101
28431	33	3417	1824.0101	1853.0101
9484	44	9485	1824.0101	1949.0101
23195	44	305	1824.0101	1968.0101
20659	44	305	1824.0101	1968.0101
14249	44	592	1824.0101	1968.0101
18597	44	592	1824.0101	1968.0101
10759	44	592	1824.0101	1968.0101
9484	44	592	1824.0101	1968.0101
20404	44	592	1824.0101	1968.0101
9484	44	305	1824.0101	1968.0101
20404	44	305	1824.0101	1968.0101
35724	44	592	1824.0101	1968.0101
35724	44	305	1824.0101	1968.0101
14249	44	305	1824.0101	1968.0101
18009	44	305	1824.0101	1968.0101
18009	44	592	1824.0101	1968.0101
10759	44	305	1824.0101	1968.0101
20659	44	592	1824.0101	1968.0101
18597	44	305	1824.0101	1968.0101
20405	44	305	1824.0101	1968.0101
6804	44	592	1824.0101	1968.0101
6804	44	305	1824.0101	1968.0101
14249	44	13074	1824.0101	1973.0101
15659	44	8152	1824.0101	1973.0101
15659	44	21759	1824.0101	1973.0101
11145	44	9494	1824.0101	1978.0101
11145	44	9521	1824.0101	1978.0101
11145	44	17282	1824.0101	1978.0101
14249	44	1110	1824.0101	1978.0101
14249	44	28728	1824.0101	1978.0101
11145	44	20828	1824.0101	1978.0101
18597	44	1268	1824.0101	1978.0101
18597	44	1269	1824.0101	1978.0101
20405	44	1268	1824.0101	1978.0101
20405	44	3932	1824.0101	1978.0101
10759	44	9522	1824.0101	2006.0101
11145	44	18728	1824.0101	2006.0101
15659	44	13074	1824.0101	2006.0101
26625	44	26626	1824.0101	2006.0101
10759	44	23198	1824.0101	2006.0101
10759	44	26614	1824.0101	2006.0101
14249	44	26429	1824.0101	2006.0101
10759	44	29441	1824.0101	2006.0101
6804	44	18133	1824.0101	2006.0101
10759	44	17027	1824.0101	2006.0101
20405	44	1269	1824.0101	2006.0101
35724	44	13074	1824.0101	2006.0101
14249	44	16223	1824.0101	2006.0101
10759	44	20560	1824.0101	2006.0101
15659	44	18133	1824.0101	2006.0101
26625	44	3295	1824.0101	2006.0101
15659	44	28728	1824.0101	2006.0101
26625	44	23651	1824.0101	2006.0101
26625	44	17155	1824.0101	2006.0101
26625	44	22636	1824.0101	2006.0101
26625	44	4520	1824.0101	2006.0101
11145	44	14985	1824.0101	2006.0101
10759	44	18133	1824.0101	2006.0101
18009	44	6510	1824.0101	2006.0101
18009	44	18728	1824.0101	2006.0101
10759	44	15683	1824.0101	2006.0101
1819	44	14929	1824.0101	2006.0101
1819	44	28728	1824.0101	2006.0101
1819	44	26429	1824.0101	2006.0101
1819	44	11900	1824.0101	2006.0101
6804	44	18906	1824.0101	2006.0101
6804	44	1110	1824.0101	2006.0101
6804	44	3713	1824.0101	2006.0101
2484	48	2832	1824.0212	1824.0212
1725	15	1650	1824.0325	1824.0325
32556	25	652	1824.0729	1824.0729
19486	25	652	1824.0729	1845.0508
17110	18	3459	1824.0908	1862.0924
26401	41	1954	1824.1003	1834.11
33320	12	42369	1824.1004	1824.1004
15260	40	5680	1824.1102	1824.1102
42487	40	5680	1824.1102	1824.1102
15260	52	3842	1824.1102	1850.0826
42487	52	3842	1824.1102	1850.0826
4209	25	1970	1825.0	1825.0
1584	15	11698	1825.0	1825.0
34438	42	8089	1825.0	1825.0
2645	3	6730	1825.0	1829.0
12475	29	5578	1825.0	1833.0
19753	3	8187	1825.0	1838.0
19812	44	35176	1825.0	1867.071
31345	1	133	1825.0	1918.0528
41322	41	12784	1825.0101	1834.0501
18762	41	5154	1825.0304	1829.0304
38022	71	22885	1825.0519	1825.0519
16884	25	142	1825.0609	1825.0609
15083	71	12751	1825.08	1825.08
5681	25	15186	1825.1008	1825.1008
3813	3	4970	1825.1023	1827.1001
10916	25	652	1825.1103	1825.1103
8301	21	642	1825.1229	1825.1229
1894	44	949	1826.0	1826.0
39823	3	5980	1826.0	1826.0
35170	3	1232	1826.0	1826.0
18309	25	22744	1826.0	1826.0
5385	14	23660	1826.0	1830.0
26096	14	1232	1826.0	1831.0
21855	15	1435	1826.0101	1826.0101
19354	38	40929	1826.0101	1826.0101
40464	3	4970	1826.0101	1828.0101
36012	37	203	1826.0101	1833.0101
6745	15	8004	1826.0216	1826.0216
6745	15	9523	1826.0217	1826.0217
7608	48	19341	1826.0325	1826.0325
6745	15	8766	1826.0326	1826.0326
6745	15	15337	1826.0429	1826.0429
6745	15	14695	1826.0429	1826.0429
6745	15	26531	1826.0429	1826.0429
34604	41	6751	1826.1002	1826.1002
6745	15	23786	1826.101	1826.101
6745	15	4699	1826.1103	1826.1103
761	30	762	1827.0	1827.0
8599	38	973	1827.0	1827.0
29582	71	5421	1827.0	1827.0
8301	21	10310	1827.0	1827.0
5681	25	4654	1827.0	1827.0
5681	25	142	1827.0	1827.0
39594	3	7	1827.0	1827.0
4528	25	1394	1827.0	1827.0
20318	41	947	1827.0	1830.0
12155	27	383	1827.0	1843.0
2170	3	2171	1827.0101	1827.0101
25877	37	383	1827.0101	1827.0101
25877	37	3748	1827.0101	1827.0101
35604	37	1300	1827.0101	1827.0101
762	15	761	1827.0101	1827.0101
9942	14	1107	1827.0203	1827.0203
6745	15	36188	1827.0216	1827.0216
6745	15	31514	1827.0216	1827.0216
6745	15	4162	1827.0626	1827.0626
3187	41	6775	1827.0831	1828.0121
11581	41	7354	1827.0903	1828.0125
6227	41	296	1827.1117	1829.1114
18998	15	18988	1828.0	1828.0
4315	44	977	1828.0	1828.0
4315	44	1561	1828.0	1828.0
5681	25	1394	1828.0	1828.0
5343	25	142	1828.0	1828.0
19434	1	133	1828.0	1828.0
24987	41	3706	1828.0	1830.0513
6674	52	6675	1828.0	1854.0
8044	76	11476	1828.0	1945.0
12567	15	6846	1828.0101	1828.0101
18496	15	9753	1828.0101	1828.0101
23521	15	9753	1828.0101	1828.0101
7937	41	6775	1828.0122	1830.1116
9215	41	7354	1828.0126	1830.1122
394	41	296	1828.0205	1830.0616
7388	33	19128	1828.0208	1848.0
28736	25	652	1828.0619	1828.0619
16245	42	8089	1828.0625	1828.0625
9087	3	5602	1828.09	1832.04
35485	41	1954	1828.0914	1828.0914
35485	40	774	1828.0914	1828.0914
27362	15	38428	1829.0	1829.0
25239	37	515	1829.0101	1829.0101
3841	37	119	1829.0101	1830.0101
25239	37	203	1829.0101	1833.0101
2022	14	4522	1829.0101	1855.0101
40665	25	652	1829.0205	1829.0205
18998	38	5387	1829.0625	1829.0625
22420	42	292	1829.072	1829.072
9680	25	652	1829.1105	1829.1105
13008	19	8973	1829.1209	1829.1209
507	41	1092	1829.1217	1832.0419
22961	56	10113	1830.0	1830.0
36396	1	1455	1830.0	1830.0
36396	1	814	1830.0	1830.0
10113	103	22961	1830.0	1830.0
24987	21	2616	1830.0	1830.0
24987	21	10310	1830.0	1830.0
41536	18	482	1830.0	1843.0
12245	25	3414	1830.0101	1830.0101
19877	15	6846	1830.0101	1830.0101
7453	3	904	1830.0101	1830.0101
39900	15	22651	1830.0101	1830.0101
701	25	652	1830.0325	1830.0325
6745	15	30394	1830.0427	1830.0427
20296	66	10310	1830.0513	1830.0513
7967	1	10310	1830.0513	1830.0513
24987	41	24988	1830.0513	1834.091
394	41	296	1830.0623	1831.0531
592	44	29291	1830.0701	1848.0101
6745	15	35843	1830.0807	1830.0807
38552	41	10571	1830.0928	1848.1202
9942	14	1755	1830.1	1852.0
26784	1	1247	1830.1004	1830.1004
3825	41	296	1830.1021	1831.0531
24973	41	7354	1830.1122	1834.1114
15111	21	1247	1831.0	1831.0
2625	44	13069	1831.0	1840.1103
4038	52	113	1831.0101	1831.0101
14673	15	32825	1831.0101	1831.0101
36756	3	41910	1831.0101	1831.0101
12245	14	4522	1831.0101	1832.0101
17135	37	531	1831.0101	1836.0101
29260	37	4405	1831.0101	1844.0101
5385	14	4522	1831.0101	1855.0101
1247	62	13336	1831.0225	1831.072
24413	40	11649	1831.0526	1831.0526
1247	62	15111	1831.0604	1865.121
394	41	296	1831.0623	1834.0525
27070	48	19341	1831.0817	1831.0817
761	30	6202	1832.0	1832.0
3940	25	395	1832.0	1832.0
10614	25	41554	1832.0	1832.0
6342	25	4659	1832.0	1832.0
13086	25	508	1832.0	1832.0
6294	37	1300	1832.0101	1832.0101
6202	15	761	1832.0101	1832.0101
19651	71	5421	1832.0101	1832.0101
19789	37	1300	1832.0101	1838.0101
25861	14	4522	1832.0101	1852.0101
37596	14	4522	1832.0101	1873.0101
23352	14	4522	1832.0101	1874.0101
1957	3	18295	1832.051	1833.0911
20163	48	378	1832.0526	1832.063
20163	48	378	1832.063	1832.063
5402	12	3359	1832.0813	1832.0813
10910	1	83	1833.0	1833.0
16245	25	25988	1833.0	1833.0
5599	3	8044	1833.0	1833.0
6745	15	20290	1833.0	1833.0
9029	15	6846	1833.0	1833.0
39904	19	3864	1833.0	1852.0
3864	19	39904	1833.0	1852.0
10240	33	29	1833.01	1833.01
14369	3	21127	1833.0101	1833.0101
32935	15	26855	1833.0101	1833.0101
4536	37	203	1833.0101	1833.0101
25239	37	1300	1833.0101	1833.0101
16957	15	1435	1833.0101	1833.0101
36012	37	3	1833.0101	1847.0101
23678	14	4522	1833.0101	1853.0101
41587	40	11649	1833.0106	1833.0106
10240	33	4877	1833.0918	1833.0918
3825	41	3626	1833.1107	1848.0224
23488	44	12631	1833.113	1833.113
624	44	40478	1833.113	1936.0
9763	25	142	1834.0	1834.0
10242	71	5421	1834.0	1834.0
35823	3	1232	1834.0	1834.0
25996	25	29451	1834.0	1834.0
17076	76	11814	1834.0	1834.0
814	27	1940	1834.0	1834.0
3247	27	18986	1834.0	1838.0
29662	139	36255	1834.0	2011.0
7937	17	8200	1834.0101	1834.0101
15113	40	5680	1834.0101	1834.0101
31004	15	6846	1834.0101	1834.0101
7937	17	277	1834.0101	1834.0101
3940	25	325	1834.03	1834.03
41322	48	32673	1834.051	1834.051
13548	41	6775	1834.0716	1834.1114
22255	19	26181	1834.0722	1855.0305
394	41	296	1834.0731	1837.1003
9087	3	7	1834.1023	1840.0
26401	41	2819	1834.11	1835.0822
6008	41	7354	1834.1202	1835.0408
6008	41	6775	1834.121	1835.0408
19836	18	1007	1835.0	1835.0
18998	15	342	1835.0	1835.0
15702	41	3698	1835.0	1835.0
17815	3	8187	1835.0	1842.0
1434	41	296	1835.0	1849.0
19250	21	113	1835.0101	1835.0101
9763	15	486	1835.0101	1835.0101
162	14	4522	1835.0101	1867.0101
35378	37	203	1835.0101	1882.0101
34773	25	5155	1835.0103	1851.1026
3825	25	652	1835.0219	1835.0219
19580	40	27776	1835.0405	1835.0405
19580	21	16408	1835.0405	1861.0
40394	41	7354	1835.0418	1839.0826
20884	40	5504	1835.0627	1835.0627
26401	41	2819	1835.0822	1854.0502
1717	44	23275	1835.1205	1923.0306
6745	15	21810	1836.0	1836.0
38992	19	20519	1836.0	1836.0
7034	71	5421	1836.0	1836.0
28540	25	142	1836.0	1836.0
28540	15	1650	1836.0	1836.0
6745	15	24737	1836.0	1836.0
20519	19	38992	1836.0	1836.0
37122	41	296	1836.0	1848.0
12234	25	1970	1836.0101	1836.0101
16957	15	9753	1836.0101	1836.0101
42599	3	20668	1836.0101	1841.0101
16460	14	4522	1836.0101	1841.0101
1687	154	31004	1836.0101	1842.0101
31004	14	1687	1836.0101	1842.0101
13206	3	904	1836.0101	1843.0101
622	19	19997	1836.0101	1853.1115
19997	19	622	1836.0101	1853.1115
28444	12	1345	1836.0302	1846.0219
394	25	652	1836.0428	1836.0428
13	29	3692	1836.0615	1836.0615
26133	3	11684	1836.0729	1840.0622
34119	41	21204	1836.0906	1839.0331
1290	65	5371	1836.1228	1836.1228
11902	66	1290	1836.1228	1836.1228
11902	1	151	1836.1228	1901.0101
35724	94	24065	1837.0	1837.0
1611	15	10841	1837.0	1837.0
29537	33	673	1837.0	1837.0
29537	46	8178	1837.0	1837.0
21479	25	325	1837.0	1837.0
15215	71	856	1837.0	1837.0
9540	41	3698	1837.0	1839.0
28444	27	705	1837.0	1839.0
12967	33	1195	1837.0	1843.0
34066	41	455	1837.0	1849.0
14384	33	119	1837.0	1869.0
2311	76	1522	1837.0	1924.0
35724	94	203	1837.0	2006.0
16848	15	26855	1837.0101	1837.0101
36756	3	842	1837.0101	1837.0101
31763	14	4522	1837.0101	1848.0101
30345	25	142	1837.0119	1837.0119
13	29	6847	1837.0126	1837.0126
14576	42	1768	1837.022	1837.022
39659	41	42102	1837.0307	1841.0305
25678	3	904	1837.0327	1839.0518
7743	41	2535	1837.062	1901.0122
6179	40	5504	1837.1107	1837.1107
8901	40	5504	1837.1113	1837.1113
394	41	296	1837.1218	1839.0202
949	44	26923	1837.1231	1837.1231
21023	18	3459	1837.1231	1903.072
6745	15	9746	1838.0	1838.0
10242	3	7	1838.0	1838.0
19032	15	6846	1838.0	1838.0
18998	15	4699	1838.0	1838.0
3649	3	6730	1838.0	1838.0
18998	15	23786	1838.0	1838.0
18998	15	9523	1838.0	1838.0
761	30	6202	1838.0	1838.0
7743	25	142	1838.0	1838.0
26306	3	2171	1838.0	1840.0
13371	15	486	1838.0101	1838.0101
2170	14	2171	1838.0101	1838.0101
6202	15	761	1838.0101	1838.0101
20019	41	15198	1838.0101	1839.0101
20019	41	41590	1838.0101	1839.0101
40400	14	4522	1838.0101	1847.0
26181	14	4522	1838.0101	1852.0101
26540	21	113	1838.032	1838.032
9942	14	4522	1838.0423	1852.04
26782	21	133	1838.0521	1838.0521
18998	15	1874	1838.0612	1838.0612
18998	15	4049	1839.0	1839.0
18998	15	36188	1839.0	1839.0
18998	15	31514	1839.0	1839.0
5408	3	21188	1839.0	1839.0
761	30	14046	1839.0	1839.0
40891	15	15239	1839.0	1839.0
20311	25	3414	1839.0	1839.0
8272	15	4049	1839.0	1839.0
41011	52	25061	1839.0	1839.0
28892	25	3414	1839.0	1839.0
28444	27	759	1839.0	1846.0
41011	1	151	1839.0	1901.0101
14046	15	761	1839.0101	1839.0101
10595	3	2266	1839.0101	1839.0101
5753	41	15198	1839.0101	1841.0101
5402	175	11622	1839.0108	1861.0506
5402	1	13	1839.0108	1861.0506
18025	42	31494	1839.0117	1861.0729
19651	25	142	1839.0124	1839.0124
24987	41	24988	1839.0201	1845.0306
25577	41	296	1839.0302	1851.1202
394	41	296	1839.0404	1842.0612
27617	40	5504	1839.0506	1839.0506
19354	38	1467	1839.083	1839.083
21479	25	29451	1840.0	1840.0
16470	3	4407	1840.0	1840.0
18998	15	24737	1840.0	1840.0
28540	15	6846	1840.0	1840.0
40891	15	10116	1840.0	1840.0
14433	30	21619	1840.0	1840.0
14576	41	3698	1840.0	1840.0
21619	15	14433	1840.0101	1840.0101
4734	15	486	1840.0101	1840.0101
16957	15	6846	1840.0101	1840.0101
41587	33	5302	1840.0101	1849.0301
5520	25	5521	1840.0101	1856.0514
7743	19	6556	1840.021	1861.1214
34119	25	652	1840.022	1840.022
162	25	652	1840.022	1840.022
4845	41	8722	1840.0607	1861.0102
6745	15	30567	1840.0612	1840.0612
26133	71	22411	1840.0622	1840.0622
5520	40	7333	1840.0701	1840.0701
41527	41	947	1840.0717	1841.0115
14747	59	1392	1840.1205	1840.1205
14747	59	574	1840.1205	1840.1205
15198	54	3111	1841.0	1841.0
19509	3	9586	1841.0	1841.0
8473	66	4368	1841.0	1841.0
19997	15	8004	1841.0	1841.0
3825	41	2940	1841.0	1841.0
14747	21	133	1841.0	1841.0
6745	15	37433	1841.0	1841.0
6745	15	9900	1841.0	1841.0
5363	14	2659	1841.0	1843.0
3042	3	4970	1841.0	1843.0
20704	4	7602	1841.0	1862.0
2532	15	22651	1841.0101	1841.0101
14306	25	3414	1841.0101	1841.0101
17135	37	203	1841.0101	1843.0101
14576	25	652	1841.0107	1841.0107
14346	25	652	1841.0107	1841.0107
658	34	3111	1841.021	1867.0701
24629	34	3111	1841.021	1867.0701
6847	34	3111	1841.021	1867.0701
7749	34	3111	1841.021	1867.0701
17886	34	3111	1841.021	1867.0701
7214	34	3111	1841.021	1867.0701
30526	33	10648	1841.0225	1844.0101
13	70	778	1841.0304	1841.0404
778	41	6709	1841.0304	1841.0404
14747	19	10620	1841.0416	1841.0416
10620	19	14747	1841.0416	1841.0416
6008	41	6775	1841.083	1846.0629
41393	25	5521	1841.11	1856.0
25577	25	652	1841.1223	1841.1223
1315	44	5371	1842.0	1842.0
19032	15	14433	1842.0	1842.0
14433	30	19032	1842.0	1842.0
9087	3	7	1842.0	1842.0
21402	3	13007	1842.0	1846.0
7034	14	19007	1842.0	1851.0
3506	15	1435	1842.0101	1842.0101
37733	41	947	1842.0128	1844.0112
9383	71	22411	1842.0318	1842.0318
9383	3	11684	1842.0318	1842.0318
3343	25	652	1842.0504	1842.0504
3940	25	142	1842.0505	1842.0505
12963	41	296	1842.0709	1846.0706
394	41	296	1842.0726	1846.0706
984	66	28822	1842.1218	1918.0
5420	71	5421	1843.0	1843.0
3506	14	25988	1843.0	1843.0
28540	15	6846	1843.0	1843.0
7074	15	8004	1843.0	1843.0
3825	41	2940	1843.0	1843.0
512	48	378	1843.0	1843.0
38851	3	3232	1843.0	1843.0
23352	15	10841	1843.0	1843.0
13086	25	325	1843.0	1843.0
34823	15	10841	1843.0	1843.0
20668	44	1560	1843.0	1917.0
12155	27	7828	1843.0	1918.0
27589	37	4405	1843.0101	1843.0101
27589	33	4405	1843.0101	1843.0101
12800	40	12801	1843.0209	1843.0209
21023	41	38902	1843.0219	1846.0727
14019	25	2253	1843.0703	1843.0703
25931	38	40929	1843.0802	1843.0802
31108	3	34297	1844.0	1844.0
453	117	239	1844.0	1844.0
29537	33	15169	1844.0	1844.0
34646	39	215	1844.0	1844.0
761	30	731	1844.0	1844.0
7388	3	42537	1844.0	1846.0
21987	3	5211	1844.0	1848.0
30818	3	904	1844.0	1850.0
14698	37	3748	1844.0101	1844.0101
38561	15	486	1844.0101	1844.0101
30526	33	203	1844.0101	1844.0101
5599	15	26855	1844.0101	1844.0101
731	15	761	1844.0101	1844.0101
17135	37	1300	1844.0101	1845.0101
23910	14	4522	1844.0101	1852.0101
637	62	17141	1844.0308	1859.0708
17141	41	31212	1844.0308	1859.0708
24621	25	652	1844.0314	1844.0314
12083	40	5680	1844.0426	1844.0426
118	33	7781	1844.0501	1844.0501
648	66	3111	1844.051	1849.0
12475	29	2689	1845.0	1845.0
31108	3	8187	1845.0	1845.0
18998	15	8766	1845.0	1845.0
4500	15	10841	1845.0	1845.0
11152	27	8259	1845.0	1845.0
34676	44	760	1845.0	1845.0
9093	3	1107	1845.0	1848.0
23521	15	28438	1845.0101	1845.0101
21479	14	4522	1845.0101	1850.0101
3103	70	36240	1845.0121	1848.0118
40289	25	40290	1845.021	1854.1129
13	29	8551	1845.0303	1845.0303
12083	40	5680	1845.031	1845.031
5916	41	33446	1845.0311	1846.0909
871	15	10555	1845.0317	1845.0317
871	15	4049	1845.0317	1845.0317
28892	25	652	1845.0508	1845.0508
14217	38	40929	1845.08	1845.08
22289	38	40929	1845.081	1845.081
10240	48	24807	1845.0911	1845.0911
13	29	760	1845.1229	1845.1229
12793	41	947	1846.0	1846.0
5599	25	4654	1846.0	1846.0
3319	33	29	1846.0	1846.0
14433	30	6202	1846.0	1846.0
11664	27	22137	1846.0	1846.0
9087	3	7	1846.0	1846.0
11560	3	136	1846.0	1850.0
7573	44	19984	1846.0	1921.0318
6202	15	6846	1846.0101	1846.0101
6202	15	14433	1846.0101	1846.0101
6539	3	904	1846.0101	1850.0101
17135	37	531	1846.0101	1881.0101
7168	41	6775	1846.063	1852.0223
8040	3	472	1846.07	1846.07
17110	41	1954	1846.0705	1862.0924
31867	41	7354	1846.0706	1852.0221
8239	41	35177	1846.0707	1848.0508
9087	40	11649	1846.0714	1846.0714
21023	41	5046	1846.0727	1877.0921
12963	41	296	1846.0801	1848.0224
34369	41	296	1846.0801	1848.0224
394	41	296	1846.0817	1848.0224
27979	19	6949	1846.101	1846.101
6949	19	27979	1846.101	1846.101
7104	1	182	1846.1116	1867.0329
13	29	13529	1846.1228	1846.1228
8040	3	472	1847.0	1847.0
11432	103	10113	1847.0	1847.0
9087	15	1650	1847.0	1847.0
40379	15	10841	1847.0	1847.0
10113	56	11432	1847.0	1847.0
761	30	16957	1847.0	1847.0
40891	15	5777	1847.0	1847.0
36285	25	23339	1847.0	1847.0
26016	15	12751	1847.0	1847.0
35608	3	14546	1847.0	1847.0
31763	41	1092	1847.0	1848.0
29537	33	21558	1847.0	1848.0
8040	3	20816	1847.0	1850.0406
30106	15	486	1847.0101	1847.0101
16957	15	761	1847.0101	1847.0101
3049	48	40273	1847.0226	1847.0226
23678	25	652	1847.0422	1847.0422
1748	44	12605	1847.1127	2014.1231
158	21	133	1848.0	1848.0
3506	14	3507	1848.0	1848.0
9351	44	715	1848.0	1848.0
25931	15	18988	1848.0	1848.0
9087	3	7	1848.0	1848.0
158	59	574	1848.0	1848.0
14707	15	10841	1848.0	1848.0
9351	1	715	1848.0	1848.0
1523	109	4478	1848.0	1848.0
18469	3	904	1848.0	1848.0
1523	109	10502	1848.0	1848.0
158	59	7318	1848.0	1848.0
15702	41	296	1848.0	1849.0
12967	33	203	1848.0	1853.0
20704	4	19712	1848.0	1858.0
35485	41	3069	1848.0	1862.0906
7388	33	203	1848.0	1871.0
37056	15	6846	1848.0101	1848.0101
36104	15	486	1848.0101	1848.0101
39504	40	3823	1848.0101	1848.0101
2170	25	571	1848.0101	1849.0101
3841	37	119	1848.0101	1852.0101
21321	14	16518	1848.0101	1895.0101
796	62	9927	1848.012	1863.1115
9927	41	27817	1848.012	1863.1115
203	70	31336	1848.0224	1848.0305
10652	41	296	1848.0423	1849.0526
23063	41	296	1848.0423	1849.0526
18309	41	296	1848.0423	1849.0526
12963	41	296	1848.0423	1849.0526
13	29	5302	1848.0529	1848.0529
14576	41	296	1848.0604	1851.1202
15074	19	3439	1848.0822	1885.0723
3439	19	15074	1848.0822	1885.0723
2425	19	158	1848.083	1848.083
158	19	2425	1848.083	1848.083
4698	3	3268	1848.0904	1849.0526
715	109	16379	1848.0912	1848.0912
715	12	35541	1848.1116	1848.1116
715	27	19517	1848.1128	1848.1128
19517	66	715	1848.1128	1848.1128
18812	41	4592	1848.122	1852.1202
4592	80	18812	1848.122	1852.1202
4551	15	10841	1849.0	1849.0
21855	15	6846	1849.0	1849.0
28924	3	886	1849.0	1849.0
22191	15	9753	1849.0	1849.0
41527	38	1467	1849.0	1849.0
761	30	1303	1849.0	1849.0
9093	3	37857	1849.0	1849.0
25577	41	3698	1849.0	1852.0
14046	41	455	1849.0	1853.0
29537	33	648	1849.0	1854.0
36695	41	1839	1849.0	1860.0
1303	15	761	1849.0101	1849.0101
19509	15	26855	1849.0101	1849.0101
6416	15	486	1849.0101	1849.0101
39504	52	113	1849.0101	1849.0101
37802	15	20290	1849.0101	1849.0101
17676	14	4522	1849.0101	1859.0101
39504	133	4039	1849.0101	1920.0101
7098	44	977	1849.0101	1966.0101
32280	25	652	1849.0111	1849.0111
16699	41	1839	1849.0124	1849.0124
13	70	3445	1849.0304	1850.0709
3445	41	6709	1849.0304	1850.0709
12963	41	296	1849.0513	1851.1202
34369	41	296	1849.0513	1851.1202
4698	38	40929	1849.0526	1849.0526
25577	41	1163	1849.0602	1849.1031
796	109	4478	1849.0605	1849.0605
19250	40	5504	1849.103	1849.103
16699	41	1839	1849.112	1849.112
41587	33	10157	1849.1201	1849.1201
12975	18	3459	1849.1222	1849.1222
10113	15	10841	1850.0	1850.0
24141	17	15166	1850.0	1850.0
761	30	8244	1850.0	1850.0
2987	3	29752	1850.0	1850.0
17373	3	1687	1850.0	1850.0
21402	14	8861	1850.0	1854.0
5534	25	6085	1850.0101	1850.0101
8244	15	761	1850.0101	1850.0101
5814	37	13100	1850.0101	1853.0101
5814	37	488	1850.0101	1853.0101
26540	14	4522	1850.0101	1876.0101
2170	14	4522	1850.0101	1882.0101
41587	41	25833	1850.0401	1850.0401
2339	19	638	1850.0619	1850.0619
13	29	4586	1850.0909	1850.0909
23910	25	652	1850.1128	1850.1128
22961	15	10841	1851.0	1851.0
20613	48	17950	1851.0	1851.0
36841	3	2959	1851.0	1853.0
19117	3	20447	1851.0	1853.0
42313	3	8044	1851.0	1857.0
16826	33	9120	1851.0	1870.0
39140	44	23377	1851.0	1919.0
33942	12	37	1851.0	2004.0
11343	15	6846	1851.0101	1851.0101
29071	3	136	1851.0101	1854.0101
19877	14	4522	1851.0101	1876.0101
23377	44	133	1851.0101	1917.0
3046	44	23377	1851.0101	1928.0514
3103	70	27586	1851.0121	1854.0117
15260	40	5680	1851.0429	1851.0429
15260	52	113	1851.0429	1851.0429
42487	52	113	1851.0429	1851.0429
42487	40	5680	1851.0429	1851.0429
5534	25	2087	1851.0511	1851.0511
35767	44	32022	1851.0711	1922.1109
40632	19	7323	1851.0914	1939.0923
26064	40	11649	1851.1008	1851.1008
12967	3	2735	1852.0	1852.0
15215	71	5555	1852.0	1852.0
21987	3	7	1852.0	1852.0
15215	25	4654	1852.0	1852.0
17187	25	1970	1852.0	1852.0
9942	33	19128	1852.0	1853.1
18870	3	5273	1852.0	1857.0
15028	4	7602	1852.0	1861.0
14698	37	383	1852.0101	1852.0101
14698	37	203	1852.0101	1860.0101
5588	25	652	1852.0212	1852.0212
6416	41	31495	1852.0212	1852.0221
9573	41	6775	1852.0223	1852.1219
6545	44	1445	1852.0302	2014.1231
1137	44	1445	1852.0302	2015.0101
1445	29	2406	1852.0302	2015.0101
1445	29	6546	1852.0302	2015.0101
1445	29	6545	1852.0302	2015.0101
1445	29	1137	1852.0302	2015.0101
6546	44	1445	1852.0302	2015.0101
2406	44	1445	1852.0302	2015.0101
37459	40	11649	1852.0415	1852.0415
42398	3	11684	1852.0915	1858.0618
22289	38	41889	1852.12	1852.12
22204	15	10841	1853.0	1853.0
37971	3	1687	1853.0	1853.0
4627	41	2157	1853.0	1853.0
19117	3	13775	1853.0	1854.0
36586	3	939	1853.0	1857.0
11560	33	11561	1853.0	1858.0
36131	3	904	1853.0	1864.0
12967	33	1195	1853.0	1878.0
34284	33	531	1853.0	1880.0
25877	15	19207	1853.0101	1853.0101
28431	37	30240	1853.0101	1853.0101
31002	15	19207	1853.0101	1853.0101
19789	25	1970	1853.0101	1853.0101
15573	15	19207	1853.0101	1853.0101
42169	15	19207	1853.0101	1853.0101
18294	15	19207	1853.0101	1853.0101
19651	15	6846	1853.0101	1853.0101
9487	15	19207	1853.0101	1853.0101
41754	37	1560	1853.0101	1855.0101
10452	19	28924	1853.0101	1892.0101
28431	33	30240	1853.0101	1906.0111
28951	37	4325	1853.0101	1907.0101
6771	37	203	1853.0101	1911.0101
25485	19	18812	1853.0129	1873.0109
18812	19	25485	1853.0129	1873.0109
16699	41	1839	1853.0304	1864.0829
28057	41	6751	1853.0307	1853.0307
1466	41	42102	1853.0307	1857.0304
31232	15	39015	1853.0417	1853.0417
5774	25	142	1853.0602	1853.0602
21023	41	6751	1853.1219	1878.022
2987	3	1319	1854.0	1854.0
23654	25	142	1854.0	1854.0
141	15	6846	1854.0	1854.0
14217	15	18988	1854.0	1854.0
28739	15	10841	1854.0	1854.0
6674	52	8950	1854.0	1854.0
29989	3	14683	1854.0	1854.0
25931	15	18988	1854.0	1854.0
14306	41	1092	1854.0	1857.0
29537	33	12852	1854.0	1865.0
9597	44	133	1854.0	1865.0211
28924	19	10452	1854.0	1892.0101
22153	15	9753	1854.0101	1854.0101
40165	15	19207	1854.0101	1854.0101
27358	41	15198	1854.0101	1861.0101
24621	14	4522	1854.0101	1869.0101
20799	14	4522	1854.0101	1885.0101
11232	44	1302	1854.0101	1968.0101
11232	44	36314	1854.0101	1991.0731
6772	40	5504	1854.0103	1854.0103
19117	71	12751	1854.0224	1854.0224
18451	52	6675	1854.0317	1854.0317
18451	52	14684	1854.0317	1854.0317
18451	134	14684	1854.0317	1854.0317
39548	25	652	1854.0518	1854.0518
5724	21	24248	1854.1112	1867.0
26934	18	3459	1854.1231	1854.1231
26016	15	1650	1855.0	1855.0
1144	15	10841	1855.0	1855.0
19928	71	12751	1855.0	1855.0
22289	15	30394	1855.0	1855.0
22289	15	30567	1855.0	1855.0
30229	3	42376	1855.0	1857.0
22084	27	7959	1855.0101	1855.0101
3732	15	26855	1855.0101	1855.0101
31688	33	15140	1855.0101	1875.0101
6092	14	4522	1855.0101	1878.0101
10907	41	6775	1855.0206	1858.0219
6745	48	19341	1855.0221	1855.0221
24489	25	652	1855.0301	1855.0301
20591	25	652	1855.0301	1855.0301
7550	40	5504	1855.0419	1855.0419
14217	38	368	1855.083	1855.083
21194	41	5452	1855.0906	1861.1003
24141	38	1566	1855.1107	1855.1107
19821	3	904	1855.1214	1866.0811
26782	59	7318	1855.1226	1855.1226
26782	59	574	1855.1226	1855.1226
36285	25	3414	1856.0	1856.0
37971	3	1687	1856.0	1856.0
26055	71	5421	1856.0	1856.0
37997	3	33939	1856.0	1856.0
5169	33	531	1856.0	1870.0
35221	15	22760	1856.0101	1856.0101
32624	40	22223	1856.0101	1856.0101
41754	37	203	1856.0101	1858.0101
18622	3	10435	1856.0101	1862.0101
23275	44	133	1856.0218	1917.0913
10242	71	25770	1856.0228	1856.0228
22301	1	7080	1856.033	1859.0123
19990	1	7080	1856.033	1859.0123
21619	25	652	1856.041	1856.041
24141	38	4222	1856.0419	1856.0419
40380	25	142	1856.0605	1856.0605
10372	21	182	1856.071	1867.0101
25931	38	1467	1856.0804	1856.0804
14217	38	1467	1856.0826	1856.0826
34251	19	23062	1856.092	1907.0928
11627	40	774	1856.1122	1856.1122
11627	41	1954	1856.1122	1856.1122
2987	3	1319	1857.0	1857.0
12326	21	20130	1857.0	1857.0
12326	21	133	1857.0	1857.0
12225	33	1481	1857.0	1857.0
34646	3	22317	1857.0	1857.0
3940	25	1680	1857.0	1857.0
12326	59	7318	1857.0	1857.0
28028	12	27243	1857.0	1857.0
31964	3	11100	1857.0	1859.0
13657	44	2529	1857.0	1947.0814
14599	25	1970	1857.0101	1857.0101
223	22	613	1857.0101	1857.0101
613	22	223	1857.0101	1857.0101
33786	15	6846	1857.0101	1857.0101
1107	154	23910	1857.0101	1867.0101
23910	41	1092	1857.0101	1867.0101
25877	37	2803	1857.0101	1880.0101
3103	70	27156	1857.012	1860.0117
22289	38	368	1857.04	1857.04
12420	40	5504	1857.0512	1857.0512
13272	3	657	1857.0519	1857.0519
7363	19	7364	1857.0606	1913.123
7364	19	7363	1857.0606	1913.123
9464	40	5504	1857.072	1857.072
871	15	342	1857.0727	1857.0727
871	15	30394	1857.0827	1857.0827
22289	38	1467	1857.1206	1857.1206
3813	15	5438	1857.1227	1857.1227
1209	31	760	1858.0	1858.0
1209	31	4560	1858.0	1858.0
22191	15	6846	1858.0	1858.0
25931	15	35039	1858.0	1858.0
11560	33	262	1858.0	1858.0
5362	42	19885	1858.0	1889.0
2529	27	180	1858.0	1911.0
2529	1	151	1858.0	1922.1205
2529	44	151	1858.0	1922.1205
32713	37	3417	1858.0101	1858.0101
32713	37	2520	1858.0101	1858.0101
8995	40	5504	1858.0111	1858.0111
9573	41	6775	1858.022	1859.0611
18892	25	32966	1858.0311	1858.0311
13	29	10097	1858.0511	1858.0511
42398	71	22411	1858.0618	1858.0618
18892	25	3878	1858.0702	1858.0702
11805	1	2529	1858.0802	1947.0813
31232	15	32480	1858.0825	1858.0825
10356	41	28706	1858.0918	1867.0
22692	15	2783	1858.1224	1858.1224
19117	71	10213	1859.0	1859.0
23600	25	1970	1859.0	1859.0
28540	25	1394	1859.0	1859.0
2987	15	6040	1859.0	1859.0
9133	1	3	1859.0	1859.0
676	1	3	1859.0	1859.0
36285	25	8031	1859.0	1859.0
21987	3	7	1859.0	1859.0
19117	14	8861	1859.0	1866.0
40285	19	25073	1859.0	1869.0
21607	12	8735	1859.0	1877.0715
16470	15	486	1859.0101	1859.0101
19651	15	10841	1859.0101	1859.0101
34773	15	19207	1859.0101	1859.0101
29260	37	203	1859.0101	1861.0101
27589	37	533	1859.0101	1867.0101
25073	19	40285	1859.0101	1869.0101
638	37	531	1859.0101	1872.0101
630	44	9132	1859.0101	2014.1231
7079	1	7080	1859.0123	1859.0123
16296	1	7080	1859.0123	1859.0123
23	1	29440	1859.0123	1859.0123
16296	1	5892	1859.0124	1866.0509
7079	1	5892	1859.0124	1866.0509
7463	1	5892	1859.0124	1866.0509
23	1	5892	1859.0124	1866.0509
22301	1	5892	1859.0124	1866.0509
19990	1	5892	1859.0124	1866.0509
13	29	6344	1859.0214	1859.0214
4698	38	41889	1859.0412	1859.0412
10907	41	6775	1859.0612	1865.1018
16248	38	973	1859.0625	1861.0127
637	62	638	1859.0708	1872.0918
638	41	31212	1859.0708	1872.0918
7586	1	6440	1859.0712	1861.0217
36546	19	29628	1859.0829	1897.1114
29628	19	36546	1859.0829	1897.1114
630	66	9132	1859.1023	2014.1231
630	1	6440	1859.111	1861.0317
31489	27	2589	1859.111	1866.1012
23753	44	39020	1859.1201	1859.1201
1166	44	13129	1859.1206	1918.0528
23753	1	18941	1859.1208	1860.0321
11068	1	18941	1859.1208	1860.0321
18940	21	18941	1859.1208	1860.0322
32242	21	18941	1859.1208	1860.0322
18941	12	1345	1859.1208	1860.0322
5999	1	18941	1859.1208	1860.0322
2626	1	18941	1859.1208	1860.0331
27141	33	907	1859.1215	1879.0
5825	25	325	1860.0	1860.0
6942	25	508	1860.0	1860.0
26893	25	1970	1860.0	1860.0
23662	25	325	1860.0	1860.0
1748	1	3	1860.0	1860.0
36285	25	2788	1860.0	1860.0
4627	25	142	1860.0	1860.0
28201	14	11125	1860.0	1860.0
33675	3	7	1860.0	1860.0
37997	3	21188	1860.0	1860.0
1819	94	6440	1860.0	1860.0
6804	94	6440	1860.0	1860.0
16615	3	14827	1860.0	1865.0
39714	3	18915	1860.0	1867.0
42357	19	39405	1860.0	1873.0
39405	19	42357	1860.0	1873.0101
83	34	860	1860.0	1976.0226
675	1	3	1860.0101	1860.0101
9093	25	3414	1860.0101	1860.0101
7172	12	1105	1860.0101	1860.0101
7172	44	203	1860.0101	1860.0101
7172	44	592	1860.0101	1860.0101
8244	15	9753	1860.0101	1860.0101
16470	15	22651	1860.0101	1860.0101
23732	15	19207	1860.0101	1860.0101
19246	15	6846	1860.0101	1860.0101
592	29	7172	1860.0101	1860.0101
26994	14	4522	1860.0101	1872.0101
29124	33	13	1860.0101	1910.1101
41133	44	32707	1860.0101	1918.0101
1819	44	7771	1860.0101	2006.0101
14249	44	29015	1860.0101	2006.0101
6804	44	7308	1860.0101	2006.0101
40028	25	4185	1860.0113	1860.0113
20502	21	113	1860.0114	1860.0114
7958	66	32707	1860.0208	1918.0
7958	44	32707	1860.0208	1918.0412
15953	44	28603	1860.0311	1860.0311
23753	1	3	1860.0322	1860.0322
5999	1	3	1860.0322	1860.0322
11068	1	3	1860.0322	1860.0322
2626	1	6440	1860.0322	1861.0217
29461	1	6440	1860.0322	1861.0316
18940	21	6440	1860.0322	1861.0317
32242	21	6440	1860.0322	1861.0317
9910	1	113	1860.0324	1860.0324
4698	38	368	1860.0417	1860.0417
4627	15	1650	1860.0706	1860.0706
554	22	613	1860.0801	1860.0801
613	22	554	1860.0801	1860.0801
12269	15	2783	1860.0904	1860.0904
18748	40	5504	1860.1005	1860.1005
20966	15	2783	1860.1108	1860.1108
8095	44	27013	1860.1222	1860.1222
21402	25	1680	1861.0	1861.0
34923	3	14683	1861.0	1861.0
19823	15	8004	1861.0	1861.0
6324	52	3111	1861.0	1861.0
10554	15	8004	1861.0	1861.0
36285	14	4522	1861.0	1861.0
19131	3	18180	1861.0	1864.0
21520	78	119	1861.0	1865.0
3	27	1748	1861.0	1865.0
1748	66	2553	1861.0	1865.0
37484	33	2589	1861.0	1865.0
27456	3	26945	1861.0	1870.0
42443	12	3266	1861.0	1884.0
19580	21	2553	1861.0	1898.0107
4483	1	2553	1861.0	1946.0
2553	12	1345	1861.0	1946.0618
12099	25	4412	1861.0101	1861.0101
23338	14	4522	1861.0101	1885.0101
5825	14	4522	1861.0101	1885.0101
1748	1	2553	1861.0101	1946.0101
1466	38	1467	1861.0123	1861.0212
16248	38	4222	1861.0127	1863.0301
13	29	1233	1861.0129	1861.0129
5534	25	3143	1861.0208	1861.0208
13874	27	22137	1861.0208	1861.072
13874	34	13	1861.0208	1865.05
5317	21	13874	1861.0211	1865.0511
2382	1	3	1861.0218	1861.0218
2626	1	3	1861.0218	1861.0218
7586	1	3	1861.0218	1861.0218
13874	62	1466	1861.0218	1865.051
1466	21	13874	1861.0218	1865.051
13874	70	1466	1861.0218	1865.051
3649	38	2054	1861.03	1861.0721
20350	41	5154	1861.0304	1865.0415
13874	29	11664	1861.0313	1865.0504
13874	29	5925	1861.0316	1861.0316
6439	21	6440	1861.0317	1861.0317
2254	1	3	1861.0317	1861.0317
6042	21	2553	1861.0317	1861.0317
23357	21	6440	1861.0317	1861.0317
6042	21	6440	1861.0317	1861.0317
29461	1	3	1861.0317	1861.0317
33169	21	2553	1861.0317	1861.0317
32242	21	2553	1861.0317	1861.0317
37408	21	2553	1861.0317	1861.0317
39117	21	6440	1861.0317	1861.0317
39117	21	2553	1861.0317	1861.0317
33169	21	6440	1861.0317	1861.0317
14828	1	3	1861.0317	1861.0317
15953	1	3	1861.0317	1861.0317
23357	21	2553	1861.0317	1861.0317
20436	44	3	1861.0317	1861.0317
36335	21	2553	1861.0317	1861.0317
20436	1	3	1861.0317	1861.0317
18940	21	2553	1861.0317	1861.0317
36335	21	6440	1861.0317	1861.0317
515	1	3	1861.0317	1861.0317
6439	21	2553	1861.0317	1861.0317
9898	1	3	1861.0317	1861.0317
42636	21	6440	1861.0317	1861.0317
36552	21	2553	1861.0317	1861.0317
42636	21	2553	1861.0317	1861.0317
36552	21	6440	1861.0317	1861.0317
2553	27	1748	1861.0317	1865.0
2553	62	4161	1861.0317	1878.0109
14828	1	2553	1861.0317	1946.0602
3924	1	2553	1861.0317	1946.0618
3924	44	2553	1861.0317	1946.0618
12605	1	2553	1861.0317	1946.0618
4425	1	2553	1861.0317	1946.0618
630	1	2553	1861.0317	1946.0618
13874	29	9726	1861.0321	1865.0526
13874	29	760	1861.0323	1861.0323
13874	29	8481	1861.0329	1861.0329
13874	29	24184	1861.0403	1865.0426
3692	40	3650	1861.0412	1865.0509
13874	29	8551	1861.0422	1861.0422
13874	29	4561	1861.0507	1861.0507
5261	1	13874	1861.0518	1863.091
5402	1	13874	1861.0518	1863.0917
13874	29	3692	1861.0518	1865.0526
13874	29	3722	1861.052	1861.052
2645	46	11729	1861.0608	1865.0412
2645	21	13874	1861.0608	1865.0412
13874	29	4560	1861.0702	1861.0702
13874	27	9314	1861.072	1865.0402
3649	38	1467	1861.0721	1861.0721
1290	65	5371	1861.0722	1861.0722
18025	42	1228	1861.0729	1889.0326
24141	38	207	1861.0905	1861.0905
18503	41	2006	1861.0918	1871.0918
13874	29	2362	1861.1128	1861.1128
13874	29	6097	1861.121	1861.121
12793	42	1228	1862.0	1862.0
20704	4	107	1862.0	1862.0
14256	3	4970	1862.0	1862.0
14433	30	21402	1862.0	1862.0
21656	14	22525	1862.0	1862.0
27801	41	1396	1862.0	1863.0
24384	3	19643	1862.0	1866.0
37262	41	3069	1862.0	1868.1027
3951	15	6846	1862.0101	1862.0101
31232	15	39015	1862.0101	1862.0101
21402	15	14433	1862.0101	1862.0101
21321	15	9957	1862.0101	1862.0101
6792	15	22760	1862.0101	1862.0101
30526	3	904	1862.0101	1864.0101
16891	14	1687	1862.0101	1871.0101
1687	154	16891	1862.0101	1871.0101
26620	14	4522	1862.0101	1900.0101
5489	62	32957	1862.0124	1866.0223
36308	40	5504	1862.0209	1862.0209
871	38	4222	1862.0226	1862.0226
11596	19	11597	1862.0331	1862.0331
11597	19	11596	1862.0331	1862.0331
24141	38	4689	1862.0428	1862.0428
2987	15	1650	1862.0506	1862.0506
5489	70	6802	1862.0624	1863.1011
19580	18	3459	1862.122	1862.122
37484	40	11649	1862.1224	1862.1224
761	30	22961	1863.0	1863.0
36285	25	395	1863.0	1863.0
6727	3	657	1863.0	1863.0
37484	40	1796	1863.0	1863.0
22134	71	5421	1863.0	1863.0
6939	25	27541	1863.0	1863.0
22289	15	18988	1863.0	1863.0
19500	15	8004	1863.0	1863.0
26345	23	3650	1863.0	1865.0
13098	41	1839	1863.0	1866.0
4038	134	4039	1863.0	1874.0
42084	46	1183	1863.0	1907.0
22961	15	761	1863.0101	1863.0101
19789	37	1300	1863.0101	1864.0101
4038	133	4039	1863.0101	1874.0101
3042	38	2054	1863.0301	1863.0301
14313	40	5680	1863.0305	1863.0305
20981	25	2951	1863.0308	1891.0128
19354	15	4049	1863.04	1863.04
39810	19	18622	1863.0401	1863.0401
18622	19	39810	1863.0401	1863.0401
25931	38	5387	1863.0417	1863.0417
4561	34	6098	1863.062	1863.062
13	29	6098	1863.062	1863.062
38617	46	12941	1863.0701	1873.0
1290	65	5371	1863.0706	1863.0706
17364	52	12639	1863.0813	1863.0813
12639	40	5504	1863.0817	1863.0817
871	38	368	1863.0906	1863.0906
5261	1	13	1863.091	1863.091
5402	1	13	1863.0917	1863.0917
5402	175	11622	1863.0917	1863.0917
796	62	7074	1863.1115	1906.0129
7074	41	27817	1863.1115	1906.0129
796	70	7944	1863.1231	1864.0711
11940	4	107	1864.0	1864.0
15116	41	23009	1864.0	1864.0
22289	15	32480	1864.0	1864.0
33675	3	7	1864.0	1864.0
761	30	19651	1864.0	1864.0
11940	4	12893	1864.0	1864.0
7734	3	2659	1864.0	1864.0
19578	25	40672	1864.0	1864.0
1303	15	10841	1864.0	1864.0
41008	25	30972	1864.0	1864.0
36586	14	34241	1864.0	1864.0
35169	3	8804	1864.0	1868.0
22134	14	8858	1864.0	1879.0
29124	46	8178	1864.0	1896.0
19651	15	761	1864.0101	1864.0101
40845	15	22651	1864.0101	1864.0101
14502	14	4522	1864.0101	1867.0101
38022	14	136	1864.0101	1869.0101
21772	3	25037	1864.0101	1871.0101
17364	40	5680	1864.0201	1864.0201
37196	25	21512	1864.0408	1864.0408
19789	40	5504	1864.0428	1864.0428
2217	19	5372	1864.0625	1864.0625
28947	71	856	1864.0702	1864.0702
4698	38	1467	1864.083	1864.083
18892	25	42120	1864.09	1864.09
871	15	23786	1864.0908	1864.0908
13	29	5128	1864.1031	1864.1031
22289	38	5387	1864.1215	1864.1215
3940	25	897	1865.0	1865.0
21520	78	119	1865.0	1865.0
25931	15	10555	1865.0	1865.0
26345	14	2581	1865.0	1866.0
15028	4	1835	1865.0	1866.0
15782	3	4970	1865.0	1867.0
10540	18	2157	1865.0	1869.0
10540	14	2840	1865.0	1869.0
6936	41	1092	1865.0	1872.0
3343	41	4020	1865.0	1876.0
3591	1	133	1865.0	1917.0
3199	44	29289	1865.0	1919.032
29627	15	28438	1865.0101	1865.0101
10595	14	1139	1865.0101	1865.0101
28487	25	1970	1865.0101	1865.0101
40380	15	6846	1865.0101	1865.0101
4551	15	6846	1865.0101	1865.0101
28542	33	2313	1865.0101	1894.0101
8561	25	40672	1865.0224	1865.0224
29791	25	652	1865.0406	1865.0406
13874	85	13	1865.05	1865.05
13	65	13874	1865.05	1865.05
871	15	30567	1865.0516	1865.0516
871	15	13907	1865.0519	1865.0519
871	15	8004	1865.0522	1865.0522
1466	137	29662	1865.0522	1867.0511
871	15	1874	1865.0602	1865.0602
871	15	9523	1865.0603	1865.0603
871	15	13639	1865.0611	1865.0611
2645	21	13	1865.0613	1870.1012
871	15	34461	1865.0622	1865.0622
871	15	8766	1865.0705	1865.0705
871	15	8243	1865.0718	1865.0718
871	15	42310	1865.0814	1865.0814
42374	40	23945	1865.0827	1865.0827
14217	38	5387	1865.083	1865.083
871	38	1467	1865.083	1865.083
871	15	4699	1865.092	1865.092
2645	14	39819	1865.1002	1870.1012
7168	41	6775	1865.1029	1866.0628
796	70	28394	1865.1106	1870.0528
871	15	6125	1865.1203	1865.1203
1247	62	25628	1865.1217	1909.1217
11106	21	133	1866.0	1866.0
32980	15	8243	1866.0	1866.0
15083	42	1618	1866.0	1866.0
15116	41	947	1866.0	1866.0
14433	30	23662	1866.0	1866.0
33589	3	7817	1866.0	1866.0
11106	21	796	1866.0	1866.0
40028	14	33942	1866.0	1866.0
23662	15	14433	1866.0	1866.0
11940	4	12893	1866.0	1867.0
3143	9	731	1866.0	1868.0
12163	4	2092	1866.0	1868.0
11940	4	7602	1866.0	1869.0
9694	4	2092	1866.0	1870.0
9694	4	107	1866.0	1875.0
37484	33	8640	1866.0	1878.0
3849	44	4109	1866.0	1885.0
308	19	1424	1866.0	1896.0
9120	66	4109	1866.0	1946.0
6143	37	3	1866.0101	1866.0101
15581	15	19207	1866.0101	1866.0101
3044	15	1435	1866.0101	1866.0101
12561	15	6846	1866.0101	1866.0101
29530	46	4600	1866.0101	1870.0101
5236	52	436	1866.0101	1878.0101
1424	19	308	1866.0101	1896.0101
21912	52	5374	1866.0101	1903.0523
33351	14	4522	1866.0101	1905.0101
11660	37	203	1866.0101	1923.0101
9120	44	4109	1866.0101	1946.0101
2589	44	27438	1866.0101	2015.083
871	25	4654	1866.0109	1866.0109
871	15	9900	1866.0114	1866.0114
5489	70	18689	1866.0211	1866.051
871	15	3616	1866.0401	1866.0401
7079	1	5489	1866.051	1866.051
7463	1	5489	1866.051	1866.051
16296	1	5489	1866.051	1866.051
22301	1	5489	1866.051	1878.063
19990	1	5489	1866.051	1878.0701
5489	62	38596	1866.051	1881.051
23	1	5489	1866.051	1947.1229
871	15	10116	1866.0611	1866.0611
1192	19	1193	1866.0614	1866.0614
1193	19	1192	1866.0614	1866.0614
9573	41	6775	1866.0628	1868.0227
871	15	20290	1866.0715	1866.0715
12452	1	11424	1866.0818	1871.0101
109	1	11424	1866.0818	1871.0117
1703	1	11424	1866.0818	1871.0117
2589	1	3	1866.0823	1866.0823
445	1	3	1866.0823	1866.0823
20972	1	1523	1866.0823	1871.0117
21864	1	2553	1866.0823	1946.0
9120	1	1523	1866.092	1871.0117
3526	1	1523	1866.092	1871.0117
6778	1	1523	1866.1008	1871.0117
16784	1	3	1866.1012	1866.1012
11106	59	574	1866.1013	1866.1013
11106	59	7318	1866.1013	1866.1013
871	15	13760	1866.1024	1866.1024
871	19	11106	1866.1028	1866.1028
11106	19	871	1866.1028	1894.0
871	15	24737	1866.1125	1866.1125
3396	19	3397	1867.0	1867.0
28540	15	792	1867.0	1867.0
22289	15	36130	1867.0	1867.0
22289	15	32864	1867.0	1867.0
12852	66	26004	1867.0	1867.0
7399	34	182	1867.0	1867.0
3397	19	3396	1867.0	1867.0
3526	66	3850	1867.0	1867.0
15169	66	3184	1867.0	1867.0
32743	41	511	1867.0	1867.0
22289	15	7682	1867.0	1867.0
15759	3	15760	1867.0	1869.0
17967	1	11424	1867.0	1870.1231
1523	44	11424	1867.0	1871.0
18268	14	1188	1867.0	1872.0
5724	21	133	1867.0	1872.0
33956	14	21712	1867.0	1873.0
10356	41	18603	1867.0	1875.0
17832	17	22310	1867.0	1877.0
26345	14	3307	1867.0	1889.0
12577	1	133	1867.0	1916.1104
4317	1	133	1867.0	1916.1104
10578	1	133	1867.0	1916.1105
12288	1	1757	1867.0	1918.0
18038	1	1757	1867.0	1918.0
1757	12	27243	1867.0	1918.0
7399	34	1757	1867.0	1918.0
1757	12	1345	1867.0	1918.0
14698	37	203	1867.0101	1867.0101
10846	15	22651	1867.0101	1867.0101
21002	15	10841	1867.0101	1867.0101
18288	25	1970	1867.0101	1867.0101
36695	25	1970	1867.0101	1867.0101
14698	15	19207	1867.0101	1867.0101
37137	15	22760	1867.0101	1867.0101
40157	3	4970	1867.0101	1869.0101
15116	41	1092	1867.0101	1871.0101
1107	154	15116	1867.0101	1871.0101
27589	37	4405	1867.0101	1886.0101
10372	21	1757	1867.0101	1918.1031
592	29	9006	1867.0101	1968.0101
871	15	4611	1867.0104	1867.0104
37459	40	5504	1867.0117	1867.0117
13	29	36356	1867.0301	1867.0301
5519	1	1757	1867.0301	1918.1031
6996	1	1757	1867.033	1867.033
19402	1	1757	1867.033	1918.0
6016	1	1757	1867.033	1918.1017
17	1	1757	1867.033	1918.1027
3651	1	1757	1867.033	1918.1028
1288	1	1757	1867.033	1918.1028
3783	1	1757	1867.033	1918.1028
1480	1	1757	1867.033	1918.103
3003	1	1757	1867.033	1918.103
12115	1	1757	1867.033	1918.103
5474	1	1757	1867.033	1918.103
13977	1	1757	1867.033	1918.1031
8703	1	1757	1867.033	1918.1031
988	1	1757	1867.033	1918.1101
29484	1	1757	1867.033	1918.1102
1833	1	1757	1867.033	1918.111
10149	1	1757	1867.033	1918.111
33198	1	1757	1867.033	1918.111
10657	1	1757	1867.033	1918.111
7104	1	1757	1867.033	1918.111
32626	1	1757	1867.033	1918.1111
9069	1	1757	1867.033	1918.1111
1631	1	1757	1867.033	1918.1111
1631	44	1757	1867.033	1918.1111
3788	1	1757	1867.033	1918.1111
32311	1	1757	1867.033	1918.1111
23950	1	1757	1867.033	1918.1115
27535	1	1757	1867.033	1918.1127
10511	1	1757	1867.033	1918.1127
20967	1	1757	1867.033	1918.113
20172	1	1757	1867.033	1918.113
7050	1	1757	1867.033	1918.113
10850	1	1757	1867.033	1918.113
23824	25	2253	1867.0507	1867.0507
364	27	6820	1867.0515	1867.0515
1937	19	6472	1867.053	1867.053
8027	44	8026	1867.0608	1914.1219
7214	34	3184	1867.0701	1867.0701
7214	34	26004	1867.0701	1867.0701
10097	34	3184	1867.0701	1867.0701
15198	54	364	1867.0701	1867.0701
3184	65	3111	1867.0701	1867.0701
6847	34	3184	1867.0701	1867.0701
3184	34	26004	1867.0701	1867.0701
7749	34	26004	1867.0701	1867.0701
15169	44	3184	1867.0701	1867.0701
10097	34	3111	1867.0701	1867.0701
24629	34	26004	1867.0701	1867.0701
17886	34	26004	1867.0701	1867.0701
658	34	3184	1867.0701	1867.0701
13	34	364	1867.0701	1867.0701
383	1	11424	1867.0701	1870.123
11424	12	1345	1867.0701	1870.1231
11424	62	10989	1867.0701	1870.1231
364	62	7743	1867.0701	1910.0506
1523	12	21174	1867.0701	1918.1109
364	162	2794	1867.0701	1927.0412
6403	3	3268	1867.0709	1872.0729
11424	70	1957	1867.0714	1867.0714
592	29	11169	1867.0724	1968.0101
20292	1	1757	1867.0728	1918.1115
6936	41	947	1867.0829	1870.0905
30014	44	30015	1867.0926	1938.0401
14599	40	5504	1867.1014	1867.1014
7387	31	4437	1868.0	1868.0
19651	15	6291	1868.0	1868.0
475	27	6653	1868.0	1868.0
22289	15	39015	1868.0	1868.0
2650	66	2767	1868.0	1868.0
16615	71	12751	1868.0	1868.0
7168	17	3145	1868.0	1868.0
761	30	28540	1868.0	1868.0
30229	41	27311	1868.0	1868.0
6077	71	13744	1868.0	1868.0
22289	15	10555	1868.0	1868.0
10540	18	23009	1868.0	1868.0
8657	3	3507	1868.0	1870.0
7734	3	2659	1868.0	1872.0
24541	46	3699	1868.0	1875.0
9694	4	7602	1868.0	1875.0
19117	14	11004	1868.0	1876.0
7168	17	1552	1868.0	1878.0
11627	41	3069	1868.0	1882.1203
30631	14	7005	1868.0	1883.0
12755	109	10502	1868.0	1890.0
7975	1	133	1868.0	1917.0301
34110	1	133	1868.0	1917.0914
12755	12	27243	1868.0	1947.0
28540	15	761	1868.0101	1868.0101
8029	15	1435	1868.0101	1868.0101
6416	15	22760	1868.0101	1868.0101
10595	41	2157	1868.0101	1868.0101
12234	40	5504	1868.0317	1868.0317
6092	25	652	1868.0507	1868.0507
871	38	5387	1868.0924	1868.0924
14673	40	5504	1868.1004	1868.1004
25053	17	1552	1868.1117	1868.1117
17224	40	5504	1868.1121	1868.1121
17224	48	378	1868.1121	1887.053
2469	41	6775	1868.1203	1874.0217
1466	21	13	1868.1225	1889.1206
20303	3	20304	1869.0	1869.0
4505	15	10841	1869.0	1869.0
32470	25	2951	1869.0	1869.0
26345	25	21572	1869.0	1869.0
14384	48	2832	1869.0	1870.0
36703	3	2659	1869.0	1873.0
15436	37	4405	1869.0	1873.0
1974	4	7602	1869.0	1880.0
8743	1	133	1869.0	1917.0302
895	14	26568	1869.0101	1869.0101
15119	15	22651	1869.0101	1869.0101
895	3	26568	1869.0101	1869.0101
21058	37	203	1869.0101	1869.0101
9990	15	27611	1869.0101	1869.0101
42639	52	113	1869.0101	1869.0101
3044	15	6846	1869.0101	1869.0101
16248	38	207	1869.0101	1873.0101
22710	46	352	1869.0113	1869.0113
3103	70	34249	1869.0119	1872.0116
14313	40	5680	1869.0222	1869.0222
3439	41	5154	1869.0304	1877.0304
13	70	15074	1869.0304	1877.0304
15074	41	6709	1869.0304	1877.0304
36254	12	36255	1869.0528	1891.0325
19997	19	32557	1869.061	1885.1201
32557	19	19997	1869.061	1885.1201
21600	19	21110	1869.0612	1869.0612
21110	19	21600	1869.0612	1869.0612
19823	19	13567	1869.0728	1869.0728
13567	19	19823	1869.0728	1869.0728
32689	19	9304	1869.0805	1869.0805
9304	19	32689	1869.0805	1869.0805
18167	19	7626	1869.0915	1869.0915
7626	19	18167	1869.0915	1869.0915
32500	3	657	1869.0927	1869.0927
6077	3	2171	1869.1025	1870.09
9913	48	12226	1869.1028	1869.1028
33385	40	774	1869.1221	1869.1221
35248	40	11649	1869.1228	1873.0101
1160	54	1161	1870.0	1870.0
16826	33	13	1870.0	1870.0
22289	15	4699	1870.0	1870.0
6359	15	5058	1870.0	1870.0
340	1	1161	1870.0	1870.0
32743	41	511	1870.0	1870.0
11783	1	1161	1870.0	1870.0
20824	15	1650	1870.0	1870.0
22289	15	4158	1870.0	1870.0
28940	14	1107	1870.0	1870.0
8493	3	16937	1870.0	1870.0
5608	3	21188	1870.0	1870.0
21402	25	897	1870.0	1870.0
11783	1	3	1870.0	1870.0
22233	3	1232	1870.0	1870.0
16826	40	7333	1870.0	1870.0
340	1	3	1870.0	1870.0
14853	33	119	1870.0	1871.0
15501	3	2171	1870.0	1872.0
8748	3	16307	1870.0	1875.0
2658	3	14722	1870.0	1875.0
5169	33	5643	1870.0	1879.0
19131	41	947	1870.0	1881.0
1097	70	19131	1870.0	1881.0
1571	21	113	1870.0	1890.0
9414	37	203	1870.0	1891.0
33522	4	1699	1870.0	1911.0
3450	21	133	1870.0	1918.0
12561	15	1435	1870.0101	1870.0101
14698	37	113	1870.0101	1871.0101
26284	41	4912	1870.0101	1871.0101
26388	37	673	1870.0101	1907.0101
29530	46	352	1870.0101	1921.0101
2803	1	3776	1870.0118	1919.1109
36152	15	5058	1870.0216	1870.0216
12975	41	5046	1870.0418	1891.1222
5489	70	26460	1870.042	1870.1214
364	29	26765	1870.0715	1870.0715
10097	34	26765	1870.0715	1870.0715
364	29	16966	1870.0715	1870.0715
10097	34	16966	1870.0715	1876.1007
26004	34	16966	1870.0715	1912.0515
3184	34	16966	1870.0715	1927.0311
32947	23	11117	1870.08	1871.05
13926	25	21512	1870.0804	1870.0804
20422	12	1345	1870.0904	1940.071
3784	1	1161	1870.0919	1870.0919
8095	1	1161	1870.092	1870.092
4424	1	3	1870.092	1870.092
1300	1	3	1870.092	1870.092
8095	1	3	1870.092	1870.092
3784	1	3	1870.092	1870.092
24432	21	113	1870.0928	1870.0928
1300	44	30792	1870.1015	2014.0407
8782	25	2087	1870.1204	1874.0102
31232	15	6291	1870.1222	1870.1222
761	30	9990	1871.0	1871.0
36703	3	2735	1871.0	1871.0
17832	46	3376	1871.0	1871.0
19509	25	395	1871.0	1871.0
11063	44	8151	1871.0	1871.0
17098	41	296	1871.0	1871.0
41555	3	18915	1871.0	1871.0
39362	3	1017	1871.0	1871.0
1523	44	3776	1871.0	1871.0
29148	3	41694	1871.0	1871.0
22289	15	23786	1871.0	1871.0
6077	3	10254	1871.0	1873.0
27456	3	13372	1871.0	1873.0
33522	4	12893	1871.0	1874.0
8493	3	15208	1871.0	1874.0
36941	41	296	1871.0	1876.0
113	27	8319	1871.0	1879.0
24755	78	383	1871.0	1881.0
17098	41	5555	1871.0	1885.0
33522	4	7602	1871.0	1895.0
12155	1	3776	1871.0	1918.0
1757	34	3776	1871.0	1918.0
4084	44	3776	1871.0	1918.0
109	44	3776	1871.0	1918.0
4517	44	3776	1871.0	1918.0101
26708	44	548	1871.0	1920.0
2272	44	548	1871.0	1920.0101
6533	44	548	1871.0	1920.0101
3081	44	548	1871.0	1920.0101
9068	1	20422	1871.0	1940.07
213	12	1846	1871.0	1945.0
1205	29	2032	1871.0101	1871.0101
548	29	8673	1871.0101	1871.0101
9990	15	761	1871.0101	1871.0101
613	22	488	1871.0101	1871.0101
12716	44	548	1871.0101	1871.0101
1205	29	13274	1871.0101	1871.0101
2230	44	548	1871.0101	1871.0101
17077	44	548	1871.0101	1871.0101
548	29	18630	1871.0101	1871.0101
548	29	12716	1871.0101	1871.0101
6395	44	548	1871.0101	1871.0101
19206	15	19207	1871.0101	1871.0101
7244	44	548	1871.0101	1871.0101
14804	44	1205	1871.0101	1871.0101
10008	44	1205	1871.0101	1871.0101
3	22	613	1871.0101	1871.0101
548	29	6795	1871.0101	1871.0101
152	29	13678	1871.0101	1871.0101
548	29	13029	1871.0101	1871.0101
23288	44	548	1871.0101	1871.0101
548	29	266	1871.0101	1871.0101
548	29	1468	1871.0101	1871.0101
548	29	9032	1871.0101	1871.0101
18412	44	548	1871.0101	1871.0101
362	44	548	1871.0101	1871.0101
548	29	3643	1871.0101	1871.0101
1205	29	30074	1871.0101	1871.0101
30074	44	1205	1871.0101	1871.0101
1468	44	548	1871.0101	1871.0101
715	22	613	1871.0101	1871.0101
548	29	16144	1871.0101	1871.0101
28256	44	548	1871.0101	1871.0101
20275	44	548	1871.0101	1871.0101
548	29	7244	1871.0101	1871.0101
13029	44	548	1871.0101	1871.0101
13274	44	1205	1871.0101	1871.0101
548	29	1348	1871.0101	1871.0101
548	29	18412	1871.0101	1871.0101
1205	29	11871	1871.0101	1871.0101
613	22	3	1871.0101	1871.0101
548	29	23288	1871.0101	1871.0101
18917	44	548	1871.0101	1871.0101
548	29	18917	1871.0101	1871.0101
1533	29	8091	1871.0101	1871.0101
1303	15	486	1871.0101	1871.0101
613	22	590	1871.0101	1871.0101
21411	44	1533	1871.0101	1871.0101
18630	44	548	1871.0101	1871.0101
613	22	715	1871.0101	1871.0101
1205	29	5994	1871.0101	1871.0101
1205	29	6297	1871.0101	1871.0101
1205	29	1352	1871.0101	1871.0101
11871	44	1205	1871.0101	1871.0101
1205	29	10008	1871.0101	1871.0101
1205	29	2096	1871.0101	1871.0101
1205	29	18434	1871.0101	1871.0101
5994	44	1205	1871.0101	1871.0101
1205	29	14804	1871.0101	1871.0101
1205	29	7264	1871.0101	1871.0101
16144	44	548	1871.0101	1871.0101
6080	44	548	1871.0101	1871.0101
1348	44	548	1871.0101	1871.0101
6795	44	548	1871.0101	1871.0101
29609	44	548	1871.0101	1871.0101
8091	44	1533	1871.0101	1871.0101
266	44	548	1871.0101	1871.0101
28098	44	548	1871.0101	1871.0101
18006	44	548	1871.0101	1871.0101
2096	44	1205	1871.0101	1871.0101
548	29	28098	1871.0101	1871.0101
548	29	6964	1871.0101	1871.0101
590	22	613	1871.0101	1871.0101
548	29	11220	1871.0101	1871.0101
548	29	28256	1871.0101	1871.0101
548	29	362	1871.0101	1871.0101
548	29	29609	1871.0101	1871.0101
548	29	11992	1871.0101	1871.0101
8673	44	548	1871.0101	1871.0101
548	29	17077	1871.0101	1871.0101
548	29	28293	1871.0101	1871.0101
1352	44	1205	1871.0101	1871.0101
548	29	2230	1871.0101	1871.0101
548	29	6395	1871.0101	1871.0101
548	29	20275	1871.0101	1871.0101
548	29	6080	1871.0101	1871.0101
548	29	18006	1871.0101	1871.0101
28293	44	548	1871.0101	1871.0101
6297	44	1205	1871.0101	1871.0101
488	22	613	1871.0101	1871.0101
18434	44	1205	1871.0101	1871.0101
24141	46	8178	1871.0101	1871.0101
1533	29	21411	1871.0101	1871.0101
11424	85	3776	1871.0101	1871.0101
11220	44	548	1871.0101	1871.0101
2032	44	1205	1871.0101	1871.0101
9032	44	548	1871.0101	1871.0101
8687	3	136	1871.0101	1872.0101
17961	37	383	1871.0101	1873.0101
8493	37	949	1871.0101	1874.0101
30631	14	4522	1871.0101	1883.0101
3776	62	10989	1871.0101	1888.0309
31688	21	3776	1871.0101	1918.0101
1536	44	3776	1871.0101	1918.0101
1421	1	3776	1871.0101	1918.0101
12053	1	3776	1871.0101	1918.1109
383	1	3776	1871.0101	1918.1128
2540	1	3776	1871.0101	1919.1108
11992	44	548	1871.0101	1920.0
10479	44	1205	1871.0101	1920.0
3643	44	548	1871.0101	1920.0
6964	44	548	1871.0101	1920.0
547	44	548	1871.0101	1920.0101
1204	44	1205	1871.0101	1920.0101
548	29	2780	1871.0101	1920.0101
3062	44	3063	1871.0101	1920.0101
1205	29	2095	1871.0101	1920.0101
548	29	3944	1871.0101	1920.0101
4261	44	3063	1871.0101	1920.0101
4448	44	548	1871.0101	1920.0101
548	29	5525	1871.0101	1920.0101
5578	44	548	1871.0101	1920.0101
6063	44	3063	1871.0101	1920.0101
5235	44	548	1871.0101	1920.0101
3539	44	548	1871.0101	1920.0101
1205	29	7070	1871.0101	1920.0101
3063	29	7479	1871.0101	1920.0101
548	29	1928	1871.0101	1920.0101
267	44	548	1871.0101	1920.0101
548	29	9199	1871.0101	1920.0101
9202	44	548	1871.0101	1920.0101
548	29	9230	1871.0101	1920.0101
1205	29	9594	1871.0101	1920.0101
9715	44	3063	1871.0101	1920.0101
1205	29	9848	1871.0101	1920.0101
9862	44	3063	1871.0101	1920.0101
1205	29	6366	1871.0101	1920.0101
10092	44	548	1871.0101	1920.0101
1205	29	10035	1871.0101	1920.0101
10383	44	548	1871.0101	1920.0101
10940	44	548	1871.0101	1920.0101
7587	44	548	1871.0101	1920.0101
11041	44	1205	1871.0101	1920.0101
548	29	7972	1871.0101	1920.0101
11699	44	1205	1871.0101	1920.0101
2414	44	548	1871.0101	1920.0101
1205	29	12246	1871.0101	1920.0101
1205	29	4226	1871.0101	1920.0101
13194	44	548	1871.0101	1920.0101
548	29	13545	1871.0101	1920.0101
1205	29	11617	1871.0101	1920.0101
1205	29	10201	1871.0101	1920.0101
1205	29	14519	1871.0101	1920.0101
1205	29	1543	1871.0101	1920.0101
15509	44	548	1871.0101	1920.0101
1205	29	15657	1871.0101	1920.0101
548	29	16409	1871.0101	1920.0101
16594	44	548	1871.0101	1920.0101
16786	44	548	1871.0101	1920.0101
16930	44	548	1871.0101	1920.0101
1205	29	16145	1871.0101	1920.0101
548	29	17469	1871.0101	1920.0101
1205	29	18122	1871.0101	1920.0101
548	29	10534	1871.0101	1920.0101
1205	29	8323	1871.0101	1920.0101
9204	44	1205	1871.0101	1920.0101
5132	44	548	1871.0101	1920.0101
548	29	8770	1871.0101	1920.0101
548	29	5788	1871.0101	1920.0101
19303	44	548	1871.0101	1920.0101
18964	44	548	1871.0101	1920.0101
19728	44	548	1871.0101	1920.0101
548	29	15194	1871.0101	1920.0101
20016	44	1205	1871.0101	1920.0101
1205	29	11142	1871.0101	1920.0101
548	29	1579	1871.0101	1920.0101
10556	44	548	1871.0101	1920.0101
1205	29	20997	1871.0101	1920.0101
548	29	1225	1871.0101	1920.0101
19215	44	548	1871.0101	1920.0101
16368	44	548	1871.0101	1920.0101
1205	29	13103	1871.0101	1920.0101
153	44	1205	1871.0101	1920.0101
4327	44	1205	1871.0101	1920.0101
1205	29	2688	1871.0101	1920.0101
20136	44	548	1871.0101	1920.0101
23040	44	1205	1871.0101	1920.0101
23159	44	1205	1871.0101	1920.0101
23519	44	548	1871.0101	1920.0101
23657	44	548	1871.0101	1920.0101
6965	44	548	1871.0101	1920.0101
1419	44	1205	1871.0101	1920.0101
548	29	7334	1871.0101	1920.0101
12736	44	3063	1871.0101	1920.0101
548	29	12743	1871.0101	1920.0101
17447	44	3063	1871.0101	1920.0101
548	29	10042	1871.0101	1920.0101
22383	44	548	1871.0101	1920.0101
548	29	1033	1871.0101	1920.0101
3063	29	12379	1871.0101	1920.0101
1205	29	23159	1871.0101	1920.0101
25499	44	548	1871.0101	1920.0101
7498	44	1205	1871.0101	1920.0101
22515	44	548	1871.0101	1920.0101
548	29	6505	1871.0101	1920.0101
25859	44	548	1871.0101	1920.0101
548	29	21076	1871.0101	1920.0101
25616	44	1205	1871.0101	1920.0101
1205	29	17944	1871.0101	1920.0101
9475	44	548	1871.0101	1920.0101
9477	44	548	1871.0101	1920.0101
26508	44	1205	1871.0101	1920.0101
13513	44	548	1871.0101	1920.0101
26750	44	548	1871.0101	1920.0101
548	29	8549	1871.0101	1920.0101
1205	29	1955	1871.0101	1920.0101
548	29	3368	1871.0101	1920.0101
548	29	20512	1871.0101	1920.0101
26709	44	548	1871.0101	1920.0101
2002	44	1205	1871.0101	1920.0101
548	29	7459	1871.0101	1920.0101
22239	44	1205	1871.0101	1920.0101
548	29	26750	1871.0101	1920.0101
1205	29	28437	1871.0101	1920.0101
17478	44	548	1871.0101	1920.0101
548	29	19844	1871.0101	1920.0101
10753	44	548	1871.0101	1920.0101
548	29	6965	1871.0101	1920.0101
29433	44	3063	1871.0101	1920.0101
548	29	16594	1871.0101	1920.0101
11735	44	1205	1871.0101	1920.0101
1205	29	3334	1871.0101	1920.0101
548	29	11048	1871.0101	1920.0101
10402	44	1205	1871.0101	1920.0101
24246	44	548	1871.0101	1920.0101
12379	44	3063	1871.0101	1920.0101
1205	29	15664	1871.0101	1920.0101
20514	44	548	1871.0101	1920.0101
548	29	13659	1871.0101	1920.0101
1205	29	26879	1871.0101	1920.0101
1205	29	13695	1871.0101	1920.0101
11180	44	548	1871.0101	1920.0101
548	29	21043	1871.0101	1920.0101
548	29	16738	1871.0101	1920.0101
548	29	29528	1871.0101	1920.0101
11681	44	548	1871.0101	1920.0101
1205	29	4549	1871.0101	1920.0101
25238	44	548	1871.0101	1920.0101
32199	44	548	1871.0101	1920.0101
3950	44	548	1871.0101	1920.0101
1205	29	24183	1871.0101	1920.0101
548	29	11799	1871.0101	1920.0101
548	29	14901	1871.0101	1920.0101
1205	29	3275	1871.0101	1920.0101
1205	29	19277	1871.0101	1920.0101
7293	44	548	1871.0101	1920.0101
548	29	28145	1871.0101	1920.0101
548	29	17818	1871.0101	1920.0101
1205	29	13678	1871.0101	1920.0101
548	29	2271	1871.0101	1920.0101
9182	44	548	1871.0101	1920.0101
4549	44	1205	1871.0101	1920.0101
1205	29	9613	1871.0101	1920.0101
6298	44	1205	1871.0101	1920.0101
548	29	7464	1871.0101	1920.0101
548	29	25755	1871.0101	1920.0101
23469	44	1205	1871.0101	1920.0101
10036	44	1205	1871.0101	1920.0101
548	29	9387	1871.0101	1920.0101
3411	44	548	1871.0101	1920.0101
17180	44	548	1871.0101	1920.0101
548	29	10317	1871.0101	1920.0101
548	29	3411	1871.0101	1920.0101
7752	44	548	1871.0101	1920.0101
548	29	25357	1871.0101	1920.0101
1205	29	2689	1871.0101	1920.0101
5054	44	548	1871.0101	1920.0101
548	29	4601	1871.0101	1920.0101
1609	44	548	1871.0101	1920.0101
11680	44	548	1871.0101	1920.0101
1205	29	14669	1871.0101	1920.0101
548	29	15033	1871.0101	1920.0101
14453	44	548	1871.0101	1920.0101
548	29	6457	1871.0101	1920.0101
548	29	18433	1871.0101	1920.0101
548	29	8091	1871.0101	1920.0101
31470	44	548	1871.0101	1920.0101
2695	44	548	1871.0101	1920.0101
548	29	22313	1871.0101	1920.0101
1205	29	153	1871.0101	1920.0101
548	29	2474	1871.0101	1920.0101
3585	44	548	1871.0101	1920.0101
6366	44	1205	1871.0101	1920.0101
548	29	6704	1871.0101	1920.0101
9009	44	1205	1871.0101	1920.0101
6457	44	548	1871.0101	1920.0101
1205	29	5898	1871.0101	1920.0101
1205	29	15369	1871.0101	1920.0101
970	44	1205	1871.0101	1920.0101
548	29	5545	1871.0101	1920.0101
548	29	29498	1871.0101	1920.0101
548	29	21689	1871.0101	1920.0101
25792	44	548	1871.0101	1920.0101
21708	44	1205	1871.0101	1920.0101
1205	29	22239	1871.0101	1920.0101
548	29	15509	1871.0101	1920.0101
548	29	12388	1871.0101	1920.0101
548	29	18964	1871.0101	1920.0101
13103	44	1205	1871.0101	1920.0101
4227	44	1205	1871.0101	1920.0101
6362	44	548	1871.0101	1920.0101
548	29	17180	1871.0101	1920.0101
1205	29	6326	1871.0101	1920.0101
548	29	7807	1871.0101	1920.0101
548	29	7293	1871.0101	1920.0101
548	29	11219	1871.0101	1920.0101
548	29	3369	1871.0101	1920.0101
548	29	17291	1871.0101	1920.0101
1205	29	4378	1871.0101	1920.0101
548	29	29782	1871.0101	1920.0101
9577	44	3063	1871.0101	1920.0101
548	29	23058	1871.0101	1920.0101
548	29	24101	1871.0101	1920.0101
548	29	1278	1871.0101	1920.0101
1205	29	15973	1871.0101	1920.0101
1205	29	519	1871.0101	1920.0101
548	29	10092	1871.0101	1920.0101
23645	44	1205	1871.0101	1920.0101
11799	44	548	1871.0101	1920.0101
35919	44	3063	1871.0101	1920.0101
1205	29	21458	1871.0101	1920.0101
548	29	286	1871.0101	1920.0101
25791	44	548	1871.0101	1920.0101
1205	29	285	1871.0101	1920.0101
1205	29	23645	1871.0101	1920.0101
1205	29	9009	1871.0101	1920.0101
1205	29	17175	1871.0101	1920.0101
548	29	2229	1871.0101	1920.0101
3063	29	9577	1871.0101	1920.0101
9848	44	1205	1871.0101	1920.0101
548	29	21629	1871.0101	1920.0101
8342	44	548	1871.0101	1920.0101
7972	44	548	1871.0101	1920.0101
4378	44	1205	1871.0101	1920.0101
548	29	19890	1871.0101	1920.0101
548	29	26776	1871.0101	1920.0101
3465	44	1205	1871.0101	1920.0101
548	29	30436	1871.0101	1920.0101
8329	44	3063	1871.0101	1920.0101
1278	44	548	1871.0101	1920.0101
548	29	13362	1871.0101	1920.0101
30436	44	548	1871.0101	1920.0101
10443	44	548	1871.0101	1920.0101
548	29	2696	1871.0101	1920.0101
548	29	27405	1871.0101	1920.0101
1205	29	11041	1871.0101	1920.0101
18122	44	1205	1871.0101	1920.0101
11737	44	548	1871.0101	1920.0101
548	29	11613	1871.0101	1920.0101
19844	44	548	1871.0101	1920.0101
1205	29	28013	1871.0101	1920.0101
548	29	12815	1871.0101	1920.0101
1205	29	6156	1871.0101	1920.0101
548	29	16574	1871.0101	1920.0101
31296	44	548	1871.0101	1920.0101
12815	44	548	1871.0101	1920.0101
1987	44	548	1871.0101	1920.0101
548	29	6301	1871.0101	1920.0101
1543	44	1205	1871.0101	1920.0101
9698	44	1205	1871.0101	1920.0101
548	29	25859	1871.0101	1920.0101
1205	29	22321	1871.0101	1920.0101
10500	44	548	1871.0101	1920.0101
548	29	15713	1871.0101	1920.0101
548	29	17290	1871.0101	1920.0101
29782	44	548	1871.0101	1920.0101
548	29	16930	1871.0101	1920.0101
6323	44	1205	1871.0101	1920.0101
29528	44	548	1871.0101	1920.0101
548	29	20299	1871.0101	1920.0101
1205	29	3465	1871.0101	1920.0101
548	29	18338	1871.0101	1920.0101
20513	44	548	1871.0101	1920.0101
9183	44	548	1871.0101	1920.0101
1205	29	14946	1871.0101	1920.0101
548	29	6456	1871.0101	1920.0101
1205	29	17306	1871.0101	1920.0101
1205	29	25617	1871.0101	1920.0101
21299	44	548	1871.0101	1920.0101
1205	29	11699	1871.0101	1920.0101
548	29	21411	1871.0101	1920.0101
21370	44	548	1871.0101	1920.0101
24101	44	548	1871.0101	1920.0101
20352	44	548	1871.0101	1920.0101
17469	44	548	1871.0101	1920.0101
548	29	23917	1871.0101	1920.0101
548	29	2592	1871.0101	1920.0101
14519	44	1205	1871.0101	1920.0101
1205	29	15665	1871.0101	1920.0101
13248	44	548	1871.0101	1920.0101
548	29	19874	1871.0101	1920.0101
734	44	548	1871.0101	1920.0101
7459	44	548	1871.0101	1920.0101
548	29	23273	1871.0101	1920.0101
548	29	23657	1871.0101	1920.0101
548	29	3504	1871.0101	1920.0101
548	29	7672	1871.0101	1920.0101
14805	44	1205	1871.0101	1920.0101
548	29	7494	1871.0101	1920.0101
548	29	12237	1871.0101	1920.0101
548	29	518	1871.0101	1920.0101
3996	44	3063	1871.0101	1920.0101
16414	44	1205	1871.0101	1920.0101
22163	44	548	1871.0101	1920.0101
548	29	16817	1871.0101	1920.0101
6456	44	548	1871.0101	1920.0101
1205	29	17669	1871.0101	1920.0101
548	29	31296	1871.0101	1920.0101
27706	44	548	1871.0101	1920.0101
10042	44	548	1871.0101	1920.0101
2689	44	1205	1871.0101	1920.0101
3275	44	1205	1871.0101	1920.0101
548	29	14436	1871.0101	1920.0101
25022	44	548	1871.0101	1920.0101
12388	44	548	1871.0101	1920.0101
548	29	8197	1871.0101	1920.0101
548	29	734	1871.0101	1920.0101
27165	44	1205	1871.0101	1920.0101
1225	44	548	1871.0101	1920.0101
9387	44	548	1871.0101	1920.0101
1205	29	2017	1871.0101	1920.0101
548	29	27125	1871.0101	1920.0101
3642	44	548	1871.0101	1920.0101
1205	29	6471	1871.0101	1920.0101
28145	44	548	1871.0101	1920.0101
17944	44	1205	1871.0101	1920.0101
548	29	10556	1871.0101	1920.0101
33179	44	3063	1871.0101	1920.0101
3063	29	33179	1871.0101	1920.0101
548	29	7808	1871.0101	1920.0101
16145	44	1205	1871.0101	1920.0101
3949	44	548	1871.0101	1920.0101
3063	29	34772	1871.0101	1920.0101
1205	29	12403	1871.0101	1920.0101
3063	29	15219	1871.0101	1920.0101
548	29	6794	1871.0101	1920.0101
548	29	29434	1871.0101	1920.0101
1205	29	6323	1871.0101	1920.0101
1205	29	4992	1871.0101	1920.0101
10317	44	548	1871.0101	1920.0101
548	29	6899	1871.0101	1920.0101
15051	44	548	1871.0101	1920.0101
548	29	20513	1871.0101	1920.0101
16409	44	548	1871.0101	1920.0101
548	29	26421	1871.0101	1920.0101
548	29	4448	1871.0101	1920.0101
3952	44	1205	1871.0101	1920.0101
548	29	2682	1871.0101	1920.0101
17818	44	548	1871.0101	1920.0101
10201	44	1205	1871.0101	1920.0101
1205	29	1204	1871.0101	1920.0101
5525	44	548	1871.0101	1920.0101
548	29	31470	1871.0101	1920.0101
1205	29	25616	1871.0101	1920.0101
7807	44	548	1871.0101	1920.0101
548	29	1987	1871.0101	1920.0101
23836	44	548	1871.0101	1920.0101
17777	44	548	1871.0101	1920.0101
548	29	20230	1871.0101	1920.0101
548	29	23591	1871.0101	1920.0101
12403	44	1205	1871.0101	1920.0101
15194	44	548	1871.0101	1920.0101
36454	44	1205	1871.0101	1920.0101
1205	29	14004	1871.0101	1920.0101
1205	29	33946	1871.0101	1920.0101
6301	44	548	1871.0101	1920.0101
1205	29	971	1871.0101	1920.0101
29682	44	1205	1871.0101	1920.0101
5462	44	548	1871.0101	1920.0101
26421	44	548	1871.0101	1920.0101
1205	29	26445	1871.0101	1920.0101
7263	44	1205	1871.0101	1920.0101
21043	44	548	1871.0101	1920.0101
548	29	15860	1871.0101	1920.0101
548	29	17478	1871.0101	1920.0101
2696	44	548	1871.0101	1920.0101
15091	44	548	1871.0101	1920.0101
24697	44	548	1871.0101	1920.0101
3368	44	548	1871.0101	1920.0101
19662	44	1205	1871.0101	1920.0101
8157	44	1205	1871.0101	1920.0101
2444	44	1205	1871.0101	1920.0101
5576	44	548	1871.0101	1920.0101
10050	44	1205	1871.0101	1920.0101
6504	44	548	1871.0101	1920.0101
4000	44	1205	1871.0101	1920.0101
3334	44	1205	1871.0101	1920.0101
28437	44	1205	1871.0101	1920.0101
12814	44	548	1871.0101	1920.0101
4992	44	1205	1871.0101	1920.0101
6794	44	548	1871.0101	1920.0101
8825	44	1205	1871.0101	1920.0101
11753	44	548	1871.0101	1920.0101
17393	44	1205	1871.0101	1920.0101
14901	44	548	1871.0101	1920.0101
28013	44	1205	1871.0101	1920.0101
2474	44	548	1871.0101	1920.0101
3333	44	548	1871.0101	1920.0101
1864	44	1205	1871.0101	1920.0101
19874	44	548	1871.0101	1920.0101
6850	44	1205	1871.0101	1920.0101
25617	44	1205	1871.0101	1920.0101
15973	44	1205	1871.0101	1920.0101
5168	44	548	1871.0101	1920.0101
21463	44	548	1871.0101	1920.0101
25811	44	548	1871.0101	1920.0101
17175	44	1205	1871.0101	1920.0101
14882	44	548	1871.0101	1920.0101
10534	44	548	1871.0101	1920.0101
15860	44	548	1871.0101	1920.0101
15369	44	1205	1871.0101	1920.0101
285	44	1205	1871.0101	1920.0101
1353	44	1205	1871.0101	1920.0101
9982	44	548	1871.0101	1920.0101
9594	44	1205	1871.0101	1920.0101
5947	44	1205	1871.0101	1920.0101
21411	44	548	1871.0101	1920.0101
20299	44	548	1871.0101	1920.0101
1205	29	18916	1871.0101	1920.0101
1205	29	15490	1871.0101	1920.0101
1205	29	23040	1871.0101	1920.0101
1205	29	20902	1871.0101	1920.0101
1205	29	21137	1871.0101	1920.0101
1205	29	4227	1871.0101	1920.0101
1205	29	1346	1871.0101	1920.0101
1205	29	21707	1871.0101	1920.0101
1205	29	36454	1871.0101	1920.0101
1205	29	16414	1871.0101	1920.0101
1205	29	8825	1871.0101	1920.0101
1205	29	2548	1871.0101	1920.0101
12237	44	548	1871.0101	1920.0101
1205	29	36691	1871.0101	1920.0101
1205	29	9698	1871.0101	1920.0101
1205	29	30522	1871.0101	1920.0101
1205	29	6850	1871.0101	1920.0101
1205	29	4327	1871.0101	1920.0101
1205	29	29682	1871.0101	1920.0101
1205	29	10479	1871.0101	1920.0101
1205	29	15491	1871.0101	1920.0101
1205	29	21708	1871.0101	1920.0101
1205	29	18163	1871.0101	1920.0101
1205	29	27094	1871.0101	1920.0101
1205	29	2444	1871.0101	1920.0101
1205	29	28697	1871.0101	1920.0101
6036	44	548	1871.0101	1920.0101
1205	29	23469	1871.0101	1920.0101
20512	44	548	1871.0101	1920.0101
1205	29	8157	1871.0101	1920.0101
1205	29	24207	1871.0101	1920.0101
1205	29	19662	1871.0101	1920.0101
1205	29	1863	1871.0101	1920.0101
1205	29	10402	1871.0101	1920.0101
1205	29	1864	1871.0101	1920.0101
1205	29	5947	1871.0101	1920.0101
1205	29	3436	1871.0101	1920.0101
1205	29	3952	1871.0101	1920.0101
1205	29	14294	1871.0101	1920.0101
1205	29	1419	1871.0101	1920.0101
1205	29	5570	1871.0101	1920.0101
1205	29	21660	1871.0101	1920.0101
11181	44	548	1871.0101	1920.0101
1205	29	31052	1871.0101	1920.0101
518	44	548	1871.0101	1920.0101
1205	29	11899	1871.0101	1920.0101
1205	29	24187	1871.0101	1920.0101
1205	29	20016	1871.0101	1920.0101
1205	29	2002	1871.0101	1920.0101
1205	29	1882	1871.0101	1920.0101
1205	29	10050	1871.0101	1920.0101
15033	44	548	1871.0101	1920.0101
1205	29	22558	1871.0101	1920.0101
1205	29	10695	1871.0101	1920.0101
1205	29	6298	1871.0101	1920.0101
20097	44	548	1871.0101	1920.0101
1205	29	7498	1871.0101	1920.0101
1955	44	1205	1871.0101	1920.0101
1205	29	25217	1871.0101	1920.0101
2271	44	548	1871.0101	1920.0101
1205	29	17174	1871.0101	1920.0101
1205	29	14805	1871.0101	1920.0101
1205	29	6367	1871.0101	1920.0101
1205	29	9204	1871.0101	1920.0101
1205	29	40639	1871.0101	1920.0101
1205	29	28267	1871.0101	1920.0101
1205	29	10694	1871.0101	1920.0101
22888	44	1205	1871.0101	1920.0101
6367	44	1205	1871.0101	1920.0101
23916	44	548	1871.0101	1920.0101
1205	29	21383	1871.0101	1920.0101
1205	29	1353	1871.0101	1920.0101
1205	29	18768	1871.0101	1920.0101
10035	44	1205	1871.0101	1920.0101
1205	29	970	1871.0101	1920.0101
13357	44	548	1871.0101	1920.0101
1205	29	29339	1871.0101	1920.0101
1205	29	14295	1871.0101	1920.0101
1205	29	13375	1871.0101	1920.0101
1205	29	33424	1871.0101	1920.0101
1205	29	19939	1871.0101	1920.0101
1205	29	22888	1871.0101	1920.0101
1205	29	29493	1871.0101	1920.0101
1205	29	10036	1871.0101	1920.0101
1205	29	7634	1871.0101	1920.0101
1205	29	20188	1871.0101	1920.0101
29434	44	548	1871.0101	1920.0101
1205	29	4000	1871.0101	1920.0101
1205	29	26508	1871.0101	1920.0101
1205	29	27165	1871.0101	1920.0101
23917	44	548	1871.0101	1920.0101
1205	29	18642	1871.0101	1920.0101
1205	29	17393	1871.0101	1920.0101
1205	29	9465	1871.0101	1920.0101
21707	44	1205	1871.0101	1920.0101
1205	29	11735	1871.0101	1920.0101
1205	29	6146	1871.0101	1920.0101
1205	29	7263	1871.0101	1920.0101
29339	44	1205	1871.0101	1920.0101
1205	29	30617	1871.0101	1920.0101
17290	44	548	1871.0101	1920.0101
5898	44	1205	1871.0101	1920.0101
2592	44	548	1871.0101	1920.0101
27125	44	548	1871.0101	1920.0101
2780	44	548	1871.0101	1920.0101
15664	44	1205	1871.0101	1920.0101
12382	44	548	1871.0101	1920.0101
30617	44	1205	1871.0101	1920.0101
31991	44	3063	1871.0101	1920.0101
9613	44	1205	1871.0101	1920.0101
7973	44	548	1871.0101	1920.0101
28697	44	1205	1871.0101	1920.0101
5788	44	548	1871.0101	1920.0101
26445	44	1205	1871.0101	1920.0101
15457	44	548	1871.0101	1920.0101
24187	44	1205	1871.0101	1920.0101
24183	44	1205	1871.0101	1920.0101
14294	44	1205	1871.0101	1920.0101
8262	44	548	1871.0101	1920.0101
14004	44	1205	1871.0101	1920.0101
6505	44	548	1871.0101	1920.0101
18768	44	1205	1871.0101	1920.0101
18007	44	548	1871.0101	1920.0101
16574	44	548	1871.0101	1920.0101
7634	44	1205	1871.0101	1920.0101
19939	44	1205	1871.0101	1920.0101
8770	44	548	1871.0101	1920.0101
32891	44	548	1871.0101	1920.0101
6146	44	1205	1871.0101	1920.0101
9755	44	548	1871.0101	1920.0101
1502	44	548	1871.0101	1920.0101
3063	29	35919	1871.0101	1920.0101
20276	44	548	1871.0101	1920.0101
3063	29	35705	1871.0101	1920.0101
2017	44	1205	1871.0101	1920.0101
3063	29	17447	1871.0101	1920.0101
3063	29	31991	1871.0101	1920.0101
3063	29	6063	1871.0101	1920.0101
3063	29	3996	1871.0101	1920.0101
3063	29	3062	1871.0101	1920.0101
3063	29	9578	1871.0101	1920.0101
21137	44	1205	1871.0101	1920.0101
3063	29	12736	1871.0101	1920.0101
19890	44	548	1871.0101	1920.0101
3063	29	8329	1871.0101	1920.0101
3063	29	9715	1871.0101	1920.0101
35338	44	548	1871.0101	1920.0101
17291	44	548	1871.0101	1920.0101
3063	29	4261	1871.0101	1920.0101
3063	29	33648	1871.0101	1920.0101
971	44	1205	1871.0101	1920.0101
10639	44	548	1871.0101	1920.0101
5545	44	548	1871.0101	1920.0101
20902	44	1205	1871.0101	1920.0101
24207	44	1205	1871.0101	1920.0101
3473	44	548	1871.0101	1920.0101
14758	44	548	1871.0101	1920.0101
3063	29	9862	1871.0101	1920.0101
3063	29	29433	1871.0101	1920.0101
27094	44	1205	1871.0101	1920.0101
13695	44	1205	1871.0101	1920.0101
16738	44	548	1871.0101	1920.0101
14666	44	548	1871.0101	1920.0101
8091	44	548	1871.0101	1920.0101
23686	44	548	1871.0101	1920.0101
15491	44	1205	1871.0101	1920.0101
2688	44	1205	1871.0101	1920.0101
1928	44	548	1871.0101	1920.0101
12246	44	1205	1871.0101	1920.0101
11048	44	548	1871.0101	1920.0101
26776	44	548	1871.0101	1920.0101
13827	44	548	1871.0101	1920.0101
29493	44	1205	1871.0101	1920.0101
777	44	548	1871.0101	1920.0101
17669	44	1205	1871.0101	1920.0101
11613	44	548	1871.0101	1920.0101
15490	44	1205	1871.0101	1920.0101
2548	44	1205	1871.0101	1920.0101
18764	44	548	1871.0101	1920.0101
7464	44	548	1871.0101	1920.0101
21458	44	1205	1871.0101	1920.0101
17306	44	1205	1871.0101	1920.0101
30522	44	1205	1871.0101	1920.0101
4601	44	548	1871.0101	1920.0101
18338	44	548	1871.0101	1920.0101
32868	44	548	1871.0101	1920.0101
2597	44	548	1871.0101	1920.0101
1579	44	548	1871.0101	1920.0101
3944	44	548	1871.0101	1920.0101
15696	44	548	1871.0101	1920.0101
4047	44	548	1871.0101	1920.0101
10638	44	548	1871.0101	1920.0101
22313	44	548	1871.0101	1920.0101
9199	44	548	1871.0101	1920.0101
9578	44	3063	1871.0101	1920.0101
6326	44	1205	1871.0101	1920.0101
6704	44	548	1871.0101	1920.0101
9230	44	548	1871.0101	1920.0101
2682	44	548	1871.0101	1920.0101
14669	44	1205	1871.0101	1920.0101
31052	44	1205	1871.0101	1920.0101
8323	44	1205	1871.0101	1920.0101
11617	44	1205	1871.0101	1920.0101
21660	44	1205	1871.0101	1920.0101
1054	44	548	1871.0101	1920.0101
1033	44	548	1871.0101	1920.0101
4042	44	548	1871.0101	1920.0101
7672	44	548	1871.0101	1920.0101
7479	44	3063	1871.0101	1920.0101
25023	44	548	1871.0101	1920.0101
14436	44	548	1871.0101	1920.0101
12524	44	548	1871.0101	1920.0101
20230	44	548	1871.0101	1920.0101
13659	44	548	1871.0101	1920.0101
23273	44	548	1871.0101	1920.0101
25755	44	548	1871.0101	1920.0101
28267	44	1205	1871.0101	1920.0101
548	29	14882	1871.0101	1920.0101
548	29	23519	1871.0101	1920.0101
548	29	17249	1871.0101	1920.0101
10695	44	1205	1871.0101	1920.0101
548	29	5544	1871.0101	1920.0101
548	29	2695	1871.0101	1920.0101
548	29	8342	1871.0101	1920.0101
548	29	12851	1871.0101	1920.0101
15657	44	1205	1871.0101	1920.0101
16817	44	548	1871.0101	1920.0101
548	29	22909	1871.0101	1920.0101
548	29	25792	1871.0101	1920.0101
548	29	15457	1871.0101	1920.0101
548	29	24246	1871.0101	1920.0101
548	29	25022	1871.0101	1920.0101
548	29	1609	1871.0101	1920.0101
548	29	3473	1871.0101	1920.0101
548	29	6036	1871.0101	1920.0101
548	29	18764	1871.0101	1920.0101
548	29	25023	1871.0101	1920.0101
548	29	2414	1871.0101	1920.0101
548	29	9678	1871.0101	1920.0101
548	29	6504	1871.0101	1920.0101
548	29	14758	1871.0101	1920.0101
548	29	15091	1871.0101	1920.0101
548	29	22163	1871.0101	1920.0101
548	29	3356	1871.0101	1920.0101
548	29	6362	1871.0101	1920.0101
548	29	32199	1871.0101	1920.0101
548	29	10383	1871.0101	1920.0101
548	29	1502	1871.0101	1920.0101
548	29	19215	1871.0101	1920.0101
548	29	19858	1871.0101	1920.0101
548	29	19563	1871.0101	1920.0101
548	29	13194	1871.0101	1920.0101
548	29	19728	1871.0101	1920.0101
548	29	18926	1871.0101	1920.0101
548	29	32868	1871.0101	1920.0101
548	29	20276	1871.0101	1920.0101
548	29	15412	1871.0101	1920.0101
548	29	3949	1871.0101	1920.0101
11219	44	548	1871.0101	1920.0101
548	29	17777	1871.0101	1920.0101
548	29	16368	1871.0101	1920.0101
548	29	15371	1871.0101	1920.0101
548	29	547	1871.0101	1920.0101
548	29	10940	1871.0101	1920.0101
548	29	5168	1871.0101	1920.0101
548	29	16851	1871.0101	1920.0101
548	29	20136	1871.0101	1920.0101
548	29	11180	1871.0101	1920.0101
548	29	5462	1871.0101	1920.0101
548	29	25038	1871.0101	1920.0101
548	29	23686	1871.0101	1920.0101
548	29	7752	1871.0101	1920.0101
18711	44	548	1871.0101	1920.0101
548	29	27706	1871.0101	1920.0101
548	29	361	1871.0101	1920.0101
548	29	4042	1871.0101	1920.0101
548	29	18711	1871.0101	1920.0101
548	29	25253	1871.0101	1920.0101
548	29	3950	1871.0101	1920.0101
548	29	34404	1871.0101	1920.0101
548	29	5235	1871.0101	1920.0101
548	29	5576	1871.0101	1920.0101
18642	44	1205	1871.0101	1920.0101
548	29	4047	1871.0101	1920.0101
548	29	23836	1871.0101	1920.0101
548	29	7587	1871.0101	1920.0101
548	29	13513	1871.0101	1920.0101
548	29	25885	1871.0101	1920.0101
548	29	13248	1871.0101	1920.0101
548	29	4794	1871.0101	1920.0101
548	29	13357	1871.0101	1920.0101
548	29	11945	1871.0101	1920.0101
548	29	3642	1871.0101	1920.0101
548	29	26051	1871.0101	1920.0101
26879	44	1205	1871.0101	1920.0101
548	29	21299	1871.0101	1920.0101
15412	44	548	1871.0101	1920.0101
548	29	26709	1871.0101	1920.0101
548	29	25238	1871.0101	1920.0101
548	29	26775	1871.0101	1920.0101
548	29	12477	1871.0101	1920.0101
548	29	3539	1871.0101	1920.0101
548	29	25499	1871.0101	1920.0101
548	29	11181	1871.0101	1920.0101
548	29	8262	1871.0101	1920.0101
548	29	1534	1871.0101	1920.0101
548	29	21463	1871.0101	1920.0101
9678	44	548	1871.0101	1920.0101
548	29	28330	1871.0101	1920.0101
548	29	11753	1871.0101	1920.0101
548	29	21370	1871.0101	1920.0101
548	29	14666	1871.0101	1920.0101
548	29	10443	1871.0101	1920.0101
548	29	35338	1871.0101	1920.0101
548	29	24697	1871.0101	1920.0101
548	29	7973	1871.0101	1920.0101
548	29	30009	1871.0101	1920.0101
548	29	25811	1871.0101	1920.0101
548	29	20352	1871.0101	1920.0101
548	29	10753	1871.0101	1920.0101
548	29	13827	1871.0101	1920.0101
548	29	15051	1871.0101	1920.0101
548	29	18631	1871.0101	1920.0101
548	29	12382	1871.0101	1920.0101
548	29	35532	1871.0101	1920.0101
548	29	12524	1871.0101	1920.0101
25357	44	548	1871.0101	1920.0101
548	29	15696	1871.0101	1920.0101
548	29	5851	1871.0101	1920.0101
9465	44	1205	1871.0101	1920.0101
548	29	11681	1871.0101	1920.0101
20188	44	1205	1871.0101	1920.0101
548	29	12814	1871.0101	1920.0101
548	29	19303	1871.0101	1920.0101
548	29	11680	1871.0101	1920.0101
548	29	2322	1871.0101	1920.0101
548	29	18007	1871.0101	1920.0101
548	29	17775	1871.0101	1920.0101
548	29	9182	1871.0101	1920.0101
548	29	3333	1871.0101	1920.0101
548	29	22515	1871.0101	1920.0101
548	29	9388	1871.0101	1920.0101
548	29	25791	1871.0101	1920.0101
548	29	2597	1871.0101	1920.0101
548	29	23763	1871.0101	1920.0101
548	29	9202	1871.0101	1920.0101
548	29	31244	1871.0101	1920.0101
548	29	777	1871.0101	1920.0101
3436	44	1205	1871.0101	1920.0101
548	29	9755	1871.0101	1920.0101
548	29	5132	1871.0101	1920.0101
548	29	9183	1871.0101	1920.0101
21076	44	548	1871.0101	1920.0101
548	29	16786	1871.0101	1920.0101
548	29	5054	1871.0101	1920.0101
548	29	9982	1871.0101	1920.0101
548	29	10639	1871.0101	1920.0101
548	29	20097	1871.0101	1920.0101
27405	44	548	1871.0101	1920.0101
23591	44	548	1871.0101	1920.0101
548	29	3908	1871.0101	1920.0101
548	29	32891	1871.0101	1920.0101
548	29	20514	1871.0101	1920.0101
548	29	5578	1871.0101	1920.0101
548	29	22383	1871.0101	1920.0101
548	29	27874	1871.0101	1920.0101
548	29	14453	1871.0101	1920.0101
548	29	1054	1871.0101	1920.0101
548	29	27166	1871.0101	1920.0101
548	29	10500	1871.0101	1920.0101
548	29	9475	1871.0101	1920.0101
548	29	9363	1871.0101	1920.0101
548	29	11737	1871.0101	1920.0101
548	29	267	1871.0101	1920.0101
548	29	10638	1871.0101	1920.0101
548	29	3585	1871.0101	1920.0101
548	29	23916	1871.0101	1920.0101
286	44	548	1871.0101	1920.0101
7334	44	548	1871.0101	1920.0101
18926	44	548	1871.0101	1920.0101
361	44	548	1871.0101	1920.0101
12851	44	548	1871.0101	1920.0101
15219	44	3063	1871.0101	1920.0101
26775	44	548	1871.0101	1920.0101
12743	44	548	1871.0101	1920.0101
22558	44	1205	1871.0101	1920.0101
23058	44	548	1871.0101	1920.0101
7494	44	548	1871.0101	1920.0101
21689	44	548	1871.0101	1920.0101
13678	44	1205	1871.0101	1920.0101
11142	44	1205	1871.0101	1920.0101
26051	44	548	1871.0101	1920.0101
2322	44	548	1871.0101	1920.0101
7070	44	1205	1871.0101	1920.0101
25885	44	548	1871.0101	1920.0101
15665	44	1205	1871.0101	1920.0101
18163	44	1205	1871.0101	1920.0101
3356	44	548	1871.0101	1920.0101
33424	44	1205	1871.0101	1920.0101
25038	44	548	1871.0101	1920.0101
9388	44	548	1871.0101	1920.0101
13545	44	548	1871.0101	1920.0101
18916	44	1205	1871.0101	1920.0101
21383	44	1205	1871.0101	1920.0101
18631	44	548	1871.0101	1920.0101
17249	44	548	1871.0101	1920.0101
27166	44	548	1871.0101	1920.0101
30009	44	548	1871.0101	1920.0101
19277	44	1205	1871.0101	1920.0101
5851	44	548	1871.0101	1920.0101
4226	44	1205	1871.0101	1920.0101
23763	44	548	1871.0101	1920.0101
31244	44	548	1871.0101	1920.0101
14946	44	1205	1871.0101	1920.0101
15371	44	548	1871.0101	1920.0101
10694	44	1205	1871.0101	1920.0101
8197	44	548	1871.0101	1920.0101
13375	44	1205	1871.0101	1920.0101
40639	44	1205	1871.0101	1920.0101
2229	44	548	1871.0101	1920.0101
19858	44	548	1871.0101	1920.0101
13362	44	548	1871.0101	1920.0101
21629	44	548	1871.0101	1920.0101
9363	44	548	1871.0101	1920.0101
18433	44	548	1871.0101	1920.0101
34404	44	548	1871.0101	1920.0101
1534	44	548	1871.0101	1920.0101
6471	44	1205	1871.0101	1920.0101
11899	44	1205	1871.0101	1920.0101
15713	44	548	1871.0101	1920.0101
11945	44	548	1871.0101	1920.0101
35532	44	548	1871.0101	1920.0101
5544	44	548	1871.0101	1920.0101
3504	44	548	1871.0101	1920.0101
1882	44	1205	1871.0101	1920.0101
1346	44	1205	1871.0101	1920.0101
5570	44	1205	1871.0101	1920.0101
12477	44	548	1871.0101	1920.0101
17775	44	548	1871.0101	1920.0101
28330	44	548	1871.0101	1920.0101
6156	44	1205	1871.0101	1920.0101
19563	44	548	1871.0101	1920.0101
519	44	1205	1871.0101	1920.0101
4794	44	548	1871.0101	1920.0101
17174	44	1205	1871.0101	1920.0101
16851	44	548	1871.0101	1920.0101
14295	44	1205	1871.0101	1920.0101
25253	44	548	1871.0101	1920.0101
25217	44	1205	1871.0101	1920.0101
1863	44	1205	1871.0101	1920.0101
2095	44	1205	1871.0101	1920.0101
29498	44	548	1871.0101	1920.0101
8549	44	548	1871.0101	1920.0101
35705	44	3063	1871.0101	1920.0101
27874	44	548	1871.0101	1920.0101
33946	44	1205	1871.0101	1920.0101
17967	1	1472	1871.0101	1945.0508
15659	44	8151	1871.0101	1973.0101
35724	44	10954	1871.0101	1978.0101
26404	1	4517	1871.0117	1871.0117
22670	1	1523	1871.0117	1871.0117
8468	1	20130	1871.0117	1871.0117
18003	1	15799	1871.0117	1871.0117
8582	1	3776	1871.0117	1918.1109
109	1	3776	1871.0118	1918.0
6791	1	3776	1871.0118	1918.0
15799	1	3776	1871.0118	1918.11
4517	1	3776	1871.0118	1918.11
12452	1	3776	1871.0118	1918.1108
949	1	3776	1871.0118	1918.1108
8716	1	3776	1871.0118	1918.1109
20130	44	3776	1871.0118	1918.1109
2360	1	3776	1871.0118	1918.1109
7884	1	3776	1871.0118	1918.1109
14916	1	3776	1871.0118	1918.1109
12576	1	3776	1871.0118	1918.1109
20130	1	3776	1871.0118	1918.1109
14047	44	3776	1871.0118	1918.1109
4325	1	3776	1871.0118	1918.1109
13299	1	3776	1871.0118	1918.1109
24765	1	3776	1871.0118	1918.1109
3081	1	3776	1871.0118	1918.111
22736	1	3776	1871.0118	1918.111
6063	1	3776	1871.0118	1918.1111
1543	1	3776	1871.0118	1918.1111
6778	1	3776	1871.0118	1918.1128
5614	1	3776	1871.0118	1919.1108
1850	1	3776	1871.0118	1919.1108
16668	1	3776	1871.0118	1919.1108
18507	1	3776	1871.0118	1919.1108
9120	1	3776	1871.0118	1919.1108
24792	1	3776	1871.0118	1919.1108
5016	1	3776	1871.0118	1919.1108
11771	1	3776	1871.0118	1919.1108
10146	1	3776	1871.0118	1919.1108
1360	1	3776	1871.0118	1919.1108
626	1	3776	1871.0118	1919.1108
5179	1	3776	1871.0118	1919.1108
19289	1	3776	1871.0118	1919.1108
4251	1	3776	1871.0118	1919.1108
20972	1	3776	1871.0118	1919.1108
3526	1	3776	1871.0118	1919.1108
12622	1	3776	1871.0118	1919.1108
26404	1	3776	1871.0118	1919.1108
3022	1	3776	1871.0118	1919.1108
6408	1	3776	1871.0118	1919.1108
2966	1	3776	1871.0118	1919.1108
8761	1	3776	1871.0118	1919.1108
13348	1	3776	1871.0118	1919.1108
8468	1	3776	1871.0118	1919.1108
1978	1	3776	1871.0118	1919.1108
21167	1	3776	1871.0118	1919.1108
6038	1	3776	1871.0118	1919.1108
8210	1	3776	1871.0118	1919.1108
1703	1	3776	1871.0118	1919.1108
20213	1	3776	1871.0118	1919.1108
10221	1	3776	1871.0118	1919.1108
14328	1	3776	1871.0118	1919.1109
7828	1	3776	1871.0118	1919.1109
8411	1	3776	1871.0118	1919.1109
9059	1	3776	1871.0118	1919.1109
15798	1	3776	1871.0118	1919.1109
18003	1	1472	1871.0118	1945.0508
987	1	1472	1871.0118	1949.0523
1300	66	2553	1871.0126	1946.0602
2553	27	1300	1871.0126	1946.0602
17832	41	296	1871.0203	1871.0218
26306	41	296	1871.0208	1871.0219
14576	41	296	1871.0208	1871.0301
2013	41	296	1871.0208	1872.1129
9093	41	296	1871.0208	1874.0404
34369	41	296	1871.0208	1875.121
29191	41	296	1871.0208	1876.0307
20311	41	296	1871.0208	1876.0307
12793	41	296	1871.0208	1876.0307
1957	41	19898	1871.0321	1890.032
27778	38	779	1871.0406	1871.0406
971	1	3776	1871.0518	1920.011
22377	44	264	1871.0601	1871.0601
31232	15	7682	1871.0616	1871.0616
7388	33	11224	1871.07	1905.0324
26306	41	296	1871.0702	1871.0826
34913	19	34912	1871.0718	1871.0718
3042	220	3741	1871.083	1871.083
2383	29	1840	1871.0907	1871.0907
8151	29	11064	1871.0907	1871.0907
11064	44	8151	1871.0907	1871.0907
18846	44	8151	1871.0907	1871.0907
8151	29	4950	1871.0907	1871.0907
1840	44	2383	1871.0907	1871.0907
8151	29	1840	1871.0907	1871.0907
4950	44	8151	1871.0907	1871.0907
35547	44	8151	1871.0907	1871.0907
1840	44	8151	1871.0907	1871.0907
8151	29	22942	1871.0907	1871.0907
8151	29	35547	1871.0907	1871.0907
8151	29	18846	1871.0907	1871.0907
38086	15	26834	1871.1102	1871.1102
14853	33	2131	1871.12	1871.12
20311	25	652	1871.123	1871.123
31	25	652	1871.123	1871.123
6318	3	2613	1872.0	1872.0
32784	41	3698	1872.0	1872.0
28201	25	1970	1872.0	1872.0
22289	15	3616	1872.0	1872.0
31132	3	13474	1872.0	1872.0
23855	71	13744	1872.0	1872.0
3837	3	1985	1872.0	1874.0
12892	4	12893	1872.0	1875.0
15501	3	12129	1872.0	1875.1026
22637	3	21335	1872.0	1876.0
34284	3	25037	1872.0	1878.0
6308	76	5474	1872.0	1881.0
21506	14	13372	1872.0	1882.0
13976	33	624	1872.0	1916.0
6308	78	5474	1872.0	1919.0
5724	21	13	1872.0	1956.0517
5489	22	613	1872.0101	1872.0101
8687	3	3733	1872.0101	1872.0101
613	22	5489	1872.0101	1872.0101
8853	71	5421	1872.0101	1872.0101
12162	52	16293	1872.0101	1874.0216
36086	52	16293	1872.0101	1877.0129
5343	14	1687	1872.0101	1880.0101
1687	154	5343	1872.0101	1880.0101
17913	14	4522	1872.0101	1903.0101
8867	14	4522	1872.0101	1908.0101
29826	105	11232	1872.0101	1991.0101
42321	4	17417	1872.0205	1872.0205
20041	40	11649	1872.0401	1872.0401
16439	41	15198	1872.0625	1878.1125
30718	21	133	1872.0829	1917.0901
10131	3	7986	1872.0915	1872.0915
7364	41	31212	1872.0918	1905.0607
637	62	7364	1872.0918	1907.1208
12091	33	13467	1872.1001	1873.0301
40463	41	9209	1872.1011	1873.0303
42547	40	5504	1872.1225	1872.1225
11949	3	5675	1873.0	1873.0
22233	3	1232	1873.0	1873.0
10108	3	4831	1873.0	1873.0
4698	15	36130	1873.0	1873.0
4698	15	5225	1873.0	1873.0
13926	38	4222	1873.0	1873.0
25200	40	12801	1873.0	1873.0
14123	78	1351	1873.0	1873.0
28540	25	325	1873.0	1873.0
7947	25	25988	1873.0	1873.0
20582	15	10841	1873.0	1873.0
38617	46	8801	1873.0	1873.0
10398	27	1351	1873.0	1873.0
19753	14	8187	1873.0	1885.0
9240	41	4020	1873.0	1894.0
31968	25	23593	1873.0	1894.0
18887	25	325	1873.0101	1873.0101
20041	155	34672	1873.0101	1873.0101
1974	4	1766	1873.0101	1873.0101
13809	15	6846	1873.0101	1873.0101
23189	15	19207	1873.0101	1873.0101
7327	52	16293	1873.0101	1875.0101
16248	38	4930	1873.0101	1875.0101
25463	3	5983	1873.0101	1884.0101
8029	25	325	1873.021	1873.021
37341	12	1345	1873.0211	1874.1229
35582	4	7554	1873.0303	1873.0303
6211	38	368	1873.0329	1873.0329
1135	25	2253	1873.0401	1873.0401
4698	38	5387	1873.0513	1873.0513
4592	80	3813	1873.0524	1879.013
3813	41	4592	1873.0524	1879.013
8947	40	5504	1873.0723	1873.0723
871	15	19804	1873.0819	1873.0819
10288	3	657	1873.0902	1873.0902
15436	37	119	1873.11	1875.0
1351	1	1757	1873.1117	1918.1115
39336	41	5046	1873.1218	1873.1218
5724	40	5725	1874.0	1874.0
12163	4	7602	1874.0	1874.0
18469	25	1970	1874.0	1874.0
6403	15	16190	1874.0	1874.0
24799	21	133	1874.0	1874.0
23855	71	5421	1874.0	1874.0
38209	3	19719	1874.0	1874.0
39362	3	28137	1874.0	1874.0
4698	15	34461	1874.0	1874.0
22233	3	1232	1874.0	1874.0
3235	3	5377	1874.0	1874.0
20318	15	16389	1874.0	1874.0
22289	15	24737	1874.0	1874.0
36087	14	1017	1874.0	1875.0
37130	3	24361	1874.0	1876.0
4692	3	40895	1874.0	1876.0
35004	3	23414	1874.0	1877.0
19822	3	25037	1874.0	1878.0
9087	41	455	1874.0	1887.0
895	3	1123	1874.0101	1874.0101
4505	15	6846	1874.0101	1874.0101
7947	15	1435	1874.0101	1874.0101
39933	15	1435	1874.0101	1874.0101
13240	3	8937	1874.0101	1874.0101
17961	37	203	1874.0101	1875.0101
10688	37	488	1874.0101	1880.0101
41795	4	19919	1874.0101	1884.0101
20032	14	4522	1874.0101	1892.0101
1679	14	4522	1874.0101	1892.0101
8493	37	119	1874.0101	1901.0101
14698	37	383	1874.0101	1910.1207
8782	25	2087	1874.0102	1874.0102
17877	19	5939	1874.0123	1874.0123
5939	19	17877	1874.0123	1874.0123
41861	48	12226	1874.021	1874.021
12162	52	8632	1874.0216	1898.1222
38254	4	7554	1874.0223	1874.0223
42451	4	7554	1874.0223	1876.0306
9942	48	3043	1874.0228	1876.05
9093	40	5504	1874.0408	1874.0408
8029	25	25988	1874.0526	1874.0526
3184	65	16966	1874.0626	1874.0626
8657	21	113	1874.0812	1874.0812
3720	19	24799	1874.0828	1874.0828
24799	19	3720	1874.0828	1874.0828
20032	25	2253	1874.1201	1874.1201
11125	78	15669	1875.0	1875.0
21402	56	1749	1875.0	1875.0
36063	3	21188	1875.0	1875.0
15724	14	26803	1875.0	1875.0
24384	14	14683	1875.0	1875.0
5939	15	8004	1875.0	1875.0
26931	25	1970	1875.0	1875.0
4698	15	10555	1875.0	1875.0
4698	15	14566	1875.0	1875.0
34588	25	40672	1875.0	1875.0
15669	166	11125	1875.0	1875.0
12102	3	24197	1875.0	1875.0
21402	15	1650	1875.0	1875.0
21402	14	8044	1875.0	1875.0
26545	15	38428	1875.0	1875.0
23662	25	142	1875.0	1875.0
28940	25	4659	1875.0	1875.0
4627	41	455	1875.0	1877.0
10372	33	9069	1875.0	1878.0
19770	4	2092	1875.0	1878.0
12892	4	1835	1875.0	1878.0
12892	4	7602	1875.0	1882.0
22136	4	1835	1875.0	1883.0
5466	33	3452	1875.0	1884.0
10356	41	22861	1875.0	1884.111
10356	41	38687	1875.0	1884.111
26545	14	11768	1875.0	1886.0
37248	14	16948	1875.0	1918.0
15119	48	6737	1875.0	1983.0
32577	25	1970	1875.0101	1875.0101
7685	15	27611	1875.0101	1875.0101
17961	37	2076	1875.0101	1875.0101
27772	33	119	1875.0101	1875.0101
26932	15	6846	1875.0101	1875.0101
1974	4	10802	1875.0101	1876.0101
27545	14	4522	1875.0101	1876.0101
35248	3	7800	1875.0101	1876.0101
16248	38	368	1875.0101	1876.0813
31688	33	2147	1875.0101	1878.0101
12869	37	203	1875.0101	1878.0101
10372	3	19039	1875.0101	1878.1201
7327	52	8632	1875.0101	1893.0109
18095	14	4522	1875.0101	1911.0101
28124	37	203	1875.0101	1925.0101
22231	37	1300	1875.0101	1929.0101
26129	37	2382	1875.0101	1931.0101
14795	41	2604	1875.0111	1877.1111
14620	4	7554	1875.0215	1881.0319
15436	37	203	1875.04	1876.0
19580	41	17943	1875.05	1875.05
24775	40	5504	1875.0512	1875.0512
305	29	23085	1875.0531	1968.0101
22136	25	42187	1875.0609	1875.0609
796	70	35513	1875.0611	1894.0807
20311	25	32966	1875.0708	1875.0708
5805	18	3459	1875.0725	1908.0128
28366	33	11056	1875.0726	1883.0
10108	25	40339	1875.1117	1875.1117
38052	48	378	1875.12	1875.12
10652	48	378	1875.12	1875.12
29806	25	652	1875.1216	1875.1216
10652	48	40967	1875.1225	1875.1225
38052	48	40967	1875.1225	1875.1225
6942	25	325	1876.0	1876.0
22136	71	5421	1876.0	1876.0
761	30	6092	1876.0	1876.0
19228	25	21572	1876.0	1876.0
26021	14	21335	1876.0	1876.0
19206	25	2087	1876.0	1876.0
14217	15	4158	1876.0	1876.0
3149	71	12751	1876.0	1876.0
14433	30	8029	1876.0	1876.0
12967	33	19211	1876.0	1876.0
39362	3	1017	1876.0	1876.0
1455	109	2389	1876.0	1878.0
9517	3	12741	1876.0	1879.0
20407	3	13474	1876.0	1880.0
31132	25	11028	1876.0	1880.0
4692	3	2997	1876.0	1881.0
27801	41	1396	1876.0	1884.0
36087	14	12741	1876.0	1889.0
13098	41	296	1876.0	1893.0
19117	14	825	1876.0	1895.0
27680	134	14521	1876.0	1912.0
8029	15	14433	1876.0101	1876.0101
35129	15	22651	1876.0101	1876.0101
6092	15	761	1876.0101	1876.0101
17045	4	1766	1876.0101	1876.0101
17045	4	1510	1876.0101	1876.0101
40390	3	904	1876.0101	1876.0101
6539	25	1970	1876.0101	1876.0101
12568	52	13034	1876.0101	1878.0101
895	14	722	1876.0101	1879.0101
39148	37	13100	1876.0101	1880.0101
10106	37	1631	1876.0101	1883.0101
11314	37	5456	1876.0101	1884.0101
19928	14	4522	1876.0101	1897.0101
28506	37	3417	1876.0101	1901.0101
16747	37	1	1876.0101	1933.0101
32171	25	142	1876.0106	1876.0106
13926	15	1650	1876.0106	1876.0106
32171	15	1650	1876.0106	1876.0106
8561	48	3912	1876.0219	1876.0219
25460	4	7554	1876.0306	1876.0306
15436	37	11990	1876.04	1876.0
38571	25	2253	1876.0404	1876.0404
5489	70	13719	1876.0404	1876.0426
25450	40	5680	1876.0414	1876.0414
22615	116	3029	1876.0514	1876.0514
9942	48	378	1876.0518	1876.0518
4461	25	652	1876.0608	1876.0608
3842	48	16107	1876.0609	1876.0609
20378	48	16107	1876.0609	1876.0609
5489	70	505	1876.0724	1878.1124
13	29	914	1876.0801	1876.0801
16248	38	779	1876.0813	1876.0813
16966	34	10097	1876.1007	1876.1007
5209	3	657	1877.0	1877.0
7734	25	4348	1877.0	1877.0
4283	3	12741	1877.0	1877.0
4627	15	6846	1877.0	1877.0
21520	78	119	1877.0	1877.0
12576	12	12905	1877.0	1877.0
12892	4	1699	1877.0	1877.0
19509	25	142	1877.0	1877.0
21402	15	3129	1877.0	1877.0
21402	15	25570	1877.0	1877.0
20796	3	2613	1877.0	1877.0
4627	41	455	1877.0	1877.0
5599	15	10555	1877.0	1877.0
10106	3	13235	1877.0	1880.0
35004	3	8044	1877.0	1880.0
30734	3	29350	1877.0	1881.0
29216	3	16383	1877.0	1881.0
24718	4	1699	1877.0	1883.0
15436	37	13100	1877.01	1877.04
21402	15	19207	1877.0101	1877.0101
30053	15	16389	1877.0101	1877.0101
25640	15	28438	1877.0101	1877.0101
4336	15	27611	1877.0101	1877.0101
6771	37	3417	1877.0101	1877.0101
34891	41	947	1877.0101	1877.0101
23422	4	1766	1877.0101	1877.0101
12802	15	1435	1877.0101	1877.0101
29492	14	4522	1877.0101	1904.0101
21587	19	29256	1877.0101	1922.0101
29256	19	21587	1877.0101	1922.0101
29256	40	11649	1877.0101	1922.0101
36086	52	13034	1877.0129	1878.0606
19232	4	17417	1877.0219	1877.0305
22663	41	5154	1877.0304	1881.0304
25450	40	5680	1877.0419	1877.0419
15436	37	3417	1877.0509	1878.0
5489	40	16047	1877.051	1877.051
5489	12	1345	1877.051	1877.051
35169	15	1650	1877.0706	1877.0706
21023	41	27147	1877.0921	1878.022
6211	38	1467	1877.1001	1877.1001
871	15	872	1877.1115	1877.1115
871	15	6291	1877.1203	1877.1203
12967	33	262	1878.0	1878.0
15144	38	973	1878.0	1878.0
35513	15	8004	1878.0	1878.0
25931	15	6291	1878.0	1878.0
25931	15	34461	1878.0	1878.0
25808	15	5058	1878.0	1878.0
8220	71	12751	1878.0	1878.0
21402	15	14495	1878.0	1878.0
32470	25	8987	1878.0	1878.0
8220	3	1687	1878.0	1878.0
39933	25	325	1878.0	1878.0
23662	25	25988	1878.0	1878.0
28940	14	2735	1878.0	1878.0
24718	4	2092	1878.0	1881.0
19770	4	107	1878.0	1882.0
17098	41	5555	1878.0	1885.0
1455	109	10502	1878.0	1908.0
3022	44	22573	1878.0	1920.011
16233	44	30958	1878.0	1945.0
12568	40	5680	1878.0101	1878.0101
19770	4	1766	1878.0101	1878.0101
35248	33	147	1878.0101	1879.0101
12869	37	1300	1878.0101	1884.0101
31688	33	515	1878.0101	1886.0101
42418	14	4522	1878.0101	1894.0101
2553	62	19500	1878.0109	1900.0729
3103	70	14702	1878.0115	1881.0118
12965	19	20807	1878.0123	1878.0123
12017	1	1760	1878.0219	1878.0219
21023	41	1160	1878.022	1903.072
871	15	18988	1878.0226	1878.0226
2205	1	1455	1878.0302	1878.0302
2205	1	1760	1878.0303	1878.0303
871	15	31126	1878.0326	1878.0326
4698	15	18988	1878.04	1878.04
26900	38	368	1878.0428	1878.0428
36086	40	5680	1878.0606	1878.0606
36086	52	8632	1878.0606	1898.1231
17098	25	652	1878.0613	1878.0613
36285	25	652	1878.0613	1878.0613
15018	1	5489	1878.0701	1878.0701
19990	1	133	1878.0701	1917.0301
22301	1	133	1878.0701	1917.0302
30753	1	27242	1878.0701	1918.1201
1966	1	1455	1878.0712	1878.0712
19989	1	5489	1878.0713	1878.0713
19989	1	1455	1878.0713	1878.0713
1966	1	1757	1878.0713	1918.1028
29414	3	657	1878.0913	1878.0913
9482	19	9870	1878.1008	1878.1008
9870	19	9482	1878.1008	1878.1008
39548	41	1954	1878.1011	1878.1011
25778	25	652	1878.1114	1878.1114
20666	41	15198	1878.1125	1883.1023
19580	41	36844	1878.1218	1878.1218
12793	25	652	1878.1226	1878.1226
2658	3	2659	1879.0	1879.0
18891	3	9738	1879.0	1879.0
8072	71	12751	1879.0	1879.0
36703	71	12751	1879.0	1879.0
11432	56	9479	1879.0	1879.0
36025	3	2089	1879.0	1879.0
15724	14	12956	1879.0	1879.0
39890	3	9097	1879.0	1879.0
9479	103	11432	1879.0	1879.0
13340	71	5421	1879.0	1879.0
27141	33	29	1879.0	1881.0
22134	14	1232	1879.0	1882.0
7656	3	1107	1879.0	1882.0907
32609	3	1232	1879.0	1883.0
16874	3	14339	1879.0	1883.0
39890	3	427	1879.0	1883.0
8718	46	13024	1879.0	1884.0
33522	4	4037	1879.0	1884.0
17815	41	1092	1879.0	1884.0
19799	4	107	1879.0	1884.0
28703	14	16518	1879.0	1896.0
20303	14	2296	1879.0	1898.0
9611	41	11812	1879.0	1900.0
20339	21	133	1879.0	1917.0
12303	17	10087	1879.0	1921.0
12802	15	9753	1879.0101	1879.0101
22434	37	997	1879.0101	1879.0101
2252	15	22760	1879.0101	1879.0101
7603	15	16797	1879.0101	1879.0101
8657	15	22651	1879.0101	1879.0101
35422	14	1319	1879.0101	1883.0101
36364	3	34887	1879.0101	1884.0101
27565	37	203	1879.0101	1930.0101
23063	40	5504	1879.0209	1879.0209
37756	40	5504	1879.0213	1879.0213
37756	48	16702	1879.0213	1880.0401
19580	41	1954	1879.0228	1897.0419
19580	40	774	1879.0302	1879.0302
19580	18	5046	1879.0302	1879.0302
4698	15	6291	1879.031	1879.031
41736	4	7554	1879.031	1879.031
8000	21	3776	1879.0314	1896.0128
14794	41	5452	1879.0327	1880.0909
6672	1	1472	1879.0421	1945.0508
4995	52	31	1879.0428	1879.0428
28033	52	31	1879.0428	1879.0428
28033	40	5680	1879.0428	1879.0428
4995	40	5680	1879.0428	1879.0428
871	15	5777	1879.082	1879.082
12965	19	5482	1879.1129	1879.1129
6201	38	973	1880.0	1880.0
10372	33	1288	1880.0	1880.0
12017	44	3477	1880.0	1880.0
14433	30	12561	1880.0	1880.0
25931	15	4049	1880.0	1880.0
37334	19	34167	1880.0	1880.0
20824	15	6846	1880.0	1880.0
34167	19	37334	1880.0	1880.0
17340	1	3085	1880.0	1880.0
34284	33	203	1880.0	1880.0
22233	3	1232	1880.0	1880.0
34284	3	1947	1880.0	1880.0
15144	38	4222	1880.0	1880.0
669	71	5421	1880.0	1880.0
36703	33	119	1880.0	1880.0
2102	37	9243	1880.0	1880.0
26325	3	1107	1880.0	1881.0
31407	3	904	1880.0	1882.0
10372	33	1351	1880.0	1882.0
17098	41	947	1880.0	1883.0
19799	4	2092	1880.0	1883.0
8059	3	688	1880.0	1884.0
11905	3	5052	1880.0	1884.0
23422	4	4037	1880.0	1884.0
35090	3	7800	1880.0	1886.0
436	33	29601	1880.0	1926.0
25496	25	20630	1880.0	1938.0
31634	15	24025	1880.0101	1880.0101
12561	15	14433	1880.0101	1880.0101
17086	15	16797	1880.0101	1880.0101
31634	15	16389	1880.0101	1880.0101
17961	37	1300	1880.0101	1883.0101
1107	154	28940	1880.0101	1883.0101
28940	41	1092	1880.0101	1883.0101
41353	37	24095	1880.0101	1885.0101
9969	52	9414	1880.0101	1892.0101
41353	37	13100	1880.0101	1897.0101
41353	37	488	1880.0101	1905.0101
35248	40	11649	1880.0101	1919.0601
2252	25	2253	1880.0203	1880.0203
17532	4	17417	1880.0214	1885.0307
14795	41	2604	1880.041	1883.0601
37756	48	378	1880.0416	1880.0416
2469	41	6775	1880.0423	1885.0609
2469	41	7354	1880.0428	1882.1216
19578	48	3912	1880.0519	1880.0519
14297	52	113	1880.0526	1880.0526
12975	41	296	1880.0606	1881.1027
8220	40	1585	1880.07	1880.07
871	15	12829	1880.0828	1880.0828
15436	37	533	1880.1	1881.04
36841	48	3912	1880.1013	1880.1013
19068	40	5504	1880.1123	1880.1123
26306	15	5438	1880.123	1880.123
10703	4	6831	1881.0	1802.0
10703	4	2092	1881.0	1802.0
15782	15	15783	1881.0	1881.0
37264	103	8867	1881.0	1881.0
33415	3	21188	1881.0	1881.0
28797	21	151	1881.0	1881.0
27141	33	821	1881.0	1881.0
30990	71	5421	1881.0	1881.0
31934	3	13474	1881.0	1881.0
2658	15	14495	1881.0	1881.0
16826	21	13	1881.0	1881.0
8867	56	37264	1881.0	1881.0
23456	4	12893	1881.0	1881.0
13340	41	13341	1881.0	1882.0
4627	41	455	1881.0	1882.0
671	3	1107	1881.0	1884.0
19799	4	7602	1881.0	1884.0
29216	3	4708	1881.0	1884.0
29974	3	13474	1881.0	1885.0
9617	3	13474	1881.0	1885.0
42313	41	999	1881.0	1885.0
5343	41	455	1881.0	1886.0
17535	4	4037	1881.0	1892.0
3877	41	4020	1881.0	1898.0
35660	25	1970	1881.0	1909.0713
30597	4	25194	1881.0	1911.0
383	44	1523	1881.0	1918.0
1968	19	20780	1881.0	1921.0
34037	41	2157	1881.0	1925.0
6308	76	7527	1881.0	1945.0
1758	12	1345	1881.0	1947.0
10370	76	25628	1881.0	1966.0
7985	38	25938	1881.0101	1881.0101
30007	15	19207	1881.0101	1881.0101
3184	34	26765	1881.0101	1881.0101
26765	34	3184	1881.0101	1881.0101
16162	52	113	1881.0101	1881.0101
16162	40	5680	1881.0101	1881.0101
18641	15	16797	1881.0101	1881.0101
20780	19	1968	1881.0101	1921.0101
28915	44	1445	1881.0103	2015.0101
1445	29	28915	1881.0103	2015.0101
16970	4	1550	1881.0219	1881.0219
11279	40	5504	1881.0219	1881.0219
5785	12	129	1881.0401	1881.0401
5489	62	38596	1881.051	1914.101
17135	48	3912	1881.0516	1881.0516
4283	71	5421	1881.06	1881.06
31954	40	11649	1881.0616	1881.0616
9240	15	8243	1881.0804	1881.0804
12975	41	296	1881.0821	1885.1109
24432	41	3626	1881.0821	1889.1111
10581	3	136	1881.0831	1885.1007
15436	37	4405	1881.12	1883.09
9569	25	652	1881.1208	1881.1208
6403	38	4222	1881.1215	1881.1215
14433	30	13926	1882.0	1882.0
7034	71	25770	1882.0	1882.0
15640	3	688	1882.0	1882.0
33115	3	4293	1882.0	1882.0
13039	25	142	1882.0	1882.0
23456	4	1835	1882.0	1882.0
6201	38	4222	1882.0	1882.0
20108	4	19712	1882.0	1882.0
19117	15	3129	1882.0	1882.0
20796	3	20447	1882.0	1882.0
26075	38	5387	1882.0	1882.0
30754	4	6831	1882.0	1883.0
24731	4	6831	1882.0	1883.0
19799	4	4037	1882.0	1883.0
24718	4	4037	1882.0	1883.0
10372	33	203	1882.0	1884.0
18891	14	550	1882.0	1884.0
12892	4	107	1882.0	1885.0
30597	4	2092	1882.0	1885.0
33956	14	904	1882.0	1885.0
19261	3	8383	1882.0	1886.0
669	46	8178	1882.0	1886.0
40524	3	4826	1882.0	1887.0
10540	18	482	1882.0	1904.0
19752	1	27242	1882.0	1918.1201
19752	44	27242	1882.0	1918.1201
1322	21	13	1882.0	1922.0
17858	25	1970	1882.0101	1882.0101
13926	15	14433	1882.0101	1882.0101
613	22	11025	1882.0101	1882.0101
35129	15	486	1882.0101	1882.0101
11025	22	613	1882.0101	1882.0101
17535	4	10802	1882.0101	1883.0101
19822	37	203	1882.0101	1890.0101
7929	14	4522	1882.0101	1905.0101
21107	14	4522	1882.0101	1910.0101
23760	37	203	1882.0101	1931.0101
5629	52	23577	1882.0101	1954.0101
16162	133	27529	1882.0101	2011.0919
439	21	151	1882.0125	1927.0412
21520	78	119	1882.02	1917.0
895	14	9693	1882.0301	1897.0101
6028	1	27242	1882.0306	1918.113
17098	41	455	1882.0518	1883.0
21639	44	133	1882.0519	1917.0831
14531	44	133	1882.0519	1917.0831
1953	25	652	1882.0608	1882.0608
6403	38	41889	1882.0818	1882.0818
36057	18	42148	1882.09	1882.09
12462	19	40341	1882.1125	1925.0508
40341	19	12462	1882.1125	1925.0508
3837	3	2062	1883.0	1883.0
9120	12	129	1883.0	1883.0
8226	15	10841	1883.0	1883.0
10687	30	41079	1883.0	1883.0
3718	3	30899	1883.0	1883.0
21402	25	3689	1883.0	1883.0
13309	21	715	1883.0	1883.0
141	15	792	1883.0	1883.0
4627	41	455	1883.0	1883.0
41079	15	10687	1883.0	1883.0
20108	4	2092	1883.0	1884.0
36185	14	136	1883.0	1884.0
26082	14	26083	1883.0	1885.0
16874	3	12052	1883.0	1885.0
15640	14	688	1883.0	1886.0
37556	3	14123	1883.0	1887.0
27946	41	15198	1883.0	1888.0
31596	25	26992	1883.0	1893.0
7030	25	26992	1883.0	1893.0
24384	14	14339	1883.0	1893.0
30975	4	25194	1883.0	1897.0
2785	44	673	1883.0	1957.0
17535	4	1766	1883.0101	1883.0101
28023	37	137	1883.0101	1883.0101
38020	37	949	1883.0101	1883.0101
32658	15	14405	1883.0101	1883.0101
22434	37	4405	1883.0101	1883.0101
17535	4	35971	1883.0101	1883.0101
4336	14	4522	1883.0101	1886.0101
9463	4	35971	1883.0101	1886.0101
9463	4	1766	1883.0101	1887.0101
17690	4	2000	1883.0101	1888.0101
1687	154	9593	1883.0101	1895.0101
9593	14	1687	1883.0101	1895.0101
36723	37	673	1883.0101	1907.0101
9004	44	592	1883.0101	1968.0101
592	29	9004	1883.0101	1968.0101
26075	41	5452	1883.012	1889.0323
377	40	5504	1883.0125	1883.0125
39148	48	3912	1883.0129	1883.0129
28440	41	11812	1883.0204	1886.1102
27771	19	27772	1883.0315	1918.0501
27772	19	27771	1883.0315	1918.0501
27772	40	11649	1883.0315	1918.0501
14313	40	5680	1883.053	1883.053
14313	52	14314	1883.053	1931.0101
9430	38	973	1883.0711	1883.0711
6672	76	6673	1883.0901	1947.0
15436	37	20768	1883.12	1885.11
21670	15	2783	1884.0	1884.0
25996	25	4659	1884.0	1884.0
28905	21	133	1884.0	1884.0
19928	25	508	1884.0	1884.0
10372	33	673	1884.0	1884.0
1834	4	1835	1884.0	1884.0
29033	14	4412	1884.0	1884.0
19827	15	17229	1884.0	1884.0
3936	3	22400	1884.0	1884.0
13288	38	973	1884.0	1884.0
9497	3	657	1884.0	1884.0
30754	4	37316	1884.0	1885.0
20108	4	1835	1884.0	1885.0
9414	33	19572	1884.0	1885.04
30754	4	12893	1884.0	1887.0
20629	3	32605	1884.0	1888.0
11905	14	5052	1884.0	1888.0
6943	14	6944	1884.0	1889.0
35589	3	1947	1884.0	1889.0
26306	25	3414	1884.0	1889.0928
5466	33	2926	1884.0	1891.0
30975	4	4037	1884.0	1896.0
32498	14	427	1884.0	1910.0
30597	4	7602	1884.0	1912.0
6859	46	352	1884.0	1920.0
20345	46	4600	1884.0	1927.0
26240	15	19207	1884.0101	1884.0101
17690	4	5191	1884.0101	1884.0101
33052	15	16389	1884.0101	1884.0101
17961	37	520	1884.0101	1884.0101
18887	25	652	1884.0101	1884.0101
6805	38	973	1884.0101	1884.0101
30640	37	203	1884.0101	1885.0101
41795	4	3405	1884.0101	1885.0101
25463	3	14339	1884.0101	1890.0101
5236	52	436	1884.0101	1926.1205
11314	37	203	1884.0101	1929.0101
5313	4	7554	1884.0105	1887.0205
27540	25	652	1884.0221	1884.0221
29216	3	1232	1884.0523	1888.0
6532	19	28905	1884.0603	1884.0603
28905	19	6532	1884.0603	1884.0603
3877	25	4659	1884.0614	1884.0614
10356	41	5046	1884.111	1893.0612
14297	134	4039	1884.1122	1933.0101
26620	25	652	1884.1204	1884.1204
19426	25	652	1884.1204	1884.1204
4461	145	4522	1885.0	1869.0
3849	44	3850	1885.0	1885.0
20482	18	9094	1885.0	1885.0
28411	15	32864	1885.0	1885.0
24924	3	9586	1885.0	1885.0
19509	56	25717	1885.0	1885.0
25717	103	19509	1885.0	1885.0
14435	4	1835	1885.0	1885.0
6575	3	6576	1885.0	1885.0
579	3	18944	1885.0	1885.0
15640	3	939	1885.0	1886.0
24189	98	7323	1885.0	1886.0
7323	140	24189	1885.0	1886.0
8059	3	12741	1885.0	1887.0
13440	41	1007	1885.0	1888.0
3725	3	5812	1885.0	1889.0
12360	41	296	1885.0	1889.0
34436	4	20802	1885.0	1892.0
27801	41	1396	1885.0	1893.0
39890	14	4244	1885.0	1893.0
16874	14	14339	1885.0	1900.0
16520	14	9075	1885.0	1910.0
26082	14	10483	1885.0	1911.0
25892	1	3776	1885.0	1918.0
26545	14	3011	1885.0	1919.0
16887	14	9906	1885.0	1923.0
12561	15	9753	1885.0101	1885.0101
27565	37	3	1885.0101	1885.0101
41922	134	14684	1885.0101	1885.0101
141	15	29881	1885.0101	1885.0101
20219	15	22760	1885.0101	1885.0101
6771	37	203	1885.0101	1887.0101
9463	4	28524	1885.0101	1888.0101
12869	37	119	1885.0101	1901.0101
25717	14	18944	1885.0101	1902.0101
5605	14	4522	1885.0101	1908.0101
37829	14	4522	1885.0101	1923.0101
20800	14	4522	1885.0101	1925.0101
23851	4	1550	1885.0103	1885.011
39825	19	7600	1885.0107	1903.0103
7600	19	39825	1885.0107	1903.0103
19422	4	26827	1885.0207	1887.0219
4109	29	1729	1885.0401	1885.0401
4109	29	8407	1885.0401	1885.0401
8407	29	20385	1885.0401	1927.0
20385	44	8407	1885.0401	1937.0401
8407	44	4109	1885.0401	1946.0823
592	29	8357	1885.0401	1968.0101
8357	44	592	1885.0401	1968.0101
8407	29	18686	1885.0401	1972.0
8407	29	4895	1885.0401	1973.0
1729	29	1730	1885.0401	1978.0131
35272	66	1729	1885.0401	1978.0131
8407	29	8408	1885.0401	2004.1231
5178	44	8407	1885.0401	2004.1231
4895	44	8407	1885.0401	2004.1231
8407	29	4896	1885.0401	2004.1231
8407	29	5178	1885.0401	2004.1231
8407	29	12015	1885.0401	2004.1231
18243	25	8987	1885.0531	1893.0123
14576	40	5504	1885.0601	1885.0601
6674	133	14684	1885.063	1885.063
18451	155	14684	1885.063	1885.063
6674	134	14684	1885.063	1885.063
895	40	11649	1885.0806	1885.0806
20981	25	325	1885.0817	1891.0129
12975	41	296	1885.1004	1889.1111
20981	25	15186	1885.1215	1891.0129
19170	3	19171	1886.0	1886.0
4461	25	3414	1886.0	1886.0
1749	25	325	1886.0	1886.0
11314	3	904	1886.0	1886.0
4698	15	342	1886.0	1886.0
805	71	5421	1886.0	1886.0
32861	15	5058	1886.0	1886.0
40495	15	1650	1886.0	1886.0
40495	25	142	1886.0	1886.0
28120	15	16389	1886.0	1886.0
32498	25	142	1886.0	1886.0
29338	38	973	1886.0	1886.0
37196	15	6274	1886.0	1886.0
13340	71	856	1886.0	1886.0
4995	52	22744	1886.0	1886.0
22628	98	30255	1886.0	1887.0
30255	140	22628	1886.0	1887.0
22781	14	1017	1886.0	1888.0
1834	4	7602	1886.0	1888.0
35585	25	11028	1886.0	1890.0
1698	4	6831	1886.0	1904.0
15972	41	4912	1886.0	1908.0
7323	19	40632	1886.0	1939.0923
5221	14	4522	1886.0101	1886.0101
28023	37	613	1886.0101	1886.0101
41353	37	997	1886.0101	1886.0101
18469	15	22760	1886.0101	1886.0101
11432	15	6846	1886.0101	1886.0101
28023	37	113	1886.0101	1886.0101
30818	25	1970	1886.0101	1886.0101
23969	4	14212	1886.0101	1888.0101
17690	4	4030	1886.0101	1890.0101
27589	37	34474	1886.0101	1890.0101
4191	4	6436	1886.0101	1892.0101
15436	37	203	1886.02	1888.0221
2469	41	6775	1886.0201	1886.072
23771	25	652	1886.0211	1886.0211
20508	25	652	1886.0211	1886.0211
5249	41	7354	1886.0803	1886.1222
14803	19	38014	1886.093	1910.0328
38014	19	14803	1886.093	1910.0328
37776	25	652	1886.1118	1886.1118
36827	19	669	1886.1202	1919.0106
669	19	36827	1886.1202	1919.0106
10687	30	10688	1887.0	1887.0
9430	38	4222	1887.0	1887.0
29060	25	508	1887.0	1887.0
20590	15	10841	1887.0	1887.0
10687	30	37334	1887.0	1887.0
8179	15	38428	1887.0	1887.0
37334	15	10687	1887.0	1887.0
761	30	141	1887.0	1887.0
18566	3	5980	1887.0	1887.0
25552	3	8044	1887.0	1887.0
35169	15	6846	1887.0	1887.0
14853	33	119	1887.0	1887.0
11949	3	5675	1887.0	1887.0
15144	38	207	1887.0	1887.0
7743	15	792	1887.0	1887.0
12687	3	1062	1887.0	1887.0
10688	15	10687	1887.0	1887.0
37556	3	8044	1887.0	1888.0
15640	14	1369	1887.0	1888.0
24427	33	1560	1887.0	1889.0
35090	3	12741	1887.0	1889.0
13976	33	203	1887.0	1889.0
34436	4	12893	1887.0	1889.0
36941	41	3698	1887.0	1889.0
18566	3	10745	1887.0	1890.0
38051	46	8801	1887.0	1920.0
5836	44	17286	1887.0	1920.0101
38039	14	19222	1887.0	1942.0
40238	12	35541	1887.0	1954.0
21402	15	34064	1887.0101	1887.0101
28635	38	973	1887.0101	1887.0101
141	15	761	1887.0101	1887.0101
39377	15	19207	1887.0101	1887.0101
5285	38	973	1887.0101	1887.0101
1526	38	973	1887.0101	1887.0101
23969	4	698	1887.0101	1889.0101
40773	33	3417	1887.0101	1889.0101
8110	3	4970	1887.0101	1889.1001
4906	21	715	1887.0101	1965.0
18	105	25113	1887.0101	1971.0101
34275	105	25113	1887.0101	1974.0101
36429	25	3414	1887.0128	1887.0128
38571	25	3414	1887.0218	1887.0218
35233	4	17417	1887.0219	1897.0313
592	29	6317	1887.0228	1968.0101
6317	44	592	1887.0228	1968.0101
20981	25	395	1887.0401	1891.0129
29974	71	3977	1887.0427	1887.0427
24432	41	3443	1887.053	1887.1211
13285	3	657	1887.0915	1887.0915
2385	22	613	1887.092	1887.092
613	22	2385	1887.092	1887.092
1698	4	1699	1888.0	1888.0
6575	3	6576	1888.0	1888.0
26991	25	26992	1888.0	1888.0
26932	15	3129	1888.0	1888.0
6058	30	141	1888.0	1888.0
15602	44	15240	1888.0	1888.0
26075	15	1650	1888.0	1888.0
4692	3	3318	1888.0	1888.0
13519	38	973	1888.0	1888.0
20108	4	7602	1888.0	1888.0
14853	40	11649	1888.0	1888.0
11949	3	5675	1888.0	1888.0
17005	71	856	1888.0	1888.0
19928	25	325	1888.0	1888.0
21845	21	113	1888.0	1888.0
9414	37	18342	1888.0	1888.0
14435	4	2092	1888.0	1889.0
20629	3	26844	1888.0	1890.0
28248	4	2092	1888.0	1891.0
40023	3	20138	1888.0	1892.0
11905	14	732	1888.0	1893.0
22781	14	1123	1888.0	1895.0
28248	4	11332	1888.0	1896.0
12687	3	904	1888.0	1897.0
39815	4	20802	1888.0	1902.0
15640	14	688	1888.0	1905.0
19131	41	947	1888.0	1908.0
1097	70	19131	1888.0	1908.0
41006	25	1970	1888.0	1911.0323
19767	129	12829	1888.0	2003.0
485	15	486	1888.0101	1888.0101
20041	33	203	1888.0101	1888.0101
36706	40	3823	1888.0101	1888.0101
141	15	6058	1888.0101	1888.0101
13267	38	973	1888.0101	1888.0101
12561	15	34064	1888.0101	1888.0101
28023	37	3	1888.0101	1888.0101
19359	4	3340	1888.0101	1889.0101
19359	4	321	1888.0101	1889.0101
12562	4	1128	1888.0101	1893.0101
23969	4	8876	1888.0101	1897.0101
24845	25	4054	1888.0123	1892.1228
14703	25	652	1888.0126	1888.0126
15436	37	18342	1888.0221	1889.05
3776	62	12261	1888.0309	1888.0615
8578	25	652	1888.0426	1888.0426
26900	38	1467	1888.0506	1888.0506
19316	41	15198	1888.0611	1893.0918
3776	62	1968	1888.0615	1918.1109
1370	21	10501	1888.0709	1912.0
31934	15	25098	1888.0712	1888.0712
18934	48	41730	1888.0824	1888.0824
15724	14	13775	1888.0831	1888.0831
1937	19	41	1888.0911	1888.0911
15116	41	455	1889.0	1889.0
22628	98	7323	1889.0	1889.0
25982	15	10841	1889.0	1889.0
30127	21	113	1889.0	1889.0
6575	3	16518	1889.0	1889.0
36238	9	13943	1889.0	1889.0
7323	140	22628	1889.0	1889.0
37196	15	1650	1889.0	1889.0
10506	21	133	1889.0	1889.0
41876	3	7817	1889.0	1889.0
3615	18	1336	1889.0	1889.0
4698	15	23786	1889.0	1889.0
19477	21	133	1889.0	1889.0
12102	3	20447	1889.0	1890.0
14435	4	107	1889.0	1890.0
21906	14	11125	1889.0	1891.0
6943	14	3307	1889.0	1891.0
3267	3	11100	1889.0	1892.0
106	4	12893	1889.0	1892.0
7823	41	1366	1889.0	1893.0
28248	4	7602	1889.0	1902.0
36087	14	24545	1889.0	1921.0
30181	27	10930	1889.0	1974.0
40773	33	203	1889.0101	1889.0101
22434	37	997	1889.0101	1889.0101
8220	40	11649	1889.0101	1889.0101
4657	37	488	1889.0101	1889.0101
40773	140	14296	1889.0101	1889.0101
31688	14	3776	1889.0101	1895.0101
31688	33	4385	1889.0101	1895.0101
13241	4	103	1889.0101	1897.0101
28052	33	13	1889.0101	1917.1222
9914	48	12226	1889.0102	1889.0102
20640	44	15240	1889.02	1889.02
9946	41	41179	1889.0201	1889.05
38245	4	7554	1889.0216	1889.0216
19863	41	5154	1889.0304	1892.1025
4890	21	1757	1889.042	1918.1111
22815	21	590	1889.0426	1939.0
15436	37	27245	1889.05	1890.05
28358	25	27045	1889.0519	1905.0715
19477	19	17878	1889.0604	1889.0604
17878	19	19477	1889.0604	1889.0604
7656	71	7657	1889.0621	1889.0621
10506	19	10507	1889.0726	1889.0726
10507	19	10506	1889.0807	1889.0807
38535	40	5504	1889.0821	1889.0821
38535	48	25905	1889.0821	1895.12
12975	41	296	1889.0922	1891.1222
1395	41	1000	1889.1012	1891.071
1000	80	1395	1889.1012	1891.071
33509	54	3776	1889.1101	1892.0901
13	29	14751	1889.1102	1889.1102
26765	34	4720	1889.1102	1889.1102
13	29	4720	1889.1102	1889.1102
16966	34	4720	1889.1102	1905.0901
13	29	11311	1889.1108	1889.1108
16966	34	11311	1889.1108	1905.0901
13	29	11234	1889.1111	1889.1111
20577	15	16190	1890.0	1890.0
21419	38	973	1890.0	1890.0
13309	21	3776	1890.0	1890.0
3450	3	4827	1890.0	1890.0
25034	30	28023	1890.0	1890.0
13288	38	4222	1890.0	1890.0
27456	15	1650	1890.0	1890.0
6201	38	207	1890.0	1890.0
3615	71	6274	1890.0	1890.0
10557	18	1336	1890.0	1890.0
23322	41	1092	1890.0	1890.0
30884	4	107	1890.0	1890.0
40997	15	10687	1890.0	1890.0
18891	71	856	1890.0	1890.0
16565	38	973	1890.0	1890.0
28023	15	25034	1890.0	1890.0
19821	25	1970	1890.0	1890.0
38039	3	31444	1890.0	1890.0
10812	15	4659	1890.0	1890.0
18566	40	42240	1890.0	1890.0
9087	15	1618	1890.0	1890.0
10687	30	40997	1890.0	1890.0
15690	4	2092	1890.0	1893.0
8059	3	18295	1890.0	1893.0
1698	4	7602	1890.0	1893.0
15690	4	25194	1890.0	1907.0
7656	14	23660	1890.0	1910.0
22364	4	37316	1890.0	1914.0
13271	27	35020	1890.0	1916.0
7439	46	3699	1890.0	1929.0
35090	14	7800	1890.0	1934.0
12755	109	2389	1890.0	1947.0
15354	37	4405	1890.0101	1890.0101
6805	38	4222	1890.0101	1890.0101
38820	38	973	1890.0101	1890.0101
28635	38	4222	1890.0101	1890.0101
20981	15	27611	1890.0101	1890.0101
18891	15	20665	1890.0101	1890.0101
20041	33	35032	1890.0101	1890.0101
28023	15	10687	1890.0101	1890.0101
12932	37	533	1890.0101	1890.0101
5963	15	22651	1890.0101	1890.0101
38613	15	6846	1890.0101	1890.0101
13943	15	40725	1890.0101	1890.0101
13240	14	8818	1890.0101	1896.0101
40356	4	5200	1890.0101	1896.0101
30426	4	103	1890.0101	1905.0101
34891	17	35043	1890.0101	1906.0101
6778	70	13391	1890.0101	1912.0101
16584	37	3417	1890.0101	1946.0101
21237	71	16940	1890.0205	1890.0205
39620	71	16940	1890.0205	1890.0205
6403	38	4930	1890.0209	1890.0209
25083	4	7554	1890.0215	1891.0307
28248	4	7554	1890.0215	1895.0309
24243	4	7554	1890.0301	1890.0315
15436	37	6717	1890.05	1890.07
16292	52	16293	1890.0605	1901.051
30127	15	25098	1890.07	1890.07
13	29	17051	1890.0703	1890.0703
13	29	26187	1890.071	1890.071
27885	48	378	1890.0723	1890.0723
27885	40	5504	1890.0723	1890.0723
34775	18	3459	1890.092	1942.063
14795	41	2604	1890.102	1895.1222
488	62	8491	1890.1123	1948.0904
8491	41	34273	1890.1123	1948.0904
11471	25	652	1890.1211	1890.1211
3841	40	5504	1890.1222	1890.1222
4692	25	4185	1891.0	1891.0
18487	15	1650	1891.0	1891.0
4627	15	792	1891.0	1891.0
4627	15	5058	1891.0	1891.0
36591	3	657	1891.0	1891.0
28905	59	7318	1891.0	1891.0
39086	3	11100	1891.0	1891.0
2222	38	973	1891.0	1891.0
37912	4	11017	1891.0	1891.0
4627	41	455	1891.0	1891.0
15144	38	6932	1891.0	1891.0
23889	15	34776	1891.0	1891.0
17391	3	18408	1891.0	1891.0
12460	3	19852	1891.0	1891.0
28905	59	574	1891.0	1891.0
5169	33	383	1891.0	1891.0
38718	4	2092	1891.0	1892.0
9517	25	21572	1891.0	1892.0
6943	14	1317	1891.0	1892.0
6194	3	9693	1891.0	1895.0
26747	4	6831	1891.0	1896.0
5466	33	3452	1891.0	1897.0
21906	14	41722	1891.0	1901.0
38718	4	1699	1891.0	1903.0
29991	17	10180	1891.0	1910.0
28248	4	6831	1891.0	1910.0
12360	41	296	1891.0	1928.013
1526	38	4222	1891.0101	1891.0101
12466	134	12467	1891.0101	1891.0101
35233	4	11017	1891.0101	1891.0101
26871	4	4901	1891.0101	1891.0101
12294	38	973	1891.0101	1891.0101
27331	38	973	1891.0101	1891.0101
34045	4	6216	1891.0101	1893.0101
1726	4	6339	1891.0101	1894.0101
19822	37	531	1891.0101	1898.0101
13271	54	3776	1891.0101	1919.0628
28865	4	7554	1891.0103	1891.0307
37957	4	7554	1891.0207	1893.0304
37912	4	17417	1891.0207	1895.0302
41629	4	1550	1891.0307	1896.0314
25463	71	12751	1891.0412	1891.0412
10372	21	13	1891.073	1943.0107
106	4	107	1892.0	1892.0
10687	30	22419	1892.0	1892.0
17315	3	1017	1892.0	1892.0
29338	38	4222	1892.0	1892.0
141	15	25462	1892.0	1892.0
13520	3	136	1892.0	1892.0
25854	33	332	1892.0	1892.0
22179	3	9586	1892.0	1892.0
2658	15	1650	1892.0	1892.0
38039	3	1017	1892.0	1892.0
25563	25	1970	1892.0	1892.0
19464	3	8383	1892.0	1892.0
22419	15	10687	1892.0	1892.0
10737	38	973	1892.0	1892.0
37314	3	8775	1892.0	1894.0
24319	3	12052	1892.0	1894.0
40132	140	34588	1892.0	1895.0
41501	3	3379	1892.0	1900.0
34747	14	22525	1892.0	1903.0
6943	14	2613	1892.0	1921.0
9517	25	2296	1892.0	1923.0
7453	25	1970	1892.0101	1892.0101
33853	3	2613	1892.0101	1892.0101
3578	15	37342	1892.0101	1892.0101
9969	133	520	1892.0101	1892.0101
34096	4	321	1892.0101	1893.0101
4191	4	4030	1892.0101	1893.0101
19359	4	2809	1892.0101	1894.0101
13110	4	100	1892.0101	1894.0101
17126	37	949	1892.0101	1894.0101
26991	37	119	1892.0101	1894.0101
30546	4	6455	1892.0101	1895.0101
12932	37	3417	1892.0101	1899.0101
14043	37	3417	1892.0101	1905.0101
33113	14	4522	1892.0101	1911.0101
40197	4	7554	1892.0102	1892.0206
7453	40	5504	1892.0105	1892.0105
35696	4	17417	1892.0204	1896.0314
27065	4	1550	1892.0206	1894.0106
9430	38	207	1892.0408	1892.0408
305	29	170	1892.0413	1968.0101
170	44	305	1892.0413	1968.0101
3725	19	23231	1892.061	1957.092
23231	19	3725	1892.061	1957.092
2469	41	6775	1892.0815	1894.0302
16800	41	31495	1892.0818	1895.062
6403	38	368	1892.083	1892.083
39338	3	26859	1892.09	1900.0
4666	41	1092	1892.09	1930.0
25717	71	22885	1892.093	1892.093
16016	21	1757	1892.1009	1918.1029
27589	40	11649	1892.1201	1892.1201
24845	25	4054	1892.1228	1930.0831
13775	96	15724	1893.0	1893.0
20258	38	973	1893.0	1893.0
3718	14	14683	1893.0	1893.0
22884	71	22885	1893.0	1893.0
4698	15	872	1893.0	1893.0
29711	3	15044	1893.0	1893.0
22233	15	1650	1893.0	1893.0
5503	19	20527	1893.0	1893.0
37736	15	37737	1893.0	1893.0
22719	25	508	1893.0	1893.0
27327	3	3079	1893.0	1893.0
4666	25	20630	1893.0	1893.0
14435	4	107	1893.0	1893.0
35264	3	13731	1893.0	1893.0
31405	15	10841	1893.0	1893.0
19509	25	1394	1893.0	1893.0
27595	15	10687	1893.0	1893.0
20731	3	1616	1893.0	1893.0
26545	15	1650	1893.0	1893.0
10687	30	27595	1893.0	1893.0
25552	14	2591	1893.0	1894.0
3448	4	2092	1893.0	1894.0
26228	4	2092	1893.0	1894.0
5285	3	8775	1893.0	1895.0
17216	4	12893	1893.0	1896.0
18243	48	35878	1893.0	1896.0
15656	3	2365	1893.0	1899.0
24384	14	2662	1893.0	1900.0
3578	14	12129	1893.0	1901.0
34058	14	18944	1893.0	1901.0
3143	9	8782	1893.0	1903.0
15690	4	4037	1893.0	1905.0
11314	14	14296	1893.0	1908.0
15838	41	296	1893.0	1910.0
805	14	41297	1893.0	1929.0
11905	14	12884	1893.0	1930.0
1221	15	37342	1893.0101	1893.0101
28023	37	488	1893.0101	1893.0101
15894	3	5626	1893.0101	1893.0101
5285	38	4222	1893.0101	1893.0101
37298	15	14405	1893.0101	1893.0101
28023	37	19593	1893.0101	1893.0101
42479	40	22223	1893.0101	1893.0101
20527	19	5503	1893.0101	1893.0101
38367	31	119	1893.0101	1893.0101
4191	4	6479	1893.0101	1894.0101
34045	4	2809	1893.0101	1894.0101
3448	4	5200	1893.0101	1894.0101
30640	37	440	1893.0101	1903.0101
27252	14	4522	1893.0101	1918.0101
34096	4	6455	1893.0101	1934.0101
35068	4	7554	1893.0107	1893.0107
40356	4	7554	1893.0107	1893.0204
3448	4	7554	1893.0107	1893.0204
13241	4	1550	1893.0107	1896.0314
7327	52	16293	1893.0109	1893.013
8259	1	11152	1893.0117	1893.0117
7327	52	36723	1893.013	1893.013
7327	52	26388	1893.013	1907.1204
38040	25	652	1893.0202	1893.0202
39086	38	4222	1893.0328	1893.0328
34891	41	9209	1893.0427	1906.061
10356	41	6751	1893.0612	1893.0612
10356	41	37875	1893.0615	1903.0804
7656	71	12751	1893.0729	1893.0729
27141	33	6989	1893.1	1893.1
11571	40	5504	1893.1108	1893.1108
16286	21	10501	1893.1226	1911.1231
38429	25	2951	1893.1231	1922.0904
4698	15	4699	1894.0	1894.0
9611	25	508	1894.0	1894.0
16565	38	4222	1894.0	1894.0
21419	38	4222	1894.0	1894.0
26737	3	8187	1894.0	1894.0
6383	3	15729	1894.0	1894.0
6836	3	233	1894.0	1894.0
13519	38	4222	1894.0	1894.0
10372	15	20665	1894.0	1894.0
8179	25	142	1894.0	1894.0
36574	17	25417	1894.0	1894.0
25854	33	8027	1894.0	1894.0
21890	38	973	1894.0	1894.0
41815	1	11152	1894.0	1894.0
7146	38	973	1894.0	1894.0
8179	15	1650	1894.0	1894.0
761	30	33786	1894.0	1894.0
14433	30	18442	1894.0	1894.0
19117	18	23009	1894.0	1895.0
33113	41	455	1894.0	1895.0
32237	4	12893	1894.0	1896.0
316	4	9500	1894.0	1896.0
5466	3	26439	1894.0	1896.0
18173	4	12893	1894.0	1896.0
13326	4	2092	1894.0	1897.0
9220	3	9075	1894.0	1900.0
106	4	15008	1894.0	1902.0
13326	4	25194	1894.0	1904.0
14888	41	1366	1894.0	1906.0
22364	4	4037	1894.0	1909.0
18566	41	28706	1894.0	1914.0
32237	4	107	1894.0	1920.0
18442	15	14433	1894.0101	1894.0101
28101	52	113	1894.0101	1894.0101
12562	4	2000	1894.0101	1894.0101
33786	15	761	1894.0101	1894.0101
13267	38	4222	1894.0101	1894.0101
19359	4	1792	1894.0101	1894.0101
34045	4	15	1894.0101	1895.0101
12562	4	15129	1894.0101	1895.0101
13110	4	8437	1894.0101	1897.0101
31884	4	5140	1894.0101	1897.0101
27959	52	3039	1894.0101	1927.0425
21595	14	4522	1894.0101	1930.0101
36979	40	5504	1894.0105	1894.0105
36979	48	378	1894.0105	1949.052
35621	4	7554	1894.0106	1894.0317
29845	4	7554	1894.0106	1895.0309
10372	25	4054	1894.0125	1937.0216
23577	41	6775	1894.0305	1895.0622
33044	40	5680	1894.0319	1894.0319
33044	52	8632	1894.0319	1898.1221
33044	52	16293	1894.0319	1898.1231
15192	19	15193	1894.0409	1901.1221
15193	19	15192	1894.0409	1901.1221
29456	25	2951	1894.0506	1924.0402
42351	21	151	1894.0521	1894.0521
25134	25	652	1894.0531	1894.0531
21733	18	19893	1894.0702	1894.0702
33209	19	16139	1894.0725	1894.0725
16139	19	33209	1894.0725	1894.0725
11794	40	5725	1894.1126	1894.1126
16648	19	11794	1894.1126	1894.1126
16648	40	5725	1894.1126	1894.1126
11794	19	16648	1894.1126	1894.1126
13288	38	207	1895.0	1895.0
8748	15	15120	1895.0	1895.0
754	12	7525	1895.0	1895.0
34712	71	22885	1895.0	1895.0
20577	15	872	1895.0	1895.0
3448	4	31520	1895.0	1895.0
31132	71	26541	1895.0	1895.0
35503	15	3129	1895.0	1895.0
8582	12	129	1895.0	1895.0
15144	38	368	1895.0	1895.0
6201	15	872	1895.0	1895.0
20108	4	7602	1895.0	1895.0
29630	4	107	1895.0	1895.0
12800	40	12801	1895.0	1895.0
8179	25	32360	1895.0	1895.0
34712	3	939	1895.0	1895.0
26055	15	5058	1895.0	1895.0
6836	40	11649	1895.0	1895.0
6698	15	792	1895.0	1895.0
1475	3	472	1895.0	1895.0
29009	1	475	1895.0	1895.0
18619	41	455	1895.0	1896.0
29630	4	12893	1895.0	1896.0
13926	41	455	1895.0	1897.0
29009	1	10501	1895.0	1898.0315
36031	25	11028	1895.0	1899.0
3615	41	34293	1895.0	1909.0
2680	4	19113	1895.0	1912.0
30282	14	6280	1895.0	1913.0
5992	41	1092	1895.0	1918.0
26228	4	10437	1895.0	1920.0
17216	4	19712	1895.0	1920.0
27481	154	11028	1895.0	1922.0
22781	14	886	1895.0	1926.0
40633	21	590	1895.0	1946.0
22545	15	16389	1895.0101	1895.0101
23211	15	14405	1895.0101	1895.0101
754	1	1763	1895.0101	1895.0101
11342	37	488	1895.0101	1895.0101
7734	15	6846	1895.0101	1895.0101
28635	38	207	1895.0101	1895.0101
30546	4	15129	1895.0101	1895.0101
30077	15	9753	1895.0101	1895.0101
7734	15	486	1895.0101	1895.0101
35503	15	37342	1895.0101	1895.0101
12294	38	4222	1895.0101	1895.0101
38820	38	4222	1895.0101	1895.0101
31216	15	24025	1895.0101	1895.0101
1687	154	21993	1895.0101	1896.0101
21993	14	1687	1895.0101	1896.0101
9106	37	1300	1895.0101	1898.0101
34045	4	1676	1895.0101	1899.0101
12090	52	30756	1895.0101	1911.0407
40922	4	7554	1895.0105	1895.0309
1549	4	1550	1895.0105	1896.0104
13326	4	7554	1895.0105	1896.0314
24366	4	1550	1895.0126	1896.0104
9430	38	6932	1895.051	1895.051
38876	25	8987	1895.0616	1933.1124
7374	25	652	1895.062	1895.062
20407	25	2253	1895.0702	1895.0702
5489	70	24452	1895.1015	1896.1202
38535	48	378	1895.12	1895.12
10570	18	1092	1896.0	1896.0
14435	4	7602	1896.0	1896.0
14433	30	15724	1896.0	1896.0
13303	3	1341	1896.0	1896.0
7734	15	1650	1896.0	1896.0
15724	15	25570	1896.0	1896.0
9430	15	16457	1896.0	1896.0
7734	25	142	1896.0	1896.0
33360	21	13	1896.0	1896.0
6201	38	6932	1896.0	1896.0
35307	4	1835	1896.0	1896.0
23867	4	38676	1896.0	1896.0
9430	15	872	1896.0	1896.0
29338	38	207	1896.0	1896.0
2222	38	4222	1896.0	1896.0
4657	15	10687	1896.0	1896.0
9479	15	1650	1896.0	1896.0
9688	15	40965	1896.0	1896.0
16328	38	973	1896.0	1896.0
10687	30	4657	1896.0	1896.0
24319	3	8044	1896.0	1897.0
19107	3	4970	1896.0	1898.0
27331	3	8775	1896.0	1898.0
30597	4	4037	1896.0	1899.0
28858	3	30565	1896.0	1899.0
26414	41	4912	1896.0	1900.0
8000	3	23414	1896.0	1900.0
26228	4	4037	1896.0	1902.0
30025	4	1835	1896.0	1902.0
14209	33	12879	1896.0	1904.0
8059	14	688	1896.0	1906.0
29805	4	27734	1896.0	1907.0
27540	41	3698	1896.0	1909.0
28703	14	690	1896.0	1910.0
2252	41	455	1896.0	1911.0
22781	25	3624	1896.0	1920.0
33183	4	1835	1896.0	1925.0
112	15	1435	1896.0101	1896.0101
27331	38	4222	1896.0101	1896.0101
6805	38	207	1896.0101	1896.0101
4653	15	34064	1896.0101	1896.0101
20786	4	30561	1896.0101	1896.0101
15724	15	14433	1896.0101	1896.0101
42260	15	486	1896.0101	1896.0101
23502	4	4152	1896.0101	1898.0101
20786	4	1646	1896.0101	1899.0101
1687	154	13809	1896.0101	1902.0101
1726	4	5134	1896.0101	1902.0101
13809	14	1687	1896.0101	1902.0101
28423	19	6539	1896.0101	1905.0819
6539	19	28423	1896.0101	1905.0819
23832	14	14339	1896.0101	1916.0101
28101	133	4039	1896.0101	1929.0101
13	29	5129	1896.0104	1896.0104
22762	4	7554	1896.0104	1897.0313
3697	25	652	1896.0123	1896.0123
36941	25	652	1896.0123	1896.0123
5848	4	17417	1896.0125	1897.0313
592	29	23452	1896.0317	1968.0101
4698	15	4049	1896.0514	1896.0514
15669	40	431	1896.052	1896.052
26900	38	5387	1896.0526	1896.0526
17913	25	652	1896.0528	1896.0528
41171	48	12226	1896.0529	1896.0529
8552	33	4437	1896.06	1896.07
42273	3	34887	1896.0629	1896.0629
34729	18	3459	1896.0723	1939.0203
21520	40	22080	1896.1003	1896.1003
23996	44	592	1896.1201	1968.0101
592	29	23996	1896.1201	1968.0101
5489	70	40240	1896.1202	1897.0412
40029	25	652	1896.121	1896.121
1135	25	652	1896.121	1896.121
6244	4	6245	1897.0	1897.0
15144	15	15145	1897.0	1897.0
25698	15	10841	1897.0	1897.0
10737	38	4222	1897.0	1897.0
26932	15	5058	1897.0	1897.0
371	31	119	1897.0	1897.0
106	4	7602	1897.0	1897.0
33240	3	2171	1897.0	1897.0
25854	33	383	1897.0	1897.0
12755	34	2375	1897.0	1897.0
32498	15	6846	1897.0	1897.0
6213	3	22756	1897.0	1897.0
4627	15	30914	1897.0	1897.0
13288	15	15145	1897.0	1897.0
20577	15	5225	1897.0	1897.0
39890	15	1650	1897.0	1897.0
6244	4	2092	1897.0	1898.0
26976	3	18956	1897.0	1898.0
1475	86	939	1897.0	1898.0
5466	33	119	1897.0	1898.0
1834	4	1835	1897.0	1899.0
12816	3	1017	1897.0	1899.0
24623	3	1947	1897.0	1900.0
30025	4	12893	1897.0	1900.0
29630	4	7602	1897.0	1901.0
13003	4	27734	1897.0	1905.0
22326	4	20708	1897.0	1907.0
18487	33	26206	1897.0	1908.0
18173	4	7602	1897.0	1909.0
2838	19	24462	1897.0	1909.0
24462	19	2838	1897.0	1909.0101
35832	4	6245	1897.0	1910.0
12755	34	2374	1897.0	1910.0
3017	18	1448	1897.0	1939.08
1374	1	2553	1897.0	1946.0
17550	15	10284	1897.0101	1897.0101
23969	4	4753	1897.0101	1897.0101
17014	15	36357	1897.0101	1897.0101
23130	15	486	1897.0101	1897.0101
15724	15	20665	1897.0101	1897.0101
14369	15	36357	1897.0101	1897.0101
1549	4	15529	1897.0101	1897.0101
20509	15	40725	1897.0101	1897.0101
17005	15	22651	1897.0101	1897.0101
17005	15	20134	1897.0101	1897.0101
141	15	36357	1897.0101	1897.0101
1526	38	207	1897.0101	1897.0101
39225	4	1374	1897.0101	1897.0101
38059	15	36357	1897.0101	1897.0101
23654	15	6846	1897.0101	1897.0101
23969	4	588	1897.0101	1898.0101
31933	4	6455	1897.0101	1898.0101
32851	4	3340	1897.0101	1898.0101
26409	4	6436	1897.0101	1899.0101
40685	4	7411	1897.0101	1899.0101
31884	4	1676	1897.0101	1899.0101
13110	4	6339	1897.0101	1900.0101
15528	4	15529	1897.0101	1901.0101
19183	4	4901	1897.0101	1901.0101
24740	4	2028	1897.0101	1902.0101
13192	4	19816	1897.0101	1905.0101
25312	4	8108	1897.0101	1905.0101
9189	21	10501	1897.0104	1912.0
20407	25	652	1897.0401	1897.0401
27696	25	652	1897.0401	1897.0401
39086	38	4930	1897.0413	1897.0413
19580	41	2819	1897.0419	1898.0102
3740	33	6809	1897.0501	1902.0101
36517	14	6661	1897.0527	1897.0527
2950	25	2951	1897.062	1903.0105
40560	17	17843	1897.08	1897.08
2374	12	1345	1897.1	1910.0829
822	44	2374	1897.1001	1910.0829
17183	40	5504	1897.122	1897.122
4283	25	142	1898.0	1898.0
20936	17	12759	1898.0	1898.0
11590	3	13372	1898.0	1898.0
14433	30	29966	1898.0	1898.0
761	30	12561	1898.0	1898.0
27327	3	3318	1898.0	1898.0
30884	4	1835	1898.0	1898.0
34980	3	939	1898.0	1898.0
20258	38	4222	1898.0	1898.0
14939	71	3977	1898.0	1898.0
29966	15	14433	1898.0	1898.0
4283	15	24940	1898.0	1898.0
42447	21	83	1898.0	1898.0
9479	15	25462	1898.0	1898.0
13003	4	12893	1898.0	1898.0
7119	4	2092	1898.0	1899.0
16328	3	8775	1898.0	1900.0
15806	4	12893	1898.0	1900.0
7146	3	8775	1898.0	1900.0
34747	14	11125	1898.0	1900.0
16061	4	17825	1898.0	1901.0
32741	4	2092	1898.0	1901.0
19170	3	29920	1898.0	1901.0
22328	4	12893	1898.0	1901.0
7656	14	2735	1898.0	1902.0
29115	4	1835	1898.0	1902.0
15806	4	7602	1898.0	1904.0
4397	1	133	1898.0	1904.0
26976	3	6282	1898.0	1905.0
7568	4	6168	1898.0	1907.0
2922	123	7568	1898.0	1907.0
5169	33	531	1898.0	1908.0
6771	25	1970	1898.0	1911.0
8026	117	215	1898.0	1914.0
15806	4	107	1898.0	1919.0
31508	4	6831	1898.0	1927.0
6637	33	679	1898.0	1930.0
41387	4	25194	1898.0	1930.0
4141	15	486	1898.0101	1898.0101
9106	37	203	1898.0101	1898.0101
40685	4	2000	1898.0101	1898.0101
11887	15	6846	1898.0101	1898.0101
41999	40	3823	1898.0101	1898.0101
12561	15	761	1898.0101	1898.0101
1337	15	27611	1898.0101	1898.0101
17779	4	15	1898.0101	1899.0101
9636	4	5134	1898.0101	1900.0101
20849	4	558	1898.0101	1900.0101
23502	4	2809	1898.0101	1902.0101
28849	33	105	1898.0101	1903.0101
32851	4	321	1898.0101	1904.0101
16847	19	18343	1898.0101	1907.0101
6077	14	4522	1898.0101	1907.0101
18343	19	16847	1898.0101	1907.0101
12106	33	1631	1898.0101	1913.0101
3450	19	1879	1898.0101	1924.0121
1879	19	3450	1898.0101	1924.0121
8469	37	383	1898.0101	1926.0101
3919	40	774	1898.0109	1898.0109
24319	71	24320	1898.0201	1898.0201
24319	37	27636	1898.0201	1934.0401
35620	4	7554	1898.0312	1899.0107
24358	4	7554	1898.0312	1899.0311
38429	25	23593	1898.0313	1922.0904
29009	1	133	1898.0315	1905.0102
10337	25	2253	1898.0405	1898.0405
8590	52	26388	1898.043	1907.1204
8590	52	36723	1898.043	1929.0106
2782	15	2783	1898.052	1898.052
7929	25	652	1898.0526	1898.0526
7701	41	296	1898.0601	1902.0531
364	29	22254	1898.0613	1898.0613
16966	34	22254	1898.0613	1898.0613
13	72	15334	1898.0707	1898.0707
8259	1	13	1898.0707	1898.0707
13	29	12899	1898.0725	1898.0725
40438	3	657	1898.0922	1898.0922
33225	25	2951	1898.1003	1898.1003
15197	41	15198	1898.1112	1904.121
19822	48	3912	1898.122	1898.122
12162	52	16293	1898.1222	1898.1231
12162	52	26388	1898.1231	1907.1204
36086	52	26388	1898.1231	1907.1204
33044	52	26388	1898.1231	1907.1204
36086	52	36723	1898.1231	1929.0106
33044	52	36723	1898.1231	1929.0106
12162	52	36723	1898.1231	1929.0106
8179	14	1319	1899.0	1899.0
8180	30	26545	1899.0	1899.0
33088	15	7682	1899.0	1899.0
18910	30	4283	1899.0	1899.0
31557	3	13474	1899.0	1899.0
9023	3	951	1899.0	1899.0
3718	14	11274	1899.0	1899.0
10104	4	27734	1899.0	1899.0
31117	4	10437	1899.0	1899.0
19173	3	34161	1899.0	1899.0
18967	3	13474	1899.0	1899.0
36185	14	14683	1899.0	1899.0
18566	25	20630	1899.0	1899.0
11301	3	11714	1899.0	1899.0
179	3	3318	1899.0	1899.0
21890	38	4222	1899.0	1899.0
26932	15	792	1899.0	1899.0
13229	15	15145	1899.0	1899.0
3242	18	1007	1899.0	1900.0
29805	4	20802	1899.0	1900.0
38143	3	2189	1899.0	1901.0
35080	14	2365	1899.0	1902.0
22978	3	8861	1899.0	1903.0
316	4	37316	1899.0	1903.0
8753	3	904	1899.0	1904.0
40487	3	1947	1899.0	1904.0
7374	41	3698	1899.0	1904.0
28858	3	25037	1899.0	1905.0
32237	4	4037	1899.0	1912.0
13326	4	4037	1899.0	1912.0
18173	4	3955	1899.0	1925.0
41387	4	4037	1899.0	1930.0
1243	46	4813	1899.0	1931.0
19310	46	3376	1899.0	1943.0
5963	15	486	1899.0101	1899.0101
16584	37	3	1899.0101	1899.0101
29247	15	27611	1899.0101	1899.0101
7734	15	20134	1899.0101	1899.0101
16584	37	715	1899.0101	1899.0101
4283	15	18910	1899.0101	1899.0101
26057	3	1017	1899.0101	1899.0101
6230	15	16389	1899.0101	1899.0101
12083	40	5680	1899.0101	1899.0101
17779	4	2982	1899.0101	1899.0101
26545	15	8180	1899.0101	1899.0101
28366	33	203	1899.0101	1899.0101
24464	4	6570	1899.0101	1900.0101
17779	4	25597	1899.0101	1900.0101
20786	4	8548	1899.0101	1900.0101
34045	4	6216	1899.0101	1900.0101
12932	33	10221	1899.0101	1900.0101
12932	37	10221	1899.0101	1900.0101
26409	4	1128	1899.0101	1900.0101
34824	4	15881	1899.0101	1901.0101
3803	41	35177	1899.0101	1902.0311
31884	4	390	1899.0101	1905.0101
27092	4	103	1899.0101	1907.0101
27404	4	8848	1899.0101	1913.0101
6716	37	8950	1899.0101	1914.1231
25463	14	136	1899.0101	1916.0101
19484	19	19485	1899.0101	1943.0101
19485	19	19484	1899.0101	1943.0101
20797	4	1550	1899.0107	1899.0318
41870	4	1550	1899.0107	1904.0312
31508	4	7554	1899.0107	1904.0319
11016	4	1550	1899.0107	1905.1216
414	62	13392	1899.0123	1901.0323
13392	41	3210	1899.0123	1901.0401
7823	42	8089	1899.0125	1899.0125
32411	40	22223	1899.0202	1899.0202
6194	19	13528	1899.021	1944.0107
13528	19	6194	1899.021	1944.0107
11907	3	25219	1899.0313	1902.0101
18334	40	5504	1899.0529	1899.0529
33509	50	11269	1899.0701	1919.0628
305	29	35625	1899.0707	1968.0101
35625	44	305	1899.0707	1968.0101
35438	18	3459	1899.1022	1899.1022
7146	38	4222	1900.0	1900.0
22986	84	1687	1900.0	1900.0
24623	33	24624	1900.0	1900.0
12370	116	3029	1900.0	1900.0
112	15	8243	1900.0	1900.0
13303	3	9693	1900.0	1900.0
18608	33	2076	1900.0	1900.0
3959	21	113	1900.0	1900.0
6972	15	9957	1900.0	1900.0
4625	3	9439	1900.0	1900.0
10108	14	1319	1900.0	1900.0
4098	15	10841	1900.0	1900.0
13123	3	41430	1900.0	1900.0
24707	4	2693	1900.0	1900.0
3450	33	3116	1900.0	1900.0
11590	46	352	1900.0	1900.0
10193	3	27917	1900.0	1900.0
42060	1	42060	1900.0	1900.0
26976	71	13744	1900.0	1900.0
15724	15	36265	1900.0	1900.0
32498	25	4348	1900.0	1900.0
33115	71	12751	1900.0	1900.0
2222	15	15145	1900.0	1900.0
7119	4	10437	1900.0	1900.0
31312	3	3232	1900.0	1900.0
9442	3	42361	1900.0	1900.0
4283	25	3689	1900.0	1900.0
27456	15	6846	1900.0	1900.0
30224	71	12751	1900.0	1900.0
10104	4	107	1900.0	1901.0
3877	41	455	1900.0	1901.0
10193	3	2146	1900.0	1902.0
26057	4	29830	1900.0	1902.0
10104	4	12893	1900.0	1903.0
36623	4	7602	1900.0	1903.0
27202	14	19171	1900.0	1905.0
10104	4	7602	1900.0	1905.0
3242	3	22400	1900.0	1905.0
16874	14	24836	1900.0	1911.0
7747	21	133	1900.0	1917.0
5299	1	1455	1900.0	1917.1031
7747	19	5276	1900.0	1919.0
24707	4	1699	1900.0	1923.0
18159	25	17939	1900.0	1931.0
25224	46	4600	1900.0	1948.0
24545	25	33299	1900.0	1999.0
6280	25	33299	1900.0	2002.0
25290	15	24940	1900.0101	1900.0101
20776	37	13100	1900.0101	1900.0101
18249	3	8689	1900.0101	1900.0101
31115	15	20665	1900.0101	1900.0101
22434	37	3417	1900.0101	1900.0101
25717	25	1680	1900.0101	1900.0101
112	15	10284	1900.0101	1900.0101
19183	4	1766	1900.0101	1900.0101
23440	4	16964	1900.0101	1900.0101
2834	15	22651	1900.0101	1900.0101
22434	37	997	1900.0101	1900.0101
5285	38	207	1900.0101	1900.0101
7734	15	29881	1900.0101	1900.0101
20776	37	3417	1900.0101	1900.0101
22231	15	22760	1900.0101	1900.0101
9636	4	13065	1900.0101	1901.0101
20786	4	588	1900.0101	1901.0101
17779	4	22297	1900.0101	1901.0101
26409	4	4901	1900.0101	1901.0101
24464	4	8548	1900.0101	1901.0101
20849	4	2809	1900.0101	1902.0101
12552	33	140	1900.0101	1902.0101
7936	4	100	1900.0101	1903.0101
13110	4	8108	1900.0101	1903.0101
39225	4	1374	1900.0101	1904.0101
791	17	277	1900.0101	1904.0101
2628	14	4522	1900.0101	1904.0101
30443	4	4580	1900.0101	1905.0101
11016	4	103	1900.0101	1906.0101
17126	37	488	1900.0101	1910.0101
17126	37	3417	1900.0101	1910.0101
12932	37	3417	1900.0101	1911.0101
32934	41	4626	1900.0101	1911.0101
766	37	1560	1900.0101	1917.0101
5276	19	7747	1900.0101	1919.0101
39539	14	4522	1900.0101	1928.0101
28506	37	3417	1900.0101	1967.0101
18577	4	7554	1900.0106	1900.031
34607	33	1763	1900.0113	1961.0
29705	4	26827	1900.0203	1903.0228
29667	21	83	1900.0222	1949.0
30059	4	17417	1900.0224	1903.0321
15724	14	1894	1900.0401	1920.0401
6848	15	31126	1900.0413	1900.0413
17858	40	5504	1900.0423	1900.0423
12360	41	4912	1900.0501	1928.013
6403	38	1467	1900.0518	1900.0518
6859	15	2783	1900.072	1900.072
2553	62	4286	1900.0729	1946.0509
27200	41	1000	1900.0912	1902.0705
1000	80	27200	1900.0912	1902.0705
25962	71	3977	1900.1016	1900.1016
14729	15	1650	1901.0	1901.0
25854	33	1940	1901.0	1901.0
18910	30	12561	1901.0	1901.0
11626	15	2783	1901.0	1901.0
5634	15	792	1901.0	1901.0
18321	4	19712	1901.0	1901.0
1606	3	136	1901.0	1901.0
9430	38	368	1901.0	1901.0
27327	3	3318	1901.0	1901.0
3795	25	26599	1901.0	1901.0
6201	38	368	1901.0	1901.0
18745	71	9957	1901.0	1901.0
24647	3	13082	1901.0	1901.0
32741	4	19024	1901.0	1901.0
6420	3	886	1901.0	1901.0
27014	33	673	1901.0	1901.0
22249	3	1317	1901.0	1901.0
22249	18	1007	1901.0	1901.0
24707	4	12893	1901.0	1902.0
11027	25	11028	1901.0	1903.0
40560	17	33693	1901.0	1903.0
29218	3	5613	1901.0	1903.0
30025	4	7602	1901.0	1903.0
26228	4	2693	1901.0	1904.0
13854	17	38901	1901.0	1909.0
32457	17	30930	1901.0	1910.0
22328	4	107	1901.0	1910.0
316	4	4037	1901.0	1914.0
21725	17	4046	1901.0	1915.0
37155	14	5328	1901.0	1924.0
21847	14	657	1901.0	1930.0
18187	25	2951	1901.0	1936.0
34058	14	17076	1901.0	1939.0
11920	46	3376	1901.0	1946.0
13883	1	151	1901.0101	1901.0101
8268	60	13304	1901.0101	1901.0101
9569	15	1746	1901.0101	1901.0101
22751	21	151	1901.0101	1901.0101
8320	3	136	1901.0101	1901.0101
17913	16	1746	1901.0101	1901.0101
1290	1	151	1901.0101	1901.0101
17843	1	151	1901.0101	1901.0101
3039	37	488	1901.0101	1901.0101
20322	15	20665	1901.0101	1901.0101
15724	15	19207	1901.0101	1901.0101
25061	1	151	1901.0101	1901.0101
24945	1	151	1901.0101	1901.0101
14812	3	25219	1901.0101	1901.0101
16584	37	83	1901.0101	1901.0101
12561	15	18910	1901.0101	1901.0101
28635	38	6932	1901.0101	1901.0101
34824	4	6068	1901.0101	1901.0101
2744	60	13304	1901.0101	1901.0101
8226	15	6846	1901.0101	1901.0101
7165	16	1746	1901.0101	1901.0101
9317	40	11649	1901.0101	1901.0101
9569	16	1746	1901.0101	1901.0101
10180	1	151	1901.0101	1901.0101
17779	4	11520	1901.0101	1902.0101
9636	4	319	1901.0101	1902.0101
16149	4	8848	1901.0101	1902.0101
26409	4	1128	1901.0101	1902.0101
20786	4	8548	1901.0101	1903.0101
23440	4	103	1901.0101	1903.0101
28506	37	203	1901.0101	1903.0101
10654	4	25	1901.0101	1904.0101
15528	4	16964	1901.0101	1904.0101
41707	4	41819	1901.0101	1904.0101
19183	4	8548	1901.0101	1904.0101
19879	19	20629	1901.0101	1907.0101
20629	19	19879	1901.0101	1907.0101
36706	133	4039	1901.0101	1919.0101
36706	134	4039	1901.0101	1919.0101
36331	19	42049	1901.0101	1922.0101
42049	19	36331	1901.0101	1922.0101
37264	14	4522	1901.0101	1931.0101
14297	133	4039	1901.0101	1933.0301
24665	19	24617	1901.0101	1948.0101
20776	37	119	1901.0101	1969.0101
29178	4	7554	1901.0105	1901.0209
22326	4	7554	1901.0105	1904.0109
5634	41	2794	1901.0122	1910.0506
364	62	5634	1901.0122	1910.0506
5634	41	4435	1901.0122	1910.0506
5634	41	2535	1901.0122	1910.0506
28090	1	113	1901.0209	1814.0101
8000	21	715	1901.0221	1955.0418
669	41	30049	1901.0304	1901.0914
19433	4	7554	1901.0309	1902.0315
15528	4	1550	1901.0316	1908.0514
37290	41	7796	1901.0329	1906.1231
40560	41	7796	1901.033	1903.1231
39086	38	368	1901.0401	1901.0401
5169	19	23838	1901.0506	1904.0
23838	19	5169	1901.0506	1904.1122
16292	52	8469	1901.051	1901.0523
22545	48	3912	1901.052	1901.052
2252	25	652	1901.053	1901.053
7165	25	652	1901.053	1901.053
34491	15	2783	1901.0604	1901.0604
669	41	6709	1901.0914	1909.0304
13	70	669	1901.0914	1909.0304
36827	41	5154	1901.0914	1909.0304
29414	41	41942	1901.0925	1901.0925
38054	3	7120	1901.1	1904.06
24617	19	24665	1901.1009	1948.0101
10130	48	3912	1901.1024	1901.1024
341	42	1191	1901.1109	1901.1109
22697	21	3776	1901.1227	1918.0
341	15	6865	1902.0	1902.0
26369	15	427	1902.0	1902.0
32818	4	4037	1902.0	1902.0
3837	15	20665	1902.0	1902.0
29338	38	6932	1902.0	1902.0
6403	15	35193	1902.0	1902.0
17810	3	30899	1902.0	1902.0
24707	4	7602	1902.0	1902.0
4651	3	24540	1902.0	1902.0
8748	15	19545	1902.0	1902.0
1322	15	792	1902.0	1902.0
21419	38	207	1902.0	1902.0
12225	16	1746	1902.0	1902.0
11432	15	25462	1902.0	1902.0
10005	3	3584	1902.0	1902.0
8748	15	5058	1902.0	1902.0
14433	30	11065	1902.0	1902.0
26369	15	1188	1902.0	1902.0
39815	4	7602	1902.0	1902.0
41568	25	142	1902.0	1902.0
41568	15	1650	1902.0	1902.0
26944	15	2487	1902.0	1902.0
4651	71	13744	1902.0	1902.0
1698	4	6548	1902.0	1902.0
24924	14	39649	1902.0	1903.0
28888	140	7656	1902.0	1903.0
7656	98	28888	1902.0	1903.0
179	14	2659	1902.0	1904.0
13303	41	17347	1902.0	1904.0
24290	3	2167	1902.0	1905.0
18321	4	2092	1902.0	1905.0
10193	3	19852	1902.0	1905.0
35080	14	17076	1902.0	1906.0
12460	41	3698	1902.0	1906.0
29019	4	1835	1902.0	1906.0
33853	4	29830	1902.0	1909.0
27004	17	10180	1902.0	1910.0
12460	41	296	1902.0	1924.0
16621	38	7101	1902.0	1930.0
32438	41	1092	1902.0	1931.0
7656	14	4522	1902.0	1934.0
9824	14	842	1902.0	1936.0
34815	21	475	1902.0	1945.0
40238	27	2255	1902.0	1945.0
28889	14	15624	1902.0	1946.0
17369	14	10393	1902.0	1947.0
2255	66	40238	1902.0	1954.0
24674	25	8987	1902.0	1968.0
15076	16	1746	1902.0101	1902.0101
17475	15	6865	1902.0101	1902.0101
20666	15	6865	1902.0101	1902.0101
10554	15	6865	1902.0101	1902.0101
26055	16	1746	1902.0101	1902.0101
37346	15	6865	1902.0101	1902.0101
35335	4	10779	1902.0101	1902.0101
28059	3	8689	1902.0101	1902.0101
23502	4	4152	1902.0101	1902.0101
33729	16	1746	1902.0101	1902.0101
4382	15	6865	1902.0101	1902.0101
33385	15	6865	1902.0101	1902.0101
19823	15	6865	1902.0101	1902.0101
3578	15	27611	1902.0101	1902.0101
1968	15	6865	1902.0101	1902.0101
24555	15	6846	1902.0101	1902.0101
13365	15	6865	1902.0101	1902.0101
7640	16	1746	1902.0101	1902.0101
17913	16	1746	1902.0101	1902.0101
3740	40	9078	1902.0101	1902.0101
23890	15	486	1902.0101	1902.0101
41114	15	16797	1902.0101	1902.0101
15192	15	6865	1902.0101	1902.0101
31199	15	6865	1902.0101	1902.0101
32325	15	6865	1902.0101	1902.0101
11065	15	14433	1902.0101	1902.0101
273	71	13744	1902.0101	1902.0101
23502	4	4753	1902.0101	1903.0101
25209	4	8108	1902.0101	1903.0101
17779	4	4807	1902.0101	1903.0101
24740	4	10861	1902.0101	1903.0101
9636	4	522	1902.0101	1903.0101
15076	14	1687	1902.0101	1903.0101
1687	154	15076	1902.0101	1903.0101
673	70	37763	1902.0101	1903.1231
37763	41	4063	1902.0101	1903.1231
20849	4	6216	1902.0101	1904.0101
1726	4	8437	1902.0101	1905.0101
16149	4	16964	1902.0101	1907.0101
38215	4	9206	1902.0101	1908.0101
12552	33	928	1902.0101	1909.0301
34824	4	616	1902.0101	1912.0101
23014	4	1676	1902.0101	1913.0101
26598	41	3626	1902.0101	1919.0
20474	4	7554	1902.0111	1902.0111
16149	4	1550	1902.0111	1908.0201
23440	4	1550	1902.0111	1908.0302
3103	70	29912	1902.0121	1905.0117
3558	19	7701	1902.0205	1947.1025
7701	19	3558	1902.0205	1947.1025
41008	40	5504	1902.0219	1902.0219
3450	33	119	1902.04	1903.05
32275	33	1827	1902.0418	1907.0
25036	48	3912	1902.0522	1902.0522
27757	0	6791	1902.0528	1902.0528
10581	41	15004	1902.053	1903.0215
7701	41	296	1902.0601	1906.0531
8000	37	19517	1902.0616	1909.0
19106	41	6775	1902.0711	1905.1205
28358	25	8987	1902.1123	1905.0715
33385	41	3069	1902.1223	1902.1223
6403	15	16190	1903.0	1903.0
15840	17	728	1903.0	1903.0
20797	4	11017	1903.0	1903.0
22470	37	83	1903.0	1903.0
8627	33	13	1903.0	1903.0
37551	3	8937	1903.0	1903.0
16328	38	4222	1903.0	1903.0
2102	37	4997	1903.0	1903.0
13229	15	28674	1903.0	1903.0
13288	38	6932	1903.0	1903.0
10738	17	728	1903.0	1903.0
13519	15	15145	1903.0	1903.0
12225	16	1746	1903.0	1903.0
24695	4	11017	1903.0	1903.0
6988	71	10213	1903.0	1903.0
15115	15	1650	1903.0	1903.0
41501	25	20630	1903.0	1903.0
35171	3	3584	1903.0	1903.0
40560	17	30930	1903.0	1903.0
22978	18	3459	1903.0	1903.0
17530	149	13271	1903.0	1903.0
42351	15	5058	1903.0	1903.0
16380	3	5613	1903.0	1903.0
7250	3	1894	1903.0	1903.0
20731	14	1616	1903.0	1903.0
13229	15	9746	1903.0	1903.0
10687	30	34167	1903.0	1903.0
2680	4	2693	1903.0	1904.0
16061	4	8400	1903.0	1904.0
36714	4	2092	1903.0	1904.0
34046	3	18295	1903.0	1904.0
31934	41	455	1903.0	1904.0
24924	14	6769	1903.0	1904.0
18321	4	19712	1903.0	1904.0
15806	4	4037	1903.0	1905.0
40077	3	37631	1903.0	1906.0
20216	3	11028	1903.0	1906.0
919	3	8044	1903.0	1908.0
3185	3	5552	1903.0	1909.0
41464	4	38174	1903.0	1911.0
19344	21	133	1903.0	1918.0
33183	4	7602	1903.0	1920.0
24623	33	5836	1903.0	1922.0
36623	4	22572	1903.0	1922.0
29706	41	3069	1903.0	1928.0101
29711	14	15044	1903.0	1936.0
21918	46	3376	1903.0	1943.0
21918	57	2553	1903.0	1943.0
2241	46	17624	1903.0	1951.0
17199	16	1746	1903.0101	1903.0101
24740	4	882	1903.0101	1903.0101
7535	15	6865	1903.0101	1903.0101
17913	16	1746	1903.0101	1903.0101
920	16	1746	1903.0101	1903.0101
5343	15	32992	1903.0101	1903.0101
23502	4	4030	1903.0101	1903.0101
273	71	22885	1903.0101	1903.0101
25134	16	1746	1903.0101	1903.0101
12294	38	207	1903.0101	1903.0101
25312	4	1766	1903.0101	1903.0101
41870	4	5624	1903.0101	1903.0101
27540	16	1746	1903.0101	1903.0101
5285	38	6932	1903.0101	1903.0101
26055	16	1746	1903.0101	1903.0101
3766	4	11017	1903.0101	1903.0101
14746	33	13	1903.0101	1903.0101
4286	15	6865	1903.0101	1903.0101
13110	4	2809	1903.0101	1904.0101
9636	4	5660	1903.0101	1904.0101
28506	37	332	1903.0101	1904.0101
20786	4	6216	1903.0101	1905.0101
24740	4	588	1903.0101	1905.0101
41870	4	8848	1903.0101	1905.0101
17228	37	203	1903.0101	1905.0101
31658	14	1687	1903.0101	1905.0101
1687	154	31658	1903.0101	1905.0101
17779	4	8437	1903.0101	1905.0101
6435	4	4796	1903.0101	1906.0101
28849	33	17298	1903.0101	1906.0101
30640	37	203	1903.0101	1910.0101
20250	19	8000	1903.0101	1919.0101
17912	14	4522	1903.0101	1936.0101
21217	4	7554	1903.011	1903.011
18431	4	7554	1903.011	1906.1208
8000	19	20250	1903.0116	1919.0214
26684	25	2253	1903.0203	1903.0203
10581	41	24700	1903.0215	1906.0426
27252	25	3414	1903.022	1903.022
25496	15	14495	1903.0302	1903.0302
34221	4	26827	1903.0314	1909.032
33183	4	7554	1903.0321	1903.0321
41999	40	23945	1903.0514	1903.0514
21912	40	5680	1903.0523	1903.0523
15972	25	652	1903.0618	1903.0618
30893	78	9120	1903.0621	1903.0621
11920	38	7592	1903.063	1910.091
10356	41	1160	1903.0804	1914.082
15146	4	9975	1903.0815	1903.0815
35644	15	2783	1903.0911	1903.0911
8369	41	7796	1903.1008	1903.113
10572	41	7354	1903.1009	1905.1204
22174	33	11203	1903.1019	1907.0
3740	33	203	1903.1101	1915.0101
28763	19	38251	1903.111	1903.111
38251	19	28763	1903.111	1903.111
38429	25	27045	1903.1206	1922.0904
3017	38	973	1903.1231	1903.1231
3718	14	14683	1904.0	1904.0
16565	38	207	1904.0	1904.0
36714	4	7602	1904.0	1904.0
38039	3	19614	1904.0	1904.0
37610	41	3698	1904.0	1904.0
36714	4	10437	1904.0	1904.0
761	30	26932	1904.0	1904.0
13519	38	207	1904.0	1904.0
31652	3	14339	1904.0	1904.0
36793	4	2092	1904.0	1904.0
34167	15	10687	1904.0	1904.0
10108	15	5058	1904.0	1904.0
20922	17	12759	1904.0	1904.0
30469	40	11649	1904.0	1904.0
15144	38	6806	1904.0	1904.0
15144	15	872	1904.0	1904.0
10795	17	12759	1904.0	1904.0
2680	4	4037	1904.0	1904.0
40467	3	3232	1904.0	1904.0
18968	4	6831	1904.0	1904.0
20577	15	17229	1904.0	1904.0
20577	15	35193	1904.0	1904.0
40706	4	1835	1904.0	1904.0
33433	17	12759	1904.0	1904.0
26545	15	6846	1904.0	1904.0
24924	14	18460	1904.0	1905.0
24381	3	24382	1904.0	1906.0
32498	25	32360	1904.0	1906.0
3448	4	107	1904.0	1906.0
21092	14	5038	1904.0	1906.0
13677	4	2092	1904.0	1906.0
12891	19	6693	1904.0	1906.0101
29218	33	17433	1904.0	1907.0
16261	4	22572	1904.0	1907.0
29218	3	5973	1904.0	1907.0
17428	3	5980	1904.0	1908.0
16158	4	19712	1904.0	1909.0
14209	33	29	1904.0	1910.0
2942	4	6831	1904.0	1911.0
14952	33	83	1904.0	1928.1
4397	1	475	1904.0	1945.0
32429	17	411	1904.0	1946.0209
24583	33	13	1904.0	1963.0915
3697	16	1746	1904.0101	1904.0101
11016	4	11017	1904.0101	1904.0101
273	71	856	1904.0101	1904.0101
4141	15	20134	1904.0101	1904.0101
11016	4	8848	1904.0101	1904.0101
13790	3	8689	1904.0101	1904.0101
9679	16	1746	1904.0101	1904.0101
26369	15	486	1904.0101	1904.0101
4463	3	5613	1904.0101	1904.0101
13192	4	11017	1904.0101	1904.0101
12225	16	1746	1904.0101	1904.0101
1526	38	6932	1904.0101	1904.0101
12561	15	18869	1904.0101	1904.0101
7527	15	6865	1904.0101	1904.0101
20779	15	6865	1904.0101	1904.0101
23440	4	11017	1904.0101	1904.0101
17199	16	1746	1904.0101	1904.0101
25134	16	1746	1904.0101	1904.0101
27404	4	11017	1904.0101	1904.0101
920	16	1746	1904.0101	1904.0101
26055	16	1746	1904.0101	1904.0101
10915	15	6846	1904.0101	1904.0101
5376	37	203	1904.0101	1904.0101
7074	15	6865	1904.0101	1904.0101
15528	4	11017	1904.0101	1904.0101
809	36	2500	1904.0101	1904.0101
4141	15	22651	1904.0101	1904.0101
6805	38	6932	1904.0101	1904.0101
26932	15	761	1904.0101	1904.0101
20849	4	1741	1904.0101	1905.0101
28506	37	1300	1904.0101	1905.0101
35341	4	5311	1904.0101	1905.0101
13110	4	6252	1904.0101	1905.0101
9636	4	2138	1904.0101	1905.0101
4322	4	4030	1904.0101	1905.0101
32851	4	2792	1904.0101	1905.0101
17779	4	11520	1904.0101	1905.0101
6693	19	12891	1904.0101	1906.0101
19183	4	11520	1904.0101	1906.0101
24464	4	6570	1904.0101	1906.0101
23841	4	5706	1904.0101	1907.0101
273	14	5552	1904.0101	1907.0101
8808	4	5706	1904.0101	1907.0101
23014	4	1766	1904.0101	1908.0101
16149	4	11017	1904.0101	1908.0101
15528	4	8848	1904.0101	1908.0101
23699	4	8848	1904.0101	1908.0101
38215	4	103	1904.0101	1910.0101
33847	4	6257	1904.0101	1911.0101
14209	37	29	1904.0101	1918.0101
791	17	1552	1904.0101	1924.0101
19922	14	4522	1904.0101	1937.0101
24707	4	7554	1904.0109	1905.0114
34166	4	7554	1904.0109	1905.0318
6848	15	36188	1904.0112	1904.0112
30426	4	1550	1904.0206	1906.0203
23699	4	1550	1904.0206	1908.0314
13192	4	1550	1904.0312	1904.0312
4868	21	3776	1904.0403	1918.0
37776	40	5504	1904.0429	1904.0429
3141	52	8818	1904.0501	1904.0501
3141	134	8818	1904.0501	1904.0501
8655	52	3039	1904.0531	1904.0531
8655	40	5680	1904.0531	1904.0531
6305	48	3912	1904.0615	1904.0615
32743	40	5504	1904.0618	1904.0618
41707	4	25112	1904.0813	1906.0101
9402	41	18209	1904.0819	1906.0114
20862	21	1472	1904.0829	1871.0
37610	40	5504	1904.1024	1904.1024
2222	38	207	1905.0	1905.0
12754	25	142	1905.0	1905.0
6836	3	14930	1905.0	1905.0
22328	4	7602	1905.0	1905.0
5501	30	15771	1905.0	1905.0
179	3	2659	1905.0	1905.0
32287	3	8970	1905.0	1905.0
12754	15	1650	1905.0	1905.0
37328	19	3942	1905.0	1905.0
31132	25	3414	1905.0	1905.0
39662	71	25435	1905.0	1905.0
238	3	33153	1905.0	1905.0
3927	71	5421	1905.0	1905.0
7471	3	18639	1905.0	1905.0
15724	56	17810	1905.0	1905.0
13677	4	7602	1905.0	1905.0
22553	17	37364	1905.0	1905.0
18321	4	7602	1905.0	1905.0
2705	3	31680	1905.0	1905.0
17810	3	1894	1905.0	1905.0
23807	15	18988	1905.0	1905.0
24703	15	18988	1905.0	1905.0
39890	15	20113	1905.0	1905.0
35444	3	13570	1905.0	1905.0
1698	4	1835	1905.0	1905.0
766	3	42644	1905.0	1905.0
25766	4	6548	1905.0	1906.0
16952	3	15208	1905.0	1907.0
15640	14	2312	1905.0	1908.0
5538	4	6548	1905.0	1910.0
28815	3	9532	1905.0	1910.0
25281	17	30930	1905.0	1910.0
21217	4	4037	1905.0	1912.0
24100	52	26388	1905.0	1927.0
2400	14	8591	1905.0	1948.0
25134	16	1746	1905.0101	1905.0101
613	22	7629	1905.0101	1905.0101
3942	19	37328	1905.0101	1905.0101
31407	37	488	1905.0101	1905.0101
38820	38	207	1905.0101	1905.0101
35036	4	6436	1905.0101	1905.0101
2858	15	6865	1905.0101	1905.0101
27946	15	6865	1905.0101	1905.0101
3397	15	6865	1905.0101	1905.0101
17228	37	997	1905.0101	1905.0101
7629	22	613	1905.0101	1905.0101
17228	37	119	1905.0101	1905.0101
32851	4	2471	1905.0101	1905.0101
9679	16	1746	1905.0101	1905.0101
26055	16	1746	1905.0101	1905.0101
15771	15	5501	1905.0101	1905.0101
31884	4	25522	1905.0101	1905.0101
33432	15	6865	1905.0101	1905.0101
23211	15	40725	1905.0101	1905.0101
42662	15	16797	1905.0101	1905.0101
7270	4	5575	1905.0101	1906.0101
25312	4	6436	1905.0101	1906.0101
1726	4	40723	1905.0101	1906.0101
31884	4	5660	1905.0101	1906.0101
20849	4	6210	1905.0101	1906.0101
29795	4	390	1905.0101	1906.0101
9636	4	2982	1905.0101	1906.0101
30443	4	11685	1905.0101	1906.0101
39225	4	5706	1905.0101	1906.0101
35341	4	1792	1905.0101	1906.0101
24444	4	1510	1905.0101	1907.0101
24740	4	1620	1905.0101	1907.0101
6032	4	2435	1905.0101	1907.0101
17779	4	588	1905.0101	1907.0101
33210	4	2435	1905.0101	1908.0101
20786	4	8305	1905.0101	1908.0101
40210	4	103	1905.0101	1908.0101
30426	4	1550	1905.0101	1910.0101
28158	4	8848	1905.0101	1911.0101
40089	4	19816	1905.0101	1912.0101
9677	4	8848	1905.0101	1914.0101
25463	14	3635	1905.0101	1916.0101
133	109	2389	1905.0101	1917.0901
10562	17	24399	1905.0101	1926.0101
17228	37	113	1905.0101	1963.0101
13780	44	592	1905.0103	1968.0101
592	29	13780	1905.0103	1968.0101
11907	3	6335	1905.0111	1905.0111
3103	70	33450	1905.0117	1908.0121
26414	41	26415	1905.0124	1906.0314
2423	123	23969	1905.0201	1930.063
17149	4	17417	1905.0204	1911.0215
3740	14	39132	1905.0313	1905.0313
8857	4	7554	1905.0318	1912.0316
8000	3	20447	1905.043	1905.043
37196	14	25061	1905.06	1905.06
20779	19	26873	1905.0606	1905.0606
26873	19	20779	1905.0606	1905.0606
21656	40	5504	1905.09	1905.09
9417	44	7390	1905.0901	1905.0901
9417	44	16966	1905.0901	1905.0901
11311	34	16966	1905.0901	1905.0901
16966	34	7390	1905.0901	1905.0901
11311	34	7390	1905.0901	1905.0901
16966	34	12752	1905.0901	1905.0901
364	29	12752	1905.0901	1905.0901
364	29	7390	1905.0901	1905.0901
4720	34	16966	1905.0901	1905.0901
4720	34	12752	1905.0901	1905.0901
11311	34	12752	1905.0901	1905.0901
26765	34	12752	1905.0901	1905.0901
7471	14	21377	1905.0901	1910.0
41825	4	25112	1905.0902	1905.0902
29009	1	475	1905.0905	1945.0822
8657	40	5504	1905.1003	1905.1003
8657	48	378	1905.1003	1907.0101
25514	19	15193	1905.1008	1905.1008
15193	19	25514	1905.1008	1905.1008
34825	15	1650	1905.1105	1905.1105
3766	4	17417	1905.1118	1908.0229
10554	41	31212	1905.1118	1957.0921
32741	4	7554	1905.1202	1906.0113
12083	40	5680	1905.1204	1905.1205
27404	4	1550	1905.1216	1910.0312
30718	14	26900	1905.1222	1910.1206
3078	3	3079	1906.0	1906.0
10737	38	207	1906.0	1906.0
13624	3	18961	1906.0	1906.0
25034	30	4657	1906.0	1906.0
20258	38	207	1906.0	1906.0
3242	3	5038	1906.0	1906.0
28120	15	32992	1906.0	1906.0
30572	71	12751	1906.0	1906.0
20577	15	18988	1906.0	1906.0
33052	15	10841	1906.0	1906.0
5501	30	28526	1906.0	1906.0
761	30	36562	1906.0	1906.0
35398	38	4930	1906.0	1906.0
4625	3	1017	1906.0	1906.0
4657	15	25034	1906.0	1906.0
6058	30	21987	1906.0	1906.0
12175	4	19712	1906.0	1907.0
27202	14	34534	1906.0	1907.0
12175	4	12893	1906.0	1907.0
16158	4	4037	1906.0	1908.0
22815	3	13805	1906.0	1908.0
17005	41	2940	1906.0	1908.0
20281	4	12893	1906.0	1909.0
30025	4	7602	1906.0	1909.0
26171	4	2092	1906.0	1909.0
36793	4	7602	1906.0	1909.0
5821	41	1366	1906.0	1910.0
36793	4	107	1906.0	1911.0
25854	33	383	1906.0	1911.0
21092	14	31031	1906.0	1914.0
3242	18	1007	1906.0	1915.0
35080	14	8513	1906.0	1917.0
16329	44	33509	1906.0	1919.0
8059	14	3307	1906.0	1929.0
23323	19	13472	1906.0	1952.093
9679	16	1746	1906.0101	1906.0101
25209	4	698	1906.0101	1906.0101
27331	15	15145	1906.0101	1906.0101
31884	4	5140	1906.0101	1906.0101
13267	38	207	1906.0101	1906.0101
31194	15	19207	1906.0101	1906.0101
4461	16	1746	1906.0101	1906.0101
15407	15	34693	1906.0101	1906.0101
26055	16	1746	1906.0101	1906.0101
7640	16	1746	1906.0101	1906.0101
21987	15	6058	1906.0101	1906.0101
39006	4	370	1906.0101	1906.0101
8655	52	113	1906.0101	1906.0101
25134	16	1746	1906.0101	1906.0101
28526	15	5501	1906.0101	1906.0101
22210	21	13	1906.0101	1906.0101
13267	15	15145	1906.0101	1906.0101
36562	15	761	1906.0101	1906.0101
15408	15	34693	1906.0101	1906.0101
27331	38	207	1906.0101	1906.0101
24464	4	2000	1906.0101	1906.0101
35341	4	8305	1906.0101	1907.0101
20849	4	2133	1906.0101	1907.0101
25312	4	5118	1906.0101	1907.0101
9636	4	3596	1906.0101	1907.0101
24464	4	2138	1906.0101	1907.0101
29795	4	2138	1906.0101	1908.0101
19183	4	3746	1906.0101	1908.0101
30443	4	4580	1906.0101	1908.0101
6435	4	2028	1906.0101	1909.0101
629	4	9113	1906.0101	1911.0101
28849	33	10784	1906.0101	1912.0101
30443	4	7411	1906.0101	1912.0101
7270	4	4901	1906.0101	1914.0101
9802	14	4522	1906.0101	1936.0101
13472	19	23323	1906.0101	1952.093
19823	41	27817	1906.0129	1912.0514
796	62	19823	1906.0129	1912.0514
26435	4	26827	1906.021	1906.031
37314	38	207	1906.051	1906.051
2501	41	1000	1906.0529	1911.1007
1000	80	2501	1906.0529	1911.1007
2858	19	37659	1906.0531	1906.0531
20555	40	5680	1906.0531	1906.0531
20555	52	30756	1906.0531	1911.0407
12225	48	12226	1906.0601	1906.0601
7701	41	296	1906.0601	1910.0531
33509	50	16329	1906.0616	1919.0628
2012	25	652	1906.0621	1906.0621
10554	40	20289	1906.0622	1906.0622
22028	40	20289	1906.0622	1906.0622
16855	52	113	1906.0727	1906.0727
21425	41	9209	1906.0806	1912.0312
25569	25	1394	1906.101	1906.101
3877	40	5504	1906.101	1906.101
21733	18	20831	1906.1018	1906.1018
21930	19	37964	1906.102	1917.0101
37964	19	21930	1906.102	1917.0101
793	4	1550	1906.1201	1906.1201
6403	38	5387	1906.1206	1906.1206
2091	4	2092	1907.0	1907.0
6742	71	856	1907.0	1907.0
6201	15	872	1907.0	1907.0
22553	17	12759	1907.0	1907.0
29338	38	368	1907.0	1907.0
9110	30	1322	1907.0	1907.0
20482	3	5038	1907.0	1907.0
19332	3	12742	1907.0	1907.0
3078	15	16027	1907.0	1907.0
6077	25	325	1907.0	1907.0
16261	4	12893	1907.0	1907.0
34588	14	21335	1907.0	1907.0
33197	3	9586	1907.0	1907.0
22437	4	27734	1907.0	1907.0
15724	25	5155	1907.0	1907.0
20258	15	15145	1907.0	1907.0
26976	71	856	1907.0	1907.0
32616	3	36491	1907.0	1907.0
5501	30	33308	1907.0	1907.0
25766	4	20802	1907.0	1907.0
8748	15	35039	1907.0	1907.0
21419	38	6932	1907.0	1907.0
37298	15	10841	1907.0	1907.0
6077	25	1394	1907.0	1907.0
15193	59	7318	1907.0	1907.0
13288	38	368	1907.0	1907.0
13288	15	872	1907.0	1907.0
31157	3	40732	1907.0	1907.0
25553	3	19726	1907.0	1907.0
38143	3	4516	1907.0	1907.0
38592	3	31821	1907.0	1907.0
4625	41	4626	1907.0	1908.0
25766	4	2092	1907.0	1908.0
22174	33	12455	1907.0	1908.0
16061	4	8400	1907.0	1908.0
28985	4	2092	1907.0	1909.0
19170	14	34534	1907.0	1909.0
10776	14	8653	1907.0	1909.0
13677	4	17216	1907.0	1910.0
39564	3	939	1907.0	1910.0
42315	33	42335	1907.0	1910.0
42415	3	1947	1907.0	1910.0
11572	3	8044	1907.0	1910.0
20841	4	6831	1907.0	1910.0
13303	41	25833	1907.0	1912.0
23605	3	1017	1907.0	1912.0
8627	40	11649	1907.0	1912.0
991	4	1835	1907.0	1914.0
34046	14	2763	1907.0	1916.0
8209	16	1746	1907.0101	1907.0101
37517	15	23112	1907.0101	1907.0101
33903	15	9753	1907.0101	1907.0101
38699	15	13639	1907.0101	1907.0101
20849	4	4196	1907.0101	1907.0101
22869	15	16389	1907.0101	1907.0101
33308	15	5501	1907.0101	1907.0101
28635	38	368	1907.0101	1907.0101
9679	16	1746	1907.0101	1907.0101
29378	33	13	1907.0101	1907.0101
26055	16	1746	1907.0101	1907.0101
12294	15	15145	1907.0101	1907.0101
12204	3	55	1907.0101	1907.0101
7936	4	1620	1907.0101	1907.0101
6805	15	15145	1907.0101	1907.0101
5049	4	2792	1907.0101	1908.0101
24740	4	2138	1907.0101	1908.0101
9636	4	2982	1907.0101	1908.0101
24464	4	4901	1907.0101	1908.0101
25312	4	4901	1907.0101	1908.0101
35341	4	882	1907.0101	1908.0101
1687	154	22821	1907.0101	1909.0101
17779	4	11520	1907.0101	1909.0101
22821	14	1687	1907.0101	1909.0101
6032	4	1477	1907.0101	1910.0101
34889	4	13016	1907.0101	1911.0101
10025	4	1374	1907.0101	1914.0101
34155	17	37436	1907.0101	1918.0101
24444	4	6436	1907.0101	1921.0101
21034	14	4522	1907.0101	1924.0101
14856	33	1195	1907.0101	1926.0101
25843	21	73	1907.0101	1950.0101
27116	19	38306	1907.0101	1961.0101
38306	19	27116	1907.0101	1961.0101
8657	48	10942	1907.0101	2006.1001
13677	4	7554	1907.0105	1908.0208
8923	4	1550	1907.0112	1907.0112
40210	4	1550	1907.0112	1908.0314
24355	25	4054	1907.0205	1930.0929
3891	112	22873	1907.0212	1907.0212
9688	25	652	1907.0214	1907.0214
42351	48	5982	1907.0306	1907.0306
14075	4	1550	1907.0309	1907.0309
36167	4	1550	1907.0309	1907.0309
8201	52	30756	1907.0401	1911.0101
7826	19	2467	1907.0429	1929.0105
8259	44	22038	1907.043	1907.043
9430	38	6806	1907.051	1907.051
2467	19	7826	1907.0512	1929.0105
16554	18	3459	1907.0629	1940.0603
15193	21	133	1907.0715	1907.0715
27801	48	40141	1907.1006	1907.1006
13	29	23148	1907.1116	1907.1116
39086	38	1467	1907.1206	1907.1206
637	62	5265	1907.1208	1950.1029
34588	48	3912	1907.1215	1907.1215
11338	41	2819	1907.1216	1907.1216
8029	40	5504	1907.1228	1907.1228
1753	3	4964	1908.0	1908.0
21562	3	10143	1908.0	1908.0
5679	52	488	1908.0	1908.0
21890	38	207	1908.0	1908.0
22809	17	4046	1908.0	1908.0
12175	4	22572	1908.0	1908.0
22626	3	23258	1908.0	1908.0
236	3	115	1908.0	1908.0
27473	3	38117	1908.0	1908.0
29153	4	11017	1908.0	1908.0
23928	4	1835	1908.0	1908.0
34839	4	11017	1908.0	1908.0
8072	25	508	1908.0	1908.0
6201	38	6806	1908.0	1908.0
991	4	7602	1908.0	1908.0
25609	3	939	1908.0	1908.0
919	71	3977	1908.0	1908.0
34037	25	4412	1908.0	1908.0
19115	3	22400	1908.0	1908.0
18365	3	2613	1908.0	1908.0
5501	30	35917	1908.0	1908.0
35171	3	3584	1908.0	1908.0
8653	25	33299	1908.0	1908.0
2392	3	21157	1908.0	1908.0
23282	4	11017	1908.0	1908.0
18442	15	792	1908.0	1908.0
22174	33	4511	1908.0	1908.0
7490	3	40195	1908.0	1908.0
33145	4	11017	1908.0	1908.0
1289	3	8861	1908.0	1908.0
5776	4	4125	1908.0	1908.0
38436	3	115	1908.0	1908.0
31216	15	16389	1908.0	1908.0
5169	33	531	1908.0	1908.0
8000	14	31046	1908.0	1909.0
29805	4	37078	1908.0	1909.0
29218	3	550	1908.0	1911.0
22815	3	33942	1908.0	1911.0
24372	4	2092	1908.0	1911.0
25563	41	455	1908.0	1912.0
13123	41	17347	1908.0	1913.0
21725	33	2478	1908.0	1914.0
18321	4	1835	1908.0	1914.0
11040	3	28551	1908.0	1918.0
26430	18	455	1908.0	1918.0
1475	14	462	1908.0	1919.0
1455	109	2389	1908.0	1922.0
15640	14	5038	1908.0	1925.0
18487	33	4381	1908.0	1925.0
8237	21	151	1908.0	1927.0
20281	4	1699	1908.0	1927.0
4625	41	455	1908.0	1942.0
12502	12	1345	1908.0	1946.0
27890	19	35424	1908.0	1952.0
35424	19	27890	1908.0	1952.0
3978	37	203	1908.0101	1908.0101
12135	3	550	1908.0101	1908.0101
12294	38	6932	1908.0101	1908.0101
22570	15	20134	1908.0101	1908.0101
112	15	34064	1908.0101	1908.0101
35917	15	5501	1908.0101	1908.0101
14497	15	22760	1908.0101	1908.0101
40210	4	9206	1908.0101	1908.0101
1526	38	368	1908.0101	1908.0101
31368	4	1477	1908.0101	1908.0101
5691	4	5311	1908.0101	1908.0101
33138	15	6846	1908.0101	1908.0101
6644	3	8689	1908.0101	1908.0101
11432	15	14399	1908.0101	1908.0101
37922	33	13	1908.0101	1908.0101
5265	15	6865	1908.0101	1908.0101
9679	16	1746	1908.0101	1908.0101
141	15	14399	1908.0101	1908.0101
2097	15	10687	1908.0101	1908.0101
13267	38	6932	1908.0101	1908.0101
40377	15	24025	1908.0101	1908.0101
14277	15	16797	1908.0101	1908.0101
5679	134	14684	1908.0101	1908.0101
38820	38	6932	1908.0101	1908.0101
8209	16	1746	1908.0101	1908.0101
6805	38	368	1908.0101	1908.0101
30207	4	7554	1908.0101	1908.0208
24740	4	89	1908.0101	1909.0101
35341	4	6436	1908.0101	1909.0101
9636	4	1792	1908.0101	1909.0101
19183	4	15047	1908.0101	1910.0101
10654	4	15244	1908.0101	1910.0101
766	37	203	1908.0101	1910.0101
29795	4	390	1908.0101	1910.0101
38215	4	11017	1908.0101	1910.0101
32363	4	7554	1908.0101	1910.0212
26740	19	14809	1908.0101	1911.0101
14809	19	26740	1908.0101	1911.0101
33210	4	1263	1908.0101	1912.0101
14476	4	1835	1908.0101	1920.0101
14153	4	11365	1908.0101	1921.0101
5049	4	5575	1908.0101	1921.0101
11603	4	5311	1908.0101	1927.0101
1202	37	203	1908.0101	1968.0101
29907	37	520	1908.0101	1968.0101
4816	19	4817	1908.0101	1969.0101
4817	19	4816	1908.0101	1969.0101
36592	4	26827	1908.0208	1912.021
38136	3	657	1908.0213	1908.0213
33071	4	7554	1908.0321	1909.0109
24799	59	574	1908.041	1908.041
24799	59	7318	1908.041	1908.041
36574	17	42372	1908.0709	1908.0709
19131	40	5504	1908.0721	1908.0721
6716	37	34653	1908.0901	1908.0901
1702	19	791	1908.0912	1965.0124
791	19	1702	1908.0912	1965.0124
25200	40	42075	1908.1007	1908.1007
37215	40	5504	1908.102	1908.102
41216	3	8044	1908.1028	1913.0
41598	1	1247	1908.1115	1908.1115
10370	1	28616	1908.1115	1960.0629
12007	41	4435	1908.1202	1912.0212
40774	4	9975	1908.1212	1908.1212
40928	4	1550	1908.1212	1910.0115
40089	4	1550	1908.1212	1912.0203
42383	4	9975	1908.1212	1912.1116
38215	4	1550	1908.1212	1921.0115
671	25	325	1908.1228	1908.1228
22531	3	939	1909.0	1909.0
20258	38	6932	1909.0	1909.0
18442	15	3129	1909.0	1909.0
8000	145	2157	1909.0	1909.0
15724	15	26834	1909.0	1909.0
10737	15	15145	1909.0	1909.0
12599	31	13	1909.0	1909.0
16328	15	15145	1909.0	1909.0
11314	14	12665	1909.0	1909.0
20824	15	792	1909.0	1909.0
29630	4	22572	1909.0	1909.0
13650	3	5607	1909.0	1909.0
7146	38	207	1909.0	1909.0
8179	15	6846	1909.0	1909.0
16565	38	6932	1909.0	1909.0
10120	71	856	1909.0	1909.0
1444	15	8004	1909.0	1909.0
30025	4	1835	1909.0	1909.0
28806	3	19539	1909.0	1909.0
2793	15	8004	1909.0	1909.0
37551	3	1017	1909.0	1909.0
3078	3	16596	1909.0	1909.0
4697	3	10393	1909.0	1909.0
42118	4	38133	1909.0	1910.0
27145	33	119	1909.0	1910.0
10776	14	2763	1909.0	1911.0
8000	37	2478	1909.0	1911.0
8000	14	20447	1909.0	1911.0
17275	25	1970	1909.0	1912.1028
13854	17	13855	1909.0	1913.0
38987	4	1835	1909.0	1914.0
27145	33	119	1909.0	1914.0
15896	17	18316	1909.0	1921.0
15292	17	2412	1909.0	1931.0
24372	4	107	1909.0	1931.0
31393	33	4332	1909.0	1932.0
24208	19	11380	1909.0	1935.0
6944	25	33299	1909.0	2011.0
5691	4	1792	1909.0101	1909.0101
18745	15	22760	1909.0101	1909.0101
9636	4	6479	1909.0101	1909.0101
3697	16	1746	1909.0101	1909.0101
22721	37	3417	1909.0101	1909.0101
32623	15	36256	1909.0101	1909.0101
38185	16	1746	1909.0101	1909.0101
9679	16	1746	1909.0101	1909.0101
23760	37	24095	1909.0101	1909.0101
41698	15	20665	1909.0101	1909.0101
31368	4	4807	1909.0101	1909.0101
4322	4	2028	1909.0101	1909.0101
14729	15	6846	1909.0101	1909.0101
9679	15	1746	1909.0101	1909.0101
920	16	1746	1909.0101	1909.0101
22721	37	488	1909.0101	1909.0101
29225	3	2613	1909.0101	1909.0101
23760	37	488	1909.0101	1909.0101
38820	15	15145	1909.0101	1909.0101
38215	4	16964	1909.0101	1909.0101
8209	16	1746	1909.0101	1909.0101
29225	3	3307	1909.0101	1910.0
40490	4	5706	1909.0101	1910.0101
8546	4	2028	1909.0101	1910.0101
6435	4	6436	1909.0101	1912.0101
18581	4	4441	1909.0101	1912.0101
23841	4	5706	1909.0101	1912.0101
14476	4	12893	1909.0101	1912.0101
30944	4	5706	1909.0101	1912.0101
2742	4	5706	1909.0101	1913.0101
25687	4	41312	1909.0101	1913.0101
39006	4	1510	1909.0101	1914.0101
5351	17	35043	1909.0101	1914.0101
29236	4	948	1909.0101	1922.0101
11380	19	24208	1909.0101	1935.0101
1337	14	4522	1909.0101	1937.0101
4179	46	8178	1909.0101	1945.0101
26296	46	18667	1909.0101	1945.0101
1790	52	18218	1909.0109	1909.0109
21197	4	7554	1909.0109	1909.013
28985	4	7554	1909.0213	1909.032
42409	4	7554	1909.032	1914.0413
37854	25	652	1909.0401	1909.0401
22615	116	16282	1909.052	1909.052
22389	25	652	1909.0527	1909.0527
12614	40	27776	1909.0602	1909.0602
24319	71	2157	1909.061	1909.061
11432	15	5058	1909.0626	1909.0626
1247	62	19179	1909.1223	1934.0217
8627	33	673	1910.0	1910.0
10179	17	10180	1910.0	1910.0
1708	17	4046	1910.0	1910.0
20731	3	427	1910.0	1910.0
21419	38	368	1910.0	1910.0
29688	71	856	1910.0	1910.0
34840	4	4037	1910.0	1910.0
22233	3	1232	1910.0	1910.0
6201	15	15145	1910.0	1910.0
31635	71	13744	1910.0	1910.0
29991	17	16363	1910.0	1910.0
3185	3	18295	1910.0	1910.0
20731	71	13744	1910.0	1910.0
16328	38	207	1910.0	1910.0
10737	38	6932	1910.0	1910.0
7252	31	119	1910.0	1910.0
36592	4	11017	1910.0	1910.0
4257	14	15130	1910.0	1910.0
29544	17	10180	1910.0	1910.0
16081	33	40698	1910.0	1910.0
2222	38	6932	1910.0	1910.0
17007	3	13570	1910.0	1910.0
13295	33	18512	1910.0	1910.0
13519	38	6932	1910.0	1910.0
32240	15	16027	1910.0	1910.0
29544	17	16363	1910.0	1910.0
26171	4	7602	1910.0	1910.0
33530	4	11017	1910.0	1910.0
7146	15	15145	1910.0	1910.0
20766	4	11017	1910.0	1910.0
761	30	11432	1910.0	1910.0
31310	71	5421	1910.0	1910.0
40153	14	2800	1910.0	1910.0
27554	15	3129	1910.0	1910.0
42277	4	11017	1910.0	1910.0
33301	17	10180	1910.0	1910.0
17216	4	4037	1910.0	1910.0
27145	33	673	1910.0	1910.0
1289	3	13883	1910.0	1910.0
10776	3	886	1910.0	1910.0
24381	3	136	1910.0	1910.0
33432	19	15351	1910.0	1910.0
16477	17	4046	1910.0	1910.0
42511	15	14044	1910.0	1910.0
35444	3	2763	1910.0	1910.0
34624	17	10180	1910.0	1910.0
32457	17	16363	1910.0	1910.0
34216	3	5318	1910.0	1910.0
27004	17	16363	1910.0	1910.0
32089	17	4046	1910.0	1910.0
22553	3	27171	1910.0	1911.0
34364	3	29424	1910.0	1911.0
22620	41	455	1910.0	1911.0
16944	3	20348	1910.0	1911.0
11572	3	18295	1910.0	1912.0
31556	4	22572	1910.0	1912.0
35444	14	2763	1910.0	1912.0
31272	4	12893	1910.0	1913.0
23282	4	7554	1910.0	1913.0
31272	4	37316	1910.0	1913.0
23892	46	1183	1910.0	1913.0
39564	3	886	1910.0	1914.0
6138	14	1232	1910.0	1917.0
7471	14	15130	1910.0	1917.0
9262	19	11998	1910.0	1918.0
11998	19	9262	1910.0	1918.0
12831	46	2591	1910.0	1919.0
9816	33	20335	1910.0	1920.0
2857	33	21764	1910.0	1920.0
410	3	11684	1910.0	1920.063
10179	17	16363	1910.0	1920.08
33301	17	16363	1910.0	1923.1016
34624	17	16363	1910.0	1923.1016
25281	17	16363	1910.0	1923.1016
8469	19	6693	1910.0	1926.0101
4815	33	11151	1910.0	1927.0
26595	4	2443	1910.0	1927.0101
38508	33	1351	1910.0	1930.0
252	33	1631	1910.0	1938.0
17864	25	2951	1910.0	1945.0
1087	22	2003	1910.01	2017.06
12539	33	3748	1910.0101	1910.0101
11432	15	761	1910.0101	1910.0101
1526	15	15145	1910.0101	1910.0101
4098	15	10489	1910.0101	1910.0101
15351	19	33432	1910.0101	1910.0101
18043	4	5140	1910.0101	1910.0101
30550	16	1746	1910.0101	1910.0101
6972	16	1746	1910.0101	1910.0101
12932	15	14044	1910.0101	1910.0101
16732	16	1746	1910.0101	1910.0101
41563	4	13960	1910.0101	1910.0101
3697	16	1746	1910.0101	1910.0101
34824	4	260	1910.0101	1910.0101
920	16	1746	1910.0101	1910.0101
350	4	4125	1910.0101	1910.0101
17735	15	16389	1910.0101	1910.0101
16747	15	6846	1910.0101	1910.0101
42383	4	11017	1910.0101	1910.0101
8209	16	1746	1910.0101	1910.0101
18676	4	1550	1910.0101	1910.0312
29236	4	376	1910.0101	1911.0101
6032	4	172	1910.0101	1911.0101
35341	4	2792	1910.0101	1911.0101
4005	37	3417	1910.0101	1911.0101
29795	4	13878	1910.0101	1911.0101
10654	4	1781	1910.0101	1911.0101
766	37	5411	1910.0101	1911.0101
28542	33	673	1910.0101	1912.0101
18043	4	1040	1910.0101	1913.0101
8808	4	260	1910.0101	1913.0101
8808	4	5706	1910.0101	1913.0101
33120	14	3733	1910.0101	1913.0101
33120	14	24361	1910.0101	1913.0101
35335	4	25	1910.0101	1914.0101
5691	4	7411	1910.0101	1914.0101
30944	4	260	1910.0101	1915.0101
40490	4	6068	1910.0101	1915.0101
24102	4	5706	1910.0101	1915.0101
20067	4	10560	1910.0101	1916.0101
32131	19	20283	1910.0101	1918.0101
4463	14	11421	1910.0101	1918.0101
20283	19	32131	1910.0101	1918.0101
8546	4	6339	1910.0101	1920.0101
38215	4	9206	1910.0101	1921.0101
2742	4	260	1910.0101	1925.0101
33150	4	429	1910.0101	1925.0101
6693	19	8469	1910.0101	1926.0101
18868	41	38930	1910.0101	1933.0101
2003	22	1087	1910.0101	2017.0601
1736	36	9456	1910.011	1918.091
28158	4	1550	1910.0115	1911.0311
20766	4	7554	1910.0115	1914.0321
34839	4	1550	1910.0205	1910.0205
15489	4	1550	1910.0205	1910.0312
9677	4	1550	1910.0205	1913.0118
42277	4	7554	1910.0303	1911.0318
27200	48	3912	1910.0315	1910.0315
25962	14	26784	1910.0317	1912.0814
33530	4	26827	1910.0328	1914.0314
14803	40	5504	1910.0331	1910.0331
592	29	15784	1910.0502	1968.0101
341	41	2794	1910.0506	1922.1206
341	41	4435	1910.0506	1936.012
364	62	341	1910.0506	1936.012
341	41	2535	1910.0506	1936.012
27481	25	652	1910.0526	1910.0526
7701	41	296	1910.0601	1914.0531
41912	14	657	1910.0613	1910.0613
26908	25	8987	1910.0619	1934.0
822	44	12755	1910.0829	1945.0814
4240	1	1286	1910.1005	1910.1005
3633	1	1286	1910.1005	1910.1005
1286	109	3712	1910.1005	1910.1005
28830	112	11559	1910.1126	1910.1126
5049	4	5705	1911.0	1911.0
8059	25	3689	1911.0	1911.0
14939	14	1894	1911.0	1911.0
2495	3	22493	1911.0	1911.0
9454	33	887	1911.0	1911.0
21890	15	15145	1911.0	1911.0
5658	17	4046	1911.0	1911.0
27473	4	38133	1911.0	1911.0
4417	17	728	1911.0	1911.0
37133	25	897	1911.0	1911.0
18365	3	5613	1911.0	1911.0
11065	15	792	1911.0	1911.0
37223	3	29920	1911.0	1911.0
22007	15	28523	1911.0	1911.0
22437	4	7602	1911.0	1911.0
42067	25	20630	1911.0	1911.0
24738	3	1789	1911.0	1911.0
8179	15	22803	1911.0	1911.0
22815	3	1232	1911.0	1911.0
32171	15	3129	1911.0	1911.0
36389	4	2092	1911.0	1911.0
31258	3	4831	1911.0	1911.0
3185	3	5552	1911.0	1911.0
20959	3	543	1911.0	1911.0
20482	71	5421	1911.0	1911.0
27739	33	14751	1911.0	1912.0
8000	21	1757	1911.0	1912.0
27021	18	1007	1911.0	1913.0
12940	4	2092	1911.0	1913.0
34993	37	673	1911.0	1913.0
28858	3	29424	1911.0	1913.0
15847	4	6548	1911.0	1913.0
2350	3	21188	1911.0	1914.0
40407	3	14339	1911.0	1914.0
37832	3	2763	1911.0	1915.0
25854	33	6838	1911.0	1916.0
14209	33	1560	1911.0	1916.0
20597	33	4274	1911.0	1920.0
17165	19	7267	1911.0	1920.0302
23072	4	9027	1911.0	1927.0
10776	14	4516	1911.0	1929.0
9783	33	20822	1911.0	1930.0
11660	25	1970	1911.0	1934.1215
38744	4	6831	1911.0	1936.0
34766	9	7323	1911.0	1938.0
41193	25	1970	1911.0	1942.0
12940	4	27734	1911.0	1946.0
2529	27	13657	1911.0	1947.0
180	66	2529	1911.0	1947.0814
34094	19	24150	1911.0	1962.0215
9057	78	10758	1911.0	1974.0
8000	37	1288	1911.01	1912.1
8000	14	37469	1911.01	1912.1
5285	38	368	1911.0101	1911.0101
8201	52	113	1911.0101	1911.0101
6972	16	1746	1911.0101	1911.0101
20555	52	113	1911.0101	1911.0101
28158	4	5906	1911.0101	1911.0101
920	15	1746	1911.0101	1911.0101
7640	15	19207	1911.0101	1911.0101
13267	38	368	1911.0101	1911.0101
38820	38	368	1911.0101	1911.0101
27696	16	1746	1911.0101	1911.0101
6237	16	1746	1911.0101	1911.0101
8209	16	1746	1911.0101	1911.0101
31368	4	14668	1911.0101	1911.0101
3697	16	1746	1911.0101	1911.0101
38506	15	16797	1911.0101	1911.0101
28415	16	1746	1911.0101	1911.0101
920	16	1746	1911.0101	1911.0101
27554	15	13484	1911.0101	1911.0101
23841	4	260	1911.0101	1911.0101
16732	16	1746	1911.0101	1911.0101
12932	37	2520	1911.0101	1911.0101
12932	40	11649	1911.0101	1911.0101
12932	33	2520	1911.0101	1911.0101
29706	15	6865	1911.0101	1911.0101
31884	4	6636	1911.0101	1911.0101
31873	15	27611	1911.0101	1911.0101
27331	38	6932	1911.0101	1911.0101
38185	16	1746	1911.0101	1911.0101
15275	4	15276	1911.0101	1912.0101
22821	14	1687	1911.0101	1912.0101
259	4	5706	1911.0101	1912.0101
29795	4	1477	1911.0101	1912.0101
17228	37	203	1911.0101	1912.0101
10654	4	8876	1911.0101	1912.0101
1687	154	22821	1911.0101	1912.0101
33847	4	2545	1911.0101	1912.0101
35341	4	8548	1911.0101	1912.0101
25687	4	376	1911.0101	1913.0101
14209	37	1560	1911.0101	1913.0101
5358	4	4030	1911.0101	1913.0101
18043	4	2627	1911.0101	1913.0101
629	4	13283	1911.0101	1913.0101
13828	4	1197	1911.0101	1914.0101
13410	4	11365	1911.0101	1914.0101
18493	3	27171	1911.0101	1914.0101
1837	4	3836	1911.0101	1915.0101
34889	4	6167	1911.0101	1916.0101
6032	4	100	1911.0101	1919.0101
7267	19	17165	1911.0101	1920.0101
13410	4	260	1911.0101	1920.0101
14153	4	260	1911.0101	1920.0101
17961	37	203	1911.0101	1922.0101
36121	4	390	1911.0101	1924.0101
23072	4	4125	1911.0101	1924.0101
37023	4	1103	1911.0101	1931.0101
24424	14	4522	1911.0101	1945.0101
13302	12	1345	1911.0101	1949.1207
24150	19	34094	1911.0101	1962.0215
30718	14	18041	1911.013	1916.102
38377	15	1650	1911.0504	1911.0504
8233	3	6730	1911.0614	1915.0612
1190	42	1191	1911.0713	1911.0713
20769	40	21953	1911.0821	1911.0821
13988	18	3459	1911.0824	1911.0824
6931	38	973	1911.1001	1915.0401
32737	19	6290	1911.1021	1922.0401
6290	19	32737	1911.1021	1922.0401
40023	41	16655	1911.1106	1913.0219
5814	40	5504	1911.1114	1911.1114
11958	38	973	1911.112	1911.112
12090	52	113	1911.1123	1911.1123
39336	41	6751	1911.1127	1911.1127
15613	44	10501	1911.1231	1911.1231
4835	12	7525	1912.0	1912.0
11572	71	856	1912.0	1912.0
5612	3	5613	1912.0	1912.0
27845	3	5613	1912.0	1912.0
11301	71	856	1912.0	1912.0
32609	15	1650	1912.0	1912.0
24594	33	13	1912.0	1912.0
13229	15	4611	1912.0	1912.0
10737	15	872	1912.0	1912.0
13229	15	1800	1912.0	1912.0
5281	3	19852	1912.0	1912.0
24388	3	11277	1912.0	1912.0
22781	56	18680	1912.0	1912.0
7458	21	1455	1912.0	1912.0
18680	103	22781	1912.0	1912.0
19115	3	24535	1912.0	1912.0
12755	34	10501	1912.0	1912.0
24815	3	18944	1912.0	1912.0
22303	31	2904	1912.0	1912.0
22303	31	4173	1912.0	1912.0
11785	3	1017	1912.0	1912.0
22303	31	673	1912.0	1912.0
20258	38	368	1912.0	1912.0
8627	40	9078	1912.0	1912.0
29338	38	6806	1912.0	1912.0
2222	15	872	1912.0	1912.0
16565	38	368	1912.0	1912.0
998	3	9278	1912.0	1912.0
38422	3	33679	1912.0	1912.0
7490	3	472	1912.0	1912.0
16199	33	760	1912.0	1912.0
19121	15	8004	1912.0	1912.0
4835	66	13302	1912.0	1912.0
11572	71	10213	1912.0	1912.0
13039	15	25462	1912.0	1912.0
32609	25	142	1912.0	1912.0
28731	3	40689	1912.0	1912.0
8817	134	8818	1912.0	1912.0
21890	38	6932	1912.0	1912.0
9796	1	10501	1912.0	1912.0
6058	30	1095	1912.0	1912.0
16328	15	872	1912.0	1912.0
7340	3	7341	1912.0	1913.0
35048	3	17537	1912.0	1914.0
32344	4	2092	1912.0	1914.0
12755	34	13302	1912.0	1915.0
3194	3	5211	1912.0	1915.0
11920	38	973	1912.0	1915.1117
6009	3	10393	1912.0	1916.0
11572	14	20447	1912.0	1917.0
13223	14	14683	1912.0	1918.0
10229	1	27242	1912.0	1918.1201
32344	4	10437	1912.0	1919.0
16061	4	8400	1912.0	1920.0
3578	14	2171	1912.0	1920.0
16089	33	17937	1912.0	1927.0
12579	46	1183	1912.0	1927.0
9796	1	13302	1912.0	1932.0
24290	14	2167	1912.0	1941.0
764	1	13302	1912.0	1949.0
1370	21	13302	1912.0	1949.0
9189	21	13302	1912.0	1949.0
21871	44	13302	1912.0	1949.0
25327	46	1183	1912.0	1951.0
8209	16	1746	1912.0101	1912.0101
4322	4	1277	1912.0101	1912.0101
1095	15	6058	1912.0101	1912.0101
11319	3	19953	1912.0101	1912.0101
7640	15	1746	1912.0101	1912.0101
24594	37	13	1912.0101	1912.0101
7083	16	1746	1912.0101	1912.0101
9878	1	10501	1912.0101	1912.0101
28406	15	6846	1912.0101	1912.0101
15599	15	22836	1912.0101	1912.0101
7640	16	1746	1912.0101	1912.0101
27331	15	872	1912.0101	1912.0101
6805	15	872	1912.0101	1912.0101
5285	15	15145	1912.0101	1912.0101
18581	4	12792	1912.0101	1912.0101
1322	15	20665	1912.0101	1912.0101
19837	16	1746	1912.0101	1912.0101
23809	15	34064	1912.0101	1912.0101
2628	16	1746	1912.0101	1912.0101
22323	25	3828	1912.0101	1912.0101
30280	37	3417	1912.0101	1912.0101
6237	16	1746	1912.0101	1912.0101
5821	15	6865	1912.0101	1912.0101
3697	16	1746	1912.0101	1912.0101
28635	38	6806	1912.0101	1912.0101
28415	16	1746	1912.0101	1912.0101
13267	15	872	1912.0101	1912.0101
30249	15	11425	1912.0101	1912.0101
16732	16	1746	1912.0101	1912.0101
12294	15	872	1912.0101	1912.0101
13809	15	20665	1912.0101	1912.0101
18683	15	486	1912.0101	1912.0101
15272	37	3	1912.0101	1912.0101
38820	15	872	1912.0101	1912.0101
40490	4	260	1912.0101	1912.0101
4141	16	1746	1912.0101	1912.0101
38185	16	1746	1912.0101	1912.0101
26932	15	20665	1912.0101	1912.0101
23841	4	429	1912.0101	1913.0101
28849	33	4332	1912.0101	1913.0101
18581	4	4441	1912.0101	1913.0101
29795	4	390	1912.0101	1913.0101
15275	4	1620	1912.0101	1913.0101
16674	4	6068	1912.0101	1913.0101
20776	37	3	1912.0101	1913.0101
38215	4	5200	1912.0101	1913.0101
30443	4	247	1912.0101	1914.0101
10654	4	1781	1912.0101	1914.0101
35341	4	20064	1912.0101	1914.0101
9587	4	9113	1912.0101	1914.0101
30111	14	1687	1912.0101	1915.0101
259	4	429	1912.0101	1915.0101
19060	4	12426	1912.0101	1915.0101
29378	3	16889	1912.0101	1915.0101
6435	4	4196	1912.0101	1915.0101
1687	154	30111	1912.0101	1915.0101
30944	4	429	1912.0101	1915.0101
33847	4	6257	1912.0101	1917.0101
28366	33	23487	1912.0101	1919.0101
11120	4	260	1912.0101	1920.0101
12243	4	1646	1912.0101	1920.0101
33150	4	260	1912.0101	1921.0101
28542	41	40635	1912.0101	1927.0101
8211	14	4522	1912.0101	1930.0101
35585	14	4522	1912.0101	1932.0101
15613	44	13302	1912.0101	1932.0229
3094	44	13302	1912.0101	1937.1204
3094	1	1087	1912.0101	1937.1204
14301	44	13302	1912.0101	1937.1213
9878	1	13302	1912.0101	1937.1213
28542	33	11000	1912.0101	1939.0101
13601	1	13302	1912.0101	1949.0712
16286	21	13302	1912.0101	1949.093
13	29	4361	1912.0106	1912.0106
37632	4	1550	1912.012	1912.0325
23751	4	7554	1912.012	1913.0316
27105	76	27106	1912.0127	1912.0127
19431	38	4222	1912.013	1912.013
13	29	216	1912.0214	1912.0214
27680	40	5680	1912.0302	1912.0302
27680	52	34748	1912.0302	1912.0302
23760	40	5504	1912.0305	1912.0305
30566	40	5504	1912.0318	1912.0318
36813	4	7484	1912.0325	1912.0325
30718	38	4222	1912.0404	1913.0505
21517	40	29926	1912.0414	1912.0414
26305	41	27817	1912.0514	1947.042
796	62	26305	1912.0514	1947.042
26765	65	16966	1912.0515	1912.0515
16966	34	26004	1912.0515	1912.0515
5169	48	3912	1912.0519	1912.0519
3121	15	5058	1912.0614	1912.0614
24053	41	1954	1912.0715	1912.0715
22323	9	22324	1912.0717	1946.0101
22323	78	531	1912.0717	1946.0101
25962	14	26784	1912.0814	1919.043
16016	3	10693	1912.1	1912.1
8000	14	23414	1912.1	1914.0
2294	1	814	1912.1027	1912.1027
17798	25	652	1912.1031	1912.1031
10229	1	1455	1912.112	1912.112
1388	1	1455	1912.1129	1912.1129
1388	1	27242	1912.1129	1915.1129
10737	38	368	1913.0	1913.0
12750	71	12751	1913.0	1913.0
13519	38	368	1913.0	1913.0
19173	18	1336	1913.0	1913.0
26173	15	2796	1913.0	1913.0
20563	15	16190	1913.0	1913.0
7146	38	6932	1913.0	1913.0
24388	3	11277	1913.0	1913.0
13519	15	872	1913.0	1913.0
34167	15	34168	1913.0	1913.0
13286	14	24095	1913.0	1913.0
29732	3	1139	1913.0	1913.0
20258	15	872	1913.0	1913.0
21793	1	1455	1913.0	1913.0
8000	145	5555	1913.0	1913.0
40495	15	3129	1913.0	1913.0
34225	3	9506	1913.0	1913.0
2222	38	368	1913.0	1913.0
5501	30	1322	1913.0	1913.0
15004	44	133	1913.0	1913.0
7656	25	4659	1913.0	1913.0
27910	4	12893	1913.0	1913.0
18910	30	4653	1913.0	1913.0
341	15	792	1913.0	1913.0
23691	4	27734	1913.0	1913.0
16016	3	1139	1913.0	1913.0
25281	15	5058	1913.0	1913.0
1753	3	2763	1913.0	1913.0
30282	14	12741	1913.0	1914.0
35832	4	27892	1913.0	1914.0
24647	14	19643	1913.0	1915.0
29819	3	31196	1913.0	1915.0
13934	1	796	1913.0	1916.0
23892	3	6593	1913.0	1916.0
16549	3	2763	1913.0	1917.0
24530	4	10437	1913.0	1919.0
24530	4	2092	1913.0	1919.0
28223	4	2092	1913.0	1920.0
31556	4	1835	1913.0	1922.0
32498	14	9999	1913.0	1923.0
11648	40	11649	1913.0	1925.0
33847	41	455	1913.0	1928.0
30330	14	6502	1913.0	1934.0
6502	9	30330	1913.0	1934.0
34993	37	119	1913.0	1946.0
17639	25	5514	1913.0	1969.0
1087	22	3085	1913.0	1971.0
15382	1	3	1913.0	2016.0
6237	16	1746	1913.0101	1913.0101
12294	38	368	1913.0101	1913.0101
17228	37	203	1913.0101	1913.0101
4653	15	18910	1913.0101	1913.0101
26422	16	1746	1913.0101	1913.0101
2628	16	1746	1913.0101	1913.0101
18950	15	6846	1913.0101	1913.0101
4141	16	1746	1913.0101	1913.0101
29225	33	264	1913.0101	1913.0101
19837	16	1746	1913.0101	1913.0101
10629	15	20290	1913.0101	1913.0101
8822	16	1746	1913.0101	1913.0101
15272	15	14044	1913.0101	1913.0101
5285	15	872	1913.0101	1913.0101
15275	4	15276	1913.0101	1913.0101
18821	4	4807	1913.0101	1913.0101
3697	16	1746	1913.0101	1913.0101
4653	15	9753	1913.0101	1913.0101
37133	15	20665	1913.0101	1913.0101
6624	16	1746	1913.0101	1913.0101
16826	15	20665	1913.0101	1913.0101
20158	33	383	1913.0101	1913.0101
35503	15	20665	1913.0101	1913.0101
23443	15	27236	1913.0101	1913.0101
16732	16	1746	1913.0101	1913.0101
12432	3	8689	1913.0101	1913.0101
29225	33	6606	1913.0101	1913.0101
5343	16	1746	1913.0101	1913.0101
42383	4	14982	1913.0101	1913.0101
29316	37	4405	1913.0101	1913.0101
19626	3	8689	1913.0101	1913.0101
8209	16	1746	1913.0101	1913.0101
1322	15	5501	1913.0101	1913.0101
38185	16	1746	1913.0101	1913.0101
28220	37	383	1913.0101	1913.0101
18545	4	247	1913.0101	1914.0101
39384	4	40723	1913.0101	1914.0101
16674	4	10996	1913.0101	1914.0101
29795	4	2792	1913.0101	1914.0101
27755	4	15967	1913.0101	1914.0101
27755	4	17352	1913.0101	1914.0101
5358	4	29906	1913.0101	1914.0101
18043	4	1646	1913.0101	1915.0101
10986	4	15032	1913.0101	1915.0101
23841	4	15032	1913.0101	1915.0101
1503	19	4559	1913.0101	1915.0101
4559	19	1503	1913.0101	1915.0101
2579	4	10996	1913.0101	1915.0101
8808	4	429	1913.0101	1915.0101
2742	4	6068	1913.0101	1917.0101
34174	19	23798	1913.0101	1917.0101
23798	19	34174	1913.0101	1917.0101
25687	4	17118	1913.0101	1919.0101
2925	4	15129	1913.0101	1919.0101
18581	4	12792	1913.0101	1919.0101
24444	4	1766	1913.0101	1920.0101
11603	4	1766	1913.0101	1920.0101
28849	33	10784	1913.0101	1921.0101
12106	33	2478	1913.0101	1921.0101
22650	4	374	1913.0101	1921.0101
10205	4	20064	1913.0101	1923.0101
39597	4	7554	1913.0101	1923.0101
23014	4	390	1913.0101	1923.0101
11120	4	6068	1913.0101	1924.0101
24984	4	4901	1913.0101	1926.0101
1164	4	29830	1913.0101	1926.0101
24725	4	22945	1913.0101	1927.0101
29907	37	203	1913.0101	1933.0101
34993	41	6768	1913.0101	1946.0114
3085	22	1087	1913.0101	1971.0101
15464	4	7554	1913.0104	1923.0402
13934	40	1483	1913.0131	1913.0131
33145	4	1550	1913.0201	1913.0201
36536	4	1550	1913.0201	1914.0117
3660	4	1550	1913.0201	1914.0314
39154	4	1550	1913.0201	1914.0314
29974	25	2253	1913.0304	1913.0304
3170	40	3823	1913.0304	1913.0304
6000	4	17417	1913.0315	1913.0315
37314	38	368	1913.0401	1913.0401
1087	22	211	1913.0408	1973.0
211	22	1087	1913.0408	1973.0101
30718	38	6932	1913.0506	1917.101
8820	1	1455	1913.053	1913.053
3392	1	27242	1913.053	1918.113
8820	1	962	1913.053	1918.1201
29991	15	5058	1913.0612	1913.0612
16767	41	6946	1913.0624	1914.0917
6077	25	142	1913.0626	1913.0626
10117	3	7817	1913.07	1917.0
29256	45	6325	1913.0701	1913.0701
9952	41	7796	1913.0701	1932.052
3742	18	3459	1913.0725	1913.0725
24928	41	4063	1913.091	1913.1231
673	70	24928	1913.091	1913.1231
8822	15	1746	1913.1113	1913.1113
1746	30	8822	1913.1113	1913.1113
12135	40	11649	1913.1122	1913.1122
40157	15	5438	1913.1206	1913.1206
33870	33	13	1913.1223	1913.1223
2745	3	2746	1914.0	1914.0
18018	15	18019	1914.0	1914.0
12176	15	18988	1914.0	1914.0
18049	15	18019	1914.0	1914.0
36987	149	13	1914.0	1914.0
37223	33	1195	1914.0	1914.0
6778	12	12905	1914.0	1914.0
38370	15	32481	1914.0	1914.0
8805	31	264	1914.0	1914.0
22328	4	38718	1914.0	1914.0
3718	14	17076	1914.0	1914.0
41648	19	21018	1914.0	1914.0
25569	41	973	1914.0	1914.0
25569	15	792	1914.0	1914.0
18624	15	25462	1914.0	1914.0
1948	15	18988	1914.0	1914.0
4637	30	19821	1914.0	1914.0
8805	31	2904	1914.0	1914.0
21419	38	6806	1914.0	1914.0
6605	3	1017	1914.0	1914.0
27145	33	673	1914.0	1914.0
14760	4	12893	1914.0	1914.0
18140	30	1322	1914.0	1914.0
17369	3	5613	1914.0	1914.0
5773	27	5772	1914.0	1914.0
20731	71	22885	1914.0	1914.0
12275	3	5038	1914.0	1914.0
37340	4	16159	1914.0	1914.0
21890	38	368	1914.0	1914.0
21890	15	872	1914.0	1914.0
16328	38	6932	1914.0	1914.0
24583	21	13	1914.0	1914.0
17509	3	2365	1914.0	1915.0
26272	3	3002	1914.0	1917.0
17315	41	1092	1914.0	1917.09
6637	23	636	1914.0	1918.0
31300	17	31301	1914.0	1919.0
30124	46	352	1914.0	1919.0
19112	4	20802	1914.0	1920.0
6089	17	21474	1914.0	1921.0
35048	3	5038	1914.0	1921.0
42415	33	29	1914.0	1921.0
3744	17	8594	1914.0	1924.0
5773	27	663	1914.0	1925.0801
12460	41	3698	1914.0	1926.0
29218	40	11649	1914.0	1931.0
8000	14	8044	1914.0	1933.0
8000	14	395	1914.0	1933.0
12940	4	7602	1914.0	1933.0
14760	4	6548	1914.0	1935.0
30282	14	4516	1914.0	1939.0
22709	21	13302	1914.0	1949.0
484	27	26965	1914.0	1991.1212
41276	33	673	1914.0	1996.1011
5279	33	119	1914.0101	1914.0101
11568	15	27611	1914.0101	1914.0101
33903	15	6846	1914.0101	1914.0101
16732	16	1746	1914.0101	1914.0101
25513	15	36256	1914.0101	1914.0101
36364	16	1746	1914.0101	1914.0101
37298	15	6846	1914.0101	1914.0101
29033	15	20134	1914.0101	1914.0101
15599	15	14555	1914.0101	1914.0101
33739	3	8689	1914.0101	1914.0101
14043	37	3417	1914.0101	1914.0101
19821	15	22760	1914.0101	1914.0101
39384	4	15769	1914.0101	1914.0101
2628	16	1746	1914.0101	1914.0101
33729	16	1746	1914.0101	1914.0101
39361	15	7955	1914.0101	1914.0101
17667	4	6216	1914.0101	1914.0101
6891	3	7800	1914.0101	1914.0101
6237	16	1746	1914.0101	1914.0101
14209	37	1300	1914.0101	1914.0101
17228	37	203	1914.0101	1914.0101
6624	16	1746	1914.0101	1914.0101
20656	3	8689	1914.0101	1914.0101
18545	4	4030	1914.0101	1914.0101
21018	19	41648	1914.0101	1914.0101
35248	40	4943	1914.0101	1914.0101
18089	15	14555	1914.0101	1914.0101
19837	16	1746	1914.0101	1914.0101
27331	38	368	1914.0101	1914.0101
8209	16	1746	1914.0101	1914.0101
29623	15	20665	1914.0101	1914.0101
1322	15	18140	1914.0101	1914.0101
9587	4	2547	1914.0101	1915.0101
30443	4	100	1914.0101	1915.0101
39006	4	5307	1914.0101	1915.0101
5267	4	9926	1914.0101	1915.0101
29795	4	6570	1914.0101	1915.0101
35335	4	2809	1914.0101	1915.0101
13410	4	6068	1914.0101	1916.0101
35341	4	14212	1914.0101	1916.0101
10654	4	14212	1914.0101	1917.0101
4890	46	2591	1914.0101	1918.0101
36551	4	5359	1914.0101	1918.0101
6733	18	1007	1914.0101	1918.0101
22541	23	636	1914.0101	1918.0101
10025	4	12185	1914.0101	1919.0101
5358	4	5359	1914.0101	1921.0101
19060	4	260	1914.0101	1921.0101
20940	4	390	1914.0101	1923.0101
8242	4	7484	1914.0101	1924.0518
18581	4	376	1914.0101	1926.0101
13828	4	2547	1914.0101	1927.0101
6649	19	26239	1914.0101	1932.0101
26239	19	6649	1914.0101	1932.0101
20382	4	20383	1914.0101	1933.0101
28580	46	352	1914.0101	1937.0101
8201	133	16018	1914.0101	1947.0101
29153	4	1550	1914.0117	1914.0314
29066	4	7554	1914.0117	1914.0321
9488	25	325	1914.0119	1914.0119
19729	4	17417	1914.0207	1914.0228
2628	25	652	1914.0212	1914.0212
1193	48	3912	1914.0213	1914.0213
1000	80	29414	1914.0217	1917.033
29414	41	1000	1914.0217	1917.033
8000	37	383	1914.04	1933.0
10447	4	7554	1914.0413	1914.0413
36574	40	5504	1914.0415	1914.0415
1517	15	1650	1914.0507	1914.0507
1517	25	142	1914.0507	1914.0507
16017	40	5680	1914.0511	1914.0511
11338	41	6751	1914.0525	1914.0525
7701	41	296	1914.0601	1919.1207
17595	21	3776	1914.062	1918.0
32765	71	25435	1914.07	1914.07
6716	37	19824	1914.0701	1914.0701
41934	242	119	1914.0801	1914.0801
32947	23	636	1914.0803	1918.1111
8538	38	8539	1914.0808	1914.0808
11338	41	1160	1914.0903	1922.0122
4890	23	29296	1914.1	1914.1
41934	133	1147	1914.1009	1914.1026
5489	62	27074	1914.101	1927.072
9193	112	18789	1914.1102	1914.1102
36429	40	5504	1914.1125	1914.1125
4890	15	18019	1914.1202	1914.1202
2495	3	1017	1915.0	1915.0
10914	30	10915	1915.0	1915.0
26322	3	5038	1915.0	1915.0
31635	3	5038	1915.0	1915.0
31635	71	856	1915.0	1915.0
14474	17	728	1915.0	1915.0
582	3	9586	1915.0	1915.0
21390	15	18988	1915.0	1915.0
4525	3	22819	1915.0	1915.0
1606	33	1560	1915.0	1915.0
9454	33	22508	1915.0	1915.0
26079	15	18988	1915.0	1915.0
13286	14	34474	1915.0	1915.0
13229	15	18988	1915.0	1915.0
8440	3	1017	1915.0	1915.0
9003	17	728	1915.0	1915.0
16526	3	8653	1915.0	1915.0
761	30	12505	1915.0	1915.0
33209	38	3283	1915.0	1915.0
20577	38	36295	1915.0	1915.0
23197	15	32481	1915.0	1915.0
37824	3	14421	1915.0	1916.0
36676	3	5026	1915.0	1916.0
8851	3	1178	1915.0	1916.0
6138	14	4708	1915.0	1917.0
39226	41	4626	1915.0	1917.0
372	46	352	1915.0	1918.0
28700	4	19037	1915.0	1918.0
42481	46	4813	1915.0	1918.0
12506	19	25006	1915.0	1919.0
38177	19	10901	1915.0	1924.0
39226	41	1092	1915.0	1946.0
14234	18	1448	1915.0	1947.0
34216	18	4626	1915.0	1950.0
9186	18	1587	1915.0	1953.0
19211	1	1662	1915.0	1960.0
6805	38	6806	1915.0101	1915.0101
6891	3	886	1915.0101	1915.0101
18188	15	14044	1915.0101	1915.0101
12505	15	761	1915.0101	1915.0101
6624	16	1746	1915.0101	1915.0101
33729	16	1746	1915.0101	1915.0101
5285	38	6806	1915.0101	1915.0101
8209	16	1746	1915.0101	1915.0101
2628	16	1746	1915.0101	1915.0101
6856	16	1746	1915.0101	1915.0101
28654	40	11649	1915.0101	1915.0101
4026	15	486	1915.0101	1915.0101
36364	16	1746	1915.0101	1915.0101
6237	16	1746	1915.0101	1915.0101
6856	15	1746	1915.0101	1915.0101
3697	16	1746	1915.0101	1915.0101
20923	15	37342	1915.0101	1915.0101
3740	33	4405	1915.0101	1915.0101
8054	15	10489	1915.0101	1915.0101
13267	38	6806	1915.0101	1915.0101
15275	4	4030	1915.0101	1915.0101
1526	38	6806	1915.0101	1915.0101
10915	15	10914	1915.0101	1915.0101
18683	16	1746	1915.0101	1915.0101
19837	16	1746	1915.0101	1915.0101
38185	16	1746	1915.0101	1915.0101
10986	4	429	1915.0101	1916.0101
2579	4	429	1915.0101	1916.0101
14153	4	2547	1915.0101	1917.0101
30944	4	5706	1915.0101	1919.0101
1837	4	1374	1915.0101	1919.0101
259	4	5706	1915.0101	1919.0101
25006	19	12506	1915.0101	1919.0101
19060	4	1374	1915.0101	1920.0101
2579	4	260	1915.0101	1921.0101
36033	37	715	1915.0101	1922.0101
31432	19	36663	1915.0101	1923.0101
36663	19	31432	1915.0101	1923.0101
10901	19	38177	1915.0101	1924.0101
259	4	260	1915.0101	1929.0101
6403	15	10555	1915.011	1915.011
39086	38	5387	1915.0215	1915.0215
6931	38	4222	1915.0401	1917.0901
41216	23	636	1915.0401	1918.1111
29718	19	15292	1915.0428	1939.0407
15292	19	29718	1915.0428	1939.0407
42315	33	3022	1915.0501	1915.0501
29148	25	8031	1915.0506	1915.0506
6727	48	3912	1915.0601	1915.0601
31750	15	7863	1915.0603	1915.0603
28580	15	7863	1915.0603	1915.0603
8233	46	8178	1915.0612	1959.0
3170	40	1483	1915.0619	1915.0619
5794	25	2951	1915.062	1944.1121
39086	15	18988	1915.0621	1915.0621
19805	18	3459	1915.0824	1945.0402
11975	46	8801	1915.09	1948.0
6716	37	9326	1915.0901	1916.0101
15068	19	8552	1915.1025	1925.0312
8552	19	15068	1915.1025	1925.0312
6403	15	18988	1915.1027	1915.1027
6945	41	6946	1915.1027	1923.0209
24388	18	3459	1915.1028	1951.0304
17798	15	5438	1915.1101	1915.1101
23832	71	3977	1915.1101	1915.1101
33871	15	18988	1915.111	1915.111
11920	38	4222	1915.1117	1918.0
1388	1	1760	1915.1129	1918.0929
6848	15	6291	1915.1204	1915.1204
16565	38	6806	1916.0	1916.0
24738	3	5038	1916.0	1916.0
31310	71	856	1916.0	1916.0
16328	38	368	1916.0	1916.0
23807	15	34869	1916.0	1916.0
27554	15	7955	1916.0	1916.0
25941	38	6932	1916.0	1916.0
16565	23	636	1916.0	1916.0
31157	3	30070	1916.0	1916.0
19008	3	14123	1916.0	1916.0
13519	23	636	1916.0	1916.0
23807	15	8243	1916.0	1916.0
10737	38	6806	1916.0	1916.0
2222	38	6806	1916.0	1916.0
21295	15	18988	1916.0	1916.0
28411	15	18988	1916.0	1916.0
36563	18	1336	1916.0	1916.0
6201	23	636	1916.0	1916.0
6945	17	2412	1916.0	1916.0
13519	38	6806	1916.0	1916.0
13905	15	25462	1916.0	1916.0
11802	3	904	1916.0	1916.0
14035	3	2763	1916.0	1916.0
4516	25	33299	1916.0	1916.0
7146	38	368	1916.0	1916.0
20258	38	6806	1916.0	1916.0
20258	23	636	1916.0	1916.0
10372	15	18140	1916.0	1916.0
761	30	18442	1916.0	1916.0
8260	71	13744	1916.0	1916.0
42222	15	26834	1916.0	1916.0
29338	23	636	1916.0	1916.0
20726	15	5058	1916.0	1916.0
36562	15	792	1916.0	1916.0
6077	15	3129	1916.0	1916.0
4534	3	2613	1916.0	1916.0
18140	30	10372	1916.0	1916.0
28354	15	14555	1916.0	1916.0
13288	38	6806	1916.0	1916.0
33871	38	5387	1916.0	1916.0
13288	23	636	1916.0	1916.0
20509	15	10841	1916.0	1916.0
6403	15	5438	1916.0	1916.0
420	3	543	1916.0	1916.0
19431	38	4930	1916.0	1916.0
35906	18	1007	1916.0	1917.0
16840	17	37364	1916.0	1917.0
37824	3	939	1916.0	1917.0
26736	137	35829	1916.0	1917.02
9430	23	636	1916.0	1918.0
21419	23	636	1916.0	1918.0
10737	23	636	1916.0	1918.0
21890	23	636	1916.0	1918.0
8000	14	30842	1916.0	1918.0
7146	23	636	1916.0	1918.0
30842	9	8000	1916.0	1918.0
2222	23	636	1916.0	1918.0
16328	23	636	1916.0	1918.0
14209	33	29	1916.0	1918.1107
5821	41	1366	1916.0	1920.0
25854	33	1300	1916.0	1923.0
10557	41	2157	1916.0	1930.0
11997	33	914	1916.0	1932.0
12755	34	13302	1916.0	1940.0
3194	46	352	1916.0	1943.0626
34046	14	939	1916.0	1945.0
33404	46	352	1916.0	1956.0
40434	46	692	1916.0	1956.0
3812	46	1183	1916.0	1957.0
8209	16	1746	1916.0101	1916.0101
10288	16	1746	1916.0101	1916.0101
28011	15	486	1916.0101	1916.0101
12294	38	6806	1916.0101	1916.0101
18442	15	761	1916.0101	1916.0101
12294	23	636	1916.0101	1916.0101
30461	15	34064	1916.0101	1916.0101
4026	15	39868	1916.0101	1916.0101
26783	15	13832	1916.0101	1916.0101
6237	16	1746	1916.0101	1916.0101
6856	16	1746	1916.0101	1916.0101
28635	23	636	1916.0101	1916.0101
3697	16	1746	1916.0101	1916.0101
7385	15	36256	1916.0101	1916.0101
38820	38	6806	1916.0101	1916.0101
37722	15	6846	1916.0101	1916.0101
19837	16	1746	1916.0101	1916.0101
26422	16	1746	1916.0101	1916.0101
32725	4	5946	1916.0101	1916.0101
2674	16	1746	1916.0101	1916.0101
6805	23	636	1916.0101	1916.0101
38185	16	1746	1916.0101	1916.0101
38185	15	1746	1916.0101	1916.0101
5285	23	636	1916.0101	1917.0101
41563	4	13847	1916.0101	1917.0101
41933	4	2443	1916.0101	1917.0101
38820	23	636	1916.0101	1918.0101
13267	23	636	1916.0101	1918.0101
1526	23	636	1916.0101	1918.0101
27331	23	636	1916.0101	1918.0101
32336	19	8431	1916.0101	1919.0101
30443	4	4580	1916.0101	1919.0101
8431	19	32336	1916.0101	1919.0101
13747	41	6768	1916.0101	1919.0101
40815	4	3671	1916.0101	1919.0101
22715	4	13439	1916.0101	1920.0101
10986	4	10987	1916.0101	1920.0101
6716	37	24095	1916.0101	1921.0101
24102	4	5706	1916.0101	1922.0101
39305	4	6636	1916.0101	1924.0101
25463	14	24639	1916.0101	1932.0101
14202	33	383	1916.0101	1933.0101
34184	41	27147	1916.0101	1934.0101
24235	46	1183	1916.0101	1950.0101
40293	19	34591	1916.0101	1978.0101
34591	19	40293	1916.0101	1978.0101
31415	25	5521	1916.0101	1994.0215
19431	38	207	1916.0116	1916.0116
5232	46	4813	1916.0201	1919.0
27182	21	113	1916.0309	1916.0309
28918	3	32490	1916.0312	1916.0312
6848	15	23786	1916.043	1916.043
26661	15	7863	1916.0502	1916.0502
5153	19	8233	1916.0701	1969.0328
8233	19	5153	1916.0701	1969.0328
32973	105	30896	1916.0719	1916.0719
30896	28	32973	1916.0719	1916.0719
6403	15	18988	1916.072	1916.072
35640	41	35177	1916.0818	1916.121
6848	15	17229	1916.0916	1916.0916
24883	33	19668	1916.1	1916.1
24883	33	5022	1916.1	1920.0
22581	46	4813	1916.1006	1918.1227
9430	15	580	1916.1014	1916.1014
13267	15	580	1916.1027	1916.1027
3795	40	5504	1916.1029	1916.1029
4317	1	22957	1916.1105	1918.111
12577	1	22957	1916.1105	1918.111
821	1	22957	1916.1105	1918.111
10439	1	22957	1916.1105	1918.111
10578	1	22957	1916.1105	1918.1111
29066	46	4600	1916.1113	1916.1113
31436	15	3163	1916.1114	1916.1114
13934	1	613	1916.1122	1932.0726
28580	15	2783	1916.1212	1916.1212
32737	40	20289	1916.123	1916.123
6290	40	20289	1916.123	1916.123
3548	1	133	1917.0	1917.0
11230	1	133	1917.0	1917.0
11765	1	133	1917.0	1917.0
4534	46	8178	1917.0	1917.0
14209	21	133	1917.0	1917.0
3450	17	12759	1917.0	1917.0
8646	3	722	1917.0	1917.0
281	30	6107	1917.0	1917.0
17843	85	25900	1917.0	1917.0
21520	78	119	1917.0	1917.0
29619	3	4516	1917.0	1917.0
16328	38	6806	1917.0	1917.0
14209	21	716	1917.0	1917.0
37337	21	715	1917.0	1917.0
11542	1	133	1917.0	1917.0
6626	44	12841	1917.0	1917.0
20220	17	728	1917.0	1917.0
2026	21	133	1917.0	1917.0
2350	21	133	1917.0	1917.0
26079	38	5387	1917.0	1917.0
19803	3	6282	1917.0	1917.0
7340	3	40494	1917.0	1917.0
1948	38	5387	1917.0	1917.0
24411	15	18019	1917.0	1917.0
27291	3	16600	1917.0	1917.0
1708	17	27854	1917.0	1917.0
40132	25	40672	1917.0	1917.0
37476	15	3163	1917.0	1917.0
6242	17	728	1917.0	1917.0
1746	30	6237	1917.0	1917.0
7340	46	13024	1917.0	1917.0
1746	30	26422	1917.0	1917.0
8984	1	133	1917.0	1917.0
7146	38	6806	1917.0	1917.0
5658	17	27854	1917.0	1917.0
17831	21	133	1917.0	1917.0
2350	33	137	1917.0	1917.0
9430	15	8243	1917.0	1917.0
36517	15	25566	1917.0	1917.0
22233	15	5058	1917.0	1917.0
27145	112	8810	1917.0	1917.0
4839	33	35030	1917.0	1917.0
27145	40	29988	1917.0	1917.0
23960	1	133	1917.0	1917.0
33871	15	580	1917.0	1917.0
33871	15	4180	1917.0	1917.0
37696	17	17843	1917.0	1917.0
16477	17	27854	1917.0	1917.0
529	1	133	1917.0	1917.0
23023	25	3414	1917.0	1917.0
3078	3	16596	1917.0	1917.0
11230	1	1256	1917.0	1917.0
21890	38	6806	1917.0	1917.0
15558	1	1256	1917.0	1917.0
12664	3	4516	1917.0	1918.0
2495	46	8178	1917.0	1918.0
24541	46	1183	1917.0	1918.0
30918	38	973	1917.0	1918.0
17007	46	8178	1917.0	1919.0
28310	46	8178	1917.0	1919.0
7340	23	636	1917.0	1919.0
28731	38	973	1917.0	1919.0
7471	14	21377	1917.0	1919.0
16140	46	1183	1917.0	1919.0
19803	23	636	1917.0	1919.0
19803	46	8178	1917.0	1919.0
23503	46	8178	1917.0	1919.0
28731	46	8178	1917.0	1919.0
38143	41	25833	1917.0	1920.0
38718	4	15008	1917.0	1920.0
7443	14	8651	1917.0	1920.0
32322	46	8178	1917.0	1920.0
37696	17	25900	1917.0	1921.07
12720	44	32703	1917.0	1921.1018
38039	41	455	1917.0	1922.0
13091	3	28551	1917.0	1923.0
6945	17	35903	1917.0	1929.0
8000	14	22973	1917.0	1933.0
16874	14	4562	1917.0	1941.0
6742	19	1867	1917.0	1941.0621
1867	19	6742	1917.0	1941.0621
36956	41	5485	1917.0	1945.0
11536	1	73	1917.0	1991.0
19837	16	1746	1917.0101	1917.0101
5165	15	9753	1917.0101	1917.0101
23577	15	6865	1917.0101	1917.0101
30837	1	133	1917.0101	1917.0101
6891	33	10961	1917.0101	1917.0101
18089	15	20134	1917.0101	1917.0101
29378	71	856	1917.0101	1917.0101
6237	15	1746	1917.0101	1917.0101
34221	18	1448	1917.0101	1917.0101
13410	4	2545	1917.0101	1917.0101
6237	16	1746	1917.0101	1917.0101
20923	15	22836	1917.0101	1917.0101
22570	15	40725	1917.0101	1917.0101
6624	16	1746	1917.0101	1917.0101
669	15	39868	1917.0101	1917.0101
3740	33	332	1917.0101	1917.0101
22852	15	3163	1917.0101	1917.0101
6107	15	281	1917.0101	1917.0101
26422	15	1746	1917.0101	1917.0101
26422	16	1746	1917.0101	1917.0101
27331	38	6806	1917.0101	1917.0101
2674	16	1746	1917.0101	1917.0101
8209	16	1746	1917.0101	1917.0101
33704	4	25	1917.0101	1918.0101
36121	4	552	1917.0101	1918.0101
41933	4	6910	1917.0101	1918.0101
37436	9	34155	1917.0101	1918.0101
23832	14	24639	1917.0101	1918.0529
10654	4	18279	1917.0101	1919.0101
20067	4	10560	1917.0101	1919.0101
3403	3	8294	1917.0101	1921.0101
28298	4	1931	1917.0101	1926.0101
7242	4	10220	1917.0101	1926.0101
29950	3	34887	1917.0101	1927.0101
17897	14	4522	1917.0101	1929.0101
29378	14	12323	1917.0101	1934.0101
6891	40	11649	1917.0101	1943.0101
766	37	119	1917.0101	1969.0101
3103	70	25014	1917.0116	1919.0516
3740	40	36795	1917.0213	1917.0213
9186	21	133	1917.0227	1917.0227
3548	44	133	1917.0228	1917.0228
3548	1	1256	1917.0228	1917.1025
3548	44	1256	1917.0228	1917.1125
7146	15	580	1917.023	1917.023
1526	15	580	1917.023	1917.023
27197	17	17843	1917.03	1917.03
34046	23	636	1917.03	1917.03
32270	21	133	1917.03	1917.03
27197	17	25900	1917.03	1917.03
644	17	728	1917.03	1917.03
36999	44	133	1917.03	1917.0913
32270	21	1256	1917.03	1917.11
12594	1	133	1917.0301	1917.0301
7958	1	133	1917.0301	1917.0301
1827	1	133	1917.0301	1917.0301
28753	1	133	1917.0301	1917.0301
1368	1	133	1917.0301	1917.0301
10062	1	133	1917.0302	1917.0302
14499	1	133	1917.0302	1917.0302
1254	1	133	1917.0302	1917.0302
39302	1	133	1917.0302	1917.0302
7958	1	1256	1917.0302	1917.1024
536	1	1256	1917.0302	1917.1024
6306	1	1256	1917.0302	1917.1024
403	1	1256	1917.0302	1917.1024
12594	1	1256	1917.0302	1917.1024
1717	1	1256	1917.0302	1917.1025
14499	1	1256	1917.0302	1917.1025
10062	1	1256	1917.0302	1917.1025
7975	1	1256	1917.0302	1917.1025
28753	1	1256	1917.0302	1917.1025
5726	1	1256	1917.0302	1917.1025
1254	1	1256	1917.0302	1917.1025
8743	1	1256	1917.0302	1917.1025
14777	1	1256	1917.0302	1917.1025
1368	1	1256	1917.0302	1917.1025
1827	1	1256	1917.0302	1917.1106
39302	1	1256	1917.0302	1917.1107
262	1	1256	1917.0302	1917.111
1166	1	1256	1917.0302	1917.1111
81	1	1256	1917.0302	1917.1201
22301	1	1256	1917.0302	1917.1201
19990	1	1256	1917.0302	1917.1201
17339	1	1256	1917.0302	1917.1202
31836	1	1256	1917.0302	1917.1202
23863	1	1256	1917.0302	1917.1202
4913	1	1256	1917.0304	1917.1106
11596	48	12226	1917.031	1917.031
3550	1	133	1917.0314	1917.0314
19199	1	133	1917.0314	1917.0314
20132	1	133	1917.0314	1917.0314
16316	1	133	1917.0315	1917.0315
4014	1	1256	1917.0315	1917.1106
3550	1	1256	1917.0315	1917.1106
17298	1	1256	1917.0315	1917.1106
16316	1	1256	1917.0315	1917.1107
19199	1	1256	1917.0315	1917.1107
1561	1	1256	1917.0315	1917.1108
16806	1	1256	1917.0315	1917.1108
537	1	1256	1917.0315	1917.1108
4186	1	1256	1917.0315	1917.1108
4281	1	1256	1917.0315	1917.1121
20132	1	1256	1917.0315	1917.1121
12211	1	1256	1917.0315	1918.03
30836	41	1000	1917.033	1917.1019
1000	80	30836	1917.033	1917.1019
13	29	11621	1917.0331	1917.0331
3317	38	973	1917.04	1917.04
20040	41	2604	1917.0409	1920.0409
23690	15	580	1917.042	1917.042
16502	15	2783	1917.0421	1917.0421
37824	46	10925	1917.05	1919.06
11920	15	6157	1917.0523	1917.0523
30642	15	3163	1917.0604	1917.0604
41501	38	973	1917.0605	1918.0604
12441	41	12442	1917.0615	1918.0111
18188	40	11649	1917.0621	1917.0621
12007	41	38126	1917.0701	1917.0713
2745	46	11488	1917.0705	1917.0705
38186	46	11488	1917.0718	1918.093
9430	15	580	1917.0721	1917.0721
6848	42	8089	1917.0817	1917.0817
30339	15	580	1917.0818	1917.0818
21727	1	133	1917.0831	1917.0831
7490	46	8178	1917.09	1919.03
7490	38	4222	1917.09	1919.03
640	44	133	1917.0901	1917.0901
13129	44	133	1917.0901	1917.0901
12755	34	133	1917.0901	1917.0901
728	1	133	1917.0901	1917.0901
19812	1	133	1917.0901	1917.0901
32703	44	133	1917.0901	1917.0901
32703	1	133	1917.0901	1917.0901
1553	1	1256	1917.0901	1917.1024
14531	1	1256	1917.0901	1917.1024
4597	1	1256	1917.0901	1917.1024
21727	1	1256	1917.0901	1917.1024
17286	44	1256	1917.0901	1917.1024
14531	44	1256	1917.0901	1917.1024
1553	44	1256	1917.0901	1917.1024
34403	1	1256	1917.0901	1917.1024
30892	1	1256	1917.0901	1917.1024
21639	1	1256	1917.0901	1917.1024
21639	44	1256	1917.0901	1917.1024
12841	44	1256	1917.0901	1917.1024
12841	1	1256	1917.0901	1917.1024
36842	1	1256	1917.0901	1917.1024
14884	44	1256	1917.0901	1917.1024
2323	1	1256	1917.0901	1917.1025
12755	34	1256	1917.0901	1917.1025
1256	12	1345	1917.0901	1917.1025
14884	1	1256	1917.0901	1917.1025
31844	1	1256	1917.0901	1917.1025
9186	21	1256	1917.0901	1917.1025
13129	44	1256	1917.0901	1917.1025
37065	44	1256	1917.0901	1917.1025
2323	44	1256	1917.0901	1917.1025
30718	21	1256	1917.0901	1917.1025
728	1	1256	1917.0901	1917.1025
18483	44	1256	1917.0901	1917.1025
2891	1	1256	1917.0901	1917.1025
19812	1	1256	1917.0901	1917.1025
32703	44	1256	1917.0901	1917.1106
6584	44	1256	1917.0901	1917.1106
31985	1	1256	1917.0901	1917.1106
1813	1	1256	1917.0901	1917.1106
1813	44	1256	1917.0901	1917.1106
33560	1	1256	1917.0901	1917.1106
199	1	1256	1917.0901	1917.1106
6584	1	1256	1917.0901	1917.1106
12840	1	1256	1917.0901	1917.1106
18483	1	1256	1917.0901	1917.1106
1560	66	1256	1917.0901	1917.1107
1560	44	1256	1917.0901	1917.1107
105	1	1256	1917.0901	1917.1107
29	1	1256	1917.0901	1917.1108
13203	1	1256	1917.0901	1917.1108
1560	1	1256	1917.0901	1917.1108
6931	38	207	1917.0901	1923.0531
39780	15	6291	1917.0904	1917.0904
2637	44	1256	1917.0912	1917.1106
20353	44	133	1917.0913	1917.0913
23275	1	133	1917.0913	1917.0913
5836	1	133	1917.0913	1917.0913
37496	44	133	1917.0913	1917.0913
26916	44	133	1917.0913	1917.0913
40973	44	133	1917.0913	1917.0913
32707	44	133	1917.0913	1917.0913
19081	44	133	1917.0913	1917.0913
15527	44	133	1917.0913	1917.0913
13175	1	133	1917.0913	1917.0913
4178	1	133	1917.0913	1917.0913
18460	44	133	1917.0913	1917.0913
32022	44	133	1917.0913	1917.0913
11081	44	133	1917.0913	1917.0913
38297	44	133	1917.0913	1917.0913
42468	1	133	1917.0913	1917.0913
2637	44	133	1917.0913	1917.0913
22975	44	133	1917.0913	1917.0913
23275	44	1256	1917.0913	1917.1025
23275	1	1256	1917.0913	1917.1025
25005	21	133	1917.0914	1917.0914
2671	1	133	1917.0914	1917.0914
24487	21	133	1917.0914	1917.0914
6769	1	133	1917.0914	1917.0914
15222	44	133	1917.0914	1917.0914
12399	21	133	1917.0914	1917.0914
17094	21	133	1917.0914	1917.0914
33932	21	133	1917.0914	1917.0914
6769	44	133	1917.0914	1917.0914
17344	21	133	1917.0914	1917.0914
8077	21	133	1917.0914	1917.0914
10509	21	133	1917.0914	1917.0914
9661	1	133	1917.0914	1917.0914
34110	12	2144	1917.0914	1917.0914
1255	44	1256	1917.0914	1917.1106
13175	1	1256	1917.0914	1917.1106
17286	1	1256	1917.0914	1917.1106
5836	1	1256	1917.0914	1917.1106
19081	44	1256	1917.0914	1917.1106
5454	44	1256	1917.0914	1917.1106
25919	1	1256	1917.0914	1917.1106
11081	44	1256	1917.0914	1917.1106
37496	44	1256	1917.0914	1917.1106
32022	44	1256	1917.0914	1917.1106
4178	1	1256	1917.0914	1917.1106
19901	44	1256	1917.0914	1917.1106
34403	44	1256	1917.0914	1917.1106
20353	44	1256	1917.0914	1917.1106
36999	44	1256	1917.0914	1917.1106
32707	44	1256	1917.0914	1917.1106
15527	44	1256	1917.0914	1917.1106
5454	1	1256	1917.0914	1917.1106
39649	44	1256	1917.0914	1917.1106
40973	44	1256	1917.0914	1917.1106
18460	44	1256	1917.0914	1917.1106
19239	1	1256	1917.0914	1917.1106
34768	44	1256	1917.0914	1917.1106
25919	44	1256	1917.0914	1917.1106
26916	44	1256	1917.0914	1917.1106
42468	1	1256	1917.0914	1917.1106
38297	44	1256	1917.0914	1917.1106
5773	44	1256	1917.0914	1917.1106
30956	1	1256	1917.0914	1917.1106
14871	1	1256	1917.0914	1917.1106
22975	44	1256	1917.0914	1917.1106
1255	1	1256	1917.0914	1917.1107
3858	44	1256	1917.0914	1917.1107
24700	44	1256	1917.0914	1917.1107
39649	1	1256	1917.0914	1917.1107
15222	44	1256	1917.0914	1917.1107
27504	44	716	1917.0914	1929.1214
5466	38	973	1917.1	1918.09
21890	15	580	1917.1003	1917.1003
11075	18	3459	1917.101	1917.101
1256	40	30935	1917.1025	1917.1025
716	65	1256	1917.1025	1917.1025
37065	44	716	1917.1025	1917.1107
12755	34	716	1917.1025	1918.0
716	27	1560	1917.1025	1918.0311
13129	44	716	1917.1025	1918.0422
23275	44	14885	1917.1025	1919.0309
1717	1	14885	1917.1025	1919.0309
23275	1	14885	1917.1025	1919.0309
21639	44	716	1917.1025	1920.0302
716	12	1345	1917.1025	1922.1229
14777	1	664	1917.1025	1922.1229
9186	21	716	1917.1025	1922.123
2323	44	716	1917.1025	1929.1001
137	109	17930	1917.1025	1993.1225
716	70	3450	1917.1027	1924.0121
9876	17	728	1917.11	1917.11
2757	1	1455	1917.11	1917.11
32270	21	14885	1917.11	1917.11
18478	46	3376	1917.11	1923.1016
18460	44	716	1917.1107	1917.1107
20353	44	716	1917.1107	1917.1107
32707	44	716	1917.1107	1917.1107
15527	44	716	1917.1107	1917.1107
19081	44	716	1917.1107	1917.1107
37496	44	716	1917.1107	1917.1107
40973	44	716	1917.1107	1917.1107
26916	44	716	1917.1107	1917.1107
38297	44	716	1917.1107	1917.1107
14871	1	14885	1917.1107	1917.1224
34768	44	716	1917.1107	1917.1224
14871	44	14885	1917.1107	1917.1224
4913	1	14885	1917.1107	1918.0104
105	44	14885	1917.1107	1918.0126
1560	66	716	1917.1107	1918.0311
17286	44	716	1917.1107	1918.0322
5773	1	14885	1917.1107	1918.0429
105	66	14885	1917.1107	1918.0429
37065	44	14885	1917.1107	1918.0429
2637	44	716	1917.1107	1919.01
14884	44	14885	1917.1107	1919.0309
1827	1	14885	1917.1107	1919.0309
14884	1	14885	1917.1107	1919.0309
5773	44	14885	1917.1107	1919.0309
31985	1	14885	1917.1107	1919.1106
33560	1	14885	1917.1107	1919.1106
6584	44	14885	1917.1107	1919.1106
6584	1	14885	1917.1107	1919.1106
12841	44	716	1917.1107	1920.0527
14531	44	716	1917.1107	1925.0525
25919	44	716	1917.1107	1927.0731
5454	44	716	1917.1107	1927.0801
1553	44	716	1917.1107	1928.0514
23377	44	716	1917.1107	1928.0514
19901	44	716	1917.1107	1929.0114
32275	21	133	1917.1108	1917.1108
23966	46	8178	1917.1114	1919.0529
4281	1	14885	1917.1122	1919.0309
20132	1	14885	1917.1122	1919.0309
7701	41	3443	1917.1123	1919.1106
27565	25	1970	1917.1124	1917.1124
3548	44	716	1917.1125	1918.1231
144	1	26560	1917.12	1948.0
8483	1	26560	1917.12	1948.0514
23863	44	6769	1917.1202	1917.1202
19990	1	2030	1917.1202	1918.0327
22301	1	2030	1917.1202	1918.0327
23863	1	2030	1917.1202	1918.0327
17339	1	2030	1917.1202	1918.0328
81	1	2030	1917.1202	1918.0328
31836	1	2030	1917.1202	1918.0328
14196	1	1462	1917.1206	1917.1206
5228	1	1462	1917.1206	1917.1206
1561	1	1462	1917.1206	1917.1206
1462	65	3858	1917.1206	1917.1206
1462	12	1345	1917.1206	1917.1206
977	1	1462	1917.1206	1917.1206
977	66	1462	1917.1206	1917.1206
4597	1	1462	1917.1206	1940.0313
31844	44	16319	1917.1223	1920.0201
34768	44	664	1917.1225	1925.0801
4651	3	886	1918.0	1918.0
18432	17	728	1918.0	1918.0
2789	14	21377	1918.0	1918.0
23211	15	10841	1918.0	1918.0
12155	44	1523	1918.0	1918.0
11063	44	2383	1918.0	1918.0
28659	15	28660	1918.0	1918.0
13223	14	14683	1918.0	1918.0
21390	38	5387	1918.0	1918.0
30339	15	8243	1918.0	1918.0
16952	33	4641	1918.0	1918.0
34070	17	3265	1918.0	1918.0
28659	15	34134	1918.0	1918.0
34155	17	3265	1918.0	1918.0
22573	44	1523	1918.0	1918.0
16485	1	814	1918.0	1918.0
22511	145	2157	1918.0	1918.0
27021	3	33474	1918.0	1918.0
5501	30	17487	1918.0	1918.0
11165	46	8178	1918.0	1918.0
1313	15	4180	1918.0	1918.0
4109	44	1523	1918.0	1918.0
36124	3	15837	1918.0	1918.0
18049	15	6291	1918.0	1918.0
4839	15	4180	1918.0	1918.0
32947	15	4180	1918.0	1918.0
38910	17	3265	1918.0	1918.0
715	34	1757	1918.0	1918.0
21620	3	18961	1918.0	1918.0
12281	21	590	1918.0	1918.0
23072	15	31851	1918.0	1918.0
17831	21	716	1918.0	1918.0
10789	15	3163	1918.0	1918.0
14433	30	30461	1918.0	1918.0
14433	30	23809	1918.0	1918.0
2721	1	1642	1918.0	1918.0
19402	1	453	1918.0	1918.0
18910	30	5165	1918.0	1918.0
1089	17	728	1918.0	1918.0
23968	1	133	1918.0	1918.0
27242	12	1345	1918.0	1918.0
18018	57	3776	1918.0	1918.0
2806	25	8420	1918.0	1918.0
24703	38	3283	1918.0	1918.0
22573	44	18709	1918.0	1918.0
31157	3	30070	1918.0	1918.0
12112	3	2365	1918.0	1918.0
11572	71	10213	1918.0	1918.0
21725	21	613	1918.0	1918.0
28599	15	4180	1918.0	1918.0
26430	41	13455	1918.0	1918.0
22003	15	32481	1918.0	1918.0
196	17	728	1918.0	1918.0
372	15	3163	1918.0	1918.0
4890	15	34134	1918.0	1918.0
579	21	133	1918.0	1918.0
12155	44	18709	1918.0	1918.0
579	21	15939	1918.0	1918.0
37156	3	34534	1918.0	1918.0
24384	14	136	1918.0	1918.0
30124	15	3163	1918.0	1918.0
21126	3	12742	1918.0	1918.0
24384	14	19643	1918.0	1918.0
31844	1	1642	1918.0	1918.0
6058	30	21536	1918.0	1918.0
11920	38	207	1918.0	1918.1
4495	12	1345	1918.0	1919.0
24384	14	10610	1918.0	1919.0
18855	17	1552	1918.0	1919.0
28806	46	3699	1918.0	1919.0
32195	46	8178	1918.0	1919.0
1006	46	8178	1918.0	1919.0
18967	41	455	1918.0	1919.0
12284	46	8178	1918.0	1919.0
12284	23	636	1918.0	1919.0
4525	46	1183	1918.0	1919.0
39343	46	8178	1918.0	1919.0
6962	46	1183	1918.0	1919.0
4890	21	4495	1918.0	1919.0
12754	25	32360	1918.0	1920.0
4641	44	34648	1918.0	1920.0
663	1	14885	1918.0	1920.0
14885	12	1345	1918.0	1921.0
22249	18	7868	1918.0	1921.0
3450	21	716	1918.0	1922.0
13495	19	13494	1918.0	1922.0
3450	17	728	1918.0	1924.0
34037	25	23339	1918.0	1925.0
9859	41	4063	1918.0	1925.0
11998	19	18663	1918.0	1926.0608
21725	17	1696	1918.0	1928.0
6791	1	1697	1918.0	1933.0
16233	1	3776	1918.0	1933.0
25892	1	1697	1918.0	1933.0
22697	21	1697	1918.0	1933.0
383	44	18709	1918.0	1933.0
109	44	1697	1918.0	1933.0
18074	1	1697	1918.0	1933.0
4868	21	1697	1918.0	1933.0
8000	21	1697	1918.0	1933.0101
4326	44	1697	1918.0	1933.013
4326	1	1697	1918.0	1933.013
11841	33	3817	1918.0	1934.0
6197	12	1345	1918.0	1938.0
227	34	47	1918.0	1939.0
15939	12	1345	1918.0	1939.0
13499	1	1758	1918.0	1940.0
13026	1	1758	1918.0	1940.0
10171	40	11649	1918.0	1943.0
23968	1	1462	1918.0	1944.0
1539	1	1462	1918.0	1944.0
8417	1	5463	1918.0	1945.0
74	50	5463	1918.0	1945.0
4109	44	18709	1918.0	1945.07
12155	27	383	1918.0	1946.0
3529	21	26560	1918.0	1948.0
19344	21	47	1918.0	1952.0
24706	17	25268	1918.0	1957.0
47	34	73	1918.0	1991.0
12288	1	2176	1918.0	1992.1231
11063	44	735	1918.0	2006.0
22852	15	7863	1918.0101	1918.0101
23809	15	14433	1918.0101	1918.0101
13833	37	673	1918.0101	1918.0101
26548	16	1746	1918.0101	1918.0101
21536	15	6058	1918.0101	1918.0101
30837	1	47	1918.0101	1918.0101
5165	15	18910	1918.0101	1918.0101
2628	16	1746	1918.0101	1918.0101
6624	16	1746	1918.0101	1918.0101
33729	16	1746	1918.0101	1918.0101
19837	16	1746	1918.0101	1918.0101
8209	16	1746	1918.0101	1918.0101
30461	15	14433	1918.0101	1918.0101
25793	37	113	1918.0101	1918.0101
29033	15	5058	1918.0101	1918.0101
25569	15	7955	1918.0101	1918.0101
27870	3	136	1918.0101	1918.0101
6448	3	2365	1918.0101	1918.0101
22123	15	20058	1918.0101	1918.0101
29225	14	462	1918.0101	1918.0101
1133	15	11425	1918.0101	1918.0101
26072	15	34693	1918.0101	1918.0101
15272	37	113	1918.0101	1918.0101
18709	12	21174	1918.0101	1918.0101
2674	16	1746	1918.0101	1918.0101
17487	15	5501	1918.0101	1918.0101
13558	4	4531	1918.0101	1919.0101
28944	4	15244	1918.0101	1919.0101
36551	4	4904	1918.0101	1919.0101
39384	4	7196	1918.0101	1919.0101
36121	4	13439	1918.0101	1919.0101
23941	17	4046	1918.0101	1919.0101
38583	52	30526	1918.0101	1919.1203
4400	19	12440	1918.0101	1920.0101
4089	19	34233	1918.0101	1920.0101
34233	19	4089	1918.0101	1920.0101
41933	4	31474	1918.0101	1920.0101
12440	19	4400	1918.0101	1920.0101
40490	4	5706	1918.0101	1920.0101
6171	4	6172	1918.0101	1921.0101
28700	4	19037	1918.0101	1921.0101
17667	4	11413	1918.0101	1921.0101
13494	19	13495	1918.0101	1922.0101
33704	4	2028	1918.0101	1922.0101
34889	4	40060	1918.0101	1922.0101
28944	4	25549	1918.0101	1925.0101
855	3	4315	1918.0101	1925.0101
673	70	9859	1918.0101	1925.1231
18663	19	11998	1918.0101	1926.0608
24725	4	4125	1918.0101	1927.0101
11378	4	11685	1918.0101	1927.0101
34155	17	24079	1918.0101	1929.0101
9587	4	374	1918.0101	1930.0101
40157	25	38679	1918.0101	1932.0101
19235	25	5521	1918.0101	1986.0709
37188	18	1587	1918.0104	1919.08
37188	46	352	1918.0104	1919.08
36031	15	4180	1918.011	1918.011
20133	1	14885	1918.0122	1919.0309
37314	38	1467	1918.02	1918.02
7834	1	1416	1918.0216	1920.0711
9661	1	1642	1918.0224	1918.0224
907	1	25800	1918.03	1918.07
12211	1	25800	1918.03	1918.1231
24138	48	12226	1918.0302	1918.0302
9829	1	133	1918.0302	1918.0302
9829	1	1256	1918.0302	1918.1025
105	44	14885	1918.0309	1918.0429
137	27	29	1918.0311	1918.0311
137	27	1560	1918.0311	1918.0311
716	27	29	1918.0311	1918.0311
29	66	137	1918.0312	1918.0312
29	66	716	1918.0312	1991.1225
4913	1	14885	1918.0313	1921.0317
536	1	25800	1918.0325	1919.0105
6989	1	25800	1918.0325	1919.0426
23863	1	1758	1918.0327	1940.0628
22301	1	5489	1918.0328	1940.0627
19990	1	1758	1918.0328	1940.0627
81	1	1758	1918.0328	1940.0627
31836	1	5489	1918.0328	1940.0628
17339	1	5489	1918.0328	1940.0628
33120	14	24639	1918.0401	1920.0501
39060	15	7863	1918.0411	1918.0411
262	1	19985	1918.0422	1918.0525
19984	44	19985	1918.0422	1918.0526
1166	44	19985	1918.0422	1918.0528
13129	44	19985	1918.0422	1918.0528
105	1	104	1918.0429	1918.1214
37065	44	104	1918.0429	1918.1214
105	66	104	1918.0429	1918.1214
32270	21	104	1918.0429	1918.1214
5773	1	104	1918.0429	1918.1214
14777	1	104	1918.0429	1918.1214
105	44	104	1918.0429	1918.1214
27182	40	11649	1918.0502	1918.0502
6987	19	2330	1918.0505	1932.0104
32990	25	652	1918.0516	1918.0516
262	1	33914	1918.0526	1921.0224
19984	44	33914	1918.0526	1921.0318
13129	44	13130	1918.0528	1920.0428
1166	1	13130	1918.0528	1920.0428
13130	12	1345	1918.0528	1920.0428
31345	1	34648	1918.0528	1920.1129
4641	1	34648	1918.0528	1920.1202
34648	12	1345	1918.0528	1920.1202
19212	15	3163	1918.0603	1918.0603
37021	15	7863	1918.0603	1918.0603
907	1	1416	1918.07	1919.0219
21222	15	2783	1918.0711	1918.0711
22014	15	2783	1918.0723	1918.0723
26947	21	13302	1918.0803	1949.0
6842	21	104	1918.0806	1918.12
5437	15	5438	1918.0806	1945.0815
31228	17	17843	1918.09	1918.09
5776	46	692	1918.09	1918.09
5466	38	207	1918.09	1928.0
6848	15	38666	1918.0904	1918.0904
5447	15	3163	1918.0924	1918.0924
27039	25	5521	1918.0924	1953.1123
10557	41	10558	1918.0927	1918.1104
1388	1	5463	1918.0929	1941.0406
14209	14	10385	1918.1	1918.1
11920	38	6932	1918.1	1927.0
4791	15	5438	1918.1003	1918.1003
19431	38	1467	1918.1003	1918.1003
6016	1	39448	1918.1018	1919.0121
1288	66	2176	1918.1028	1918.1028
724	44	6197	1918.1028	1938.093
17	1	2176	1918.1028	1939.0314
6996	1	2176	1918.1028	1939.0314
1288	1	2176	1918.1028	1939.0314
1288	44	2176	1918.1028	1939.0314
47	34	2176	1918.1028	1992.1231
2176	12	1345	1918.1028	1992.1231
2176	34	47	1918.1028	1992.1231
613	34	2176	1918.1028	1992.1231
2176	34	613	1918.1028	1992.1231
2176	34	453	1918.1028	1992.1231
3651	1	5840	1918.1029	1918.113
1966	1	5840	1918.1029	1918.113
3783	1	2176	1918.1029	1939.0314
3003	1	20963	1918.1031	1918.113
12115	1	20963	1918.1031	1919.0225
5474	1	20963	1918.1031	1919.0319
1480	1	20963	1918.1031	1919.0319
2808	17	3265	1918.11	1918.11
18709	44	1697	1918.11	1933.013
18709	1	1697	1918.11	1933.013
23966	38	7592	1918.1101	1919.0529
17428	15	8065	1918.1102	1918.1102
988	1	47	1918.1102	1939.0906
29484	1	3	1918.1103	1918.1103
30015	44	1523	1918.1109	1918.1109
11851	41	19898	1918.1109	1919.0213
2360	1	1697	1918.1109	1919.0628
949	1	1697	1918.1109	1933.0129
12452	1	1697	1918.1109	1933.0129
21096	1	1697	1918.1109	1933.013
13299	1	1697	1918.1109	1933.013
12576	1	1697	1918.1109	1933.013
8582	1	1697	1918.1109	1933.013
8716	1	1697	1918.1109	1933.013
8742	1	1697	1918.1109	1933.013
4325	1	1697	1918.1109	1933.013
1515	1	18709	1918.1109	1945.0705
30015	44	18709	1918.1109	1947.0225
10149	1	47	1918.1111	1918.0916
12053	1	47	1918.1111	1918.1111
47	12	1345	1918.1111	1918.1111
9513	1	47	1918.1111	1918.1111
12577	1	47	1918.1111	1939.0831
22736	1	47	1918.1111	1939.0831
7104	1	15939	1918.1111	1939.0831
10439	1	47	1918.1111	1939.0831
4317	1	47	1918.1111	1939.0901
10578	1	47	1918.1111	1939.0901
33198	1	47	1918.1111	1939.0916
1833	1	47	1918.1111	1939.0917
821	1	15939	1918.1111	1939.0927
3081	1	113	1918.1111	1940.051
6063	1	113	1918.1111	1940.051
3788	1	3	1918.1111	1947.0914
7399	34	590	1918.1112	1918.1112
1631	1	4495	1918.1112	1919.091
1631	44	4495	1918.1112	1919.091
9069	1	4495	1918.1112	1919.102
10557	41	10558	1918.1113	1918.1128
2176	70	313	1918.1114	1919.0708
13977	1	27242	1918.1115	1918.113
8703	1	27242	1918.1115	1918.113
10398	85	20963	1918.1116	1918.1116
1351	1	20963	1918.1116	1919.032
20292	1	20963	1918.1116	1919.032
30376	44	227	1918.1118	1940.0721
4014	1	227	1918.1118	1940.0804
6354	1	227	1918.1118	1940.0805
17895	25	652	1918.1121	1918.1121
5437	15	6389	1918.1121	1918.1121
27535	1	5489	1918.1128	1918.1128
6778	1	1697	1918.1128	1933.0129
383	1	613	1918.1128	1933.0129
10511	1	1758	1918.1128	1940.0621
10850	1	5489	1918.1201	1918.1201
20172	1	5489	1918.1201	1918.1201
7050	1	5489	1918.1201	1918.1201
20967	1	5489	1918.1201	1918.1201
19752	44	5463	1918.1201	1929.0
3003	1	1758	1918.1201	1940.0829
19752	1	5463	1918.1201	1941.0406
10229	1	5463	1918.1201	1941.0406
1966	1	5463	1918.1201	1941.0409
3651	1	74	1918.1201	1941.0409
1524	1	5463	1918.1201	1941.041
3392	1	5463	1918.1201	1941.0417
8820	1	5463	1918.1201	1941.0418
6028	1	5463	1918.1201	1941.0421
30753	1	5463	1918.1201	1945.1129
105	44	14885	1918.1214	1919.0205
12441	41	16656	1918.1214	1919.0213
5773	1	14885	1918.1214	1919.0309
105	1	14885	1918.1214	1919.0309
37065	44	14885	1918.1214	1920.0128
23580	48	3912	1918.1222	1918.1222
12972	4	1835	1919.0	1919.0
281	30	19204	1919.0	1919.0
21295	38	5387	1919.0	1919.0
24565	38	5387	1919.0	1919.0
3305	4	27892	1919.0	1919.0
18910	30	30461	1919.0	1919.0
13255	15	1112	1919.0	1919.0
34225	3	6491	1919.0	1919.0
7377	3	33662	1919.0	1919.0
12747	17	728	1919.0	1919.0
30282	15	20290	1919.0	1919.0
4302	17	728	1919.0	1919.0
31480	21	151	1919.0	1919.0
25941	38	1467	1919.0	1919.0
2404	17	728	1919.0	1919.0
39890	15	5501	1919.0	1919.0
38009	3	19852	1919.0	1919.0
15040	4	19712	1919.0	1919.0
19445	17	728	1919.0	1919.0
38882	3	7085	1919.0	1919.0
14909	3	35601	1919.0	1919.0
8797	17	728	1919.0	1919.0
23928	4	15008	1919.0	1919.0
21295	15	34869	1919.0	1919.0
21118	21	715	1919.0	1919.0
13300	3	28551	1919.0	1919.0
10193	15	4180	1919.0	1919.0
30780	3	18639	1919.0	1919.0
13520	14	14339	1919.0	1919.0
5501	30	39890	1919.0	1919.0
16840	17	728	1919.0	1919.0
7292	27	13399	1919.0	1919.0
35136	15	4180	1919.0	1919.0
30718	25	4412	1919.0	1919.0
11974	21	637	1919.0	1919.0
12037	17	728	1919.0	1919.0
5538	4	7602	1919.0	1919.0
29966	15	792	1919.0	1919.0
4870	17	728	1919.0	1919.0
6077	25	897	1919.0	1919.0
19112	4	17216	1919.0	1919.0
20039	17	4046	1919.0	1919.0
37832	3	12742	1919.0	1919.0
420	15	1112	1919.0	1919.0
30124	46	692	1919.0	1919.0
30811	14	36815	1919.0	1920.0
10734	4	2092	1919.0	1920.0
19112	4	27892	1919.0	1920.0
36493	33	1631	1919.0	1920.0
15040	4	2092	1919.0	1920.0
28750	4	12893	1919.0	1920.0
1508	4	1835	1919.0	1920.0
18321	4	1835	1919.0	1921.0
12968	4	10437	1919.0	1921.0
4150	3	14628	1919.0	1921.0
27295	14	23248	1919.0	1921.0
5313	4	37316	1919.0	1921.0
30096	4	6455	1919.0	1921.0
6308	78	1351	1919.0	1921.0
11785	18	455	1919.0	1922.0
6842	21	664	1919.0	1922.0
1454	1	664	1919.0	1922.1229
6459	21	664	1919.0	1923.0
664	12	1345	1919.0	1923.0706
2293	21	664	1919.0	1923.0706
32508	3	904	1919.0	1925.0
26924	3	1964	1919.0	1925.0
4890	21	4496	1919.0	1925.043
14842	3	2365	1919.0	1926.0
15939	109	17589	1919.0	1926.0
28223	4	1699	1919.0	1927.0
37401	33	383	1919.0	1929.0
15359	17	4046	1919.0	1929.11
23249	19	32424	1919.0	1930.0
27202	14	11284	1919.0	1931.0
31702	4	1699	1919.0	1932.0
4084	44	1697	1919.0	1933.0
4084	1	1697	1919.0	1933.0
10734	4	1699	1919.0	1933.0
32066	17	24572	1919.0	1933.0
14047	1	1697	1919.0	1933.0
12155	1	1697	1919.0	1933.0
109	1	1697	1919.0	1933.0129
7399	34	4496	1919.0	1934.0
4496	12	1345	1919.0	1934.0
1631	1	4496	1919.0	1934.0
10471	41	10472	1919.0	1935.0
21126	33	11351	1919.0	1935.0
22361	1	15939	1919.0	1939.0
12281	21	2176	1919.0	1939.0
1416	27	984	1919.0	1939.0
25315	1	15939	1919.0	1939.0
16477	17	1696	1919.0	1946.0
651	12	7525	1919.0	1946.0
40804	19	35271	1919.0	1959.0
587	4	588	1919.0101	1919.0101
8209	16	1746	1919.0101	1919.0101
17667	4	4152	1919.0101	1919.0101
11976	16	1746	1919.0101	1919.0101
18442	15	7955	1919.0101	1919.0101
9305	4	6455	1919.0101	1919.0101
31368	4	4904	1919.0101	1919.0101
613	22	9865	1919.0101	1919.0101
24863	4	588	1919.0101	1919.0101
19837	16	1746	1919.0101	1919.0101
19204	15	281	1919.0101	1919.0101
22210	3	18103	1919.0101	1919.0101
3548	1	73	1919.0101	1919.0101
22541	17	1696	1919.0101	1919.0101
28506	37	203	1919.0101	1919.0101
39384	4	247	1919.0101	1919.0101
18914	15	10687	1919.0101	1919.0101
13747	41	6768	1919.0101	1919.0101
33490	4	40723	1919.0101	1919.0101
12754	15	9957	1919.0101	1919.0101
11991	15	23112	1919.0101	1919.0101
25312	4	3482	1919.0101	1919.0101
5691	4	5311	1919.0101	1919.0101
36121	4	552	1919.0101	1919.0101
4026	15	14405	1919.0101	1919.0101
29233	16	1746	1919.0101	1919.0101
27762	16	1746	1919.0101	1919.0101
19060	4	1374	1919.0101	1919.0101
40668	15	7863	1919.0101	1919.0101
3548	44	334	1919.0101	1919.0101
15147	15	24025	1919.0101	1919.0101
19837	15	1746	1919.0101	1919.0101
36030	15	16389	1919.0101	1919.0101
5185	15	34693	1919.0101	1919.0101
28366	33	37959	1919.0101	1919.0101
9865	22	613	1919.0101	1919.0101
12211	1	334	1919.0101	1919.0116
334	27	12211	1919.0101	1919.0116
25800	27	6989	1919.0101	1919.0901
13315	4	5359	1919.0101	1920.0101
6032	4	18004	1919.0101	1920.0101
18623	4	1676	1919.0101	1920.0101
7273	4	33775	1919.0101	1920.0101
4172	4	15047	1919.0101	1920.0101
28460	4	100	1919.0101	1920.0101
36551	4	2028	1919.0101	1920.0101
31368	4	18004	1919.0101	1920.0101
6524	4	12426	1919.0101	1920.0101
30443	4	9	1919.0101	1920.0101
32069	4	2028	1919.0101	1920.0101
15237	4	14212	1919.0101	1920.0101
33490	4	100	1919.0101	1920.0101
20239	4	11365	1919.0101	1920.0101
38982	4	3671	1919.0101	1921.0
8296	4	370	1919.0101	1921.0101
20645	4	7398	1919.0101	1921.0101
35101	4	1040	1919.0101	1921.0101
259	4	429	1919.0101	1921.0101
34039	4	1721	1919.0101	1921.0101
35335	4	18004	1919.0101	1921.0101
30944	4	429	1919.0101	1921.0101
30244	4	10996	1919.0101	1921.0101
26035	14	1687	1919.0101	1922.0101
1687	154	26035	1919.0101	1922.0101
28774	4	4904	1919.0101	1922.0101
41765	4	566	1919.0101	1922.0101
37886	4	9926	1919.0101	1922.0101
11172	4	4376	1919.0101	1922.0101
5726	1	334	1919.0101	1922.1229
33870	19	7123	1919.0101	1923.0101
6451	4	12529	1919.0101	1923.0101
30502	4	1374	1919.0101	1923.0101
7123	19	33870	1919.0101	1923.0101
13558	4	4491	1919.0101	1923.0101
1056	4	1057	1919.0101	1924.0101
9596	4	42066	1919.0101	1924.0101
18545	4	11685	1919.0101	1924.0101
18265	4	10996	1919.0101	1925.0101
25687	4	41312	1919.0101	1925.0101
14424	4	616	1919.0101	1925.0101
30051	4	1374	1919.0101	1925.0101
28298	4	9591	1919.0101	1926.0101
40189	4	32168	1919.0101	1926.0101
20067	4	1220	1919.0101	1926.0101
15762	4	616	1919.0101	1927.0101
36659	4	6470	1919.0101	1928.0101
25878	4	247	1919.0101	1929.0101
4763	19	4764	1919.0101	1930.0101
29639	4	22166	1919.0101	1930.0101
32424	19	23249	1919.0101	1930.0101
4764	19	4763	1919.0101	1930.0101
25801	4	588	1919.0101	1930.0101
18581	4	12792	1919.0101	1931.0101
25258	4	6068	1919.0101	1932.0101
36620	4	36621	1919.0101	1933.0101
30538	4	6068	1919.0101	1933.0101
16990	4	429	1919.0101	1933.0101
1421	1	1697	1919.0101	1933.0101
35800	4	8108	1919.0101	1934.0101
35618	14	4522	1919.0101	1945.0101
35271	19	40804	1919.0101	1959.0
12092	44	664	1919.0101	1991.0101
536	1	73	1919.0105	1919.0807
18747	62	33871	1919.0108	1920.0404
19040	41	18199	1919.0118	1919.1127
4316	41	279	1919.0121	1921.051
28373	41	279	1919.0121	1921.051
13666	41	279	1919.0121	1921.051
8416	41	279	1919.0121	1921.051
22747	41	279	1919.0121	1921.051
10562	41	279	1919.0121	1921.051
24398	41	279	1919.0121	1921.051
6016	1	14885	1919.0122	1921.0317
2637	44	716	1919.02	1924.0324
34447	15	3163	1919.0201	1919.0201
105	44	664	1919.0205	1919.083
1697	62	11851	1919.0211	1925.0228
7737	41	19898	1919.0213	1919.062
1697	70	7737	1919.0213	1919.062
536	1	7292	1919.0217	1919.0807
907	1	15939	1919.0219	1939.09
10738	15	1112	1919.0226	1919.0226
12115	1	5489	1919.0226	1940.0829
7292	27	7834	1919.0227	1919.0409
334	44	7292	1919.0227	1919.0719
334	84	7292	1919.0227	1919.0719
7834	1	7292	1919.0227	1919.0825
32270	21	664	1919.03	1923.0706
708	17	728	1919.0301	1919.0301
32409	15	3163	1919.0308	1919.0308
37501	15	7863	1919.0308	1919.0308
14871	1	664	1919.031	1919.031
23275	44	664	1919.031	1919.031
640	44	664	1919.031	1919.031
4281	1	664	1919.031	1922.1229
23275	1	664	1919.031	1922.1229
20132	1	664	1919.031	1922.1229
1827	1	664	1919.031	1922.1229
1717	1	664	1919.031	1922.1229
105	1	664	1919.031	1923.0706
14884	1	664	1919.031	1925.0
14884	44	664	1919.031	1925.0
5773	1	664	1919.031	1925.0801
5773	44	664	1919.031	1925.0801
14871	44	664	1919.031	1925.0801
20133	1	664	1919.031	1991.0823
20133	44	664	1919.031	1991.0823
105	44	664	1919.031	1991.0823
33350	18	3459	1919.0314	1919.0314
5474	1	1758	1919.032	1940.0829
1480	1	1758	1919.032	1940.0829
3199	44	20234	1919.032	1990.1011
20234	44	716	1919.032	1990.1011
20293	65	20963	1919.0321	1919.0321
20963	85	20293	1919.0321	1919.0321
20292	1	20293	1919.0321	1919.0801
1351	1	20293	1919.0321	1919.0801
12037	15	1112	1919.0329	1919.0329
8940	44	25892	1919.0401	1919.0401
5232	15	3163	1919.0402	1919.0402
7327	155	904	1919.0407	1919.0518
24257	19	8658	1919.041	1934.1107
8658	19	24257	1919.041	1934.1107
5437	25	4659	1919.0412	1919.0412
16093	4	1550	1919.0421	1919.0421
38509	4	1550	1919.0421	1921.0115
40237	4	1550	1919.0421	1924.0119
10124	4	1550	1919.0421	1924.0202
6989	1	15939	1919.0427	1920.0719
7292	27	5727	1919.0428	1919.0428
25962	14	26784	1919.043	1938.0
13977	1	5489	1919.0621	1919.0621
8703	1	5489	1919.0621	1919.0621
28456	41	19898	1919.0621	1920.0326
1697	70	28456	1919.0621	1920.0326
949	70	39455	1919.0626	1924.1231
2176	25	20431	1919.0626	1946.0418
2360	1	15939	1919.0628	1939.0901
35841	245	494	1919.073	1919.073
12763	46	1183	1919.08	1921.05
20963	65	20293	1919.0802	1919.0802
20293	85	20963	1919.0802	1919.0802
20292	1	20963	1919.0802	1919.0807
1351	1	20963	1919.0802	1919.0807
26598	40	5504	1919.0803	1919.0803
536	1	15939	1919.0808	1920.073
17595	21	1697	1919.0814	1933.0
1697	12	1345	1919.0814	1933.0323
2176	34	5489	1919.091	1938.1102
1631	44	4496	1919.0911	1934.0501
4890	17	17068	1919.0912	1921.0711
5503	40	5504	1919.1001	1919.1001
36615	41	1954	1919.1018	1919.1018
36615	40	774	1919.1018	1919.1018
9069	1	4496	1919.1021	1934.043
2176	34	590	1919.1021	1992.1231
31985	1	664	1919.1107	1922.1229
33560	1	664	1919.1107	1922.1229
6584	1	664	1919.1107	1922.1229
6584	44	664	1919.1107	1925.0731
1697	65	3776	1919.1109	1919.1109
3776	85	1697	1919.1109	1919.1109
3022	1	1697	1919.1109	1920.1114
4251	1	1697	1919.1109	1922.1
6408	1	1697	1919.1109	1933.0129
12622	1	1697	1919.1109	1933.0129
11771	1	1697	1919.1109	1933.0129
5614	1	1697	1919.1109	1933.0129
8210	1	1697	1919.1109	1933.0129
24792	1	1697	1919.1109	1933.0129
13348	1	1697	1919.1109	1933.0129
9120	1	1697	1919.1109	1933.0129
6038	1	1697	1919.1109	1933.0129
10221	1	1697	1919.1109	1933.0129
1360	1	1697	1919.1109	1933.0129
26404	1	1697	1919.1109	1933.0129
20972	1	1697	1919.1109	1933.0129
3526	1	1697	1919.1109	1933.0129
7828	1	1697	1919.1109	1933.0129
5179	1	1697	1919.1109	1933.0129
18507	1	1697	1919.1109	1933.0129
8411	1	1697	1919.1109	1933.0129
10146	1	1697	1919.1109	1933.0129
2966	1	1697	1919.1109	1933.0129
28090	1	1697	1919.1109	1933.0129
1850	1	1697	1919.1109	1933.0129
8468	1	1697	1919.1109	1933.0129
1978	1	1697	1919.1109	1933.0129
16668	1	1697	1919.1109	1933.0129
626	1	1697	1919.1109	1933.0129
2540	1	1697	1919.1109	1933.0129
20213	1	1697	1919.1109	1933.0129
1703	1	1697	1919.1109	1933.013
8761	1	1697	1919.1109	1933.013
15798	1	1697	1919.1109	1933.013
9059	1	1697	1919.1109	1933.013
14858	109	3712	1919.1109	1947.0225
3217	41	296	1919.1116	1942.0531
21167	1	1697	1919.1119	1933.0129
7701	41	296	1919.1208	1920.012
31557	41	296	1919.1208	1924.0531
1717	66	664	1919.1219	1934.0118
2102	33	2103	1920.0	1920.0
8307	3	8308	1920.0	1920.0
16526	14	939	1920.0	1920.0
18187	25	8987	1920.0	1920.0
8440	18	7868	1920.0	1920.0
20760	17	728	1920.0	1920.0
4651	71	856	1920.0	1920.0
10091	17	728	1920.0	1920.0
14869	33	17806	1920.0	1920.0
4373	3	2746	1920.0	1920.0
12390	15	1112	1920.0	1920.0
16526	3	939	1920.0	1920.0
1697	85	5071	1920.0	1920.0
8000	15	36265	1920.0	1920.0
2857	33	4586	1920.0	1920.0
16651	3	14123	1920.0	1920.0
20688	3	27178	1920.0	1920.0
12441	17	728	1920.0	1920.0
3718	14	11274	1920.0	1920.0
26750	44	735	1920.0	1920.0
5727	1	227	1920.0	1920.0
22042	30	7147	1920.0	1920.0
2036	33	5022	1920.0	1920.0
5162	44	34110	1920.0	1920.0
8797	15	1112	1920.0	1920.0
2036	33	6344	1920.0	1920.0
7340	3	3645	1920.0	1920.0
8211	25	4054	1920.0	1920.0
32273	3	41333	1920.0	1920.0
3927	41	2157	1920.0	1920.0
30810	17	728	1920.0	1920.0
36029	182	15147	1920.0	1920.0
4765	17	728	1920.0	1920.0
2259	46	19482	1920.0	1920.0
37458	33	21183	1920.0	1920.0
8260	71	12751	1920.0	1920.0
35136	15	10107	1920.0	1920.0
1562	17	15127	1920.0	1920.0
19203	17	6445	1920.0	1920.0
13782	17	24748	1920.0	1920.0
19802	14	3270	1920.0	1920.0
36517	15	10841	1920.0	1920.0
9816	33	7214	1920.0	1920.0
29820	3	18295	1920.0	1920.0
20688	15	16027	1920.0	1920.0
281	30	25569	1920.0	1920.0
10460	17	3265	1920.0	1920.0
31115	15	19427	1920.0	1920.0
27858	133	11230	1920.0	1920.0
15147	182	36029	1920.0	1920.0
24883	33	140	1920.0	1920.0
4651	3	886	1920.0	1920.0
14869	33	140	1920.0	1920.0
19607	33	4274	1920.0	1920.0
19607	33	140	1920.0	1920.0
29967	4	12893	1920.0	1920.0
9066	33	4437	1920.0	1920.0
15656	17	728	1920.0	1920.0
17286	44	716	1920.0	1920.032
5313	4	2092	1920.0	1921.0
31733	4	1550	1920.0	1921.0
1606	33	203	1920.0	1921.0
7920	4	2092	1920.0	1921.0
16945	44	32703	1920.0	1921.1017
663	1	664	1920.0	1922.0
22660	3	25213	1920.0	1922.0
5742	1	664	1920.0	1922.0
18855	17	15897	1920.0	1922.0
9969	133	37541	1920.0	1922.0
36676	3	904	1920.0	1922.0
37065	1	664	1920.0	1922.0
8066	4	2092	1920.0	1922.0
12755	34	18758	1920.0	1922.0
29576	1	664	1920.0	1922.0
16632	4	2092	1920.0	1922.0
22940	4	12893	1920.0	1923.0
37458	33	4511	1920.0	1923.0
4463	14	722	1920.0	1923.0
38612	41	455	1920.0	1923.0
21126	14	21127	1920.0	1924.0
28750	4	6831	1920.0	1924.0
32273	3	6631	1920.0	1924.0
8066	4	31520	1920.0	1924.0
11223	3	543	1920.0	1925.0
29805	4	6548	1920.0	1925.0
3185	41	2157	1920.0	1925.0
7920	4	1835	1920.0	1925.0
11091	41	455	1920.0	1926.0
2036	33	1794	1920.0	1926.0
13902	3	40421	1920.0	1928.0
25364	14	31961	1920.0	1929.0
37290	42	1618	1920.0	1929.0807
21491	182	7007	1920.0	1930.0
1708	17	1696	1920.0	1930.0
19616	14	31961	1920.0	1930.0
528	17	728	1920.0	1930.0
15040	4	10437	1920.0	1932.0
24453	9	24454	1920.0	1932.0
36493	33	383	1920.0	1933.0
30453	19	31394	1920.0	1933.0
38505	4	1699	1920.0	1933.0
24319	37	22331	1920.0	1934.0401
34976	4	31520	1920.0	1936.0
38903	14	98	1920.0	1937.1
40570	4	1835	1920.0	1938.0
1672	33	928	1920.0	1938.0
10657	1	15939	1920.0	1939.0
47	34	5071	1920.0	1939.0
984	66	1416	1920.0	1939.0
13223	14	14339	1920.0	1939.1
984	44	1416	1920.0	1940.0621
20597	33	140	1920.0	1942.0
13290	1	15939	1920.0	1945.0
30780	14	21377	1920.0	1946.0
10398	12	1345	1920.0	1946.0
21338	1	26560	1920.0	1948.0
5299	1	26560	1920.0	1948.0
2625	1	26560	1920.0	1948.0514
2131	1	26560	1920.0	1948.0514
27845	33	11351	1920.0	1951.0
19203	17	29833	1920.0	1954.0
24427	33	673	1920.0	1960.0
35724	44	1533	1920.0	1973.0
15858	17	21611	1920.0	1980.0
4641	44	6437	1920.0	1991.083
735	29	2592	1920.0101	1871.0101
735	29	1468	1920.0101	1871.0101
735	29	7459	1920.0101	1871.0101
735	29	10317	1920.0101	1871.0101
735	29	9183	1920.0101	1871.0101
735	29	12743	1920.0101	1871.0101
735	29	1033	1920.0101	1871.0101
735	29	3411	1920.0101	1871.0101
735	29	1054	1920.0101	1871.0101
735	29	5132	1920.0101	1871.0101
735	29	10638	1920.0101	1871.0101
735	29	16851	1920.0101	1871.0101
735	29	267	1920.0101	1871.0101
735	29	19215	1920.0101	1871.0101
735	29	1348	1920.0101	1871.0101
735	29	20512	1920.0101	1871.0101
735	29	20097	1920.0101	1871.0101
735	29	2229	1920.0101	1871.0101
735	29	19303	1920.0101	1871.0101
735	29	9982	1920.0101	1871.0101
735	29	23763	1920.0101	1871.0101
735	29	1987	1920.0101	1871.0101
735	29	15194	1920.0101	1871.0101
735	29	13513	1920.0101	1871.0101
735	29	18964	1920.0101	1871.0101
735	29	14453	1920.0101	1871.0101
735	29	9755	1920.0101	1871.0101
735	29	8091	1920.0101	1871.0101
735	29	547	1920.0101	1871.0101
735	29	26708	1920.0101	1871.0101
735	29	8342	1920.0101	1871.0101
735	29	4047	1920.0101	1871.0101
735	29	11992	1920.0101	1871.0101
735	29	286	1920.0101	1871.0101
735	29	29498	1920.0101	1871.0101
735	29	25755	1920.0101	1871.0101
735	29	28145	1920.0101	1871.0101
735	29	3356	1920.0101	1871.0101
735	29	16409	1920.0101	1871.0101
735	29	3539	1920.0101	1871.0101
735	29	12237	1920.0101	1871.0101
735	29	266	1920.0101	1871.0101
735	29	4042	1920.0101	1871.0101
735	29	4794	1920.0101	1871.0101
735	29	14436	1920.0101	1871.0101
735	29	20672	1920.0101	1871.0101
735	29	19890	1920.0101	1871.0101
735	29	15371	1920.0101	1871.0101
735	29	26776	1920.0101	1871.0101
735	29	4601	1920.0101	1871.0101
735	29	25238	1920.0101	1871.0101
735	29	25792	1920.0101	1871.0101
735	29	9199	1920.0101	1871.0101
735	29	21629	1920.0101	1871.0101
735	29	15412	1920.0101	1871.0101
735	29	13659	1920.0101	1871.0101
735	29	1609	1920.0101	1871.0101
735	29	20352	1920.0101	1871.0101
735	29	734	1920.0101	1871.0101
735	29	20276	1920.0101	1871.0101
735	29	7587	1920.0101	1871.0101
735	29	7752	1920.0101	1871.0101
735	29	10940	1920.0101	1871.0101
735	29	21689	1920.0101	1871.0101
735	29	8549	1920.0101	1871.0101
735	29	13194	1920.0101	1871.0101
735	29	23591	1920.0101	1871.0101
735	29	518	1920.0101	1871.0101
735	29	2271	1920.0101	1871.0101
735	29	20230	1920.0101	1871.0101
735	29	12716	1920.0101	1871.0101
735	29	12477	1920.0101	1871.0101
735	29	2597	1920.0101	1871.0101
735	29	16786	1920.0101	1871.0101
735	29	27166	1920.0101	1871.0101
735	29	5578	1920.0101	1871.0101
735	29	1579	1920.0101	1871.0101
735	29	1225	1920.0101	1871.0101
735	29	19858	1920.0101	1871.0101
735	29	24246	1920.0101	1871.0101
735	29	15696	1920.0101	1871.0101
735	29	23914	1920.0101	1871.0101
735	29	5525	1920.0101	1871.0101
735	29	15143	1920.0101	1871.0101
735	29	29434	1920.0101	1871.0101
735	29	36332	1920.0101	1871.0101
735	29	31470	1920.0101	1871.0101
735	29	806	1920.0101	1871.0101
735	29	20514	1920.0101	1871.0101
735	29	18711	1920.0101	1871.0101
735	29	29305	1920.0101	1871.0101
735	29	2322	1920.0101	1871.0101
735	29	31244	1920.0101	1871.0101
735	29	20299	1920.0101	1871.0101
735	29	6457	1920.0101	1871.0101
735	29	1278	1920.0101	1871.0101
735	29	16817	1920.0101	1871.0101
735	29	16930	1920.0101	1871.0101
735	29	18006	1920.0101	1871.0101
735	29	26709	1920.0101	1871.0101
735	29	26775	1920.0101	1871.0101
735	29	15509	1920.0101	1871.0101
735	29	10443	1920.0101	1871.0101
735	29	7973	1920.0101	1871.0101
735	29	21463	1920.0101	1871.0101
735	29	7494	1920.0101	1871.0101
735	29	13362	1920.0101	1871.0101
735	29	22383	1920.0101	1871.0101
735	29	12524	1920.0101	1871.0101
735	29	3368	1920.0101	1871.0101
735	29	22163	1920.0101	1871.0101
735	29	28330	1920.0101	1871.0101
735	29	25499	1920.0101	1871.0101
735	29	11613	1920.0101	1871.0101
735	29	7293	1920.0101	1871.0101
735	29	9388	1920.0101	1871.0101
735	29	10556	1920.0101	1871.0101
735	29	12815	1920.0101	1871.0101
735	29	30199	1920.0101	1871.0101
735	29	25859	1920.0101	1871.0101
735	29	25811	1920.0101	1871.0101
735	29	11737	1920.0101	1871.0101
735	29	19895	1920.0101	1871.0101
735	29	9678	1920.0101	1871.0101
735	29	2414	1920.0101	1871.0101
735	29	18764	1920.0101	1871.0101
735	29	26051	1920.0101	1871.0101
735	29	25240	1920.0101	1871.0101
735	29	14758	1920.0101	1871.0101
735	29	18433	1920.0101	1871.0101
735	29	23917	1920.0101	1871.0101
735	29	6964	1920.0101	1871.0101
735	29	13658	1920.0101	1871.0101
735	29	17775	1920.0101	1871.0101
735	29	6794	1920.0101	1871.0101
735	29	6301	1920.0101	1871.0101
735	29	17777	1920.0101	1871.0101
735	29	6795	1920.0101	1871.0101
735	29	35532	1920.0101	1871.0101
735	29	6362	1920.0101	1871.0101
735	29	23288	1920.0101	1871.0101
735	29	8673	1920.0101	1871.0101
735	29	25038	1920.0101	1871.0101
735	29	10383	1920.0101	1871.0101
735	29	8770	1920.0101	1871.0101
735	29	14901	1920.0101	1871.0101
735	29	10753	1920.0101	1871.0101
735	29	6036	1920.0101	1871.0101
735	29	28293	1920.0101	1871.0101
735	29	6395	1920.0101	1871.0101
735	29	17249	1920.0101	1871.0101
735	29	17478	1920.0101	1871.0101
735	29	5054	1920.0101	1871.0101
735	29	8262	1920.0101	1871.0101
735	29	16594	1920.0101	1871.0101
735	29	23058	1920.0101	1871.0101
735	29	25791	1920.0101	1871.0101
735	29	11753	1920.0101	1871.0101
735	29	11681	1920.0101	1871.0101
735	29	6899	1920.0101	1871.0101
735	29	10041	1920.0101	1871.0101
735	29	4513	1920.0101	1871.0101
735	29	5168	1920.0101	1871.0101
735	29	7464	1920.0101	1871.0101
735	29	15713	1920.0101	1871.0101
735	29	777	1920.0101	1871.0101
735	29	26421	1920.0101	1871.0101
735	29	20457	1920.0101	1871.0101
735	29	11219	1920.0101	1871.0101
735	29	2682	1920.0101	1871.0101
735	29	5788	1920.0101	1871.0101
735	29	6504	1920.0101	1871.0101
735	29	14882	1920.0101	1871.0101
735	29	11945	1920.0101	1871.0101
735	29	9230	1920.0101	1871.0101
735	29	28827	1920.0101	1871.0101
735	29	3950	1920.0101	1871.0101
735	29	17469	1920.0101	1871.0101
735	29	11799	1920.0101	1871.0101
735	29	21043	1920.0101	1871.0101
735	29	15033	1920.0101	1871.0101
735	29	24697	1920.0101	1871.0101
735	29	16992	1920.0101	1871.0101
735	29	2620	1920.0101	1871.0101
735	29	35338	1920.0101	1871.0101
735	29	23916	1920.0101	1871.0101
735	29	25910	1920.0101	1871.0101
735	29	1928	1920.0101	1871.0101
735	29	2696	1920.0101	1871.0101
735	29	5544	1920.0101	1871.0101
735	29	6505	1920.0101	1871.0101
735	29	2619	1920.0101	1871.0101
735	29	9363	1920.0101	1871.0101
735	29	9182	1920.0101	1871.0101
735	29	2272	1920.0101	1871.0101
735	29	7672	1920.0101	1871.0101
735	29	3949	1920.0101	1871.0101
735	29	3473	1920.0101	1871.0101
735	29	20901	1920.0101	1871.0101
735	29	12851	1920.0101	1871.0101
735	29	21299	1920.0101	1871.0101
735	29	18504	1920.0101	1871.0101
735	29	3081	1920.0101	1871.0101
735	29	31296	1920.0101	1871.0101
735	29	7807	1920.0101	1871.0101
735	29	2780	1920.0101	1871.0101
735	29	10534	1920.0101	1871.0101
735	29	13248	1920.0101	1871.0101
735	29	807	1920.0101	1871.0101
735	29	17291	1920.0101	1871.0101
735	29	2695	1920.0101	1871.0101
735	29	17818	1920.0101	1871.0101
735	29	23273	1920.0101	1871.0101
735	29	16136	1920.0101	1871.0101
735	29	22909	1920.0101	1871.0101
735	29	3643	1920.0101	1871.0101
735	29	11800	1920.0101	1871.0101
735	29	13827	1920.0101	1871.0101
735	29	9387	1920.0101	1871.0101
735	29	30611	1920.0101	1871.0101
735	29	12814	1920.0101	1871.0101
735	29	5851	1920.0101	1871.0101
735	29	18412	1920.0101	1871.0101
735	29	1502	1920.0101	1871.0101
735	29	9032	1920.0101	1871.0101
735	29	10500	1920.0101	1871.0101
735	29	34404	1920.0101	1871.0101
735	29	11220	1920.0101	1871.0101
735	29	25357	1920.0101	1871.0101
735	29	4448	1920.0101	1871.0101
735	29	19563	1920.0101	1871.0101
735	29	32891	1920.0101	1871.0101
735	29	20136	1920.0101	1871.0101
735	29	5462	1920.0101	1871.0101
735	29	21688	1920.0101	1871.0101
735	29	3585	1920.0101	1871.0101
735	29	22313	1920.0101	1871.0101
735	29	18630	1920.0101	1871.0101
735	29	20275	1920.0101	1871.0101
735	29	13029	1920.0101	1871.0101
735	29	7244	1920.0101	1871.0101
735	29	9202	1920.0101	1871.0101
735	29	6965	1920.0101	1871.0101
735	29	14666	1920.0101	1871.0101
735	29	6704	1920.0101	1871.0101
735	29	3332	1920.0101	1871.0101
735	29	19728	1920.0101	1871.0101
735	29	16144	1920.0101	1871.0101
735	29	20513	1920.0101	1871.0101
735	29	11680	1920.0101	1871.0101
735	29	14670	1920.0101	1871.0101
735	29	27706	1920.0101	1871.0101
735	29	10042	1920.0101	1871.0101
735	29	16368	1920.0101	1871.0101
735	29	18926	1920.0101	1871.0101
735	29	3333	1920.0101	1871.0101
735	29	3369	1920.0101	1871.0101
735	29	11181	1920.0101	1871.0101
735	29	1534	1920.0101	1871.0101
735	29	10639	1920.0101	1871.0101
735	29	3944	1920.0101	1871.0101
735	29	5235	1920.0101	1871.0101
735	29	28098	1920.0101	1871.0101
735	29	2230	1920.0101	1871.0101
735	29	6533	1920.0101	1871.0101
735	29	30436	1920.0101	1871.0101
735	29	11048	1920.0101	1871.0101
735	29	25253	1920.0101	1871.0101
735	29	32868	1920.0101	1871.0101
735	29	7808	1920.0101	1871.0101
735	29	22515	1920.0101	1871.0101
735	29	30009	1920.0101	1871.0101
735	29	13545	1920.0101	1871.0101
735	29	12382	1920.0101	1871.0101
735	29	13357	1920.0101	1871.0101
735	29	18463	1920.0101	1871.0101
735	29	32199	1920.0101	1871.0101
735	29	29528	1920.0101	1871.0101
735	29	18338	1920.0101	1871.0101
735	29	9475	1920.0101	1871.0101
735	29	17180	1920.0101	1871.0101
735	29	5813	1920.0101	1871.0101
735	29	23836	1920.0101	1871.0101
735	29	8197	1920.0101	1871.0101
735	29	27405	1920.0101	1871.0101
735	29	17077	1920.0101	1871.0101
735	29	7972	1920.0101	1871.0101
735	29	18917	1920.0101	1871.0101
735	29	10092	1920.0101	1871.0101
735	29	18631	1920.0101	1871.0101
735	29	27125	1920.0101	1871.0101
735	29	16351	1920.0101	1871.0101
735	29	6456	1920.0101	1871.0101
735	29	25885	1920.0101	1871.0101
735	29	19874	1920.0101	1871.0101
735	29	28256	1920.0101	1871.0101
735	29	2474	1920.0101	1871.0101
735	29	23519	1920.0101	1871.0101
735	29	15091	1920.0101	1871.0101
735	29	29782	1920.0101	1871.0101
735	29	21076	1920.0101	1871.0101
735	29	17290	1920.0101	1871.0101
735	29	7806	1920.0101	1871.0101
735	29	3504	1920.0101	1871.0101
735	29	12388	1920.0101	1871.0101
735	29	28010	1920.0101	1871.0101
735	29	21411	1920.0101	1871.0101
735	29	7334	1920.0101	1871.0101
735	29	18007	1920.0101	1871.0101
735	29	3642	1920.0101	1871.0101
735	29	5545	1920.0101	1871.0101
735	29	21370	1920.0101	1871.0101
735	29	23657	1920.0101	1871.0101
735	29	10494	1920.0101	1871.0101
735	29	27874	1920.0101	1871.0101
735	29	11180	1920.0101	1871.0101
735	29	29609	1920.0101	1871.0101
735	29	24101	1920.0101	1871.0101
777	44	735	1920.0101	1920.0101
1054	44	735	1920.0101	1920.0101
1502	44	735	1920.0101	1920.0101
2383	29	2444	1920.0101	1920.0101
2383	29	2548	1920.0101	1920.0101
2597	44	735	1920.0101	1920.0101
2674	16	1746	1920.0101	1920.0101
2383	29	3334	1920.0101	1920.0101
4042	44	735	1920.0101	1920.0101
3539	44	735	1920.0101	1920.0101
4327	44	2383	1920.0101	1920.0101
1205	29	5407	1920.0101	1920.0101
2383	29	5947	1920.0101	1920.0101
7498	44	2383	1920.0101	1920.0101
2383	29	7634	1920.0101	1920.0101
548	29	7806	1920.0101	1920.0101
2383	29	2017	1920.0101	1920.0101
9465	44	2383	1920.0101	1920.0101
548	29	9477	1920.0101	1920.0101
9613	44	2383	1920.0101	1920.0101
9755	44	735	1920.0101	1920.0101
10753	44	735	1920.0101	1920.0101
2689	44	2383	1920.0101	1920.0101
11142	44	2383	1920.0101	1920.0101
9477	44	735	1920.0101	1920.0101
2383	29	11617	1920.0101	1920.0101
2383	29	11899	1920.0101	1920.0101
6850	44	2383	1920.0101	1920.0101
11220	44	735	1920.0101	1920.0101
2383	29	4227	1920.0101	1920.0101
13248	44	735	1920.0101	1920.0101
13357	44	735	1920.0101	1920.0101
2383	29	13375	1920.0101	1920.0101
10494	44	735	1920.0101	1920.0101
2383	29	13695	1920.0101	1920.0101
13827	44	735	1920.0101	1920.0101
3909	44	735	1920.0101	1920.0101
2383	29	14408	1920.0101	1920.0101
14453	44	735	1920.0101	1920.0101
5851	44	735	1920.0101	1920.0101
6194	15	14555	1920.0101	1920.0101
3368	44	735	1920.0101	1920.0101
2383	29	1104	1920.0101	1920.0101
6794	44	735	1920.0101	1920.0101
5898	44	2383	1920.0101	1920.0101
16351	44	548	1920.0101	1920.0101
2383	29	17306	1920.0101	1920.0101
2383	29	9848	1920.0101	1920.0101
14640	44	2383	1920.0101	1920.0101
18642	44	2383	1920.0101	1920.0101
18916	44	2383	1920.0101	1920.0101
6456	44	735	1920.0101	1920.0101
3949	44	735	1920.0101	1920.0101
548	29	3909	1920.0101	1920.0101
2414	44	735	1920.0101	1920.0101
5947	44	2383	1920.0101	1920.0101
11181	44	735	1920.0101	1920.0101
21463	44	735	1920.0101	1920.0101
10494	44	548	1920.0101	1920.0101
20457	44	735	1920.0101	1920.0101
15625	44	2383	1920.0101	1920.0101
7806	44	548	1920.0101	1920.0101
23058	44	735	1920.0101	1920.0101
23145	44	2383	1920.0101	1920.0101
21137	44	2383	1920.0101	1920.0101
21076	44	735	1920.0101	1920.0101
6146	44	2383	1920.0101	1920.0101
20352	44	735	1920.0101	1920.0101
14669	44	2383	1920.0101	1920.0101
2383	29	15490	1920.0101	1920.0101
2383	29	14004	1920.0101	1920.0101
10694	44	2383	1920.0101	1920.0101
8825	44	2383	1920.0101	1920.0101
2383	29	16145	1920.0101	1920.0101
6036	44	735	1920.0101	1920.0101
2383	29	18916	1920.0101	1920.0101
12743	44	735	1920.0101	1920.0101
23469	44	2383	1920.0101	1920.0101
25755	44	735	1920.0101	1920.0101
735	29	3909	1920.0101	1920.0101
2383	29	18254	1920.0101	1920.0101
19890	44	735	1920.0101	1920.0101
2383	29	15625	1920.0101	1920.0101
15860	44	735	1920.0101	1920.0101
26776	44	735	1920.0101	1920.0101
19262	44	1205	1920.0101	1920.0101
2383	29	6156	1920.0101	1920.0101
17708	44	2383	1920.0101	1920.0101
2383	29	1863	1920.0101	1920.0101
5407	44	1205	1920.0101	1920.0101
7070	44	2383	1920.0101	1920.0101
19895	44	735	1920.0101	1920.0101
26709	44	735	1920.0101	1920.0101
27874	44	735	1920.0101	1920.0101
27094	44	2383	1920.0101	1920.0101
12524	44	735	1920.0101	1920.0101
6704	44	735	1920.0101	1920.0101
14901	44	735	1920.0101	1920.0101
14294	44	2383	1920.0101	1920.0101
21299	44	735	1920.0101	1920.0101
10638	44	735	1920.0101	1920.0101
548	29	29305	1920.0101	1920.0101
29339	44	2383	1920.0101	1920.0101
266	44	735	1920.0101	1920.0101
21089	44	2383	1920.0101	1920.0101
14666	44	735	1920.0101	1920.0101
3643	44	735	1920.0101	1920.0101
14804	44	2383	1920.0101	1920.0101
3504	44	735	1920.0101	1920.0101
20299	44	735	1920.0101	1920.0101
11800	44	735	1920.0101	1920.0101
27125	44	735	1920.0101	1920.0101
1579	44	735	1920.0101	1920.0101
30522	44	2383	1920.0101	1920.0101
548	29	30611	1920.0101	1920.0101
1419	44	2383	1920.0101	1920.0101
2383	29	6297	1920.0101	1920.0101
10036	44	2383	1920.0101	1920.0101
1225	44	735	1920.0101	1920.0101
22313	44	735	1920.0101	1920.0101
23964	44	1205	1920.0101	1920.0101
31296	44	735	1920.0101	1920.0101
10940	44	735	1920.0101	1920.0101
18463	44	548	1920.0101	1920.0101
25217	44	2383	1920.0101	1920.0101
2383	29	519	1920.0101	1920.0101
7634	44	2383	1920.0101	1920.0101
735	29	6080	1920.0101	1920.0101
5867	44	2383	1920.0101	1920.0101
735	29	14003	1920.0101	1920.0101
2696	44	735	1920.0101	1920.0101
2383	29	3275	1920.0101	1920.0101
2383	29	17430	1920.0101	1920.0101
10556	44	735	1920.0101	1920.0101
24207	44	2383	1920.0101	1920.0101
2383	29	6367	1920.0101	1920.0101
10092	44	735	1920.0101	1920.0101
548	29	20457	1920.0101	1920.0101
15369	44	2383	1920.0101	1920.0101
548	29	18504	1920.0101	1920.0101
7464	44	735	1920.0101	1920.0101
28827	44	735	1920.0101	1920.0101
15490	44	2383	1920.0101	1920.0101
548	29	6533	1920.0101	1920.0101
29498	44	735	1920.0101	1920.0101
8262	44	735	1920.0101	1920.0101
11753	44	735	1920.0101	1920.0101
5235	44	735	1920.0101	1920.0101
15143	44	548	1920.0101	1920.0101
13513	44	735	1920.0101	1920.0101
18254	44	1205	1920.0101	1920.0101
2383	29	1204	1920.0101	1920.0101
2383	29	17393	1920.0101	1920.0101
2383	29	1346	1920.0101	1920.0101
22239	44	2383	1920.0101	1920.0101
10042	44	735	1920.0101	1920.0101
17077	44	735	1920.0101	1920.0101
19662	44	2383	1920.0101	1920.0101
2383	29	4327	1920.0101	1920.0101
548	29	28827	1920.0101	1920.0101
17180	44	735	1920.0101	1920.0101
7752	44	735	1920.0101	1920.0101
2383	29	5898	1920.0101	1920.0101
11945	44	735	1920.0101	1920.0101
17469	44	735	1920.0101	1920.0101
2780	44	735	1920.0101	1920.0101
33903	15	18869	1920.0101	1920.0101
4227	44	2383	1920.0101	1920.0101
2383	29	1419	1920.0101	1920.0101
2383	29	9613	1920.0101	1920.0101
6504	44	735	1920.0101	1920.0101
735	29	23686	1920.0101	1920.0101
17708	44	1205	1920.0101	1920.0101
23159	44	2383	1920.0101	1920.0101
5993	44	2383	1920.0101	1920.0101
36452	44	1205	1920.0101	1920.0101
17777	44	735	1920.0101	1920.0101
23917	44	735	1920.0101	1920.0101
2383	29	20902	1920.0101	1920.0101
29609	44	735	1920.0101	1920.0101
30436	44	735	1920.0101	1920.0101
15033	44	735	1920.0101	1920.0101
548	29	4513	1920.0101	1920.0101
4047	44	735	1920.0101	1920.0101
10402	44	2383	1920.0101	1920.0101
30074	44	2383	1920.0101	1920.0101
548	29	21688	1920.0101	1920.0101
2383	29	26508	1920.0101	1920.0101
3411	44	735	1920.0101	1920.0101
10041	44	548	1920.0101	1920.0101
2017	44	2383	1920.0101	1920.0101
25844	44	2383	1920.0101	1920.0101
735	29	15051	1920.0101	1920.0101
23145	44	1205	1920.0101	1920.0101
2383	29	29682	1920.0101	1920.0101
1205	29	5867	1920.0101	1920.0101
10008	44	2383	1920.0101	1920.0101
2383	29	4226	1920.0101	1920.0101
8342	44	735	1920.0101	1920.0101
6471	44	2383	1920.0101	1920.0101
2383	29	6850	1920.0101	1920.0101
28293	44	735	1920.0101	1920.0101
25038	44	735	1920.0101	1920.0101
3996	44	1533	1920.0101	1920.0101
11737	44	735	1920.0101	1920.0101
4261	44	1533	1920.0101	1920.0101
36454	44	2383	1920.0101	1920.0101
2383	29	1882	1920.0101	1920.0101
1205	29	19262	1920.0101	1920.0101
2383	29	8323	1920.0101	1920.0101
31052	44	2383	1920.0101	1920.0101
9387	44	735	1920.0101	1920.0101
2383	29	15973	1920.0101	1920.0101
16738	44	735	1920.0101	1920.0101
548	29	28010	1920.0101	1920.0101
23763	44	735	1920.0101	1920.0101
19939	44	2383	1920.0101	1920.0101
4601	44	735	1920.0101	1920.0101
361	44	735	1920.0101	1920.0101
10041	44	735	1920.0101	1920.0101
24101	44	735	1920.0101	1920.0101
9862	44	1533	1920.0101	1920.0101
13362	44	735	1920.0101	1920.0101
5994	44	2383	1920.0101	1920.0101
15665	44	2383	1920.0101	1920.0101
16732	16	1746	1920.0101	1920.0101
23657	44	735	1920.0101	1920.0101
9182	44	735	1920.0101	1920.0101
2383	29	28267	1920.0101	1920.0101
2230	44	735	1920.0101	1920.0101
8323	44	2383	1920.0101	1920.0101
1205	29	25844	1920.0101	1920.0101
2383	29	11142	1920.0101	1920.0101
15219	44	1533	1920.0101	1920.0101
15657	44	2383	1920.0101	1920.0101
18254	44	2383	1920.0101	1920.0101
2383	29	10694	1920.0101	1920.0101
2383	29	22239	1920.0101	1920.0101
548	29	2272	1920.0101	1920.0101
1205	29	36452	1920.0101	1920.0101
2383	29	11735	1920.0101	1920.0101
14408	44	2383	1920.0101	1920.0101
548	29	14003	1920.0101	1920.0101
2383	29	21660	1920.0101	1920.0101
25569	15	281	1920.0101	1920.0101
2688	44	2383	1920.0101	1920.0101
20512	44	735	1920.0101	1920.0101
2383	29	30074	1920.0101	1920.0101
19563	44	735	1920.0101	1920.0101
3356	44	735	1920.0101	1920.0101
18631	44	735	1920.0101	1920.0101
6326	44	2383	1920.0101	1920.0101
19728	44	735	1920.0101	1920.0101
29305	44	735	1920.0101	1920.0101
2383	29	16414	1920.0101	1920.0101
807	44	735	1920.0101	1920.0101
21043	44	735	1920.0101	1920.0101
30009	44	735	1920.0101	1920.0101
27165	44	2383	1920.0101	1920.0101
39910	4	30561	1920.0101	1920.0101
9202	44	735	1920.0101	1920.0101
2383	29	11041	1920.0101	1920.0101
29305	44	548	1920.0101	1920.0101
16930	44	735	1920.0101	1920.0101
14758	44	735	1920.0101	1920.0101
19844	44	735	1920.0101	1920.0101
1468	44	735	1920.0101	1920.0101
1205	29	18254	1920.0101	1920.0101
18764	44	735	1920.0101	1920.0101
26548	15	1746	1920.0101	1920.0101
548	29	19895	1920.0101	1920.0101
17487	15	24940	1920.0101	1920.0101
9698	44	2383	1920.0101	1920.0101
30199	44	735	1920.0101	1920.0101
13659	44	735	1920.0101	1920.0101
18412	44	735	1920.0101	1920.0101
32199	44	735	1920.0101	1920.0101
7972	44	735	1920.0101	1920.0101
3585	44	735	1920.0101	1920.0101
806	44	735	1920.0101	1920.0101
2383	29	9698	1920.0101	1920.0101
518	44	735	1920.0101	1920.0101
8770	44	735	1920.0101	1920.0101
2383	29	5570	1920.0101	1920.0101
2383	29	1955	1920.0101	1920.0101
26548	16	1746	1920.0101	1920.0101
26879	44	2383	1920.0101	1920.0101
11680	44	735	1920.0101	1920.0101
18926	44	735	1920.0101	1920.0101
17775	44	735	1920.0101	1920.0101
13545	44	735	1920.0101	1920.0101
20457	44	548	1920.0101	1920.0101
2383	29	9204	1920.0101	1920.0101
27762	16	1746	1920.0101	1920.0101
21660	44	2383	1920.0101	1920.0101
2383	29	6326	1920.0101	1920.0101
548	29	15143	1920.0101	1920.0101
33946	44	2383	1920.0101	1920.0101
31991	44	1533	1920.0101	1920.0101
18917	44	735	1920.0101	1920.0101
13658	44	548	1920.0101	1920.0101
1987	44	735	1920.0101	1920.0101
2383	29	14640	1920.0101	1920.0101
31888	44	1205	1920.0101	1920.0101
2383	29	23645	1920.0101	1920.0101
2383	29	10695	1920.0101	1920.0101
9678	44	735	1920.0101	1920.0101
7672	44	735	1920.0101	1920.0101
28330	44	735	1920.0101	1920.0101
14882	44	735	1920.0101	1920.0101
29434	44	735	1920.0101	1920.0101
12980	4	4580	1920.0101	1920.0101
2383	29	6471	1920.0101	1920.0101
4513	44	735	1920.0101	1920.0101
22558	44	2383	1920.0101	1920.0101
2682	44	735	1920.0101	1920.0101
2383	29	1864	1920.0101	1920.0101
14805	44	2383	1920.0101	1920.0101
15713	44	735	1920.0101	1920.0101
735	29	15860	1920.0101	1920.0101
23288	44	735	1920.0101	1920.0101
31470	44	735	1920.0101	1920.0101
25910	44	735	1920.0101	1920.0101
25617	44	2383	1920.0101	1920.0101
2383	29	9348	1920.0101	1920.0101
285	44	2383	1920.0101	1920.0101
735	29	3908	1920.0101	1920.0101
9009	44	2383	1920.0101	1920.0101
6533	44	735	1920.0101	1920.0101
2383	29	23040	1920.0101	1920.0101
18006	44	735	1920.0101	1920.0101
30199	44	548	1920.0101	1920.0101
2383	29	27165	1920.0101	1920.0101
2695	44	735	1920.0101	1920.0101
2383	29	17944	1920.0101	1920.0101
13194	44	735	1920.0101	1920.0101
1205	29	23964	1920.0101	1920.0101
23686	44	735	1920.0101	1920.0101
735	29	9477	1920.0101	1920.0101
25023	44	735	1920.0101	1920.0101
15091	44	735	1920.0101	1920.0101
9718	4	247	1920.0101	1920.0101
24697	44	735	1920.0101	1920.0101
39384	4	34277	1920.0101	1920.0101
35659	4	1620	1920.0101	1920.0101
29682	44	2383	1920.0101	1920.0101
17393	44	2383	1920.0101	1920.0101
28010	44	548	1920.0101	1920.0101
2444	44	2383	1920.0101	1920.0101
4000	44	2383	1920.0101	1920.0101
3332	44	548	1920.0101	1920.0101
5576	44	735	1920.0101	1920.0101
15974	44	2383	1920.0101	1920.0101
23040	44	2383	1920.0101	1920.0101
10050	44	2383	1920.0101	1920.0101
5054	44	735	1920.0101	1920.0101
23914	44	548	1920.0101	1920.0101
4992	44	2383	1920.0101	1920.0101
12814	44	735	1920.0101	1920.0101
22383	44	735	1920.0101	1920.0101
3332	44	735	1920.0101	1920.0101
4448	44	735	1920.0101	1920.0101
28010	44	735	1920.0101	1920.0101
3334	44	2383	1920.0101	1920.0101
3081	44	735	1920.0101	1920.0101
23914	44	735	1920.0101	1920.0101
8157	44	2383	1920.0101	1920.0101
28437	44	2383	1920.0101	1920.0101
10534	44	735	1920.0101	1920.0101
9982	44	735	1920.0101	1920.0101
3333	44	735	1920.0101	1920.0101
28013	44	2383	1920.0101	1920.0101
9594	44	2383	1920.0101	1920.0101
25616	44	2383	1920.0101	1920.0101
1353	44	2383	1920.0101	1920.0101
19874	44	735	1920.0101	1920.0101
21411	44	735	1920.0101	1920.0101
1864	44	2383	1920.0101	1920.0101
17175	44	2383	1920.0101	1920.0101
25811	44	735	1920.0101	1920.0101
15973	44	2383	1920.0101	1920.0101
13658	44	735	1920.0101	1920.0101
11799	44	735	1920.0101	1920.0101
18630	44	735	1920.0101	1920.0101
2474	44	735	1920.0101	1920.0101
5168	44	735	1920.0101	1920.0101
20097	44	735	1920.0101	1920.0101
6367	44	2383	1920.0101	1920.0101
22888	44	2383	1920.0101	1920.0101
547	44	735	1920.0101	1920.0101
12237	44	735	1920.0101	1920.0101
267	44	735	1920.0101	1920.0101
8329	44	1533	1920.0101	1920.0101
12388	44	735	1920.0101	1920.0101
5132	44	735	1920.0101	1920.0101
15625	44	1205	1920.0101	1920.0101
2002	44	2383	1920.0101	1920.0101
1205	29	23145	1920.0101	1920.0101
1205	29	14408	1920.0101	1920.0101
1205	29	17708	1920.0101	1920.0101
23916	44	735	1920.0101	1920.0101
807	44	548	1920.0101	1920.0101
1205	29	1104	1920.0101	1920.0101
31888	44	2383	1920.0101	1920.0101
1205	29	15625	1920.0101	1920.0101
11871	44	2383	1920.0101	1920.0101
1205	29	31888	1920.0101	1920.0101
7147	15	22042	1920.0101	1920.0101
21707	44	2383	1920.0101	1920.0101
9348	44	2383	1920.0101	1920.0101
10035	44	2383	1920.0101	1920.0101
1955	44	2383	1920.0101	1920.0101
2271	44	735	1920.0101	1920.0101
29233	16	1746	1920.0101	1920.0101
4513	44	548	1920.0101	1920.0101
24183	44	2383	1920.0101	1920.0101
26445	44	2383	1920.0101	1920.0101
21370	44	735	1920.0101	1920.0101
19215	44	735	1920.0101	1920.0101
14519	44	2383	1920.0101	1920.0101
7973	44	735	1920.0101	1920.0101
11699	44	2383	1920.0101	1920.0101
15664	44	2383	1920.0101	1920.0101
14003	44	548	1920.0101	1920.0101
2592	44	735	1920.0101	1920.0101
30617	44	2383	1920.0101	1920.0101
15457	44	735	1920.0101	1920.0101
36452	44	2383	1920.0101	1920.0101
27706	44	735	1920.0101	1920.0101
28256	44	735	1920.0101	1920.0101
5788	44	735	1920.0101	1920.0101
14003	44	735	1920.0101	1920.0101
12382	44	735	1920.0101	1920.0101
28697	44	2383	1920.0101	1920.0101
17290	44	735	1920.0101	1920.0101
24187	44	2383	1920.0101	1920.0101
10986	4	260	1920.0101	1920.0101
18007	44	735	1920.0101	1920.0101
32891	44	735	1920.0101	1920.0101
18768	44	2383	1920.0101	1920.0101
6298	44	2383	1920.0101	1920.0101
16144	44	735	1920.0101	1920.0101
735	29	25022	1920.0101	1920.0101
735	29	19844	1920.0101	1920.0101
16574	44	735	1920.0101	1920.0101
19303	44	735	1920.0101	1920.0101
23519	44	735	1920.0101	1920.0101
735	29	16574	1920.0101	1920.0101
18964	44	735	1920.0101	1920.0101
16992	44	735	1920.0101	1920.0101
735	29	5576	1920.0101	1920.0101
14004	44	2383	1920.0101	1920.0101
6505	44	735	1920.0101	1920.0101
735	29	16738	1920.0101	1920.0101
7807	44	735	1920.0101	1920.0101
735	29	15457	1920.0101	1920.0101
13029	44	735	1920.0101	1920.0101
11735	44	2383	1920.0101	1920.0101
4653	15	10284	1920.0101	1920.0101
10443	44	735	1920.0101	1920.0101
4549	44	2383	1920.0101	1920.0101
6080	44	735	1920.0101	1920.0101
735	29	25023	1920.0101	1920.0101
10383	44	735	1920.0101	1920.0101
735	29	362	1920.0101	1920.0101
18463	44	735	1920.0101	1920.0101
806	44	548	1920.0101	1920.0101
735	29	361	1920.0101	1920.0101
6301	44	735	1920.0101	1920.0101
35338	44	735	1920.0101	1920.0101
28827	44	548	1920.0101	1920.0101
3473	44	735	1920.0101	1920.0101
971	44	2383	1920.0101	1920.0101
16136	44	548	1920.0101	1920.0101
5545	44	735	1920.0101	1920.0101
19060	4	2545	1920.0101	1920.0101
6795	44	735	1920.0101	1920.0101
6457	44	735	1920.0101	1920.0101
20902	44	2383	1920.0101	1920.0101
1348	44	735	1920.0101	1920.0101
14670	44	735	1920.0101	1920.0101
6624	16	1746	1920.0101	1920.0101
14670	44	548	1920.0101	1920.0101
13695	44	2383	1920.0101	1920.0101
20276	44	735	1920.0101	1920.0101
16136	44	735	1920.0101	1920.0101
10639	44	735	1920.0101	1920.0101
19895	44	548	1920.0101	1920.0101
17291	44	735	1920.0101	1920.0101
26708	44	735	1920.0101	1920.0101
29493	44	2383	1920.0101	1920.0101
8091	44	735	1920.0101	1920.0101
25859	44	735	1920.0101	1920.0101
7587	44	735	1920.0101	1920.0101
5867	44	1205	1920.0101	1920.0101
10317	44	735	1920.0101	1920.0101
7244	44	735	1920.0101	1920.0101
6395	44	735	1920.0101	1920.0101
17669	44	2383	1920.0101	1920.0101
8546	4	2435	1920.0101	1920.0101
1928	44	735	1920.0101	1920.0101
1204	44	2383	1920.0101	1920.0101
15491	44	2383	1920.0101	1920.0101
11048	44	735	1920.0101	1920.0101
12246	44	2383	1920.0101	1920.0101
5813	44	735	1920.0101	1920.0101
25792	44	735	1920.0101	1920.0101
18338	44	735	1920.0101	1920.0101
17306	44	2383	1920.0101	1920.0101
21458	44	2383	1920.0101	1920.0101
17818	44	735	1920.0101	1920.0101
22515	44	735	1920.0101	1920.0101
2548	44	2383	1920.0101	1920.0101
23836	44	735	1920.0101	1920.0101
15696	44	735	1920.0101	1920.0101
24246	44	735	1920.0101	1920.0101
16414	44	2383	1920.0101	1920.0101
32868	44	735	1920.0101	1920.0101
23964	44	2383	1920.0101	1920.0101
3944	44	735	1920.0101	1920.0101
11613	44	735	1920.0101	1920.0101
12476	44	2383	1920.0101	1920.0101
18504	44	735	1920.0101	1920.0101
25240	44	735	1920.0101	1920.0101
16594	44	735	1920.0101	1920.0101
11617	44	2383	1920.0101	1920.0101
26508	44	2383	1920.0101	1920.0101
18504	44	548	1920.0101	1920.0101
36620	4	24885	1920.0101	1920.0101
9230	44	735	1920.0101	1920.0101
12815	44	735	1920.0101	1920.0101
5407	44	2383	1920.0101	1920.0101
1609	44	735	1920.0101	1920.0101
9578	44	1533	1920.0101	1920.0101
1278	44	735	1920.0101	1920.0101
9199	44	735	1920.0101	1920.0101
12379	44	1533	1920.0101	1920.0101
19262	44	2383	1920.0101	1920.0101
15143	44	735	1920.0101	1920.0101
33179	44	1533	1920.0101	1920.0101
36332	44	735	1920.0101	1920.0101
25022	44	735	1920.0101	1920.0101
11681	44	735	1920.0101	1920.0101
20230	44	735	1920.0101	1920.0101
1033	44	735	1920.0101	1920.0101
17430	44	2383	1920.0101	1920.0101
23273	44	735	1920.0101	1920.0101
10201	44	2383	1920.0101	1920.0101
28267	44	2383	1920.0101	1920.0101
14436	44	735	1920.0101	1920.0101
21708	44	2383	1920.0101	1920.0101
362	44	735	1920.0101	1920.0101
14408	44	1205	1920.0101	1920.0101
21688	44	735	1920.0101	1920.0101
16368	44	735	1920.0101	1920.0101
28098	44	735	1920.0101	1920.0101
6063	44	1533	1920.0101	1920.0101
7479	44	1533	1920.0101	1920.0101
12403	44	2383	1920.0101	1920.0101
21688	44	548	1920.0101	1920.0101
20136	44	735	1920.0101	1920.0101
548	29	16136	1920.0101	1920.0101
548	29	23914	1920.0101	1920.0101
20672	44	548	1920.0101	1920.0101
15412	44	735	1920.0101	1920.0101
23591	44	735	1920.0101	1920.0101
2096	44	2383	1920.0101	1920.0101
11976	16	1746	1920.0101	1920.0101
548	29	30199	1920.0101	1920.0101
548	29	10494	1920.0101	1920.0101
20514	44	735	1920.0101	1920.0101
548	29	3332	1920.0101	1920.0101
30051	4	260	1920.0101	1920.0101
9475	44	735	1920.0101	1920.0101
548	29	807	1920.0101	1920.0101
3436	44	2383	1920.0101	1920.0101
548	29	20901	1920.0101	1920.0101
548	29	13658	1920.0101	1920.0101
7263	44	2383	1920.0101	1920.0101
1543	44	2383	1920.0101	1920.0101
20188	44	2383	1920.0101	1920.0101
6323	44	2383	1920.0101	1920.0101
1352	44	2383	1920.0101	1920.0101
548	29	806	1920.0101	1920.0101
548	29	3081	1920.0101	1920.0101
548	29	18463	1920.0101	1920.0101
8673	44	735	1920.0101	1920.0101
10695	44	2383	1920.0101	1920.0101
11219	44	735	1920.0101	1920.0101
548	29	20672	1920.0101	1920.0101
25357	44	735	1920.0101	1920.0101
3952	44	2383	1920.0101	1920.0101
18711	44	735	1920.0101	1920.0101
11992	44	735	1920.0101	1920.0101
548	29	2620	1920.0101	1920.0101
16817	44	735	1920.0101	1920.0101
27405	44	735	1920.0101	1920.0101
548	29	10041	1920.0101	1920.0101
6362	44	735	1920.0101	1920.0101
548	29	16351	1920.0101	1920.0101
3950	44	735	1920.0101	1920.0101
970	44	2383	1920.0101	1920.0101
16409	44	735	1920.0101	1920.0101
548	29	14670	1920.0101	1920.0101
20672	44	735	1920.0101	1920.0101
10500	44	735	1920.0101	1920.0101
12736	44	1533	1920.0101	1920.0101
3275	44	2383	1920.0101	1920.0101
17447	44	1533	1920.0101	1920.0101
7494	44	735	1920.0101	1920.0101
18163	44	2383	1920.0101	1920.0101
18299	4	4901	1920.0101	1920.0101
7334	44	735	1920.0101	1920.0101
13103	44	2383	1920.0101	1920.0101
26051	44	735	1920.0101	1920.0101
286	44	735	1920.0101	1920.0101
21689	44	735	1920.0101	1920.0101
26775	44	735	1920.0101	1920.0101
18122	44	2383	1920.0101	1920.0101
9183	44	735	1920.0101	1920.0101
17944	44	2383	1920.0101	1920.0101
15509	44	735	1920.0101	1920.0101
16351	44	735	1920.0101	1920.0101
25885	44	735	1920.0101	1920.0101
15194	44	735	1920.0101	1920.0101
26421	44	735	1920.0101	1920.0101
2322	44	735	1920.0101	1920.0101
13678	44	2383	1920.0101	1920.0101
12716	44	735	1920.0101	1920.0101
12851	44	735	1920.0101	1920.0101
2383	29	4549	1920.0101	1920.0101
2383	29	24183	1920.0101	1920.0101
6297	44	2383	1920.0101	1920.0101
2383	29	20188	1920.0101	1920.0101
2383	29	2032	1920.0101	1920.0101
30611	44	735	1920.0101	1920.0101
2383	29	2002	1920.0101	1920.0101
2383	29	11699	1920.0101	1920.0101
2383	29	15664	1920.0101	1920.0101
31244	44	735	1920.0101	1920.0101
2383	29	8825	1920.0101	1920.0101
2383	29	17669	1920.0101	1920.0101
3465	44	2383	1920.0101	1920.0101
2383	29	7498	1920.0101	1920.0101
2383	29	23145	1920.0101	1920.0101
15371	44	735	1920.0101	1920.0101
2383	29	31888	1920.0101	1920.0101
2383	29	26445	1920.0101	1920.0101
2383	29	153	1920.0101	1920.0101
9848	44	2383	1920.0101	1920.0101
2383	29	19662	1920.0101	1920.0101
2383	29	25217	1920.0101	1920.0101
2383	29	4378	1920.0101	1920.0101
2383	29	5867	1920.0101	1920.0101
2383	29	6323	1920.0101	1920.0101
2383	29	8157	1920.0101	1920.0101
19277	44	2383	1920.0101	1920.0101
2383	29	1353	1920.0101	1920.0101
2383	29	7070	1920.0101	1920.0101
2383	29	17175	1920.0101	1920.0101
20901	44	735	1920.0101	1920.0101
2383	29	19262	1920.0101	1920.0101
2383	29	10050	1920.0101	1920.0101
2383	29	15974	1920.0101	1920.0101
2383	29	10201	1920.0101	1920.0101
20901	44	548	1920.0101	1920.0101
2383	29	14294	1920.0101	1920.0101
20275	44	735	1920.0101	1920.0101
2383	29	13274	1920.0101	1920.0101
30611	44	548	1920.0101	1920.0101
2383	29	21383	1920.0101	1920.0101
2383	29	2095	1920.0101	1920.0101
2383	29	13103	1920.0101	1920.0101
2383	29	9009	1920.0101	1920.0101
2383	29	21708	1920.0101	1920.0101
2383	29	4000	1920.0101	1920.0101
2383	29	13678	1920.0101	1920.0101
2383	29	30522	1920.0101	1920.0101
2383	29	21707	1920.0101	1920.0101
2383	29	33424	1920.0101	1920.0101
11180	44	735	1920.0101	1920.0101
2383	29	23469	1920.0101	1920.0101
2383	29	5407	1920.0101	1920.0101
4226	44	2383	1920.0101	1920.0101
2383	29	12246	1920.0101	1920.0101
2383	29	15369	1920.0101	1920.0101
13274	44	2383	1920.0101	1920.0101
2383	29	2096	1920.0101	1920.0101
2383	29	27094	1920.0101	1920.0101
2383	29	18163	1920.0101	1920.0101
7806	44	735	1920.0101	1920.0101
2383	29	6366	1920.0101	1920.0101
2383	29	29493	1920.0101	1920.0101
2383	29	6298	1920.0101	1920.0101
2383	29	24207	1920.0101	1920.0101
2383	29	21458	1920.0101	1920.0101
2383	29	21089	1920.0101	1920.0101
33424	44	2383	1920.0101	1920.0101
2383	29	33946	1920.0101	1920.0101
2383	29	14669	1920.0101	1920.0101
2383	29	3952	1920.0101	1920.0101
2383	29	20016	1920.0101	1920.0101
2383	29	18122	1920.0101	1920.0101
2383	29	23964	1920.0101	1920.0101
2383	29	15491	1920.0101	1920.0101
2383	29	36691	1920.0101	1920.0101
14946	44	2383	1920.0101	1920.0101
18434	44	2383	1920.0101	1920.0101
2383	29	40639	1920.0101	1920.0101
2383	29	5993	1920.0101	1920.0101
2383	29	14804	1920.0101	1920.0101
2383	29	18642	1920.0101	1920.0101
20016	44	2383	1920.0101	1920.0101
2383	29	6146	1920.0101	1920.0101
2383	29	17708	1920.0101	1920.0101
2383	29	1352	1920.0101	1920.0101
2383	29	3436	1920.0101	1920.0101
2383	29	14805	1920.0101	1920.0101
2383	29	24187	1920.0101	1920.0101
9388	44	735	1920.0101	1920.0101
2383	29	20997	1920.0101	1920.0101
21383	44	2383	1920.0101	1920.0101
2383	29	22321	1920.0101	1920.0101
29433	44	1533	1920.0101	1920.0101
17249	44	735	1920.0101	1920.0101
2383	29	3465	1920.0101	1920.0101
3909	44	548	1920.0101	1920.0101
2383	29	5994	1920.0101	1920.0101
25844	44	1205	1920.0101	1920.0101
2383	29	17174	1920.0101	1920.0101
3062	44	1533	1920.0101	1920.0101
7293	44	735	1920.0101	1920.0101
2383	29	14295	1920.0101	1920.0101
2383	29	30617	1920.0101	1920.0101
2383	29	15665	1920.0101	1920.0101
2619	44	735	1920.0101	1920.0101
2383	29	11871	1920.0101	1920.0101
2383	29	4992	1920.0101	1920.0101
2383	29	28013	1920.0101	1920.0101
2383	29	25844	1920.0101	1920.0101
27166	44	735	1920.0101	1920.0101
29528	44	735	1920.0101	1920.0101
21629	44	735	1920.0101	1920.0101
9204	44	2383	1920.0101	1920.0101
25791	44	735	1920.0101	1920.0101
16786	44	735	1920.0101	1920.0101
6965	44	735	1920.0101	1920.0101
1534	44	735	1920.0101	1920.0101
11041	44	2383	1920.0101	1920.0101
10479	44	2383	1920.0101	1920.0101
9577	44	1533	1920.0101	1920.0101
13375	44	2383	1920.0101	1920.0101
19858	44	735	1920.0101	1920.0101
9363	44	735	1920.0101	1920.0101
9715	44	1533	1920.0101	1920.0101
2229	44	735	1920.0101	1920.0101
34404	44	735	1920.0101	1920.0101
28145	44	735	1920.0101	1920.0101
5525	44	735	1920.0101	1920.0101
19837	16	1746	1920.0101	1920.0101
40639	44	2383	1920.0101	1920.0101
8197	44	735	1920.0101	1920.0101
18433	44	735	1920.0101	1920.0101
17478	44	735	1920.0101	1920.0101
5544	44	735	1920.0101	1920.0101
1882	44	2383	1920.0101	1920.0101
6156	44	2383	1920.0101	1920.0101
25499	44	735	1920.0101	1920.0101
22650	4	260	1920.0101	1920.0101
16145	44	2383	1920.0101	1920.0101
3642	44	735	1920.0101	1920.0101
4378	44	2383	1920.0101	1920.0101
42600	15	39868	1920.0101	1920.0101
35919	44	1533	1920.0101	1920.0101
2032	44	2383	1920.0101	1920.0101
35532	44	735	1920.0101	1920.0101
153	44	2383	1920.0101	1920.0101
1104	44	1205	1920.0101	1920.0101
8209	16	1746	1920.0101	1920.0101
29782	44	735	1920.0101	1920.0101
2272	44	735	1920.0101	1920.0101
6366	44	2383	1920.0101	1920.0101
25238	44	735	1920.0101	1920.0101
11065	15	7955	1920.0101	1920.0101
11899	44	2383	1920.0101	1920.0101
519	44	2383	1920.0101	1920.0101
1104	44	2383	1920.0101	1920.0101
1346	44	2383	1920.0101	1920.0101
5570	44	2383	1920.0101	1920.0101
5578	44	735	1920.0101	1920.0101
12477	44	735	1920.0101	1920.0101
20513	44	735	1920.0101	1920.0101
35705	44	1533	1920.0101	1920.0101
23645	44	2383	1920.0101	1920.0101
2620	44	735	1920.0101	1920.0101
22163	44	735	1920.0101	1920.0101
9032	44	735	1920.0101	1920.0101
15051	44	735	1920.0101	1920.0101
2095	44	2383	1920.0101	1920.0101
17174	44	2383	1920.0101	1920.0101
25253	44	735	1920.0101	1920.0101
1863	44	2383	1920.0101	1920.0101
7459	44	735	1920.0101	1920.0101
734	44	735	1920.0101	1920.0101
16851	44	735	1920.0101	1920.0101
4794	44	735	1920.0101	1920.0101
6964	44	735	1920.0101	1920.0101
5462	44	735	1920.0101	1920.0101
8549	44	735	1920.0101	1920.0101
2620	44	548	1920.0101	1920.0101
14295	44	2383	1920.0101	1920.0101
29967	4	17417	1920.0101	1920.032
10986	4	13283	1920.0101	1921.0101
2925	4	3216	1920.0101	1921.0101
7431	4	10875	1920.0101	1921.0101
12172	4	10996	1920.0101	1921.0101
1837	4	260	1920.0101	1921.0101
28460	4	3482	1920.0101	1921.0101
36551	4	10861	1920.0101	1921.0101
23841	4	35216	1920.0101	1921.0101
27493	4	12244	1920.0101	1921.0101
9275	4	6339	1920.0101	1921.0101
24102	4	260	1920.0101	1921.0101
30502	4	260	1920.0101	1921.0101
4172	4	4901	1920.0101	1921.0101
16990	4	1652	1920.0101	1921.0101
661	4	9306	1920.0101	1921.0101
6032	4	882	1920.0101	1921.0101
27382	4	558	1920.0101	1921.0101
8352	4	9682	1920.0101	1921.0101
18623	4	980	1920.0101	1921.0101
10654	4	14212	1920.0101	1921.0101
10025	4	1816	1920.0101	1921.0101
15921	4	18607	1920.0101	1921.0101
18821	4	5359	1920.0101	1922.0101
23347	4	14668	1920.0101	1922.0101
16922	4	6436	1920.0101	1922.0101
19591	4	4152	1920.0101	1922.0101
6524	4	3836	1920.0101	1922.0101
38724	4	5134	1920.0101	1922.0101
13315	4	2028	1920.0101	1922.0101
38982	4	178	1920.0101	1923.0
4107	4	4108	1920.0101	1923.0101
32567	4	5134	1920.0101	1923.0101
38217	4	10987	1920.0101	1923.0101
15500	4	13878	1920.0101	1923.0101
33490	4	5575	1920.0101	1923.0101
36556	4	1267	1920.0101	1923.0101
30328	4	30329	1920.0101	1924.0101
21033	4	11692	1920.0101	1924.0101
30328	4	28408	1920.0101	1924.0101
32069	4	3482	1920.0101	1924.0101
12243	4	2138	1920.0101	1924.0101
9681	4	2792	1920.0101	1924.0101
39340	4	5134	1920.0101	1924.0101
40490	4	6068	1920.0101	1924.0101
13828	4	260	1920.0101	1925.0101
9237	4	260	1920.0101	1925.0101
29807	4	7554	1920.0101	1925.0101
39872	4	6252	1920.0101	1925.0101
18480	4	1792	1920.0101	1926.0101
30153	4	1565	1920.0101	1926.0101
26203	4	10861	1920.0101	1926.0101
19701	4	1931	1920.0101	1926.0101
33337	4	2435	1920.0101	1926.0101
7466	4	6436	1920.0101	1927.0101
12714	4	1267	1920.0101	1927.0101
1837	4	3836	1920.0101	1927.0101
41621	4	247	1920.0101	1927.0101
27824	4	7484	1920.0101	1927.0226
30176	19	30177	1920.0101	1928.0101
22715	4	24211	1920.0101	1928.0101
21426	4	5266	1920.0101	1928.0101
30177	19	30176	1920.0101	1928.0101
18265	4	260	1920.0101	1930.0101
7509	4	29830	1920.0101	1930.0101
31394	19	30453	1920.0101	1933.0101
41933	4	6910	1920.0101	1934.0101
20239	4	260	1920.0101	1934.0101
18369	4	370	1920.0101	1935.0101
24324	4	2545	1920.0101	1937.0101
32397	33	1940	1920.0101	1950.0101
2175	19	9600	1920.0101	1957.0101
9600	19	2175	1920.0101	1957.0101
83	25	20431	1920.011	1939.0509
3022	44	5071	1920.011	1939.1008
113	25	20431	1920.011	1941.0418
39789	4	1550	1920.0117	1920.0207
20687	4	1550	1920.0117	1920.0313
33523	4	7554	1920.0117	1921.0212
7553	4	7554	1920.0117	1922.0121
21357	4	7554	1920.0117	1923.0402
5033	4	7554	1920.0117	1926.032
29639	4	7554	1920.0117	1927.0402
13093	21	613	1920.0126	1920.0126
37065	27	1827	1920.0128	1920.0128
30892	1	1642	1920.0202	1940.072
9430	15	580	1920.0205	1920.0205
38229	4	1550	1920.0207	1920.0313
5557	4	17417	1920.0207	1923.0317
42550	4	7554	1920.0214	1920.032
10005	25	4054	1920.0216	1924.0218
39504	133	16018	1920.0221	1923.0101
20292	1	6583	1920.0229	1946.0131
1351	1	6583	1920.0229	1946.0131
32270	17	728	1920.03	1937.083
18747	27	12720	1920.0301	1920.0301
29807	4	7554	1920.032	1925.0413
16454	19	17165	1920.0328	1936.011
17165	19	16454	1920.0328	1936.011
18747	62	21390	1920.0404	1920.0511
32022	44	18758	1920.0406	1922.111
11230	1	18758	1920.0406	1922.1115
11230	44	18758	1920.0406	1922.1115
39383	41	2604	1920.0409	1924.0616
9969	134	37541	1920.041	1920.041
2757	1	26560	1920.0425	1948.0513
4413	1	73	1920.0426	1991.083
1166	1	1294	1920.0428	1922.123
2671	1	1294	1920.0428	1991.083
24624	1	1294	1920.0428	1991.083
1166	44	1294	1920.0428	1991.083
11907	41	29773	1920.0503	1921.0124
105	142	15939	1920.0507	1920.061
8695	15	1650	1920.0513	1920.0513
8695	25	142	1920.0513	1920.0513
8538	15	1112	1920.0523	1920.0523
4877	66	22656	1920.0527	1990.0829
4877	44	22656	1920.0527	1990.083
17912	25	652	1920.0603	1920.0603
11920	15	39304	1920.0619	1920.0619
3896	3	9295	1920.07	1920.07
25732	1	73	1920.07	1990.1117
1243	41	7796	1920.0701	1931.0323
33120	14	136	1920.0712	1920.0712
2404	15	1112	1920.0725	1920.0725
536	1	73	1920.0731	1921.0317
20431	9	481	1920.08	1933.0703
38829	25	7667	1920.0809	1951.0506
5727	44	227	1920.0811	1940.0101
4014	44	227	1920.0811	1940.0721
920	25	7667	1920.0819	1949.0506
18758	27	4186	1920.1	1920.1
18758	27	35767	1920.1	1920.1
17659	3	1232	1920.1	1920.1
16310	44	34110	1920.1007	1920.1007
5162	44	23495	1920.1008	1924.1013
16310	66	23495	1920.1008	1924.1027
16310	44	23495	1920.1008	1924.1027
37065	44	664	1920.1028	1922.0127
17298	1	47	1920.1102	1939.0916
3022	1	5071	1920.1115	1939.0831
3022	66	5071	1920.1115	1939.0831
2542	33	19151	1920.1129	1920.1129
31345	1	6437	1920.1129	1920.1129
1596	15	1112	1920.113	1920.113
7611	25	2253	1920.1207	1920.1207
39620	25	2253	1920.1207	1920.1207
590	62	13119	1920.1209	1928.121
3802	19	3803	1921.0	1921.0
11103	3	2613	1921.0	1921.0
12664	3	12665	1921.0	1921.0
15896	17	15897	1921.0	1921.0
19434	44	6437	1921.0	1921.0
17859	3	31680	1921.0	1921.0
35080	14	18944	1921.0	1921.0
13520	14	13256	1921.0	1921.0
21648	4	27892	1921.0	1921.0
29544	15	5058	1921.0	1921.0
11223	14	3547	1921.0	1921.0
10686	41	11812	1921.0	1921.0
28710	3	10393	1921.0	1921.0
32469	17	15897	1921.0	1921.0
9473	40	3823	1921.0	1921.0
20760	15	1112	1921.0	1921.0
31702	4	2092	1921.0	1921.0
6089	17	5911	1921.0	1921.0
3803	19	3802	1921.0	1921.0
2259	17	728	1921.0	1921.0
19522	3	7	1921.0	1921.0
24809	3	5626	1921.0	1921.0
20192	3	13113	1921.0	1921.0
14476	4	4037	1921.0	1921.0
11648	40	1796	1921.0	1921.0
42415	33	203	1921.0	1921.0
10738	15	1112	1921.0	1921.0
2364	17	728	1921.0	1921.0
6230	15	10841	1921.0	1921.0
36821	18	455	1921.0	1921.0
32344	4	6831	1921.0	1921.0
21280	17	728	1921.0	1921.0
23892	3	5869	1921.0	1921.0
22001	15	8004	1921.0	1921.0
20731	15	1650	1921.0	1921.0
24725	15	31851	1921.0	1921.0
907	44	15939	1921.0	1921.0813
8695	14	14458	1921.0	1922.0
19534	4	2092	1921.0	1922.0
3697	41	3698	1921.0	1924.0
13234	3	13235	1921.0	1924.0
23459	4	19712	1921.0	1924.0
1606	33	7137	1921.0	1924.0
8639	3	20348	1921.0	1924.0
24903	4	6831	1921.0	1925.0
26209	3	1017	1921.0	1926.0
31310	41	2157	1921.0	1930.0
22940	4	19712	1921.0	1933.0
40772	33	22100	1921.0	1934.0
37156	33	203	1921.0	1936.0
2091	4	22572	1921.0	1938.0
2026	21	47	1921.0	1939.0
16632	4	6245	1921.0	1939.0
6308	78	11715	1921.0	1940.0
6222	44	2008	1921.0	1945.0
9558	33	1833	1921.0	1946.0
29267	4	107	1921.0	1950.0
35048	14	5038	1921.0	1961.0
11542	1	73	1921.0	1991.0
6222	1	73	1921.0	1991.0
6032	4	6033	1921.0101	1921.0101
12172	4	260	1921.0101	1921.0101
14627	15	13120	1921.0101	1921.0101
29474	15	13832	1921.0101	1921.0101
3697	16	1746	1921.0101	1921.0101
28415	16	1746	1921.0101	1921.0101
22275	4	1128	1921.0101	1921.0101
4653	15	18869	1921.0101	1921.0101
32628	15	9957	1921.0101	1921.0101
2674	16	1746	1921.0101	1921.0101
7062	4	6479	1921.0101	1921.0101
33729	16	1746	1921.0101	1921.0101
1190	15	6865	1921.0101	1921.0101
5049	4	10861	1921.0101	1921.0101
24444	4	13878	1921.0101	1921.0101
2628	16	1746	1921.0101	1921.0101
9718	4	6732	1921.0101	1921.0101
30461	15	7955	1921.0101	1921.0101
16922	4	6570	1921.0101	1921.0101
8000	15	25570	1921.0101	1921.0101
27762	16	1746	1921.0101	1921.0101
3697	15	1746	1921.0101	1921.0101
6624	16	1746	1921.0101	1921.0101
31822	15	9753	1921.0101	1921.0101
8322	15	37342	1921.0101	1921.0101
18868	15	6846	1921.0101	1921.0101
35335	4	22297	1921.0101	1921.0101
24671	4	6636	1921.0101	1921.0101
31115	15	13120	1921.0101	1921.0101
23211	15	42036	1921.0101	1921.0101
8209	16	1746	1921.0101	1921.0101
6171	4	260	1921.0101	1921.0101
3481	4	3482	1921.0101	1922.0101
15237	4	89	1921.0101	1922.0101
23726	4	5575	1921.0101	1922.0101
3528	4	1263	1921.0101	1922.0101
259	4	27251	1921.0101	1922.0101
40711	4	3087	1921.0101	1922.0101
661	4	7411	1921.0101	1922.0101
26511	4	23467	1921.0101	1922.0101
5691	4	4979	1921.0101	1922.0101
29499	4	3482	1921.0101	1922.0101
5229	4	4196	1921.0101	1922.0101
34962	4	6455	1921.0101	1922.0101
27382	4	321	1921.0101	1922.0101
34039	4	15	1921.0101	1922.0101
30096	4	8437	1921.0101	1922.0101
28392	4	22786	1921.0101	1922.0101
27493	4	13065	1921.0101	1922.0101
32387	4	1376	1921.0101	1922.0101
22650	4	15584	1921.0101	1922.0101
30944	4	27251	1921.0101	1922.0101
444	4	29952	1921.0101	1922.0101
8296	4	6570	1921.0101	1922.0101
2082	4	2083	1921.0101	1923.0101
20086	4	20087	1921.0101	1923.0101
9587	4	260	1921.0101	1923.0101
27244	4	1510	1921.0101	1923.0101
35457	4	5030	1921.0101	1923.0101
36033	37	203	1921.0101	1923.0101
17667	4	6216	1921.0101	1923.0101
12560	4	6436	1921.0101	1923.0101
8859	4	4979	1921.0101	1923.0101
6524	4	260	1921.0101	1923.0101
8352	4	588	1921.0101	1923.0101
4357	4	16556	1921.0101	1923.0101
28460	4	6732	1921.0101	1923.0101
20207	4	40176	1921.0101	1923.0101
39910	4	15769	1921.0101	1923.0101
2925	4	4196	1921.0101	1924.0101
12172	4	27251	1921.0101	1924.0101
13884	4	22096	1921.0101	1924.0101
11154	4	10996	1921.0101	1924.0101
7646	4	13727	1921.0101	1924.0101
22644	4	12529	1921.0101	1924.0101
6716	37	1421	1921.0101	1924.0101
24863	4	5035	1921.0101	1924.0101
20694	4	12529	1921.0101	1924.0101
13410	4	2545	1921.0101	1924.0101
25104	4	566	1921.0101	1924.0101
24036	4	1263	1921.0101	1924.0101
14173	4	18004	1921.0101	1924.0101
18693	4	14212	1921.0101	1924.0101
5358	4	2471	1921.0101	1924.0101
7273	4	2809	1921.0101	1924.0101
10986	4	10987	1921.0101	1925.0101
7431	4	6068	1921.0101	1925.0101
587	4	15769	1921.0101	1925.0101
1056	4	260	1921.0101	1925.0101
35101	4	5359	1921.0101	1925.0101
28604	4	10987	1921.0101	1925.0101
42380	4	1263	1921.0101	1925.0101
20026	4	5660	1921.0101	1925.0101
15762	4	260	1921.0101	1925.0101
26118	4	1263	1921.0101	1926.0101
7829	4	1374	1921.0101	1926.0101
4696	4	566	1921.0101	1926.0101
3403	3	39600	1921.0101	1926.0101
36728	4	25	1921.0101	1926.0101
25801	4	1766	1921.0101	1926.0101
7753	4	14668	1921.0101	1926.0101
20838	3	20839	1921.0101	1927.0101
26754	4	3087	1921.0101	1927.0101
8098	4	7432	1921.0101	1927.0101
7062	4	6479	1921.0101	1927.0101
32169	4	5035	1921.0101	1927.0101
40158	4	1374	1921.0101	1927.0101
35659	4	1040	1921.0101	1928.0101
37023	4	7931	1921.0101	1928.0101
19060	4	12426	1921.0101	1928.0101
14476	4	1699	1921.0101	1928.0101
21492	4	1040	1921.0101	1929.0101
21783	19	36074	1921.0101	1929.0101
39220	4	4807	1921.0101	1929.0101
28700	4	2423	1921.0101	1929.0101
36074	19	21783	1921.0101	1929.0101
25258	4	260	1921.0101	1930.0101
21902	4	7432	1921.0101	1930.0101
9237	4	6068	1921.0101	1931.0101
7566	19	36169	1921.0101	1932.0101
12106	33	383	1921.0101	1932.0301
40582	4	1374	1921.0101	1934.0101
27068	14	4522	1921.0101	1940.0101
11568	14	4522	1921.0101	1941.0101
29292	21	2176	1921.0101	1949.0101
29292	33	1288	1921.0101	1949.0101
8688	19	39309	1921.0101	1961.0101
39309	19	8688	1921.0101	1961.0101
28421	4	1550	1921.0115	1921.0115
17965	4	1550	1921.0115	1921.0226
19309	4	1550	1921.0115	1924.1129
37621	4	17417	1921.0122	1929.0316
16526	41	455	1921.02	1921.02
21052	4	1550	1921.0205	1921.0205
25420	41	7796	1921.0216	1921.0804
4791	15	6389	1921.0219	1921.0219
4913	1	664	1921.0318	1922.1228
6016	1	47	1921.0318	1939.0916
536	1	15939	1921.0318	1939.0918
6989	1	15939	1921.0318	1939.092
7573	44	5850	1921.0318	1951.1105
23455	4	7554	1921.0319	1929.0209
1697	70	20223	1921.051	1922.1114
20223	41	19898	1921.051	1922.1114
2404	15	1112	1921.0511	1921.0511
36169	19	7566	1921.0531	1932.0725
18049	38	1467	1921.06	1921.06
9617	25	2253	1921.0607	1921.0607
20482	71	856	1921.0614	1921.0614
440	25	441	1921.0621	1921.0621
37696	17	16363	1921.07	1923.1016
179	15	14495	1921.0703	1921.0703
25420	41	7796	1921.0809	1922.1215
33523	4	33524	1921.0813	1924.092
22747	41	279	1921.0816	1922.0608
31480	41	279	1921.0816	1922.0608
13666	41	279	1921.0816	1922.0608
4316	41	279	1921.0816	1922.0608
8416	41	279	1921.0816	1922.0608
3875	41	279	1921.0816	1922.0608
10562	41	279	1921.0816	1922.0608
24398	41	279	1921.0816	1922.0608
28373	41	279	1921.0816	1922.0608
32853	21	13302	1921.0926	1949.0
12720	44	2008	1921.1018	1945.063
16945	44	2008	1921.1018	1945.063
6222	66	2008	1921.1018	1945.063
12303	17	1805	1921.11	1921.11
2153	3	2997	1921.12	1921.12
20731	25	142	1921.1205	1921.1205
11597	48	12226	1921.1205	1921.1205
665	21	334	1922.0	1922.0
10569	21	716	1922.0	1922.0
19112	4	19113	1922.0	1922.0
2658	15	5058	1922.0	1922.0
22044	3	115	1922.0	1922.0
20731	15	5501	1922.0	1922.0
26736	21	716	1922.0	1922.0
18855	17	59	1922.0	1922.0
17089	4	1699	1922.0	1922.0
21329	14	8591	1922.0	1922.0
30894	21	664	1922.0	1922.0
6058	30	18624	1922.0	1922.0
30571	3	2365	1922.0	1922.0
12758	21	716	1922.0	1922.0
37923	3	115	1922.0	1922.0
935	21	73	1922.0	1922.0
22262	3	14546	1922.0	1922.0
18910	30	31822	1922.0	1922.0
22809	17	27854	1922.0	1922.0
4870	15	1112	1922.0	1922.0
13666	21	151	1922.0	1922.0
8921	21	716	1922.0	1922.0
34840	4	19712	1922.0	1922.0
18629	3	11350	1922.0	1922.0
22869	15	10841	1922.0	1922.0
8416	21	151	1922.0	1922.0
20234	27	3199	1922.0	1922.0
27864	21	5850	1922.0	1922.0
12755	34	73	1922.0	1922.0
42088	3	115	1922.0	1922.0
4910	21	716	1922.0	1922.0
5501	30	20731	1922.0	1922.0
17831	21	73	1922.0	1922.0
2413	21	716	1922.0	1922.0
3123	21	716	1922.0	1922.0
29437	25	2087	1922.0	1922.0
21329	3	5613	1922.0	1922.0
22989	17	728	1922.0	1922.0
18487	15	30473	1922.0	1922.0
5878	21	716	1922.0	1922.0
36311	3	5391	1922.0	1922.0
35605	15	486	1922.0	1922.0
281	30	26740	1922.0	1922.0
6009	3	24545	1922.0	1922.0
31784	41	17347	1922.0	1922.0
32971	21	1294	1922.0	1922.0
29325	3	9725	1922.0	1922.0
26430	41	1339	1922.0	1922.0
36341	21	716	1922.0	1922.0
22809	17	4046	1922.0	1922.0
29974	41	455	1922.0	1923.0
16984	14	41862	1922.0	1923.0
29267	4	2092	1922.0	1923.0
12972	4	19712	1922.0	1923.0
9909	19	35182	1922.0	1923.0
24372	4	4037	1922.0	1923.0
13815	3	2059	1922.0	1924.0
15040	4	4037	1922.0	1925.0
11009	3	543	1922.0	1926.0
32937	3	2365	1922.0	1927.0
13956	4	19113	1922.0	1927.0
8695	14	5552	1922.0	1928.0
18483	44	716	1922.0	1928.0514
2350	33	1300	1922.0	1929.0
10229	44	5463	1922.0	1929.0
10603	4	594	1922.0	1930.0
35970	19	28048	1922.0	1933.0
31480	21	13534	1922.0	1937.0
12968	4	594	1922.0	1939.0
227	34	73	1922.0	1940.0
4651	41	455	1922.0	1941.0
7250	14	3232	1922.0	1941.0
5658	17	4046	1922.0	1946.0
18696	21	18697	1922.0	1952.0
17648	21	440	1922.0	1970.0
6626	44	22656	1922.0	1990.0829
800	1	73	1922.0	1991.0
15558	1	73	1922.0	1991.0
3591	1	73	1922.0	1991.0
6626	1	73	1922.0	1991.0
11230	1	73	1922.0	1991.0
14499	1	73	1922.0	1991.0
15885	1	73	1922.0	1991.0
5742	1	73	1922.0	1991.0
9319	1	73	1922.0	1991.0
29576	1	73	1922.0	1991.0
663	1	73	1922.0	1991.0824
18868	15	18869	1922.0101	1922.0101
26740	15	281	1922.0101	1922.0101
18821	4	9261	1922.0101	1922.0101
27762	16	1746	1922.0101	1922.0101
33729	16	1746	1922.0101	1922.0101
12980	4	2809	1922.0101	1922.0101
28774	4	5660	1922.0101	1922.0101
22835	16	1746	1922.0101	1922.0101
31130	4	2028	1922.0101	1922.0101
28506	37	203	1922.0101	1922.0101
25214	4	5140	1922.0101	1922.0101
16654	3	13883	1922.0101	1922.0101
18821	4	698	1922.0101	1922.0101
12030	4	588	1922.0101	1922.0101
10915	15	22836	1922.0101	1922.0101
18821	4	100	1922.0101	1922.0101
613	22	2714	1922.0101	1922.0101
16922	4	6732	1922.0101	1922.0101
29233	16	1746	1922.0101	1922.0101
18624	15	6058	1922.0101	1922.0101
31822	15	18910	1922.0101	1922.0101
31822	15	1435	1922.0101	1922.0101
6995	4	6479	1922.0101	1922.0101
6624	16	1746	1922.0101	1922.0101
7009	3	8689	1922.0101	1922.0101
13483	15	21451	1922.0101	1922.0101
6923	4	1374	1922.0101	1922.0101
16732	16	1746	1922.0101	1922.0101
6496	4	33188	1922.0101	1922.0101
27380	4	5118	1922.0101	1922.0101
35605	15	22651	1922.0101	1922.0101
29256	33	140	1922.0101	1922.0101
12695	4	1068	1922.0101	1922.0101
8209	16	1746	1922.0101	1922.0101
25496	15	2575	1922.0101	1922.0101
2714	22	613	1922.0101	1922.0101
7410	4	7411	1922.0101	1923.0101
19299	4	321	1922.0101	1923.0101
29499	4	13065	1922.0101	1923.0101
30944	4	429	1922.0101	1923.0101
32334	4	32335	1922.0101	1923.0101
9718	4	4030	1922.0101	1923.0101
11462	4	1792	1922.0101	1923.0101
24	4	4206	1922.0101	1923.0101
8394	4	16627	1922.0101	1923.0101
38724	4	6436	1922.0101	1923.0101
38773	4	6252	1922.0101	1923.0101
39384	4	4753	1922.0101	1923.0101
41765	4	21694	1922.0101	1923.0101
3561	4	3405	1922.0101	1923.0101
36551	4	390	1922.0101	1923.0101
12653	4	18004	1922.0101	1923.0101
39771	4	2133	1922.0101	1923.0101
10990	4	16556	1922.0101	1923.0101
661	4	6436	1922.0101	1923.0101
26511	4	6339	1922.0101	1923.0101
15237	4	11685	1922.0101	1923.0101
6923	4	3836	1922.0101	1923.0101
30096	4	7196	1922.0101	1923.0101
32507	4	24546	1922.0101	1923.0101
18545	4	1766	1922.0101	1923.0101
9021	4	1040	1922.0101	1923.0101
32387	4	37499	1922.0101	1923.0101
23347	4	4030	1922.0101	1923.0101
444	4	8148	1922.0101	1923.0101
35341	4	4376	1922.0101	1923.0101
38982	4	24519	1922.0101	1924.0
8784	4	6216	1922.0101	1924.0101
16674	4	260	1922.0101	1924.0101
23726	4	100	1922.0101	1924.0101
25921	4	24211	1922.0101	1924.0101
36587	19	37899	1922.0101	1924.0101
3528	4	12529	1922.0101	1924.0101
8106	4	4030	1922.0101	1924.0101
34326	4	42283	1922.0101	1924.0101
28329	4	15129	1922.0101	1924.0101
22706	4	42023	1922.0101	1924.0101
37899	19	36587	1922.0101	1924.0101
29288	4	2471	1922.0101	1924.0101
28774	4	9347	1922.0101	1924.0101
6171	4	10987	1922.0101	1924.0101
32640	4	1477	1922.0101	1925.0101
33846	4	1130	1922.0101	1925.0101
6190	4	1676	1922.0101	1925.0101
19591	4	1128	1922.0101	1925.0101
28392	4	27239	1922.0101	1925.0101
18299	4	980	1922.0101	1925.0101
34889	4	6167	1922.0101	1925.0101
5229	4	15047	1922.0101	1926.0101
7048	4	4901	1922.0101	1926.0101
21570	4	16627	1922.0101	1926.0101
36746	4	4901	1922.0101	1926.0101
37413	4	6910	1922.0101	1926.0101
42087	4	10513	1922.0101	1926.0101
33686	4	4580	1922.0101	1926.0101
13284	4	20969	1922.0101	1926.0101
22209	4	32168	1922.0101	1926.0101
8633	4	28367	1922.0101	1927.0101
11334	4	31095	1922.0101	1927.0101
11172	4	1263	1922.0101	1927.0101
25606	4	4796	1922.0101	1927.0101
33704	4	5307	1922.0101	1927.0101
22190	3	1942	1922.0101	1927.0101
259	4	429	1922.0101	1927.0101
25365	4	36897	1922.0101	1927.0101
10333	4	2427	1922.0101	1927.0101
27744	4	8148	1922.0101	1927.0101
15679	4	7432	1922.0101	1927.0101
3481	4	6732	1922.0101	1928.0101
25214	4	5311	1922.0101	1928.0101
16653	4	8108	1922.0101	1928.0101
31936	4	390	1922.0101	1928.0101
18579	4	8548	1922.0101	1928.0101
14582	4	5030	1922.0101	1929.0101
34039	4	5359	1922.0101	1929.0101
31445	4	8548	1922.0101	1931.0101
13315	4	5307	1922.0101	1931.0101
20382	4	7931	1922.0101	1931.0101
32640	4	2627	1922.0101	1931.0101
28654	33	203	1922.0101	1932.0101
34810	19	8085	1922.0101	1933.0101
37747	4	429	1922.0101	1933.0101
11803	37	203	1922.0101	1934.0101
28181	4	10996	1922.0101	1935.0101
21965	4	10515	1922.0101	1936.0101
13747	41	6768	1922.0101	1936.0101
34859	4	374	1922.0101	1939.0101
1574	17	15127	1922.0101	1945.0101
20283	19	20284	1922.0101	1965.0101
20284	19	20283	1922.0101	1965.0101
34790	19	28871	1922.0101	1977.0101
28871	19	34790	1922.0101	1977.0101
17416	4	17417	1922.0102	1923.0317
32281	4	17417	1922.0102	1932.0319
26700	15	1650	1922.0117	1922.0117
17961	40	5504	1922.0126	1922.0126
2679	4	1550	1922.0203	1922.0323
6264	41	1160	1922.0206	1939.021
7834	1	47	1922.022	1939.0918
8027	1	440	1922.0228	1922.0228
262	1	1293	1922.0312	1922.123
1294	44	1293	1922.0312	1936.1204
6437	44	1293	1922.0312	1936.1205
5850	44	1293	1922.0312	1936.1205
1805	93	12303	1922.0315	1923.0708
38265	4	7554	1922.0318	1922.0318
35182	19	9909	1922.0502	1924.0
11628	19	4307	1922.0608	1934.1009
4307	19	11628	1922.0608	1934.1009
28763	25	652	1922.0615	1922.0615
8538	15	1112	1922.0621	1922.0621
6716	37	36092	1922.0701	1922.0801
39754	4	25112	1922.0729	1922.0819
1089	3	26265	1922.08	1922.08
8085	19	34810	1922.08	1933.04
708	15	1112	1922.0831	1922.0831
10414	1	5040	1922.0909	1922.0909
13666	41	279	1922.0909	1923.0809
31480	41	279	1922.0909	1923.0809
12584	41	279	1922.0909	1923.0809
4316	41	279	1922.0909	1923.0809
8416	41	279	1922.0909	1923.0809
22747	41	279	1922.0909	1923.0809
10562	41	279	1922.0909	1923.0809
28373	41	279	1922.0909	1923.0809
24398	41	279	1922.0909	1923.0809
4251	1	47	1922.1	1939.0831
7052	41	7354	1922.1027	1923.0827
5163	1	1455	1922.1101	1922.1101
20201	19	22556	1922.1103	1927.09
22556	19	20201	1922.1103	1927.0901
13741	15	1650	1922.1105	1922.1105
13741	25	142	1922.1105	1922.1105
5185	40	5504	1922.1121	1922.1121
1697	70	32119	1922.1122	1923.0812
32119	41	19898	1922.1122	1923.0812
19403	44	14871	1922.1201	1925.0801
341	41	2794	1922.1206	1936.012
1	1	13534	1922.1206	1937.1228
1	66	13534	1922.1206	1937.1229
39929	40	5504	1922.1221	1922.1221
4913	1	73	1922.1229	1941.1015
21639	1	73	1922.123	1920.0302
15222	44	716	1922.123	1922.123
4178	44	716	1922.123	1922.123
11081	44	716	1922.123	1922.123
9186	21	73	1922.123	1922.123
728	1	73	1922.123	1922.123
4178	1	73	1922.123	1922.123
22656	44	716	1922.123	1922.123
22656	1	73	1922.123	1922.123
23275	1	73	1922.123	1922.123
1293	44	73	1922.123	1922.123
73	70	3450	1922.123	1924.0121
14531	1	73	1922.123	1925.0525
6584	1	73	1922.123	1925.0731
2891	1	73	1922.123	1927.0
25919	1	73	1922.123	1927.0731
5454	1	73	1922.123	1927.0801
39649	1	73	1922.123	1928.0514
39649	44	716	1922.123	1928.0514
1553	1	73	1922.123	1928.0514
1813	44	716	1922.123	1928.0521
1813	1	73	1922.123	1928.0521
24700	44	716	1922.123	1928.0521
22975	44	716	1922.123	1928.0716
1255	44	716	1922.123	1929.0113
2323	1	73	1922.123	1929.1001
34403	1	73	1922.123	1929.1001
34403	44	716	1922.123	1929.1001
1255	1	73	1922.123	1929.1001
30718	21	73	1922.123	1930.0904
262	1	73	1922.123	1936.0
25732	44	1293	1922.123	1936.1205
73	29	1293	1922.123	1936.1205
1166	44	1293	1922.123	1936.1205
1293	12	23300	1922.123	1936.1205
73	162	4473	1922.123	1937.0
1827	1	73	1922.123	1941.0716
1717	1	73	1922.123	1941.1023
2008	1	73	1922.123	1945.0629
2008	44	716	1922.123	1945.0629
5726	1	73	1922.123	1990.0726
4877	1	73	1922.123	1991.0
19812	1	73	1922.123	1991.0
334	12	23300	1922.123	1991.0
73	29	664	1922.123	1991.0
6437	1	73	1922.123	1991.0
5850	1	73	1922.123	1991.0
73	29	334	1922.123	1991.0
73	29	716	1922.123	1991.0
1454	1	73	1922.123	1991.0101
262	1	73	1922.123	1991.0408
1841	1	73	1922.123	1991.0823
31985	1	73	1922.123	1991.0823
33560	1	73	1922.123	1991.0823
4281	1	73	1922.123	1991.0823
20132	1	73	1922.123	1991.0823
12720	1	73	1922.123	1991.0824
3550	1	73	1922.123	1991.0824
16945	1	73	1922.123	1991.0824
2671	1	73	1922.123	1991.083
1166	1	73	1922.123	1991.083
7975	1	73	1922.123	1991.0831
4641	1	73	1922.123	1991.0925
1294	1	73	1922.123	1991.1017
8743	1	73	1922.123	1991.1027
334	25	73	1922.123	1991.121
334	1	73	1922.123	1991.121
334	84	73	1922.123	1991.121
334	44	73	1922.123	1991.121
716	1	73	1922.123	1991.1212
716	44	73	1922.123	1991.1212
716	25	73	1922.123	1991.1212
716	12	23300	1922.123	1991.1212
716	84	73	1922.123	1991.1212
36842	1	73	1922.123	1991.1216
1368	1	73	1922.123	1991.1224
6306	1	73	1922.123	1991.1224
14777	1	73	1922.123	1991.1224
16806	1	73	1922.123	1991.1225
19239	1	73	1922.123	1991.1225
4186	1	73	1922.123	1991.1225
9829	1	73	1922.123	1991.1225
21727	1	73	1922.123	1991.1225
199	1	73	1922.123	1991.1225
10613	1	73	1922.123	1991.1225
16316	1	73	1922.123	1991.1225
537	1	73	1922.123	1991.1225
12840	1	73	1922.123	1991.1225
12594	1	73	1922.123	1991.1225
1254	1	73	1922.123	1991.1225
30956	1	73	1922.123	1991.1225
7958	1	73	1922.123	1991.1225
12211	1	73	1922.123	1991.1225
10062	1	73	1922.123	1991.1225
5836	1	73	1922.123	1991.1225
13203	1	73	1922.123	1991.1225
403	1	73	1922.123	1991.1225
28753	1	73	1922.123	1991.1225
16312	1	73	1922.123	1991.1225
1560	44	716	1922.123	1991.1225
1560	1	73	1922.123	1991.1225
3676	1	73	1922.123	1991.1225
19199	1	73	1922.123	1991.1225
9807	1	73	1922.123	1991.1225
39302	1	73	1922.123	1991.1225
73	27	29	1922.123	1991.1226
29	66	73	1922.123	1991.1226
29	1	73	1922.123	1991.1226
73	12	1345	1922.123	1991.1226
21901	14	31961	1923.0	1920.0
11542	44	11543	1923.0	1923.0
13755	1	5040	1923.0	1923.0
21793	1	5040	1923.0	1923.0
1006	3	16721	1923.0	1923.0
12025	3	472	1923.0	1923.0
25034	30	22419	1923.0	1923.0
25261	175	25262	1923.0	1923.0
4697	3	886	1923.0	1923.0
12146	3	2189	1923.0	1923.0
20731	15	34776	1923.0	1923.0
35702	3	18961	1923.0	1923.0
24932	41	1092	1923.0	1923.0
27331	15	8243	1923.0	1923.0
40570	4	2092	1923.0	1923.0
10915	15	792	1923.0	1923.0
3450	21	73	1923.0	1923.0
16251	18	1336	1923.0	1923.0
7007	33	140	1923.0	1923.0
41568	15	3129	1923.0	1923.0
23442	3	2059	1923.0	1923.0
2692	3	5613	1923.0	1923.0
24259	25	1394	1923.0	1923.0
17406	3	32205	1923.0	1923.0
6242	3	40847	1923.0	1923.0
20142	3	1139	1923.0	1923.0
42082	21	223	1923.0	1923.0
28120	15	10841	1923.0	1923.0
4163	33	13	1923.0	1923.0
35136	15	37879	1923.0	1923.0
36456	3	27088	1923.0	1923.0
13093	33	2147	1923.0	1923.0
8557	1	5040	1923.0	1923.0
8557	1	1455	1923.0	1923.0
20688	3	3318	1923.0	1923.0
37619	3	8653	1923.0	1923.0
7007	33	21764	1923.0	1923.0
3773	17	728	1923.0	1923.0
27739	14	5640	1923.0	1923.0
716	175	25262	1923.0	1923.0
32375	3	115	1923.0	1923.0
15377	3	115	1923.0	1923.0
22419	15	25034	1923.0	1923.0
24725	4	14569	1923.0	1923.0
25521	3	657	1923.0	1923.0
8180	30	27456	1923.0	1923.0
6058	30	1133	1923.0	1923.0
28863	3	37874	1923.0	1924.0
16906	3	2763	1923.0	1924.0
8611	33	35471	1923.0	1925.0
24903	4	2092	1923.0	1925.0
13956	4	12893	1923.0	1926.0
17137	3	14930	1923.0	1927.0
12781	3	1942	1923.0	1927.0
9255	17	59	1923.0	1930.0
8247	43	20989	1923.0	1935.0
20989	43	8247	1923.0	1935.0
37458	33	7214	1923.0	1936.0
1006	18	1007	1923.0	1938.0
28681	33	3081	1923.0	1938.0
15781	19	12551	1923.0	1943.0
12551	19	15781	1923.0	1943.0
3927	41	2157	1923.0	1945.0
350	15	5777	1923.0	1945.0
34327	21	2529	1923.0	1947.0
9255	17	18316	1923.0	1947.0
38505	4	27892	1923.0	1951.0
29267	4	7602	1923.0	1953.0
19372	19	32834	1923.0	1976.0914
12535	1	73	1923.0	1991.0
14881	1	73	1923.0	1991.0
38725	1	73	1923.0	1991.0
262	44	5850	1923.0	1991.0408
32	4	1646	1923.0101	1923.0101
1133	15	6058	1923.0101	1923.0101
16922	4	6570	1923.0101	1923.0101
22514	15	6865	1923.0101	1923.0101
18602	3	8689	1923.0101	1923.0101
21000	15	29881	1923.0101	1923.0101
8352	4	8876	1923.0101	1923.0101
979	4	1792	1923.0101	1923.0101
23014	4	6455	1923.0101	1923.0101
16747	15	16389	1923.0101	1923.0101
28766	4	247	1923.0101	1923.0101
8166	15	6865	1923.0101	1923.0101
15463	15	486	1923.0101	1923.0101
6624	16	1746	1923.0101	1923.0101
8209	16	1746	1923.0101	1923.0101
35185	16	1746	1923.0101	1923.0101
32770	4	1646	1923.0101	1923.0101
26740	15	20665	1923.0101	1923.0101
33729	15	1746	1923.0101	1923.0101
33729	16	1746	1923.0101	1923.0101
40711	4	4206	1923.0101	1923.0101
16922	4	5359	1923.0101	1923.0101
6716	37	203	1923.0101	1923.0101
26511	4	9276	1923.0101	1923.0101
38583	52	113	1923.0101	1923.0101
20745	15	6846	1923.0101	1923.0101
20745	15	37737	1923.0101	1923.0101
26302	4	1766	1923.0101	1923.0101
20940	4	1766	1923.0101	1923.0101
18801	4	5359	1923.0101	1923.0101
33677	15	21451	1923.0101	1923.0101
16732	16	1746	1923.0101	1923.0101
9037	4	6455	1923.0101	1923.0101
3595	4	1040	1923.0101	1923.0101
36620	4	1766	1923.0101	1923.0101
23045	4	2435	1923.0101	1923.0101
27008	4	429	1923.0101	1923.0101
22531	15	20058	1923.0101	1923.0101
27456	15	8180	1923.0101	1923.0101
1473	3	8689	1923.0101	1923.0101
11065	15	30473	1923.0101	1923.0101
3561	4	3562	1923.0101	1924.0101
444	4	3857	1923.0101	1924.0101
32387	4	33873	1923.0101	1924.0101
8	4	2133	1923.0101	1924.0101
29868	4	13065	1923.0101	1924.0101
36551	4	100	1923.0101	1924.0101
36642	14	4522	1923.0101	1924.0101
22275	4	3562	1923.0101	1924.0101
20645	4	6636	1923.0101	1924.0101
34962	4	1130	1923.0101	1924.0101
30502	4	12426	1923.0101	1924.0101
10990	4	5311	1923.0101	1924.0101
41765	4	10875	1923.0101	1924.0101
15652	4	4196	1923.0101	1924.0101
38724	4	6455	1923.0101	1924.0101
35457	4	18004	1923.0101	1924.0101
8859	4	3405	1923.0101	1924.0101
29499	4	5311	1923.0101	1924.0101
25463	41	23009	1923.0101	1924.0101
661	4	13065	1923.0101	1924.0101
17933	4	6216	1923.0101	1924.0101
4775	4	429	1923.0101	1924.0101
18894	4	24211	1923.0101	1924.0101
8352	4	40002	1923.0101	1924.0101
15237	4	588	1923.0101	1924.0101
13117	4	6732	1923.0101	1924.0101
2967	4	8289	1923.0101	1924.0101
15099	4	5035	1923.0101	1924.0101
4357	4	13065	1923.0101	1924.0101
32567	4	6570	1923.0101	1924.0101
37836	4	6455	1923.0101	1924.0101
36060	4	13439	1923.0101	1924.0101
30244	4	14264	1923.0101	1924.0101
3745	4	3405	1923.0101	1924.0101
11600	4	16556	1923.0101	1924.0101
7410	4	2028	1923.0101	1924.0101
13558	4	1781	1923.0101	1925.0101
30096	4	3087	1923.0101	1925.0101
32334	4	89	1923.0101	1925.0101
9718	4	2471	1923.0101	1925.0101
9021	4	14162	1923.0101	1925.0101
23453	4	2435	1923.0101	1925.0101
36313	4	15129	1923.0101	1925.0101
27382	4	6436	1923.0101	1925.0101
32507	4	4206	1923.0101	1925.0101
20940	4	1620	1923.0101	1925.0101
39571	4	5118	1923.0101	1925.0101
33286	4	12244	1923.0101	1925.0101
10205	4	6216	1923.0101	1925.0101
35800	4	1766	1923.0101	1925.0101
13387	4	247	1923.0101	1925.0101
24727	4	5118	1923.0101	1925.0101
11462	4	25	1923.0101	1925.0101
9879	4	10996	1923.0101	1925.0101
17423	4	3562	1923.0101	1925.0101
12425	4	12426	1923.0101	1926.0101
12869	37	1300	1923.0101	1926.0101
23014	4	390	1923.0101	1926.0101
5691	4	9347	1923.0101	1926.0101
33490	4	2792	1923.0101	1926.0101
9085	4	390	1923.0101	1926.0101
24	4	4796	1923.0101	1926.0101
7310	4	4580	1923.0101	1926.0101
4005	37	533	1923.0101	1926.0101
35300	4	2423	1923.0101	1926.0101
27244	4	522	1923.0101	1926.0101
30870	4	1920	1923.0101	1926.0101
18369	4	1766	1923.0101	1926.0101
6986	4	5134	1923.0101	1926.0101
16875	4	40486	1923.0101	1926.0101
38217	4	11365	1923.0101	1926.0101
19299	4	13439	1923.0101	1926.0101
13461	4	20064	1923.0101	1926.0101
12653	4	1040	1923.0101	1927.0101
8394	4	21571	1923.0101	1927.0101
29535	4	2028	1923.0101	1927.0101
2082	4	13878	1923.0101	1927.0101
36825	4	370	1923.0101	1927.0101
10204	4	11365	1923.0101	1927.0101
36556	4	1374	1923.0101	1927.0101
39910	4	9682	1923.0101	1927.0101
6451	4	1792	1923.0101	1927.0101
23347	4	15047	1923.0101	1928.0101
5267	4	374	1923.0101	1928.0101
21045	4	10883	1923.0101	1928.0101
26511	4	6570	1923.0101	1928.0101
22076	4	14185	1923.0101	1928.0101
34409	4	10281	1923.0101	1929.0101
38583	134	4039	1923.0101	1929.0101
16555	4	1646	1923.0101	1929.0101
27380	4	522	1923.0101	1929.0101
38773	4	5311	1923.0101	1929.0101
19147	4	2423	1923.0101	1930.0101
8320	14	33177	1923.0101	1930.0101
12560	4	4901	1923.0101	1930.0101
20069	4	4196	1923.0101	1931.0101
36246	4	28025	1923.0101	1931.0101
26743	4	390	1923.0101	1931.0101
17667	4	5575	1923.0101	1931.0101
24582	4	16556	1923.0101	1931.0101
32029	4	5660	1923.0101	1932.0101
28460	4	3405	1923.0101	1932.0101
19899	4	89	1923.0101	1933.0101
6923	4	1374	1923.0101	1933.0101
6524	4	12426	1923.0101	1934.0101
31936	4	2627	1923.0101	1935.0101
22076	4	18901	1923.0101	1936.0101
20239	4	1374	1923.0101	1936.0101
25051	4	5359	1923.0101	1937.0101
21375	4	28025	1923.0101	1938.0101
17199	37	119	1923.0101	1940.0101
38919	4	3541	1923.0101	1946.0101
34621	19	31948	1923.0101	1947.0101
31948	19	34621	1923.0101	1947.0101
22608	46	3699	1923.0101	1948.0101
15108	19	39651	1923.0101	1949.0101
39651	19	15108	1923.0101	1949.0101
41017	4	14167	1923.0101	1950.0101
4463	14	28921	1923.0101	1950.0101
20280	14	4522	1923.0101	1951.0101
5160	44	592	1923.0101	1968.0101
592	29	5160	1923.0101	1968.0101
39475	19	13471	1923.0101	1969.0101
13471	19	39475	1923.0101	1969.0101
12684	19	24760	1923.0101	1975.0101
32834	19	19372	1923.0101	1976.0914
4638	33	13	1923.0101	1994.0214
22711	4	1550	1923.012	1923.012
40799	4	17417	1923.012	1929.0119
12037	15	1112	1923.0313	1923.0313
32500	48	3912	1923.0413	2012.0
38612	25	652	1923.0419	1923.0419
17659	19	19976	1923.0426	1952.0206
19976	19	17659	1923.0426	1952.0206
4868	46	6091	1923.0501	1935.0531
4868	18	3342	1923.0501	1945.0508
1187	15	14495	1923.0503	1923.0503
7052	41	6775	1923.0523	1924.0116
9945	25	652	1923.0524	1923.0524
6931	38	6932	1923.0531	1929.0331
33355	41	7796	1923.0701	1935.0115
32270	21	73	1923.0706	1923.0706
2293	21	73	1923.0706	1923.0706
73	109	17930	1923.0706	1936.0101
664	12	23300	1923.0706	1991.0
105	1	73	1923.0706	1991.0823
664	44	73	1923.0706	1991.121
664	1	73	1923.0706	1991.121
664	84	73	1923.0706	1991.121
664	25	73	1923.0706	1991.121
1697	70	34155	1923.0813	1923.1123
34155	41	19898	1923.0813	1923.1123
6918	19	32295	1923.0901	1953.0723
32295	19	6918	1923.0901	1953.0723
440	25	4925	1923.0907	1923.0907
8416	41	279	1923.0919	1927.052
12584	41	279	1923.0919	1927.052
13666	41	279	1923.0919	1927.052
10562	41	279	1923.0919	1927.052
31480	41	279	1923.0919	1927.052
1986	41	279	1923.0919	1927.052
28373	41	279	1923.0919	1927.052
24398	41	279	1923.0919	1927.052
919	15	32481	1923.1	1923.1
29152	44	14881	1923.1001	1923.1001
5163	12	7525	1923.1013	1923.1013
5163	66	5040	1923.1013	1923.1013
16362	17	16363	1923.1016	1923.1016
25281	17	13128	1923.1016	1923.1016
12747	15	1112	1923.1016	1923.1016
33660	17	13128	1923.1016	1923.1016
2100	17	16363	1923.1016	1923.1016
30929	17	16363	1923.1016	1923.1016
24760	19	12684	1923.1016	1923.1016
19212	17	16363	1923.1016	1923.1016
27483	17	16363	1923.1016	1923.1016
21135	17	13128	1923.1016	1923.1016
21135	17	25900	1923.1016	1923.1016
26650	17	16363	1923.1016	1923.1016
24862	17	16363	1923.1016	1923.1016
7144	17	16363	1923.1016	1923.1016
7144	17	13128	1923.1016	1923.1016
18478	46	15869	1923.1016	1923.1016
33660	17	16363	1923.1016	1923.1016
11243	17	16363	1923.1016	1923.1016
11243	17	13128	1923.1016	1923.1016
4772	17	16363	1923.1016	1923.1016
25420	17	13128	1923.1016	1923.1016
25420	17	16363	1923.1016	1923.1016
24406	17	16363	1923.1016	1923.1016
36837	17	16363	1923.1016	1923.1016
4825	17	16363	1923.1016	1923.1016
6054	17	16363	1923.1016	1923.1016
16080	17	16363	1923.1016	1923.1016
16080	17	13128	1923.1016	1923.1016
34543	17	16363	1923.1016	1923.1016
24420	17	16363	1923.1016	1923.1016
27483	17	13128	1923.1016	1932.0609
2100	17	13128	1923.1016	1932.0609
6054	17	13128	1923.1016	1932.0609
33301	17	13128	1923.1016	1932.0609
34624	17	13128	1923.1016	1932.0609
34543	17	13128	1923.1016	1932.0609
24406	17	13128	1923.1016	1932.0609
4825	17	13128	1923.1016	1932.0609
30929	17	13128	1923.1016	1932.0609
19212	17	13128	1923.1016	1932.0609
26650	17	13128	1923.1016	1932.0609
24862	17	13128	1923.1016	1932.0609
4772	17	13128	1923.1016	1932.0609
16362	17	13128	1923.1016	1932.0609
36837	17	13128	1923.1016	1932.0609
37696	17	13128	1923.1016	1932.0609
24420	17	13128	1923.1016	1932.0609
12600	143	7007	1923.1016	1966.0
36921	41	7796	1923.1017	1925.1113
5040	34	1760	1923.1029	1923.1029
5040	34	2558	1923.1029	1923.1029
5040	34	814	1923.1029	1923.1029
1195	1	5040	1923.1029	1923.1029
5163	1	5040	1923.1029	1923.1029
18174	44	5040	1923.1029	1926.0
11907	41	975	1923.1029	1938.111
5040	34	73	1923.1029	1991.1018
8164	44	17547	1923.1103	1934.0116
14499	44	17547	1923.1103	1934.0117
3676	44	17547	1923.1103	1934.0117
15885	44	17547	1923.1103	1934.1116
37070	44	17547	1923.1103	1934.1116
3230	44	17547	1923.1103	1934.1116
4890	137	26403	1923.1111	1924.122
1631	70	32859	1923.1113	1934.0212
14723	25	652	1923.1115	1923.1115
10173	3	9693	1924.0	1924.0
10537	14	15130	1924.0	1924.0
9560	3	2078	1924.0	1924.0
24725	4	14569	1924.0	1924.0
27004	15	5058	1924.0	1924.0
6514	3	2746	1924.0	1924.0
6845	15	18910	1924.0	1924.0
24411	3	19953	1924.0	1924.0
13833	3	5973	1924.0	1924.0
8718	3	24686	1924.0	1924.0
6845	15	9753	1924.0	1924.0
28223	4	4037	1924.0	1924.0
6025	17	728	1924.0	1924.0
11991	15	19427	1924.0	1924.0
40552	3	115	1924.0	1924.0
761	30	24555	1924.0	1924.0
13300	14	15130	1924.0	1924.0
23455	4	11017	1924.0	1924.0
3718	14	28551	1924.0	1924.0
3936	3	886	1924.0	1924.0
2223	17	728	1924.0	1924.0
1032	3	136	1924.0	1924.0
1746	30	29233	1924.0	1924.0
1190	15	792	1924.0	1924.0
13234	33	6437	1924.0	1924.0
40077	41	4374	1924.0	1924.0
819	14	15130	1924.0	1924.0
5557	4	11017	1924.0	1924.0
26154	3	24764	1924.0	1924.0
24815	71	856	1924.0	1924.0
40633	25	34766	1924.0	1924.0
38063	30	18680	1924.0	1924.0
31345	1	73	1924.0	1924.0
20916	14	15130	1924.0	1924.0
37981	3	115	1924.0	1924.0
38744	4	4037	1924.0	1924.0
6845	15	18869	1924.0	1924.0
20688	25	8140	1924.0	1924.0
18910	30	6845	1924.0	1924.0
28081	17	8420	1924.0	1924.0
25536	3	3079	1924.0	1924.0
2099	25	1970	1924.0	1924.0
19434	1	73	1924.0	1924.0
42500	4	11017	1924.0	1924.0
42550	4	11017	1924.0	1924.0
16016	3	25572	1924.0	1924.0
17859	3	17491	1924.0	1924.0
28927	15	14980	1924.0	1924.0
15180	3	2735	1924.0	1924.0
15781	14	11216	1924.0	1924.0
22492	3	722	1924.0	1924.0
9341	17	16837	1924.0	1925.0
34037	25	3878	1924.0	1925.0
15361	14	7044	1924.0	1925.0
23915	4	2092	1924.0	1926.0
24381	14	2403	1924.0	1926.0
30918	41	1339	1924.0	1927.0
2811	14	4564	1924.0	1927.0
2364	3	4564	1924.0	1928.0
23915	4	21729	1924.0	1929.0
37357	4	31520	1924.0	1930.0
13483	14	9906	1924.0	1930.0
3305	4	6548	1924.0	1931.0
13815	14	17850	1924.0	1931.0
8066	4	4037	1924.0	1931.0
1606	33	9910	1924.0	1931.0
6743	14	7044	1924.0	1936.0
5313	4	1699	1924.0	1937.0
12940	4	21729	1924.0	1937.0
15115	14	1017	1924.0	1937.0
8066	4	1699	1924.0	1938.0
23442	14	7044	1924.0	1941.0
11796	19	28715	1924.0	1949.0113
28715	19	11796	1924.0	1949.0113
23884	19	1327	1924.0	1970.0722
2311	76	3450	1924.0	1991.0
15007	1	73	1924.0	1991.0
73	29	3592	1924.0	1991.0
73	29	25261	1924.0	1991.0
25915	12	1345	1924.0	1992.0
10700	76	1879	1924.0	1993.0
42314	76	12606	1924.0	1994.0
16836	4	390	1924.0101	1924.0101
2772	4	19919	1924.0101	1924.0101
15353	4	1374	1924.0101	1924.0101
28791	15	5967	1924.0101	1924.0101
14008	4	1676	1924.0101	1924.0101
32059	4	5660	1924.0101	1924.0101
18951	15	6846	1924.0101	1924.0101
32725	4	21571	1924.0101	1924.0101
36483	37	113	1924.0101	1924.0101
32387	4	37499	1924.0101	1924.0101
24555	15	761	1924.0101	1924.0101
15099	4	8305	1924.0101	1924.0101
31762	4	2133	1924.0101	1924.0101
9750	4	6455	1924.0101	1924.0101
15679	4	260	1924.0101	1924.0101
16732	16	1746	1924.0101	1924.0101
28392	4	2627	1924.0101	1924.0101
31368	4	172	1924.0101	1924.0101
24373	4	18331	1924.0101	1924.0101
9037	4	1727	1924.0101	1924.0101
15998	15	22814	1924.0101	1924.0101
41765	4	260	1924.0101	1924.0101
26315	15	10687	1924.0101	1924.0101
16922	4	3482	1924.0101	1924.0101
27462	15	1086	1924.0101	1924.0101
29233	15	1746	1924.0101	1924.0101
29233	16	1746	1924.0101	1924.0101
15463	15	10489	1924.0101	1924.0101
37752	4	14668	1924.0101	1924.0101
28415	16	1746	1924.0101	1924.0101
6995	4	6436	1924.0101	1924.0101
6624	16	1746	1924.0101	1924.0101
28329	4	1727	1924.0101	1924.0101
18693	4	558	1924.0101	1924.0101
13724	15	23705	1924.0101	1924.0101
22706	4	376	1924.0101	1924.0101
26124	15	10687	1924.0101	1924.0101
40158	4	260	1924.0101	1924.0101
38217	4	260	1924.0101	1924.0101
40799	4	11017	1924.0101	1924.0101
9918	4	9350	1924.0101	1924.0101
3528	4	3405	1924.0101	1924.0101
7872	15	19410	1924.0101	1924.0101
33973	37	1748	1924.0101	1924.0101
11600	4	1152	1924.0101	1924.0101
2470	4	2471	1924.0101	1925.0101
6485	4	1263	1924.0101	1925.0101
13117	4	13118	1924.0101	1925.0101
13884	4	1920	1924.0101	1925.0101
15500	4	2471	1924.0101	1925.0101
2579	4	5398	1924.0101	1925.0101
9126	4	2471	1924.0101	1925.0101
32029	4	1766	1924.0101	1925.0101
15652	4	3482	1924.0101	1925.0101
18623	4	33985	1924.0101	1925.0101
10061	4	9731	1924.0101	1925.0101
15353	4	10996	1924.0101	1925.0101
28774	4	1952	1924.0101	1925.0101
4357	4	1130	1924.0101	1925.0101
8	4	1646	1924.0101	1925.0101
33793	4	1040	1924.0101	1925.0101
39004	4	8305	1924.0101	1925.0101
10990	4	11638	1924.0101	1925.0101
11154	4	15584	1924.0101	1925.0101
16922	4	3900	1924.0101	1925.0101
13064	4	9731	1924.0101	1925.0101
36551	4	18004	1924.0101	1925.0101
11120	4	27251	1924.0101	1925.0101
20694	4	370	1924.0101	1925.0101
13618	4	247	1924.0101	1925.0101
4107	4	4108	1924.0101	1925.0101
661	4	1152	1924.0101	1925.0101
15447	4	5035	1924.0101	1925.0101
25104	4	4056	1924.0101	1925.0101
11447	4	25549	1924.0101	1925.0101
12172	4	15584	1924.0101	1925.0101
39266	4	429	1924.0101	1925.0101
12437	4	5706	1924.0101	1925.0101
20645	4	7398	1924.0101	1925.0101
15237	4	1620	1924.0101	1925.0101
42312	4	2471	1924.0101	1925.0101
3595	4	6455	1924.0101	1925.0101
35137	4	27239	1924.0101	1925.0101
9596	4	1197	1924.0101	1925.0101
25921	4	33	1924.0101	1925.0101
14153	4	11365	1924.0101	1925.0101
32567	4	2982	1924.0101	1925.0101
33926	4	16556	1924.0101	1925.0101
36060	4	2809	1924.0101	1925.0101
7273	4	1952	1924.0101	1925.0101
19640	4	4580	1924.0101	1925.0101
39340	4	4901	1924.0101	1925.0101
33466	4	25743	1924.0101	1925.0101
40490	4	1920	1924.0101	1925.0101
37083	4	100	1924.0101	1925.0101
7410	4	6436	1924.0101	1925.0101
1056	4	1565	1924.0101	1925.0101
30244	4	15584	1924.0101	1925.0101
3745	4	3746	1924.0101	1926.0101
9918	4	4196	1924.0101	1926.0101
20086	4	374	1924.0101	1926.0101
29497	4	2028	1924.0101	1926.0101
8859	4	13065	1924.0101	1926.0101
32069	4	4796	1924.0101	1926.0101
9273	4	5118	1924.0101	1926.0101
34326	4	2982	1924.0101	1926.0101
16857	4	13878	1924.0101	1926.0101
29086	4	6436	1924.0101	1926.0101
3561	4	1727	1924.0101	1926.0101
31886	4	5035	1924.0101	1926.0101
40711	4	6436	1924.0101	1926.0101
39771	4	6455	1924.0101	1926.0101
38724	4	4807	1924.0101	1926.0101
17933	4	3087	1924.0101	1926.0101
16799	4	2792	1924.0101	1926.0101
32790	4	42066	1924.0101	1926.0101
18894	4	5140	1924.0101	1926.0101
12243	4	3216	1924.0101	1926.0101
41281	4	18004	1924.0101	1926.0101
7646	4	2471	1924.0101	1926.0101
14173	4	1040	1924.0101	1926.0101
2772	4	18279	1924.0101	1926.0101
7154	4	5030	1924.0101	1926.0101
5899	4	4152	1924.0101	1926.0101
12030	4	588	1924.0101	1926.0101
8219	4	6455	1924.0101	1926.0101
27493	4	3746	1924.0101	1926.0101
3086	4	980	1924.0101	1926.0101
979	4	980	1924.0101	1927.0101
8106	4	6339	1924.0101	1927.0101
12907	4	552	1924.0101	1927.0101
24210	4	24211	1924.0101	1927.0101
18821	4	10089	1924.0101	1927.0101
24250	19	4089	1924.0101	1927.0101
24261	4	19037	1924.0101	1927.0101
35457	4	25817	1924.0101	1927.0101
1276	4	2028	1924.0101	1927.0101
32029	4	42205	1924.0101	1927.0101
4089	19	24250	1924.0101	1927.0101
32753	4	247	1924.0101	1927.0101
37836	4	2133	1924.0101	1927.0101
2925	4	14668	1924.0101	1927.0101
20207	4	1741	1924.0101	1927.0101
15605	4	25728	1924.0101	1927.0101
444	4	8148	1924.0101	1927.0101
39587	4	9682	1924.0101	1927.0101
11600	4	5660	1924.0101	1927.0101
30538	4	260	1924.0101	1928.0
8338	4	3479	1924.0101	1928.0101
26645	4	3087	1924.0101	1928.0101
9596	4	260	1924.0101	1928.0101
5117	4	16556	1924.0101	1928.0101
23726	4	3482	1924.0101	1928.0101
8784	4	13065	1924.0101	1928.0101
12756	4	5035	1924.0101	1928.0101
32163	4	3087	1924.0101	1928.0101
9275	4	2133	1924.0101	1928.0101
39305	4	2773	1924.0101	1928.0101
29499	4	522	1924.0101	1928.0101
21033	4	7931	1924.0101	1928.0101
8352	4	1781	1924.0101	1928.0101
24036	4	522	1924.0101	1928.0101
18057	4	15042	1924.0101	1928.0101
23961	4	5030	1924.0101	1928.0101
7431	4	260	1924.0101	1928.0101
11077	4	24211	1924.0101	1928.0101
6171	4	6172	1924.0101	1928.0101
22644	4	3405	1924.0101	1929.0101
21798	4	1952	1924.0101	1929.0101
32839	4	5875	1924.0101	1929.0101
39861	19	22333	1924.0101	1929.0101
32533	4	3405	1924.0101	1929.0101
28329	4	4901	1924.0101	1929.0101
3528	4	12529	1924.0101	1929.0101
22333	19	39861	1924.0101	1929.0101
24324	4	260	1924.0101	1929.0101
6716	37	6206	1924.0101	1930.0101
22706	4	28021	1924.0101	1930.0101
37886	4	1267	1924.0101	1930.0101
34396	4	4901	1924.0101	1930.0101
18545	4	6216	1924.0101	1930.0101
38787	4	15	1924.0101	1930.0101
12066	4	2547	1924.0101	1931.0101
19718	4	390	1924.0101	1931.0101
24373	4	6455	1924.0101	1932.0101
24220	4	7196	1924.0101	1932.0101
21902	4	260	1924.0101	1932.0101
28849	33	2131	1924.0101	1932.0101
42282	4	6455	1924.0101	1932.0101
21965	4	3889	1924.0101	1932.0101
40582	4	260	1924.0101	1934.0101
27008	4	429	1924.0101	1936.0101
2082	4	2000	1924.0101	1938.0101
17063	19	39403	1924.0101	1957.0101
39403	19	17063	1924.0101	1957.0101
791	17	277	1924.0101	1964.0101
1327	19	23884	1924.0101	1970.0722
32877	44	109	1924.0102	1937.0401
21772	48	3912	1924.0112	1924.0112
5905	4	1550	1924.0119	1924.0327
40066	4	1550	1924.0119	1925.0207
26770	4	7554	1924.0119	1927.0319
1560	76	3450	1924.0126	1991.0906
13363	4	1550	1924.0202	1924.0327
42500	4	1550	1924.0202	1924.0327
716	70	2993	1924.0202	1929.0518
73	70	2993	1924.0202	1930.1219
23925	19	25719	1924.0204	1938.0
25719	19	23925	1924.0204	1938.0101
25732	1	1294	1924.0209	1990.1117
10005	25	4054	1924.0218	1958.1212
1464	12	8735	1924.0225	1946.0109
31695	4	1550	1924.0327	1924.0327
25633	41	39937	1924.04	1924.04
13934	146	4868	1924.0501	1924.1001
41484	14	1134	1924.0501	1964.063
12594	76	3450	1924.0509	1924.0509
36031	41	296	1924.0511	1928.0531
6716	37	16903	1924.0601	1924.0601
20460	48	3912	1924.0604	1924.0604
4592	80	15838	1924.0613	1931.0613
15838	41	4592	1924.0613	1931.0613
14501	44	334	1924.0717	1938.0115
21491	14	9817	1924.0723	1930.0125
1841	76	27665	1924.0807	1934.1227
34360	48	12226	1924.0918	1924.0918
23495	44	73	1924.0919	1924.0919
23495	1	73	1924.0919	1924.0919
23495	1	23495	1924.0919	1924.0919
16310	44	3592	1924.1027	1925.0
3591	44	3592	1924.1027	1991.083
3592	12	23300	1924.1027	1991.0831
3592	44	73	1924.1027	1991.0831
529	44	25261	1924.1027	1991.1026
529	66	25261	1924.1027	1991.1027
25261	44	73	1924.1027	1991.1027
25261	12	23300	1924.1027	1991.1027
25261	1	73	1924.1027	1991.1027
16310	66	3592	1924.1028	1925.0
27823	41	2604	1924.1028	1931.0608
12616	33	1833	1924.1029	1944.0
22835	59	1423	1924.1101	1924.1101
7052	41	6775	1924.1104	1929.0605
791	41	7354	1924.1106	1929.0604
38880	25	652	1924.1127	1924.1127
8865	4	1550	1924.1129	1925.0117
42103	4	1550	1924.1129	1925.0228
34729	41	1954	1924.113	1939.0203
8041	3	136	1925.0	1925.0
17110	116	10324	1925.0	1925.0
18660	3	18661	1925.0	1925.0
20563	33	6437	1925.0	1925.0
4664	17	728	1925.0	1925.0
10914	30	27673	1925.0	1925.0
29391	3	18961	1925.0	1925.0
31216	15	6846	1925.0	1925.0
10171	33	705	1925.0	1925.0
8797	15	1112	1925.0	1925.0
8077	3	11350	1925.0	1925.0
15245	44	29	1925.0	1925.0
4115	15	32481	1925.0	1925.0
9444	38	6806	1925.0	1925.0
20871	4	28025	1925.0	1925.0
761	30	8000	1925.0	1925.0
2858	15	3186	1925.0	1925.0
23462	21	113	1925.0	1925.0
3936	3	19852	1925.0	1925.0
15303	33	12919	1925.0	1925.0
13020	17	1696	1925.0	1925.0
11409	17	728	1925.0	1925.0
3936	71	3977	1925.0	1925.0
28710	3	886	1925.0	1925.0
18370	3	14123	1925.0	1925.0
18370	14	14123	1925.0	1925.0
32534	21	453	1925.0	1925.0
8797	3	6415	1925.0	1925.0
31652	14	18944	1925.0	1925.0
15115	15	18862	1925.0	1925.0
12972	4	6245	1925.0	1925.0
16140	3	13757	1925.0	1925.0
12110	15	3186	1925.0	1925.0
13263	3	16147	1925.0	1925.0
35136	15	27241	1925.0	1925.0
36456	3	2122	1925.0	1925.0
35136	15	28656	1925.0	1925.0
2730	3	1101	1925.0	1925.0
5346	3	115	1925.0	1925.0
39653	3	14123	1925.0	1925.0
3592	27	16310	1925.0	1925.0
8639	3	13540	1925.0	1925.0
28347	25	21572	1925.0	1925.0
35080	14	34227	1925.0	1925.0
30125	3	4831	1925.0	1925.0
18566	40	2916	1925.0	1925.0
7377	71	856	1925.0	1925.0
10599	3	6944	1925.0	1925.0
32220	4	588	1925.0	1926.0
8233	3	7468	1925.0	1926.0
26171	4	27734	1925.0	1927.0
12112	14	7044	1925.0	1927.0
38813	4	107	1925.0	1927.0
25047	4	27734	1925.0	1928.0
10788	4	12893	1925.0	1928.0
30395	4	12893	1925.0	1928.0
32820	3	5038	1925.0	1929.0
27011	37	22840	1925.0	1929.0
28863	14	37874	1925.0	1929.0
18397	3	1123	1925.0	1929.0
10788	4	1835	1925.0	1929.0
8077	14	12196	1925.0	1929.0
27910	4	15008	1925.0	1929.0
3590	17	9081	1925.0	1929.0
3604	3	543	1925.0	1930.0
24725	4	14569	1925.0	1932.0
22249	18	455	1925.0	1933.0
17779	170	390	1925.0	1934.0106
3615	41	1954	1925.0	1935.0
33821	4	27734	1925.0	1935.0
25762	19	25761	1925.0	1938.0
22217	25	1970	1925.0	1938.021
11802	19	11803	1925.0	1939.0
24674	154	8987	1925.0	1939.0
16923	19	30099	1925.0	1945.0101
410	17	411	1925.0	1946.0209
28072	33	4586	1925.0	1947.0
3185	41	2157	1925.0	1948.0
8234	138	12323	1925.0	1996.0
14258	4	89	1925.0101	1925.0101
23045	4	2982	1925.0101	1925.0101
25921	4	9682	1925.0101	1925.0101
24671	4	5140	1925.0101	1925.0101
33286	4	1130	1925.0101	1925.0101
23473	4	172	1925.0101	1925.0101
36597	4	1676	1925.0101	1925.0101
28791	15	1201	1925.0101	1925.0101
320	4	5311	1925.0101	1925.0101
32	4	6455	1925.0101	1925.0101
6624	16	1746	1925.0101	1925.0101
38311	4	8548	1925.0101	1925.0101
22835	16	1746	1925.0101	1925.0101
32	4	1646	1925.0101	1925.0101
31822	15	24940	1925.0101	1925.0101
24454	15	19207	1925.0101	1925.0101
6478	4	89	1925.0101	1925.0101
36364	16	1746	1925.0101	1925.0101
19899	4	1766	1925.0101	1925.0101
37038	4	4580	1925.0101	1925.0101
24863	4	10861	1925.0101	1925.0101
32918	37	488	1925.0101	1925.0101
22485	4	3087	1925.0101	1925.0101
27539	4	1792	1925.0101	1925.0101
32918	37	3417	1925.0101	1925.0101
27673	15	10914	1925.0101	1925.0101
8000	15	761	1925.0101	1925.0101
28003	15	6865	1925.0101	1925.0101
33550	4	4904	1925.0101	1925.0101
9681	4	11685	1925.0101	1925.0101
31822	15	18869	1925.0101	1925.0101
28415	15	1746	1925.0101	1925.0101
28415	16	1746	1925.0101	1925.0101
5457	15	5967	1925.0101	1925.0101
34039	4	1766	1925.0101	1925.0101
34326	4	33911	1925.0101	1925.0101
13117	4	5359	1925.0101	1925.0101
37681	4	33617	1925.0101	1925.0101
22077	4	16556	1925.0101	1925.0101
18868	15	9753	1925.0101	1925.0101
16732	16	1746	1925.0101	1925.0101
5666	15	22760	1925.0101	1925.0101
32059	4	588	1925.0101	1925.0101
25921	4	7398	1925.0101	1925.0101
31762	4	6479	1925.0101	1925.0101
33286	4	13065	1925.0101	1925.0101
7273	4	2000	1925.0101	1925.0101
24994	4	18279	1925.0101	1925.0101
20026	4	4901	1925.0101	1925.0101
7872	15	19410	1925.0101	1925.0101
20864	17	1696	1925.0101	1925.0101
26961	15	34693	1925.0101	1925.0101
2674	16	1746	1925.0101	1925.0101
22275	4	100	1925.0101	1925.0101
32770	4	1741	1925.0101	1925.0101
4256	4	8588	1925.0101	1926.0101
8678	4	8679	1925.0101	1926.0101
11378	4	1766	1925.0101	1926.0101
7410	4	25	1925.0101	1926.0101
15099	4	10861	1925.0101	1926.0101
22076	4	6252	1925.0101	1926.0101
4357	4	1727	1925.0101	1926.0101
16626	4	5946	1925.0101	1926.0101
12437	4	1321	1925.0101	1926.0101
8	4	1727	1925.0101	1926.0101
13030	4	1128	1925.0101	1926.0101
30244	4	6934	1925.0101	1926.0101
38704	4	10779	1925.0101	1926.0101
33466	4	2435	1925.0101	1926.0101
27943	4	4904	1925.0101	1926.0101
7273	4	5359	1925.0101	1926.0101
22730	4	5311	1925.0101	1926.0101
32334	4	522	1925.0101	1926.0101
32387	4	1376	1925.0101	1926.0101
25875	4	13065	1925.0101	1926.0101
35101	4	5234	1925.0101	1926.0101
24863	4	11685	1925.0101	1926.0101
32761	4	9306	1925.0101	1926.0101
4107	4	566	1925.0101	1926.0101
13618	4	3482	1925.0101	1926.0101
25104	4	1785	1925.0101	1926.0101
36788	4	22972	1925.0101	1926.0101
37259	4	5035	1925.0101	1926.0101
18894	4	33	1925.0101	1926.0101
37299	4	882	1925.0101	1926.0101
36665	4	8108	1925.0101	1926.0101
24727	4	5234	1925.0101	1926.0101
9879	4	9555	1925.0101	1926.0101
13117	4	8305	1925.0101	1926.0101
17129	4	11520	1925.0101	1926.0101
28392	4	6339	1925.0101	1926.0101
3595	4	5030	1925.0101	1926.0101
18443	4	12529	1925.0101	1926.0101
18693	4	8305	1925.0101	1926.0101
24826	4	100	1925.0101	1926.0101
10061	4	13065	1925.0101	1926.0101
26704	4	34277	1925.0101	1926.0101
2579	4	9555	1925.0101	1926.0101
23453	4	100	1925.0101	1926.0101
4978	4	20155	1925.0101	1926.0101
13535	4	4580	1925.0101	1926.0101
37083	4	5359	1925.0101	1926.0101
6043	4	1376	1925.0101	1926.0101
18177	4	2435	1925.0101	1927.0101
11120	4	22972	1925.0101	1927.0101
11447	4	25817	1925.0101	1927.0101
13425	4	32168	1925.0101	1927.0101
18299	4	2471	1925.0101	1927.0101
37393	4	1374	1925.0101	1927.0101
7431	4	429	1925.0101	1927.0101
23081	4	33954	1925.0101	1927.0101
25921	4	7398	1925.0101	1927.0101
33846	4	1741	1925.0101	1927.0101
11387	4	1952	1925.0101	1927.0101
15114	4	5660	1925.0101	1927.0101
36313	4	6732	1925.0101	1927.0101
36959	4	19362	1925.0101	1927.0101
15662	4	2792	1925.0101	1927.0101
37038	4	9	1925.0101	1927.0101
39004	4	5035	1925.0101	1927.0101
16922	4	5311	1925.0101	1927.0101
15652	4	9347	1925.0101	1927.0101
6579	4	6339	1925.0101	1927.0101
33378	4	3482	1925.0101	1927.0101
10986	4	13283	1925.0101	1927.0101
28604	4	1374	1925.0101	1927.0101
12172	4	6934	1925.0101	1927.0101
33793	4	25	1925.0101	1927.0101
20645	4	9350	1925.0101	1927.0101
39571	4	1741	1925.0101	1927.0101
11462	4	4901	1925.0101	1927.0101
42244	4	30561	1925.0101	1927.0101
6496	4	588	1925.0101	1927.0101
565	4	3601	1925.0101	1927.0101
32507	4	100	1925.0101	1927.0101
17423	4	1646	1925.0101	1927.0101
32567	4	2471	1925.0101	1927.0101
33926	4	10861	1925.0101	1927.0101
22704	4	9155	1925.0101	1927.0101
39872	4	3087	1925.0101	1927.0101
39340	4	6339	1925.0101	1927.0101
34088	4	1741	1925.0101	1927.0101
40490	4	22972	1925.0101	1927.0101
8829	4	2435	1925.0101	1928.0101
17037	4	6732	1925.0101	1928.0101
23695	4	5035	1925.0101	1928.0101
23046	4	100	1925.0101	1928.0101
41765	4	1816	1925.0101	1928.0101
13387	4	3087	1925.0101	1928.0101
42089	4	13065	1925.0101	1928.0101
39494	4	5307	1925.0101	1928.0101
20819	4	38092	1925.0101	1928.0101
39982	4	166	1925.0101	1928.0101
14197	4	390	1925.0101	1928.0101
25150	4	4901	1925.0101	1928.0101
30501	4	4753	1925.0101	1928.0101
13064	4	6216	1925.0101	1928.0101
6190	4	4196	1925.0101	1928.0101
9233	4	1792	1925.0101	1928.0101
306	4	1676	1925.0101	1928.0101
19591	4	6252	1925.0101	1929.0101
20694	4	16556	1925.0101	1929.0101
12981	4	19037	1925.0101	1929.0101
10990	4	3405	1925.0101	1929.0101
42380	4	321	1925.0101	1929.0101
6127	4	11365	1925.0101	1929.0101
24667	4	3405	1925.0101	1929.0101
13884	4	1374	1925.0101	1929.0101
11154	4	10996	1925.0101	1929.0101
28774	4	5030	1925.0101	1930.0101
28944	4	15129	1925.0101	1930.0101
36866	4	100	1925.0101	1930.0101
32874	4	3405	1925.0101	1930.0101
36487	4	6455	1925.0101	1930.0101
6485	4	10779	1925.0101	1930.0101
32336	19	32254	1925.0101	1930.0101
41565	4	6570	1925.0101	1930.0101
37281	4	16556	1925.0101	1930.0101
21155	4	5359	1925.0101	1930.0101
11147	4	2545	1925.0101	1931.0101
9021	4	13878	1925.0101	1931.0101
14424	4	6068	1925.0101	1931.0101
35270	4	1792	1925.0101	1931.0101
37087	4	1792	1925.0101	1931.0101
587	4	980	1925.0101	1931.0101
32640	4	3405	1925.0101	1931.0101
15353	4	1374	1925.0101	1931.0101
10205	4	1676	1925.0101	1931.0101
32254	19	32336	1925.0101	1931.0101
36448	4	10861	1925.0101	1931.0101
19640	4	1646	1925.0101	1931.0101
21798	4	2627	1925.0101	1931.0101
15921	4	10987	1925.0101	1931.0101
9596	4	6068	1925.0101	1932.0101
36060	4	5134	1925.0101	1932.0101
18265	4	2545	1925.0101	1932.0101
15500	4	11685	1925.0101	1932.0101
30094	4	1374	1925.0101	1932.0101
9305	4	2133	1925.0101	1932.0101
30870	4	260	1925.0101	1932.0101
29680	48	513	1925.0101	1933.0101
13558	4	2809	1925.0101	1933.0101
949	70	35957	1925.0101	1933.0331
40866	4	5140	1925.0101	1934.0101
34859	4	260	1925.0101	1934.0101
3824	4	1781	1925.0101	1935.0101
5386	46	22960	1925.0101	1935.0316
28604	4	260	1925.0101	1936.0101
35137	4	2435	1925.0101	1936.0101
20026	4	2792	1925.0101	1937.0101
20550	4	20177	1925.0101	1937.0101
35092	4	8108	1925.0101	1937.0101
25761	19	25762	1925.0101	1938.0101
12776	14	4522	1925.0101	1940.0101
27152	14	4522	1925.0101	1944.0101
30099	19	16923	1925.0101	1945.0101
37533	14	4522	1925.0101	1954.0101
7007	19	33591	1925.0101	1966.0101
33591	19	7007	1925.0101	1966.0101
9473	40	1483	1925.0106	1925.0106
8292	4	1550	1925.0117	1925.0207
38288	4	1550	1925.0117	1926.0116
1001	41	1241	1925.02	1946.1006
19184	19	19185	1925.0226	1930.0
19185	19	19184	1925.0226	1930.0
25554	4	1550	1925.0314	1926.0405
13934	146	4868	1925.0401	1925.093
14542	57	1697	1925.0401	1933.0
14542	18	3342	1925.0401	1943.122
31132	40	5504	1925.0406	1925.0406
680	62	31816	1925.0512	1934.0802
1697	62	31816	1925.0512	1934.0802
3592	1	73	1925.0513	1991.0831
9572	17	728	1925.06	1925.06
26949	48	12226	1925.0611	1925.0611
27170	14	9817	1925.0622	1920.0
34077	14	9817	1925.0622	1927.0326
14603	66	14871	1925.0801	1925.0801
9116	19	18484	1925.0804	1925.0804
18484	19	9116	1925.0804	1925.0804
25793	19	39806	1925.0808	1925.0808
39806	19	25793	1925.0808	1925.0808
26351	38	973	1925.083	1935.0404
37504	33	37302	1925.0917	1925.0917
23616	38	3420	1925.1001	1925.1001
23616	57	1697	1925.1001	1933.0
23616	46	6091	1925.1001	1935.0531
23616	18	3342	1925.1001	1945.0902
26057	41	7045	1925.1014	1929.0304
9473	113	6091	1925.1015	1935.0601
40668	41	7796	1925.1114	1938.063
20384	25	652	1925.1119	1925.1119
10738	15	1112	1925.1202	1925.1202
29233	48	40053	1925.1209	1925.1209
40992	41	36453	1925.1211	1926.0531
1313	17	728	1926.0	1926.0
4864	31	673	1926.0	1926.0
6962	3	6963	1926.0	1926.0
7265	3	2059	1926.0	1926.0
22174	3	4516	1926.0	1926.0
22179	15	8314	1926.0	1926.0
22262	3	12741	1926.0	1926.0
6702	17	728	1926.0	1926.0
8439	3	19275	1926.0	1926.0
20166	56	13660	1926.0	1926.0
6058	30	35078	1926.0	1926.0
36763	3	2365	1926.0	1926.0
8180	30	8179	1926.0	1926.0
35957	41	2521	1926.0	1926.0
7366	3	2059	1926.0	1926.0
17771	71	22885	1926.0	1926.0
2583	3	115	1926.0	1926.0
19170	16	1746	1926.0	1926.0
24513	15	16797	1926.0	1926.0
1798	117	424	1926.0	1926.0
22660	3	39106	1926.0	1926.0
16840	3	28551	1926.0	1926.0
17503	3	1101	1926.0	1926.0
5501	30	8616	1926.0	1926.0
35078	15	6058	1926.0	1926.0
25309	17	728	1926.0	1926.0
13660	103	20166	1926.0	1926.0
12925	76	26736	1926.0	1926.0
26713	15	32481	1926.0	1926.0
8439	33	35676	1926.0	1926.0
16089	3	28378	1926.0	1926.0
12438	17	728	1926.0	1926.0
25536	3	3079	1926.0	1926.0
3717	3	28551	1926.0	1926.0
25633	41	947	1926.0	1926.0
13921	15	8314	1926.0	1926.0
5481	3	115	1926.0	1926.0
17488	3	427	1926.0	1926.0
12579	15	21856	1926.0	1926.0
42492	3	13113	1926.0	1926.0
26736	17	728	1926.0	1926.0
9479	56	30978	1926.0	1926.0
41726	3	115	1926.0	1926.0
30978	103	9479	1926.0	1926.0
25021	3	115	1926.0	1926.0
25941	15	8243	1926.0	1926.0
30395	4	19712	1926.0	1927.0
16984	14	8383	1926.0	1927.0
18771	4	1550	1926.0	1928.0
11223	3	427	1926.0	1928.0
26209	14	13570	1926.0	1929.0
2392	18	13455	1926.0	1933.0
23459	4	6548	1926.0	1933.0
13263	33	17806	1926.0	1936.0
6138	14	1319	1926.0	1939.0
20286	78	1591	1926.0	1939.0
27005	59	1275	1926.0	1940.0
21530	41	1092	1926.0	1940.0
38177	19	14112	1926.0	1947.0104
28447	21	2529	1926.0	1947.0814
21309	21	13302	1926.0	1949.0
11785	41	1339	1926.0	1951.0
2036	33	13	1926.0	1983.0
14603	76	31420	1926.0	2016.0519
8179	15	8180	1926.0101	1926.0101
13119	15	13120	1926.0101	1926.0101
16732	16	1746	1926.0101	1926.0101
24398	17	24399	1926.0101	1926.0101
17274	15	17736	1926.0101	1926.0101
2772	4	1646	1926.0101	1926.0101
661	4	4979	1926.0101	1926.0101
23081	4	2956	1926.0101	1926.0101
5267	4	260	1926.0101	1926.0101
8916	4	15047	1926.0101	1926.0101
13111	4	1646	1926.0101	1926.0101
7083	16	1746	1926.0101	1926.0101
32059	4	8305	1926.0101	1926.0101
12176	16	1746	1926.0101	1926.0101
23473	4	4030	1926.0101	1926.0101
24994	4	5140	1926.0101	1926.0101
39036	37	203	1926.0101	1926.0101
22835	16	1746	1926.0101	1926.0101
4107	4	3606	1926.0101	1926.0101
28791	15	1201	1926.0101	1926.0101
24671	4	1676	1926.0101	1926.0101
9085	4	3900	1926.0101	1926.0101
37681	4	1676	1926.0101	1926.0101
6923	4	260	1926.0101	1926.0101
8	4	1263	1926.0101	1926.0101
8616	15	5501	1926.0101	1926.0101
14247	15	41906	1926.0101	1926.0101
36364	16	1746	1926.0101	1926.0101
32334	4	25817	1926.0101	1926.0101
12436	4	5035	1926.0101	1926.0101
8000	15	9753	1926.0101	1926.0101
32951	4	2000	1926.0101	1926.0101
12468	17	728	1926.0101	1926.0101
6624	15	1746	1926.0101	1926.0101
28415	16	1746	1926.0101	1926.0101
6995	4	5660	1926.0101	1926.0101
22434	37	7112	1926.0101	1926.0101
18801	4	522	1926.0101	1926.0101
8916	4	6570	1926.0101	1926.0101
2772	4	18279	1926.0101	1926.0101
4357	4	4979	1926.0101	1926.0101
18693	4	11685	1926.0101	1926.0101
32488	15	1618	1926.0101	1926.0101
10562	17	2846	1926.0101	1926.0101
33490	4	9731	1926.0101	1926.0101
23045	4	11520	1926.0101	1926.0101
25413	16	1746	1926.0101	1926.0101
33466	4	1376	1926.0101	1926.0101
5165	15	10284	1926.0101	1926.0101
12695	4	2809	1926.0101	1926.0101
32436	15	41708	1926.0101	1926.0101
19590	15	6846	1926.0101	1926.0101
24398	17	2846	1926.0101	1926.0101
444	4	260	1926.0101	1926.0101
41516	15	5967	1926.0101	1926.0101
7048	4	7049	1926.0101	1927.0101
16857	4	8305	1926.0101	1927.0101
19130	19	7021	1926.0101	1927.0101
29086	4	882	1926.0101	1927.0101
4775	4	5398	1926.0101	1927.0101
12437	4	5706	1926.0101	1927.0101
33466	4	13065	1926.0101	1927.0101
10621	4	33188	1926.0101	1927.0101
30472	4	15	1926.0101	1927.0101
7021	19	19130	1926.0101	1927.0101
10971	4	14212	1926.0101	1927.0101
17933	4	3562	1926.0101	1927.0101
24041	4	34277	1926.0101	1927.0101
16875	4	32168	1926.0101	1927.0101
37752	4	2471	1926.0101	1927.0101
21570	4	21571	1926.0101	1927.0101
30502	4	1374	1926.0101	1927.0101
18479	4	588	1926.0101	1927.0101
32334	4	1277	1926.0101	1927.0101
13618	4	10861	1926.0101	1927.0101
21261	4	1374	1926.0101	1927.0101
21792	4	41955	1926.0101	1927.0101
834	4	247	1926.0101	1927.0101
661	4	662	1926.0101	1927.0101
22880	4	9926	1926.0101	1927.0101
36141	4	6732	1926.0101	1927.0101
7829	4	1057	1926.0101	1927.0101
25104	4	684	1926.0101	1927.0101
24	4	19738	1926.0101	1927.0101
1740	4	319	1926.0101	1927.0101
246	4	1477	1926.0101	1927.0101
35449	4	1792	1926.0101	1927.0101
12243	4	3746	1926.0101	1927.0101
38704	4	13886	1926.0101	1927.0101
8678	4	4901	1926.0101	1927.0101
19835	4	2471	1926.0101	1927.0101
6986	4	1120	1926.0101	1927.0101
25192	4	6405	1926.0101	1927.0101
40189	4	32168	1926.0101	1927.0101
28298	4	9591	1926.0101	1927.0101
13030	4	319	1926.0101	1927.0101
25093	4	9350	1926.0101	1927.0101
22077	4	3087	1926.0101	1927.0101
17129	4	5359	1926.0101	1927.0101
30096	4	1727	1926.0101	1927.0101
23014	4	11685	1926.0101	1927.0101
28392	4	8836	1926.0101	1927.0101
19701	4	9591	1926.0101	1927.0101
8	4	5191	1926.0101	1927.0101
12030	4	5134	1926.0101	1927.0101
33286	4	29906	1926.0101	1927.0101
9918	4	3482	1926.0101	1927.0101
4978	4	25743	1926.0101	1927.0101
16741	4	10779	1926.0101	1927.0101
23453	4	8548	1926.0101	1927.0101
20067	4	40002	1926.0101	1927.0101
13461	4	40596	1926.0101	1927.0101
37083	4	25	1926.0101	1927.0101
29727	4	15129	1926.0101	1927.0101
6043	4	1676	1926.0101	1927.0101
30244	4	2547	1926.0101	1927.0101
3745	4	1792	1926.0101	1927.0101
15921	4	32168	1926.0101	1927.0101
10061	4	3405	1926.0101	1928.0101
21581	4	5191	1926.0101	1928.0101
5899	4	11448	1926.0101	1928.0101
28819	14	1687	1926.0101	1928.0101
30870	4	429	1926.0101	1928.0101
29497	4	2138	1926.0101	1928.0101
11921	4	172	1926.0101	1928.0101
8297	4	2133	1926.0101	1928.0101
29499	4	2000	1926.0101	1928.0101
20532	4	25	1926.0101	1928.0101
35794	4	1120	1926.0101	1928.0101
32387	4	14661	1926.0101	1928.0101
35101	4	4901	1926.0101	1928.0101
3561	4	8437	1926.0101	1928.0101
37413	4	24519	1926.0101	1928.0101
37259	4	33	1926.0101	1928.0101
35110	4	41809	1926.0101	1928.0101
18894	4	5359	1926.0101	1928.0101
26203	4	2471	1926.0101	1928.0101
24984	4	1128	1926.0101	1928.0101
37323	4	16556	1926.0101	1928.0101
15099	4	38092	1926.0101	1928.0101
37190	4	6732	1926.0101	1928.0101
7154	4	19326	1926.0101	1928.0101
2772	4	16627	1926.0101	1928.0101
36597	4	4904	1926.0101	1928.0101
18588	4	13144	1926.0101	1928.0101
320	4	3562	1926.0101	1928.0101
11453	4	3479	1926.0101	1928.0101
7310	4	1040	1926.0101	1928.0101
19104	37	1631	1926.0101	1928.0101
36746	4	10861	1926.0101	1928.0101
1687	154	28819	1926.0101	1928.0101
3086	4	3746	1926.0101	1928.0101
38289	4	8960	1926.0101	1928.0101
8219	4	2982	1926.0101	1929.0101
3595	4	5151	1926.0101	1929.0101
22730	4	319	1926.0101	1929.0101
13535	4	4904	1926.0101	1929.0101
11475	4	172	1926.0101	1929.0101
33337	4	8437	1926.0101	1929.0101
7273	4	1741	1926.0101	1929.0101
7753	4	10779	1926.0101	1929.0101
14173	4	6455	1926.0101	1929.0101
27731	4	12426	1926.0101	1929.0101
24071	4	6455	1926.0101	1929.0101
40711	4	100	1926.0101	1929.0101
16799	4	3087	1926.0101	1929.0101
42087	4	9555	1926.0101	1929.0101
27943	4	247	1926.0101	1929.0101
13117	4	2133	1926.0101	1929.0101
9273	4	1792	1926.0101	1929.0101
29868	4	5191	1926.0101	1929.0101
19734	4	1931	1926.0101	1929.0101
40331	4	3405	1926.0101	1929.0101
7410	4	15047	1926.0101	1929.0101
20811	4	1676	1926.0101	1930.0101
31886	4	16556	1926.0101	1930.0101
34326	4	4901	1926.0101	1930.0101
5842	4	1197	1926.0101	1930.0101
16730	19	19597	1926.0101	1930.0101
9879	4	10996	1926.0101	1930.0101
38064	4	11685	1926.0101	1930.0101
31762	4	11685	1926.0101	1930.0101
19597	19	16730	1926.0101	1930.0101
19299	4	6455	1926.0101	1930.0101
30153	4	2545	1926.0101	1930.0101
99	4	100	1926.0101	1931.0101
13284	4	1120	1926.0101	1931.0101
30033	4	33	1926.0101	1931.0101
5816	4	13065	1926.0101	1931.0101
36788	4	10996	1926.0101	1931.0101
34003	4	2435	1926.0101	1931.0101
22513	4	5030	1926.0101	1931.0101
10901	19	27046	1926.0101	1931.0101
14856	4	10575	1926.0101	1932.0101
36728	4	5134	1926.0101	1932.0101
36728	4	1766	1926.0101	1932.0101
24429	37	203	1926.0101	1932.0101
21492	4	1766	1926.0101	1932.0101
38988	4	14109	1926.0101	1932.0101
26704	4	4196	1926.0101	1932.0101
32709	4	4196	1926.0101	1932.0101
18480	4	14668	1926.0101	1932.0101
673	70	5964	1926.0101	1932.0901
5964	41	4063	1926.0101	1932.0901
4696	4	2545	1926.0101	1933.0101
35300	4	1945	1926.0101	1933.0101
5229	4	6252	1926.0101	1933.0101
24727	4	1477	1926.0101	1933.0101
26113	4	2028	1926.0101	1933.0101
8506	4	1676	1926.0101	1933.0101
19722	4	588	1926.0101	1934.0101
33686	4	1128	1926.0101	1934.0101
12869	37	119	1926.0101	1934.0101
12425	4	374	1926.0101	1935.0101
25365	4	260	1926.0101	1935.0101
20086	4	9555	1926.0101	1937.0101
38919	4	4125	1926.0101	1938.0101
41281	4	15	1926.0101	1938.0101
27928	4	2423	1926.0101	1940.0101
14112	19	38177	1926.0101	1947.0104
10251	19	24117	1926.0101	1964.0101
24117	19	10251	1926.0101	1964.0101
35750	19	372	1926.0101	1967.0101
372	19	35750	1926.0101	1967.0721
9865	109	4478	1926.0101	1973.0101
14856	33	1940	1926.0101	1985.0224
30320	4	17417	1926.0102	1926.0227
4434	41	4435	1926.0108	1945.0825
24903	4	7554	1926.0116	1926.032
12107	19	12106	1926.0128	1933.0
12106	19	12107	1926.0128	1950.0403
16016	25	4054	1926.0218	1939.0216
35381	31	673	1926.0223	1926.0223
27415	38	3420	1926.0401	1926.1011
26031	38	3420	1926.0401	1926.1011
4868	38	3420	1926.0401	1926.1011
16499	38	3420	1926.0401	1926.1012
16499	57	1697	1926.0401	1933.0
26031	46	6091	1926.0401	1933.0
27415	57	1697	1926.0401	1933.0
26031	18	3342	1926.0401	1943.0115
16499	18	3342	1926.0401	1943.1105
27415	18	3342	1926.0401	1945.0508
17428	25	142	1926.05	1926.05
9865	62	30475	1926.0609	1929.0114
36921	41	7796	1926.0701	1938.063
13934	146	4868	1926.0711	1926.1017
13934	146	26031	1926.0712	1926.1017
16499	184	13934	1926.0712	1926.1017
13432	33	13433	1926.08	1947.04
6716	37	3081	1926.0901	1928.0201
9796	44	13302	1926.0901	1929.1221
27046	19	10901	1926.0908	1931.0411
26021	48	3912	1926.0916	1926.0916
579	41	18199	1926.1002	1928.0627
27040	48	17950	1926.1014	1926.1014
16499	184	10168	1926.1018	1928.0324
9473	146	26031	1926.1018	1928.0324
4868	184	9473	1926.1018	1928.0324
22565	19	8374	1926.111	1926.111
8374	19	22565	1926.111	1926.111
11304	59	1423	1926.12	1926.12
5236	52	36547	1926.1205	1966.0203
18666	41	15112	1926.1225	1989.0107
28486	40	11649	1926.1231	1972.0315
9713	3	3125	1927.0	1927.0
14627	15	19427	1927.0	1927.0
866	16	1746	1927.0	1927.0
8407	29	20385	1927.0	1927.0
21281	3	21282	1927.0	1927.0
21329	3	5613	1927.0	1927.0
15842	3	29005	1927.0	1927.0
5015	71	5421	1927.0	1927.0
11009	17	728	1927.0	1927.0
335	3	28551	1927.0	1927.0
30064	3	9693	1927.0	1927.0
32973	28	3270	1927.0	1927.0
36740	3	115	1927.0	1927.0
11976	15	5058	1927.0	1927.0
3270	105	32973	1927.0	1927.0
24100	52	113	1927.0	1927.0
30127	15	37342	1927.0	1927.0
8921	17	728	1927.0	1927.0
5364	17	728	1927.0	1927.0
8211	25	4659	1927.0	1927.0
35478	3	12741	1927.0	1927.0
16632	4	7602	1927.0	1927.0
2628	15	1746	1927.0	1927.0
4815	3	18819	1927.0	1927.0
15550	3	11274	1927.0	1927.0
24815	71	10213	1927.0	1927.0
9764	3	9439	1927.0	1927.0
9454	33	16886	1927.0	1927.0
2655	33	1166	1927.0	1927.0
25401	17	728	1927.0	1927.0
3378	21	151	1927.0	1927.0
2806	17	728	1927.0	1927.0
10202	17	728	1927.0	1927.0
42492	3	14123	1927.0	1927.0
2153	21	151	1927.0	1927.0
29637	3	12741	1927.0	1927.0
18049	17	24572	1927.0	1928.0
38903	14	9817	1927.0	1928.0
30096	4	3562	1927.0	1928.0
20563	33	1166	1927.0	1928.0
6722	4	1040	1927.0	1928.0
7019	4	1040	1927.0	1928.0
20384	41	455	1927.0	1928.0
24338	3	3307	1927.0	1929.0
20998	4	12893	1927.0	1930.0
1313	3	6415	1927.0	1930.0
6009	86	939	1927.0	1930.0
24760	41	1092	1927.0	1931.0
34902	3	32942	1927.0	1931.0
12973	3	9097	1927.0	1932.0
20368	4	13995	1927.0	1934.0
5911	93	6089	1927.0	1934.0
11920	38	368	1927.0	1935.09
34791	33	1454	1927.0	1937.0
34238	25	34766	1927.0	1938.0
40570	4	7602	1927.0	1939.0
20339	21	13	1927.0	1945.0
12511	17	1696	1927.0	1946.0
22470	37	533	1927.0	1947.0
24100	133	16018	1927.0	1947.0
20998	4	1699	1927.0	1947.0
4835	66	13302	1927.0	1949.0
19079	4	1699	1927.0	1950.0
16984	14	10393	1927.0	1965.0
32015	17	11261	1927.0	1973.0
4635	78	9004	1927.0	1975.0
23473	4	13878	1927.0101	1927.0101
26490	3	26491	1927.0101	1927.0101
28766	4	1741	1927.0101	1927.0101
16732	16	1746	1927.0101	1927.0101
6716	37	17993	1927.0101	1927.0101
32899	4	35813	1927.0101	1927.0101
22485	4	5311	1927.0101	1927.0101
27539	4	100	1927.0101	1927.0101
24041	4	3482	1927.0101	1927.0101
6496	4	5118	1927.0101	1927.0101
19701	4	1374	1927.0101	1927.0101
14835	4	3482	1927.0101	1927.0101
28506	37	203	1927.0101	1927.0101
39771	4	1510	1927.0101	1927.0101
17274	15	6846	1927.0101	1927.0101
23045	4	33188	1927.0101	1927.0101
22077	4	5575	1927.0101	1927.0101
3378	15	22760	1927.0101	1927.0101
6624	16	1746	1927.0101	1927.0101
28392	4	17650	1927.0101	1927.0101
17659	15	6865	1927.0101	1927.0101
6451	4	13878	1927.0101	1927.0101
16033	15	25570	1927.0101	1927.0101
35449	4	4580	1927.0101	1927.0101
14723	16	1746	1927.0101	1927.0101
37966	4	2809	1927.0101	1927.0101
5274	4	3087	1927.0101	1927.0101
7871	15	5967	1927.0101	1927.0101
5457	15	1201	1927.0101	1927.0101
8916	4	464	1927.0101	1927.0101
24210	4	1128	1927.0101	1927.0101
28766	4	6216	1927.0101	1927.0101
697	4	5359	1927.0101	1927.0101
18693	4	2138	1927.0101	1927.0101
24826	4	4206	1927.0101	1927.0101
32059	4	1263	1927.0101	1927.0101
33903	15	26309	1927.0101	1927.0101
42380	4	1766	1927.0101	1927.0101
2925	4	10861	1927.0101	1927.0101
12539	33	3748	1927.0101	1927.0101
24994	4	25549	1927.0101	1927.0101
27959	52	113	1927.0101	1927.0101
14008	4	5660	1927.0101	1927.0101
8633	4	5035	1927.0101	1927.0101
8394	4	16627	1927.0101	1927.0101
9750	4	4196	1927.0101	1927.0101
2967	4	2547	1927.0101	1928.0101
4903	4	4904	1927.0101	1928.0101
7845	4	2503	1927.0101	1928.0101
11387	4	2133	1927.0101	1928.0101
11600	4	15	1927.0101	1928.0101
2732	4	6436	1927.0101	1928.0101
21261	4	1920	1927.0101	1928.0101
18443	4	2471	1927.0101	1928.0101
17933	4	1477	1927.0101	1928.0101
25192	4	1931	1927.0101	1928.0101
24813	4	247	1927.0101	1928.0101
12437	4	13283	1927.0101	1928.0101
28604	4	429	1927.0101	1928.0101
15365	4	5030	1927.0101	1928.0101
15237	4	4580	1927.0101	1928.0101
29727	4	4796	1927.0101	1928.0101
20817	4	390	1927.0101	1928.0101
24052	4	247	1927.0101	1928.0101
28392	4	21571	1927.0101	1928.0101
33846	4	16556	1927.0101	1928.0101
24816	4	12529	1927.0101	1928.0101
18177	4	1792	1927.0101	1928.0101
1837	4	1374	1927.0101	1928.0101
12243	4	4580	1927.0101	1928.0101
565	4	6470	1927.0101	1928.0101
29431	4	1374	1927.0101	1928.0101
6986	4	9347	1927.0101	1928.0101
30585	4	35519	1927.0101	1928.0101
11970	4	9276	1927.0101	1928.0101
32069	4	9350	1927.0101	1928.0101
19701	4	6172	1927.0101	1928.0101
15605	4	35213	1927.0101	1928.0101
18801	4	588	1927.0101	1928.0101
33466	4	31772	1927.0101	1928.0101
2837	4	616	1927.0101	1928.0101
17129	4	1620	1927.0101	1928.0101
1740	4	882	1927.0101	1928.0101
32899	4	1792	1927.0101	1928.0101
2934	4	17419	1927.0101	1928.0101
21570	4	16627	1927.0101	1928.0101
37038	4	13065	1927.0101	1928.0101
3700	4	429	1927.0101	1928.0101
3700	4	13283	1927.0101	1928.0101
36959	4	4901	1927.0101	1928.0101
26754	4	33188	1927.0101	1928.0101
1276	4	6570	1927.0101	1928.0101
890	4	1040	1927.0101	1928.0101
35457	4	4901	1927.0101	1928.0101
12907	4	14668	1927.0101	1928.0101
12436	4	2471	1927.0101	1928.0101
32334	4	2028	1927.0101	1928.0101
834	4	2028	1927.0101	1928.0101
15662	4	3900	1927.0101	1928.0101
246	4	10779	1927.0101	1928.0101
24	4	25817	1927.0101	1928.0101
4775	4	429	1927.0101	1928.0101
10986	4	8148	1927.0101	1928.0101
33793	4	2028	1927.0101	1928.0101
32	4	1130	1927.0101	1928.0101
6684	4	2435	1927.0101	1928.0101
5274	4	27733	1927.0101	1928.0101
12437	4	429	1927.0101	1928.0101
11462	4	6732	1927.0101	1928.0101
27577	4	32128	1927.0101	1928.0101
10971	4	370	1927.0101	1928.0101
15114	4	2982	1927.0101	1928.0101
25093	4	2028	1927.0101	1928.0101
18488	4	2809	1927.0101	1928.0101
12074	4	247	1927.0101	1928.0101
17423	4	3562	1927.0101	1928.0101
25921	4	2435	1927.0101	1928.0101
32507	4	6044	1927.0101	1928.0101
8	4	6044	1927.0101	1928.0101
18299	4	89	1927.0101	1928.0101
39340	4	6732	1927.0101	1928.0101
13461	4	4152	1927.0101	1928.0101
7431	4	6068	1927.0101	1928.0101
20067	4	10560	1927.0101	1928.0101
6451	4	9350	1927.0101	1928.0101
9392	4	468	1927.0101	1928.0101
11711	4	2028	1927.0101	1928.0101
8394	4	21571	1927.0101	1928.0101
6043	4	100	1927.0101	1928.0101
18826	4	20879	1927.0101	1928.0101
34879	4	5307	1927.0101	1928.0101
30244	4	429	1927.0101	1928.0101
30244	4	13283	1927.0101	1928.0101
15652	4	2471	1927.0101	1929.0101
15762	4	616	1927.0101	1929.0101
16741	4	6216	1927.0101	1929.0101
16990	4	260	1927.0101	1929.0101
20207	4	5191	1927.0101	1929.0101
25051	4	1766	1927.0101	1929.0101
27007	4	13518	1927.0101	1929.0101
25875	4	11520	1927.0101	1929.0101
28298	4	18607	1927.0101	1929.0101
20806	4	12529	1927.0101	1929.0101
30502	4	22972	1927.0101	1929.0101
31130	4	10861	1927.0101	1929.0101
7048	4	15769	1927.0101	1929.0101
13618	4	1040	1927.0101	1929.0101
25104	4	2545	1927.0101	1929.0101
26101	4	17056	1927.0101	1929.0101
4696	4	260	1927.0101	1929.0101
32790	4	2545	1927.0101	1929.0101
37836	4	13878	1927.0101	1929.0101
8106	4	10861	1927.0101	1929.0101
18924	19	40585	1927.0101	1929.0101
26122	4	1510	1927.0101	1929.0101
11447	4	6216	1927.0101	1929.0101
6579	4	6570	1927.0101	1929.0101
26814	4	6455	1927.0101	1929.0101
19718	4	2000	1927.0101	1929.0101
41760	4	1128	1927.0101	1929.0101
12653	4	6436	1927.0101	1929.0101
40585	19	18924	1927.0101	1929.0101
39004	4	390	1927.0101	1929.0101
11603	4	4580	1927.0101	1929.0101
36684	4	588	1927.0101	1929.0101
17921	4	29952	1927.0101	1929.0101
39494	4	2000	1927.0101	1929.0101
19835	4	5575	1927.0101	1929.0101
42244	4	464	1927.0101	1929.0101
11801	4	4056	1927.0101	1929.0101
32567	4	9350	1927.0101	1929.0101
40158	4	3836	1927.0101	1929.0101
39872	4	1477	1927.0101	1929.0101
21818	4	9426	1927.0101	1929.0101
38217	4	10126	1927.0101	1929.0101
36556	4	5706	1927.0101	1929.0101
29086	4	1620	1927.0101	1929.0101
15679	4	2545	1927.0101	1929.0101
15921	4	1374	1927.0101	1929.0101
37393	4	10560	1927.0101	1929.0101
3745	4	1741	1927.0101	1929.0101
11147	4	12426	1927.0101	1929.0101
7829	4	5875	1927.0101	1930.0101
9918	4	12529	1927.0101	1930.0101
10333	4	2427	1927.0101	1930.0101
16922	4	2982	1927.0101	1930.0101
4978	4	4580	1927.0101	1930.0101
16783	4	8148	1927.0101	1930.0101
6508	4	6732	1927.0101	1930.0101
37681	4	33617	1927.0101	1930.0101
27895	4	22972	1927.0101	1930.0101
16875	4	889	1927.0101	1930.0101
16857	4	2133	1927.0101	1930.0101
259	4	1374	1927.0101	1930.0101
18594	3	4970	1927.0101	1930.0101
39571	4	6339	1927.0101	1930.0101
1375	4	1676	1927.0101	1930.0101
32753	4	2028	1927.0101	1930.0101
28766	4	15129	1927.0101	1930.0101
34554	4	2435	1927.0101	1930.0101
35012	4	11520	1927.0101	1930.0101
2082	4	15129	1927.0101	1930.0101
444	4	5706	1927.0101	1930.0101
18826	4	27726	1927.0101	1930.0101
12714	4	374	1927.0101	1931.0101
20481	4	3606	1927.0101	1931.0101
24849	4	882	1927.0101	1931.0101
3610	4	3479	1927.0101	1931.0101
31308	4	3405	1927.0101	1931.0101
27436	4	10779	1927.0101	1931.0101
8098	4	374	1927.0101	1931.0101
40189	4	889	1927.0101	1931.0101
40189	4	7832	1927.0101	1931.0101
20477	4	1477	1927.0101	1931.0101
23453	4	1510	1927.0101	1931.0101
14082	4	6216	1927.0101	1932.0101
30816	4	4901	1927.0101	1932.0101
11378	4	5575	1927.0101	1932.0101
18606	4	5875	1927.0101	1932.0101
38704	4	15047	1927.0101	1932.0101
20645	4	2028	1927.0101	1932.0101
29535	4	1263	1927.0101	1932.0101
27712	14	4522	1927.0101	1932.0101
24041	4	2000	1927.0101	1933.0101
13425	4	889	1927.0101	1933.0101
25606	4	2028	1927.0101	1933.0101
36141	4	100	1927.0101	1933.0101
36313	4	8108	1927.0101	1933.0101
33704	4	390	1927.0101	1933.0101
36825	4	1646	1927.0101	1933.0101
7466	4	588	1927.0101	1933.0101
11172	4	5134	1927.0101	1933.0101
22209	4	889	1927.0101	1933.0101
27382	4	6252	1927.0101	1934.0101
9709	4	4196	1927.0101	1934.0101
10204	4	2547	1927.0101	1934.0101
22704	4	4206	1927.0101	1934.0101
7242	4	4108	1927.0101	1934.0101
25365	4	889	1927.0101	1934.0101
39910	4	1263	1927.0101	1935.0101
33378	4	6339	1927.0101	1935.0101
9793	37	673	1927.0101	1936.0101
27744	4	5706	1927.0101	1936.0101
16836	4	14668	1927.0101	1936.0101
32745	4	588	1927.0101	1936.0101
10957	4	9912	1927.0101	1936.0101
21792	4	25	1927.0101	1936.0101
35449	4	4030	1927.0101	1936.0101
33926	4	5307	1927.0101	1936.0101
17380	4	2028	1927.0101	1936.0101
34088	4	1128	1927.0101	1937.0101
11334	4	1781	1927.0101	1938.0101
41017	4	376	1927.0101	1938.0101
25564	4	28025	1927.0101	1939.0101
41621	4	15129	1927.0101	1939.0101
10224	4	429	1927.0101	1940.0101
39587	4	5140	1927.0101	1940.0101
37711	4	13704	1927.0101	1943.0101
6643	19	6644	1927.0101	1968.0101
6644	19	6643	1927.0101	1968.0101
3365	44	592	1927.0101	1968.0101
592	29	3365	1927.0101	1968.0101
31768	33	13	1927.0101	1973.0101
11846	19	8646	1927.0101	1975.0101
11971	19	4878	1927.0101	1975.0101
4878	19	11971	1927.0101	1975.0101
8646	19	11846	1927.0101	1975.0101
39999	4	1550	1927.0115	1927.0312
11843	4	7554	1927.0115	1928.0225
27151	4	1550	1927.0115	1933.0311
5799	4	1550	1927.0205	1927.0205
5623	4	1550	1927.0205	1932.0312
41311	4	1550	1927.0205	1933.0204
1192	48	3912	1927.0216	1927.0216
284	14	9817	1927.0223	1975.093
13640	4	1550	1927.0226	1930.0421
20258	15	580	1927.0302	1927.0302
16966	34	3184	1927.0311	1927.0311
28124	40	5504	1927.0325	1927.0325
20784	38	3420	1927.0405	1927.101
10463	38	3420	1927.0405	1927.101
20784	57	1697	1927.0405	1933.0
20784	46	6091	1927.0405	1935.0531
10463	46	6091	1927.0405	1935.0531
20784	18	3342	1927.0405	1945.0508
10463	18	3342	1927.0405	1945.0508
231	21	151	1927.0412	1927.0412
306	21	151	1927.0412	1927.0412
793	21	151	1927.0412	1927.0412
797	21	151	1927.0412	1927.0412
805	21	151	1927.0412	1927.0412
834	21	151	1927.0412	1927.0412
959	21	151	1927.0412	1927.0412
1034	21	151	1927.0412	1927.0412
1095	21	151	1927.0412	1927.0412
1146	21	151	1927.0412	1927.0412
1400	21	151	1927.0412	1927.0412
1433	21	151	1927.0412	1927.0412
1485	21	151	1927.0412	1927.0412
1517	21	151	1927.0412	1927.0412
1578	21	151	1927.0412	1927.0412
316	21	151	1927.0412	1927.0412
1862	21	151	1927.0412	1927.0412
1981	21	151	1927.0412	1927.0412
1998	21	151	1927.0412	1927.0412
2057	21	151	1927.0412	1927.0412
2240	21	151	1927.0412	1927.0412
2368	21	151	1927.0412	1927.0412
2418	21	151	1927.0412	1927.0412
2506	21	151	1927.0412	1927.0412
2583	21	151	1927.0412	1927.0412
2786	21	151	1927.0412	1927.0412
2824	21	151	1927.0412	1927.0412
2838	21	151	1927.0412	1927.0412
2942	21	151	1927.0412	1927.0412
2957	21	151	1927.0412	1927.0412
3077	21	151	1927.0412	1927.0412
3121	21	151	1927.0412	1927.0412
3139	21	151	1927.0412	1927.0412
3466	21	151	1927.0412	1927.0412
3472	21	151	1927.0412	1927.0412
3586	21	151	1927.0412	1927.0412
3660	21	151	1927.0412	1927.0412
3694	21	151	1927.0412	1927.0412
3790	21	151	1927.0412	1927.0412
3859	21	151	1927.0412	1927.0412
3953	21	151	1927.0412	1927.0412
4270	21	151	1927.0412	1927.0412
4431	21	151	1927.0412	1927.0412
4566	21	151	1927.0412	1927.0412
4569	21	151	1927.0412	1927.0412
4573	21	151	1927.0412	1927.0412
4905	21	151	1927.0412	1927.0412
4988	21	151	1927.0412	1927.0412
5062	21	151	1927.0412	1927.0412
5146	21	151	1927.0412	1927.0412
5206	21	151	1927.0412	1927.0412
5223	21	151	1927.0412	1927.0412
5229	21	151	1927.0412	1927.0412
3714	21	151	1927.0412	1927.0412
5345	21	151	1927.0412	1927.0412
5580	21	151	1927.0412	1927.0412
5642	21	151	1927.0412	1927.0412
5899	21	151	1927.0412	1927.0412
5986	21	151	1927.0412	1927.0412
6005	21	151	1927.0412	1927.0412
6212	21	151	1927.0412	1927.0412
6228	21	151	1927.0412	1927.0412
6508	21	151	1927.0412	1927.0412
2224	21	151	1927.0412	1927.0412
6528	21	151	1927.0412	1927.0412
6754	21	151	1927.0412	1927.0412
6787	21	151	1927.0412	1927.0412
6861	21	151	1927.0412	1927.0412
7194	21	151	1927.0412	1927.0412
7216	21	151	1927.0412	1927.0412
7251	21	151	1927.0412	1927.0412
7316	21	151	1927.0412	1927.0412
7330	21	151	1927.0412	1927.0412
3448	21	151	1927.0412	1927.0412
7430	21	151	1927.0412	1927.0412
7438	21	151	1927.0412	1927.0412
7621	21	151	1927.0412	1927.0412
7745	21	151	1927.0412	1927.0412
7753	21	151	1927.0412	1927.0412
7916	21	151	1927.0412	1927.0412
8067	21	151	1927.0412	1927.0412
8127	21	151	1927.0412	1927.0412
8172	21	151	1927.0412	1927.0412
8385	21	151	1927.0412	1927.0412
8392	21	151	1927.0412	1927.0412
8393	21	151	1927.0412	1927.0412
6446	21	151	1927.0412	1927.0412
8506	21	151	1927.0412	1927.0412
8614	21	151	1927.0412	1927.0412
8619	21	151	1927.0412	1927.0412
8633	21	151	1927.0412	1927.0412
8752	21	151	1927.0412	1927.0412
3214	21	151	1927.0412	1927.0412
8841	21	151	1927.0412	1927.0412
6537	21	151	1927.0412	1927.0412
8916	21	151	1927.0412	1927.0412
8923	21	151	1927.0412	1927.0412
9010	21	151	1927.0412	1927.0412
9130	21	151	1927.0412	1927.0412
9138	21	151	1927.0412	1927.0412
8138	21	151	1927.0412	1927.0412
9378	21	151	1927.0412	1927.0412
9433	21	151	1927.0412	1927.0412
9630	21	151	1927.0412	1927.0412
10267	21	151	1927.0412	1927.0412
10371	21	151	1927.0412	1927.0412
10375	21	151	1927.0412	1927.0412
10391	21	151	1927.0412	1927.0412
5579	21	151	1927.0412	1927.0412
10447	21	151	1927.0412	1927.0412
10603	21	151	1927.0412	1927.0412
10725	21	151	1927.0412	1927.0412
10788	21	151	1927.0412	1927.0412
10790	21	151	1927.0412	1927.0412
10864	21	151	1927.0412	1927.0412
10865	21	151	1927.0412	1927.0412
4903	21	151	1927.0412	1927.0412
10917	21	151	1927.0412	1927.0412
11037	21	151	1927.0412	1927.0412
11155	21	151	1927.0412	1927.0412
11200	21	151	1927.0412	1927.0412
11310	21	151	1927.0412	1927.0412
11334	21	151	1927.0412	1927.0412
11462	21	151	1927.0412	1927.0412
11506	21	151	1927.0412	1927.0412
11615	21	151	1927.0412	1927.0412
11673	21	151	1927.0412	1927.0412
11746	21	151	1927.0412	1927.0412
11921	21	151	1927.0412	1927.0412
1508	21	151	1927.0412	1927.0412
12158	21	151	1927.0412	1927.0412
12159	21	151	1927.0412	1927.0412
4678	21	151	1927.0412	1927.0412
12298	21	151	1927.0412	1927.0412
12328	21	151	1927.0412	1927.0412
6215	21	151	1927.0412	1927.0412
12436	21	151	1927.0412	1927.0412
12458	21	151	1927.0412	1927.0412
12462	21	151	1927.0412	1927.0412
12479	21	151	1927.0412	1927.0412
12637	21	151	1927.0412	1927.0412
12744	21	151	1927.0412	1927.0412
12869	21	151	1927.0412	1927.0412
12886	21	151	1927.0412	1927.0412
12889	21	151	1927.0412	1927.0412
12901	21	151	1927.0412	1927.0412
12940	21	151	1927.0412	1927.0412
13030	21	151	1927.0412	1927.0412
13085	21	151	1927.0412	1927.0412
13088	21	151	1927.0412	1927.0412
13337	21	151	1927.0412	1927.0412
13384	21	151	1927.0412	1927.0412
13472	21	151	1927.0412	1927.0412
13498	21	151	1927.0412	1927.0412
13640	21	151	1927.0412	1927.0412
13675	21	151	1927.0412	1927.0412
13677	21	151	1927.0412	1927.0412
13713	21	151	1927.0412	1927.0412
13722	21	151	1927.0412	1927.0412
13743	21	151	1927.0412	1927.0412
12913	21	151	1927.0412	1927.0412
13887	21	151	1927.0412	1927.0412
13956	21	151	1927.0412	1927.0412
14024	21	151	1927.0412	1927.0412
3185	21	151	1927.0412	1927.0412
14071	21	151	1927.0412	1927.0412
14113	21	151	1927.0412	1927.0412
14274	21	151	1927.0412	1927.0412
14277	21	151	1927.0412	1927.0412
14283	21	151	1927.0412	1927.0412
14393	21	151	1927.0412	1927.0412
14448	21	151	1927.0412	1927.0412
14536	21	151	1927.0412	1927.0412
14547	21	151	1927.0412	1927.0412
14560	21	151	1927.0412	1927.0412
14604	21	151	1927.0412	1927.0412
14619	21	151	1927.0412	1927.0412
14756	21	151	1927.0412	1927.0412
14775	21	151	1927.0412	1927.0412
14815	21	151	1927.0412	1927.0412
14947	21	151	1927.0412	1927.0412
14997	21	151	1927.0412	1927.0412
890	21	151	1927.0412	1927.0412
5821	21	151	1927.0412	1927.0412
15182	21	151	1927.0412	1927.0412
12972	21	151	1927.0412	1927.0412
8066	21	151	1927.0412	1927.0412
9052	21	151	1927.0412	1927.0412
15279	21	151	1927.0412	1927.0412
15284	21	151	1927.0412	1927.0412
15304	21	151	1927.0412	1927.0412
15460	21	151	1927.0412	1927.0412
15464	21	151	1927.0412	1927.0412
15489	21	151	1927.0412	1927.0412
5886	21	151	1927.0412	1927.0412
15648	21	151	1927.0412	1927.0412
15654	21	151	1927.0412	1927.0412
15704	21	151	1927.0412	1927.0412
15899	21	151	1927.0412	1927.0412
15929	21	151	1927.0412	1927.0412
15958	21	151	1927.0412	1927.0412
16036	21	151	1927.0412	1927.0412
16087	21	151	1927.0412	1927.0412
2732	21	151	1927.0412	1927.0412
16149	21	151	1927.0412	1927.0412
10104	21	151	1927.0412	1927.0412
16053	21	151	1927.0412	1927.0412
16271	21	151	1927.0412	1927.0412
16472	21	151	1927.0412	1927.0412
3162	21	151	1927.0412	1927.0412
15725	21	151	1927.0412	1927.0412
16842	21	151	1927.0412	1927.0412
16914	21	151	1927.0412	1927.0412
11522	21	151	1927.0412	1927.0412
10184	21	151	1927.0412	1927.0412
17169	21	151	1927.0412	1927.0412
17196	21	151	1927.0412	1927.0412
8583	21	151	1927.0412	1927.0412
17269	21	151	1927.0412	1927.0412
17356	21	151	1927.0412	1927.0412
17358	21	151	1927.0412	1927.0412
4380	21	151	1927.0412	1927.0412
3824	21	151	1927.0412	1927.0412
4922	21	151	1927.0412	1927.0412
17754	21	151	1927.0412	1927.0412
17824	21	151	1927.0412	1927.0412
17894	21	151	1927.0412	1927.0412
17933	21	151	1927.0412	1927.0412
17959	21	151	1927.0412	1927.0412
17992	21	151	1927.0412	1927.0412
18010	21	151	1927.0412	1927.0412
18116	21	151	1927.0412	1927.0412
18173	21	151	1927.0412	1927.0412
8	21	151	1927.0412	1927.0412
1129	21	151	1927.0412	1927.0412
18366	21	151	1927.0412	1927.0412
18415	21	151	1927.0412	1927.0412
14260	21	151	1927.0412	1927.0412
18447	21	151	1927.0412	1927.0412
18488	21	151	1927.0412	1927.0412
18588	21	151	1927.0412	1927.0412
18646	21	151	1927.0412	1927.0412
14835	21	151	1927.0412	1927.0412
18746	21	151	1927.0412	1927.0412
6484	21	151	1927.0412	1927.0412
18888	21	151	1927.0412	1927.0412
18894	21	151	1927.0412	1927.0412
7830	21	151	1927.0412	1927.0412
18954	21	151	1927.0412	1927.0412
18968	21	151	1927.0412	1927.0412
19031	21	151	1927.0412	1927.0412
14	21	151	1927.0412	1927.0412
19154	21	151	1927.0412	1927.0412
17641	21	151	1927.0412	1927.0412
12433	21	151	1927.0412	1927.0412
19232	21	151	1927.0412	1927.0412
19309	21	151	1927.0412	1927.0412
19363	21	151	1927.0412	1927.0412
19420	21	151	1927.0412	1927.0412
19432	21	151	1927.0412	1927.0412
19441	21	151	1927.0412	1927.0412
9121	21	151	1927.0412	1927.0412
19655	21	151	1927.0412	1927.0412
19707	21	151	1927.0412	1927.0412
10621	21	151	1927.0412	1927.0412
17129	21	151	1927.0412	1927.0412
19782	21	151	1927.0412	1927.0412
19799	21	151	1927.0412	1927.0412
19807	21	151	1927.0412	1927.0412
19814	21	151	1927.0412	1927.0412
5033	21	151	1927.0412	1927.0412
20069	21	151	1927.0412	1927.0412
2203	21	151	1927.0412	1927.0412
20099	21	151	1927.0412	1927.0412
16012	21	151	1927.0412	1927.0412
8141	21	151	1927.0412	1927.0412
11711	21	151	1927.0412	1927.0412
20341	21	151	1927.0412	1927.0412
20365	21	151	1927.0412	1927.0412
20392	21	151	1927.0412	1927.0412
20406	21	151	1927.0412	1927.0412
10160	21	151	1927.0412	1927.0412
15513	21	151	1927.0412	1927.0412
17711	21	151	1927.0412	1927.0412
20572	21	151	1927.0412	1927.0412
20417	21	151	1927.0412	1927.0412
20787	21	151	1927.0412	1927.0412
20789	21	151	1927.0412	1927.0412
20806	21	151	1927.0412	1927.0412
20813	21	151	1927.0412	1927.0412
20915	21	151	1927.0412	1927.0412
20949	21	151	1927.0412	1927.0412
20989	21	151	1927.0412	1927.0412
21026	21	151	1927.0412	1927.0412
21217	21	151	1927.0412	1927.0412
21262	21	151	1927.0412	1927.0412
2132	21	151	1927.0412	1927.0412
15978	21	151	1927.0412	1927.0412
10968	21	151	1927.0412	1927.0412
7659	21	151	1927.0412	1927.0412
21594	21	151	1927.0412	1927.0412
21602	21	151	1927.0412	1927.0412
4715	21	151	1927.0412	1927.0412
21798	21	151	1927.0412	1927.0412
21809	21	151	1927.0412	1927.0412
21841	21	151	1927.0412	1927.0412
670	21	151	1927.0412	1927.0412
20221	21	151	1927.0412	1927.0412
1082	21	151	1927.0412	1927.0412
22115	21	151	1927.0412	1927.0412
20376	21	151	1927.0412	1927.0412
5641	21	151	1927.0412	1927.0412
22308	21	151	1927.0412	1927.0412
22351	21	151	1927.0412	1927.0412
20801	21	151	1927.0412	1927.0412
22649	21	151	1927.0412	1927.0412
7200	21	151	1927.0412	1927.0412
18419	21	151	1927.0412	1927.0412
22082	21	151	1927.0412	1927.0412
6064	21	151	1927.0412	1927.0412
22881	21	151	1927.0412	1927.0412
22932	21	151	1927.0412	1927.0412
23046	21	151	1927.0412	1927.0412
23106	21	151	1927.0412	1927.0412
23171	21	151	1927.0412	1927.0412
23201	21	151	1927.0412	1927.0412
23226	21	151	1927.0412	1927.0412
6043	21	151	1927.0412	1927.0412
2470	21	151	1927.0412	1927.0412
7520	21	151	1927.0412	1927.0412
23421	21	151	1927.0412	1927.0412
23453	21	151	1927.0412	1927.0412
2042	21	151	1927.0412	1927.0412
15435	21	151	1927.0412	1927.0412
10147	21	151	1927.0412	1927.0412
23790	21	151	1927.0412	1927.0412
22236	21	151	1927.0412	1927.0412
23877	21	151	1927.0412	1927.0412
23880	21	151	1927.0412	1927.0412
23890	21	151	1927.0412	1927.0412
23891	21	151	1927.0412	1927.0412
23921	21	151	1927.0412	1927.0412
23928	21	151	1927.0412	1927.0412
13200	21	151	1927.0412	1927.0412
14660	21	151	1927.0412	1927.0412
17294	21	151	1927.0412	1927.0412
24	21	151	1927.0412	1927.0412
24041	21	151	1927.0412	1927.0412
24090	21	151	1927.0412	1927.0412
24103	21	151	1927.0412	1927.0412
24109	21	151	1927.0412	1927.0412
19972	21	151	1927.0412	1927.0412
24177	21	151	1927.0412	1927.0412
24200	21	151	1927.0412	1927.0412
14530	21	151	1927.0412	1927.0412
12950	21	151	1927.0412	1927.0412
24309	21	151	1927.0412	1927.0412
24337	21	151	1927.0412	1927.0412
24438	21	151	1927.0412	1927.0412
24501	21	151	1927.0412	1927.0412
20034	21	151	1927.0412	1927.0412
10090	21	151	1927.0412	1927.0412
24534	21	151	1927.0412	1927.0412
24560	21	151	1927.0412	1927.0412
24562	21	151	1927.0412	1927.0412
24598	21	151	1927.0412	1927.0412
24602	21	151	1927.0412	1927.0412
23762	21	151	1927.0412	1927.0412
24620	21	151	1927.0412	1927.0412
13813	21	151	1927.0412	1927.0412
24661	21	151	1927.0412	1927.0412
24683	21	151	1927.0412	1927.0412
24723	21	151	1927.0412	1927.0412
24727	21	151	1927.0412	1927.0412
22721	21	151	1927.0412	1927.0412
24739	21	151	1927.0412	1927.0412
14529	21	151	1927.0412	1927.0412
24793	21	151	1927.0412	1927.0412
24861	21	151	1927.0412	1927.0412
736	21	151	1927.0412	1927.0412
24873	21	151	1927.0412	1927.0412
24917	21	151	1927.0412	1927.0412
5603	21	151	1927.0412	1927.0412
24958	21	151	1927.0412	1927.0412
25047	21	151	1927.0412	1927.0412
18473	21	151	1927.0412	1927.0412
17089	21	151	1927.0412	1927.0412
25148	21	151	1927.0412	1927.0412
19835	21	151	1927.0412	1927.0412
25229	21	151	1927.0412	1927.0412
25237	21	151	1927.0412	1927.0412
25245	21	151	1927.0412	1927.0412
6622	21	151	1927.0412	1927.0412
25407	21	151	1927.0412	1927.0412
25438	21	151	1927.0412	1927.0412
25466	21	151	1927.0412	1927.0412
10655	21	151	1927.0412	1927.0412
25568	21	151	1927.0412	1927.0412
6986	21	151	1927.0412	1927.0412
22966	21	151	1927.0412	1927.0412
23064	21	151	1927.0412	1927.0412
20026	21	151	1927.0412	1927.0412
25813	21	151	1927.0412	1927.0412
25825	21	151	1927.0412	1927.0412
25826	21	151	1927.0412	1927.0412
25955	21	151	1927.0412	1927.0412
463	21	151	1927.0412	1927.0412
26050	21	151	1927.0412	1927.0412
20729	21	151	1927.0412	1927.0412
26166	21	151	1927.0412	1927.0412
26174	21	151	1927.0412	1927.0412
23889	21	151	1927.0412	1927.0412
22150	21	151	1927.0412	1927.0412
23691	21	151	1927.0412	1927.0412
26330	21	151	1927.0412	1927.0412
19366	21	151	1927.0412	1927.0412
26435	21	151	1927.0412	1927.0412
26436	21	151	1927.0412	1927.0412
26497	21	151	1927.0412	1927.0412
26499	21	151	1927.0412	1927.0412
15472	21	151	1927.0412	1927.0412
26511	21	151	1927.0412	1927.0412
26581	21	151	1927.0412	1927.0412
24751	21	151	1927.0412	1927.0412
3902	21	151	1927.0412	1927.0412
26662	21	151	1927.0412	1927.0412
25535	21	151	1927.0412	1927.0412
26677	21	151	1927.0412	1927.0412
26685	21	151	1927.0412	1927.0412
24037	21	151	1927.0412	1927.0412
26702	21	151	1927.0412	1927.0412
26754	21	151	1927.0412	1927.0412
16276	21	151	1927.0412	1927.0412
15365	21	151	1927.0412	1927.0412
20152	21	151	1927.0412	1927.0412
26845	21	151	1927.0412	1927.0412
26959	21	151	1927.0412	1927.0412
26974	21	151	1927.0412	1927.0412
26997	21	151	1927.0412	1927.0412
20929	21	151	1927.0412	1927.0412
27099	21	151	1927.0412	1927.0412
8814	21	151	1927.0412	1927.0412
27103	21	151	1927.0412	1927.0412
27117	21	151	1927.0412	1927.0412
25285	21	151	1927.0412	1927.0412
15045	21	151	1927.0412	1927.0412
7052	21	151	1927.0412	1927.0412
27214	21	151	1927.0412	1927.0412
27226	21	151	1927.0412	1927.0412
10396	21	151	1927.0412	1927.0412
7208	21	151	1927.0412	1927.0412
27284	21	151	1927.0412	1927.0412
27293	21	151	1927.0412	1927.0412
27372	21	151	1927.0412	1927.0412
941	21	151	1927.0412	1927.0412
27492	21	151	1927.0412	1927.0412
27493	21	151	1927.0412	1927.0412
26678	21	151	1927.0412	1927.0412
4599	21	151	1927.0412	1927.0412
27523	21	151	1927.0412	1927.0412
27547	21	151	1927.0412	1927.0412
17318	21	151	1927.0412	1927.0412
1262	21	151	1927.0412	1927.0412
27628	21	151	1927.0412	1927.0412
27723	21	151	1927.0412	1927.0412
27774	21	151	1927.0412	1927.0412
27775	21	151	1927.0412	1927.0412
27823	21	151	1927.0412	1927.0412
16158	21	151	1927.0412	1927.0412
27151	21	151	1927.0412	1927.0412
5979	21	151	1927.0412	1927.0412
27939	21	151	1927.0412	1927.0412
27943	21	151	1927.0412	1927.0412
27964	21	151	1927.0412	1927.0412
27999	21	151	1927.0412	1927.0412
28003	21	151	1927.0412	1927.0412
28031	21	151	1927.0412	1927.0412
28082	21	151	1927.0412	1927.0412
28097	21	151	1927.0412	1927.0412
28116	21	151	1927.0412	1927.0412
28158	21	151	1927.0412	1927.0412
28176	21	151	1927.0412	1927.0412
28248	21	151	1927.0412	1927.0412
28251	21	151	1927.0412	1927.0412
28258	21	151	1927.0412	1927.0412
19080	21	151	1927.0412	1927.0412
28303	21	151	1927.0412	1927.0412
28325	21	151	1927.0412	1927.0412
28329	21	151	1927.0412	1927.0412
28392	21	151	1927.0412	1927.0412
28460	21	151	1927.0412	1927.0412
20121	21	151	1927.0412	1927.0412
26557	21	151	1927.0412	1927.0412
1171	21	151	1927.0412	1927.0412
28561	21	151	1927.0412	1927.0412
28564	21	151	1927.0412	1927.0412
12804	21	151	1927.0412	1927.0412
13262	21	151	1927.0412	1927.0412
22437	21	151	1927.0412	1927.0412
28682	21	151	1927.0412	1927.0412
28683	21	151	1927.0412	1927.0412
28716	21	151	1927.0412	1927.0412
28758	21	151	1927.0412	1927.0412
1617	21	151	1927.0412	1927.0412
28841	21	151	1927.0412	1927.0412
28936	21	151	1927.0412	1927.0412
28952	21	151	1927.0412	1927.0412
28963	21	151	1927.0412	1927.0412
20456	21	151	1927.0412	1927.0412
18627	21	151	1927.0412	1927.0412
13263	21	151	1927.0412	1927.0412
24946	21	151	1927.0412	1927.0412
29115	21	151	1927.0412	1927.0412
10744	21	151	1927.0412	1927.0412
29132	21	151	1927.0412	1927.0412
29202	21	151	1927.0412	1927.0412
29267	21	151	1927.0412	1927.0412
6550	21	151	1927.0412	1927.0412
14062	21	151	1927.0412	1927.0412
15523	21	151	1927.0412	1927.0412
29470	21	151	1927.0412	1927.0412
29486	21	151	1927.0412	1927.0412
29564	21	151	1927.0412	1927.0412
29588	21	151	1927.0412	1927.0412
28790	21	151	1927.0412	1927.0412
25322	21	151	1927.0412	1927.0412
29705	21	151	1927.0412	1927.0412
20685	21	151	1927.0412	1927.0412
21012	21	151	1927.0412	1927.0412
5529	21	151	1927.0412	1927.0412
26956	21	151	1927.0412	1927.0412
29853	21	151	1927.0412	1927.0412
4783	21	151	1927.0412	1927.0412
29914	21	151	1927.0412	1927.0412
29966	21	151	1927.0412	1927.0412
6072	21	151	1927.0412	1927.0412
29917	21	151	1927.0412	1927.0412
29997	21	151	1927.0412	1927.0412
30005	21	151	1927.0412	1927.0412
30033	21	151	1927.0412	1927.0412
30113	21	151	1927.0412	1927.0412
30122	21	151	1927.0412	1927.0412
30123	21	151	1927.0412	1927.0412
30136	21	151	1927.0412	1927.0412
30143	21	151	1927.0412	1927.0412
29418	21	151	1927.0412	1927.0412
30207	21	151	1927.0412	1927.0412
30209	21	151	1927.0412	1927.0412
27995	21	151	1927.0412	1927.0412
20995	21	151	1927.0412	1927.0412
21802	21	151	1927.0412	1927.0412
25157	21	151	1927.0412	1927.0412
30416	21	151	1927.0412	1927.0412
30430	21	151	1927.0412	1927.0412
19848	21	151	1927.0412	1927.0412
9217	21	151	1927.0412	1927.0412
5688	21	151	1927.0412	1927.0412
30621	21	151	1927.0412	1927.0412
5941	21	151	1927.0412	1927.0412
30673	21	151	1927.0412	1927.0412
21711	21	151	1927.0412	1927.0412
30384	21	151	1927.0412	1927.0412
11514	21	151	1927.0412	1927.0412
15500	21	151	1927.0412	1927.0412
24913	21	151	1927.0412	1927.0412
30825	21	151	1927.0412	1927.0412
6654	21	151	1927.0412	1927.0412
30850	21	151	1927.0412	1927.0412
5623	21	151	1927.0412	1927.0412
1284	21	151	1927.0412	1927.0412
28678	21	151	1927.0412	1927.0412
25332	21	151	1927.0412	1927.0412
31024	21	151	1927.0412	1927.0412
31064	21	151	1927.0412	1927.0412
22821	21	151	1927.0412	1927.0412
27370	21	151	1927.0412	1927.0412
9674	21	151	1927.0412	1927.0412
29146	21	151	1927.0412	1927.0412
18080	21	151	1927.0412	1927.0412
31245	21	151	1927.0412	1927.0412
22943	21	151	1927.0412	1927.0412
11841	21	151	1927.0412	1927.0412
31360	21	151	1927.0412	1927.0412
15528	21	151	1927.0412	1927.0412
31400	21	151	1927.0412	1927.0412
31408	21	151	1927.0412	1927.0412
26188	21	151	1927.0412	1927.0412
2082	21	151	1927.0412	1927.0412
19286	21	151	1927.0412	1927.0412
31558	21	151	1927.0412	1927.0412
31582	21	151	1927.0412	1927.0412
30249	21	151	1927.0412	1927.0412
25097	21	151	1927.0412	1927.0412
22940	21	151	1927.0412	1927.0412
1264	21	151	1927.0412	1927.0412
16960	21	151	1927.0412	1927.0412
17206	21	151	1927.0412	1927.0412
13330	21	151	1927.0412	1927.0412
9205	21	151	1927.0412	1927.0412
21782	21	151	1927.0412	1927.0412
1698	21	151	1927.0412	1927.0412
29037	21	151	1927.0412	1927.0412
31819	21	151	1927.0412	1927.0412
13684	21	151	1927.0412	1927.0412
26810	21	151	1927.0412	1927.0412
12590	21	151	1927.0412	1927.0412
31874	21	151	1927.0412	1927.0412
21732	21	151	1927.0412	1927.0412
31983	21	151	1927.0412	1927.0412
25045	21	151	1927.0412	1927.0412
26462	21	151	1927.0412	1927.0412
32099	21	151	1927.0412	1927.0412
32101	21	151	1927.0412	1927.0412
20727	21	151	1927.0412	1927.0412
32135	21	151	1927.0412	1927.0412
32169	21	151	1927.0412	1927.0412
30168	21	151	1927.0412	1927.0412
32264	21	151	1927.0412	1927.0412
32272	21	151	1927.0412	1927.0412
32281	21	151	1927.0412	1927.0412
21570	21	151	1927.0412	1927.0412
4234	21	151	1927.0412	1927.0412
5373	21	151	1927.0412	1927.0412
32350	21	151	1927.0412	1927.0412
14562	21	151	1927.0412	1927.0412
32450	21	151	1927.0412	1927.0412
32469	21	151	1927.0412	1927.0412
28424	21	151	1927.0412	1927.0412
4579	21	151	1927.0412	1927.0412
32518	21	151	1927.0412	1927.0412
24731	21	151	1927.0412	1927.0412
32614	21	151	1927.0412	1927.0412
32440	21	151	1927.0412	1927.0412
3010	21	151	1927.0412	1927.0412
32640	21	151	1927.0412	1927.0412
11246	21	151	1927.0412	1927.0412
32665	21	151	1927.0412	1927.0412
32667	21	151	1927.0412	1927.0412
32709	21	151	1927.0412	1927.0412
21205	21	151	1927.0412	1927.0412
6718	21	151	1927.0412	1927.0412
32753	21	151	1927.0412	1927.0412
32759	21	151	1927.0412	1927.0412
2283	21	151	1927.0412	1927.0412
32807	21	151	1927.0412	1927.0412
32847	21	151	1927.0412	1927.0412
32867	21	151	1927.0412	1927.0412
32884	21	151	1927.0412	1927.0412
1549	21	151	1927.0412	1927.0412
25021	21	151	1927.0412	1927.0412
9269	21	151	1927.0412	1927.0412
15518	21	151	1927.0412	1927.0412
20695	21	151	1927.0412	1927.0412
33021	21	151	1927.0412	1927.0412
16928	21	151	1927.0412	1927.0412
22168	21	151	1927.0412	1927.0412
33101	21	151	1927.0412	1927.0412
27640	21	151	1927.0412	1927.0412
5538	21	151	1927.0412	1927.0412
26141	21	151	1927.0412	1927.0412
33183	21	151	1927.0412	1927.0412
4760	21	151	1927.0412	1927.0412
33255	21	151	1927.0412	1927.0412
13453	21	151	1927.0412	1927.0412
33283	21	151	1927.0412	1927.0412
21892	21	151	1927.0412	1927.0412
4411	21	151	1927.0412	1927.0412
5389	21	151	1927.0412	1927.0412
32031	21	151	1927.0412	1927.0412
19915	21	151	1927.0412	1927.0412
33526	21	151	1927.0412	1927.0412
29913	21	151	1927.0412	1927.0412
23826	21	151	1927.0412	1927.0412
30975	21	151	1927.0412	1927.0412
14191	21	151	1927.0412	1927.0412
33653	21	151	1927.0412	1927.0412
33680	21	151	1927.0412	1927.0412
26098	21	151	1927.0412	1927.0412
33712	21	151	1927.0412	1927.0412
33745	21	151	1927.0412	1927.0412
33760	21	151	1927.0412	1927.0412
31527	21	151	1927.0412	1927.0412
18850	21	151	1927.0412	1927.0412
33826	21	151	1927.0412	1927.0412
15568	21	151	1927.0412	1927.0412
21844	21	151	1927.0412	1927.0412
10936	21	151	1927.0412	1927.0412
25142	21	151	1927.0412	1927.0412
5950	21	151	1927.0412	1927.0412
33002	21	151	1927.0412	1927.0412
33908	21	151	1927.0412	1927.0412
21357	21	151	1927.0412	1927.0412
5707	21	151	1927.0412	1927.0412
10112	21	151	1927.0412	1927.0412
33961	21	151	1927.0412	1927.0412
13972	21	151	1927.0412	1927.0412
9980	21	151	1927.0412	1927.0412
10297	21	151	1927.0412	1927.0412
13438	21	151	1927.0412	1927.0412
16382	21	151	1927.0412	1927.0412
10061	21	151	1927.0412	1927.0412
34003	21	151	1927.0412	1927.0412
24221	21	151	1927.0412	1927.0412
29263	21	151	1927.0412	1927.0412
34032	21	151	1927.0412	1927.0412
32685	21	151	1927.0412	1927.0412
34062	21	151	1927.0412	1927.0412
10734	21	151	1927.0412	1927.0412
10271	21	151	1927.0412	1927.0412
9145	21	151	1927.0412	1927.0412
34166	21	151	1927.0412	1927.0412
6870	21	151	1927.0412	1927.0412
13107	21	151	1927.0412	1927.0412
2679	21	151	1927.0412	1927.0412
9392	21	151	1927.0412	1927.0412
1720	21	151	1927.0412	1927.0412
34231	21	151	1927.0412	1927.0412
31340	21	151	1927.0412	1927.0412
33549	21	151	1927.0412	1927.0412
30431	21	151	1927.0412	1927.0412
18315	21	151	1927.0412	1927.0412
27747	21	151	1927.0412	1927.0412
10280	21	151	1927.0412	1927.0412
34313	21	151	1927.0412	1927.0412
5819	21	151	1927.0412	1927.0412
6859	21	151	1927.0412	1927.0412
15487	21	151	1927.0412	1927.0412
25846	21	151	1927.0412	1927.0412
29405	21	151	1927.0412	1927.0412
30829	21	151	1927.0412	1927.0412
27436	21	151	1927.0412	1927.0412
19433	21	151	1927.0412	1927.0412
29315	21	151	1927.0412	1927.0412
26297	21	151	1927.0412	1927.0412
13238	21	151	1927.0412	1927.0412
25606	21	151	1927.0412	1927.0412
22762	21	151	1927.0412	1927.0412
17847	21	151	1927.0412	1927.0412
4705	21	151	1927.0412	1927.0412
34628	21	151	1927.0412	1927.0412
21792	21	151	1927.0412	1927.0412
28650	21	151	1927.0412	1927.0412
34685	21	151	1927.0412	1927.0412
34695	21	151	1927.0412	1927.0412
28421	21	151	1927.0412	1927.0412
13544	21	151	1927.0412	1927.0412
31870	21	151	1927.0412	1927.0412
6688	21	151	1927.0412	1927.0412
33226	21	151	1927.0412	1927.0412
23432	21	151	1927.0412	1927.0412
12658	21	151	1927.0412	1927.0412
27092	21	151	1927.0412	1927.0412
35018	21	151	1927.0412	1927.0412
21258	21	151	1927.0412	1927.0412
22124	21	151	1927.0412	1927.0412
88	21	151	1927.0412	1927.0412
35128	21	151	1927.0412	1927.0412
35134	21	151	1927.0412	1927.0412
35135	21	151	1927.0412	1927.0412
8497	21	151	1927.0412	1927.0412
11565	21	151	1927.0412	1927.0412
20389	21	151	1927.0412	1927.0412
30979	21	151	1927.0412	1927.0412
11387	21	151	1927.0412	1927.0412
6099	21	151	1927.0412	1927.0412
35278	21	151	1927.0412	1927.0412
4357	21	151	1927.0412	1927.0412
35287	21	151	1927.0412	1927.0412
18064	21	151	1927.0412	1927.0412
18624	21	151	1927.0412	1927.0412
17637	21	151	1927.0412	1927.0412
35350	21	151	1927.0412	1927.0412
30419	21	151	1927.0412	1927.0412
23178	21	151	1927.0412	1927.0412
34009	21	151	1927.0412	1927.0412
33014	21	151	1927.0412	1927.0412
7844	21	151	1927.0412	1927.0412
35441	21	151	1927.0412	1927.0412
21283	21	151	1927.0412	1927.0412
35448	21	151	1927.0412	1927.0412
35455	21	151	1927.0412	1927.0412
35132	21	151	1927.0412	1927.0412
29368	21	151	1927.0412	1927.0412
26339	21	151	1927.0412	1927.0412
28155	21	151	1927.0412	1927.0412
3599	21	151	1927.0412	1927.0412
35580	21	151	1927.0412	1927.0412
15295	21	151	1927.0412	1927.0412
35605	21	151	1927.0412	1927.0412
35611	21	151	1927.0412	1927.0412
16464	21	151	1927.0412	1927.0412
8829	21	151	1927.0412	1927.0412
12416	21	151	1927.0412	1927.0412
18995	21	151	1927.0412	1927.0412
35697	21	151	1927.0412	1927.0412
35751	21	151	1927.0412	1927.0412
27721	21	151	1927.0412	1927.0412
9505	21	151	1927.0412	1927.0412
12930	21	151	1927.0412	1927.0412
11255	21	151	1927.0412	1927.0412
23911	21	151	1927.0412	1927.0412
30697	21	151	1927.0412	1927.0412
35845	21	151	1927.0412	1927.0412
11447	21	151	1927.0412	1927.0412
35855	21	151	1927.0412	1927.0412
19867	21	151	1927.0412	1927.0412
16520	21	151	1927.0412	1927.0412
18332	21	151	1927.0412	1927.0412
35949	21	151	1927.0412	1927.0412
9307	21	151	1927.0412	1927.0412
17111	21	151	1927.0412	1927.0412
36053	21	151	1927.0412	1927.0412
13461	21	151	1927.0412	1927.0412
22816	21	151	1927.0412	1927.0412
24671	21	151	1927.0412	1927.0412
34679	21	151	1927.0412	1927.0412
36103	21	151	1927.0412	1927.0412
27391	21	151	1927.0412	1927.0412
36140	21	151	1927.0412	1927.0412
17104	21	151	1927.0412	1927.0412
23292	21	151	1927.0412	1927.0412
26228	21	151	1927.0412	1927.0412
36178	21	151	1927.0412	1927.0412
8005	21	151	1927.0412	1927.0412
678	21	151	1927.0412	1927.0412
36209	21	151	1927.0412	1927.0412
27205	21	151	1927.0412	1927.0412
5313	21	151	1927.0412	1927.0412
8859	21	151	1927.0412	1927.0412
36300	21	151	1927.0412	1927.0412
18289	21	151	1927.0412	1927.0412
35549	21	151	1927.0412	1927.0412
6783	21	151	1927.0412	1927.0412
15859	21	151	1927.0412	1927.0412
36353	21	151	1927.0412	1927.0412
7924	21	151	1927.0412	1927.0412
35012	21	151	1927.0412	1927.0412
36370	21	151	1927.0412	1927.0412
32288	21	151	1927.0412	1927.0412
18797	21	151	1927.0412	1927.0412
36412	21	151	1927.0412	1927.0412
18039	21	151	1927.0412	1927.0412
30699	21	151	1927.0412	1927.0412
8639	21	151	1927.0412	1927.0412
36448	21	151	1927.0412	1927.0412
10481	21	151	1927.0412	1927.0412
36469	21	151	1927.0412	1927.0412
11475	21	151	1927.0412	1927.0412
19112	21	151	1927.0412	1927.0412
32366	21	151	1927.0412	1927.0412
27571	21	151	1927.0412	1927.0412
15901	21	151	1927.0412	1927.0412
5799	21	151	1927.0412	1927.0412
32844	21	151	1927.0412	1927.0412
23466	21	151	1927.0412	1927.0412
21433	21	151	1927.0412	1927.0412
7874	21	151	1927.0412	1927.0412
11690	21	151	1927.0412	1927.0412
26158	21	151	1927.0412	1927.0412
4328	21	151	1927.0412	1927.0412
28019	21	151	1927.0412	1927.0412
25921	21	151	1927.0412	1927.0412
17760	21	151	1927.0412	1927.0412
30854	21	151	1927.0412	1927.0412
36637	21	151	1927.0412	1927.0412
9918	21	151	1927.0412	1927.0412
36689	21	151	1927.0412	1927.0412
23768	21	151	1927.0412	1927.0412
18716	21	151	1927.0412	1927.0412
36715	21	151	1927.0412	1927.0412
14228	21	151	1927.0412	1927.0412
36754	21	151	1927.0412	1927.0412
9895	21	151	1927.0412	1927.0412
19317	21	151	1927.0412	1927.0412
14991	21	151	1927.0412	1927.0412
36825	21	151	1927.0412	1927.0412
15062	21	151	1927.0412	1927.0412
35026	21	151	1927.0412	1927.0412
13095	21	151	1927.0412	1927.0412
6188	21	151	1927.0412	1927.0412
18479	21	151	1927.0412	1927.0412
10473	21	151	1927.0412	1927.0412
29262	21	151	1927.0412	1927.0412
14368	21	151	1927.0412	1927.0412
22985	21	151	1927.0412	1927.0412
6368	21	151	1927.0412	1927.0412
9085	21	151	1927.0412	1927.0412
36424	21	151	1927.0412	1927.0412
32004	21	151	1927.0412	1927.0412
31980	21	151	1927.0412	1927.0412
3876	21	151	1927.0412	1927.0412
28036	21	151	1927.0412	1927.0412
18375	21	151	1927.0412	1927.0412
31705	21	151	1927.0412	1927.0412
26324	21	151	1927.0412	1927.0412
7237	21	151	1927.0412	1927.0412
37063	21	151	1927.0412	1927.0412
30442	21	151	1927.0412	1927.0412
37100	21	151	1927.0412	1927.0412
17259	21	151	1927.0412	1927.0412
28645	21	151	1927.0412	1927.0412
36230	21	151	1927.0412	1927.0412
21970	21	151	1927.0412	1927.0412
15315	21	151	1927.0412	1927.0412
37144	21	151	1927.0412	1927.0412
21667	21	151	1927.0412	1927.0412
21995	21	151	1927.0412	1927.0412
36411	21	151	1927.0412	1927.0412
12498	21	151	1927.0412	1927.0412
37179	21	151	1927.0412	1927.0412
32770	21	151	1927.0412	1927.0412
35579	21	151	1927.0412	1927.0412
36141	21	151	1927.0412	1927.0412
33328	21	151	1927.0412	1927.0412
29607	21	151	1927.0412	1927.0412
30220	21	151	1927.0412	1927.0412
37271	21	151	1927.0412	1927.0412
37274	21	151	1927.0412	1927.0412
9885	21	151	1927.0412	1927.0412
18444	21	151	1927.0412	1927.0412
11879	21	151	1927.0412	1927.0412
23127	21	151	1927.0412	1927.0412
17692	21	151	1927.0412	1927.0412
14332	21	151	1927.0412	1927.0412
14797	21	151	1927.0412	1927.0412
22704	21	151	1927.0412	1927.0412
37414	21	151	1927.0412	1927.0412
37415	21	151	1927.0412	1927.0412
36810	21	151	1927.0412	1927.0412
31876	21	151	1927.0412	1927.0412
4965	21	151	1927.0412	1927.0412
37463	21	151	1927.0412	1927.0412
25195	21	151	1927.0412	1927.0412
27315	21	151	1927.0412	1927.0412
25351	21	151	1927.0412	1927.0412
25875	21	151	1927.0412	1927.0412
6780	21	151	1927.0412	1927.0412
37511	21	151	1927.0412	1927.0412
633	21	151	1927.0412	1927.0412
14511	21	151	1927.0412	1927.0412
32334	21	151	1927.0412	1927.0412
10387	21	151	1927.0412	1927.0412
7517	21	151	1927.0412	1927.0412
28350	21	151	1927.0412	1927.0412
22058	21	151	1927.0412	1927.0412
37650	21	151	1927.0412	1927.0412
33664	21	151	1927.0412	1927.0412
13041	21	151	1927.0412	1927.0412
8384	21	151	1927.0412	1927.0412
37715	21	151	1927.0412	1927.0412
37750	21	151	1927.0412	1927.0412
33612	21	151	1927.0412	1927.0412
29040	21	151	1927.0412	1927.0412
28750	21	151	1927.0412	1927.0412
21738	21	151	1927.0412	1927.0412
36661	21	151	1927.0412	1927.0412
27377	21	151	1927.0412	1927.0412
29231	21	151	1927.0412	1927.0412
20805	21	151	1927.0412	1927.0412
1765	21	151	1927.0412	1927.0412
1407	21	151	1927.0412	1927.0412
35068	21	151	1927.0412	1927.0412
37880	21	151	1927.0412	1927.0412
19394	21	151	1927.0412	1927.0412
32237	21	151	1927.0412	1927.0412
28451	21	151	1927.0412	1927.0412
33439	21	151	1927.0412	1927.0412
23212	21	151	1927.0412	1927.0412
1052	21	151	1927.0412	1927.0412
7838	21	151	1927.0412	1927.0412
36276	21	151	1927.0412	1927.0412
22513	21	151	1927.0412	1927.0412
13192	21	151	1927.0412	1927.0412
37706	21	151	1927.0412	1927.0412
37403	21	151	1927.0412	1927.0412
22014	21	151	1927.0412	1927.0412
16093	21	151	1927.0412	1927.0412
38069	21	151	1927.0412	1927.0412
10660	21	151	1927.0412	1927.0412
38084	21	151	1927.0412	1927.0412
29868	21	151	1927.0412	1927.0412
23355	21	151	1927.0412	1927.0412
14075	21	151	1927.0412	1927.0412
21001	21	151	1927.0412	1927.0412
37981	21	151	1927.0412	1927.0412
14582	21	151	1927.0412	1927.0412
38154	21	151	1927.0412	1927.0412
33269	21	151	1927.0412	1927.0412
31695	21	151	1927.0412	1927.0412
8966	21	151	1927.0412	1927.0412
5439	21	151	1927.0412	1927.0412
35739	21	151	1927.0412	1927.0412
36196	21	151	1927.0412	1927.0412
28094	21	151	1927.0412	1927.0412
24373	21	151	1927.0412	1927.0412
22036	21	151	1927.0412	1927.0412
23238	21	151	1927.0412	1927.0412
3215	21	151	1927.0412	1927.0412
34687	21	151	1927.0412	1927.0412
29153	21	151	1927.0412	1927.0412
13017	21	151	1927.0412	1927.0412
33542	21	151	1927.0412	1927.0412
38254	21	151	1927.0412	1927.0412
36867	21	151	1927.0412	1927.0412
37687	21	151	1927.0412	1927.0412
31130	21	151	1927.0412	1927.0412
33470	21	151	1927.0412	1927.0412
38289	21	151	1927.0412	1927.0412
22798	21	151	1927.0412	1927.0412
33568	21	151	1927.0412	1927.0412
28433	21	151	1927.0412	1927.0412
24633	21	151	1927.0412	1927.0412
33463	21	151	1927.0412	1927.0412
27525	21	151	1927.0412	1927.0412
37120	21	151	1927.0412	1927.0412
30491	21	151	1927.0412	1927.0412
34267	21	151	1927.0412	1927.0412
38419	21	151	1927.0412	1927.0412
15237	21	151	1927.0412	1927.0412
18623	21	151	1927.0412	1927.0412
1484	21	151	1927.0412	1927.0412
14931	21	151	1927.0412	1927.0412
32430	21	151	1927.0412	1927.0412
6285	21	151	1927.0412	1927.0412
38525	21	151	1927.0412	1927.0412
23420	21	151	1927.0412	1927.0412
38529	21	151	1927.0412	1927.0412
32138	21	151	1927.0412	1927.0412
34643	21	151	1927.0412	1927.0412
31886	21	151	1927.0412	1927.0412
1039	21	151	1927.0412	1927.0412
38565	21	151	1927.0412	1927.0412
23943	21	151	1927.0412	1927.0412
29307	21	151	1927.0412	1927.0412
38151	21	151	1927.0412	1927.0412
30884	21	151	1927.0412	1927.0412
30341	21	151	1927.0412	1927.0412
16730	21	151	1927.0412	1927.0412
20243	21	151	1927.0412	1927.0412
38638	21	151	1927.0412	1927.0412
20766	21	151	1927.0412	1927.0412
28241	21	151	1927.0412	1927.0412
38657	21	151	1927.0412	1927.0412
27513	21	151	1927.0412	1927.0412
10004	21	151	1927.0412	1927.0412
28204	21	151	1927.0412	1927.0412
15205	21	151	1927.0412	1927.0412
8064	21	151	1927.0412	1927.0412
18577	21	151	1927.0412	1927.0412
3621	21	151	1927.0412	1927.0412
38718	21	151	1927.0412	1927.0412
20848	21	151	1927.0412	1927.0412
38182	21	151	1927.0412	1927.0412
11845	21	151	1927.0412	1927.0412
36536	21	151	1927.0412	1927.0412
18299	21	151	1927.0412	1927.0412
2996	21	151	1927.0412	1927.0412
15213	21	151	1927.0412	1927.0412
34713	21	151	1927.0412	1927.0412
985	21	151	1927.0412	1927.0412
38843	21	151	1927.0412	1927.0412
19023	21	151	1927.0412	1927.0412
19164	21	151	1927.0412	1927.0412
35233	21	151	1927.0412	1927.0412
38892	21	151	1927.0412	1927.0412
35880	21	151	1927.0412	1927.0412
36707	21	151	1927.0412	1927.0412
30161	21	151	1927.0412	1927.0412
27842	21	151	1927.0412	1927.0412
16349	21	151	1927.0412	1927.0412
32113	21	151	1927.0412	1927.0412
17296	21	151	1927.0412	1927.0412
38957	21	151	1927.0412	1927.0412
36421	21	151	1927.0412	1927.0412
16978	21	151	1927.0412	1927.0412
27508	21	151	1927.0412	1927.0412
11910	21	151	1927.0412	1927.0412
25973	21	151	1927.0412	1927.0412
23540	21	151	1927.0412	1927.0412
6289	21	151	1927.0412	1927.0412
12371	21	151	1927.0412	1927.0412
38600	21	151	1927.0412	1927.0412
18778	21	151	1927.0412	1927.0412
39050	21	151	1927.0412	1927.0412
28886	21	151	1927.0412	1927.0412
7466	21	151	1927.0412	1927.0412
17423	21	151	1927.0412	1927.0412
19962	21	151	1927.0412	1927.0412
17380	21	151	1927.0412	1927.0412
8042	21	151	1927.0412	1927.0412
14736	21	151	1927.0412	1927.0412
14257	21	151	1927.0412	1927.0412
17119	21	151	1927.0412	1927.0412
3339	21	151	1927.0412	1927.0412
38988	21	151	1927.0412	1927.0412
15410	21	151	1927.0412	1927.0412
39187	21	151	1927.0412	1927.0412
39190	21	151	1927.0412	1927.0412
34409	21	151	1927.0412	1927.0412
30520	21	151	1927.0412	1927.0412
39206	21	151	1927.0412	1927.0412
2492	21	151	1927.0412	1927.0412
3026	21	151	1927.0412	1927.0412
22715	21	151	1927.0412	1927.0412
39237	21	151	1927.0412	1927.0412
35458	21	151	1927.0412	1927.0412
26431	21	151	1927.0412	1927.0412
38082	21	151	1927.0412	1927.0412
37790	21	151	1927.0412	1927.0412
39262	21	151	1927.0412	1927.0412
26058	21	151	1927.0412	1927.0412
30698	21	151	1927.0412	1927.0412
29737	21	151	1927.0412	1927.0412
19534	21	151	1927.0412	1927.0412
2697	21	151	1927.0412	1927.0412
13326	21	151	1927.0412	1927.0412
16887	21	151	1927.0412	1927.0412
12980	21	151	1927.0412	1927.0412
17762	21	151	1927.0412	1927.0412
20819	21	151	1927.0412	1927.0412
39300	21	151	1927.0412	1927.0412
36167	21	151	1927.0412	1927.0412
11226	21	151	1927.0412	1927.0412
16650	21	151	1927.0412	1927.0412
38595	21	151	1927.0412	1927.0412
22896	21	151	1927.0412	1927.0412
39340	21	151	1927.0412	1927.0412
39345	21	151	1927.0412	1927.0412
24576	21	151	1927.0412	1927.0412
14962	21	151	1927.0412	1927.0412
29395	21	151	1927.0412	1927.0412
4679	21	151	1927.0412	1927.0412
36714	21	151	1927.0412	1927.0412
33523	21	151	1927.0412	1927.0412
34832	21	151	1927.0412	1927.0412
36101	21	151	1927.0412	1927.0412
38521	21	151	1927.0412	1927.0412
33025	21	151	1927.0412	1927.0412
35374	21	151	1927.0412	1927.0412
39429	21	151	1927.0412	1927.0412
18378	21	151	1927.0412	1927.0412
16731	21	151	1927.0412	1927.0412
38737	21	151	1927.0412	1927.0412
32904	21	151	1927.0412	1927.0412
33267	21	151	1927.0412	1927.0412
37906	21	151	1927.0412	1927.0412
27404	21	151	1927.0412	1927.0412
37026	21	151	1927.0412	1927.0412
276	21	151	1927.0412	1927.0412
34840	21	151	1927.0412	1927.0412
4894	21	151	1927.0412	1927.0412
16605	21	151	1927.0412	1927.0412
34348	21	151	1927.0412	1927.0412
8297	21	151	1927.0412	1927.0412
39510	21	151	1927.0412	1927.0412
388	21	151	1927.0412	1927.0412
3808	21	151	1927.0412	1927.0412
836	21	151	1927.0412	1927.0412
1694	21	151	1927.0412	1927.0412
39435	21	151	1927.0412	1927.0412
22583	21	151	1927.0412	1927.0412
38776	21	151	1927.0412	1927.0412
39571	21	151	1927.0412	1927.0412
7048	21	151	1927.0412	1927.0412
35479	21	151	1927.0412	1927.0412
39598	21	151	1927.0412	1927.0412
19491	21	151	1927.0412	1927.0412
17386	21	151	1927.0412	1927.0412
15992	21	151	1927.0412	1927.0412
35463	21	151	1927.0412	1927.0412
32283	21	151	1927.0412	1927.0412
37692	21	151	1927.0412	1927.0412
6300	21	151	1927.0412	1927.0412
23899	21	151	1927.0412	1927.0412
38066	21	151	1927.0412	1927.0412
39643	21	151	1927.0412	1927.0412
32787	21	151	1927.0412	1927.0412
11016	21	151	1927.0412	1927.0412
37450	21	151	1927.0412	1927.0412
10990	21	151	1927.0412	1927.0412
18190	21	151	1927.0412	1927.0412
39669	21	151	1927.0412	1927.0412
34764	21	151	1927.0412	1927.0412
31147	21	151	1927.0412	1927.0412
19722	21	151	1927.0412	1927.0412
8802	21	151	1927.0412	1927.0412
36597	21	151	1927.0412	1927.0412
19666	21	151	1927.0412	1927.0412
39748	21	151	1927.0412	1927.0412
39749	21	151	1927.0412	1927.0412
28935	21	151	1927.0412	1927.0412
27115	21	151	1927.0412	1927.0412
37651	21	151	1927.0412	1927.0412
18431	21	151	1927.0412	1927.0412
39760	21	151	1927.0412	1927.0412
29882	21	151	1927.0412	1927.0412
39768	21	151	1927.0412	1927.0412
39775	21	151	1927.0412	1927.0412
4547	21	151	1927.0412	1927.0412
39795	21	151	1927.0412	1927.0412
39805	21	151	1927.0412	1927.0412
31904	21	151	1927.0412	1927.0412
35113	21	151	1927.0412	1927.0412
36771	21	151	1927.0412	1927.0412
26302	21	151	1927.0412	1927.0412
30813	21	151	1927.0412	1927.0412
21284	21	151	1927.0412	1927.0412
19356	21	151	1927.0412	1927.0412
25946	21	151	1927.0412	1927.0412
36168	21	151	1927.0412	1927.0412
33237	21	151	1927.0412	1927.0412
39865	21	151	1927.0412	1927.0412
11975	21	151	1927.0412	1927.0412
38228	21	151	1927.0412	1927.0412
14441	21	151	1927.0412	1927.0412
38806	21	151	1927.0412	1927.0412
7862	21	151	1927.0412	1927.0412
6182	21	151	1927.0412	1927.0412
25801	21	151	1927.0412	1927.0412
32051	21	151	1927.0412	1927.0412
12973	21	151	1927.0412	1927.0412
30312	21	151	1927.0412	1927.0412
10890	21	151	1927.0412	1927.0412
29842	21	151	1927.0412	1927.0412
32013	21	151	1927.0412	1927.0412
34158	21	151	1927.0412	1927.0412
39914	21	151	1927.0412	1927.0412
13311	21	151	1927.0412	1927.0412
33464	21	151	1927.0412	1927.0412
3745	21	151	1927.0412	1927.0412
9452	21	151	1927.0412	1927.0412
15562	21	151	1927.0412	1927.0412
1834	21	151	1927.0412	1927.0412
5230	21	151	1927.0412	1927.0412
39980	21	151	1927.0412	1927.0412
12093	21	151	1927.0412	1927.0412
35141	21	151	1927.0412	1927.0412
28301	21	151	1927.0412	1927.0412
34221	21	151	1927.0412	1927.0412
2813	21	151	1927.0412	1927.0412
9823	21	151	1927.0412	1927.0412
36449	21	151	1927.0412	1927.0412
40012	21	151	1927.0412	1927.0412
33522	21	151	1927.0412	1927.0412
30201	21	151	1927.0412	1927.0412
13793	21	151	1927.0412	1927.0412
36516	21	151	1927.0412	1927.0412
2766	21	151	1927.0412	1927.0412
18123	21	151	1927.0412	1927.0412
40076	21	151	1927.0412	1927.0412
31738	21	151	1927.0412	1927.0412
15628	21	151	1927.0412	1927.0412
25997	21	151	1927.0412	1927.0412
6579	21	151	1927.0412	1927.0412
19213	21	151	1927.0412	1927.0412
7633	21	151	1927.0412	1927.0412
26635	21	151	1927.0412	1927.0412
40121	21	151	1927.0412	1927.0412
37426	21	151	1927.0412	1927.0412
2687	21	151	1927.0412	1927.0412
17442	21	151	1927.0412	1927.0412
35990	21	151	1927.0412	1927.0412
2445	21	151	1927.0412	1927.0412
35868	21	151	1927.0412	1927.0412
2672	21	151	1927.0412	1927.0412
15563	21	151	1927.0412	1927.0412
33816	21	151	1927.0412	1927.0412
6645	21	151	1927.0412	1927.0412
16970	21	151	1927.0412	1927.0412
40216	21	151	1927.0412	1927.0412
36892	21	151	1927.0412	1927.0412
38704	21	151	1927.0412	1927.0412
40236	21	151	1927.0412	1927.0412
8436	21	151	1927.0412	1927.0412
6789	21	151	1927.0412	1927.0412
39525	21	151	1927.0412	1927.0412
32122	21	151	1927.0412	1927.0412
31843	21	151	1927.0412	1927.0412
24243	21	151	1927.0412	1927.0412
11317	21	151	1927.0412	1927.0412
7119	21	151	1927.0412	1927.0412
24796	21	151	1927.0412	1927.0412
16261	21	151	1927.0412	1927.0412
7339	21	151	1927.0412	1927.0412
40180	21	151	1927.0412	1927.0412
35961	21	151	1927.0412	1927.0412
16413	21	151	1927.0412	1927.0412
24935	21	151	1927.0412	1927.0412
12583	21	151	1927.0412	1927.0412
4194	21	151	1927.0412	1927.0412
34322	21	151	1927.0412	1927.0412
40355	21	151	1927.0412	1927.0412
40356	21	151	1927.0412	1927.0412
39861	21	151	1927.0412	1927.0412
16595	21	151	1927.0412	1927.0412
39133	21	151	1927.0412	1927.0412
35092	21	151	1927.0412	1927.0412
7915	21	151	1927.0412	1927.0412
31163	21	151	1927.0412	1927.0412
40376	21	151	1927.0412	1927.0412
31365	21	151	1927.0412	1927.0412
9007	21	151	1927.0412	1927.0412
38215	21	151	1927.0412	1927.0412
36913	21	151	1927.0412	1927.0412
32396	21	151	1927.0412	1927.0412
33703	21	151	1927.0412	1927.0412
38245	21	151	1927.0412	1927.0412
28109	21	151	1927.0412	1927.0412
38054	21	151	1927.0412	1927.0412
1767	21	151	1927.0412	1927.0412
40440	21	151	1927.0412	1927.0412
40441	21	151	1927.0412	1927.0412
6684	21	151	1927.0412	1927.0412
7245	21	151	1927.0412	1927.0412
11059	21	151	1927.0412	1927.0412
2833	21	151	1927.0412	1927.0412
13523	21	151	1927.0412	1927.0412
31445	21	151	1927.0412	1927.0412
15447	21	151	1927.0412	1927.0412
38294	21	151	1927.0412	1927.0412
40501	21	151	1927.0412	1927.0412
24590	21	151	1927.0412	1927.0412
24681	21	151	1927.0412	1927.0412
35437	21	151	1927.0412	1927.0412
29425	21	151	1927.0412	1927.0412
40540	21	151	1927.0412	1927.0412
1702	21	151	1927.0412	1927.0412
25054	21	151	1927.0412	1927.0412
6076	21	151	1927.0412	1927.0412
6454	21	151	1927.0412	1927.0412
18713	21	151	1927.0412	1927.0412
40552	21	151	1927.0412	1927.0412
8021	21	151	1927.0412	1927.0412
6013	21	151	1927.0412	1927.0412
29211	21	151	1927.0412	1927.0412
40572	21	151	1927.0412	1927.0412
40576	21	151	1927.0412	1927.0412
18732	21	151	1927.0412	1927.0412
28313	21	151	1927.0412	1927.0412
34922	21	151	1927.0412	1927.0412
23632	21	151	1927.0412	1927.0412
14103	21	151	1927.0412	1927.0412
5627	21	151	1927.0412	1927.0412
21399	21	151	1927.0412	1927.0412
26553	21	151	1927.0412	1927.0412
9905	21	151	1927.0412	1927.0412
30880	21	151	1927.0412	1927.0412
36746	21	151	1927.0412	1927.0412
8139	21	151	1927.0412	1927.0412
16755	21	151	1927.0412	1927.0412
31209	21	151	1927.0412	1927.0412
26712	21	151	1927.0412	1927.0412
40678	21	151	1927.0412	1927.0412
30703	21	151	1927.0412	1927.0412
40043	21	151	1927.0412	1927.0412
36073	21	151	1927.0412	1927.0412
32964	21	151	1927.0412	1927.0412
1469	21	151	1927.0412	1927.0412
40706	21	151	1927.0412	1927.0412
1145	21	151	1927.0412	1927.0412
24082	21	151	1927.0412	1927.0412
16238	21	151	1927.0412	1927.0412
31875	21	151	1927.0412	1927.0412
24156	21	151	1927.0412	1927.0412
23631	21	151	1927.0412	1927.0412
30901	21	151	1927.0412	1927.0412
37535	21	151	1927.0412	1927.0412
30754	21	151	1927.0412	1927.0412
40750	21	151	1927.0412	1927.0412
28599	21	151	1927.0412	1927.0412
22275	21	151	1927.0412	1927.0412
16517	21	151	1927.0412	1927.0412
38290	21	151	1927.0412	1927.0412
40810	21	151	1927.0412	1927.0412
12968	21	151	1927.0412	1927.0412
7106	21	151	1927.0412	1927.0412
40851	21	151	1927.0412	1927.0412
17083	21	151	1927.0412	1927.0412
35184	21	151	1927.0412	1927.0412
18801	21	151	1927.0412	1927.0412
18278	21	151	1927.0412	1927.0412
5816	21	151	1927.0412	1927.0412
19756	21	151	1927.0412	1927.0412
20633	21	151	1927.0412	1927.0412
192	21	151	1927.0412	1927.0412
29224	21	151	1927.0412	1927.0412
16961	21	151	1927.0412	1927.0412
14198	21	151	1927.0412	1927.0412
28926	21	151	1927.0412	1927.0412
40884	21	151	1927.0412	1927.0412
13315	21	151	1927.0412	1927.0412
32494	21	151	1927.0412	1927.0412
6315	21	151	1927.0412	1927.0412
37979	21	151	1927.0412	1927.0412
34214	21	151	1927.0412	1927.0412
28377	21	151	1927.0412	1927.0412
35371	21	151	1927.0412	1927.0412
1127	21	151	1927.0412	1927.0412
11839	21	151	1927.0412	1927.0412
26704	21	151	1927.0412	1927.0412
24389	21	151	1927.0412	1927.0412
39852	21	151	1927.0412	1927.0412
37378	21	151	1927.0412	1927.0412
15984	21	151	1927.0412	1927.0412
25936	21	151	1927.0412	1927.0412
37724	21	151	1927.0412	1927.0412
40957	21	151	1927.0412	1927.0412
19786	21	151	1927.0412	1927.0412
4692	21	151	1927.0412	1927.0412
37905	21	151	1927.0412	1927.0412
12344	21	151	1927.0412	1927.0412
25083	21	151	1927.0412	1927.0412
7636	21	151	1927.0412	1927.0412
24813	21	151	1927.0412	1927.0412
32230	21	151	1927.0412	1927.0412
21979	21	151	1927.0412	1927.0412
29796	21	151	1927.0412	1927.0412
3132	21	151	1927.0412	1927.0412
37360	21	151	1927.0412	1927.0412
31508	21	151	1927.0412	1927.0412
38405	21	151	1927.0412	1927.0412
41005	21	151	1927.0412	1927.0412
9677	21	151	1927.0412	1927.0412
29727	21	151	1927.0412	1927.0412
37476	21	151	1927.0412	1927.0412
20363	21	151	1927.0412	1927.0412
12297	21	151	1927.0412	1927.0412
41025	21	151	1927.0412	1927.0412
19556	21	151	1927.0412	1927.0412
15662	21	151	1927.0412	1927.0412
16836	21	151	1927.0412	1927.0412
41042	21	151	1927.0412	1927.0412
13535	21	151	1927.0412	1927.0412
38544	21	151	1927.0412	1927.0412
41051	21	151	1927.0412	1927.0412
41053	21	151	1927.0412	1927.0412
38973	21	151	1927.0412	1927.0412
39179	21	151	1927.0412	1927.0412
23585	21	151	1927.0412	1927.0412
33378	21	151	1927.0412	1927.0412
32220	21	151	1927.0412	1927.0412
20797	21	151	1927.0412	1927.0412
34088	21	151	1927.0412	1927.0412
38406	21	151	1927.0412	1927.0412
13381	21	151	1927.0412	1927.0412
29760	21	151	1927.0412	1927.0412
25878	21	151	1927.0412	1927.0412
19871	21	151	1927.0412	1927.0412
18508	21	151	1927.0412	1927.0412
34589	21	151	1927.0412	1927.0412
40396	21	151	1927.0412	1927.0412
40804	21	151	1927.0412	1927.0412
19084	21	151	1927.0412	1927.0412
22711	21	151	1927.0412	1927.0412
34193	21	151	1927.0412	1927.0412
23695	21	151	1927.0412	1927.0412
16294	21	151	1927.0412	1927.0412
2822	21	151	1927.0412	1927.0412
34883	21	151	1927.0412	1927.0412
38216	21	151	1927.0412	1927.0412
34258	21	151	1927.0412	1927.0412
9037	21	151	1927.0412	1927.0412
29019	21	151	1927.0412	1927.0412
21363	21	151	1927.0412	1927.0412
24478	21	151	1927.0412	1927.0412
11507	21	151	1927.0412	1927.0412
14375	21	151	1927.0412	1927.0412
36088	21	151	1927.0412	1927.0412
32090	21	151	1927.0412	1927.0412
8073	21	151	1927.0412	1927.0412
4245	21	151	1927.0412	1927.0412
20638	21	151	1927.0412	1927.0412
3707	21	151	1927.0412	1927.0412
13717	21	151	1927.0412	1927.0412
3481	21	151	1927.0412	1927.0412
41194	21	151	1927.0412	1927.0412
14061	21	151	1927.0412	1927.0412
9198	21	151	1927.0412	1927.0412
7019	21	151	1927.0412	1927.0412
34898	21	151	1927.0412	1927.0412
27722	21	151	1927.0412	1927.0412
20645	21	151	1927.0412	1927.0412
29818	21	151	1927.0412	1927.0412
36487	21	151	1927.0412	1927.0412
348	21	151	1927.0412	1927.0412
6836	21	151	1927.0412	1927.0412
35621	21	151	1927.0412	1927.0412
13377	21	151	1927.0412	1927.0412
36728	21	151	1927.0412	1927.0412
17532	21	151	1927.0412	1927.0412
41244	21	151	1927.0412	1927.0412
31751	21	151	1927.0412	1927.0412
20282	21	151	1927.0412	1927.0412
36489	21	151	1927.0412	1927.0412
26278	21	151	1927.0412	1927.0412
41268	21	151	1927.0412	1927.0412
38339	21	151	1927.0412	1927.0412
11259	21	151	1927.0412	1927.0412
16299	21	151	1927.0412	1927.0412
13004	21	151	1927.0412	1927.0412
5633	21	151	1927.0412	1927.0412
6575	21	151	1927.0412	1927.0412
28208	21	151	1927.0412	1927.0412
31607	21	151	1927.0412	1927.0412
15147	21	151	1927.0412	1927.0412
23460	21	151	1927.0412	1927.0412
37831	21	151	1927.0412	1927.0412
19623	21	151	1927.0412	1927.0412
4980	21	151	1927.0412	1927.0412
41311	21	151	1927.0412	1927.0412
34265	21	151	1927.0412	1927.0412
10757	21	151	1927.0412	1927.0412
5274	21	151	1927.0412	1927.0412
30590	21	151	1927.0412	1927.0412
30274	21	151	1927.0412	1927.0412
24055	21	151	1927.0412	1927.0412
32736	21	151	1927.0412	1927.0412
16971	21	151	1927.0412	1927.0412
29687	21	151	1927.0412	1927.0412
31138	21	151	1927.0412	1927.0412
36926	21	151	1927.0412	1927.0412
29759	21	151	1927.0412	1927.0412
16570	21	151	1927.0412	1927.0412
32354	21	151	1927.0412	1927.0412
37323	21	151	1927.0412	1927.0412
40162	21	151	1927.0412	1927.0412
27846	21	151	1927.0412	1927.0412
29678	21	151	1927.0412	1927.0412
34157	21	151	1927.0412	1927.0412
41387	21	151	1927.0412	1927.0412
22384	21	151	1927.0412	1927.0412
38417	21	151	1927.0412	1927.0412
22328	21	151	1927.0412	1927.0412
3404	21	151	1927.0412	1927.0412
24903	21	151	1927.0412	1927.0412
14309	21	151	1927.0412	1927.0412
28223	21	151	1927.0412	1927.0412
36907	21	151	1927.0412	1927.0412
37330	21	151	1927.0412	1927.0412
320	21	151	1927.0412	1927.0412
35339	21	151	1927.0412	1927.0412
23961	21	151	1927.0412	1927.0412
15181	21	151	1927.0412	1927.0412
11271	21	151	1927.0412	1927.0412
41437	21	151	1927.0412	1927.0412
11435	21	151	1927.0412	1927.0412
33125	21	151	1927.0412	1927.0412
31601	21	151	1927.0412	1927.0412
24360	21	151	1927.0412	1927.0412
22995	21	151	1927.0412	1927.0412
31598	21	151	1927.0412	1927.0412
34358	21	151	1927.0412	1927.0412
24271	21	151	1927.0412	1927.0412
37957	21	151	1927.0412	1927.0412
20532	21	151	1927.0412	1927.0412
20772	21	151	1927.0412	1927.0412
41501	21	151	1927.0412	1927.0412
3086	21	151	1927.0412	1927.0412
34717	21	151	1927.0412	1927.0412
14052	21	151	1927.0412	1927.0412
7646	21	151	1927.0412	1927.0412
19775	21	151	1927.0412	1927.0412
41410	21	151	1927.0412	1927.0412
35227	21	151	1927.0412	1927.0412
40677	21	151	1927.0412	1927.0412
8311	21	151	1927.0412	1927.0412
33068	21	151	1927.0412	1927.0412
4785	21	151	1927.0412	1927.0412
10175	21	151	1927.0412	1927.0412
41566	21	151	1927.0412	1927.0412
14476	21	151	1927.0412	1927.0412
33530	21	151	1927.0412	1927.0412
13877	21	151	1927.0412	1927.0412
15416	21	151	1927.0412	1927.0412
40801	21	151	1927.0412	1927.0412
32387	21	151	1927.0412	1927.0412
16799	21	151	1927.0412	1927.0412
1900	21	151	1927.0412	1927.0412
35709	21	151	1927.0412	1927.0412
37667	21	151	1927.0412	1927.0412
20063	21	151	1927.0412	1927.0412
14900	21	151	1927.0412	1927.0412
35846	21	151	1927.0412	1927.0412
28040	21	151	1927.0412	1927.0412
7599	21	151	1927.0412	1927.0412
40389	21	151	1927.0412	1927.0412
10442	21	151	1927.0412	1927.0412
39589	21	151	1927.0412	1927.0412
41621	21	151	1927.0412	1927.0412
41611	21	151	1927.0412	1927.0412
39596	21	151	1927.0412	1927.0412
41658	21	151	1927.0412	1927.0412
8247	21	151	1927.0412	1927.0412
9588	21	151	1927.0412	1927.0412
27353	21	151	1927.0412	1927.0412
29918	21	151	1927.0412	1927.0412
21754	21	151	1927.0412	1927.0412
28890	21	151	1927.0412	1927.0412
21406	21	151	1927.0412	1927.0412
38056	21	151	1927.0412	1927.0412
35457	21	151	1927.0412	1927.0412
9305	21	151	1927.0412	1927.0412
16857	21	151	1927.0412	1927.0412
41084	21	151	1927.0412	1927.0412
26443	21	151	1927.0412	1927.0412
39818	21	151	1927.0412	1927.0412
24849	21	151	1927.0412	1927.0412
22609	21	151	1927.0412	1927.0412
37182	21	151	1927.0412	1927.0412
29751	21	151	1927.0412	1927.0412
29836	21	151	1927.0412	1927.0412
38120	21	151	1927.0412	1927.0412
33414	21	151	1927.0412	1927.0412
41709	21	151	1927.0412	1927.0412
27980	21	151	1927.0412	1927.0412
31654	21	151	1927.0412	1927.0412
5767	21	151	1927.0412	1927.0412
40011	21	151	1927.0412	1927.0412
21941	21	151	1927.0412	1927.0412
25509	21	151	1927.0412	1927.0412
12566	21	151	1927.0412	1927.0412
13416	21	151	1927.0412	1927.0412
25703	21	151	1927.0412	1927.0412
8163	21	151	1927.0412	1927.0412
21376	21	151	1927.0412	1927.0412
33972	21	151	1927.0412	1927.0412
4514	21	151	1927.0412	1927.0412
37382	21	151	1927.0412	1927.0412
3561	21	151	1927.0412	1927.0412
41756	21	151	1927.0412	1927.0412
32899	21	151	1927.0412	1927.0412
29624	21	151	1927.0412	1927.0412
32874	21	151	1927.0412	1927.0412
26143	21	151	1927.0412	1927.0412
16132	21	151	1927.0412	1927.0412
30843	21	151	1927.0412	1927.0412
26190	21	151	1927.0412	1927.0412
27867	21	151	1927.0412	1927.0412
21372	21	151	1927.0412	1927.0412
23455	21	151	1927.0412	1927.0412
37038	21	151	1927.0412	1927.0412
41781	21	151	1927.0412	1927.0412
39966	21	151	1927.0412	1927.0412
18775	21	151	1927.0412	1927.0412
6073	21	151	1927.0412	1927.0412
17618	21	151	1927.0412	1927.0412
9717	21	151	1927.0412	1927.0412
27010	21	151	1927.0412	1927.0412
35490	21	151	1927.0412	1927.0412
15896	21	151	1927.0412	1927.0412
23909	21	151	1927.0412	1927.0412
41800	21	151	1927.0412	1927.0412
34176	21	151	1927.0412	1927.0412
31583	21	151	1927.0412	1927.0412
35420	21	151	1927.0412	1927.0412
27119	21	151	1927.0412	1927.0412
25280	21	151	1927.0412	1927.0412
25266	21	151	1927.0412	1927.0412
32163	21	151	1927.0412	1927.0412
23906	21	151	1927.0412	1927.0412
39195	21	151	1927.0412	1927.0412
38321	21	151	1927.0412	1927.0412
15307	21	151	1927.0412	1927.0412
1496	21	151	1927.0412	1927.0412
35144	21	151	1927.0412	1927.0412
24707	21	151	1927.0412	1927.0412
7837	21	151	1927.0412	1927.0412
41826	21	151	1927.0412	1927.0412
1764	21	151	1927.0412	1927.0412
24035	21	151	1927.0412	1927.0412
41335	21	151	1927.0412	1927.0412
32114	21	151	1927.0412	1927.0412
41803	21	151	1927.0412	1927.0412
36261	21	151	1927.0412	1927.0412
34187	21	151	1927.0412	1927.0412
40838	21	151	1927.0412	1927.0412
21293	21	151	1927.0412	1927.0412
39627	21	151	1927.0412	1927.0412
40131	21	151	1927.0412	1927.0412
14184	21	151	1927.0412	1927.0412
9275	21	151	1927.0412	1927.0412
23122	21	151	1927.0412	1927.0412
35348	21	151	1927.0412	1927.0412
13971	21	151	1927.0412	1927.0412
41846	21	151	1927.0412	1927.0412
32918	21	151	1927.0412	1927.0412
31324	21	151	1927.0412	1927.0412
1432	21	151	1927.0412	1927.0412
18924	21	151	1927.0412	1927.0412
18751	21	151	1927.0412	1927.0412
9126	21	151	1927.0412	1927.0412
29123	21	151	1927.0412	1927.0412
22895	21	151	1927.0412	1927.0412
13423	21	151	1927.0412	1927.0412
41123	21	151	1927.0412	1927.0412
15002	21	151	1927.0412	1927.0412
38706	21	151	1927.0412	1927.0412
5553	21	151	1927.0412	1927.0412
31005	21	151	1927.0412	1927.0412
421	21	151	1927.0412	1927.0412
40711	21	151	1927.0412	1927.0412
9459	21	151	1927.0412	1927.0412
39467	21	151	1927.0412	1927.0412
14205	21	151	1927.0412	1927.0412
6196	21	151	1927.0412	1927.0412
39771	21	151	1927.0412	1927.0412
22813	21	151	1927.0412	1927.0412
16749	21	151	1927.0412	1927.0412
15006	21	151	1927.0412	1927.0412
40295	21	151	1927.0412	1927.0412
4032	21	151	1927.0412	1927.0412
8875	21	151	1927.0412	1927.0412
19301	21	151	1927.0412	1927.0412
16709	21	151	1927.0412	1927.0412
33493	21	151	1927.0412	1927.0412
4909	21	151	1927.0412	1927.0412
18612	21	151	1927.0412	1927.0412
39220	21	151	1927.0412	1927.0412
41864	21	151	1927.0412	1927.0412
19414	21	151	1927.0412	1927.0412
30302	21	151	1927.0412	1927.0412
18551	21	151	1927.0412	1927.0412
635	21	151	1927.0412	1927.0412
19168	21	151	1927.0412	1927.0412
29331	21	151	1927.0412	1927.0412
25547	21	151	1927.0412	1927.0412
20235	21	151	1927.0412	1927.0412
20694	21	151	1927.0412	1927.0412
23602	21	151	1927.0412	1927.0412
41852	21	151	1927.0412	1927.0412
12770	21	151	1927.0412	1927.0412
41872	21	151	1927.0412	1927.0412
10820	21	151	1927.0412	1927.0412
40197	21	151	1927.0412	1927.0412
21999	21	151	1927.0412	1927.0412
36257	21	151	1927.0412	1927.0412
25571	21	151	1927.0412	1927.0412
35073	21	151	1927.0412	1927.0412
32761	21	151	1927.0412	1927.0412
20616	21	151	1927.0412	1927.0412
33389	21	151	1927.0412	1927.0412
22485	21	151	1927.0412	1927.0412
26521	21	151	1927.0412	1927.0412
41877	21	151	1927.0412	1927.0412
11669	21	151	1927.0412	1927.0412
20375	21	151	1927.0412	1927.0412
33062	21	151	1927.0412	1927.0412
33071	21	151	1927.0412	1927.0412
6770	21	151	1927.0412	1927.0412
41870	21	151	1927.0412	1927.0412
36023	21	151	1927.0412	1927.0412
34813	21	151	1927.0412	1927.0412
34288	21	151	1927.0412	1927.0412
41884	21	151	1927.0412	1927.0412
3305	21	151	1927.0412	1927.0412
8865	21	151	1927.0412	1927.0412
34190	21	151	1927.0412	1927.0412
17179	21	151	1927.0412	1927.0412
21748	21	151	1927.0412	1927.0412
15634	21	151	1927.0412	1927.0412
13418	21	151	1927.0412	1927.0412
7062	21	151	1927.0412	1927.0412
37850	21	151	1927.0412	1927.0412
60	21	151	1927.0412	1927.0412
41094	21	151	1927.0412	1927.0412
41896	21	151	1927.0412	1927.0412
37754	21	151	1927.0412	1927.0412
9152	21	151	1927.0412	1927.0412
18840	21	151	1927.0412	1927.0412
33960	21	151	1927.0412	1927.0412
33305	21	151	1927.0412	1927.0412
19991	21	151	1927.0412	1927.0412
41899	21	151	1927.0412	1927.0412
35497	21	151	1927.0412	1927.0412
34437	21	151	1927.0412	1927.0412
20445	21	151	1927.0412	1927.0412
36559	21	151	1927.0412	1927.0412
36959	21	151	1927.0412	1927.0412
38873	21	151	1927.0412	1927.0412
41904	21	151	1927.0412	1927.0412
41905	21	151	1927.0412	1927.0412
25660	21	151	1927.0412	1927.0412
27539	21	151	1927.0412	1927.0412
27065	21	151	1927.0412	1927.0412
2036	21	151	1927.0412	1927.0412
32197	21	151	1927.0412	1927.0412
23697	21	151	1927.0412	1927.0412
39004	21	151	1927.0412	1927.0412
35199	21	151	1927.0412	1927.0412
18509	21	151	1927.0412	1927.0412
7729	21	151	1927.0412	1927.0412
26676	21	151	1927.0412	1927.0412
22089	21	151	1927.0412	1927.0412
38746	21	151	1927.0412	1927.0412
14692	21	151	1927.0412	1927.0412
36789	21	151	1927.0412	1927.0412
31696	21	151	1927.0412	1927.0412
1625	21	151	1927.0412	1927.0412
26509	21	151	1927.0412	1927.0412
5905	21	151	1927.0412	1927.0412
35867	21	151	1927.0412	1927.0412
18738	21	151	1927.0412	1927.0412
15340	21	151	1927.0412	1927.0412
21492	21	151	1927.0412	1927.0412
13618	21	151	1927.0412	1927.0412
37912	21	151	1927.0412	1927.0412
41915	21	151	1927.0412	1927.0412
41916	21	151	1927.0412	1927.0412
5817	21	151	1927.0412	1927.0412
41919	21	151	1927.0412	1927.0412
16011	21	151	1927.0412	1927.0412
27282	21	151	1927.0412	1927.0412
29179	21	151	1927.0412	1927.0412
4184	21	151	1927.0412	1927.0412
32455	21	151	1927.0412	1927.0412
24069	21	151	1927.0412	1927.0412
30841	21	151	1927.0412	1927.0412
40796	21	151	1927.0412	1927.0412
33332	21	151	1927.0412	1927.0412
16653	21	151	1927.0412	1927.0412
5863	21	151	1927.0412	1927.0412
41404	21	151	1927.0412	1927.0412
15652	21	151	1927.0412	1927.0412
23714	21	151	1927.0412	1927.0412
11655	21	151	1927.0412	1927.0412
17553	21	151	1927.0412	1927.0412
41120	21	151	1927.0412	1927.0412
625	21	151	1927.0412	1927.0412
40609	21	151	1927.0412	1927.0412
26037	21	151	1927.0412	1927.0412
6485	21	151	1927.0412	1927.0412
41314	21	151	1927.0412	1927.0412
34223	21	151	1927.0412	1927.0412
13201	21	151	1927.0412	1927.0412
39321	21	151	1927.0412	1927.0412
22735	21	151	1927.0412	1927.0412
37967	21	151	1927.0412	1927.0412
21250	21	151	1927.0412	1927.0412
39786	21	151	1927.0412	1927.0412
29978	21	151	1927.0412	1927.0412
4133	21	151	1927.0412	1927.0412
39895	21	151	1927.0412	1927.0412
1665	21	151	1927.0412	1927.0412
1276	21	151	1927.0412	1927.0412
39973	21	151	1927.0412	1927.0412
6302	21	151	1927.0412	1927.0412
11712	21	151	1927.0412	1927.0412
24695	21	151	1927.0412	1927.0412
41323	21	151	1927.0412	1927.0412
17947	21	151	1927.0412	1927.0412
23401	21	151	1927.0412	1927.0412
25711	21	151	1927.0412	1927.0412
30597	21	151	1927.0412	1927.0412
40293	21	151	1927.0412	1927.0412
1870	21	151	1927.0412	1927.0412
31432	21	151	1927.0412	1927.0412
6722	21	151	1927.0412	1927.0412
22974	21	151	1927.0412	1927.0412
38051	21	151	1927.0412	1927.0412
39785	21	151	1927.0412	1927.0412
30111	21	151	1927.0412	1927.0412
31436	21	151	1927.0412	1927.0412
12175	21	151	1927.0412	1927.0412
27164	21	151	1927.0412	1927.0412
41161	21	151	1927.0412	1927.0412
7601	21	151	1927.0412	1927.0412
9116	21	151	1927.0412	1927.0412
12258	21	151	1927.0412	1927.0412
25674	21	151	1927.0412	1927.0412
26116	21	151	1927.0412	1927.0412
38408	21	151	1927.0412	1927.0412
23440	21	151	1927.0412	1927.0412
29602	21	151	1927.0412	1927.0412
26724	21	151	1927.0412	1927.0412
31565	21	151	1927.0412	1927.0412
12946	21	151	1927.0412	1927.0412
34493	21	151	1927.0412	1927.0412
32672	21	151	1927.0412	1927.0412
6000	21	151	1927.0412	1927.0412
40922	21	151	1927.0412	1927.0412
40398	21	151	1927.0412	1927.0412
31328	21	151	1927.0412	1927.0412
36793	21	151	1927.0412	1927.0412
4750	21	151	1927.0412	1927.0412
18400	21	151	1927.0412	1927.0412
8571	21	151	1927.0412	1927.0412
39558	21	151	1927.0412	1927.0412
7873	21	151	1927.0412	1927.0412
38724	21	151	1927.0412	1927.0412
31849	21	151	1927.0412	1927.0412
20641	21	151	1927.0412	1927.0412
30938	21	151	1927.0412	1927.0412
17264	21	151	1927.0412	1927.0412
39353	21	151	1927.0412	1927.0412
4026	21	151	1927.0412	1927.0412
29505	21	151	1927.0412	1927.0412
25854	21	151	1927.0412	1927.0412
847	21	151	1927.0412	1927.0412
32256	21	151	1927.0412	1927.0412
31702	21	151	1927.0412	1927.0412
706	21	151	1927.0412	1927.0412
24912	21	151	1927.0412	1927.0412
35912	21	151	1927.0412	1927.0412
41961	21	151	1927.0412	1927.0412
38828	21	151	1927.0412	1927.0412
38127	21	151	1927.0412	1927.0412
30601	21	151	1927.0412	1927.0412
1554	21	151	1927.0412	1927.0412
28580	21	151	1927.0412	1927.0412
21670	21	151	1927.0412	1927.0412
13510	21	151	1927.0412	1927.0412
25382	21	151	1927.0412	1927.0412
18066	21	151	1927.0412	1927.0412
16922	21	151	1927.0412	1927.0412
29635	21	151	1927.0412	1927.0412
21581	21	151	1927.0412	1927.0412
1190	21	151	1927.0412	1927.0412
14417	21	151	1927.0412	1927.0412
29932	21	151	1927.0412	1927.0412
36231	21	151	1927.0412	1927.0412
25701	21	151	1927.0412	1927.0412
38823	21	151	1927.0412	1927.0412
12907	21	151	1927.0412	1927.0412
2738	21	151	1927.0412	1927.0412
37694	21	151	1927.0412	1927.0412
9154	21	151	1927.0412	1927.0412
36938	21	151	1927.0412	1927.0412
12538	21	151	1927.0412	1927.0412
32546	21	151	1927.0412	1927.0412
35029	21	151	1927.0412	1927.0412
32613	21	151	1927.0412	1927.0412
35307	21	151	1927.0412	1927.0412
33072	21	151	1927.0412	1927.0412
18330	21	151	1927.0412	1927.0412
29672	21	151	1927.0412	1927.0412
34860	21	151	1927.0412	1927.0412
33405	21	151	1927.0412	1927.0412
22518	21	151	1927.0412	1927.0412
21459	21	151	1927.0412	1927.0412
15497	21	151	1927.0412	1927.0412
33138	21	151	1927.0412	1927.0412
9961	21	151	1927.0412	1927.0412
11361	21	151	1927.0412	1927.0412
8965	21	151	1927.0412	1927.0412
24120	21	151	1927.0412	1927.0412
27559	21	151	1927.0412	1927.0412
6412	21	151	1927.0412	1927.0412
36351	21	151	1927.0412	1927.0412
41987	21	151	1927.0412	1927.0412
33233	21	151	1927.0412	1927.0412
36250	21	151	1927.0412	1927.0412
20108	21	151	1927.0412	1927.0412
40547	21	151	1927.0412	1927.0412
33398	21	151	1927.0412	1927.0412
12597	21	151	1927.0412	1927.0412
20367	21	151	1927.0412	1927.0412
8784	21	151	1927.0412	1927.0412
39033	21	151	1927.0412	1927.0412
8304	21	151	1927.0412	1927.0412
25460	21	151	1927.0412	1927.0412
32951	21	151	1927.0412	1927.0412
23007	21	151	1927.0412	1927.0412
26496	21	151	1927.0412	1927.0412
17945	21	151	1927.0412	1927.0412
27831	21	151	1927.0412	1927.0412
36684	21	151	1927.0412	1927.0412
11550	21	151	1927.0412	1927.0412
13153	21	151	1927.0412	1927.0412
9441	21	151	1927.0412	1927.0412
31666	21	151	1927.0412	1927.0412
19223	21	151	1927.0412	1927.0412
39382	21	151	1927.0412	1927.0412
8106	21	151	1927.0412	1927.0412
26889	21	151	1927.0412	1927.0412
1078	21	151	1927.0412	1927.0412
20687	21	151	1927.0412	1927.0412
40450	21	151	1927.0412	1927.0412
29521	21	151	1927.0412	1927.0412
17746	21	151	1927.0412	1927.0412
25772	21	151	1927.0412	1927.0412
41152	21	151	1927.0412	1927.0412
12702	21	151	1927.0412	1927.0412
40266	21	151	1927.0412	1927.0412
9201	21	151	1927.0412	1927.0412
29499	21	151	1927.0412	1927.0412
15400	21	151	1927.0412	1927.0412
33731	21	151	1927.0412	1927.0412
21006	21	151	1927.0412	1927.0412
20277	21	151	1927.0412	1927.0412
18248	21	151	1927.0412	1927.0412
23715	21	151	1927.0412	1927.0412
7356	21	151	1927.0412	1927.0412
18555	21	151	1927.0412	1927.0412
20053	21	151	1927.0412	1927.0412
27868	21	151	1927.0412	1927.0412
5952	21	151	1927.0412	1927.0412
27661	21	151	1927.0412	1927.0412
6039	21	151	1927.0412	1927.0412
31224	21	151	1927.0412	1927.0412
14927	21	151	1927.0412	1927.0412
35780	21	151	1927.0412	1927.0412
1904	21	151	1927.0412	1927.0412
35515	21	151	1927.0412	1927.0412
42008	21	151	1927.0412	1927.0412
38959	21	151	1927.0412	1927.0412
16450	21	151	1927.0412	1927.0412
38569	21	151	1927.0412	1927.0412
10656	21	151	1927.0412	1927.0412
41614	21	151	1927.0412	1927.0412
11160	21	151	1927.0412	1927.0412
1365	21	151	1927.0412	1927.0412
41479	21	151	1927.0412	1927.0412
33631	21	151	1927.0412	1927.0412
22773	21	151	1927.0412	1927.0412
3803	21	151	1927.0412	1927.0412
12966	21	151	1927.0412	1927.0412
16764	21	151	1927.0412	1927.0412
16890	21	151	1927.0412	1927.0412
40820	21	151	1927.0412	1927.0412
3830	21	151	1927.0412	1927.0412
14324	21	151	1927.0412	1927.0412
11196	21	151	1927.0412	1927.0412
7991	21	151	1927.0412	1927.0412
31519	21	151	1927.0412	1927.0412
14036	21	151	1927.0412	1927.0412
42018	21	151	1927.0412	1927.0412
11767	21	151	1927.0412	1927.0412
41976	21	151	1927.0412	1927.0412
31117	21	151	1927.0412	1927.0412
39942	21	151	1927.0412	1927.0412
30059	21	151	1927.0412	1927.0412
41647	21	151	1927.0412	1927.0412
25164	21	151	1927.0412	1927.0412
41979	21	151	1927.0412	1927.0412
27160	21	151	1927.0412	1927.0412
40975	21	151	1927.0412	1927.0412
34507	21	151	1927.0412	1927.0412
37933	21	151	1927.0412	1927.0412
661	21	151	1927.0412	1927.0412
37720	21	151	1927.0412	1927.0412
12756	21	151	1927.0412	1927.0412
36039	21	151	1927.0412	1927.0412
29107	21	151	1927.0412	1927.0412
37945	21	151	1927.0412	1927.0412
20413	21	151	1927.0412	1927.0412
5781	21	151	1927.0412	1927.0412
28725	21	151	1927.0412	1927.0412
40646	21	151	1927.0412	1927.0412
42025	21	151	1927.0412	1927.0412
20240	21	151	1927.0412	1927.0412
42026	21	151	1927.0412	1927.0412
29630	21	151	1927.0412	1927.0412
37171	21	151	1927.0412	1927.0412
19361	21	151	1927.0412	1927.0412
2091	21	151	1927.0412	1927.0412
30615	21	151	1927.0412	1927.0412
42027	21	151	1927.0412	1927.0412
8576	21	151	1927.0412	1927.0412
31372	21	151	1927.0412	1927.0412
18861	21	151	1927.0412	1927.0412
21982	21	151	1927.0412	1927.0412
39597	21	151	1927.0412	1927.0412
28126	21	151	1927.0412	1927.0412
40800	21	151	1927.0412	1927.0412
26285	21	151	1927.0412	1927.0412
29044	21	151	1927.0412	1927.0412
27658	21	151	1927.0412	1927.0412
16094	21	151	1927.0412	1927.0412
18153	21	151	1927.0412	1927.0412
36555	21	151	1927.0412	1927.0412
16660	21	151	1927.0412	1927.0412
10921	21	151	1927.0412	1927.0412
36362	21	151	1927.0412	1927.0412
23094	21	151	1927.0412	1927.0412
24787	21	151	1927.0412	1927.0412
8849	21	151	1927.0412	1927.0412
30056	21	151	1927.0412	1927.0412
35548	21	151	1927.0412	1927.0412
13387	21	151	1927.0412	1927.0412
4387	21	151	1927.0412	1927.0412
10108	21	151	1927.0412	1927.0412
3101	21	151	1927.0412	1927.0412
42039	21	151	1927.0412	1927.0412
31234	21	151	1927.0412	1927.0412
33608	21	151	1927.0412	1927.0412
8857	21	151	1927.0412	1927.0412
40237	21	151	1927.0412	1927.0412
13532	21	151	1927.0412	1927.0412
41356	21	151	1927.0412	1927.0412
14435	21	151	1927.0412	1927.0412
30720	21	151	1927.0412	1927.0412
34137	21	151	1927.0412	1927.0412
10726	21	151	1927.0412	1927.0412
26745	21	151	1927.0412	1927.0412
31308	21	151	1927.0412	1927.0412
38104	21	151	1927.0412	1927.0412
41163	21	151	1927.0412	1927.0412
25648	21	151	1927.0412	1927.0412
29739	21	151	1927.0412	1927.0412
4867	21	151	1927.0412	1927.0412
34801	21	151	1927.0412	1927.0412
13493	21	151	1927.0412	1927.0412
29007	21	151	1927.0412	1927.0412
33586	21	151	1927.0412	1927.0412
42050	21	151	1927.0412	1927.0412
25895	21	151	1927.0412	1927.0412
10567	21	151	1927.0412	1927.0412
38955	21	151	1927.0412	1927.0412
40117	21	151	1927.0412	1927.0412
11707	21	151	1927.0412	1927.0412
8998	21	151	1927.0412	1927.0412
17807	21	151	1927.0412	1927.0412
20281	21	151	1927.0412	1927.0412
42055	21	151	1927.0412	1927.0412
35081	21	151	1927.0412	1927.0412
42056	21	151	1927.0412	1927.0412
19558	21	151	1927.0412	1927.0412
32555	21	151	1927.0412	1927.0412
38634	21	151	1927.0412	1927.0412
33022	21	151	1927.0412	1927.0412
2027	21	151	1927.0412	1927.0412
42061	21	151	1927.0412	1927.0412
37889	21	151	1927.0412	1927.0412
29859	21	151	1927.0412	1927.0412
42048	21	151	1927.0412	1927.0412
19124	21	151	1927.0412	1927.0412
8425	21	151	1927.0412	1927.0412
38891	21	151	1927.0412	1927.0412
11636	21	151	1927.0412	1927.0412
31188	21	151	1927.0412	1927.0412
58	21	151	1927.0412	1927.0412
27428	21	151	1927.0412	1927.0412
28672	21	151	1927.0412	1927.0412
236	21	151	1927.0412	1927.0412
38274	21	151	1927.0412	1927.0412
11290	21	151	1927.0412	1927.0412
10908	21	151	1927.0412	1927.0412
41014	21	151	1927.0412	1927.0412
32435	21	151	1927.0412	1927.0412
27285	21	151	1927.0412	1927.0412
28743	21	151	1927.0412	1927.0412
38306	21	151	1927.0412	1927.0412
15870	21	151	1927.0412	1927.0412
34371	21	151	1927.0412	1927.0412
38675	21	151	1927.0412	1927.0412
24135	21	151	1927.0412	1927.0412
32227	21	151	1927.0412	1927.0412
36887	21	151	1927.0412	1927.0412
6153	21	151	1927.0412	1927.0412
18501	21	151	1927.0412	1927.0412
5557	21	151	1927.0412	1927.0412
36383	21	151	1927.0412	1927.0412
26806	21	151	1927.0412	1927.0412
28249	21	151	1927.0412	1927.0412
38667	21	151	1927.0412	1927.0412
41593	21	151	1927.0412	1927.0412
37335	21	151	1927.0412	1927.0412
42032	21	151	1927.0412	1927.0412
246	21	151	1927.0412	1927.0412
29837	21	151	1927.0412	1927.0412
1740	21	151	1927.0412	1927.0412
40026	21	151	1927.0412	1927.0412
23846	21	151	1927.0412	1927.0412
29457	21	151	1927.0412	1927.0412
28578	21	151	1927.0412	1927.0412
26295	21	151	1927.0412	1927.0412
42077	21	151	1927.0412	1927.0412
37743	21	151	1927.0412	1927.0412
5034	21	151	1927.0412	1927.0412
22431	21	151	1927.0412	1927.0412
4041	21	151	1927.0412	1927.0412
35449	21	151	1927.0412	1927.0412
14082	21	151	1927.0412	1927.0412
16646	21	151	1927.0412	1927.0412
33308	21	151	1927.0412	1927.0412
42080	21	151	1927.0412	1927.0412
25443	21	151	1927.0412	1927.0412
11775	21	151	1927.0412	1927.0412
40472	21	151	1927.0412	1927.0412
2607	21	151	1927.0412	1927.0412
34962	21	151	1927.0412	1927.0412
41636	21	151	1927.0412	1927.0412
42083	21	151	1927.0412	1927.0412
29797	21	151	1927.0412	1927.0412
10067	21	151	1927.0412	1927.0412
42047	21	151	1927.0412	1927.0412
12760	21	151	1927.0412	1927.0412
34034	21	151	1927.0412	1927.0412
32938	21	151	1927.0412	1927.0412
18771	21	151	1927.0412	1927.0412
13808	21	151	1927.0412	1927.0412
37259	21	151	1927.0412	1927.0412
29008	21	151	1927.0412	1927.0412
3938	21	151	1927.0412	1927.0412
42086	21	151	1927.0412	1927.0412
10136	21	151	1927.0412	1927.0412
37941	21	151	1927.0412	1927.0412
41121	21	151	1927.0412	1927.0412
21047	21	151	1927.0412	1927.0412
41224	21	151	1927.0412	1927.0412
37752	21	151	1927.0412	1927.0412
39039	21	151	1927.0412	1927.0412
12480	21	151	1927.0412	1927.0412
4741	21	151	1927.0412	1927.0412
29178	21	151	1927.0412	1927.0412
42094	21	151	1927.0412	1927.0412
40163	21	151	1927.0412	1927.0412
3387	21	151	1927.0412	1927.0412
10239	21	151	1927.0412	1927.0412
37542	21	151	1927.0412	1927.0412
30052	21	151	1927.0412	1927.0412
41665	21	151	1927.0412	1927.0412
32506	21	151	1927.0412	1927.0412
40530	21	151	1927.0412	1927.0412
39287	21	151	1927.0412	1927.0412
691	21	151	1927.0412	1927.0412
30243	21	151	1927.0412	1927.0412
16146	21	151	1927.0412	1927.0412
42089	21	151	1927.0412	1927.0412
41196	21	151	1927.0412	1927.0412
4268	21	151	1927.0412	1927.0412
40452	21	151	1927.0412	1927.0412
41204	21	151	1927.0412	1927.0412
20684	21	151	1927.0412	1927.0412
28647	21	151	1927.0412	1927.0412
42103	21	151	1927.0412	1927.0412
38064	21	151	1927.0412	1927.0412
36473	21	151	1927.0412	1927.0412
26632	21	151	1927.0412	1927.0412
8627	21	151	1927.0412	1927.0412
15041	21	151	1927.0412	1927.0412
35078	21	151	1927.0412	1927.0412
36125	21	151	1927.0412	1927.0412
27926	21	151	1927.0412	1927.0412
2448	21	151	1927.0412	1927.0412
41087	21	151	1927.0412	1927.0412
40866	21	151	1927.0412	1927.0412
29389	21	151	1927.0412	1927.0412
32216	21	151	1927.0412	1927.0412
24023	21	151	1927.0412	1927.0412
42088	21	151	1927.0412	1927.0412
17802	21	151	1927.0412	1927.0412
34785	21	151	1927.0412	1927.0412
11843	21	151	1927.0412	1927.0412
36182	21	151	1927.0412	1927.0412
24052	21	151	1927.0412	1927.0412
38813	21	151	1927.0412	1927.0412
31621	21	151	1927.0412	1927.0412
38790	21	151	1927.0412	1927.0412
42107	21	151	1927.0412	1927.0412
27961	21	151	1927.0412	1927.0412
27794	21	151	1927.0412	1927.0412
13694	21	151	1927.0412	1927.0412
34215	21	151	1927.0412	1927.0412
4501	21	151	1927.0412	1927.0412
39249	21	151	1927.0412	1927.0412
18600	21	151	1927.0412	1927.0412
41559	21	151	1927.0412	1927.0412
18595	21	151	1927.0412	1927.0412
42115	21	151	1927.0412	1927.0412
28379	21	151	1927.0412	1927.0412
39816	21	151	1927.0412	1927.0412
22482	21	151	1927.0412	1927.0412
19963	21	151	1927.0412	1927.0412
3337	21	151	1927.0412	1927.0412
40434	21	151	1927.0412	1927.0412
22745	21	151	1927.0412	1927.0412
20439	21	151	1927.0412	1927.0412
28157	21	151	1927.0412	1927.0412
11099	21	151	1927.0412	1927.0412
38196	21	151	1927.0412	1927.0412
33550	21	151	1927.0412	1927.0412
39549	21	151	1927.0412	1927.0412
22521	21	151	1927.0412	1927.0412
3328	21	151	1927.0412	1927.0412
34234	21	151	1927.0412	1927.0412
33628	21	151	1927.0412	1927.0412
23246	21	151	1927.0412	1927.0412
32	21	151	1927.0412	1927.0412
12532	21	151	1927.0412	1927.0412
22528	21	151	1927.0412	1927.0412
36721	21	151	1927.0412	1927.0412
964	21	151	1927.0412	1927.0412
979	21	151	1927.0412	1927.0412
24172	21	151	1927.0412	1927.0412
39494	21	151	1927.0412	1927.0412
21052	21	151	1927.0412	1927.0412
27409	21	151	1927.0412	1927.0412
40627	21	151	1927.0412	1927.0412
7553	21	151	1927.0412	1927.0412
40348	21	151	1927.0412	1927.0412
25130	21	151	1927.0412	1927.0412
39154	21	151	1927.0412	1927.0412
20697	21	151	1927.0412	1927.0412
42123	21	151	1927.0412	1927.0412
16100	21	151	1927.0412	1927.0412
10303	21	151	1927.0412	1927.0412
28818	21	151	1927.0412	1927.0412
6738	21	151	1927.0412	1927.0412
28896	21	151	1927.0412	1927.0412
40727	21	151	1927.0412	1927.0412
3412	21	151	1927.0412	1927.0412
37966	21	151	1927.0412	1927.0412
35758	21	151	1927.0412	1927.0412
9548	21	151	1927.0412	1927.0412
40848	21	151	1927.0412	1927.0412
20745	21	151	1927.0412	1927.0412
40063	21	151	1927.0412	1927.0412
42126	21	151	1927.0412	1927.0412
30011	21	151	1927.0412	1927.0412
31089	21	151	1927.0412	1927.0412
40843	21	151	1927.0412	1927.0412
38347	21	151	1927.0412	1927.0412
29900	21	151	1927.0412	1927.0412
14908	21	151	1927.0412	1927.0412
42127	21	151	1927.0412	1927.0412
35110	21	151	1927.0412	1927.0412
15065	21	151	1927.0412	1927.0412
35965	21	151	1927.0412	1927.0412
23590	21	151	1927.0412	1927.0412
24396	21	151	1927.0412	1927.0412
8678	21	151	1927.0412	1927.0412
39793	21	151	1927.0412	1927.0412
25301	21	151	1927.0412	1927.0412
33069	21	151	1927.0412	1927.0412
3316	21	151	1927.0412	1927.0412
22589	21	151	1927.0412	1927.0412
36313	21	151	1927.0412	1927.0412
28857	21	151	1927.0412	1927.0412
32398	21	151	1927.0412	1927.0412
22212	21	151	1927.0412	1927.0412
8990	21	151	1927.0412	1927.0412
33793	21	151	1927.0412	1927.0412
36740	21	151	1927.0412	1927.0412
37299	21	151	1927.0412	1927.0412
27260	21	151	1927.0412	1927.0412
36549	21	151	1927.0412	1927.0412
41092	21	151	1927.0412	1927.0412
29054	21	151	1927.0412	1927.0412
33073	21	151	1927.0412	1927.0412
29284	21	151	1927.0412	1927.0412
34396	21	151	1927.0412	1927.0412
22730	21	151	1927.0412	1927.0412
37461	21	151	1927.0412	1927.0412
37460	21	151	1927.0412	1927.0412
9743	21	151	1927.0412	1927.0412
35359	21	151	1927.0412	1927.0412
2196	21	151	1927.0412	1927.0412
6995	21	151	1927.0412	1927.0412
42139	21	151	1927.0412	1927.0412
39813	21	151	1927.0412	1927.0412
41251	21	151	1927.0412	1927.0412
40330	21	151	1927.0412	1927.0412
875	21	151	1927.0412	1927.0412
18281	21	151	1927.0412	1927.0412
18369	21	151	1927.0412	1927.0412
42144	21	151	1927.0412	1927.0412
41736	21	151	1927.0412	1927.0412
10248	21	151	1927.0412	1927.0412
29845	21	151	1927.0412	1927.0412
39836	21	151	1927.0412	1927.0412
7084	21	151	1927.0412	1927.0412
29287	21	151	1927.0412	1927.0412
27443	21	151	1927.0412	1927.0412
14571	21	151	1927.0412	1927.0412
19382	21	151	1927.0412	1927.0412
34784	21	151	1927.0412	1927.0412
39999	21	151	1927.0412	1927.0412
18129	21	151	1927.0412	1927.0412
36592	21	151	1927.0412	1927.0412
25796	21	151	1927.0412	1927.0412
35939	21	151	1927.0412	1927.0412
22136	21	151	1927.0412	1927.0412
34401	21	151	1927.0412	1927.0412
6478	21	151	1927.0412	1927.0412
39575	21	151	1927.0412	1927.0412
20343	21	151	1927.0412	1927.0412
40091	21	151	1927.0412	1927.0412
23751	21	151	1927.0412	1927.0412
31778	21	151	1927.0412	1927.0412
16361	21	151	1927.0412	1927.0412
8352	21	151	1927.0412	1927.0412
10238	21	151	1927.0412	1927.0412
36665	21	151	1927.0412	1927.0412
422	21	151	1927.0412	1927.0412
25441	21	151	1927.0412	1927.0412
13931	21	151	1927.0412	1927.0412
36984	21	151	1927.0412	1927.0412
18790	21	151	1927.0412	1927.0412
38970	21	151	1927.0412	1927.0412
24358	21	151	1927.0412	1927.0412
25766	21	151	1927.0412	1927.0412
38506	21	151	1927.0412	1927.0412
40287	21	151	1927.0412	1927.0412
37119	21	151	1927.0412	1927.0412
31989	21	151	1927.0412	1927.0412
37780	21	151	1927.0412	1927.0412
34530	21	151	1927.0412	1927.0412
37514	21	151	1927.0412	1927.0412
11486	21	151	1927.0412	1927.0412
21685	21	151	1927.0412	1927.0412
25254	21	151	1927.0412	1927.0412
42167	21	151	1927.0412	1927.0412
4808	21	151	1927.0412	1927.0412
33536	21	151	1927.0412	1927.0412
40794	21	151	1927.0412	1927.0412
10719	21	151	1927.0412	1927.0412
20015	21	151	1927.0412	1927.0412
30320	21	151	1927.0412	1927.0412
33296	21	151	1927.0412	1927.0412
26700	21	151	1927.0412	1927.0412
40014	21	151	1927.0412	1927.0412
24036	21	151	1927.0412	1927.0412
23973	21	151	1927.0412	1927.0412
24530	21	151	1927.0412	1927.0412
22102	21	151	1927.0412	1927.0412
28323	21	151	1927.0412	1927.0412
5478	21	151	1927.0412	1927.0412
6	21	151	1927.0412	1927.0412
17125	21	151	1927.0412	1927.0412
10292	21	151	1927.0412	1927.0412
14945	21	151	1927.0412	1927.0412
15802	21	151	1927.0412	1927.0412
23634	21	151	1927.0412	1927.0412
32747	21	151	1927.0412	1927.0412
7565	21	151	1927.0412	1927.0412
36038	21	151	1927.0412	1927.0412
29004	21	151	1927.0412	1927.0412
19079	21	151	1927.0412	1927.0412
36398	21	151	1927.0412	1927.0412
38683	21	151	1927.0412	1927.0412
36744	21	151	1927.0412	1927.0412
31926	21	151	1927.0412	1927.0412
6149	21	151	1927.0412	1927.0412
36994	21	151	1927.0412	1927.0412
11629	21	151	1927.0412	1927.0412
14197	21	151	1927.0412	1927.0412
24126	21	151	1927.0412	1927.0412
27743	21	151	1927.0412	1927.0412
17840	21	151	1927.0412	1927.0412
5466	21	151	1927.0412	1927.0412
7920	21	151	1927.0412	1927.0412
20474	21	151	1927.0412	1927.0412
42145	21	151	1927.0412	1927.0412
23119	21	151	1927.0412	1927.0412
34750	21	151	1927.0412	1927.0412
36724	21	151	1927.0412	1927.0412
39860	21	151	1927.0412	1927.0412
32843	21	151	1927.0412	1927.0412
40147	21	151	1927.0412	1927.0412
13697	21	151	1927.0412	1927.0412
41565	21	151	1927.0412	1927.0412
38505	21	151	1927.0412	1927.0412
38711	21	151	1927.0412	1927.0412
33086	21	151	1927.0412	1927.0412
31022	21	151	1927.0412	1927.0412
32741	21	151	1927.0412	1927.0412
41650	21	151	1927.0412	1927.0412
8049	21	151	1927.0412	1927.0412
23295	21	151	1927.0412	1927.0412
15806	21	151	1927.0412	1927.0412
10461	21	151	1927.0412	1927.0412
39107	21	151	1927.0412	1927.0412
21223	21	151	1927.0412	1927.0412
19864	21	151	1927.0412	1927.0412
11057	21	151	1927.0412	1927.0412
40251	21	151	1927.0412	1927.0412
38588	21	151	1927.0412	1927.0412
41054	21	151	1927.0412	1927.0412
33957	21	151	1927.0412	1927.0412
41247	21	151	1927.0412	1927.0412
41675	21	151	1927.0412	1927.0412
40473	21	151	1927.0412	1927.0412
27467	21	151	1927.0412	1927.0412
19970	21	151	1927.0412	1927.0412
22101	21	151	1927.0412	1927.0412
34039	21	151	1927.0412	1927.0412
39410	21	151	1927.0412	1927.0412
19429	21	151	1927.0412	1927.0412
7111	21	151	1927.0412	1927.0412
14649	21	151	1927.0412	1927.0412
32024	21	151	1927.0412	1927.0412
26778	21	151	1927.0412	1927.0412
19647	21	151	1927.0412	1927.0412
32818	21	151	1927.0412	1927.0412
37050	21	151	1927.0412	1927.0412
36567	21	151	1927.0412	1927.0412
15462	21	151	1927.0412	1927.0412
18149	21	151	1927.0412	1927.0412
41147	21	151	1927.0412	1927.0412
34186	21	151	1927.0412	1927.0412
31975	21	151	1927.0412	1927.0412
6057	21	151	1927.0412	1927.0412
13708	21	151	1927.0412	1927.0412
6244	21	151	1927.0412	1927.0412
9784	21	151	1927.0412	1927.0412
42207	21	151	1927.0412	1927.0412
31771	21	151	1927.0412	1927.0412
16378	21	151	1927.0412	1927.0412
42216	21	151	1927.0412	1927.0412
25837	21	151	1927.0412	1927.0412
35365	21	151	1927.0412	1927.0412
34536	21	151	1927.0412	1927.0412
41230	21	151	1927.0412	1927.0412
41039	21	151	1927.0412	1927.0412
14709	21	151	1927.0412	1927.0412
35644	21	151	1927.0412	1927.0412
22486	21	151	1927.0412	1927.0412
31628	21	151	1927.0412	1927.0412
40916	21	151	1927.0412	1927.0412
35524	21	151	1927.0412	1927.0412
15690	21	151	1927.0412	1927.0412
29166	21	151	1927.0412	1927.0412
30221	21	151	1927.0412	1927.0412
32029	21	151	1927.0412	1927.0412
30766	21	151	1927.0412	1927.0412
3317	21	151	1927.0412	1927.0412
33704	21	151	1927.0412	1927.0412
10499	21	151	1927.0412	1927.0412
35794	21	151	1927.0412	1927.0412
24311	21	151	1927.0412	1927.0412
32171	21	151	1927.0412	1927.0412
14754	21	151	1927.0412	1927.0412
1375	21	151	1927.0412	1927.0412
24975	21	151	1927.0412	1927.0412
36921	21	151	1927.0412	1927.0412
29105	21	151	1927.0412	1927.0412
31458	21	151	1927.0412	1927.0412
24328	21	151	1927.0412	1927.0412
41010	21	151	1927.0412	1927.0412
30369	21	151	1927.0412	1927.0412
19098	21	151	1927.0412	1927.0412
29097	21	151	1927.0412	1927.0412
12060	21	151	1927.0412	1927.0412
40367	21	151	1927.0412	1927.0412
21853	21	151	1927.0412	1927.0412
36456	21	151	1927.0412	1927.0412
18842	21	151	1927.0412	1927.0412
29510	21	151	1927.0412	1927.0412
30107	21	151	1927.0412	1927.0412
7921	21	151	1927.0412	1927.0412
26203	21	151	1927.0412	1927.0412
26770	21	151	1927.0412	1927.0412
24726	21	151	1927.0412	1927.0412
37390	21	151	1927.0412	1927.0412
25352	21	151	1927.0412	1927.0412
41215	21	151	1927.0412	1927.0412
35889	21	151	1927.0412	1927.0412
18876	21	151	1927.0412	1927.0412
106	21	151	1927.0412	1927.0412
30581	21	151	1927.0412	1927.0412
15569	21	151	1927.0412	1927.0412
12114	21	151	1927.0412	1927.0412
41281	21	151	1927.0412	1927.0412
16803	21	151	1927.0412	1927.0412
9220	21	151	1927.0412	1927.0412
13553	21	151	1927.0412	1927.0412
5977	21	151	1927.0412	1927.0412
42202	21	151	1927.0412	1927.0412
13483	21	151	1927.0412	1927.0412
21820	21	151	1927.0412	1927.0412
17672	21	151	1927.0412	1927.0412
33705	21	151	1927.0412	1927.0412
25325	21	151	1927.0412	1927.0412
34581	21	151	1927.0412	1927.0412
3930	21	151	1927.0412	1927.0412
5848	21	151	1927.0412	1927.0412
41101	21	151	1927.0412	1927.0412
36062	21	151	1927.0412	1927.0412
20450	21	151	1927.0412	1927.0412
643	21	151	1927.0412	1927.0412
4375	21	151	1927.0412	1927.0412
29856	21	151	1927.0412	1927.0412
33599	21	151	1927.0412	1927.0412
6253	21	151	1927.0412	1927.0412
16152	21	151	1927.0412	1927.0412
28975	21	151	1927.0412	1927.0412
17960	21	151	1927.0412	1927.0412
36817	21	151	1927.0412	1927.0412
37188	21	151	1927.0412	1927.0412
34436	21	151	1927.0412	1927.0412
26122	21	151	1927.0412	1927.0412
26118	21	151	1927.0412	1927.0412
42241	21	151	1927.0412	1927.0412
19549	21	151	1927.0412	1927.0412
36245	21	151	1927.0412	1927.0412
37255	21	151	1927.0412	1927.0412
6177	21	151	1927.0412	1927.0412
30426	21	151	1927.0412	1927.0412
14005	21	151	1927.0412	1927.0412
35270	21	151	1927.0412	1927.0412
2782	21	151	1927.0412	1927.0412
14275	21	151	1927.0412	1927.0412
41586	21	151	1927.0412	1927.0412
8479	21	151	1927.0412	1927.0412
31864	21	151	1927.0412	1927.0412
1791	21	151	1927.0412	1927.0412
34608	21	151	1927.0412	1927.0412
19546	21	151	1927.0412	1927.0412
28985	21	151	1927.0412	1927.0412
39684	21	151	1927.0412	1927.0412
18855	21	151	1927.0412	1927.0412
42245	21	151	1927.0412	1927.0412
21686	21	151	1927.0412	1927.0412
18635	21	151	1927.0412	1927.0412
2797	21	151	1927.0412	1927.0412
22644	21	151	1927.0412	1927.0412
42247	21	151	1927.0412	1927.0412
2812	21	151	1927.0412	1927.0412
27910	21	151	1927.0412	1927.0412
4900	21	151	1927.0412	1927.0412
34677	21	151	1927.0412	1927.0412
38083	21	151	1927.0412	1927.0412
23974	21	151	1927.0412	1927.0412
3222	21	151	1927.0412	1927.0412
28244	21	151	1927.0412	1927.0412
25415	21	151	1927.0412	1927.0412
10408	21	151	1927.0412	1927.0412
18055	21	151	1927.0412	1927.0412
42255	21	151	1927.0412	1927.0412
32666	21	151	1927.0412	1927.0412
24567	21	151	1927.0412	1927.0412
32424	21	151	1927.0412	1927.0412
29625	21	151	1927.0412	1927.0412
13400	21	151	1927.0412	1927.0412
15352	21	151	1927.0412	1927.0412
37493	21	151	1927.0412	1927.0412
33356	21	151	1927.0412	1927.0412
28865	21	151	1927.0412	1927.0412
25093	21	151	1927.0412	1927.0412
7740	21	151	1927.0412	1927.0412
31698	21	151	1927.0412	1927.0412
37417	21	151	1927.0412	1927.0412
37117	21	151	1927.0412	1927.0412
27087	21	151	1927.0412	1927.0412
41225	21	151	1927.0412	1927.0412
36093	21	151	1927.0412	1927.0412
18321	21	151	1927.0412	1927.0412
35231	21	151	1927.0412	1927.0412
22077	21	151	1927.0412	1927.0412
35572	21	151	1927.0412	1927.0412
42266	21	151	1927.0412	1927.0412
11066	21	151	1927.0412	1927.0412
37588	21	151	1927.0412	1927.0412
19218	21	151	1927.0412	1927.0412
38949	21	151	1927.0412	1927.0412
35746	21	151	1927.0412	1927.0412
4752	21	151	1927.0412	1927.0412
32453	21	151	1927.0412	1927.0412
40928	21	151	1927.0412	1927.0412
29807	21	151	1927.0412	1927.0412
42269	21	151	1927.0412	1927.0412
30895	21	151	1927.0412	1927.0412
36623	21	151	1927.0412	1927.0412
789	21	151	1927.0412	1927.0412
22619	21	151	1927.0412	1927.0412
33258	21	151	1927.0412	1927.0412
21988	21	151	1927.0412	1927.0412
9098	21	151	1927.0412	1927.0412
10170	21	151	1927.0412	1927.0412
30863	21	151	1927.0412	1927.0412
24884	21	151	1927.0412	1927.0412
30986	21	151	1927.0412	1927.0412
16325	21	151	1927.0412	1927.0412
37537	21	151	1927.0412	1927.0412
4527	21	151	1927.0412	1927.0412
25548	21	151	1927.0412	1927.0412
8221	21	151	1927.0412	1927.0412
22970	21	151	1927.0412	1927.0412
15114	21	151	1927.0412	1927.0412
23282	21	151	1927.0412	1927.0412
35362	21	151	1927.0412	1927.0412
25150	21	151	1927.0412	1927.0412
19882	21	151	1927.0412	1927.0412
40377	21	151	1927.0412	1927.0412
19934	21	151	1927.0412	1927.0412
13117	21	151	1927.0412	1927.0412
40812	21	151	1927.0412	1927.0412
17408	21	151	1927.0412	1927.0412
15474	21	151	1927.0412	1927.0412
4195	21	151	1927.0412	1927.0412
10971	21	151	1927.0412	1927.0412
36532	21	151	1927.0412	1927.0412
36735	21	151	1927.0412	1927.0412
42244	21	151	1927.0412	1927.0412
17965	21	151	1927.0412	1927.0412
14969	21	151	1927.0412	1927.0412
8615	21	151	1927.0412	1927.0412
22205	21	151	1927.0412	1927.0412
37401	21	151	1927.0412	1927.0412
22371	21	151	1927.0412	1927.0412
30448	21	151	1927.0412	1927.0412
31450	21	151	1927.0412	1927.0412
12807	21	151	1927.0412	1927.0412
39245	21	151	1927.0412	1927.0412
42282	21	151	1927.0412	1927.0412
7516	21	151	1927.0412	1927.0412
4620	21	151	1927.0412	1927.0412
21831	21	151	1927.0412	1927.0412
40808	21	151	1927.0412	1927.0412
31351	21	151	1927.0412	1927.0412
1476	21	151	1927.0412	1927.0412
40001	21	151	1927.0412	1927.0412
25554	21	151	1927.0412	1927.0412
10243	21	151	1927.0412	1927.0412
14022	21	151	1927.0412	1927.0412
34326	21	151	1927.0412	1927.0412
39815	21	151	1927.0412	1927.0412
38954	21	151	1927.0412	1927.0412
24210	21	151	1927.0412	1927.0412
37681	21	151	1927.0412	1927.0412
6635	21	151	1927.0412	1927.0412
27578	21	151	1927.0412	1927.0412
30357	21	151	1927.0412	1927.0412
5659	21	151	1927.0412	1927.0412
36330	21	151	1927.0412	1927.0412
40422	21	151	1927.0412	1927.0412
11970	21	151	1927.0412	1927.0412
38239	21	151	1927.0412	1927.0412
33449	21	151	1927.0412	1927.0412
33846	21	151	1927.0412	1927.0412
35581	21	151	1927.0412	1927.0412
22889	21	151	1927.0412	1927.0412
26359	21	151	1927.0412	1927.0412
13810	21	151	1927.0412	1927.0412
4458	21	151	1927.0412	1927.0412
33451	21	151	1927.0412	1927.0412
7990	21	151	1927.0412	1927.0412
21795	21	151	1927.0412	1927.0412
42277	21	151	1927.0412	1927.0412
12074	21	151	1927.0412	1927.0412
31501	21	151	1927.0412	1927.0412
38744	21	151	1927.0412	1927.0412
37172	21	151	1927.0412	1927.0412
10124	21	151	1927.0412	1927.0412
9867	21	151	1927.0412	1927.0412
33080	21	151	1927.0412	1927.0412
881	21	151	1927.0412	1927.0412
36730	21	151	1927.0412	1927.0412
19011	21	151	1927.0412	1927.0412
36866	21	151	1927.0412	1927.0412
12989	21	151	1927.0412	1927.0412
35817	21	151	1927.0412	1927.0412
38990	21	151	1927.0412	1927.0412
27988	21	151	1927.0412	1927.0412
1619	21	151	1927.0412	1927.0412
15948	21	151	1927.0412	1927.0412
37298	21	151	1927.0412	1927.0412
34516	21	151	1927.0412	1927.0412
4168	21	151	1927.0412	1927.0412
13323	21	151	1927.0412	1927.0412
23459	21	151	1927.0412	1927.0412
6447	21	151	1927.0412	1927.0412
20467	21	151	1927.0412	1927.0412
17572	21	151	1927.0412	1927.0412
34323	21	151	1927.0412	1927.0412
42294	21	151	1927.0412	1927.0412
29473	21	151	1927.0412	1927.0412
37767	21	151	1927.0412	1927.0412
13888	21	151	1927.0412	1927.0412
18443	21	151	1927.0412	1927.0412
4485	21	151	1927.0412	1927.0412
697	21	151	1927.0412	1927.0412
39746	21	151	1927.0412	1927.0412
9273	21	151	1927.0412	1927.0412
15099	21	151	1927.0412	1927.0412
29551	21	151	1927.0412	1927.0412
7154	21	151	1927.0412	1927.0412
27299	21	151	1927.0412	1927.0412
2680	21	151	1927.0412	1927.0412
3595	21	151	1927.0412	1927.0412
2158	21	151	1927.0412	1927.0412
36884	21	151	1927.0412	1927.0412
37781	21	151	1927.0412	1927.0412
41529	21	151	1927.0412	1927.0412
13227	21	151	1927.0412	1927.0412
39854	21	151	1927.0412	1927.0412
9039	21	151	1927.0412	1927.0412
10484	21	151	1927.0412	1927.0412
11378	21	151	1927.0412	1927.0412
42309	21	151	1927.0412	1927.0412
20900	21	151	1927.0412	1927.0412
29497	21	151	1927.0412	1927.0412
13270	21	151	1927.0412	1927.0412
17416	21	151	1927.0412	1927.0412
8842	21	151	1927.0412	1927.0412
40829	21	151	1927.0412	1927.0412
19106	21	151	1927.0412	1927.0412
24188	21	151	1927.0412	1927.0412
22822	21	151	1927.0412	1927.0412
24831	21	151	1927.0412	1927.0412
37562	21	151	1927.0412	1927.0412
37052	21	151	1927.0412	1927.0412
35137	21	151	1927.0412	1927.0412
21465	21	151	1927.0412	1927.0412
36270	21	151	1927.0412	1927.0412
33083	21	151	1927.0412	1927.0412
16765	21	151	1927.0412	1927.0412
21599	21	151	1927.0412	1927.0412
40089	21	151	1927.0412	1927.0412
498	21	151	1927.0412	1927.0412
18242	21	151	1927.0412	1927.0412
42319	21	151	1927.0412	1927.0412
13628	21	151	1927.0412	1927.0412
13159	21	151	1927.0412	1927.0412
30711	21	151	1927.0412	1927.0412
28766	21	151	1927.0412	1927.0412
35067	21	151	1927.0412	1927.0412
12274	21	151	1927.0412	1927.0412
42322	21	151	1927.0412	1927.0412
16486	21	151	1927.0412	1927.0412
34976	21	151	1927.0412	1927.0412
36620	21	151	1927.0412	1927.0412
19453	21	151	1927.0412	1927.0412
35368	21	151	1927.0412	1927.0412
37281	21	151	1927.0412	1927.0412
32854	21	151	1927.0412	1927.0412
34031	21	151	1927.0412	1927.0412
12073	21	151	1927.0412	1927.0412
38756	21	151	1927.0412	1927.0412
19792	21	151	1927.0412	1927.0412
25816	21	151	1927.0412	1927.0412
15872	21	151	1927.0412	1927.0412
42325	21	151	1927.0412	1927.0412
13111	21	151	1927.0412	1927.0412
42312	21	151	1927.0412	1927.0412
5233	21	151	1927.0412	1927.0412
32243	21	151	1927.0412	1927.0412
24195	21	151	1927.0412	1927.0412
12543	21	151	1927.0412	1927.0412
18868	21	151	1927.0412	1927.0412
32062	21	151	1927.0412	1927.0412
17826	21	151	1927.0412	1927.0412
12242	21	151	1927.0412	1927.0412
23576	21	151	1927.0412	1927.0412
4102	21	151	1927.0412	1927.0412
14173	21	151	1927.0412	1927.0412
39953	21	151	1927.0412	1927.0412
40590	21	151	1927.0412	1927.0412
42305	21	151	1927.0412	1927.0412
37614	21	151	1927.0412	1927.0412
39876	21	151	1927.0412	1927.0412
30457	21	151	1927.0412	1927.0412
37773	21	151	1927.0412	1927.0412
20776	21	151	1927.0412	1927.0412
35259	21	151	1927.0412	1927.0412
6460	21	151	1927.0412	1927.0412
25751	21	151	1927.0412	1927.0412
23851	21	151	1927.0412	1927.0412
40753	21	151	1927.0412	1927.0412
40294	21	151	1927.0412	1927.0412
38633	21	151	1927.0412	1927.0412
39998	21	151	1927.0412	1927.0412
16345	21	151	1927.0412	1927.0412
36349	21	151	1927.0412	1927.0412
7158	21	151	1927.0412	1927.0412
37190	21	151	1927.0412	1927.0412
36441	21	151	1927.0412	1927.0412
26085	21	151	1927.0412	1927.0412
6864	21	151	1927.0412	1927.0412
6131	21	151	1927.0412	1927.0412
26507	21	151	1927.0412	1927.0412
30027	21	151	1927.0412	1927.0412
2772	21	151	1927.0412	1927.0412
6496	21	151	1927.0412	1927.0412
22173	21	151	1927.0412	1927.0412
42333	21	151	1927.0412	1927.0412
14447	21	151	1927.0412	1927.0412
20998	21	151	1927.0412	1927.0412
33781	21	151	1927.0412	1927.0412
2248	21	151	1927.0412	1927.0412
33404	21	151	1927.0412	1927.0412
37097	21	151	1927.0412	1927.0412
19587	21	151	1927.0412	1927.0412
14760	21	151	1927.0412	1927.0412
12960	21	151	1927.0412	1927.0412
38987	21	151	1927.0412	1927.0412
23663	21	151	1927.0412	1927.0412
31380	21	151	1927.0412	1927.0412
25129	21	151	1927.0412	1927.0412
31492	21	151	1927.0412	1927.0412
34150	21	151	1927.0412	1927.0412
20388	21	151	1927.0412	1927.0412
25824	21	151	1927.0412	1927.0412
11294	21	151	1927.0412	1927.0412
36928	21	151	1927.0412	1927.0412
4355	21	151	1927.0412	1927.0412
40747	21	151	1927.0412	1927.0412
802	21	151	1927.0412	1927.0412
33965	21	151	1927.0412	1927.0412
29515	21	151	1927.0412	1927.0412
39335	21	151	1927.0412	1927.0412
16613	21	151	1927.0412	1927.0412
24874	21	151	1927.0412	1927.0412
26593	21	151	1927.0412	1927.0412
33146	21	151	1927.0412	1927.0412
31802	21	151	1927.0412	1927.0412
23358	21	151	1927.0412	1927.0412
33337	21	151	1927.0412	1927.0412
351	21	151	1927.0412	1927.0412
27143	21	151	1927.0412	1927.0412
31936	21	151	1927.0412	1927.0412
25224	21	151	1927.0412	1927.0412
12882	21	151	1927.0412	1927.0412
5117	21	151	1927.0412	1927.0412
3766	21	151	1927.0412	1927.0412
39606	21	151	1927.0412	1927.0412
42354	21	151	1927.0412	1927.0412
25855	21	151	1927.0412	1927.0412
19226	21	151	1927.0412	1927.0412
6779	21	151	1927.0412	1927.0412
38288	21	151	1927.0412	1927.0412
27380	21	151	1927.0412	1927.0412
21291	21	151	1927.0412	1927.0412
13358	21	151	1927.0412	1927.0412
17216	21	151	1927.0412	1927.0412
8292	21	151	1927.0412	1927.0412
99	21	151	1927.0412	1927.0412
39911	21	151	1927.0412	1927.0412
41175	21	151	1927.0412	1927.0412
28462	21	151	1927.0412	1927.0412
32363	21	151	1927.0412	1927.0412
36662	21	151	1927.0412	1927.0412
22326	21	151	1927.0412	1927.0412
33686	21	151	1927.0412	1927.0412
30025	21	151	1927.0412	1927.0412
36893	21	151	1927.0412	1927.0412
5715	21	151	1927.0412	1927.0412
42363	21	151	1927.0412	1927.0412
29611	21	151	1927.0412	1927.0412
39007	21	151	1927.0412	1927.0412
40934	21	151	1927.0412	1927.0412
6259	21	151	1927.0412	1927.0412
9422	21	151	1927.0412	1927.0412
28132	21	151	1927.0412	1927.0412
38816	21	151	1927.0412	1927.0412
36572	21	151	1927.0412	1927.0412
21111	21	151	1927.0412	1927.0412
36190	21	151	1927.0412	1927.0412
13241	21	151	1927.0412	1927.0412
27429	21	151	1927.0412	1927.0412
11014	21	151	1927.0412	1927.0412
24826	21	151	1927.0412	1927.0412
38229	21	151	1927.0412	1927.0412
39605	21	151	1927.0412	1927.0412
18652	21	151	1927.0412	1927.0412
7628	21	151	1927.0412	1927.0412
24402	21	151	1927.0412	1927.0412
33840	21	151	1927.0412	1927.0412
41296	21	151	1927.0412	1927.0412
26066	21	151	1927.0412	1927.0412
16555	21	151	1927.0412	1927.0412
20836	21	151	1927.0412	1927.0412
42371	21	151	1927.0412	1927.0412
33869	21	151	1927.0412	1927.0412
39970	21	151	1927.0412	1927.0412
26794	21	151	1927.0412	1927.0412
25043	21	151	1927.0412	1927.0412
18693	21	151	1927.0412	1927.0412
35696	21	151	1927.0412	1927.0412
22161	21	151	1927.0412	1927.0412
34839	21	151	1927.0412	1927.0412
28704	21	151	1927.0412	1927.0412
5666	21	151	1927.0412	1927.0412
41310	21	151	1927.0412	1927.0412
29216	21	151	1927.0412	1927.0412
42357	21	151	1927.0412	1927.0412
29535	21	151	1927.0412	1927.0412
19034	21	151	1927.0412	1927.0412
31689	21	151	1927.0412	1927.0412
42367	21	151	1927.0412	1927.0412
32059	21	151	1927.0412	1927.0412
32507	21	151	1927.0412	1927.0412
36615	21	151	1927.0412	1927.0412
35009	21	151	1927.0412	1927.0412
20477	21	151	1927.0412	1927.0412
37044	21	151	1927.0412	1927.0412
31451	21	151	1927.0412	1927.0412
25525	21	151	1927.0412	1927.0412
39062	21	151	1927.0412	1927.0412
29454	21	151	1927.0412	1927.0412
32139	21	151	1927.0412	1927.0412
9300	21	151	1927.0412	1927.0412
42385	21	151	1927.0412	1927.0412
30787	21	151	1927.0412	1927.0412
42386	21	151	1927.0412	1927.0412
16689	21	151	1927.0412	1927.0412
11304	21	151	1927.0412	1927.0412
42388	21	151	1927.0412	1927.0412
12030	21	151	1927.0412	1927.0412
31910	21	151	1927.0412	1927.0412
34599	21	151	1927.0412	1927.0412
18800	21	151	1927.0412	1927.0412
33339	21	151	1927.0412	1927.0412
33286	21	151	1927.0412	1927.0412
22015	21	151	1927.0412	1927.0412
34755	21	151	1927.0412	1927.0412
33531	21	151	1927.0412	1927.0412
19504	21	151	1927.0412	1927.0412
32176	21	151	1927.0412	1927.0412
28230	21	151	1927.0412	1927.0412
42395	21	151	1927.0412	1927.0412
34936	21	151	1927.0412	1927.0412
4848	21	151	1927.0412	1927.0412
34752	21	151	1927.0412	1927.0412
34613	21	151	1927.0412	1927.0412
34341	21	151	1927.0412	1927.0412
36229	21	151	1927.0412	1927.0412
39235	21	151	1927.0412	1927.0412
9255	21	151	1927.0412	1927.0412
38006	21	151	1927.0412	1927.0412
30095	21	151	1927.0412	1927.0412
30505	21	151	1927.0412	1927.0412
35355	21	151	1927.0412	1927.0412
40393	21	151	1927.0412	1927.0412
52	21	151	1927.0412	1927.0412
37686	21	151	1927.0412	1927.0412
21508	21	151	1927.0412	1927.0412
32567	21	151	1927.0412	1927.0412
42384	21	151	1927.0412	1927.0412
6731	21	151	1927.0412	1927.0412
15046	21	151	1927.0412	1927.0412
38847	21	151	1927.0412	1927.0412
23473	21	151	1927.0412	1927.0412
33490	21	151	1927.0412	1927.0412
30674	21	151	1927.0412	1927.0412
33145	21	151	1927.0412	1927.0412
8799	21	151	1927.0412	1927.0412
7415	21	151	1927.0412	1927.0412
15305	21	151	1927.0412	1927.0412
30472	21	151	1927.0412	1927.0412
25445	21	151	1927.0412	1927.0412
42404	21	151	1927.0412	1927.0412
27173	21	151	1927.0412	1927.0412
26332	21	151	1927.0412	1927.0412
34982	21	151	1927.0412	1927.0412
32007	21	151	1927.0412	1927.0412
18579	21	151	1927.0412	1927.0412
2944	21	151	1927.0412	1927.0412
13028	21	151	1927.0412	1927.0412
6347	21	151	1927.0412	1927.0412
11700	21	151	1927.0412	1927.0412
39736	21	151	1927.0412	1927.0412
30501	21	151	1927.0412	1927.0412
34554	21	151	1927.0412	1927.0412
343	21	151	1927.0412	1927.0412
10467	21	151	1927.0412	1927.0412
34798	21	151	1927.0412	1927.0412
13644	21	151	1927.0412	1927.0412
41459	21	151	1927.0412	1927.0412
20244	21	151	1927.0412	1927.0412
14234	21	151	1927.0412	1927.0412
26113	21	151	1927.0412	1927.0412
42413	21	151	1927.0412	1927.0412
22549	21	151	1927.0412	1927.0412
19819	21	151	1927.0412	1927.0412
31349	21	151	1927.0412	1927.0412
42414	21	151	1927.0412	1927.0412
39683	21	151	1927.0412	1927.0412
40570	21	151	1927.0412	1927.0412
31762	21	151	1927.0412	1927.0412
27969	21	151	1927.0412	1927.0412
40733	21	151	1927.0412	1927.0412
29699	21	151	1927.0412	1927.0412
16083	21	151	1927.0412	1927.0412
41352	21	151	1927.0412	1927.0412
9021	21	151	1927.0412	1927.0412
8219	21	151	1927.0412	1927.0412
27108	21	151	1927.0412	1927.0412
4961	21	151	1927.0412	1927.0412
39416	21	151	1927.0412	1927.0412
13064	21	151	1927.0412	1927.0412
36060	21	151	1927.0412	1927.0412
32693	21	151	1927.0412	1927.0412
36200	21	151	1927.0412	1927.0412
532	21	151	1927.0412	1927.0412
17195	21	151	1927.0412	1927.0412
40137	21	151	1927.0412	1927.0412
33926	21	151	1927.0412	1927.0412
37836	21	151	1927.0412	1927.0412
15040	21	151	1927.0412	1927.0412
37431	21	151	1927.0412	1927.0412
13031	21	151	1927.0412	1927.0412
15793	21	151	1927.0412	1927.0412
23045	21	151	1927.0412	1927.0412
42409	21	151	1927.0412	1927.0412
39261	21	151	1927.0412	1927.0412
5358	21	151	1927.0412	1927.0412
21443	21	151	1927.0412	1927.0412
5732	21	151	1927.0412	1927.0412
6338	21	151	1927.0412	1927.0412
16157	21	151	1927.0412	1927.0412
33883	21	151	1927.0412	1927.0412
18057	21	151	1927.0412	1927.0412
42380	21	151	1927.0412	1927.0412
42430	21	151	1927.0412	1927.0412
7635	21	151	1927.0412	1927.0412
26000	21	151	1927.0412	1927.0412
20960	21	151	1927.0412	1927.0412
42432	21	151	1927.0412	1927.0412
38482	21	151	1927.0412	1927.0412
35798	21	151	1927.0412	1927.0412
39286	21	151	1927.0412	1927.0412
37713	21	151	1927.0412	1927.0412
15747	21	151	1927.0412	1927.0412
6209	21	151	1927.0412	1927.0412
32653	21	151	1927.0412	1927.0412
32591	21	151	1927.0412	1927.0412
40303	21	151	1927.0412	1927.0412
14883	21	151	1927.0412	1927.0412
21155	21	151	1927.0412	1927.0412
42435	21	151	1927.0412	1927.0412
40799	21	151	1927.0412	1927.0412
12795	21	151	1927.0412	1927.0412
30395	21	151	1927.0412	1927.0412
14895	21	151	1927.0412	1927.0412
15998	21	151	1927.0412	1927.0412
22286	21	151	1927.0412	1927.0412
37515	21	151	1927.0412	1927.0412
24994	21	151	1927.0412	1927.0412
32416	21	151	1927.0412	1927.0412
33839	21	151	1927.0412	1927.0412
42442	21	151	1927.0412	1927.0412
31733	21	151	1927.0412	1927.0412
21318	21	151	1927.0412	1927.0412
40790	21	151	1927.0412	1927.0412
29921	21	151	1927.0412	1927.0412
30200	21	151	1927.0412	1927.0412
39730	21	151	1927.0412	1927.0412
37632	21	151	1927.0412	1927.0412
39663	21	151	1927.0412	1927.0412
34212	21	151	1927.0412	1927.0412
39872	21	151	1927.0412	1927.0412
41519	21	151	1927.0412	1927.0412
19773	21	151	1927.0412	1927.0412
9260	21	151	1927.0412	1927.0412
9233	21	151	1927.0412	1927.0412
41258	21	151	1927.0412	1927.0412
42454	21	151	1927.0412	1927.0412
42451	21	151	1927.0412	1927.0412
39188	21	151	1927.0412	1927.0412
37794	21	151	1927.0412	1927.0412
41668	21	151	1927.0412	1927.0412
39465	21	151	1927.0412	1927.0412
42456	21	151	1927.0412	1927.0412
27423	21	151	1927.0412	1927.0412
34520	21	151	1927.0412	1927.0412
31272	21	151	1927.0412	1927.0412
2123	21	151	1927.0412	1927.0412
40291	21	151	1927.0412	1927.0412
18435	21	151	1927.0412	1927.0412
6983	21	151	1927.0412	1927.0412
38936	21	151	1927.0412	1927.0412
20207	21	151	1927.0412	1927.0412
36373	21	151	1927.0412	1927.0412
40599	21	151	1927.0412	1927.0412
42463	21	151	1927.0412	1927.0412
40905	21	151	1927.0412	1927.0412
23165	21	151	1927.0412	1927.0412
42465	21	151	1927.0412	1927.0412
42466	21	151	1927.0412	1927.0412
9647	21	151	1927.0412	1927.0412
20809	21	151	1927.0412	1927.0412
32087	21	151	1927.0412	1927.0412
36415	21	151	1927.0412	1927.0412
21000	21	151	1927.0412	1927.0412
13723	21	151	1927.0412	1927.0412
23093	21	151	1927.0412	1927.0412
39837	21	151	1927.0412	1927.0412
19999	21	151	1927.0412	1927.0412
2332	21	151	1927.0412	1927.0412
42473	21	151	1927.0412	1927.0412
26326	21	151	1927.0412	1927.0412
30189	21	151	1927.0412	1927.0412
28504	21	151	1927.0412	1927.0412
28876	21	151	1927.0412	1927.0412
24667	21	151	1927.0412	1927.0412
41731	21	151	1927.0412	1927.0412
318	21	151	1927.0412	1927.0412
36009	21	151	1927.0412	1927.0412
16153	21	151	1927.0412	1927.0412
42475	21	151	1927.0412	1927.0412
29108	21	151	1927.0412	1927.0412
8404	21	151	1927.0412	1927.0412
34237	21	151	1927.0412	1927.0412
42477	21	151	1927.0412	1927.0412
20912	21	151	1927.0412	1927.0412
23792	21	151	1927.0412	1927.0412
13920	21	151	1927.0412	1927.0412
13393	21	151	1927.0412	1927.0412
23294	21	151	1927.0412	1927.0412
34160	21	151	1927.0412	1927.0412
13679	21	151	1927.0412	1927.0412
22170	21	151	1927.0412	1927.0412
16943	21	151	1927.0412	1927.0412
23041	21	151	1927.0412	1927.0412
37851	21	151	1927.0412	1927.0412
25189	21	151	1927.0412	1927.0412
15999	21	151	1927.0412	1927.0412
42480	21	151	1927.0412	1927.0412
13363	21	151	1927.0412	1927.0412
15728	21	151	1927.0412	1927.0412
6230	21	151	1927.0412	1927.0412
34665	21	151	1927.0412	1927.0412
1099	21	151	1927.0412	1927.0412
24840	21	151	1927.0412	1927.0412
10088	21	151	1927.0412	1927.0412
8014	21	151	1927.0412	1927.0412
39216	21	151	1927.0412	1927.0412
18805	21	151	1927.0412	1927.0412
34548	21	151	1927.0412	1927.0412
23367	21	151	1927.0412	1927.0412
31906	21	151	1927.0412	1927.0412
5872	21	151	1927.0412	1927.0412
14620	21	151	1927.0412	1927.0412
35274	21	151	1927.0412	1927.0412
6319	21	151	1927.0412	1927.0412
33998	21	151	1927.0412	1927.0412
18591	21	151	1927.0412	1927.0412
29268	21	151	1927.0412	1927.0412
38511	21	151	1927.0412	1927.0412
6190	21	151	1927.0412	1927.0412
41205	21	151	1927.0412	1927.0412
17657	21	151	1927.0412	1927.0412
37972	21	151	1927.0412	1927.0412
18183	21	151	1927.0412	1927.0412
21818	21	151	1927.0412	1927.0412
22094	21	151	1927.0412	1927.0412
22013	21	151	1927.0412	1927.0412
31708	21	151	1927.0412	1927.0412
37357	21	151	1927.0412	1927.0412
27792	21	151	1927.0412	1927.0412
7310	21	151	1927.0412	1927.0412
16741	21	151	1927.0412	1927.0412
15333	21	151	1927.0412	1927.0412
42491	21	151	1927.0412	1927.0412
16597	21	151	1927.0412	1927.0412
19296	21	151	1927.0412	1927.0412
42493	21	151	1927.0412	1927.0412
17397	21	151	1927.0412	1927.0412
19299	21	151	1927.0412	1927.0412
25182	21	151	1927.0412	1927.0412
29821	21	151	1927.0412	1927.0412
37811	21	151	1927.0412	1927.0412
37394	21	151	1927.0412	1927.0412
6658	21	151	1927.0412	1927.0412
42500	21	151	1927.0412	1927.0412
32076	21	151	1927.0412	1927.0412
28638	21	151	1927.0412	1927.0412
21300	21	151	1927.0412	1927.0412
15812	21	151	1927.0412	1927.0412
33466	21	151	1927.0412	1927.0412
34957	21	151	1927.0412	1927.0412
18480	21	151	1927.0412	1927.0412
33832	21	151	1927.0412	1927.0412
14258	21	151	1927.0412	1927.0412
24754	21	151	1927.0412	1927.0412
23492	21	151	1927.0412	1927.0412
41249	21	151	1927.0412	1927.0412
6035	21	151	1927.0412	1927.0412
5414	21	151	1927.0412	1927.0412
42497	21	151	1927.0412	1927.0412
26701	21	151	1927.0412	1927.0412
22505	21	151	1927.0412	1927.0412
5804	21	151	1927.0412	1927.0412
28490	21	151	1927.0412	1927.0412
23915	21	151	1927.0412	1927.0412
39889	21	151	1927.0412	1927.0412
11968	21	151	1927.0412	1927.0412
19640	21	151	1927.0412	1927.0412
34817	21	151	1927.0412	1927.0412
8028	21	151	1927.0412	1927.0412
18337	21	151	1927.0412	1927.0412
42513	21	151	1927.0412	1927.0412
42503	21	151	1927.0412	1927.0412
17640	21	151	1927.0412	1927.0412
24883	21	151	1927.0412	1927.0412
15287	21	151	1927.0412	1927.0412
33095	21	151	1927.0412	1927.0412
32344	21	151	1927.0412	1927.0412
6516	21	151	1927.0412	1927.0412
35647	21	151	1927.0412	1927.0412
35693	21	151	1927.0412	1927.0412
6410	21	151	1927.0412	1927.0412
28830	21	151	1927.0412	1927.0412
20817	21	151	1927.0412	1927.0412
21404	21	151	1927.0412	1927.0412
20371	21	151	1927.0412	1927.0412
42518	21	151	1927.0412	1927.0412
37999	21	151	1927.0412	1927.0412
39104	21	151	1927.0412	1927.0412
38900	21	151	1927.0412	1927.0412
29373	21	151	1927.0412	1927.0412
37183	21	151	1927.0412	1927.0412
38025	21	151	1927.0412	1927.0412
29288	21	151	1927.0412	1927.0412
16771	21	151	1927.0412	1927.0412
34334	21	151	1927.0412	1927.0412
10582	21	151	1927.0412	1927.0412
30281	21	151	1927.0412	1927.0412
1793	21	151	1927.0412	1927.0412
40474	21	151	1927.0412	1927.0412
26093	21	151	1927.0412	1927.0412
35722	21	151	1927.0412	1927.0412
30451	21	151	1927.0412	1927.0412
42522	21	151	1927.0412	1927.0412
37599	21	151	1927.0412	1927.0412
41317	21	151	1927.0412	1927.0412
31662	21	151	1927.0412	1927.0412
17037	21	151	1927.0412	1927.0412
23199	21	151	1927.0412	1927.0412
39654	21	151	1927.0412	1927.0412
19483	21	151	1927.0412	1927.0412
23347	21	151	1927.0412	1927.0412
21648	21	151	1927.0412	1927.0412
20451	21	151	1927.0412	1927.0412
4978	21	151	1927.0412	1927.0412
35620	21	151	1927.0412	1927.0412
28999	21	151	1927.0412	1927.0412
14444	21	151	1927.0412	1927.0412
35001	21	151	1927.0412	1927.0412
34475	21	151	1927.0412	1927.0412
42527	21	151	1927.0412	1927.0412
26623	21	151	1927.0412	1927.0412
39585	21	151	1927.0412	1927.0412
114	21	151	1927.0412	1927.0412
28734	21	151	1927.0412	1927.0412
10886	21	151	1927.0412	1927.0412
33651	21	151	1927.0412	1927.0412
21378	21	151	1927.0412	1927.0412
42502	21	151	1927.0412	1927.0412
41188	21	151	1927.0412	1927.0412
27321	21	151	1927.0412	1927.0412
38047	21	151	1927.0412	1927.0412
5989	21	151	1927.0412	1927.0412
25207	21	151	1927.0412	1927.0412
20123	21	151	1927.0412	1927.0412
17697	21	151	1927.0412	1927.0412
10618	21	151	1927.0412	1927.0412
10293	21	151	1927.0412	1927.0412
11652	21	151	1927.0412	1927.0412
6349	21	151	1927.0412	1927.0412
33929	21	151	1927.0412	1927.0412
22564	21	151	1927.0412	1927.0412
20702	21	151	1927.0412	1927.0412
3528	21	151	1927.0412	1927.0412
18212	21	151	1927.0412	1927.0412
14177	21	151	1927.0412	1927.0412
25992	21	151	1927.0412	1927.0412
4384	21	151	1927.0412	1927.0412
833	21	151	1927.0412	1927.0412
26747	21	151	1927.0412	1927.0412
27507	21	151	1927.0412	1927.0412
38311	21	151	1927.0412	1927.0412
39168	21	151	1927.0412	1927.0412
8732	21	151	1927.0412	1927.0412
27684	21	151	1927.0412	1927.0412
22894	21	151	1927.0412	1927.0412
28809	21	151	1927.0412	1927.0412
20210	21	151	1927.0412	1927.0412
17636	21	151	1927.0412	1927.0412
17881	21	151	1927.0412	1927.0412
12353	21	151	1927.0412	1927.0412
39409	21	151	1927.0412	1927.0412
33030	21	151	1927.0412	1927.0412
369	21	151	1927.0412	1927.0412
38265	21	151	1927.0412	1927.0412
42550	21	151	1927.0412	1927.0412
34441	21	151	1927.0412	1927.0412
42551	21	151	1927.0412	1927.0412
18633	21	151	1927.0412	1927.0412
11491	21	151	1927.0412	1927.0412
7604	21	151	1927.0412	1927.0412
35853	21	151	1927.0412	1927.0412
32740	21	151	1927.0412	1927.0412
17680	21	151	1927.0412	1927.0412
42553	21	151	1927.0412	1927.0412
11944	21	151	1927.0412	1927.0412
14791	21	151	1927.0412	1927.0412
41518	21	151	1927.0412	1927.0412
26103	21	151	1927.0412	1927.0412
36030	21	151	1927.0412	1927.0412
19876	21	151	1927.0412	1927.0412
14072	21	151	1927.0412	1927.0412
18177	21	151	1927.0412	1927.0412
21630	21	151	1927.0412	1927.0412
18207	21	151	1927.0412	1927.0412
1669	21	151	1927.0412	1927.0412
4602	21	151	1927.0412	1927.0412
22364	21	151	1927.0412	1927.0412
36007	21	151	1927.0412	1927.0412
40225	21	151	1927.0412	1927.0412
26649	21	151	1927.0412	1927.0412
13840	21	151	1927.0412	1927.0412
28774	21	151	1927.0412	1927.0412
26580	21	151	1927.0412	1927.0412
11318	21	151	1927.0412	1927.0412
17977	21	151	1927.0412	1927.0412
34905	21	151	1927.0412	1927.0412
14372	21	151	1927.0412	1927.0412
2349	21	151	1927.0412	1927.0412
29208	21	151	1927.0412	1927.0412
42560	21	151	1927.0412	1927.0412
35352	21	151	1927.0412	1927.0412
9447	21	151	1927.0412	1927.0412
36080	21	151	1927.0412	1927.0412
24071	21	151	1927.0412	1927.0412
35685	21	151	1927.0412	1927.0412
38218	21	151	1927.0412	1927.0412
40311	21	151	1927.0412	1927.0412
2137	21	151	1927.0412	1927.0412
8621	21	151	1927.0412	1927.0412
18676	21	151	1927.0412	1927.0412
35046	21	151	1927.0412	1927.0412
14154	21	151	1927.0412	1927.0412
36107	21	151	1927.0412	1927.0412
35086	21	151	1927.0412	1927.0412
20763	21	151	1927.0412	1927.0412
22820	21	151	1927.0412	1927.0412
40791	21	151	1927.0412	1927.0412
5601	21	151	1927.0412	1927.0412
29217	21	151	1927.0412	1927.0412
32745	21	151	1927.0412	1927.0412
19209	21	151	1927.0412	1927.0412
29545	21	151	1927.0412	1927.0412
38292	21	151	1927.0412	1927.0412
29805	21	151	1927.0412	1927.0412
21468	21	151	1927.0412	1927.0412
37115	21	151	1927.0412	1927.0412
9711	21	151	1927.0412	1927.0412
12695	21	151	1927.0412	1927.0412
36337	21	151	1927.0412	1927.0412
42568	21	151	1927.0412	1927.0412
38948	21	151	1927.0412	1927.0412
10626	21	151	1927.0412	1927.0412
20310	21	151	1927.0412	1927.0412
18022	21	151	1927.0412	1927.0412
23181	21	151	1927.0412	1927.0412
5754	21	151	1927.0412	1927.0412
18258	21	151	1927.0412	1927.0412
40374	21	151	1927.0412	1927.0412
16504	21	151	1927.0412	1927.0412
31127	21	151	1927.0412	1927.0412
27192	21	151	1927.0412	1927.0412
8477	21	151	1927.0412	1927.0412
17050	21	151	1927.0412	1927.0412
39910	21	151	1927.0412	1927.0412
18566	21	151	1927.0412	1927.0412
15377	21	151	1927.0412	1927.0412
18240	21	151	1927.0412	1927.0412
42574	21	151	1927.0412	1927.0412
42576	21	151	1927.0412	1927.0412
15590	21	151	1927.0412	1927.0412
38773	21	151	1927.0412	1927.0412
37107	21	151	1927.0412	1927.0412
311	21	151	1927.0412	1927.0412
18749	21	151	1927.0412	1927.0412
1724	21	151	1927.0412	1927.0412
4018	21	151	1927.0412	1927.0412
24027	21	151	1927.0412	1927.0412
30105	21	151	1927.0412	1927.0412
13284	21	151	1927.0412	1927.0412
25132	21	151	1927.0412	1927.0412
33235	21	151	1927.0412	1927.0412
21139	21	151	1927.0412	1927.0412
10823	21	151	1927.0412	1927.0412
31556	21	151	1927.0412	1927.0412
41254	21	151	1927.0412	1927.0412
32155	21	151	1927.0412	1927.0412
12855	21	151	1927.0412	1927.0412
24220	21	151	1927.0412	1927.0412
27017	21	151	1927.0412	1927.0412
1354	21	151	1927.0412	1927.0412
39986	21	151	1927.0412	1927.0412
21733	21	151	1927.0412	1927.0412
14008	21	151	1927.0412	1927.0412
13473	21	151	1927.0412	1927.0412
40944	21	151	1927.0412	1927.0412
14187	21	151	1927.0412	1927.0412
25676	21	151	1927.0412	1927.0412
30034	21	151	1927.0412	1927.0412
40331	21	151	1927.0412	1927.0412
42572	21	151	1927.0412	1927.0412
21197	21	151	1927.0412	1927.0412
20548	21	151	1927.0412	1927.0412
21093	21	151	1927.0412	1927.0412
11748	21	151	1927.0412	1927.0412
24372	21	151	1927.0412	1927.0412
20996	21	151	1927.0412	1927.0412
32570	21	151	1927.0412	1927.0412
1780	21	151	1927.0412	1927.0412
11725	21	151	1927.0412	1927.0412
42589	21	151	1927.0412	1927.0412
16425	21	151	1927.0412	1927.0412
26275	21	151	1927.0412	1927.0412
37087	21	151	1927.0412	1927.0412
37297	21	151	1927.0412	1927.0412
24851	21	151	1927.0412	1927.0412
1645	21	151	1927.0412	1927.0412
32297	21	151	1927.0412	1927.0412
25433	21	151	1927.0412	1927.0412
29967	21	151	1927.0412	1927.0412
24582	21	151	1927.0412	1927.0412
30770	21	151	1927.0412	1927.0412
25681	21	151	1927.0412	1927.0412
14880	21	151	1927.0412	1927.0412
26645	21	151	1927.0412	1927.0412
18782	21	151	1927.0412	1927.0412
18662	21	151	1927.0412	1927.0412
37742	21	151	1927.0412	1927.0412
40583	21	151	1927.0412	1927.0412
32173	21	151	1927.0412	1927.0412
29086	21	151	1927.0412	1927.0412
36442	21	151	1927.0412	1927.0412
19729	21	151	1927.0412	1927.0412
6830	21	151	1927.0412	1927.0412
14074	21	151	1927.0412	1927.0412
3686	21	151	1927.0412	1927.0412
37445	21	151	1927.0412	1927.0412
4057	21	151	1927.0412	1927.0412
4758	21	151	1927.0412	1927.0412
17879	21	151	1927.0412	1927.0412
19737	21	151	1927.0412	1927.0412
31263	21	151	1927.0412	1927.0412
30632	21	151	1927.0412	1927.0412
21467	21	151	1927.0412	1927.0412
21701	21	151	1927.0412	1927.0412
28973	21	151	1927.0412	1927.0412
40166	21	151	1927.0412	1927.0412
2652	21	151	1927.0412	1927.0412
34472	21	151	1927.0412	1927.0412
15641	21	151	1927.0412	1927.0412
30816	21	151	1927.0412	1927.0412
34941	21	151	1927.0412	1927.0412
42611	21	151	1927.0412	1927.0412
17730	21	151	1927.0412	1927.0412
23699	21	151	1927.0412	1927.0412
4190	21	151	1927.0412	1927.0412
551	21	151	1927.0412	1927.0412
30149	21	151	1927.0412	1927.0412
38603	21	151	1927.0412	1927.0412
42606	21	151	1927.0412	1927.0412
30875	21	151	1927.0412	1927.0412
23726	21	151	1927.0412	1927.0412
1718	21	151	1927.0412	1927.0412
18166	21	151	1927.0412	1927.0412
15364	21	151	1927.0412	1927.0412
36003	21	151	1927.0412	1927.0412
17519	21	151	1927.0412	1927.0412
42614	21	151	1927.0412	1927.0412
18798	21	151	1927.0412	1927.0412
372	21	151	1927.0412	1927.0412
25366	21	151	1927.0412	1927.0412
36310	21	151	1927.0412	1927.0412
16712	21	151	1927.0412	1927.0412
25901	21	151	1927.0412	1927.0412
30450	21	151	1927.0412	1927.0412
6451	21	151	1927.0412	1927.0412
40587	21	151	1927.0412	1927.0412
5694	21	151	1927.0412	1927.0412
8838	21	151	1927.0412	1927.0412
10665	21	151	1927.0412	1927.0412
41122	21	151	1927.0412	1927.0412
19850	21	151	1927.0412	1927.0412
32148	21	151	1927.0412	1927.0412
14425	21	151	1927.0412	1927.0412
5667	21	151	1927.0412	1927.0412
42618	21	151	1927.0412	1927.0412
38597	21	151	1927.0412	1927.0412
33312	21	151	1927.0412	1927.0412
38163	21	151	1927.0412	1927.0412
9750	21	151	1927.0412	1927.0412
10589	21	151	1927.0412	1927.0412
41629	21	151	1927.0412	1927.0412
1906	21	151	1927.0412	1927.0412
7789	21	151	1927.0412	1927.0412
8037	21	151	1927.0412	1927.0412
33103	21	151	1927.0412	1927.0412
30684	21	151	1927.0412	1927.0412
41009	21	151	1927.0412	1927.0412
21921	21	151	1927.0412	1927.0412
37865	21	151	1927.0412	1927.0412
17336	21	151	1927.0412	1927.0412
29400	21	151	1927.0412	1927.0412
42594	21	151	1927.0412	1927.0412
40404	21	151	1927.0412	1927.0412
40204	21	151	1927.0412	1927.0412
10138	21	151	1927.0412	1927.0412
16037	21	151	1927.0412	1927.0412
31018	21	151	1927.0412	1927.0412
42598	21	151	1927.0412	1927.0412
37142	21	151	1927.0412	1927.0412
37158	21	151	1927.0412	1927.0412
25496	21	151	1927.0412	1927.0412
27732	21	151	1927.0412	1927.0412
34827	21	151	1927.0412	1927.0412
37246	21	151	1927.0412	1927.0412
14613	21	151	1927.0412	1927.0412
21079	21	151	1927.0412	1927.0412
23055	21	151	1927.0412	1927.0412
32628	21	151	1927.0412	1927.0412
30869	21	151	1927.0412	1927.0412
30019	21	151	1927.0412	1927.0412
35932	21	151	1927.0412	1927.0412
11988	21	151	1927.0412	1927.0412
11345	21	151	1927.0412	1927.0412
20841	21	151	1927.0412	1927.0412
40210	21	151	1927.0412	1927.0412
34440	21	151	1927.0412	1927.0412
20970	21	151	1927.0412	1927.0412
12962	21	151	1927.0412	1927.0412
34051	21	151	1927.0412	1927.0412
9709	21	151	1927.0412	1927.0412
37083	21	151	1927.0412	1927.0412
18885	21	151	1927.0412	1927.0412
37591	21	151	1927.0412	1927.0412
36294	21	151	1927.0412	1927.0412
39587	21	151	1927.0412	1927.0412
42629	21	151	1927.0412	1927.0412
13900	21	151	1927.0412	1927.0412
36945	21	151	1927.0412	1927.0412
23620	21	151	1927.0412	1927.0412
6384	21	151	1927.0412	1927.0412
26313	21	151	1927.0412	1927.0412
38485	21	151	1927.0412	1927.0412
40907	21	151	1927.0412	1927.0412
14428	21	151	1927.0412	1927.0412
2555	21	151	1927.0412	1927.0412
40066	21	151	1927.0412	1927.0412
34292	21	151	1927.0412	1927.0412
34896	21	151	1927.0412	1927.0412
35911	21	151	1927.0412	1927.0412
42633	21	151	1927.0412	1927.0412
11540	21	151	1927.0412	1927.0412
14001	21	151	1927.0412	1927.0412
20301	21	151	1927.0412	1927.0412
21731	21	151	1927.0412	1927.0412
14610	21	151	1927.0412	1927.0412
10703	21	151	1927.0412	1927.0412
38377	21	151	1927.0412	1927.0412
26253	21	151	1927.0412	1927.0412
11450	21	151	1927.0412	1927.0412
19567	21	151	1927.0412	1927.0412
33607	21	151	1927.0412	1927.0412
37690	21	151	1927.0412	1927.0412
12410	21	151	1927.0412	1927.0412
20811	21	151	1927.0412	1927.0412
35206	21	151	1927.0412	1927.0412
28220	21	151	1927.0412	1927.0412
42640	21	151	1927.0412	1927.0412
587	21	151	1927.0412	1927.0412
21911	21	151	1927.0412	1927.0412
20047	21	151	1927.0412	1927.0412
41187	21	151	1927.0412	1927.0412
38815	21	151	1927.0412	1927.0412
39697	21	151	1927.0412	1927.0412
24927	21	151	1927.0412	1927.0412
25623	21	151	1927.0412	1927.0412
22439	21	151	1927.0412	1927.0412
26967	21	151	1927.0412	1927.0412
25008	21	151	1927.0412	1927.0412
10529	21	151	1927.0412	1927.0412
37096	21	151	1927.0412	1927.0412
34381	21	151	1927.0412	1927.0412
39214	21	151	1927.0412	1927.0412
33411	21	151	1927.0412	1927.0412
36480	21	151	1927.0412	1927.0412
26710	21	151	1927.0412	1927.0412
9257	21	151	1927.0412	1927.0412
33821	21	151	1927.0412	1927.0412
35447	21	151	1927.0412	1927.0412
40731	21	151	1927.0412	1927.0412
32977	21	151	1927.0412	1927.0412
35832	21	151	1927.0412	1927.0412
7410	21	151	1927.0412	1927.0412
7949	21	151	1927.0412	1927.0412
42652	21	151	1927.0412	1927.0412
36324	21	151	1927.0412	1927.0412
10351	21	151	1927.0412	1927.0412
30968	21	151	1927.0412	1927.0412
11600	21	151	1927.0412	1927.0412
8195	21	151	1927.0412	1927.0412
25001	21	151	1927.0412	1927.0412
40571	21	151	1927.0412	1927.0412
13003	21	151	1927.0412	1927.0412
39958	21	151	1927.0412	1927.0412
23082	21	151	1927.0412	1927.0412
102	21	151	1927.0412	1927.0412
40492	21	151	1927.0412	1927.0412
14284	21	151	1927.0412	1927.0412
38509	21	151	1927.0412	1927.0412
34422	21	151	1927.0412	1927.0412
26245	21	151	1927.0412	1927.0412
27383	21	151	1927.0412	1927.0412
23709	21	151	1927.0412	1927.0412
39023	21	151	1927.0412	1927.0412
41634	21	151	1927.0412	1927.0412
28324	21	151	1927.0412	1927.0412
32495	21	151	1927.0412	1927.0412
30042	21	151	1927.0412	1927.0412
19748	21	151	1927.0412	1927.0412
21769	21	151	1927.0412	1927.0412
42660	21	151	1927.0412	1927.0412
30067	21	151	1927.0412	1927.0412
26010	21	151	1927.0412	1927.0412
32417	21	151	1927.0412	1927.0412
27208	21	151	1927.0412	1927.0412
16424	21	151	1927.0412	1927.0412
39120	21	151	1927.0412	1927.0412
37785	21	151	1927.0412	1927.0412
15847	21	151	1927.0412	1927.0412
41418	21	151	1927.0412	1927.0412
29172	21	151	1927.0412	1927.0412
34879	21	151	1927.0412	1927.0412
21746	21	151	1927.0412	1927.0412
13441	21	151	1927.0412	1927.0412
28507	21	151	1927.0412	1927.0412
42664	21	151	1927.0412	1927.0412
12872	21	151	1927.0412	1927.0412
25079	21	151	1927.0412	1927.0412
38787	21	151	1927.0412	1927.0412
24898	21	151	1927.0412	1927.0412
26204	21	151	1927.0412	1927.0412
14615	21	151	1927.0412	1927.0412
35921	21	151	1927.0412	1927.0412
39064	21	151	1927.0412	1927.0412
15139	21	151	1927.0412	1927.0412
16773	21	151	1927.0412	1927.0412
35896	21	151	1927.0412	1927.0412
8695	21	151	1927.0412	1927.0412
28565	21	151	1927.0412	1927.0412
364	162	2535	1927.0412	1931.0
1202	21	113	1927.0413	1927.0413
40111	41	26639	1927.042	1929.0702
12584	41	279	1927.0623	1927.0816
31480	41	279	1927.0623	1927.0816
1986	41	279	1927.0623	1927.0816
8416	41	279	1927.0623	1927.0816
10562	41	279	1927.0623	1927.0816
13666	41	279	1927.0623	1927.0816
24398	41	279	1927.0623	1927.0816
18187	25	325	1927.0627	1927.0627
26325	25	652	1927.063	1945.1215
30014	29	30354	1927.0701	1927.0701
30354	44	30014	1927.0701	1927.0701
13934	146	10463	1927.0704	1927.103
20784	184	13934	1927.0704	1927.1031
5489	62	28655	1927.072	1930.0608
36189	41	2006	1927.0721	1931.0726
15781	14	2059	1927.08	1927.08
21495	44	4112	1927.0801	1927.0801
1560	66	4112	1927.0801	1927.0801
16312	44	4112	1927.0801	1978.0417
4112	1	73	1927.0801	1991.1225
4112	44	716	1927.0801	1991.1225
31300	41	279	1927.09	1927.09
21943	3	10312	1927.09	1933.1
9909	40	5504	1927.0919	1927.0919
12584	41	279	1927.1011	1928.1206
10562	41	279	1927.1011	1931.1217
13666	41	279	1927.1011	1931.1217
31480	41	279	1927.1011	1931.1217
1986	41	279	1927.1011	1931.1217
8416	41	279	1927.1011	1931.1217
24398	41	279	1927.1011	1931.1217
2749	17	728	1927.11	1927.11
36031	25	652	1927.1124	1927.1124
41196	4	1550	1927.1126	1929.0119
33433	15	1112	1927.1212	1927.1212
9148	19	15306	1927.122	1927.122
15306	19	9148	1927.122	1987.0817
30956	44	2891	1927.1231	1927.1231
19802	33	1314	1928.0	1920.0
542	3	543	1928.0	1928.0
6845	15	6846	1928.0	1928.0
3367	17	728	1928.0	1928.0
761	30	11065	1928.0	1928.0
6845	15	10284	1928.0	1928.0
15948	3	115	1928.0	1928.0
19431	38	5387	1928.0	1928.0
11785	41	4374	1928.0	1928.0
14760	4	21729	1928.0	1928.0
23021	4	107	1928.0	1928.0
26154	3	886	1928.0	1928.0
31784	41	4374	1928.0	1928.0
27152	15	14867	1928.0	1928.0
9560	3	24938	1928.0	1928.0
9547	148	14601	1928.0	1928.0
32534	17	1696	1928.0	1928.0
503	30	21202	1928.0	1928.0
32534	15	32481	1928.0	1928.0
1981	4	6245	1928.0	1928.0
35026	3	115	1928.0	1928.0
22660	3	7276	1928.0	1928.0
17984	3	1017	1928.0	1928.0
31768	3	25152	1928.0	1928.0
5923	3	38202	1928.0	1928.0
38218	4	27734	1928.0	1928.0
11882	3	1139	1928.0	1928.0
38186	41	4374	1928.0	1928.0
26082	25	142	1928.0	1928.0
40193	3	1942	1928.0	1928.0
18365	14	5613	1928.0	1928.0
9407	33	223	1928.0	1928.0
22835	15	1746	1928.0	1928.0
8237	3	115	1928.0	1928.0
10117	14	543	1928.0	1928.0
15484	3	28551	1928.0	1928.0
6742	41	2157	1928.0	1928.0
19802	33	673	1928.0	1928.0
30249	15	25462	1928.0	1928.0
27112	3	115	1928.0	1928.0
7036	3	39269	1928.0	1928.0
8444	3	17311	1928.0	1928.0
36469	4	10437	1928.0	1928.0
11648	3	11734	1928.0	1928.0
37357	4	12893	1928.0	1928.0
9479	25	897	1928.0	1928.0
31503	52	7862	1928.0	1928.0
3220	21	13	1928.0	1928.0
25225	17	728	1928.0	1928.0
34408	25	4348	1928.0	1928.0
13902	3	13903	1928.0	1929.0
37427	3	41012	1928.0	1929.0
26098	4	1699	1928.0	1929.0
8260	3	2829	1928.0	1929.0
16698	3	11274	1928.0	1930.0
30829	41	1366	1928.0	1930.0
24688	4	12893	1928.0	1930.0
8695	14	1687	1928.0	1930.0
41529	4	21729	1928.0	1930.0
35898	14	9817	1928.0	1930.0
24392	18	1007	1928.0	1931.0
34472	4	20708	1928.0	1931.0
7145	14	1942	1928.0	1931.0
17686	3	11284	1928.0	1931.0
125	3	2763	1928.0	1932.0
22940	4	4037	1928.0	1934.0
19791	14	32596	1928.0	1934.0
6722	4	319	1928.0	1935.0
13800	14	13801	1928.0	1936.0
868	14	17850	1928.0	1936.0
35970	25	34766	1928.0	1938.0
24883	14	31591	1928.0	1939.0
17668	41	296	1928.0	1940.0
3242	41	947	1928.0	1940.0
18365	14	12742	1928.0	1942.0
3242	41	17347	1928.0	1942.0
22514	41	3069	1928.0	1942.0531
4525	41	4374	1928.0	1944.0
31097	154	22849	1928.0	1946.0
29391	18	11517	1928.0	1946.0
20368	4	11332	1928.0	1948.0
13904	21	26560	1928.0	1948.0514
15277	19	8512	1928.0	1956.1125
3123	19	25324	1928.0	1982.111
2772	4	2773	1928.0101	1928.0101
15365	4	15366	1928.0101	1928.0101
17735	15	17736	1928.0101	1928.0101
18585	15	5967	1928.0101	1928.0101
19104	37	1351	1928.0101	1928.0101
20277	4	5118	1928.0101	1928.0101
25093	4	25817	1928.0101	1928.0101
22835	16	1746	1928.0101	1928.0101
22485	4	10779	1928.0101	1928.0101
32761	4	13065	1928.0101	1928.0101
4747	15	19410	1928.0101	1928.0101
11065	15	761	1928.0101	1928.0101
24826	4	1620	1928.0101	1928.0101
32899	4	13065	1928.0101	1928.0101
8678	4	3562	1928.0101	1928.0101
2674	16	1746	1928.0101	1928.0101
6765	3	5245	1928.0101	1928.0101
21570	4	21571	1928.0101	1928.0101
34962	4	6570	1928.0101	1928.0101
8633	4	4753	1928.0101	1928.0101
2628	16	1746	1928.0101	1928.0101
7083	16	1746	1928.0101	1928.0101
36364	16	1746	1928.0101	1928.0101
7565	4	17231	1928.0101	1928.0101
8497	4	5140	1928.0101	1928.0101
13387	4	13727	1928.0101	1928.0101
33550	4	2435	1928.0101	1928.0101
16626	4	40002	1928.0101	1928.0101
7062	4	3562	1928.0101	1928.0101
23891	4	89	1928.0101	1928.0101
12436	4	5134	1928.0101	1928.0101
39361	15	38432	1928.0101	1928.0101
12980	4	2435	1928.0101	1928.0101
7991	4	19816	1928.0101	1928.0101
22880	4	9926	1928.0101	1928.0101
32069	4	6570	1928.0101	1928.0101
22715	4	4152	1928.0101	1928.0101
14723	16	1746	1928.0101	1928.0101
10509	3	11350	1928.0101	1928.0101
37259	4	13065	1928.0101	1928.0101
32857	15	11425	1928.0101	1928.0101
6995	4	11520	1928.0101	1928.0101
8352	4	6570	1928.0101	1928.0101
32169	4	2471	1928.0101	1928.0101
37323	4	13065	1928.0101	1928.0101
25093	4	6732	1928.0101	1928.0101
18897	15	1201	1928.0101	1928.0101
27151	4	19816	1928.0101	1928.0101
28392	4	6339	1928.0101	1928.0101
28392	4	8836	1928.0101	1928.0101
9037	4	1727	1928.0101	1928.0101
23014	4	12931	1928.0101	1928.0101
6496	4	8305	1928.0101	1928.0101
18693	4	6479	1928.0101	1928.0101
37886	4	260	1928.0101	1928.0101
31647	16	1746	1928.0101	1928.0101
12030	4	522	1928.0101	1928.0101
24671	4	247	1928.0101	1928.0101
5165	15	18869	1928.0101	1928.0101
12328	4	1477	1928.0101	1928.0101
15354	37	9326	1928.0101	1928.0101
36556	4	260	1928.0101	1928.0101
32387	4	13065	1928.0101	1928.0101
24041	4	3133	1928.0101	1928.0101
12328	4	13727	1928.0101	1928.0101
4190	4	5311	1928.0101	1928.0101
866	16	1746	1928.0101	1928.0101
4190	4	1741	1928.0101	1928.0101
17487	15	13832	1928.0101	1928.0101
30475	15	6865	1928.0101	1928.0101
11600	4	14162	1928.0101	1928.0101
565	4	566	1928.0101	1929.0101
2732	4	882	1928.0101	1929.0101
4458	4	588	1928.0101	1929.0101
6338	4	6339	1928.0101	1929.0101
11077	4	2471	1928.0101	1929.0101
12756	4	16556	1928.0101	1929.0101
3700	4	10466	1928.0101	1929.0101
23726	4	10089	1928.0101	1929.0101
24052	4	13065	1928.0101	1929.0101
25093	4	15769	1928.0101	1929.0101
25150	4	6339	1928.0101	1929.0101
9867	4	4796	1928.0101	1929.0101
27391	4	1263	1928.0101	1929.0101
9392	4	15276	1928.0101	1929.0101
6986	4	4901	1928.0101	1929.0101
35110	4	2435	1928.0101	1929.0101
29208	4	3087	1928.0101	1929.0101
20532	4	19326	1928.0101	1929.0101
8678	4	35646	1928.0101	1929.0101
3086	4	37404	1928.0101	1929.0101
1837	4	3836	1928.0101	1929.0101
29499	4	1040	1928.0101	1929.0101
13064	4	1741	1928.0101	1929.0101
30472	4	6339	1928.0101	1929.0101
1740	4	4206	1928.0101	1929.0101
13284	4	30139	1928.0101	1929.0101
8916	4	172	1928.0101	1929.0101
4903	4	1510	1928.0101	1929.0101
23347	4	16556	1928.0101	1929.0101
18488	4	22519	1928.0101	1929.0101
8784	4	9155	1928.0101	1929.0101
33286	4	11638	1928.0101	1929.0101
32899	4	8548	1928.0101	1929.0101
21818	4	38559	1928.0101	1929.0101
15365	4	1263	1928.0101	1929.0101
38311	4	10861	1928.0101	1929.0101
34322	4	37499	1928.0101	1929.0101
35101	4	12529	1928.0101	1929.0101
41765	4	5875	1928.0101	1929.0101
37413	4	2443	1928.0101	1929.0101
27039	3	16721	1928.0101	1929.0101
35457	4	172	1928.0101	1929.0101
37747	4	260	1928.0101	1929.0101
32334	4	25817	1928.0101	1929.0101
5267	4	6405	1928.0101	1929.0101
18797	4	1620	1928.0101	1929.0101
10990	4	1766	1928.0101	1929.0101
834	4	3900	1928.0101	1929.0101
24	4	4796	1928.0101	1929.0101
246	4	980	1928.0101	1929.0101
37259	4	19326	1928.0101	1929.0101
4775	4	18607	1928.0101	1929.0101
979	4	25	1928.0101	1929.0101
32	4	4196	1928.0101	1929.0101
37245	4	10410	1928.0101	1929.0101
27722	4	25549	1928.0101	1929.0101
24813	4	8437	1928.0101	1929.0101
17129	4	3562	1928.0101	1929.0101
30863	4	2133	1928.0101	1929.0101
4900	4	172	1928.0101	1929.0101
12074	4	3900	1928.0101	1929.0101
24984	4	10861	1928.0101	1929.0101
23695	4	5575	1928.0101	1929.0101
28392	4	22786	1928.0101	1929.0101
29431	4	899	1928.0101	1929.0101
15099	4	2471	1928.0101	1929.0101
32507	4	4206	1928.0101	1929.0101
3481	4	882	1928.0101	1929.0101
6731	4	3087	1928.0101	1929.0101
34160	4	10779	1928.0101	1929.0101
36746	4	1128	1928.0101	1929.0101
14177	4	8108	1928.0101	1929.0101
32387	4	14661	1928.0101	1929.0101
20817	4	5035	1928.0101	1929.0101
33466	4	9	1928.0101	1929.0101
34475	4	13065	1928.0101	1929.0101
12328	4	3596	1928.0101	1929.0101
7310	4	522	1928.0101	1929.0101
18177	4	6732	1928.0101	1929.0101
11711	4	1277	1928.0101	1929.0101
6043	4	698	1928.0101	1929.0101
29737	4	13727	1928.0101	1929.0101
6451	4	7049	1928.0101	1929.0101
21769	4	5307	1928.0101	1929.0101
30244	4	6470	1928.0101	1929.0101
38289	4	2028	1928.0101	1929.0101
2837	4	10875	1928.0101	1929.0101
35206	4	4030	1928.0101	1929.0101
1276	4	1277	1928.0101	1930.0101
11600	4	1130	1928.0101	1930.0101
19301	4	3405	1928.0101	1930.0101
21468	4	8580	1928.0101	1930.0101
11099	4	15129	1928.0101	1930.0101
2967	4	1920	1928.0101	1930.0101
23161	4	1374	1928.0101	1930.0101
19666	4	5030	1928.0101	1930.0101
3215	4	3405	1928.0101	1930.0101
32770	4	1263	1928.0101	1930.0101
8859	4	30277	1928.0101	1930.0101
21261	4	1374	1928.0101	1930.0101
22190	19	4550	1928.0101	1930.0101
36893	4	6216	1928.0101	1930.0101
24041	4	28367	1928.0101	1930.0101
18228	4	32985	1928.0101	1930.0101
39494	4	1040	1928.0101	1930.0101
40473	4	22297	1928.0101	1930.0101
38521	4	1676	1928.0101	1930.0101
7565	4	13042	1928.0101	1930.0101
32761	4	9306	1928.0101	1930.0101
14258	4	11520	1928.0101	1930.0101
40829	4	25	1928.0101	1930.0101
6171	4	2372	1928.0101	1930.0101
21581	4	16556	1928.0101	1930.0101
12907	4	9350	1928.0101	1930.0101
11506	4	9682	1928.0101	1930.0101
39305	4	16627	1928.0101	1930.0101
18248	4	1741	1928.0101	1930.0101
15662	4	2028	1928.0101	1930.0101
14197	4	1477	1928.0101	1930.0101
35794	4	2809	1928.0101	1930.0101
14560	4	5359	1928.0101	1930.0101
9085	4	1477	1928.0101	1930.0101
32169	4	588	1928.0101	1930.0101
15114	4	4901	1928.0101	1930.0101
789	4	2133	1928.0101	1930.0101
39953	4	100	1928.0101	1930.0101
4550	19	22190	1928.0101	1930.0101
5899	4	522	1928.0101	1930.0101
8	4	5134	1928.0101	1930.0101
26297	4	2792	1928.0101	1930.0101
1099	4	13701	1928.0101	1930.0101
29108	4	8548	1928.0101	1930.0101
13461	4	30139	1928.0101	1930.0101
11154	4	260	1928.0101	1931.0
8799	4	1952	1928.0101	1931.0101
14309	4	1741	1928.0101	1931.0101
8633	4	5035	1928.0101	1931.0101
10481	4	28942	1928.0101	1931.0101
36659	4	429	1928.0101	1931.0101
6190	4	321	1928.0101	1931.0101
320	4	5311	1928.0101	1931.0101
8297	4	3087	1928.0101	1931.0101
30585	4	4154	1928.0101	1931.0101
32163	4	14668	1928.0101	1931.0101
31064	4	2435	1928.0101	1931.0101
21045	4	6470	1928.0101	1931.0101
37299	4	588	1928.0101	1931.0101
33793	4	4196	1928.0101	1931.0101
9423	3	22726	1928.0101	1931.0101
5274	4	13065	1928.0101	1931.0101
13553	4	2028	1928.0101	1931.0101
19308	4	1267	1928.0101	1931.0101
27649	3	24146	1928.0101	1931.0101
29497	4	100	1928.0101	1931.0101
17423	4	4807	1928.0101	1931.0101
36009	4	2471	1928.0101	1931.0101
306	4	5660	1928.0101	1931.0101
29727	4	4901	1928.0101	1931.0101
18579	4	4901	1928.0101	1932.0101
26509	4	6570	1928.0101	1932.0101
12437	4	429	1928.0101	1932.0101
3472	4	6570	1928.0101	1932.0101
35184	4	2792	1928.0101	1932.0101
23634	4	8478	1928.0101	1932.0101
18057	4	1781	1928.0101	1932.0101
6485	4	2627	1928.0101	1932.0101
24816	4	321	1928.0101	1932.0101
15653	4	2547	1928.0101	1932.0101
890	4	4901	1928.0101	1932.0101
16653	4	5359	1928.0101	1932.0101
19028	4	5398	1928.0101	1932.0101
36473	4	558	1928.0101	1932.0101
23046	4	8437	1928.0101	1932.0101
10442	4	1477	1928.0101	1932.0101
9750	4	5035	1928.0101	1932.0101
34879	4	6479	1928.0101	1932.0101
10621	4	6455	1928.0101	1933.0101
21001	4	4196	1928.0101	1933.0101
18790	4	4901	1928.0101	1933.0101
7845	4	6172	1928.0101	1933.0101
26511	4	882	1928.0101	1933.0101
25214	4	370	1928.0101	1933.0101
30153	4	260	1928.0101	1933.0101
38512	4	1267	1928.0101	1933.0101
25192	4	889	1928.0101	1933.0101
36959	4	1741	1928.0101	1933.0101
18894	4	2138	1928.0101	1933.0101
20819	4	2471	1928.0101	1933.0101
7154	4	1040	1928.0101	1933.0101
8593	4	3606	1928.0101	1933.0101
10061	4	31772	1928.0101	1933.0101
18588	4	2028	1928.0101	1933.0101
8338	4	429	1928.0101	1933.0101
29687	4	2028	1928.0101	1933.0101
14041	19	26813	1928.0101	1934.0
5117	4	5118	1928.0101	1934.0101
8829	4	6339	1928.0101	1934.0101
11453	4	429	1928.0101	1934.0101
22880	4	429	1928.0101	1934.0101
4848	4	2028	1928.0101	1934.0101
17037	4	4807	1928.0101	1934.0101
26813	19	14041	1928.0101	1934.0101
14359	19	23837	1928.0101	1935.0101
8098	4	260	1928.0101	1935.0101
29992	4	2423	1928.0101	1935.0101
21426	4	1374	1928.0101	1935.0101
30501	4	5311	1928.0101	1935.0101
23837	19	14359	1928.0101	1935.0101
2934	4	178	1928.0101	1936.0101
16094	4	2028	1928.0101	1936.0101
27577	4	6827	1928.0101	1936.0101
11431	19	30071	1928.0101	1936.0101
31936	4	8548	1928.0101	1936.0101
30071	19	11431	1928.0101	1936.0101
4617	19	33800	1928.0101	1937.0101
35659	4	2028	1928.0101	1937.0101
14460	19	20088	1928.0101	1937.0101
20088	19	14460	1928.0101	1937.0101
39982	4	91	1928.0101	1937.0101
19300	19	33309	1928.0101	1937.0101
33800	19	4617	1928.0101	1937.0101
23961	4	5359	1928.0101	1938.0101
8819	4	34320	1928.0101	1938.0101
26645	4	5359	1928.0101	1938.0101
21055	19	21056	1928.0101	1939.0101
22093	4	6470	1928.0101	1939.0101
31234	4	15129	1928.0101	1939.0101
7888	19	34555	1928.0101	1939.0101
30870	4	889	1928.0101	1939.0101
15304	4	980	1928.0101	1939.0101
4527	4	8548	1928.0101	1939.0101
21056	19	21055	1928.0101	1939.0101
29314	4	16670	1928.0101	1940.0101
2934	4	24519	1928.0101	1940.0101
26184	19	348	1928.0101	1940.0101
348	19	26184	1928.0101	1940.0101
19701	4	1374	1928.0101	1942.0101
4750	4	5140	1928.0101	1946.0101
6159	19	35322	1928.0101	1946.0101
17959	4	4807	1928.0101	1946.0101
42493	4	5311	1928.0101	1947.0101
2258	14	4522	1928.0101	1954.0101
15121	19	15122	1928.0101	1955.0101
15122	19	15121	1928.0101	1955.0101
17462	19	22357	1928.0101	1956.0101
22357	19	17462	1928.0101	1956.0101
8512	19	15277	1928.0101	1956.1125
25324	19	3123	1928.0101	1982.111
41709	4	7554	1928.0107	1929.0401
34190	4	1550	1928.0121	1935.0119
29245	17	13128	1928.02	1932.0609
34429	17	13128	1928.02	1932.0609
9003	15	1112	1928.022	1928.022
4868	3	6786	1928.0325	1929.0322
16499	3	6786	1928.0325	1939.0322
19769	14	9817	1928.04	1961.1
27345	46	6091	1928.0401	1935.0531
27345	18	3342	1928.0401	1945.0508
33309	19	19300	1928.0403	1937.0621
39895	4	1550	1928.0409	1930.0201
30929	41	7796	1928.0418	1928.1116
18049	17	15127	1928.0501	1928.0501
23077	41	296	1928.0601	1932.0531
31557	41	296	1928.0601	1932.0531
28221	41	296	1928.0601	1932.0531
21966	4	25112	1928.0606	1928.0929
11091	25	652	1928.0607	1928.0607
34555	19	7888	1928.0615	1939.1212
13247	19	14015	1928.07	1928.07
14015	19	13247	1928.07	1928.07
7617	19	23213	1928.0719	1954.1128
23213	19	7617	1928.0719	1954.1128
2806	3	29005	1928.08	1928.08
20449	19	5573	1928.0918	1997.0806
5573	19	20449	1928.0918	1997.0806
14952	33	13	1928.1	1928.1
35322	19	6159	1928.1	1946.0
36613	146	26031	1928.1001	1928.1006
1000	80	2501	1928.1002	1930.0607
2501	41	1000	1928.1002	1930.0607
3185	15	1650	1928.1005	1928.1005
22765	25	142	1928.1005	1928.1005
22765	15	1650	1928.1005	1928.1005
16499	184	6450	1928.1008	1928.1013
18976	19	6716	1928.1124	1931.0307
6716	19	18976	1928.1124	1931.0307
32275	19	22799	1928.1127	1928.1127
22799	19	32275	1928.1127	1928.1127
12438	3	29005	1928.12	1929.08
21425	41	9209	1928.121	1930.0528
590	62	33408	1928.121	1938.0513
38651	134	12467	1928.1214	1928.1214
1906	3	115	1929.0	1929.0
10849	15	10841	1929.0	1929.0
12137	33	119	1929.0	1929.0
1272	3	11284	1929.0	1929.0
14172	3	2059	1929.0	1929.0
28801	3	939	1929.0	1929.0
7699	17	728	1929.0	1929.0
17760	3	115	1929.0	1929.0
18241	3	8308	1929.0	1929.0
26811	30	12579	1929.0	1929.0
34463	3	2746	1929.0	1929.0
13921	25	8651	1929.0	1929.0
16557	3	35551	1929.0	1929.0
27331	15	15145	1929.0	1929.0
316	4	21729	1929.0	1929.0
14820	21	113	1929.0	1929.0
11739	17	9081	1929.0	1929.0
33798	14	2800	1929.0	1929.0
38675	4	38676	1929.0	1929.0
25495	3	12052	1929.0	1929.0
9764	3	18961	1929.0	1929.0
31438	17	24079	1929.0	1929.0
2350	33	364	1929.0	1929.0
8020	3	35698	1929.0	1929.0
13697	4	4037	1929.0	1929.0
11648	3	1139	1929.0	1929.0
25495	3	2959	1929.0	1929.0
37413	21	113	1929.0	1929.0
20760	15	1112	1929.0	1929.0
25516	17	728	1929.0	1929.0
524	30	2694	1929.0	1929.0
34135	3	6724	1929.0	1929.0
40845	48	378	1929.0	1929.0
28769	3	2059	1929.0	1929.0
34058	25	1680	1929.0	1929.0
10117	25	6421	1929.0	1929.0
20073	3	19194	1929.0	1929.0
22815	71	856	1929.0	1929.0
32336	16	524	1929.0	1929.0
6194	15	9110	1929.0	1929.0
14665	21	13	1929.0	1929.0
39485	15	8314	1929.0	1929.0
15245	44	1560	1929.0	1929.0
3197	25	142	1929.0	1929.0
1089	3	15245	1929.0	1929.0
24261	4	19037	1929.0	1929.0
16199	33	29407	1929.0	1929.0
19803	3	6282	1929.0	1929.0
1537	3	9544	1929.0	1929.0
30395	4	20802	1929.0	1929.0
74	34	3	1929.0	1929.0
34408	15	38428	1929.0	1929.0
17165	16	524	1929.0	1929.0
25303	17	728	1929.0	1929.0
10589	3	115	1929.0	1929.0
38192	3	24540	1929.0	1929.0
17165	15	524	1929.0	1929.0
25941	15	1800	1929.0	1929.0
1753	18	3706	1929.0	1929.0
18241	3	939	1929.0	1930.0
26209	14	1017	1929.0	1930.0
1309	14	9817	1929.0	1930.0
37390	4	2092	1929.0	1931.0
5644	3	17876	1929.0	1931.0
41529	4	27892	1929.0	1931.0
42412	3	17491	1929.0	1932.0
14842	14	12197	1929.0	1934.0
9764	18	1007	1929.0	1938.0
10734	4	7602	1929.0	1939.0
20801	4	27734	1929.0	1939.0
12088	21	613	1929.0	1941.0
17428	18	23009	1929.0	1942.0
11090	19	37000	1929.0	1942.0
19950	14	16719	1929.0	1945.0
10776	14	939	1929.0	1945.0
5463	12	1345	1929.0	1945.0
998	18	7393	1929.0	1946.0
22815	14	1232	1929.0	1947.0
18790	4	1835	1929.0	1950.0
23915	4	7602	1929.0	1950.0
6346	19	16497	1929.0	1951.0124
16497	19	6346	1929.0	1951.0124
14365	25	8987	1929.0	1956.0
37401	33	673	1929.0	1970.0
73	29	29860	1929.0	1991.0
3	34	74	1929.0	1992.0
3528	4	1040	1929.0101	1929.0101
8590	52	8591	1929.0101	1929.0101
10204	4	260	1929.0101	1929.0101
14008	4	10779	1929.0101	1929.0101
15463	16	1746	1929.0101	1929.0101
18443	4	10861	1929.0101	1929.0101
19835	4	1620	1929.0101	1929.0101
20158	3	6282	1929.0101	1929.0101
12162	40	22223	1929.0101	1929.0101
14908	15	24025	1929.0101	1929.0101
20026	4	1766	1929.0101	1929.0101
12579	15	26811	1929.0101	1929.0101
18897	15	1201	1929.0101	1929.0101
20166	15	29894	1929.0101	1929.0101
31139	15	31140	1929.0101	1929.0101
12714	4	260	1929.0101	1929.0101
32951	4	2133	1929.0101	1929.0101
19734	4	260	1929.0101	1929.0101
10288	16	1746	1929.0101	1929.0101
6496	4	6479	1929.0101	1929.0101
33337	4	2028	1929.0101	1929.0101
27493	4	11638	1929.0101	1929.0101
8000	15	36790	1929.0101	1929.0101
16799	4	13065	1929.0101	1929.0101
11898	3	8689	1929.0101	1929.0101
37966	4	6216	1929.0101	1929.0101
2772	4	2773	1929.0101	1929.0101
38408	15	20134	1929.0101	1929.0101
21570	4	17650	1929.0101	1929.0101
35101	4	10089	1929.0101	1929.0101
15365	4	15366	1929.0101	1929.0101
22813	15	6846	1929.0101	1929.0101
20532	4	11685	1929.0101	1929.0101
30461	15	10284	1929.0101	1929.0101
39361	15	20665	1929.0101	1929.0101
11506	4	21414	1929.0101	1929.0101
4666	15	2575	1929.0101	1929.0101
12436	4	8548	1929.0101	1929.0101
37967	4	370	1929.0101	1929.0101
41976	4	1676	1929.0101	1929.0101
20277	4	11520	1929.0101	1929.0101
13311	4	8580	1929.0101	1929.0101
6716	37	4405	1929.0101	1929.0101
14723	16	1746	1929.0101	1929.0101
21032	3	8689	1929.0101	1929.0101
14835	4	5359	1929.0101	1929.0101
33550	4	15129	1929.0101	1929.0101
33550	4	13065	1929.0101	1929.0101
14582	4	25817	1929.0101	1929.0101
6995	4	4796	1929.0101	1929.0101
4785	4	5191	1929.0101	1929.0101
4418	16	1746	1929.0101	1929.0101
21202	15	503	1929.0101	1929.0101
24210	4	2435	1929.0101	1929.0101
37323	4	5311	1929.0101	1929.0101
2791	15	40725	1929.0101	1929.0101
16826	15	7955	1929.0101	1929.0101
22559	4	35888	1929.0101	1929.0101
28392	4	3223	1929.0101	1929.0101
18473	4	29906	1929.0101	1929.0101
18473	4	15227	1929.0101	1929.0101
4747	15	19410	1929.0101	1929.0101
36086	52	8591	1929.0101	1929.0101
36086	40	22223	1929.0101	1929.0101
18693	4	1620	1929.0101	1929.0101
7617	25	6421	1929.0101	1929.0101
37442	40	42406	1929.0101	1929.0101
37442	40	34652	1929.0101	1929.0101
21818	4	2627	1929.0101	1929.0101
9233	4	2982	1929.0101	1929.0101
12162	52	8591	1929.0101	1929.0101
27493	4	24814	1929.0101	1929.0101
12162	134	8591	1929.0101	1929.0101
12579	15	39868	1929.0101	1929.0101
33044	134	8591	1929.0101	1929.0101
33044	40	22223	1929.0101	1929.0101
32387	4	1376	1929.0101	1929.0101
8590	133	8591	1929.0101	1929.0101
40331	4	15244	1929.0101	1929.0101
8590	134	8591	1929.0101	1929.0101
9392	4	2028	1929.0101	1929.0101
6065	3	23960	1929.0101	1929.0101
8497	4	2809	1929.0101	1929.0101
10096	16	1746	1929.0101	1929.0101
5646	15	36357	1929.0101	1929.0101
2674	16	1746	1929.0101	1929.0101
23081	4	33954	1929.0101	1929.0101
11077	4	5035	1929.0101	1929.0101
246	4	247	1929.0101	1930.0101
4900	4	4901	1929.0101	1930.0101
6043	4	6044	1929.0101	1930.0101
6067	4	6068	1929.0101	1930.0101
24	4	6044	1929.0101	1930.0101
4775	4	429	1929.0101	1930.0101
6986	4	5030	1929.0101	1930.0101
14177	4	4356	1929.0101	1930.0101
17945	4	5118	1929.0101	1930.0101
20532	4	1741	1929.0101	1930.0101
12074	4	1741	1929.0101	1930.0101
8784	4	4206	1929.0101	1930.0101
13618	4	522	1929.0101	1930.0101
20694	4	390	1929.0101	1930.0101
15652	4	8305	1929.0101	1930.0101
18488	4	15636	1929.0101	1930.0101
29737	4	1676	1929.0101	1930.0101
32899	4	3482	1929.0101	1930.0101
3086	4	370	1929.0101	1930.0101
34322	4	9261	1929.0101	1930.0101
2082	4	15636	1929.0101	1930.0101
2772	4	33985	1929.0101	1930.0101
34962	4	2133	1929.0101	1930.0101
33235	4	2043	1929.0101	1930.0101
25921	4	2435	1929.0101	1930.0101
7410	4	16556	1929.0101	1930.0101
37038	4	18420	1929.0101	1930.0101
37083	4	370	1929.0101	1930.0101
37259	4	19326	1929.0101	1930.0101
26122	4	3482	1929.0101	1930.0101
20684	4	4807	1929.0101	1930.0101
11475	4	16556	1929.0101	1930.0101
39220	4	4030	1929.0101	1930.0101
38776	4	370	1929.0101	1930.0101
18716	4	18776	1929.0101	1930.0101
6209	4	8108	1929.0101	1930.0101
8678	4	8170	1929.0101	1930.0101
1740	4	12529	1929.0101	1930.0101
32736	4	4206	1929.0101	1930.0101
28298	4	889	1929.0101	1930.0101
11711	4	9350	1929.0101	1930.0101
28700	4	28024	1929.0101	1930.0101
21570	4	16627	1929.0101	1930.0101
27731	4	1374	1929.0101	1930.0101
35101	4	6732	1929.0101	1930.0101
40711	4	1477	1929.0101	1930.0101
16207	4	2372	1929.0101	1930.0101
12950	4	6339	1929.0101	1930.0101
5267	4	14579	1929.0101	1930.0101
15447	4	10861	1929.0101	1930.0101
41976	4	1676	1929.0101	1930.0101
661	4	12556	1929.0101	1930.0101
29499	4	370	1929.0101	1930.0101
42087	4	36022	1929.0101	1930.0101
898	4	889	1929.0101	1930.0101
42089	4	24814	1929.0101	1930.0101
10292	4	6732	1929.0101	1930.0101
4903	4	19326	1929.0101	1930.0101
36665	4	3405	1929.0101	1930.0101
13553	4	5234	1929.0101	1930.0101
11462	4	3596	1929.0101	1930.0101
35794	4	1263	1929.0101	1930.0101
25192	4	5145	1929.0101	1930.0101
25150	4	3216	1929.0101	1930.0101
13030	4	3087	1929.0101	1930.0101
17129	4	13065	1929.0101	1930.0101
24984	4	11685	1929.0101	1930.0101
37323	4	3340	1929.0101	1930.0101
3595	4	6339	1929.0101	1930.0101
28329	4	6732	1929.0101	1930.0101
17294	4	2982	1929.0101	1930.0101
30472	4	319	1929.0101	1930.0101
39872	4	9155	1929.0101	1930.0101
24667	4	13065	1929.0101	1930.0101
11155	4	5660	1929.0101	1930.0101
24840	4	5359	1929.0101	1930.0101
29868	4	247	1929.0101	1930.0101
7273	4	30035	1929.0101	1930.0101
3528	4	13065	1929.0101	1930.0101
12328	4	4196	1929.0101	1930.0101
1998	4	2028	1929.0101	1930.0101
4256	4	3601	1929.0101	1930.0101
32387	4	20686	1929.0101	1930.0101
34475	4	37499	1929.0101	1930.0101
23347	4	1952	1929.0101	1930.0101
20817	4	10861	1929.0101	1930.0101
18177	4	4206	1929.0101	1930.0101
11122	4	10705	1929.0101	1930.0101
39748	4	5307	1929.0101	1930.0101
9392	4	24116	1929.0101	1930.0101
2732	4	2138	1929.0101	1930.0101
2837	4	8289	1929.0101	1930.0101
30244	4	429	1929.0101	1930.0101
3745	4	9	1929.0101	1930.0101
27391	4	6732	1929.0101	1930.0101
4741	4	390	1929.0101	1931.0101
18801	4	6479	1929.0101	1931.0101
19591	4	6570	1929.0101	1931.0101
9867	4	6479	1929.0101	1931.0101
23943	4	13065	1929.0101	1931.0101
33398	4	4580	1929.0101	1931.0101
25093	4	5151	1929.0101	1931.0101
1476	4	2028	1929.0101	1931.0101
26101	4	1920	1929.0101	1931.0101
6188	4	1741	1929.0101	1931.0101
8106	4	89	1929.0101	1931.0101
34326	4	2627	1929.0101	1931.0101
15762	4	38826	1929.0101	1931.0101
36556	4	1920	1929.0101	1931.0101
19366	4	35813	1929.0101	1931.0101
12597	4	3746	1929.0101	1931.0101
14368	4	17413	1929.0101	1931.0101
24052	4	1040	1929.0101	1931.0101
12653	4	588	1929.0101	1931.0101
41765	4	566	1929.0101	1931.0101
41760	4	3596	1929.0101	1931.0101
32334	4	1130	1929.0101	1931.0101
11603	4	22276	1929.0101	1931.0101
13311	4	4196	1929.0101	1931.0101
34409	4	4796	1929.0101	1931.0101
11447	4	4206	1929.0101	1931.0101
19060	4	12426	1929.0101	1931.0101
22730	4	22374	1929.0101	1931.0101
27722	4	22786	1929.0101	1931.0101
27943	4	8108	1929.0101	1931.0101
7111	4	2809	1929.0101	1931.0101
13117	4	13878	1929.0101	1931.0101
22644	4	3729	1929.0101	1931.0101
18473	4	2133	1929.0101	1931.0101
28392	4	22786	1929.0101	1931.0101
25855	4	13065	1929.0101	1931.0101
16555	4	5660	1929.0101	1931.0101
11801	4	10126	1929.0101	1931.0101
23473	4	6732	1929.0101	1931.0101
5642	4	1952	1929.0101	1931.0101
12030	4	2471	1929.0101	1931.0101
7753	4	1263	1929.0101	1931.0101
17050	4	6339	1929.0101	1931.0101
15762	4	7898	1929.0101	1931.0101
36003	4	6339	1929.0101	1931.0101
23204	4	2545	1929.0101	1931.0101
20301	4	3596	1929.0101	1931.0101
38289	4	3900	1929.0101	1931.0101
6451	4	3087	1929.0101	1932.0101
7062	4	4206	1929.0101	1932.0101
13064	4	13065	1929.0101	1932.0101
18479	4	11685	1929.0101	1932.0101
20207	4	6339	1929.0101	1932.0101
22219	4	3701	1929.0101	1932.0101
9273	4	4796	1929.0101	1932.0101
24036	4	2982	1929.0101	1932.0101
24726	4	6339	1929.0101	1932.0101
29208	4	247	1929.0101	1932.0101
14856	4	10958	1929.0101	1932.0101
29086	4	15047	1929.0101	1932.0101
4190	4	3562	1929.0101	1932.0101
36746	4	5030	1929.0101	1932.0101
38485	4	6339	1929.0101	1932.0101
38511	4	2471	1929.0101	1932.0101
11154	4	6068	1929.0101	1932.0101
24813	4	3087	1929.0101	1932.0101
33531	4	6216	1929.0101	1932.0101
3700	4	3701	1929.0101	1932.0101
16799	4	4206	1929.0101	1932.0101
34039	4	15129	1929.0101	1932.0101
20806	4	15	1929.0101	1932.0101
14173	4	390	1929.0101	1932.0101
7048	4	321	1929.0101	1932.0101
3481	4	4206	1929.0101	1932.0101
42380	4	1128	1929.0101	1932.0101
21818	4	8876	1929.0101	1932.0101
25477	4	11365	1929.0101	1932.0101
19734	4	9555	1929.0101	1932.0101
38773	4	11685	1929.0101	1932.0101
40331	4	4901	1929.0101	1932.0101
13535	4	5118	1929.0101	1932.0101
1815	4	2545	1929.0101	1932.0101
35206	4	2138	1929.0101	1932.0101
565	4	6470	1929.0101	1933.0101
8219	4	4206	1929.0101	1933.0101
25875	4	1741	1929.0101	1933.0101
13111	4	1128	1929.0101	1933.0101
10333	4	260	1929.0101	1933.0101
33269	4	14212	1929.0101	1933.0101
13037	4	566	1929.0101	1933.0101
36684	4	522	1929.0101	1933.0101
12756	4	390	1929.0101	1933.0101
19796	4	10996	1929.0101	1933.0101
30590	4	1040	1929.0101	1933.0101
21376	4	321	1929.0101	1933.0101
37413	4	6167	1929.0101	1933.0101
18422	4	3701	1929.0101	1933.0101
11078	4	11599	1929.0101	1933.0101
27160	4	2133	1929.0101	1933.0101
32533	4	5660	1929.0101	1933.0101
39107	4	1792	1929.0101	1933.0101
33337	4	2435	1929.0101	1933.0101
16756	4	1197	1929.0101	1933.0101
25445	4	6455	1929.0101	1933.0101
22082	4	9155	1929.0101	1933.0101
31130	4	2138	1929.0101	1933.0101
7310	4	588	1929.0101	1934.0101
23695	4	5035	1929.0101	1934.0101
21492	4	6436	1929.0101	1934.0101
39004	4	11685	1929.0101	1934.0101
11610	4	2547	1929.0101	1934.0101
6579	4	4196	1929.0101	1934.0101
1919	4	11365	1929.0101	1934.0101
17119	4	1676	1929.0101	1934.0101
27008	4	260	1929.0101	1934.0101
9233	4	6339	1929.0101	1934.0101
21754	4	5311	1929.0101	1934.0101
26701	4	1952	1929.0101	1934.0101
10957	4	10958	1929.0101	1935.0101
25973	4	319	1929.0101	1935.0101
23081	4	1374	1929.0101	1935.0101
13884	4	9555	1929.0101	1935.0101
21426	4	260	1929.0101	1935.0101
15679	4	9555	1929.0101	1935.0101
36788	4	260	1929.0101	1935.0101
42244	4	1510	1929.0101	1935.0101
42354	4	3405	1929.0101	1935.0101
6338	4	6455	1929.0101	1935.0101
34160	4	980	1929.0101	1935.0101
32090	4	1477	1929.0101	1935.0101
35110	4	1676	1929.0101	1936.0101
38959	4	2133	1929.0101	1936.0101
35355	4	11520	1929.0101	1936.0101
32839	4	6405	1929.0101	1936.0101
26431	4	6339	1929.0101	1936.0101
24261	4	2423	1929.0101	1936.0101
6127	4	9555	1929.0101	1936.0101
8916	4	5311	1929.0101	1937.0101
11211	4	374	1929.0101	1937.0101
32790	4	6068	1929.0101	1938.0101
11037	4	15129	1929.0101	1938.0101
33466	4	12556	1929.0101	1938.0101
551	4	552	1929.0101	1939.0101
21769	4	15	1929.0101	1939.0101
10990	4	321	1929.0101	1939.0101
40999	4	91	1929.0101	1939.0101
36080	4	5140	1929.0101	1939.0101
39345	4	2435	1929.0101	1939.0101
20838	37	203	1929.0101	1939.0101
37142	4	1040	1929.0101	1939.0101
41748	4	15785	1929.0101	1940.0101
22587	19	22588	1929.0101	1942.0101
19317	4	4491	1929.0101	1942.0101
22588	19	22587	1929.0101	1942.0101
37000	19	11090	1929.0101	1942.0101
38311	4	89	1929.0101	1943.0101
27321	4	5140	1929.0101	1945.0101
27007	4	25269	1929.0101	1946.0101
13724	14	4522	1929.0101	1947.0101
24501	4	1128	1929.0101	1953.0101
7508	19	5481	1929.0101	1962.0101
5481	19	7508	1929.0101	1962.0101
10551	19	36352	1929.0101	1970.0101
36352	19	10551	1929.0101	1970.0101
9157	154	14015	1929.0105	1945.0429
7327	52	8591	1929.0106	1929.0106
3758	44	4178	1929.0113	1929.0113
29	66	3127	1929.0114	1929.0114
18847	44	3127	1929.0114	1929.0114
1255	44	3127	1929.0114	1929.1001
7507	44	3127	1929.0114	1937.0925
11489	1	73	1929.0114	1991.1225
3127	1	73	1929.0114	1991.1225
3127	44	716	1929.0114	1991.1225
11489	44	716	1929.0114	1991.1225
2551	44	3127	1929.0114	2004.1124
403	44	11489	1929.0114	2005.1222
17697	4	1550	1929.0119	1929.0202
16083	4	1550	1929.0119	1932.0312
23226	4	1550	1929.0119	1932.0312
26278	4	1550	1929.0202	1933.0311
33677	25	142	1929.0205	1929.0205
33677	15	1650	1929.0205	1929.0205
1160	54	4850	1929.0211	1929.0211
4850	62	6264	1929.0211	1939.021
3197	25	6421	1929.0213	1929.0213
6194	41	6709	1929.0304	1933.0304
13528	41	5154	1929.0304	1933.0304
13	70	6194	1929.0304	1933.0304
20784	3	6786	1929.0318	1930.0329
10463	3	6786	1929.0318	1930.0329
25364	14	9817	1929.0321	1962.0
6931	38	368	1929.0331	1935.0608
5055	38	3420	1929.0401	1929.1009
16833	57	1697	1929.0401	1933.0
16833	46	6091	1929.0401	1935.043
16833	18	3342	1929.0401	1945.0508
20201	19	22900	1929.041	1956.0814
22900	19	20201	1929.041	1956.0814
716	70	14870	1929.0518	1930.1103
31756	18	3459	1929.0525	1929.0525
29332	25	15937	1929.0601	1929.0601
12088	33	6778	1929.0612	1931.0
20738	48	3912	1929.0614	1929.0614
5437	25	652	1929.062	1945.0815
1969	18	10472	1929.07	1929.07
27011	37	29	1929.07	1931.09
30126	14	9817	1929.07	1943.1
13934	146	5055	1929.0701	1929.1011
12994	18	3459	1929.0921	1929.0921
24994	4	2809	1929.0921	1931.1031
20784	184	36613	1929.093	1929.1005
528	33	11203	1929.1	1930.06
39302	44	10677	1929.1001	1929.1001
29	44	3127	1929.1001	1931.0615
5055	3	6786	1929.1012	1930.0105
12629	46	6091	1929.1015	1935.0531
12629	18	3342	1929.1015	1943.0516
5162	44	29860	1929.1016	1991.1226
5162	66	29860	1929.1016	1991.1226
13987	40	1483	1929.1018	1929.1018
15359	17	1696	1929.11	1933.1026
29332	17	15127	1929.1101	1929.1101
41112	161	9061	1929.1102	1929.1102
37098	48	2615	1929.1103	1929.1103
18189	19	13523	1929.1112	1939.0706
13523	19	18189	1929.1112	1939.0706
29860	12	23300	1929.1205	1991.0
29860	1	73	1929.1205	1991.0
29860	44	73	1929.1205	1991.0
35416	3	3232	1929.1213	1929.1213
1969	25	1970	1930.0	1930.0
6031	17	728	1930.0	1930.0
11431	3	2059	1930.0	1930.0
626	32	20950	1930.0	1930.0
17864	41	23009	1930.0	1930.0
2350	21	364	1930.0	1930.0
27858	15	1112	1930.0	1930.0
10091	3	6415	1930.0	1930.0
28081	17	728	1930.0	1930.0
19616	14	9817	1930.0	1930.0
4879	3	23414	1930.0	1930.0
33042	25	24748	1930.0	1930.0
8695	15	3129	1930.0	1930.0
30064	3	939	1930.0	1930.0
32171	15	792	1930.0	1930.0
34192	3	36194	1930.0	1930.0
26400	16	503	1930.0	1930.0
4891	16	524	1930.0	1930.0
9876	14	5871	1930.0	1930.0
21804	3	3498	1930.0	1930.0
32336	16	524	1930.0	1930.0
8439	33	32444	1930.0	1930.0
25536	3	756	1930.0	1930.0
25887	17	728	1930.0	1930.0
8431	16	503	1930.0	1930.0
17805	52	8591	1930.0	1930.0
9455	59	1423	1930.0	1930.0
3718	14	17097	1930.0	1930.0
11844	17	728	1930.0	1930.0
1969	25	15186	1930.0	1930.0
6089	21	73	1930.0	1930.0
17755	3	6282	1930.0	1930.0
8992	133	1402	1930.0	1930.0
7311	14	2863	1930.0	1930.0
1158	3	38893	1930.0	1930.0
26278	4	11017	1930.0	1930.0
35136	15	1800	1930.0	1930.0
14593	18	1336	1930.0	1930.0
26784	104	424	1930.0	1930.0
4302	3	6415	1930.0	1930.0
20597	3	9316	1930.0	1930.0
21242	3	11134	1930.0	1930.0
8439	3	9725	1930.0	1930.0
39211	17	4046	1930.0	1930.0
20688	3	3318	1930.0	1930.0
12187	3	30070	1930.0	1930.0
3717	3	13546	1930.0	1930.0
281	30	280	1930.0	1930.0
35080	14	34660	1930.0	1930.0
4534	18	455	1930.0	1930.0
23192	3	886	1930.0	1930.0
23892	3	886	1930.0	1930.0
31969	3	3156	1930.0	1930.0
24392	3	33774	1930.0	1930.0
20950	32	626	1930.0	1930.0
4906	21	113	1930.0	1930.0
5015	71	856	1930.0	1930.0
31216	15	10841	1930.0	1930.0
24338	3	20070	1930.0	1931.0
15065	4	2092	1930.0	1931.0
37288	14	9964	1930.0	1931.0
29102	3	32448	1930.0	1931.0
38508	37	383	1930.0	1932.0
7601	4	2092	1930.0	1932.0
39754	4	23718	1930.0	1932.0
18241	18	1007	1930.0	1932.0
542	3	18008	1930.0	1932.0
4879	3	13805	1930.0	1932.0
19147	4	2423	1930.0	1933.0
8627	33	383	1930.0	1933.0
36763	14	18008	1930.0	1934.0
11785	41	1339	1930.0	1934.0
25129	14	9097	1930.0	1934.0
14759	3	14123	1930.0	1934.0
29102	3	33343	1930.0	1935.0
23901	3	13113	1930.0	1935.0
16271	4	8876	1930.0	1935.0
24573	3	28551	1930.0	1935.0
33821	4	21729	1930.0	1935.0
6637	33	383	1930.0	1936.0
22521	4	4037	1930.0	1936.0
27170	14	2863	1930.0	1937.0
29261	3	21335	1930.0	1938.0
16310	44	3592	1930.0	1938.0114
19124	4	25194	1930.0	1939.0
15065	4	1835	1930.0	1939.0
10752	33	140	1930.0	1940.0
19616	14	31961	1930.0	1940.0
3488	17	15897	1930.0	1940.0
36594	17	966	1930.0	1940.0
21491	14	2585	1930.0	1940.0
31439	14	9817	1930.0	1941.0
12112	14	7044	1930.0	1941.0
27170	14	2863	1930.0	1941.04
16877	14	31961	1930.0	1942.0
34077	14	2863	1930.0	1942.1
8765	19	18923	1930.0	1944.0
29102	33	4586	1930.0	1944.0
29267	4	4037	1930.0	1948.0
31310	41	2157	1930.0	1948.0
8077	14	11236	1930.0	1952.0
8695	14	1319	1930.0	1955.0
35898	14	3948	1930.0	1963.0
15991	1	2429	1930.0	1983.0
19162	24	73	1930.0	1991.0
11742	21	73	1930.0	1991.0
3591	66	3592	1930.0	1991.0
2311	44	6437	1930.0	1991.083
36079	14	9817	1930.01	1944.07
280	15	281	1930.0101	1930.0101
6496	4	4796	1930.0101	1930.0101
6770	4	2028	1930.0101	1930.0101
16626	4	16627	1930.0101	1930.0101
25997	15	2575	1930.0101	1930.0101
16741	4	1263	1930.0101	1930.0101
18623	4	21571	1930.0101	1930.0101
21581	4	8437	1930.0101	1930.0101
32220	4	1620	1930.0101	1930.0101
26539	15	21403	1930.0101	1930.0101
6684	4	8437	1930.0101	1930.0101
35101	4	312	1930.0101	1930.0101
25843	3	136	1930.0101	1930.0101
20449	17	1696	1930.0101	1930.0101
24150	15	6865	1930.0101	1930.0101
17129	4	31897	1930.0101	1930.0101
35185	16	1746	1930.0101	1930.0101
20277	4	6455	1930.0101	1930.0101
13013	16	1746	1930.0101	1930.0101
8619	4	4030	1930.0101	1930.0101
11077	4	2792	1930.0101	1930.0101
25057	37	630	1930.0101	1930.0101
34212	4	13144	1930.0101	1930.0101
27943	4	37404	1930.0101	1930.0101
37967	4	3746	1930.0101	1930.0101
18623	4	16627	1930.0101	1930.0101
3086	4	522	1930.0101	1930.0101
6194	15	12386	1930.0101	1930.0101
9121	4	8548	1930.0101	1930.0101
12560	4	9795	1930.0101	1930.0101
39220	4	9	1930.0101	1930.0101
32761	4	41857	1930.0101	1930.0101
23891	4	319	1930.0101	1930.0101
29179	4	1676	1930.0101	1930.0101
2786	4	3596	1930.0101	1930.0101
14723	16	1746	1930.0101	1930.0101
10567	4	1510	1930.0101	1930.0101
19835	4	3596	1930.0101	1930.0101
8678	4	30651	1930.0101	1930.0101
19835	4	10861	1930.0101	1930.0101
40951	15	6865	1930.0101	1930.0101
38109	15	23112	1930.0101	1930.0101
18897	15	1201	1930.0101	1930.0101
13245	15	34064	1930.0101	1930.0101
7520	4	5035	1930.0101	1930.0101
4747	15	19410	1930.0101	1930.0101
24671	4	5035	1930.0101	1930.0101
1099	4	1128	1930.0101	1930.0101
11155	4	42471	1930.0101	1930.0101
22531	15	29894	1930.0101	1930.0101
20864	33	203	1930.0101	1930.0101
28774	4	3223	1930.0101	1930.0101
866	16	1746	1930.0101	1930.0101
17444	3	32447	1930.0101	1930.0101
41516	15	5967	1930.0101	1930.0101
7410	4	10281	1930.0101	1930.0101
30244	4	399	1930.0101	1930.0101
32770	4	3562	1930.0101	1930.0101
3745	4	1741	1930.0101	1930.0101
1740	4	1741	1930.0101	1931.0101
6349	4	1952	1930.0101	1931.0101
7431	4	7432	1930.0101	1931.0101
10971	4	2435	1930.0101	1931.0101
8859	4	15636	1930.0101	1931.0101
18826	4	429	1930.0101	1931.0101
21570	4	21571	1930.0101	1931.0101
24840	4	980	1930.0101	1931.0101
27017	4	100	1930.0101	1931.0101
27380	4	588	1930.0101	1931.0101
16207	4	10996	1930.0101	1931.0101
23347	4	9	1930.0101	1931.0101
27731	4	1920	1930.0101	1931.0101
19549	4	1792	1930.0101	1931.0101
15114	4	1952	1930.0101	1931.0101
21581	4	9	1930.0101	1931.0101
32761	4	15366	1930.0101	1931.0101
34276	4	10466	1930.0101	1931.0101
34962	4	1130	1930.0101	1931.0101
14560	4	25	1930.0101	1931.0101
6043	4	4580	1930.0101	1931.0101
1099	4	2627	1930.0101	1931.0101
11120	4	27726	1930.0101	1931.0101
2837	4	10875	1930.0101	1931.0101
34396	4	5660	1930.0101	1931.0101
2082	4	4796	1930.0101	1931.0101
8	4	8437	1930.0101	1931.0101
29678	4	6732	1930.0101	1931.0101
19301	4	25802	1930.0101	1931.0101
38776	4	6732	1930.0101	1931.0101
25878	4	5660	1930.0101	1931.0101
34898	4	5660	1930.0101	1931.0101
39982	4	18777	1930.0101	1931.0101
26814	4	6479	1930.0101	1931.0101
2732	4	1277	1930.0101	1931.0101
29446	4	13960	1930.0101	1931.0101
9392	4	3746	1930.0101	1931.0101
17945	4	14943	1930.0101	1931.0101
28329	4	4030	1930.0101	1931.0101
37083	4	2982	1930.0101	1931.0101
6524	4	2427	1930.0101	1931.0101
3745	4	13065	1930.0101	1931.0101
3595	4	319	1930.0101	1931.0101
28766	4	5311	1930.0101	1931.0101
32874	4	1676	1930.0101	1931.0101
37038	4	2945	1930.0101	1931.0101
23161	4	12426	1930.0101	1931.0101
28944	4	3729	1930.0101	1931.0101
15295	4	1741	1930.0101	1931.0101
20532	4	13065	1930.0101	1931.0101
40711	4	100	1930.0101	1931.0101
