199459	235	188097	951	951
291215	282	195515	951	951
199027	235	188075	951	951
251837	139	247820	951	951
277452	282	192069	951	951
197849	235	190379	951	951
355676	139	210371	951	951
274144	235	188609	951	951
209066	235	189160	951	951
193546	235	188614	951	951
196028	235	189284	951	951
194361	235	189128	951	951
310455	235	188781	951	951
281176	235	191424	951	951
296196	139	318919	951	951
203514	235	188603	951	951
257916	282	201248	951	951
196764	139	199352	951	951
267512	235	188979	951	951
211261	235	189649	951	951
193919	235	206193	951	951
233072	52	370415	951	951
236352	235	188192	951	951
256219	282	363781	951	951
282952	235	189157	951	951
240364	235	191926	951	951
209635	235	188006	951	951
366246	282	194480	951	951
219378	235	188055	951	951
288973	282	221621	951	951
229167	235	189528	951	951
203823	235	188603	951	951
222926	235	188155	951	951
200003	235	188202	951	951
201977	235	189620	951	951
228683	235	188276	951	951
351948	139	192521	951	951
253246	235	189333	951	951
254530	52	286689	951	951
297515	52	309306	951	951
242258	282	192589	951	951
201147	235	188075	951	951
206983	235	188058	951	951
205810	235	188612	951	951
217104	235	189972	951	951
221675	52	339746	951	951
318099	235	188552	951	951
285154	52	261308	951	951
211298	52	356277	951	951
220476	235	188855	951	951
282280	235	188297	951	951
196912	235	188079	951	951
240054	282	190356	951	951
192437	52	329616	951	951
262155	235	188649	951	951
297885	139	197930	951	951
255509	235	188968	951	951
201173	235	188228	951	951
210229	235	188186	951	951
216555	235	188122	951	951
288223	49	263784	951	951
210144	235	188397	951	951
229179	235	188440	951	951
189432	139	229390	951	951
190870	235	188066	951	951
269485	235	188154	951	951
194046	235	188145	951	951
291763	52	349167	951	951
231500	282	190128	951	951
247029	235	188835	951	951
205575	235	188348	951	951
222357	235	188701	951	951
281083	235	188561	951	951
214392	235	188912	951	951
346182	139	245456	951	951
319096	235	189536	951	951
284321	282	189305	951	951
260665	235	219232	951	951
275785	235	188865	951	951
297225	282	189365	951	951
198176	235	188089	951	951
314224	282	271969	951	951
232237	235	189128	951	951
251086	235	189083	951	951
326034	139	262542	951	951
201557	235	188011	951	951
204956	235	188400	951	951
218611	52	329616	951	951
194681	52	346182	951	951
359558	282	191364	951	951
204606	235	188129	951	951
203091	235	188494	951	951
206760	235	190154	951	951
235075	235	188704	951	951
284029	282	215903	951	951
296508	235	189419	951	951
246083	235	188009	951	951
205338	235	258871	951	951
222391	235	188667	951	951
210101	235	189884	951	951
356206	139	246736	951	951
246736	282	350435	951	951
200733	235	188277	951	951
209533	235	189522	951	951
192285	235	188408	951	951
234424	235	188054	951	951
196161	139	250858	951	951
213393	235	188019	951	951
284781	235	188552	951	951
207630	235	188254	951	951
265121	282	189693	951	951
271408	235	192739	951	951
371377	52	194109	951	951
234308	235	190519	951	951
214723	235	189796	951	951
291410	282	195042	951	951
215703	235	188747	951	951
355380	139	193856	951	951
195225	235	188066	951	951
212483	235	188795	951	951
189856	139	321112	951	951
268842	235	190562	951	951
203627	235	188395	951	951
211504	235	188486	951	951
227734	235	188985	951	951
223301	235	189121	951	951
267187	235	190818	951	951
330388	282	212376	951	951
201547	235	188902	951	951
320364	235	199105	951	951
200052	235	189910	951	951
194912	235	188203	951	951
309770	282	192216	951	951
194898	235	188136	951	951
206982	235	207088	951	951
301856	235	190850	951	951
204226	235	189819	951	951
234357	235	188247	951	951
193007	235	188276	951	951
197348	235	188902	951	951
201674	235	188003	951	951
338094	49	260705	951	951
260045	235	214762	951	951
211039	235	188056	951	951
220070	235	191479	951	951
355729	282	191042	951	951
214834	235	189372	951	951
199243	235	189717	951	951
206978	235	189400	951	951
195975	235	189250	951	951
319108	235	188593	951	951
192521	282	310070	951	951
257530	235	190608	951	951
326249	235	188398	951	951
366669	282	189305	951	951
219620	235	195208	951	951
196056	52	355026	951	951
273886	282	214389	951	951
200553	235	188193	951	951
219893	235	188741	951	951
261949	52	329616	951	951
219021	235	189913	951	951
202069	235	194346	951	951
261832	49	192937	951	951
220317	235	190367	951	951
361937	139	191101	951	951
329616	139	195892	951	951
296150	282	189305	951	951
199419	52	367484	951	951
331254	139	197205	951	951
195654	235	190533	951	951
307215	235	188379	951	951
204665	235	190408	951	951
224994	235	191048	951	951
352787	235	190177	951	951
218854	139	311165	951	951
317153	139	361220	951	951
200200	235	188661	951	951
251999	282	346136	951	951
271457	235	189326	951	951
210266	52	361667	951	951
294934	235	188592	951	951
340286	282	355308	951	951
193385	52	338690	951	951
201263	235	188074	951	951
222437	235	188877	951	951
224021	235	189281	951	951
318611	235	189740	951	951
237240	235	188712	951	951
346601	139	194526	951	951
303753	49	188257	951	951
222785	235	189007	951	951
229759	235	188393	951	951
358083	139	199109	951	951
248593	235	188099	951	951
191845	139	343828	951	951
191385	235	188053	951	951
238054	282	260108	951	951
274563	235	188075	951	951
270746	49	338310	951	951
205810	235	188725	951	951
246209	235	188515	951	951
198558	235	188203	951	951
344290	282	196484	951	951
203146	235	188545	951	951
206196	235	190073	951	951
220369	235	188446	951	951
352230	37	188176	951	951
249797	282	308020	951	951
236327	235	190123	951	951
352885	139	200140	951	951
205082	235	188568	951	951
201334	235	189508	951	951
217669	235	188942	951	951
228077	235	191419	951	951
289107	235	188019	951	951
196394	235	188281	951	951
293324	282	192266	951	951
195615	235	189256	951	951
194062	235	188076	951	951
233000	235	189128	951	951
243685	235	201338	951	951
252280	52	362460	951	951
201449	282	308274	951	951
255064	282	191470	951	951
201071	235	189043	951	951
344895	282	260659	951	951
307743	235	188736	951	951
201335	235	188582	951	951
199311	235	188003	951	951
194303	235	200360	951	951
199672	235	195240	951	951
203823	235	188638	951	951
193919	235	191332	951	951
220548	282	283007	951	951
219527	235	194141	951	951
200140	282	352885	951	951
298514	235	191058	951	951
193955	235	188334	951	951
296737	49	190972	951	951
254339	235	299314	951	951
223073	282	195170	951	951
334333	235	286789	951	951
198829	235	188085	951	951
200876	235	188691	951	951
259070	235	188106	951	951
217308	235	188485	951	951
357590	235	188009	951	951
194229	235	188298	951	951
279989	235	188185	951	951
196471	235	188494	951	951
199191	235	220771	951	951
307322	235	192551	951	951
361220	282	317153	951	951
193400	52	303505	951	951
255064	282	191044	951	951
211889	235	256749	951	951
220136	282	192128	951	951
205262	282	358007	951	951
244954	282	355026	951	951
209316	235	188097	951	951
208084	235	188297	951	951
215138	235	188682	951	951
226944	235	188154	951	951
197998	235	188058	951	951
281972	235	189366	951	951
192895	235	190818	951	951
208589	235	189154	951	951
219686	282	356465	951	951
204238	235	188426	951	951
357656	282	355308	951	951
201124	235	188902	951	951
196496	235	188043	951	951
248181	139	276318	951	951
193322	255	268193	951	951
202594	235	188064	951	951
277186	139	194364	951	951
220955	235	188223	951	951
196805	235	188043	951	951
205305	235	189177	951	951
193522	235	189423	951	951
270798	235	195174	951	951
314330	49	292437	951	951
296346	235	188561	951	951
271087	282	370415	951	951
214357	235	188006	951	951
253422	235	192661	951	951
193441	235	189396	951	951
202463	235	188250	951	951
195362	282	270293	951	951
242991	235	190441	951	951
211736	235	188389	951	951
298052	235	189269	951	951
197567	235	189135	951	951
271529	282	373830	951	951
215855	235	264603	951	951
199754	235	189399	951	951
200731	235	188772	951	951
289821	282	309767	951	951
197573	235	188010	951	951
193117	52	372834	951	951
351554	282	191831	951	951
198893	235	188691	951	951
306442	282	190128	951	951
275289	235	188534	951	951
203954	235	190429	951	951
204978	235	188203	951	951
357656	52	355308	951	951
223241	282	212362	951	951
195235	235	188461	951	951
243219	235	191419	951	951
283701	235	189647	951	951
279132	235	188628	951	951
212552	235	188367	951	951
276223	235	188248	951	951
198304	282	285112	951	951
231774	235	189970	951	951
199328	235	188500	951	951
200647	235	199006	951	951
217358	235	188552	951	951
287784	282	221755	951	951
206729	235	188450	951	951
193400	52	194700	951	951
297036	235	197947	951	951
242400	282	375423	951	951
210883	235	191625	951	951
194846	235	188139	951	951
199619	235	189289	951	951
193898	235	188175	951	951
247919	235	188385	951	951
284614	139	307288	951	951
193275	235	195277	951	951
252856	235	189189	951	951
213811	235	188976	951	951
196337	235	188247	951	951
353448	282	270361	951	951
233791	235	188056	951	951
276816	235	191926	951	951
213079	235	188025	951	951
250529	235	188865	951	951
208450	235	188893	951	951
192994	235	200091	951	951
363867	282	192430	951	951
260779	235	188743	951	951
195681	47	328784	951	951
193477	235	188025	951	951
202749	235	188951	951	951
210998	235	188773	951	951
338952	52	371651	951	951
199219	235	191154	951	951
195564	235	188118	951	951
226022	235	188446	951	951
196624	235	189796	951	951
196149	235	189449	951	951
277382	235	189326	951	951
192458	235	188109	951	951
205159	235	188011	951	951
194816	52	356383	951	951
220138	235	188718	951	951
354473	139	338825	951	951
194165	235	188003	951	951
198777	235	188097	951	951
214669	235	188503	951	951
218168	235	190850	951	951
220031	235	188334	951	951
201802	235	188617	951	951
210551	282	195657	951	951
218349	235	188370	951	951
200480	235	188395	951	951
197455	235	188872	951	951
231200	235	188640	951	951
318508	235	188510	951	951
312825	289	293866	951	951
259431	235	194399	951	951
221685	52	375123	951	951
223321	235	191154	951	951
201349	282	191050	951	951
211860	235	188089	951	951
340766	235	188509	951	951
203665	235	188118	951	951
331407	282	346946	951	951
199028	235	188222	951	951
236230	235	188316	951	951
210180	52	267546	951	951
303649	235	190314	951	952
207537	235	188912	951	952
210051	235	188277	951	952
301881	235	189796	951	952
259100	235	189333	951	952
195976	235	188097	951	952
202949	235	189796	951	952
243205	235	188374	951	952
212230	235	188446	951	952
271555	235	188207	951	952
251373	235	188326	951	952
192802	235	188033	951	952
201294	235	188576	951	952
198980	235	189304	951	952
224059	235	190439	951	952
199273	235	190123	951	952
242698	235	188978	951	952
288971	235	189299	951	952
203813	235	188541	951	952
207111	235	189236	951	952
269224	235	214026	951	952
207553	235	189069	951	952
232980	235	193061	951	952
202255	235	188886	951	952
274291	235	218713	951	952
203511	235	189717	951	952
263965	235	207426	951	952
275443	235	190422	951	952
194321	235	208834	951	952
199818	235	188207	951	952
222449	235	191820	951	952
212137	235	188503	951	952
217904	235	192190	951	952
262230	235	192506	951	952
196639	235	188502	951	952
199328	235	188500	951	952
197420	235	188630	951	952
249164	235	355821	951	952
213349	235	189725	951	952
188413	267	350400	951	952
257834	235	191925	951	952
207059	235	188577	951	952
220800	235	223744	951	952
245228	235	193808	951	952
192422	235	188338	951	952
264340	235	190048	951	952
194866	235	189232	951	952
210324	235	206666	951	952
259257	235	189005	951	952
195477	235	188130	951	952
200383	235	188395	951	952
283452	235	188340	951	952
193590	235	189483	951	952
195203	235	188366	951	952
213827	235	188246	951	952
209717	235	188411	951	952
200061	235	188462	951	952
215919	235	188279	951	952
211035	235	192387	951	952
216197	235	189314	951	952
200793	235	188371	951	952
202553	235	189033	951	952
277826	235	201707	951	952
268678	235	188269	951	952
260161	235	188253	951	952
202016	235	189221	951	952
222764	235	188161	951	952
201277	235	188395	951	952
292716	235	188794	951	952
194077	235	188052	951	952
211185	235	188321	951	952
208663	235	188454	951	952
282252	235	188461	951	952
193619	235	188912	951	952
200554	235	189397	951	952
192337	235	188105	951	952
232028	235	188231	951	952
196768	235	188474	951	952
275723	235	188730	951	952
228822	235	191373	951	952
243192	235	190288	951	952
228615	235	188098	951	952
195548	235	188522	951	952
218606	235	188938	951	952
234009	235	267180	951	952
198807	235	189965	951	952
238913	235	193085	951	952
218129	235	189622	951	952
214090	235	188785	951	952
217255	235	188352	951	952
307876	235	190896	951	952
218023	235	191733	951	952
211827	235	196360	951	952
214058	235	188265	951	952
218653	235	188406	951	952
198137	235	189280	951	952
258077	235	192636	951	952
206497	235	195743	951	952
245987	235	190822	951	952
193551	235	188056	951	952
196071	235	188924	951	952
246244	235	210044	951	952
196356	235	188381	951	952
292696	235	192468	951	952
314433	235	190196	951	952
207878	235	188660	951	952
217096	235	188897	951	952
269319	235	188146	951	952
221213	235	188066	951	952
247866	235	195506	951	952
300130	235	191820	951	952
278904	235	189008	951	952
223543	235	190968	951	952
197546	235	188851	951	952
262681	235	188415	951	952
238427	235	188139	951	952
202054	235	189200	951	952
201973	235	188923	951	952
211096	235	188058	951	952
209279	235	188223	951	952
195111	235	188139	951	952
194875	235	188389	951	952
208852	235	188603	951	952
214199	235	188482	951	952
201135	235	188017	951	952
200494	235	190829	951	952
204380	235	188344	951	952
200184	235	189880	951	952
273826	235	189065	951	952
270062	235	188045	951	952
194842	235	188011	951	952
196876	235	188140	951	952
252386	235	188178	951	952
200410	235	188053	951	952
232237	235	188093	951	952
289935	235	189278	951	952
278983	235	309032	951	952
212409	235	189717	951	952
253377	235	220320	951	952
205351	235	190039	951	952
298371	235	190164	951	952
194594	235	190991	951	952
198837	235	191164	951	952
204784	235	189253	951	952
198918	235	188532	951	952
253288	235	189568	951	952
270586	235	205685	951	952
201006	235	188168	951	952
272435	235	189895	951	952
218434	235	188644	951	952
230917	235	188265	951	952
197706	235	188685	951	952
215428	235	188626	951	952
206385	235	243677	951	952
207700	235	188483	951	952
234676	235	189064	951	952
193151	235	188017	951	952
217314	235	188356	951	952
197583	235	188244	951	952
198337	235	188129	951	952
253969	235	189252	951	952
193733	235	211112	951	952
194914	235	189956	951	952
200802	235	188182	951	952
211514	235	255782	951	952
213734	235	196525	951	952
213941	235	188486	951	952
230464	235	188027	951	952
227084	235	188063	951	952
226354	235	191977	951	952
213162	235	188201	951	952
198114	235	189584	951	952
216094	235	188070	951	952
199590	235	194055	951	952
259328	235	188657	951	952
250332	235	199836	951	952
202958	235	189073	951	952
283748	235	189973	951	952
205850	235	188542	951	952
226828	235	188578	951	952
211345	235	188242	951	952
216340	289	194096	951	952
196530	235	188735	951	952
238859	235	188168	951	952
201590	235	188267	951	952
222304	235	188604	951	952
271492	235	188173	951	952
235875	235	188772	951	952
206555	235	189666	951	952
203406	235	188190	951	952
220840	235	189236	951	952
331753	235	188350	951	952
250767	235	188506	951	952
301382	235	188506	951	952
196755	235	189947	951	952
243067	235	188267	951	952
219513	235	188552	951	952
200951	235	190555	951	952
199861	235	188606	951	952
229671	235	188603	951	952
289137	235	188820	951	952
211413	235	189050	951	952
280309	235	188306	951	952
197889	235	188099	951	952
244104	235	190667	951	952
198021	235	188123	951	952
199890	235	188385	951	952
224492	235	188626	951	952
211194	235	188302	951	952
234191	235	188167	951	952
215342	235	188921	951	952
241089	235	189538	951	952
196756	235	188173	951	952
235056	235	188992	951	952
254847	235	188997	951	952
299720	235	228507	951	952
213543	235	188602	951	952
194845	235	188189	951	952
193869	235	188028	951	952
203932	235	188606	951	952
206754	235	189135	951	952
219699	235	191765	951	952
275818	235	189656	951	952
215611	235	190942	951	952
231986	235	190119	951	952
194425	235	188120	951	952
245326	235	188082	951	952
279733	235	190829	951	952
201888	235	191198	951	952
201643	235	188018	951	952
234560	235	188424	951	952
198462	235	188795	951	952
199156	235	250965	951	952
198502	235	189350	951	952
196603	235	188397	951	952
214981	235	190659	951	952
230114	235	188197	951	952
195360	235	232658	951	952
208725	235	190799	951	952
243231	235	191650	951	952
217256	235	189249	951	952
210676	235	194620	951	952
215837	235	188122	951	952
273540	235	188406	951	952
221602	235	198631	951	952
281474	235	188985	951	952
284908	235	190288	951	952
267100	235	189257	951	952
233951	235	188223	951	952
209030	235	193608	951	952
193177	235	188015	951	952
199754	235	188900	951	952
207483	235	188053	951	952
195032	235	188079	951	952
206031	235	188223	951	952
275995	235	188379	951	952
203733	235	201167	951	952
242857	235	189895	951	952
209510	235	188137	951	952
202790	235	188552	951	952
263128	235	188051	951	952
197883	235	188991	951	952
195067	235	188048	951	952
271363	235	189628	951	952
230616	235	188395	951	952
221438	235	188506	951	952
207827	235	190669	951	952
207078	235	191405	951	952
253175	235	188494	951	952
238994	235	188949	951	952
212526	235	188540	951	952
198998	235	188015	951	952
197650	235	189018	951	952
204265	235	188175	951	952
215179	235	188770	951	952
215805	235	188606	951	952
212013	235	188178	951	952
195299	235	188134	951	952
258356	235	188308	951	952
244659	235	209124	951	952
188233	267	230063	951	952
211981	235	188445	951	952
197690	235	189081	951	952
341683	235	189188	951	952
197214	235	189063	951	952
268482	235	188701	951	952
239383	235	188993	951	952
210545	235	188197	951	952
225482	235	188760	951	952
210643	235	188874	951	952
205288	235	188877	951	952
213379	235	188682	951	952
246600	235	188738	951	952
205271	235	192836	951	952
211573	235	189671	951	952
244036	235	206049	951	952
207937	235	188005	951	952
198216	235	188479	951	952
216835	235	188783	951	952
217957	235	188708	951	952
224551	235	189294	951	952
215171	235	194011	951	952
210818	235	188036	951	952
213372	235	189116	951	952
194855	235	190673	951	952
197244	235	188093	951	952
201771	235	190123	951	952
220052	235	189197	951	952
209458	235	188005	951	952
220281	235	188646	951	952
209062	235	188741	951	952
205773	235	193467	951	952
268012	235	188505	951	952
209475	235	232658	951	952
205673	235	188074	951	952
218222	235	189511	951	952
222489	235	188480	951	952
249416	235	189299	951	952
238052	235	205685	951	952
193132	235	210352	951	952
203430	235	188855	951	952
196273	235	188605	951	952
208526	235	188686	951	952
220667	235	189248	951	952
206497	235	191726	951	952
194001	235	188276	951	952
213629	235	188149	951	952
195981	235	189248	951	952
210615	235	188615	951	952
221442	235	188110	951	952
197981	235	188356	951	952
192949	235	188079	951	952
204427	235	189417	951	952
265943	235	286294	951	952
208145	235	188613	951	952
208500	235	188020	951	952
271796	235	188812	951	952
217178	235	188787	951	952
202336	235	188206	951	952
196199	235	188183	951	952
270453	235	189269	951	952
201270	235	188813	951	952
250690	235	188120	951	952
195485	235	188502	951	952
197689	235	188204	951	952
256149	235	189906	951	952
217155	235	189781	951	952
194731	235	188034	951	952
213628	235	189612	951	952
278377	235	189857	951	952
209039	235	190318	951	952
214841	235	188269	951	952
198685	235	192303	951	952
194331	235	202635	951	952
247932	235	189125	951	952
203821	235	188217	951	952
223516	235	189598	951	952
204453	235	188661	951	952
194602	235	188186	951	952
251847	235	190434	951	952
197042	235	188075	951	952
201328	235	188052	951	952
205258	235	188073	951	952
203533	235	188533	951	952
201644	235	188130	951	952
227595	235	188294	951	952
209069	235	188688	951	952
282374	235	188203	951	952
207449	235	191820	951	952
207468	235	189091	951	952
253174	235	202184	951	952
253612	235	188398	951	952
271902	235	188154	951	952
205655	235	188223	951	952
196400	235	188501	951	952
195012	235	188133	951	952
252544	235	188381	951	952
259606	235	189082	951	952
213036	235	188533	951	952
211715	235	189639	951	952
199266	235	188439	951	952
224036	235	188204	951	952
205195	235	188032	951	952
257413	235	188172	951	952
212868	235	188209	951	952
252463	235	188442	951	952
193575	235	189391	951	952
229752	235	189083	951	952
227990	235	189005	951	952
207916	235	193939	951	952
200108	235	188842	951	952
241911	235	191406	951	952
201984	235	190084	951	952
195683	235	191009	951	952
196033	235	279331	951	952
202900	235	188469	951	952
218751	235	189649	951	952
217915	235	188547	951	952
216458	235	189198	951	952
282979	235	190201	951	952
196021	235	190655	951	952
237139	235	188597	951	952
209441	235	188153	951	952
212672	235	199006	951	952
272124	235	190530	951	952
206112	235	189581	951	952
200278	235	190950	951	952
247932	235	191749	951	952
212652	235	188589	951	952
209483	235	189157	951	952
200653	235	190942	951	952
256225	235	188381	951	952
256017	235	188023	951	952
213303	235	189606	951	952
200455	235	191126	951	952
195163	235	188938	951	952
207181	235	190328	951	952
236389	235	188802	951	952
261771	235	189501	951	952
214478	235	189078	951	952
207715	235	188469	951	952
215492	235	188297	951	952
194255	235	188491	951	952
259207	235	188180	951	952
202148	235	189345	951	952
194306	235	189397	951	952
210291	235	188439	951	952
205723	235	190434	951	952
218436	235	188143	951	952
246786	235	188944	951	952
198145	235	188538	951	952
194190	235	188178	951	952
221898	235	192298	951	952
279807	235	189524	951	952
264326	235	189088	951	952
193915	235	190405	951	952
197314	235	189714	951	952
212880	235	189612	951	952
233236	235	190884	951	952
198072	235	189509	951	952
203618	235	188833	951	952
209702	235	188364	951	952
227647	235	188506	951	952
200044	235	189443	951	952
209553	235	189080	951	952
214383	235	191131	951	952
208755	235	189326	951	952
197284	235	188880	951	952
216878	235	189552	951	952
223194	235	190436	951	952
202653	235	189081	951	952
250599	235	188172	951	952
212129	235	188092	951	952
241982	235	188540	951	952
206016	235	189256	951	952
245582	235	193081	951	952
304143	235	189443	951	952
261889	235	190439	951	952
204976	235	188426	951	952
227461	235	191400	951	952
239884	235	188182	951	952
206346	235	188214	951	952
213509	235	188874	951	952
201225	235	188268	951	952
209088	235	188265	951	952
195003	235	188017	951	952
193521	235	188735	951	952
231592	235	188736	951	952
210942	235	242196	951	952
214608	235	189486	951	952
212814	235	191123	951	952
196250	235	188024	951	952
234117	235	190079	951	952
199200	235	188249	951	952
215535	235	189105	951	952
193927	235	188106	951	952
287459	235	188630	951	952
310230	235	190336	951	952
219662	235	190420	951	952
196820	235	190763	951	952
242179	235	188644	951	952
250534	235	188390	951	952
289354	235	189484	951	952
213001	235	190441	951	952
220430	235	188045	951	952
207145	235	190436	951	952
219775	235	188149	951	952
227008	235	188126	951	952
195830	235	188605	951	952
196624	235	188168	951	952
250828	235	189117	951	952
197289	235	188085	951	952
191227	235	188003	951	952
236605	235	188120	951	952
204181	235	190894	951	952
297477	235	188660	951	952
232355	235	195743	951	952
208244	235	189166	951	952
189252	239	247431	951	952
202790	235	189121	951	952
206104	235	188439	951	952
245420	235	189131	951	952
208050	235	188480	951	952
195943	235	189446	951	952
254440	235	189596	951	952
267816	235	188426	951	952
196873	235	188108	951	952
232293	235	188223	951	952
197447	235	188326	951	952
209254	235	188395	951	952
197395	235	189116	951	952
295384	235	191306	951	952
197293	235	202608	951	952
246681	235	236844	951	952
251453	235	188912	951	952
281543	235	191374	951	952
204460	235	188149	951	952
203697	235	188436	951	952
214669	235	188590	951	952
194431	235	188452	951	952
281365	235	199006	951	952
262471	235	189433	951	952
211210	235	189392	951	952
194965	235	188494	951	952
197143	235	188365	951	952
225982	235	189186	951	952
198085	235	188686	951	952
207372	235	188118	951	952
269055	235	189508	951	952
217167	235	192417	951	952
250172	235	189147	951	952
241513	235	189449	951	952
202227	235	188406	951	952
194563	235	189200	951	952
200697	235	189524	951	952
248620	235	188903	951	952
193791	235	188202	951	952
210193	235	192170	951	952
234963	235	192650	951	952
221205	235	189866	951	952
194449	235	188141	951	952
206207	235	188203	951	952
209961	235	188397	951	952
198664	235	188997	951	952
239215	235	188297	951	952
203900	235	191650	951	952
205586	235	189048	951	952
249424	235	189298	951	952
239930	235	188045	951	952
205029	235	190949	951	952
332368	273	188213	951	952
207018	235	189355	951	952
194897	235	189397	951	952
214512	235	189294	951	952
197680	235	188980	951	952
273652	235	201130	951	952
235116	235	188294	951	952
269810	235	188219	951	952
226295	235	188786	951	952
208651	235	188646	951	952
204297	235	189200	951	952
196375	235	188189	951	952
188122	239	218739	951	952
207908	235	188347	951	952
258117	235	189449	951	952
203286	235	190009	951	952
241555	235	188406	951	952
230420	235	188350	951	952
195500	235	188014	951	952
201503	235	189581	951	952
193007	235	188026	951	952
226186	235	280378	951	952
312994	235	190813	951	952
257276	235	190690	951	952
245715	235	190439	951	952
222052	235	189792	951	952
232236	235	188741	951	952
248699	235	189745	951	952
219329	235	188943	951	952
208169	235	188494	951	952
218966	235	189183	951	952
198982	235	188020	951	952
216700	235	188365	951	952
204275	235	188596	951	952
194262	235	189968	951	952
211965	235	188725	951	952
193105	235	188036	951	952
198989	235	189242	951	952
195567	235	191407	951	952
260973	235	189333	951	952
197170	235	188128	951	952
195905	235	190318	951	952
198342	235	189554	951	952
197399	235	188441	951	952
193575	235	191871	951	952
209552	235	192176	951	952
238705	235	190325	951	952
279104	235	188204	951	952
211945	235	189091	951	952
242318	235	189919	951	952
226262	235	227984	951	952
213851	235	188189	951	952
244692	235	188886	951	952
199478	235	192115	951	952
291330	235	188943	951	952
234840	235	188920	951	952
234414	235	190302	951	952
198241	235	188297	951	952
204248	235	188731	951	952
212867	235	195208	951	952
232293	235	188803	951	952
195131	235	190176	951	952
197401	235	188284	951	952
221990	235	205768	951	952
264782	235	188874	951	952
210321	235	188165	951	952
252372	235	194925	951	952
217188	235	189246	951	952
287263	235	194387	951	952
209644	235	188223	951	952
195352	235	188300	951	952
229066	235	188365	951	952
297931	235	191383	951	952
199728	235	188017	951	952
205670	235	189108	951	952
200879	235	207438	951	952
199387	235	188626	951	952
195241	235	192636	951	952
238196	235	190403	951	952
200008	235	188068	951	952
225185	235	188806	951	952
210790	235	188365	951	952
198780	235	188026	951	952
201623	235	189000	951	952
227637	235	190273	951	952
211843	235	188122	951	952
275322	235	188709	951	952
270016	235	188172	951	952
255118	235	188331	951	952
203429	235	189116	951	952
225761	235	189338	951	952
240618	235	188434	951	952
221759	235	188919	951	952
226305	235	188228	951	952
259416	235	190439	951	952
220254	235	188506	951	952
223942	235	190159	951	952
254895	235	190422	951	952
197568	235	200041	951	952
211011	235	189011	951	952
210648	235	188599	951	952
212895	235	191851	951	952
195428	235	209395	951	952
199483	235	189826	951	952
227595	235	188394	951	952
282882	235	188511	951	952
223617	235	188398	951	952
229086	235	189260	951	952
196959	235	188308	951	952
201791	235	188395	951	952
223031	235	188241	951	952
258795	235	190434	951	952
233614	235	188690	951	952
196028	235	189344	951	952
249489	235	189057	951	952
198263	235	188277	951	952
194469	235	191490	951	952
211922	235	192847	951	952
272422	235	188252	951	952
193701	235	189241	951	952
249361	235	188364	951	952
207390	235	188595	951	952
210049	235	190372	951	952
262807	235	189631	951	952
266728	235	194387	951	952
236525	235	188116	951	952
200971	235	190871	951	952
297545	235	189107	951	952
203774	235	193795	951	952
206384	235	190881	951	952
291742	235	188332	951	952
247368	235	188913	951	952
195829	235	188991	951	952
199671	235	193946	951	952
216089	235	189524	951	952
205450	235	188366	951	952
202228	235	195277	951	952
204332	235	188234	951	952
216416	235	189063	951	952
200287	235	188874	951	952
202040	235	189658	951	952
196578	235	192551	951	952
218148	235	188897	951	952
196991	235	223708	951	952
195682	235	188044	951	952
194058	235	188152	951	952
203433	235	188912	951	952
197273	235	189397	951	952
230915	235	189519	951	952
252433	235	189079	951	952
214103	235	189397	951	952
236208	235	203517	951	952
233541	235	189388	951	952
276940	235	189003	951	952
289401	235	188555	951	952
199597	235	188024	951	952
249016	235	188578	951	952
240758	235	188523	951	952
197107	235	189847	951	952
196759	235	188014	951	952
290869	235	190530	951	952
207331	235	188070	951	952
213539	235	189612	951	952
214079	235	188044	951	952
196349	235	188162	951	952
297096	235	189023	951	952
247788	235	190588	951	952
231907	235	190188	951	952
197694	235	188700	951	952
199820	235	189002	951	952
209841	235	189923	951	952
304932	235	190402	951	952
203168	235	188436	951	952
209375	235	188424	951	952
227166	235	189857	951	952
222229	235	191169	951	952
226056	235	188047	951	952
203178	235	188326	951	952
194482	235	190422	951	952
228051	235	189065	951	952
206689	235	188026	951	952
245805	235	257358	951	952
195264	235	190962	951	952
207654	235	191125	951	952
217263	235	189896	951	952
228773	235	188465	951	952
219655	235	188308	951	952
218341	235	188874	951	952
200731	235	219709	951	952
207787	235	201944	951	952
218497	235	188025	951	952
199843	235	188273	951	952
220734	235	188486	951	952
213897	235	188166	951	952
194789	235	188200	951	952
194286	235	192005	951	952
209051	235	190638	951	952
294026	235	190027	951	952
200068	235	191046	951	952
205446	235	208543	951	952
192949	235	188513	951	952
206001	235	188919	951	952
195650	235	188202	951	952
201560	235	188003	951	952
207711	235	188308	951	952
222205	235	188211	951	952
214367	235	189248	951	952
207677	235	190149	951	952
198564	235	188426	951	952
218119	235	189947	951	952
195714	235	190720	951	952
223447	235	189095	951	952
234899	235	188223	951	952
203178	235	188539	951	952
225343	235	188037	951	952
213406	235	188781	951	952
246409	235	188140	951	952
204475	235	191086	951	952
195779	235	190746	951	952
247084	235	188036	951	952
199326	235	191749	951	952
197056	235	188281	951	952
195160	235	188044	951	952
246546	235	191687	951	952
265026	235	189157	951	952
238998	235	188803	951	952
200638	235	188048	951	952
287181	235	190850	951	952
241582	235	188638	951	952
222763	235	189157	951	952
201446	235	188061	951	952
323833	235	188057	951	952
193696	235	188188	951	952
198494	235	188057	951	952
193506	235	189726	951	952
214939	235	188221	951	952
195110	235	189612	951	952
248579	235	188237	951	952
208691	235	188417	951	952
199081	235	189929	951	952
257117	235	188387	951	952
209374	235	188559	951	952
210552	235	188269	951	952
203999	235	188936	951	952
207888	235	188446	951	952
249107	235	193187	951	952
203362	235	188139	951	952
209841	235	188416	951	952
308731	235	188558	951	952
232531	235	188636	951	952
206075	235	188140	951	952
195341	235	188278	951	952
236444	235	189162	951	952
204139	235	188298	951	952
306583	235	188005	951	952
196929	235	188567	951	952
206871	235	188155	951	952
199028	235	188006	951	952
208252	235	188156	951	952
328384	235	189028	951	952
264634	235	189486	951	952
224840	235	190049	951	952
240654	235	190525	951	952
217082	235	188409	951	952
218743	235	188982	951	952
194143	235	188727	951	952
199813	235	190914	951	952
269873	235	257358	951	952
209575	235	214958	951	952
215648	235	188613	951	952
243191	235	188694	951	952
217838	235	188886	951	952
260775	235	189294	951	952
211081	235	188647	951	952
251717	235	188348	951	952
194167	235	192756	951	952
201627	235	188110	951	952
222027	235	190372	951	952
199004	235	188279	951	952
286581	235	194114	951	952
207039	235	188239	951	952
199281	235	230118	951	952
301294	235	188297	951	952
304676	235	232658	951	952
258979	289	246073	951	952
261792	235	188260	951	952
222908	235	188246	951	952
236848	235	188326	951	952
206182	235	204088	951	952
241470	235	188439	951	952
278373	235	188730	951	952
206702	235	193233	951	952
224328	235	211638	951	952
193716	235	188373	951	952
222779	235	191198	951	952
216539	235	188133	951	952
328165	235	188601	951	952
265259	235	188426	951	952
258796	235	188146	951	952
219693	235	189296	951	952
235012	235	220771	951	952
250271	235	188903	951	952
255012	235	188694	951	952
203297	235	188118	951	952
199743	235	188398	951	952
202878	235	188166	951	952
209606	235	188024	951	952
202655	235	188805	951	952
197534	235	188218	951	952
206705	235	191161	951	952
224730	235	188693	951	952
198590	235	188109	951	952
211229	235	211947	951	952
225241	235	188663	951	952
212097	235	188011	951	952
201632	235	188646	951	952
197375	235	188024	951	952
281943	235	188483	951	952
256059	235	191254	951	952
193504	235	188806	951	952
230905	235	191475	951	952
211692	235	188057	951	952
253998	235	276091	951	952
227350	235	190053	951	952
259462	235	189366	951	952
196895	235	189419	951	952
200055	235	189061	951	952
251850	235	189921	951	952
198546	235	188364	951	952
268371	235	189141	951	952
210643	235	190083	951	952
331972	235	223708	951	952
196639	235	191913	951	952
194177	235	188874	951	952
206568	235	188480	951	952
219512	235	188294	951	952
213297	235	188638	951	952
194293	235	188605	951	952
203289	235	188161	951	952
202881	235	188374	951	952
209517	235	188051	951	952
233852	235	188864	951	952
214997	235	190968	951	952
199853	235	188197	951	952
212970	235	188244	951	952
199782	235	188161	951	952
233380	235	188340	951	952
204740	235	189375	951	952
207130	235	188011	951	952
188125	267	240239	951	952
194795	235	188992	951	952
266418	235	188442	951	952
193319	235	189225	951	952
195887	235	189095	951	952
230117	235	192151	951	952
260180	235	188601	951	952
318585	235	194387	951	952
250405	235	188555	951	952
279989	235	189125	951	952
212482	235	188590	951	952
253243	235	188041	951	952
233468	235	188390	951	952
230744	235	188640	951	952
193607	235	188203	951	952
202703	235	189822	951	952
229700	235	190529	951	952
193682	235	189397	951	952
214629	235	188744	951	952
195557	235	188317	951	952
197124	235	188490	951	952
192299	235	188686	951	952
297585	235	189249	951	952
213074	235	188739	951	952
203132	235	188364	951	952
243485	235	188165	951	952
214266	235	188486	951	952
208023	235	191310	951	952
241906	235	189820	951	952
203510	235	188996	951	952
196950	235	188352	951	952
200371	235	189401	951	952
230124	235	188694	951	952
201242	235	188737	951	952
188114	267	316965	951	952
229996	235	188545	951	952
254182	235	211256	951	952
209776	235	188599	951	952
268682	235	188323	951	952
194466	235	188490	951	952
257472	235	189021	951	952
214381	235	264603	951	952
210410	235	188175	951	952
294624	235	203773	951	952
290572	235	188442	951	952
195763	235	188829	951	952
193375	235	189332	951	952
200779	235	188347	951	952
204425	235	190799	951	952
226721	235	189612	951	952
202456	235	188405	951	952
192971	235	188053	951	952
210128	235	188223	951	952
232483	235	188101	951	952
219523	235	191400	951	952
232066	235	189357	951	952
220187	235	188337	951	952
245203	235	189921	951	952
230717	235	189193	951	952
201173	235	189382	951	952
195018	235	188026	951	952
195812	235	259784	951	952
284334	235	190967	951	952
221147	235	188315	951	952
247919	235	190533	951	952
213339	235	188833	951	952
193204	235	188052	951	952
205658	235	188678	951	952
218970	235	189729	951	952
193060	235	188710	951	952
197521	235	188198	951	952
249586	235	191925	951	952
193874	235	188043	951	952
249172	235	188964	951	952
209524	235	188120	951	952
194842	235	188027	951	952
230403	235	188215	951	952
203702	235	191748	951	952
234343	235	189281	951	952
249922	235	189083	951	952
306007	235	188023	951	952
205034	235	197498	951	952
198568	235	189870	951	952
201030	235	188374	951	952
210679	235	189121	951	952
224081	235	188040	951	952
199553	235	188387	951	952
288994	235	196549	951	952
281972	235	189160	951	952
219475	235	188786	951	952
199372	235	189920	951	952
247524	235	188699	951	952
328164	235	188761	951	952
272655	235	188280	951	952
193151	235	188003	951	952
197557	235	188067	951	952
219450	235	190695	951	952
193595	235	195327	951	952
200337	235	188964	951	952
224882	235	189923	951	952
206176	235	188217	951	952
212263	235	189958	951	952
193911	235	188597	951	952
203064	235	189385	951	952
203500	235	243048	951	952
235330	235	188009	951	952
211117	235	188620	951	952
339074	235	197666	951	952
291318	235	191122	951	952
198236	235	189317	951	952
214019	235	191368	951	952
235084	235	188122	951	952
258529	235	189031	951	952
287737	235	189005	951	952
229680	235	188719	951	952
274429	235	188893	951	952
216641	235	188315	951	952
217911	235	188058	951	952
240857	235	190676	951	952
208935	235	188217	951	952
220228	235	190082	951	952
205728	235	189292	951	952
235420	235	188610	951	952
269769	235	189063	951	952
205441	235	189921	951	952
203342	235	188315	951	952
192641	235	191118	951	952
193761	235	189293	951	952
200016	235	195017	951	952
316135	235	217232	951	952
194374	235	188201	951	952
195700	235	188456	951	952
195679	235	188603	951	952
203276	235	188398	951	952
318672	235	188398	951	952
230515	235	188126	951	952
250213	235	188417	951	952
193629	235	188156	951	952
198622	235	188426	951	952
197244	235	189612	951	952
258883	235	189885	951	952
260934	235	188558	951	952
213678	235	188940	951	952
207410	235	188223	951	952
198342	235	188795	951	952
277894	235	190383	951	952
299689	235	189491	951	952
221128	235	188167	951	952
237240	235	188712	951	952
209129	235	188597	951	952
194004	235	188165	951	952
194374	235	188268	951	952
200366	235	189008	951	952
212128	235	190096	951	952
262468	235	188685	951	952
206800	235	188864	951	952
281211	235	206248	951	952
199506	235	188808	951	952
310052	235	190434	951	952
194143	235	188082	951	952
204570	235	188280	951	952
203510	235	190734	951	952
197035	235	190968	951	952
246521	235	191908	951	952
199765	235	190675	951	952
196171	235	190229	951	952
280377	235	189109	951	952
196732	235	190514	951	952
214928	235	188026	951	952
216476	235	189325	951	952
232375	235	188888	951	952
201201	235	189236	951	952
195005	235	188612	951	952
247702	235	189183	951	952
221524	235	188090	951	952
202606	235	188398	951	952
196772	235	190372	951	952
217797	235	188772	951	952
199111	235	189656	951	952
196000	235	188165	951	952
204619	235	188316	951	952
211085	235	213459	951	952
192089	235	190022	951	952
233146	235	188532	951	952
252080	235	188163	951	952
289833	235	188126	951	952
201444	235	188900	951	952
328332	235	189379	951	952
197495	235	188279	951	952
201878	235	188351	951	952
209218	235	188416	951	952
268872	235	188269	951	952
201241	235	189575	951	952
193715	235	198544	951	952
273203	235	188246	951	952
196501	235	190022	951	952
210871	235	188063	951	952
195648	235	188148	951	952
239330	235	188364	951	952
236010	235	188020	951	952
210421	235	189358	951	952
215906	235	192387	951	952
243040	235	189343	951	952
248060	235	189011	951	952
194320	235	188217	951	952
247539	235	190763	951	952
199851	235	189230	951	952
234939	235	188139	951	952
257686	235	188928	951	952
271120	235	188113	951	952
194594	235	190434	951	952
197858	235	188424	951	952
208589	235	188241	951	952
205203	235	188312	951	952
207657	235	188269	951	952
265393	235	192739	951	952
204226	235	188544	951	952
300770	235	189326	951	952
200284	235	189308	951	952
197101	235	188547	951	952
195685	235	188452	951	952
194351	235	188893	951	952
213562	235	188167	951	952
196636	235	188323	951	952
199819	235	188433	951	952
195938	235	189057	951	952
201802	235	189569	951	952
219044	235	191096	951	952
313435	235	188154	951	952
201304	235	189791	951	952
329904	235	205116	951	952
200063	235	188179	951	952
239850	235	188011	951	952
208530	235	188173	951	952
205991	235	188441	951	952
198971	235	188377	951	952
206783	235	188533	951	952
195674	235	188173	951	952
332146	235	191123	951	952
195435	235	188007	951	952
200714	235	188490	951	952
262578	235	192336	951	952
219375	235	188057	951	952
195680	235	190229	951	952
196137	235	188430	951	952
226296	235	188765	951	952
201233	235	188099	951	952
240592	235	189080	951	952
206428	235	191998	951	952
213172	235	188315	951	952
254399	235	190640	951	952
197339	235	189558	951	952
272636	235	193152	951	952
282875	235	189292	951	952
192118	235	190270	951	952
214763	235	188014	951	952
196694	235	191110	951	952
241044	235	188516	951	952
219852	235	188780	951	952
198001	235	188911	951	952
194061	235	188398	951	952
213038	235	188141	951	952
194640	235	210018	951	952
207912	235	188582	951	952
205234	235	188094	951	952
227716	235	189947	951	952
194947	235	188923	951	952
226080	235	189857	951	952
202586	235	188142	951	952
198465	235	190469	951	952
242688	235	188148	951	952
206911	235	188526	951	952
195380	235	188386	951	952
199284	235	192115	951	952
196887	235	190336	951	952
218867	235	188602	951	952
227819	235	188267	951	952
194506	235	188429	951	952
200015	235	188011	951	952
198001	235	188665	951	952
199225	235	188099	951	952
213079	235	188025	951	952
211975	235	188005	951	952
198661	235	188164	951	952
282275	235	220540	951	952
205257	235	191946	951	952
213110	235	188951	951	952
198176	235	189152	951	952
196083	235	189286	951	952
233259	235	188578	951	952
366775	235	188729	951	952
202868	235	189161	951	952
211700	235	188397	951	952
241520	235	188859	951	952
196859	235	188439	951	952
266599	235	192342	951	952
199377	235	188130	951	952
222865	235	188574	951	952
193833	235	189594	951	952
197041	235	189397	951	952
246073	289	258979	951	952
214849	235	188226	951	952
224371	235	190100	951	952
217634	235	190318	951	952
199579	235	188173	951	952
215884	235	188673	951	952
194123	235	188075	951	952
206015	235	193795	951	952
257368	235	190756	951	952
205220	235	194961	951	952
205389	235	189657	951	952
319427	235	192535	951	952
214649	235	188477	951	952
199397	235	230142	951	952
250850	235	188133	951	952
202298	235	189031	951	952
200472	235	189214	951	952
198307	235	188243	951	952
205103	235	188217	951	952
234706	235	230132	951	952
195971	235	189254	951	952
206535	235	192115	951	952
203417	235	188220	951	952
214160	235	188502	951	952
246209	235	188452	951	952
217911	235	188131	951	952
265389	235	188285	951	952
195088	235	188118	951	952
301304	235	188158	951	952
202638	235	193744	951	952
215780	235	188416	951	952
270359	235	188149	951	952
216505	235	188075	951	952
197477	235	189063	951	952
209458	235	188086	951	952
277919	235	188126	951	952
274746	235	232658	951	952
198680	235	188903	951	952
196264	235	188469	951	952
196425	235	190844	951	952
202498	235	189379	951	952
227398	235	188606	951	952
206691	235	188024	951	952
198065	235	189382	951	952
192794	235	189088	951	952
195401	235	188198	951	952
199757	235	193187	951	952
212735	235	188162	951	952
202730	235	188630	951	952
206138	235	191405	951	952
201115	235	189109	951	952
206746	235	188396	951	952
319319	235	189085	951	952
199903	235	203262	951	952
201386	235	188626	951	952
297000	235	188790	951	952
211011	235	189295	951	952
233883	235	188269	951	952
239280	235	188024	951	952
196148	235	189658	951	952
212839	235	188397	951	952
291369	235	193752	951	952
193327	235	188065	951	952
232185	235	188320	951	952
209188	235	188137	951	952
197708	235	189357	951	952
194393	235	188075	951	952
198945	235	188048	951	952
247322	235	267180	951	952
198239	235	188875	951	952
194115	235	188443	951	952
200529	235	188198	951	952
194395	235	188247	951	952
232388	235	192831	951	952
197211	235	191154	951	952
223611	235	188518	951	952
230412	235	188139	951	952
269422	235	188746	951	952
244436	235	188821	951	952
195368	235	188113	951	952
289896	235	188784	951	952
213411	235	191295	951	952
208597	235	188821	951	952
246009	235	188113	951	952
255568	235	188815	951	952
216008	235	188386	951	952
197327	235	188920	951	952
229545	235	192165	951	952
222840	235	190829	951	952
230403	235	188689	951	952
283158	235	188679	951	952
252321	235	188761	951	952
209619	235	188035	951	952
200665	235	192387	951	952
220789	235	188111	951	952
194747	235	225267	951	952
211563	235	188542	951	952
260120	235	191851	951	952
235611	235	188373	951	952
251842	235	188253	951	952
196904	235	188516	951	952
204686	235	188876	951	952
218864	235	188613	951	952
195235	235	189555	951	952
226323	235	188162	951	952
274007	235	210556	951	952
195848	235	190100	951	952
197086	235	188997	951	952
196487	235	189690	951	952
198400	235	188108	951	952
250716	235	188344	951	952
213273	235	188732	951	952
197904	235	188874	951	952
245593	235	191180	951	952
279908	235	188200	951	952
214862	235	189389	951	952
196556	235	188890	951	952
201709	235	190408	951	952
200201	235	192650	951	952
222612	235	188921	951	952
215243	235	264086	951	952
219562	235	188111	951	952
226007	235	188268	951	952
213183	235	188747	951	952
242698	235	192768	951	952
242423	235	190680	951	952
211795	235	188123	951	952
231049	235	189792	951	952
207062	235	189230	951	952
194787	235	188148	951	952
197622	235	190074	951	952
255077	235	188165	951	952
205774	235	189071	951	952
242800	235	188542	951	952
270500	235	190827	951	952
217469	235	188188	951	952
221535	235	189036	951	952
225305	235	188516	951	952
246377	235	192661	951	952
202790	235	188470	951	952
256043	235	189044	951	952
200318	235	188971	951	952
199611	235	188122	951	952
246912	235	225297	951	952
202573	235	188066	951	952
220662	235	190084	951	952
269937	235	193046	951	952
195857	235	189796	951	952
221030	235	188345	951	952
211702	235	188228	951	952
208799	235	188300	951	952
348172	235	190261	951	952
199067	235	188088	951	952
279273	235	188605	951	952
223993	235	189248	951	952
200274	235	189214	951	952
219202	235	188250	951	952
206517	235	188685	951	952
199166	235	188559	951	952
202598	235	188011	951	952
211077	235	188381	951	952
203764	235	189423	951	952
198535	235	190270	951	952
200133	235	190828	951	952
203904	235	188018	951	952
226718	235	188582	951	952
222751	235	188773	951	952
205532	235	188201	951	952
207036	235	189088	951	952
216260	235	190297	951	952
223261	235	189236	951	952
197541	235	189315	951	952
210592	235	188476	951	952
236636	235	188338	951	952
210515	235	188446	951	952
202610	235	189792	951	952
258442	235	190822	951	952
194096	289	216340	951	952
213266	235	195208	951	952
203806	235	194523	951	952
195655	235	197879	951	952
216132	235	188217	951	952
254826	235	189062	951	952
210164	235	188985	951	952
357904	176	211635	951	952
196500	235	188729	951	952
200733	235	189726	951	952
207996	235	190114	951	952
195725	235	188469	951	952
195909	235	191765	951	952
229538	235	192781	951	952
269994	235	188323	951	952
199326	235	189311	951	952
201300	235	188821	951	952
243305	235	188719	951	952
202666	235	189095	951	952
201420	235	188690	951	952
238006	235	188806	951	952
251234	235	191349	951	952
220508	235	199448	951	952
228261	235	188026	951	952
192616	235	191962	951	952
294332	235	188189	951	952
199503	235	188768	951	952
197043	235	188075	951	952
213811	235	189630	951	952
207979	235	232658	951	952
205305	235	189971	951	952
201487	235	190321	951	952
248470	235	192847	951	952
199717	235	188128	951	952
202319	235	188543	951	952
203982	235	189423	951	952
258950	235	192506	951	952
198172	235	192336	951	952
296113	235	204088	951	952
196845	235	191161	951	952
210349	235	188666	951	952
198288	235	188947	951	952
248958	235	188029	951	952
247525	235	188331	951	952
225663	235	232658	951	952
197435	235	189079	951	952
221476	235	188500	951	952
241711	235	190048	951	952
219375	235	188106	951	952
201398	235	188005	951	952
201941	235	188964	951	952
239739	235	188141	951	952
203283	235	188092	951	952
215787	235	188005	951	952
199255	235	189923	951	952
252058	235	188490	951	952
208256	235	188133	951	952
341293	235	188622	951	952
232544	235	190237	951	952
199649	235	189381	951	952
214996	235	188034	951	952
216523	235	232658	951	952
280017	235	190611	951	952
204134	235	190001	951	952
251079	235	189082	951	952
198652	235	190242	951	952
213128	235	188126	951	952
203637	235	188774	951	952
197769	235	188014	951	952
193360	235	189797	951	952
205496	235	188917	951	952
212571	235	189011	951	952
265836	235	188604	951	952
204868	235	189557	951	952
195387	235	188026	951	952
251695	235	189154	951	952
218909	235	188345	951	952
226614	235	188235	951	952
216728	235	188321	951	952
194633	235	188767	951	952
201211	235	188567	951	952
203734	235	189292	951	952
194606	235	188912	951	952
237738	235	188495	951	952
214341	235	188011	951	952
198196	235	188034	951	952
196031	235	190850	951	952
198992	235	190288	951	952
193636	235	188140	951	952
245039	235	191632	951	952
197817	235	188644	951	952
343184	235	189921	951	952
273413	235	188842	951	952
283701	235	188552	951	952
197452	235	192890	951	952
276563	235	190669	951	952
210484	235	188491	951	952
196899	235	207716	951	952
207161	235	188197	951	952
197685	235	188606	951	952
198762	235	189121	951	952
213737	235	188302	951	952
197568	235	191194	951	952
212536	235	188123	951	952
219609	235	190149	951	952
265724	235	190857	951	952
195499	235	188243	951	952
198463	235	188053	951	952
214146	235	188111	951	952
257677	235	188381	951	952
229996	235	189186	951	952
197418	235	188260	951	952
237985	235	190079	951	952
194330	235	192367	951	952
233791	235	188162	951	952
297941	235	189745	951	952
218120	235	188512	951	952
222880	235	188517	951	952
194694	235	192890	951	952
236230	235	188316	951	952
266275	235	189538	951	952
227177	235	216151	951	952
194702	235	188164	951	952
193774	235	188875	951	952
193734	235	188294	951	952
210210	235	192904	951	952
203588	235	189658	951	952
266272	235	188203	951	952
246340	235	188350	951	952
202955	235	188024	951	952
193764	235	192512	951	952
341788	235	189248	951	952
198999	235	189392	951	952
242539	235	189913	951	952
218816	235	191060	951	952
208556	235	190306	951	952
252455	235	189744	951	952
339791	235	188808	951	952
213609	235	189193	951	952
207737	235	188260	951	952
271847	235	188384	951	952
310855	235	188442	951	952
257376	235	188086	951	952
262730	235	189484	951	952
214557	235	189723	951	952
248751	235	189022	951	952
212905	235	188398	951	952
194098	235	188140	951	952
330771	235	188037	951	952
192686	235	188285	951	952
212503	235	188302	951	952
195905	235	189195	951	952
208140	235	188725	951	952
211633	235	190855	951	952
199301	235	189598	951	952
194927	235	202124	951	952
205740	235	244470	951	952
201610	235	188027	951	952
200375	235	188519	951	952
214477	235	188261	951	952
198157	235	188109	951	952
197723	235	192870	951	952
215358	235	188265	951	952
228590	235	204088	951	952
234317	235	189465	951	952
197499	235	220320	951	952
225832	235	190162	951	952
200585	235	188133	951	952
196537	235	188097	951	952
202311	235	188338	951	952
227890	235	188382	951	952
214278	235	192890	951	952
204613	235	188395	951	952
208869	235	188143	951	952
194022	235	188725	951	952
209276	235	188597	951	952
215262	235	188057	951	952
279857	235	189070	951	952
235621	235	188161	951	952
198336	235	189397	951	952
255713	235	188390	951	952
296806	235	193049	951	952
203530	235	188089	951	952
218670	235	188391	951	952
200592	235	188338	951	952
195321	235	189218	951	952
198066	235	188247	951	952
241318	235	190328	951	952
195454	235	188263	951	952
203091	235	193187	951	952
206115	235	188605	951	952
199804	235	188374	951	952
259730	235	192019	951	952
276738	235	188633	951	952
208254	235	189613	951	952
198049	235	188462	951	952
195009	235	188088	951	952
193515	235	188268	951	952
210213	235	189137	951	952
249878	235	188707	951	952
220066	235	188719	951	952
198336	235	192625	951	952
207434	235	188035	951	952
197855	235	190100	951	952
230945	235	188269	951	952
298355	235	188628	951	952
220895	235	188506	951	952
236884	235	188669	951	952
321008	235	300236	951	952
257955	235	189354	951	952
195428	235	189647	951	952
269404	235	201707	951	952
199509	235	190505	951	952
293173	235	204424	951	952
202359	235	189061	951	952
256611	235	188546	951	952
192429	235	188069	951	952
195115	235	188217	951	952
209555	235	188502	951	952
220070	235	188760	951	952
209013	235	194620	951	952
201674	235	188805	951	952
264381	235	188280	951	952
198258	235	188240	951	952
199970	235	188607	951	952
193281	235	188045	951	952
201781	235	188679	951	952
367878	235	240790	951	952
200995	235	189039	951	952
199896	235	188279	951	952
253342	235	190818	951	952
218815	235	188441	951	952
202907	235	191198	951	952
309442	235	189398	951	952
207567	235	188424	951	952
197231	235	188141	951	952
203391	235	191419	951	952
207394	235	189726	951	952
198690	235	188685	951	952
192787	235	188745	951	952
212552	235	188118	951	952
205669	235	188943	951	952
213017	235	206071	951	952
200012	235	189009	951	952
193522	235	189628	951	952
234328	235	191905	951	952
233593	235	189193	951	952
199222	235	202334	951	952
199769	235	188300	951	952
267866	235	259342	951	952
241239	235	189078	951	952
243204	235	188434	951	952
217380	235	188374	951	952
215073	235	188483	951	952
206136	235	188189	951	952
227314	235	191263	951	952
239999	235	188338	951	952
210602	235	189507	951	952
196746	235	188075	951	952
267453	235	188918	951	952
246160	235	188812	951	952
193408	235	188560	951	952
219534	235	190372	951	952
211341	235	192115	951	952
226373	235	188856	951	952
316227	235	188539	951	952
212013	235	190464	951	952
212722	235	188058	951	952
217040	235	189078	951	952
260794	42	192016	951	952
202720	235	188605	951	952
215058	235	188120	951	952
304396	235	188384	951	952
197980	235	188238	951	952
196601	235	191733	951	952
232344	235	188768	951	952
204129	235	188275	951	952
280436	235	219819	951	952
199986	235	188595	951	952
202366	235	188398	951	952
210498	235	188875	951	952
196708	235	189658	951	952
196080	235	188220	951	952
282721	235	189690	951	952
323943	235	249762	951	952
199867	235	189397	951	952
195101	235	188219	951	952
197958	235	188773	951	952
257118	235	190041	951	952
212810	235	190436	951	952
270477	235	189465	951	952
205589	235	189087	951	952
202358	235	191477	951	952
207728	235	188058	951	952
198578	235	188465	951	952
271892	235	189698	951	952
230644	235	188961	951	952
254169	235	189501	951	952
199863	235	188374	951	952
220950	235	188026	951	952
207037	235	188883	951	952
200169	235	188364	951	952
194134	235	188338	951	952
199130	235	190159	951	952
246751	235	188392	951	952
201676	235	188149	951	952
273668	235	190287	951	952
223596	235	188513	951	952
237369	235	188602	951	952
214786	235	191629	951	952
260992	235	188559	951	952
200608	235	188874	951	952
252891	235	188227	951	952
205712	235	195662	951	952
282681	235	193100	951	952
231155	235	189028	951	952
199877	235	188217	951	952
200871	235	201780	951	952
210271	235	188364	951	952
194119	235	190114	951	952
205651	235	190850	951	952
203867	235	188603	951	952
221670	235	188979	951	952
248243	235	188015	951	952
234910	235	189260	951	952
201969	235	188263	951	952
239526	235	188599	951	952
210194	235	188638	951	952
193326	235	188613	951	952
267048	235	188541	951	952
199263	235	188240	951	952
200421	235	188694	951	952
282356	235	188927	951	952
220156	235	189666	951	952
195360	235	199006	951	952
259645	235	189296	951	952
198307	235	188928	951	952
240781	235	189675	951	952
237262	235	190350	951	952
249744	235	220771	951	952
196471	235	188068	951	952
270594	235	194011	951	952
244490	235	188523	951	952
206061	235	188070	951	952
203386	235	188074	951	952
256754	235	188500	951	952
208704	235	204088	951	952
228477	235	188694	951	952
195689	235	188142	951	952
299883	235	190403	951	952
211789	235	188446	951	952
224733	235	190417	951	952
202747	235	188017	951	952
212555	235	189379	951	952
200204	235	188410	951	952
201178	235	192259	951	952
366809	235	364172	951	952
271956	235	194011	951	952
211475	235	188636	951	952
214343	235	194011	951	952
218214	235	188501	951	952
202341	235	190647	951	952
222158	235	190285	951	952
238383	235	188464	951	952
248052	235	188971	951	952
196197	235	188003	951	952
206934	235	189088	951	952
244361	235	189422	951	952
194213	235	188017	951	952
198654	235	188248	951	952
209005	235	188050	951	952
221167	235	188334	951	952
353452	235	188492	951	952
198358	235	188927	951	952
215597	235	189664	951	952
210972	235	190100	951	952
201730	235	188161	951	952
200984	235	188465	951	952
194115	235	188090	951	952
196417	235	188017	951	952
214337	235	188661	951	952
247571	235	190818	951	952
197046	235	188143	951	952
229552	235	189028	951	952
193924	235	188097	951	952
205826	235	188874	951	952
268125	235	188143	951	952
227164	235	188240	951	952
204448	235	189194	951	952
269824	235	190454	951	952
209466	235	189315	951	952
213073	235	188268	951	952
210539	235	188621	951	952
255563	235	197879	951	952
293198	235	188579	951	952
230460	235	188294	951	952
232354	235	190523	951	952
222705	235	188158	951	952
273072	235	188206	951	952
365970	176	251933	951	952
221328	235	188045	951	952
195171	235	189662	951	952
197681	235	188317	951	952
201379	235	191733	951	952
261713	235	200908	951	952
218105	235	188883	951	952
216060	235	189263	951	952
196830	235	232998	951	952
201322	235	188186	951	952
198253	235	190019	951	952
196912	235	188065	951	952
202720	235	188005	951	952
234343	235	188518	951	952
199166	235	190017	951	952
214459	235	202184	951	952
251815	235	189241	951	952
193267	235	188032	951	952
256161	235	188683	951	952
215307	101	188115	951	952
199146	235	189636	951	952
192950	235	188481	951	952
215578	235	189401	951	952
283869	235	188128	951	952
213603	235	188397	951	952
200249	235	188208	951	952
241557	235	189281	951	952
235935	235	188300	951	952
264215	235	189846	951	952
259160	235	188912	951	952
201843	235	189612	951	952
200884	235	189423	951	952
207191	235	190254	951	952
207455	235	188469	951	952
200815	235	188489	951	952
200564	235	188478	951	952
195557	235	188106	951	952
260977	235	188192	951	952
219272	235	188172	951	952
313979	235	197349	951	952
202445	235	190140	951	952
200009	235	189157	951	952
200375	235	189612	951	952
200104	235	188720	951	952
276906	235	189248	951	952
238413	235	188226	951	952
206676	235	188067	951	952
195238	235	188364	951	952
210303	235	188118	951	952
217593	235	189401	951	952
254779	235	189921	951	952
197698	235	188562	951	952
197004	235	193213	951	952
200726	235	188603	951	952
199744	235	189658	951	952
192602	235	189292	951	952
249391	235	215547	951	952
199594	235	188118	951	952
198394	235	188877	951	952
259576	235	193467	951	952
270067	235	188075	951	952
201471	235	188506	951	952
196742	235	189603	951	952
219289	235	189971	951	952
216320	235	190244	951	952
244861	235	194387	951	952
207880	235	188364	951	952
217655	235	188070	951	952
329918	235	188493	951	952
231043	235	188105	951	952
203227	235	188565	951	952
196295	235	188503	951	952
261373	235	201806	951	952
217664	235	189273	951	952
296063	235	188260	951	952
192562	235	188406	951	952
196262	235	189010	951	952
194330	235	188294	951	952
207850	235	188805	951	952
254127	235	192176	951	952
254800	235	188613	951	952
197844	235	188221	951	952
197403	235	197879	951	952
206413	235	188478	951	952
212337	235	190962	951	952
226158	235	188211	951	952
216577	235	188302	951	952
229104	235	188297	951	952
228184	235	188028	951	952
199651	235	188164	951	952
193506	235	189306	951	952
254553	235	188636	951	952
246092	235	189110	951	952
196339	235	188806	951	952
212483	235	191349	951	952
218876	235	188868	951	952
205299	235	188551	951	952
209334	235	188314	951	952
327943	235	188487	951	952
369191	235	188781	951	952
243263	235	188276	951	952
209779	235	188597	951	952
215489	235	188222	951	952
193677	235	188368	951	952
243221	235	194896	951	952
232069	235	230463	951	952
232439	235	191733	951	952
193952	235	188418	951	952
250651	235	189125	951	952
194229	235	188244	951	952
216997	235	188469	951	952
240205	235	189108	951	952
199535	235	188437	951	952
204885	235	189241	951	952
194113	235	189361	951	952
204274	235	189018	951	952
195352	235	188469	951	952
289923	235	197099	951	952
277703	235	188128	951	952
318729	289	209876	951	952
192622	235	188357	951	952
208924	235	189558	951	952
206420	235	190466	951	952
374300	235	188532	951	952
222437	235	188203	951	952
215727	235	188265	951	952
211217	235	188767	951	952
261417	235	188977	951	952
200193	235	190287	951	952
232544	235	188955	951	952
209334	235	188306	951	952
245781	235	188128	951	952
206904	235	188787	951	952
240583	235	188665	951	952
257364	235	188794	951	952
203964	235	188188	951	952
219341	235	189077	951	952
214443	235	191263	951	952
200512	235	188806	951	952
202982	235	188143	951	952
193423	235	188220	951	952
263018	235	188620	951	952
206119	235	188547	951	952
204278	235	188164	951	952
226424	235	188345	951	952
260027	235	196999	951	952
303189	235	188371	951	952
233693	235	188123	951	952
207749	235	192836	951	952
253572	235	188165	951	952
202256	235	189411	951	952
251475	235	188971	951	952
196166	235	188162	951	952
309292	235	189062	951	952
289824	235	188310	951	952
207843	235	191925	951	952
200874	235	188649	951	952
208655	235	189197	951	952
194268	235	188760	951	952
193829	235	188772	951	952
220972	235	188167	951	952
226602	235	190085	951	952
246689	235	197134	951	952
271120	235	188206	951	952
197339	235	188348	951	952
196496	235	188067	951	952
218392	235	188398	951	952
205126	235	188821	951	952
224021	235	193094	951	952
202803	235	202659	951	952
232292	235	188464	951	952
247800	235	196412	951	952
232140	235	188498	951	952
193904	235	189837	951	952
194433	235	188166	951	952
195496	235	188883	951	952
239022	235	188946	951	952
194318	235	188952	951	952
249307	235	188874	951	952
209974	235	190835	951	952
202382	235	193788	951	952
194847	235	188319	951	952
199069	235	188139	951	952
198076	235	188522	951	952
224802	235	188731	951	952
193936	235	188771	951	952
227707	235	188188	951	952
307738	235	188379	951	952
199219	235	189946	951	952
193846	235	188374	951	952
261554	235	188736	951	952
203541	235	188689	951	952
207308	235	188547	951	952
254736	235	188098	951	952
200694	235	188345	951	952
200657	235	188722	951	952
256538	235	189078	951	952
235822	235	188646	951	952
214722	235	189675	951	952
210091	235	189200	951	952
198619	235	188097	951	952
243726	235	188092	951	952
198486	235	188973	951	952
202137	235	188803	951	952
207914	235	188269	951	952
203198	235	193187	951	952
224892	235	188203	951	952
233545	235	188268	951	952
202672	235	188167	951	952
193920	235	188201	951	952
238246	235	211597	951	952
199407	235	189517	951	952
211539	235	188086	951	952
302333	235	188628	951	952
233724	235	188646	951	952
197761	235	188027	951	952
226839	235	189744	951	952
209353	235	188294	951	952
286314	235	188997	951	952
205553	235	199448	951	952
213734	235	193808	951	952
201177	235	188118	951	952
222896	235	188188	951	952
204939	235	194387	951	952
246377	235	190336	951	952
224739	235	189740	951	952
197876	235	188003	951	952
202282	235	188178	951	952
211784	235	188381	951	952
195016	235	189479	951	952
343504	235	215035	951	952
195734	235	190799	951	952
193657	235	188148	951	952
194062	235	188097	951	952
203400	235	189149	951	952
215160	235	188116	951	952
209876	289	318729	951	952
197788	235	188597	951	952
220565	235	188133	951	952
214463	235	189091	951	952
201824	235	188493	951	952
199289	235	188015	951	952
214525	235	189671	951	952
215086	235	191854	951	952
198469	235	188068	951	952
234550	235	188699	951	952
197893	235	188324	951	952
203147	235	188787	951	952
207673	235	191154	951	952
195455	235	188273	951	952
206023	235	188364	951	952
283388	235	188265	951	952
283619	235	188381	951	952
205640	235	189392	951	952
213301	235	188819	951	952
240997	235	189612	951	952
204698	235	188500	951	952
205444	235	253067	951	952
202407	235	188020	951	952
314668	235	188458	951	952
253615	235	189039	951	952
199220	235	188141	951	952
199893	235	192650	951	952
192950	235	188096	951	952
193935	235	194620	951	952
229374	235	188206	951	952
224846	235	188192	951	952
200005	235	189744	951	952
250270	235	188601	951	952
193881	235	189669	951	952
200898	235	188053	951	952
298095	235	188086	951	952
291163	235	189392	951	952
288994	235	190261	951	952
196390	235	188172	951	952
256472	235	212507	951	952
248067	235	189095	951	952
209944	235	188713	951	952
288401	235	189263	951	952
246906	235	188947	951	952
193239	235	193050	951	952
194606	235	188707	951	952
223942	235	191263	951	952
208682	235	189079	951	952
295458	235	246555	951	952
221461	235	188700	951	952
241607	235	189355	951	952
299624	235	192176	951	952
192425	235	188097	951	952
209372	235	201094	951	952
280257	235	188437	951	952
264731	235	188736	951	952
216923	235	219819	951	952
198683	235	188136	951	953
233039	49	190077	951	953
211721	235	189975	951	953
205603	235	189042	951	953
295704	235	188332	951	953
312375	235	188440	951	953
213572	235	188735	951	953
209435	235	188883	951	953
197746	235	188787	951	953
248321	235	191400	951	953
200452	235	188116	951	953
194407	235	193997	951	953
212634	235	188348	951	953
194632	235	189569	951	953
198246	235	188803	951	953
205246	235	188166	951	953
202532	235	188382	951	953
232286	235	188209	951	953
223053	235	190237	951	953
199612	235	189012	951	953
311635	235	218020	951	953
211223	235	188087	951	953
334115	235	189435	951	953
195615	235	189256	951	953
195103	235	210018	951	953
200764	235	188090	951	953
240862	235	190579	951	953
202944	235	190263	951	953
214902	235	188110	951	953
192503	235	188147	951	953
203665	235	188323	951	953
198440	235	188173	951	953
252886	235	188753	951	953
195051	235	188967	951	953
200342	235	189739	951	953
217132	235	188500	951	953
254566	235	189333	951	953
205975	235	188221	951	953
281365	235	188901	951	953
193054	235	188025	951	953
209525	235	192268	951	953
212474	235	188267	951	953
241339	235	188683	951	953
257981	235	188073	951	953
218182	235	188645	951	953
197556	235	188034	951	953
199537	235	188394	951	953
226948	235	188416	951	953
210477	235	188727	951	953
256519	235	189005	951	953
203499	235	188971	951	953
243277	235	244470	951	953
225177	235	189568	951	953
236877	235	191112	951	953
265342	235	188443	951	953
199583	235	188773	951	953
217928	235	196446	951	953
258949	235	188735	951	953
209954	235	190123	951	953
294668	235	190602	951	953
221960	235	188001	951	953
212686	235	188366	951	953
188549	267	276538	951	953
191779	235	188031	951	953
218881	235	193729	951	953
209529	235	188386	951	953
260665	235	189895	951	953
223036	235	188614	951	953
230011	235	189542	951	953
268733	235	188173	951	953
215055	235	188116	951	953
197933	235	188039	951	953
221129	235	188197	951	953
204619	235	188279	951	953
203595	235	188023	951	953
201186	235	188074	951	953
198997	235	189707	951	953
241020	235	188198	951	953
319319	235	190228	951	953
202361	235	188227	951	953
212066	235	190732	951	953
211743	235	194420	951	953
226591	235	188699	951	953
234646	235	189254	951	953
254826	235	189883	951	953
207112	235	189639	951	953
193947	235	188134	951	953
210337	235	188374	951	953
203503	235	188385	951	953
267029	235	189291	951	953
248246	235	189643	951	953
246877	235	189484	951	953
274838	235	188215	951	953
261627	235	188917	951	953
252288	235	188108	951	953
237557	235	189265	951	953
212227	235	188179	951	953
357735	235	188183	951	953
240895	235	188030	951	953
193962	235	189116	951	953
202196	235	191857	951	953
194224	235	188009	951	953
196620	235	188001	951	953
204110	235	188494	951	953
243191	235	192528	951	953
285206	235	195255	951	953
240667	235	188544	951	953
212725	235	190521	951	953
201427	235	190881	951	953
295006	235	188714	951	953
235530	235	188978	951	953
299411	235	189048	951	953
208842	235	188983	951	953
348909	235	188331	951	953
199993	235	188031	951	953
204585	235	188218	951	953
215156	235	188893	951	953
205962	235	189465	951	953
195103	235	188111	951	953
330120	235	189429	951	953
203089	235	188105	951	953
244820	235	191452	951	953
254784	235	189622	951	953
197329	235	190674	951	953
212920	235	188242	951	953
204065	235	188119	951	953
230086	235	189639	951	953
201490	235	190084	951	953
215855	235	188700	951	953
245272	235	191038	951	953
228965	235	188498	951	953
212612	235	190373	951	953
202584	235	188197	951	953
197800	235	188260	951	953
255161	235	213911	951	953
256734	235	188378	951	953
198903	235	188145	951	953
239891	235	201562	951	953
217806	235	188010	951	953
251138	235	188515	951	953
199470	235	192170	951	953
210635	235	195277	951	953
199726	235	190673	951	953
267737	235	188222	951	953
221532	235	189070	951	953
228501	235	188506	951	953
270903	235	188982	951	953
211962	235	188021	951	953
243501	235	190336	951	953
246048	235	190052	951	953
204532	235	188041	951	953
273317	235	194867	951	953
232252	235	188569	951	953
203819	235	188620	951	953
310334	235	190019	951	953
203064	235	189161	951	953
197790	235	189087	951	953
198593	235	188783	951	953
222078	235	188743	951	953
196097	235	188381	951	953
268774	235	190827	951	953
244711	235	190519	951	953
205815	235	188952	951	953
198588	235	188211	951	953
264382	235	188626	951	953
209461	235	190962	951	953
234649	235	188526	951	953
268818	235	194695	951	953
197884	235	188089	951	953
201929	235	250272	951	953
209134	235	190040	951	953
236779	235	188270	951	953
247650	235	189001	951	953
228821	235	188344	951	953
202990	235	188875	951	953
219876	235	188601	951	953
201474	235	189042	951	953
203857	235	190505	951	953
227770	235	188200	951	953
271805	235	188154	951	953
227358	235	188221	951	953
207264	235	188744	951	953
347315	226	190419	951	953
203313	235	189069	951	953
221890	235	188173	951	953
262297	235	188393	951	953
212847	235	189639	951	953
201108	235	191046	951	953
218952	235	188047	951	953
264318	235	189333	951	953
213220	235	189453	951	953
221277	235	189745	951	953
250265	235	192040	951	953
225613	235	188686	951	953
215843	235	188440	951	953
238167	235	188197	951	953
229747	235	188338	951	953
209415	235	188690	951	953
225431	235	188229	951	953
374442	235	188680	951	953
210088	235	188119	951	953
195066	235	189796	951	953
213785	235	188358	951	953
204956	235	188570	951	953
211646	235	189475	951	953
198732	235	188529	951	953
276545	235	188128	951	953
253795	235	188555	951	953
198810	235	190403	951	953
195891	235	188798	951	953
242991	235	188104	951	953
193441	235	188252	951	953
208924	235	189036	951	953
195103	235	188178	951	953
327943	235	190237	951	953
214727	235	214305	951	953
195034	235	189197	951	953
243053	235	197099	951	953
197066	235	188075	951	953
307127	235	188679	951	953
288572	235	188395	951	953
199574	235	188179	951	953
201631	235	188783	951	953
275950	235	189160	951	953
212954	235	190968	951	953
204407	235	194252	951	953
210205	235	189680	951	953
216599	235	192860	951	953
203659	235	188021	951	953
199838	235	188347	951	953
220662	235	189818	951	953
195236	235	188294	951	953
208001	235	188082	951	953
203943	235	188157	951	953
261955	235	188379	951	953
205620	235	188472	951	953
196706	235	191123	951	953
315249	235	188350	951	953
201423	235	188624	951	953
219780	235	190237	951	953
220165	235	189379	951	953
242939	235	244830	951	953
230028	235	188265	951	953
212194	235	188844	951	953
198978	235	188231	951	953
226728	235	188041	951	953
256892	235	188059	951	953
298286	235	188119	951	953
298088	49	237157	951	953
239114	235	188041	951	953
253392	235	188185	951	953
209639	235	188098	951	953
209165	235	192231	951	953
290527	235	189124	951	953
226771	235	218547	951	953
204361	235	190285	951	953
195162	235	188089	951	953
196564	235	188291	951	953
256356	235	188640	951	953
344406	235	205224	951	953
203730	235	188377	951	953
203251	235	188217	951	953
219915	235	189454	951	953
249626	235	189175	951	953
199141	235	188078	951	953
296596	235	188592	951	953
203833	235	188626	951	953
272252	235	189484	951	953
206562	235	188243	951	953
252742	235	188603	951	953
200805	235	190376	951	953
194730	235	188137	951	953
213026	235	189157	951	953
293036	292	350955	951	953
255867	235	193085	951	953
211199	235	188092	951	953
208849	235	188620	951	953
202761	235	188772	951	953
199086	235	188045	951	953
242217	235	188228	951	953
268048	235	188221	951	953
235068	235	188371	951	953
226099	235	188228	951	953
220841	235	188644	951	953
226374	235	188041	951	953
196570	235	188173	951	953
276619	235	188086	951	953
200019	235	188134	951	953
194366	235	188221	951	953
200460	235	188686	951	953
214179	235	189971	951	953
205633	235	188185	951	953
284779	235	188076	951	953
206562	235	189382	951	953
203594	235	188207	951	953
230008	235	190125	951	953
221748	235	188426	951	953
202801	235	188478	951	953
206485	235	226546	951	953
203465	235	188281	951	953
203752	235	189656	951	953
221325	235	188456	951	953
213057	235	188239	951	953
209440	235	190075	951	953
198131	235	188875	951	953
202694	235	188185	951	953
219893	235	188228	951	953
198769	235	188570	951	953
289851	235	188291	951	953
214567	235	188041	951	953
283671	235	188331	951	953
325783	289	307297	951	953
196167	235	196412	951	953
199456	235	189311	951	953
203315	235	188041	951	953
208579	235	188078	951	953
208110	235	188297	951	953
193170	235	188875	951	953
201147	235	188066	951	953
284629	235	257358	951	953
354667	235	189832	951	953
210715	235	191038	951	953
225290	235	188463	951	953
193919	235	189857	951	953
212660	235	188069	951	953
204786	235	193214	951	953
213705	235	188050	951	953
270466	235	188228	951	953
230144	235	188007	951	953
225203	235	190529	951	953
271559	235	188344	951	953
220267	235	188190	951	953
200854	235	188348	951	953
269018	235	188577	951	953
235793	235	188997	951	953
232692	235	189303	951	953
218322	235	188036	951	953
256397	235	189792	951	953
196849	235	190690	951	953
240173	235	188601	951	953
239232	235	199137	951	953
206396	235	188197	951	953
203776	235	188284	951	953
282058	235	189348	951	953
196459	235	188463	951	953
272329	235	190095	951	953
191824	235	188126	951	953
217744	235	188119	951	953
196320	235	190113	951	953
200050	235	188048	951	953
241295	235	189333	951	953
216488	235	190562	951	953
199945	235	188156	951	953
228223	235	188876	951	953
229341	235	188126	951	953
199795	235	188178	951	953
195603	235	188155	951	953
205713	235	188036	951	953
203030	235	188123	951	953
196695	235	190881	951	953
217169	235	188182	951	953
203878	235	188155	951	953
194414	235	190466	951	953
211064	235	193788	951	953
223323	235	194049	951	953
208065	235	188318	951	953
196006	235	190055	951	953
229030	235	188366	951	953
206948	235	188305	951	953
195265	235	189640	951	953
203943	235	188415	951	953
217274	235	190667	951	953
200632	235	188817	951	953
213289	235	188626	951	953
204575	235	190704	951	953
202678	235	188505	951	953
211886	235	188365	951	953
217619	235	188701	951	953
197706	235	188044	951	953
206529	235	191724	951	953
202512	235	188511	951	953
229633	235	190476	951	953
195291	235	188345	951	953
245544	235	188950	951	953
280510	235	188888	951	953
247415	235	188070	951	953
200855	235	188294	951	953
234788	235	308300	951	953
270453	235	189326	951	953
199520	235	188636	951	953
227707	235	188265	951	953
209499	235	189265	951	953
208922	235	192917	951	953
197607	235	188351	951	953
197530	235	188783	951	953
198498	235	191749	951	953
302846	235	210418	951	953
215115	235	192298	951	953
210761	235	188099	951	953
243897	235	188146	951	953
255293	235	188502	951	953
214710	235	188665	951	953
196101	235	190866	951	953
199654	235	189398	951	953
246356	235	188285	951	953
219598	235	188131	951	953
207218	235	188057	951	953
194833	235	188406	951	953
206242	235	188515	951	953
258805	235	189936	951	953
197560	235	188096	951	953
202598	235	188034	951	953
202135	235	189143	951	953
222777	235	193158	951	953
188381	239	231224	951	953
218061	235	188519	951	953
222100	235	189837	951	953
291395	235	190968	951	953
204503	235	188221	951	953
203327	235	188076	951	953
198503	235	188003	951	953
243436	235	188602	951	953
199883	235	188175	951	953
221939	235	191866	951	953
236348	235	188070	951	953
239885	235	194926	951	953
202061	235	188348	951	953
287088	235	189326	951	953
226273	235	188220	951	953
195057	235	188027	951	953
204296	235	188614	951	953
228685	235	188284	951	953
215138	235	188064	951	953
282044	235	190439	951	953
214877	235	188269	951	953
233810	235	188570	951	953
201621	235	188074	951	953
212419	235	189897	951	953
240537	235	188457	951	953
219810	235	188688	951	953
206435	235	188131	951	953
247087	235	188211	951	953
205277	235	188014	951	953
260362	235	188660	951	953
218960	235	188823	951	953
204530	235	188697	951	953
303828	235	189757	951	953
200085	235	205076	951	953
194183	235	189824	951	953
193631	235	188228	951	953
201328	235	188006	951	953
208080	235	188166	951	953
196359	235	188027	951	953
218241	235	188043	951	953
196195	235	188091	951	953
200922	235	188028	951	953
281835	235	188785	951	953
234788	235	188353	951	953
203431	235	188226	951	953
196220	235	189132	951	953
220107	235	188037	951	953
249129	235	188370	951	953
229209	235	189032	951	953
238834	235	188768	951	953
196901	235	188409	951	953
225000	235	188317	951	953
213161	235	190201	951	953
273105	235	191475	951	953
199536	235	188161	951	953
198522	235	188038	951	953
199688	235	188578	951	953
199513	235	188539	951	953
194150	235	188677	951	953
195025	235	191373	951	953
194882	235	188141	951	953
203751	235	189951	951	953
222015	235	188500	951	953
322759	235	188406	951	953
251006	235	189116	951	953
265977	235	188228	951	953
219974	235	188189	951	953
195072	235	188426	951	953
222436	235	188161	951	953
219778	235	188300	951	953
195786	235	188981	951	953
196075	235	188185	951	953
223416	235	189327	951	953
204204	235	188029	951	953
208146	235	188192	951	953
271872	235	190749	951	953
200838	235	189370	951	953
204141	235	191263	951	953
218220	235	189974	951	953
202791	235	188276	951	953
196003	235	188342	951	953
371808	235	206356	951	953
207590	235	188506	951	953
198378	235	188209	951	953
287290	235	188496	951	953
201021	235	188005	951	953
198298	235	188090	951	953
190990	235	188078	951	953
227063	235	188090	951	953
208216	235	196440	951	953
209080	235	190650	951	953
208311	235	210352	951	953
288774	235	189740	951	953
266959	289	239026	951	953
208536	235	188753	951	953
296793	235	188808	951	953
246889	235	188377	951	953
227926	235	188141	951	953
214224	235	188099	951	953
193451	235	188105	951	953
204975	235	188093	951	953
199072	235	189183	951	953
210218	235	189265	951	953
208621	235	188185	951	953
211544	235	188529	951	953
195566	235	188855	951	953
197198	235	188068	951	953
199937	235	188446	951	953
239388	235	190423	951	953
286662	235	188662	951	953
250732	235	190818	951	953
201010	235	188130	951	953
256820	235	191611	951	953
201752	235	239161	951	953
211829	235	191208	951	953
205998	235	188015	951	953
217123	235	188189	951	953
344416	235	216354	951	953
254430	235	209753	951	953
195229	235	188620	951	953
206713	235	188235	951	953
197045	235	188143	951	953
218176	235	189252	951	953
295135	235	199620	951	953
237198	235	188207	951	953
196005	235	212135	951	953
363083	235	191970	951	953
205910	235	189314	951	953
293844	235	189248	951	953
194654	235	188064	951	953
194220	235	188068	951	953
212095	235	188221	951	953
203551	235	188218	951	953
226410	235	188249	951	953
211805	235	188366	951	953
213409	235	210352	951	953
193817	235	188155	951	953
236995	235	188041	951	953
200809	235	189344	951	953
203137	235	189558	951	953
220805	235	188253	951	953
204014	235	188132	951	953
197467	235	188051	951	953
212708	235	189162	951	953
192272	235	188029	951	953
243229	235	189579	951	953
200329	235	188324	951	953
199646	235	188227	951	953
247310	235	188128	951	953
196037	235	188659	951	953
197380	235	188207	951	953
210540	235	188136	951	953
329819	235	188785	951	953
224447	235	188968	951	953
212643	235	192046	951	953
213798	235	189116	951	953
230923	235	189043	951	953
258958	235	193729	951	953
246083	235	188059	951	953
204166	235	188276	951	953
199985	235	188157	951	953
206843	235	188221	951	953
251245	235	188373	951	953
211786	235	188865	951	953
195189	235	188121	951	953
217137	235	188630	951	953
289812	235	189084	951	953
268113	235	188390	951	953
209737	235	188172	951	953
242868	235	188198	951	953
214070	235	188682	951	953
197190	235	188015	951	953
202904	235	188031	951	953
200785	235	188035	951	953
194745	235	188041	951	953
235984	235	189403	951	953
198080	235	189429	951	953
250514	235	201393	951	953
215632	235	188678	951	953
210289	235	188279	951	953
247796	235	190196	951	953
196404	235	188704	951	953
223269	235	189465	951	953
221331	235	188437	951	953
234096	235	188157	951	953
211203	235	189656	951	953
196957	235	189372	951	953
203543	235	189912	951	953
216300	235	188172	951	953
192932	235	188157	951	953
240587	235	190161	951	953
223960	235	188609	951	953
217374	235	188436	951	953
198890	235	188798	951	953
200677	235	188397	951	953
203758	235	188348	951	953
228168	235	188047	951	953
318962	235	202107	951	953
235939	235	191627	951	953
195386	235	188894	951	953
205629	235	188089	951	953
197550	235	188379	951	953
227306	235	189061	951	953
236099	235	189333	951	953
208706	235	188172	951	953
250086	235	188317	951	953
229330	235	188817	951	953
222900	235	188999	951	953
299128	235	188835	951	953
307322	235	190422	951	953
262168	235	188699	951	953
224969	235	188188	951	953
234424	235	188054	951	953
199789	235	190146	951	953
218304	235	188130	951	953
226084	235	190273	951	953
220257	235	188516	951	953
193542	235	188147	951	953
207695	235	190202	951	953
264180	235	188679	951	953
200546	235	188164	951	953
213028	235	188338	951	953
243837	235	189925	951	953
274144	235	188977	951	953
235674	235	188229	951	953
282719	235	188890	951	953
218881	235	188486	951	953
201958	235	188833	951	953
216562	235	189245	951	953
255115	235	189449	951	953
337820	235	190859	951	953
214817	235	188590	951	953
235953	235	189177	951	953
200931	235	188072	951	953
207821	235	188267	951	953
216738	235	188387	951	953
202127	235	191586	951	953
223975	235	188501	951	953
208594	235	189832	951	953
210654	235	189028	951	953
187998	267	201863	951	953
200743	235	189656	951	953
203459	235	188387	951	953
357590	235	188059	951	953
241991	235	188154	951	953
286523	235	188669	951	953
230684	235	189975	951	953
200835	235	190273	951	953
196115	235	188938	951	953
291257	235	190686	951	953
306339	235	191820	951	953
214834	235	188045	951	953
242952	235	188907	951	953
227332	235	188232	951	953
195765	235	188165	951	953
205060	235	189018	951	953
200005	235	188297	951	953
198816	235	190978	951	953
268166	235	209325	951	953
216518	235	188180	951	953
209284	235	209546	951	953
219544	235	188161	951	953
209632	235	189923	951	953
202473	235	188338	951	953
254455	235	199351	951	953
211154	235	189218	951	953
213415	235	188338	951	953
233235	235	188487	951	953
226330	235	190246	951	953
202744	235	188291	951	953
205409	235	190085	951	953
215007	235	189682	951	953
199828	235	188463	951	953
204317	235	188667	951	953
289167	235	188458	951	953
212070	235	188411	951	953
195386	235	189487	951	953
196205	235	188076	951	953
204830	235	188092	951	953
279012	235	190027	951	953
279479	235	201806	951	953
293459	235	188592	951	953
206774	235	188063	951	953
219734	235	188262	951	953
203219	235	188462	951	953
217167	235	188163	951	953
197145	235	189554	951	953
214010	235	189147	951	953
235176	235	188582	951	953
253923	235	188385	951	953
247279	235	188211	951	953
199644	235	188019	951	953
239481	235	188638	951	953
198161	235	188218	951	953
241360	235	188645	951	953
210229	235	188164	951	953
289662	235	189483	951	953
195702	235	188569	951	953
230620	235	276091	951	953
247896	235	191733	951	953
306339	235	188024	951	953
215363	235	188042	951	953
301509	42	188910	951	953
196476	235	188128	951	953
273749	235	201780	951	953
200900	235	188265	951	953
210642	235	188395	951	953
256865	235	189449	951	953
197640	235	188123	951	953
207295	235	188617	951	953
211989	235	188570	951	953
204172	235	188689	951	953
200491	235	188541	951	953
280067	235	251224	951	953
260446	235	189104	951	953
202118	235	188368	951	953
203421	235	188198	951	953
253685	235	188659	951	953
201083	235	189087	951	953
226615	235	190145	951	953
219681	235	188541	951	953
217954	235	188021	951	953
201481	235	188997	951	953
255509	235	189385	951	953
194245	235	189382	951	953
193104	235	188043	951	953
206027	235	188730	951	953
224248	235	188695	951	953
212194	235	189264	951	953
248554	235	200936	951	953
302659	235	188433	951	953
214637	235	189906	951	953
203847	235	188228	951	953
247836	235	189858	951	953
233276	235	189484	951	953
215202	235	190874	951	953
200854	235	190550	951	953
205602	235	188007	951	953
231059	235	188249	951	953
210695	235	188875	951	953
239420	235	188032	951	953
236559	235	222537	951	953
224535	235	188089	951	953
205837	235	188541	951	953
226354	235	188422	951	953
212991	235	188381	951	953
314983	235	188099	951	953
198068	235	188765	951	953
198777	235	188318	951	953
205342	235	188190	951	953
193628	235	188129	951	953
251835	235	188379	951	953
207125	235	188699	951	953
272580	235	188044	951	953
191385	235	188053	951	953
264969	235	188031	951	953
198705	235	190040	951	953
232124	235	188123	951	953
205958	235	188772	951	953
200030	235	188063	951	953
221918	235	190084	951	953
234578	235	188381	951	953
212084	235	193386	951	953
208894	235	188091	951	953
209075	235	188921	951	953
241839	235	188686	951	953
223779	235	188913	951	953
227745	235	189486	951	953
207675	235	188678	951	953
307297	289	325783	951	953
213564	235	188269	951	953
207504	235	188108	951	953
208848	235	188042	951	953
234364	235	188034	951	953
198592	235	188330	951	953
220433	235	188029	951	953
208259	235	188338	951	953
194745	235	188090	951	953
219922	235	188094	951	953
194851	235	188152	951	953
216095	235	188262	951	953
290320	235	189686	951	953
243605	235	188919	951	953
229491	235	188131	951	953
249685	235	189951	951	953
303645	235	188695	951	953
318912	235	189044	951	953
210498	235	188228	951	953
216777	235	188014	951	953
213934	235	188136	951	953
208014	235	188977	951	953
203772	235	188462	951	953
289421	235	188950	951	953
212216	235	189036	951	953
251316	235	188677	951	953
220031	235	188237	951	953
257288	235	188284	951	953
197120	235	189151	951	953
201862	235	188018	951	953
201946	235	188602	951	953
205416	235	189612	951	953
198061	235	188173	951	953
239026	289	266959	951	953
211864	235	188506	951	953
208701	235	188983	951	953
204000	235	188065	951	953
208238	235	191849	951	953
222920	235	188520	951	953
221292	235	188421	951	953
206061	235	189612	951	953
234475	235	188261	951	953
218266	235	188154	951	953
213257	235	188098	951	953
215541	235	208747	951	953
367869	176	271373	951	953
335960	235	188609	951	953
193413	235	188057	951	953
196925	235	188108	951	953
270459	235	188828	951	953
258404	235	188133	951	953
196168	235	188358	951	953
207502	235	188006	951	953
203219	235	189558	951	953
193586	235	188003	951	953
205562	235	189612	951	953
197298	235	188261	951	953
195977	235	188210	951	953
249878	235	188615	951	953
195139	235	188137	951	953
197915	235	188544	951	953
219865	235	189304	951	953
213788	235	188426	951	953
199923	235	188559	951	953
217797	235	188781	951	953
197730	235	188010	951	953
236989	235	188820	951	953
298010	235	188865	951	953
199438	235	188059	951	953
311507	235	189468	951	953
204570	235	188415	951	953
192494	235	188234	951	953
232261	235	188823	951	953
240044	235	188448	951	953
213063	235	188608	951	953
195439	235	189088	951	953
202379	235	188156	951	953
232323	235	188446	951	953
196430	235	188297	951	953
308099	235	188594	951	953
278474	235	190263	951	953
310315	235	188404	951	953
192565	235	188247	951	953
271469	235	189895	951	953
209545	235	188348	951	953
197662	235	188221	951	953
195947	235	189391	951	953
202895	235	188197	951	953
253904	235	188373	951	953
208448	235	190313	951	953
247601	235	188045	951	953
261166	235	188070	951	953
215069	235	191263	951	953
199214	235	189161	951	953
200210	235	188624	951	953
238409	235	188018	951	953
209275	235	188054	951	953
207429	235	188186	951	953
240640	235	191859	951	953
211829	235	189799	951	953
227448	235	189584	951	953
254758	235	198566	951	953
211959	235	189149	951	953
192285	235	188738	951	953
241078	235	207917	951	953
208324	235	188078	951	953
218043	235	189061	951	953
193587	235	189336	951	953
202561	235	188244	951	953
205505	235	188192	951	953
195036	235	188367	951	953
268923	235	188886	951	953
202254	235	188011	951	953
197180	235	188235	951	953
291918	235	189990	951	953
223384	235	189183	951	953
211654	235	189604	951	953
196129	152	188082	951	953
213208	235	188055	951	953
192455	235	188488	951	953
260990	235	193030	951	953
287170	235	190455	951	953
275156	235	189275	951	953
201125	235	188478	951	953
207099	235	188356	951	953
222157	235	188638	951	953
207715	235	188803	951	953
218859	235	188300	951	953
200200	235	191733	951	953
219680	235	189953	951	953
214010	235	194242	951	953
203852	235	188387	951	953
233733	235	188279	951	953
247027	235	188921	951	953
255605	235	189639	951	953
200808	235	189648	951	953
217735	235	190154	951	953
188703	239	276409	951	953
197439	235	194121	951	953
224398	235	188122	951	953
268169	235	189394	951	953
209116	235	189936	951	953
200300	235	188381	951	953
252371	235	188634	951	953
252109	235	189936	951	953
214335	235	188332	951	953
265383	235	189131	951	953
202423	235	188108	951	953
192714	235	188392	951	953
200508	235	188003	951	953
197989	235	191608	951	953
200400	235	188697	951	953
240737	235	188890	951	953
207330	235	188282	951	953
204835	235	188682	951	953
237249	235	188438	951	953
217415	235	190149	951	953
204803	235	188118	951	953
207954	235	188446	951	953
223564	235	189612	951	953
268578	235	190610	951	953
247481	235	189333	951	953
199348	235	188030	951	953
223712	235	189812	951	953
204914	235	188365	951	953
206523	235	188041	951	953
292866	235	309032	951	953
188910	239	301509	951	953
288346	235	189291	951	953
199943	235	188877	951	953
196722	235	188785	951	953
264991	235	191433	951	953
243168	235	188217	951	953
205409	235	189827	951	953
192883	235	188166	951	953
265170	235	193456	951	953
195475	235	188162	951	953
196610	235	188238	951	953
229256	235	189000	951	953
201555	235	188053	951	953
217435	235	188551	951	953
226445	235	189649	951	953
220357	235	188009	951	953
194448	235	188392	951	953
248389	235	188706	951	953
208706	235	188314	951	953
195959	235	189936	951	953
233505	235	189612	951	953
216757	235	188282	951	953
277760	235	188248	951	953
206649	235	188379	951	953
268967	235	240329	951	953
220842	235	190650	951	953
216304	235	188143	951	953
193052	235	188502	951	953
201893	235	191034	951	953
196403	235	189721	951	953
210368	235	189470	951	953
206884	235	190512	951	953
206508	235	188067	951	953
214677	235	188417	951	953
199450	235	189645	951	953
235821	235	188918	951	953
302065	235	240176	951	953
200144	235	188042	951	953
214741	235	188200	951	953
212656	235	188179	951	953
196092	235	188320	951	953
196374	235	188137	951	953
199551	235	188034	951	953
197501	235	188198	951	953
333626	235	189765	951	953
239422	235	189455	951	953
235056	235	198371	951	953
250529	235	189109	951	953
196696	235	188358	951	953
194462	235	189413	951	953
313450	235	188452	951	953
226606	235	188057	951	953
194006	235	193050	951	953
216090	235	188316	951	953
214891	235	188663	951	953
198452	235	188136	951	953
203920	235	189398	951	953
269013	235	189031	951	953
206866	235	188669	951	953
212769	235	188881	951	953
212561	235	188686	951	953
234328	235	188440	951	953
228832	235	188638	951	953
203812	235	188282	951	953
246597	235	188282	951	953
209333	235	189718	951	953
226459	235	188018	951	953
202145	235	188250	951	953
213389	235	188961	951	953
222217	235	188250	951	953
251654	235	206356	951	953
201039	235	188819	951	953
227270	273	187995	951	953
207326	235	188783	951	953
206747	235	192342	951	953
241078	235	189678	951	953
218882	235	188178	951	953
226030	235	188626	951	953
221313	235	188402	951	953
197092	235	188512	951	953
219154	235	188537	951	953
228368	235	188673	951	953
191841	235	188060	951	953
226259	235	189348	951	953
207059	235	188669	951	953
205191	235	188547	951	953
323553	235	190586	951	953
197290	235	189441	951	953
252988	235	188784	951	953
288394	235	193788	951	953
200085	235	194810	951	953
192677	235	188010	951	953
194729	235	188104	951	953
203543	235	188493	951	953
279665	235	190704	951	953
281287	235	190114	951	953
195033	235	188035	951	953
213029	235	190017	951	953
246182	235	188589	951	953
234950	235	189538	951	953
296612	235	188808	951	953
232810	235	191140	951	953
223321	235	188065	951	953
204494	235	188768	951	953
222176	235	188353	951	953
209983	235	188533	951	953
200060	235	189265	951	953
206137	235	188218	951	953
273916	235	188358	951	953
249599	235	188142	951	953
210376	235	192264	951	953
195946	235	188064	951	953
215168	235	188509	951	953
204469	235	188111	951	953
282716	235	189604	951	953
201496	235	188493	951	953
197483	235	188300	951	953
265863	235	188132	951	953
193380	235	188107	951	953
257068	235	188378	951	953
224214	235	188024	951	953
234622	235	188228	951	953
193567	235	188051	951	953
213524	235	189725	951	953
228654	235	188318	951	953
197509	235	190403	951	953
313464	235	189756	951	953
277578	235	188005	951	953
208569	235	189826	951	953
201173	235	188243	951	953
257426	235	199448	951	953
195252	235	188238	951	953
246487	235	188123	951	953
243246	235	188995	951	953
194782	235	188158	951	953
194502	235	188065	951	953
265689	235	192821	951	953
198102	235	188921	951	953
227192	235	190201	951	953
218655	235	192821	951	953
200073	235	188264	951	953
205620	235	188149	951	954
207698	235	188143	951	954
211509	235	189254	951	954
252080	235	188686	951	954
247282	289	195215	951	954
222929	235	189401	951	954
213607	235	188188	951	954
195215	289	247282	951	954
204888	235	189082	951	954
238136	235	188097	951	954
201219	235	188048	951	954
206003	235	188104	951	954
207568	235	188522	951	954
201352	235	188879	951	954
274583	235	189282	951	954
214304	235	188186	951	954
205066	235	188128	951	954
206716	235	188665	951	954
217140	235	188152	951	954
267968	235	188157	951	954
220690	235	188971	951	954
222103	235	188430	951	954
199668	235	189193	951	954
195906	235	188478	951	954
273608	235	189639	951	954
240655	235	188180	951	954
213143	235	192174	951	954
213129	235	188086	951	954
224469	235	188260	951	954
203998	235	188025	951	954
254130	235	188976	951	954
226111	235	188198	951	954
283983	235	228632	951	954
200242	235	190280	951	954
221292	235	189750	951	954
226414	235	188079	951	954
243907	235	188820	951	954
210904	235	194783	951	954
195437	235	188129	951	954
225412	235	189684	951	954
225414	235	188291	951	954
290572	235	188086	951	954
317448	235	192173	951	954
247445	235	188968	951	954
223711	235	189257	951	954
198916	235	188180	951	954
214558	235	188101	951	954
211952	235	199006	951	954
200675	235	189082	951	954
199182	235	188158	951	954
209691	235	188207	951	954
301569	235	189131	951	954
202923	235	188367	951	954
280815	235	193049	951	954
193708	235	188017	951	954
201836	235	188073	951	954
195261	235	189265	951	954
231313	235	188097	951	954
194944	235	188023	951	954
210421	235	188822	951	954
224815	235	188005	951	954
216452	235	188207	951	954
203139	235	188397	951	954
233272	235	188229	951	954
202898	235	188270	951	954
200165	235	188357	951	954
195704	235	189167	951	954
198992	235	188496	951	954
208097	235	188088	951	954
230702	235	188317	951	954
197538	235	188478	951	954
210708	235	188186	951	954
302815	235	192316	951	954
220777	235	188061	951	954
295282	235	189826	951	954
203486	235	189531	951	954
297808	235	188688	951	954
218891	235	188429	951	954
197225	235	189252	951	954
201977	235	281547	951	954
197644	235	188005	951	954
200730	235	188365	951	954
205818	235	190667	951	954
199216	235	193372	951	954
214527	235	189821	951	954
218952	235	188116	951	954
194158	235	188320	951	954
195131	235	189388	951	954
200474	235	188565	951	954
199610	235	189047	951	954
206842	235	189262	951	954
358746	235	191905	951	954
212553	235	188665	951	954
253712	235	188458	951	954
213858	235	188088	951	954
207084	235	190505	951	954
258308	235	189270	951	954
222159	235	188011	951	954
196202	235	188006	951	954
219884	235	190313	951	954
256605	235	189392	951	954
247842	235	188620	951	954
247949	235	188153	951	954
300465	235	189028	951	954
204606	235	188129	951	954
315758	235	188335	951	954
210597	235	188923	951	954
223354	235	188356	951	954
268679	235	209325	951	954
276503	235	189043	951	954
280254	235	189278	951	954
310847	235	188856	951	954
198281	235	188018	951	954
291004	235	188219	951	954
224527	235	188147	951	954
192653	235	188065	951	954
204056	235	188243	951	954
362410	235	200257	951	954
195464	235	188226	951	954
215237	235	192151	951	954
224313	235	188574	951	954
202428	235	188489	951	954
209811	235	188105	951	954
203142	235	188480	951	954
214344	235	188638	951	954
206166	235	188276	951	954
192670	289	218316	951	954
251223	235	188493	951	954
202599	235	192836	951	954
196299	235	188539	951	954
215904	235	190132	951	954
197297	235	188085	951	954
229638	235	188188	951	954
274097	235	188186	951	954
201671	235	188913	951	954
203550	235	188410	951	954
237576	235	188148	951	954
208282	235	188122	951	954
290251	235	189491	951	954
228660	235	188235	951	954
219938	235	190505	951	954
199384	235	188638	951	954
196338	235	189000	951	954
349795	235	238559	951	954
224839	235	188029	951	954
239745	235	188129	951	954
234363	235	188709	951	954
250490	235	191154	951	954
219252	235	189438	951	954
242304	235	188739	951	954
213847	235	188317	951	954
325671	235	191135	951	954
247039	235	238885	951	954
219355	235	189295	951	954
202192	235	188874	951	954
195324	235	189166	951	954
197416	235	188246	951	954
202155	235	188249	951	954
214103	235	188874	951	954
230684	235	190435	951	954
210155	235	188573	951	954
225288	235	188250	951	954
266772	235	188098	951	954
215156	235	188268	951	954
235967	235	189332	951	954
205771	235	188924	951	954
194519	235	188017	951	954
256299	235	190793	951	954
204321	235	188094	951	954
203745	235	188290	951	954
302645	235	194010	951	954
251289	235	203753	951	954
203027	235	188140	951	954
208310	235	188537	951	954
219860	235	189403	951	954
291875	235	237470	951	954
203659	235	188131	951	954
274954	235	189657	951	954
200475	235	188025	951	954
209187	235	189110	951	954
193401	235	190746	951	954
198290	235	188183	951	954
222328	235	193608	951	954
202208	235	189848	951	954
296734	235	207426	951	954
215436	235	198174	951	954
225310	235	188853	951	954
195358	235	190270	951	954
207528	235	188851	951	954
211105	235	188063	951	954
204343	235	191883	951	954
199061	235	188078	951	954
229551	235	188409	951	954
254685	235	189082	951	954
205353	235	193795	951	954
200490	235	188164	951	954
204905	235	188010	951	954
209670	235	188321	951	954
201954	235	188098	951	954
197014	235	188023	951	954
194802	235	188940	951	954
223808	235	188232	951	954
201302	235	188977	951	954
193763	235	188043	951	954
201183	235	188091	951	954
219010	235	189680	951	954
206353	235	188131	951	954
198542	235	188132	951	954
236352	235	188219	951	954
210400	235	190280	951	954
199589	235	188318	951	954
219926	235	189484	951	954
210196	235	188007	951	954
201164	235	188268	951	954
195787	235	188123	951	954
259611	235	220204	951	954
225119	235	188350	951	954
239827	235	188250	951	954
216005	235	188110	951	954
206410	235	188783	951	954
250678	235	190373	951	954
266916	235	188378	951	954
210387	235	188118	951	954
226201	235	188148	951	954
216274	235	188855	951	954
198373	235	189538	951	954
254615	235	190433	951	954
203558	235	188090	951	954
211683	235	189037	951	954
194233	235	188175	951	954
198977	235	188450	951	954
239429	235	188101	951	954
206120	235	197291	951	954
247726	235	191543	951	954
198229	235	189796	951	954
313973	235	190748	951	954
193375	235	189083	951	954
225482	235	188805	951	954
228469	235	188599	951	954
217763	235	188617	951	954
192258	235	188104	951	954
206976	235	188179	951	954
208162	235	189006	951	954
210646	235	188494	951	954
232104	235	188665	951	954
217848	235	189392	951	954
203810	235	188489	951	954
217890	235	188629	951	954
276309	235	188820	951	954
224416	235	189146	951	954
218031	235	188268	951	954
315275	235	188482	951	954
335754	42	325381	951	954
296356	235	189482	951	954
215291	235	188246	951	954
202173	235	188183	951	954
195883	235	188058	951	954
203655	235	189216	951	954
220105	235	190667	951	954
196215	235	188073	951	954
216523	235	189541	951	954
223862	235	188983	951	954
205865	235	188018	951	954
222029	235	188005	951	954
203685	235	188390	951	954
217117	235	188183	951	954
253697	235	188649	951	954
199353	235	188492	951	954
225993	235	204148	951	954
201911	235	188162	951	954
213381	235	188663	951	954
223704	235	188173	951	954
221157	235	190550	951	954
228492	235	189283	951	954
197041	235	188482	951	954
285753	235	189248	951	954
221837	235	191905	951	954
199951	235	188602	951	954
251223	235	189912	951	954
321009	235	189358	951	954
213179	235	188381	951	954
212134	235	188201	951	954
194171	235	188134	951	954
250958	235	188979	951	954
217669	235	188671	951	954
294387	235	188703	951	954
337923	235	189486	951	954
228406	235	192538	951	954
236366	235	189254	951	954
210979	235	188109	951	954
199233	235	188798	951	954
204032	235	188242	951	954
231489	235	189303	951	954
196978	235	188772	951	954
216875	235	188694	951	954
231990	235	188025	951	954
207719	235	189167	951	954
269079	235	191611	951	954
211672	235	188182	951	954
243702	235	189752	951	954
252506	235	188312	951	954
247206	235	189183	951	954
216455	235	188804	951	954
233495	235	188113	951	954
368854	235	189491	951	954
201215	235	188056	951	954
197958	235	188268	951	954
249573	235	189141	951	954
235440	235	188773	951	954
219411	235	189138	951	954
201713	235	188006	951	954
203471	235	188172	951	954
217468	235	188116	951	954
235760	235	188940	951	954
194361	235	188031	951	954
261231	235	189601	951	954
226396	235	188954	951	954
212819	235	188334	951	954
224811	235	189291	951	954
207137	235	188547	951	954
202644	235	189866	951	954
247480	235	188519	951	954
249299	235	189568	951	954
197623	235	188167	951	954
231065	235	188149	951	954
257038	235	188379	951	954
208540	235	188569	951	954
215505	235	188686	951	954
272606	235	188128	951	954
198621	235	188091	951	954
195719	235	188131	951	954
194659	235	188097	951	954
194562	235	188085	951	954
230438	235	188314	951	954
214625	235	188547	951	954
203180	235	188439	951	954
226060	235	189921	951	954
209145	235	188434	951	954
216203	235	188162	951	954
322103	289	198858	951	954
207630	235	190734	951	954
201095	235	188365	951	954
208574	235	188741	951	954
200717	235	188072	951	954
280568	235	188492	951	954
211258	235	199832	951	954
202535	235	188014	951	954
194390	235	188307	951	954
215801	235	188235	951	954
195614	235	188688	951	954
198811	235	188043	951	954
244838	235	188987	951	954
199304	235	188098	951	954
282681	235	189062	951	954
225321	235	188123	951	954
206814	235	188875	951	954
230070	235	188518	951	954
205131	235	188066	951	954
200415	235	188064	951	954
194901	235	188097	951	954
198457	235	188098	951	954
221958	235	188747	951	954
201454	235	188010	951	954
216386	235	188278	951	954
239149	235	188502	951	954
252329	235	188248	951	954
203693	235	189848	951	954
207290	235	188047	951	954
216523	235	191048	951	954
224669	235	192264	951	954
222419	235	188148	951	954
225183	235	188709	951	954
228594	235	189358	951	954
200868	235	188129	951	954
234339	235	188461	951	954
203816	235	189531	951	954
201416	235	188015	951	954
206767	235	188582	951	954
197433	235	188615	951	954
283647	235	188009	951	954
193149	235	188348	951	954
197790	235	188182	951	954
196632	235	189293	951	954
214069	235	188918	951	954
240174	235	190123	951	954
227334	235	188221	951	954
270470	235	189767	951	954
239343	235	188636	951	954
195565	235	188707	951	954
213860	235	200405	951	954
246594	235	188677	951	954
211768	235	190106	951	954
211039	235	188326	951	954
240065	235	190073	951	954
368402	235	206356	951	954
218161	235	188987	951	954
282253	235	190735	951	954
213719	235	188640	951	954
197682	235	188088	951	954
213376	235	188509	951	954
200572	235	189156	951	954
289824	235	188316	951	954
221063	235	192650	951	954
203317	235	189438	951	954
196967	235	188089	951	954
268166	235	189252	951	954
223406	235	188582	951	954
207048	235	189554	951	954
188548	267	230686	951	954
235863	235	188590	951	954
217966	235	188078	951	954
218316	289	192670	951	954
218815	235	189083	951	954
239605	235	188017	951	954
196120	235	188035	951	954
194947	235	189296	951	954
194754	235	188003	951	954
199777	235	190514	951	954
218732	235	189382	951	954
253719	235	188390	951	954
208480	235	189965	951	954
194701	235	188133	951	954
217117	235	188415	951	954
219973	235	188300	951	954
286259	42	190294	951	954
197229	235	189116	951	954
216266	235	188501	951	954
194784	235	189273	951	954
202131	235	188133	951	954
198858	289	322103	951	954
192646	235	188126	951	954
200851	235	188630	951	954
216300	235	188214	951	954
220848	235	188014	951	954
201213	235	189179	951	954
219059	235	189263	951	954
192991	235	188015	951	954
200419	235	188677	951	954
333606	235	197666	951	954
198746	235	189011	951	954
200017	235	188009	951	954
200698	235	188446	951	954
199422	235	188153	951	954
274415	235	188186	951	954
233258	235	188505	951	954
216001	235	192650	951	954
195181	235	188172	951	954
211683	235	188130	951	954
221999	235	188148	951	954
211738	235	188511	951	954
202195	235	188052	951	954
263269	235	188979	951	954
284811	235	194695	951	954
209189	235	188446	951	954
195545	235	188993	951	954
243496	235	193094	951	954
291875	235	203688	951	954
245791	235	188153	951	954
237546	235	190746	951	954
232414	235	188742	951	954
218031	235	188722	951	954
208265	235	188136	951	954
216350	235	188116	951	954
205082	235	188389	951	954
217640	235	188015	951	954
198643	235	189088	951	954
282783	235	188761	951	954
205907	235	188027	951	954
198375	235	188487	951	954
214724	235	188028	951	954
192305	235	188064	951	954
200707	235	188232	951	954
212701	235	188118	951	954
194996	235	188201	951	954
204527	235	188005	951	954
216484	235	188678	951	954
197451	235	188318	951	954
223045	235	188963	951	954
195794	235	188076	951	954
201196	235	188416	951	954
202516	235	188690	951	954
219184	235	189921	951	954
211742	235	188240	951	954
195293	235	191673	951	954
229252	235	188014	951	954
202103	235	188096	951	954
201972	235	188178	951	954
201673	235	188794	951	954
212600	235	188168	951	954
222329	235	188483	951	954
204418	235	188107	951	954
204863	235	188123	951	954
206625	235	188158	951	954
216903	235	188799	951	954
215163	235	189517	951	954
219549	235	188054	951	954
255198	235	188267	951	954
229811	235	188829	951	954
228406	235	190197	951	954
216051	235	189065	951	954
218385	235	188862	951	954
200287	235	188448	951	954
219264	235	188364	951	954
204238	235	188143	951	954
229090	235	188823	951	954
194920	235	189980	951	954
194897	235	188874	951	954
219519	235	188496	951	954
222597	235	189783	951	954
198742	235	188439	951	954
247959	235	188367	951	954
212499	235	188142	951	954
212076	235	188061	951	954
221957	235	188042	951	954
205500	235	188744	951	954
198156	235	188207	951	954
295179	235	189935	951	954
216822	235	204589	951	954
196904	235	188335	951	954
207630	235	188996	951	954
220357	235	189538	951	954
217600	235	188569	951	954
193488	235	188018	951	954
204008	235	188279	951	954
254826	235	189083	951	954
204056	235	189382	951	954
218168	235	191917	951	954
217842	235	188207	951	954
229035	235	189166	951	954
295682	235	189183	951	954
218996	235	188342	951	954
234412	235	204130	951	954
209653	235	188038	951	954
193477	235	188786	951	954
248120	235	188180	951	954
228947	235	188232	951	954
290062	235	188943	951	954
208792	235	188446	951	954
222981	235	189846	951	954
228991	235	188262	951	954
220408	235	188193	951	954
215696	235	188156	951	954
228722	235	188337	951	954
206445	235	188736	951	954
214630	235	196014	951	954
212086	235	189568	951	954
226687	235	190087	951	954
205081	235	189797	951	954
332631	235	198183	951	954
212762	235	188914	951	954
318893	235	189278	951	954
196116	235	188036	951	954
194834	235	189929	951	954
284781	235	188192	951	954
266660	235	188192	951	954
224806	235	188133	951	954
199327	235	189215	951	955
198357	235	188052	951	955
200507	235	188333	951	955
225321	235	188019	951	955
205080	235	188154	951	955
260030	42	238861	951	955
269891	235	188255	951	955
230196	235	188279	951	955
243762	235	188123	951	955
247976	235	188088	951	955
234527	235	188583	951	955
214533	235	188037	951	955
275284	235	188130	951	955
278949	235	189295	951	955
227782	235	188957	951	955
234950	235	189669	951	955
229515	235	189343	951	955
254167	235	189885	951	955
210444	235	188556	951	955
220038	235	188304	951	955
218384	235	188404	951	955
208728	235	188096	951	955
197269	235	188175	951	955
208555	235	188638	951	955
206495	235	188323	951	955
200536	235	188066	951	955
247279	235	188480	951	955
251285	235	188736	951	955
200194	235	188228	951	955
196057	235	188060	951	955
312315	235	194038	951	955
207626	235	189649	951	955
221726	235	188532	951	955
204429	235	188074	951	955
211540	235	188323	951	955
215914	235	188064	951	955
197805	235	204307	951	955
195384	235	188052	951	955
216624	235	188093	951	955
195491	235	192188	951	955
216685	235	188480	951	955
220570	235	188265	951	955
216598	235	188023	951	955
213527	235	188221	951	955
202106	235	190085	951	955
215945	235	188463	951	955
214470	235	188121	951	955
210455	235	188874	951	955
210412	235	189350	951	955
214553	235	188120	951	955
202619	235	188149	951	955
209213	235	190075	951	955
219026	235	189108	951	955
194696	235	189163	951	955
243395	235	190949	951	955
227033	235	188494	951	955
223289	235	188638	951	955
202221	235	188017	951	955
281076	235	193468	951	955
195965	235	188033	951	955
252459	235	188951	951	955
211396	235	188726	951	955
232175	235	188054	951	955
197781	235	188925	951	955
193658	235	188044	951	955
280953	235	191218	951	955
261549	235	189303	951	955
193682	235	188874	951	955
243692	235	189193	951	955
223158	235	191633	951	955
213162	235	188688	951	955
226992	235	189616	951	955
210666	235	188200	951	955
196717	235	190123	951	955
218925	235	189023	951	955
199741	235	188130	951	955
211709	235	188085	951	955
208005	235	188106	951	955
233507	235	204148	951	955
223392	235	188096	951	955
219893	235	188741	951	955
206535	235	188142	951	955
198403	235	188381	951	955
207015	235	188582	951	955
199020	235	189643	951	955
199689	235	188037	951	955
199966	235	189210	951	955
244115	235	188418	951	955
223663	235	188023	951	955
195979	235	188472	951	955
224180	235	188478	951	955
230701	235	188217	951	955
298784	235	191802	951	955
208014	235	188472	951	955
258348	235	193085	951	955
233693	235	188955	951	955
207899	235	188648	951	955
212698	235	189948	951	955
191676	235	188030	951	955
249690	235	189257	951	955
215601	235	188267	951	955
252417	235	188344	951	955
202625	235	188161	951	955
225387	235	188943	951	955
260662	235	190962	951	955
230336	235	188742	951	955
236374	235	189020	951	955
202314	235	189200	951	955
201741	235	188009	951	955
203673	235	188090	951	955
301474	235	191204	951	955
209723	235	188104	951	955
198921	235	188163	951	955
201313	235	188156	951	955
205562	235	189128	951	955
318661	235	198178	951	955
239449	235	189327	951	955
195206	235	188139	951	955
208594	235	188440	951	955
235812	235	188398	951	955
214795	235	188306	951	955
203754	235	189938	951	955
290551	235	188267	951	955
237080	235	189744	951	955
196554	235	188582	951	955
245338	235	188875	951	955
211679	235	188302	951	955
222506	235	188106	951	955
223200	235	188045	951	955
203358	235	188106	951	955
200422	235	188377	951	955
284383	235	190603	951	955
263767	235	188448	951	955
216910	235	188225	951	955
201453	235	188774	951	955
281908	235	188562	951	955
199155	235	188035	951	955
229934	235	188146	951	955
221711	235	188406	951	955
192823	235	188210	951	955
212864	235	188622	951	955
253273	235	188582	951	955
203758	235	188228	951	955
201688	235	189263	951	955
211459	235	188472	951	955
204654	235	188434	951	955
206516	235	188023	951	955
196329	235	188383	951	955
276364	235	188822	951	955
225641	235	188928	951	955
202106	235	189827	951	955
280624	235	188394	951	955
194666	235	188568	951	955
295991	235	188881	951	955
239447	235	188009	951	955
215042	235	188060	951	955
228978	235	188202	951	955
235530	235	188398	951	955
247698	235	188482	951	955
224023	235	190087	951	955
320807	235	316178	951	955
210119	235	188020	951	955
220266	235	190968	951	955
198180	235	188003	951	955
250400	235	197914	951	955
232917	235	188352	951	955
216111	235	189088	951	955
239132	235	218020	951	955
281690	235	188128	951	955
264398	235	188066	951	955
208247	235	188211	951	955
259438	235	188628	951	955
208237	235	188678	951	955
245988	235	189032	951	955
199946	235	188383	951	955
226558	235	188576	951	955
225421	235	199239	951	955
206291	235	188506	951	955
213418	235	191611	951	955
251832	235	188694	951	955
200532	235	188171	951	955
201922	235	189398	951	955
202406	235	188063	951	955
206621	235	189385	951	955
193902	235	190009	951	955
221962	235	188185	951	955
194898	235	188136	951	955
203408	235	188482	951	955
213282	235	190555	951	955
281706	235	188944	951	955
221206	235	188075	951	955
229115	235	240089	951	955
232390	235	188217	951	955
229115	235	188697	951	955
196805	235	199006	951	955
248500	235	189669	951	955
200744	235	188589	951	955
234803	235	189270	951	955
197806	235	188023	951	955
214674	235	188630	951	955
216362	289	342495	951	955
207505	235	189161	951	955
202930	235	188123	951	955
267099	42	193286	951	955
206798	235	189557	951	955
269354	235	188211	951	955
228099	235	188787	951	955
197123	235	188382	951	955
207764	235	188569	951	955
223250	235	188393	951	955
203085	235	189191	951	955
244576	235	189079	951	955
200553	235	188007	951	955
251244	235	188357	951	955
277413	235	188167	951	955
243723	235	188983	951	955
249006	235	188153	951	955
193910	235	188704	951	955
219059	235	189180	951	955
261833	235	188420	951	955
200889	235	189730	951	955
230810	235	188001	951	955
203809	235	188254	951	955
207161	235	188032	951	955
203371	235	188302	951	955
248215	235	189129	951	955
228276	235	188109	951	955
219527	235	194141	951	955
208911	235	188367	951	955
274655	235	190434	951	955
192973	235	188368	951	955
236931	235	188073	951	955
295552	235	203827	951	955
206164	235	188284	951	955
233951	235	188517	951	955
261945	235	190514	951	955
201505	235	188381	951	955
208377	235	188047	951	955
235917	235	188304	951	955
281607	235	188340	951	955
342495	289	216362	951	955
337938	235	188978	951	955
240443	235	188518	951	955
226029	235	189091	951	955
218775	235	188950	951	955
210016	235	188617	951	955
193871	235	188020	951	955
208780	235	190227	951	955
236594	235	188858	951	955
233017	235	188507	951	955
251992	235	189431	951	955
193335	235	188068	951	955
206916	235	188874	951	955
193132	235	189104	951	955
208742	235	188490	951	955
288853	235	188158	951	955
223181	235	191866	951	955
269334	235	206344	951	955
196319	235	188097	951	955
211672	235	188186	951	955
205931	235	188429	951	955
194545	235	188920	951	955
244508	235	188718	951	955
267755	235	189082	951	955
207187	235	188686	951	955
208127	235	188610	951	955
214800	235	188430	951	955
217699	235	188247	951	955
270080	235	189084	951	955
214045	235	188153	951	955
198898	235	188073	951	955
201079	235	188364	951	955
204673	235	188529	951	955
232403	235	188127	951	955
296277	235	189906	951	955
203645	235	189060	951	955
225315	235	189162	951	955
211395	235	190436	951	955
202616	235	188638	951	955
232237	235	188297	951	955
202000	235	188026	951	955
259756	235	192985	951	955
194756	235	188321	951	955
234021	235	188816	951	955
199412	235	188007	951	955
280626	235	190009	951	955
322049	235	247840	951	955
226076	235	188235	951	955
196354	235	190087	951	955
319013	235	188670	951	955
202268	235	188442	951	955
212883	235	191733	951	955
230041	235	188389	951	955
221744	235	188874	951	955
259649	235	188947	951	955
237680	235	189110	951	955
246657	235	191648	951	955
211972	235	192477	951	955
206901	235	188468	951	955
253977	235	189534	951	955
256818	235	188082	951	955
226281	235	188615	951	955
233000	235	188638	951	955
202946	235	189104	951	955
197370	235	189392	951	955
200640	235	189943	951	955
203260	235	190114	951	955
274289	235	188426	951	955
236389	235	188011	951	955
222934	235	188786	951	955
223815	235	188025	951	955
333007	235	189084	951	955
216533	235	188127	951	955
206034	235	191540	951	955
206781	235	189005	951	955
194182	235	188278	951	955
202780	235	188537	951	955
274372	235	189429	951	955
210922	235	188010	951	955
235270	235	188910	951	955
229402	235	188220	951	955
197458	235	189907	951	955
225690	235	188813	951	955
227734	235	189800	951	955
200440	235	188090	951	955
205625	235	188140	951	955
239837	235	188551	951	955
205411	235	188061	951	955
232270	235	188269	951	955
263163	235	194139	951	955
199711	235	188872	951	955
224866	235	188028	951	955
218670	235	188017	951	955
211841	235	188399	951	955
223155	235	195506	951	955
200854	235	188682	951	955
206047	235	190545	951	955
234199	235	188851	951	955
251085	235	188697	951	955
241699	235	189371	951	955
235369	235	188913	951	955
276150	235	188436	951	955
375834	42	188376	951	955
205985	235	188417	951	955
204062	235	189018	951	955
224770	235	188006	951	955
217357	235	188799	951	955
279394	235	189082	951	955
335256	273	253916	951	955
214919	235	188111	951	955
198693	235	188736	951	955
198136	235	188519	951	955
203351	235	188131	951	955
228197	235	188267	951	955
225074	235	188222	951	955
200559	235	188874	951	955
213030	235	188457	951	955
217438	235	188437	951	955
200240	235	188097	951	955
252568	235	190141	951	955
257168	235	189108	951	955
188549	254	231653	951	955
315648	49	236143	951	955
263445	235	188886	951	955
198536	235	188047	951	955
257853	235	188085	951	955
195454	235	188462	951	955
197717	235	188031	951	955
261945	235	191213	951	955
196531	235	188087	951	955
199607	235	188243	951	955
268293	235	188799	951	955
264326	235	188228	951	955
216113	235	188146	951	955
316733	235	316178	951	955
213754	235	188437	951	955
208107	235	188031	951	955
246134	235	188120	951	955
262818	235	188753	951	955
213622	235	188683	951	955
197570	235	197291	951	955
227782	235	188232	951	955
240832	235	188919	951	955
225666	235	188158	951	955
199181	235	188136	951	955
213875	235	188261	951	955
202360	235	188082	951	955
197356	235	188034	951	955
198279	235	189691	951	955
211254	235	188050	951	955
221375	235	190756	951	956
257452	235	188232	951	956
201985	235	188026	951	956
195019	235	188186	951	956
209669	235	188214	951	956
208578	235	196751	951	956
215416	235	188577	951	956
195172	235	188152	951	956
221680	235	188610	951	956
243882	235	189756	951	956
204506	235	188344	951	956
207153	235	188156	951	956
213094	235	188110	951	956
215124	235	192168	951	956
265426	235	188705	951	956
190163	267	253407	951	956
216143	235	188316	951	956
210781	235	190028	951	956
287189	235	188222	951	956
198974	235	188094	951	956
206158	235	188562	951	956
229838	235	188229	951	956
203799	235	190087	951	956
194598	235	188226	951	956
267781	235	188240	951	956
337290	235	189303	951	956
196192	235	188211	951	956
229126	235	188151	951	956
192310	235	188079	951	956
220408	235	188172	951	956
205775	235	188147	951	956
214003	235	188045	951	956
208377	235	188142	951	956
261913	235	188575	951	956
196772	235	188415	951	956
204463	235	189020	951	956
202926	235	188204	951	956
197684	235	189286	951	956
203632	235	188137	951	956
213786	235	188342	951	956
232176	235	188098	951	956
329736	235	281837	951	956
196101	235	188481	951	956
220983	235	188805	951	956
227283	235	188371	951	956
216540	235	188043	951	956
212551	235	188118	951	956
232707	235	188111	951	956
217652	235	188350	951	956
212755	235	188255	951	956
200793	235	189237	951	956
200113	235	188229	951	956
238672	235	188302	951	956
264529	235	188893	951	956
232058	235	189327	951	956
201211	235	188366	951	956
300641	235	188472	951	956
259748	235	189294	951	956
214033	235	189666	951	956
262412	235	188609	951	956
219599	235	188128	951	956
197403	235	188804	951	956
207970	235	188032	951	956
207008	235	188655	951	956
282464	235	188414	951	956
212117	235	189035	951	956
196786	235	189020	951	956
238799	235	188132	951	956
230477	235	189152	951	956
243834	235	188082	951	956
198653	235	194242	951	956
208623	235	188592	951	956
239410	235	188760	951	956
205220	235	198441	951	956
229496	235	188255	951	956
286802	235	188113	951	956
202616	235	188093	951	956
272151	235	189883	951	956
204932	235	188060	951	956
221365	235	188261	951	956
215963	235	188104	951	956
200524	235	188541	951	956
237653	235	189612	951	956
235082	235	188417	951	956
239041	235	188073	951	956
203296	235	188024	951	956
195433	235	188207	951	956
228877	235	188522	951	956
235151	235	188955	951	956
203572	235	188137	951	956
232931	235	188206	951	956
271138	235	189293	951	956
199683	235	188486	951	956
222291	235	188307	951	956
209100	235	190433	951	956
209352	235	188074	951	956
217046	235	188507	951	956
206370	235	188006	951	956
224228	235	188168	951	956
216442	235	188397	951	956
224863	235	188355	951	956
288428	235	188798	951	956
197571	235	188291	951	956
299077	235	188976	951	956
198653	235	189147	951	956
198082	235	189108	951	956
218182	235	188527	951	956
312305	292	373759	951	956
198868	235	188364	951	956
312704	235	188242	951	956
237588	235	188686	951	956
193478	235	188042	951	956
259393	235	188423	951	956
200315	235	188171	951	956
221006	235	188088	951	956
223778	235	188699	951	956
241360	235	188527	951	956
230439	235	188028	951	956
200055	235	188316	951	956
250959	235	189764	951	956
268422	235	188604	951	956
193109	235	188094	951	956
193183	235	188263	951	956
311846	235	191187	951	956
211255	235	188156	951	956
271830	235	188936	951	956
198695	235	188249	951	956
201300	235	188143	951	956
206875	235	188225	951	956
208463	235	191847	951	956
211930	235	188016	951	956
205410	235	189570	951	956
211692	235	189015	951	956
214593	235	188229	951	956
219396	235	188037	951	956
201861	239	282659	951	956
221127	235	188967	951	956
199466	235	190101	951	956
312660	292	347601	951	956
205819	235	188888	951	956
280560	235	188192	951	956
242217	235	188108	951	956
307476	235	189764	951	956
215812	235	188149	951	956
196565	235	188526	951	956
206551	235	188954	951	956
204327	235	188284	951	956
198328	235	189538	951	956
206789	235	188227	951	956
226506	235	188463	951	956
211878	235	188556	951	956
219318	235	189511	951	956
245177	235	223154	951	956
269911	235	188009	951	956
210800	235	188060	951	956
192426	235	188104	951	956
253675	235	191003	951	956
211962	235	188063	951	956
204836	235	188105	951	956
194264	235	188110	951	956
211066	235	188055	951	956
197759	235	191383	951	956
212773	235	188204	951	956
217617	235	194542	951	956
200808	235	189907	951	956
223323	235	188817	951	956
200384	235	188859	951	956
253442	235	189370	951	956
215127	235	188023	951	956
211703	235	188568	951	956
219841	235	189157	951	956
239416	235	188957	951	956
195185	235	188564	951	956
223060	235	188302	951	956
252730	235	188157	951	956
198477	235	188249	951	956
227254	235	192374	951	956
207979	235	199006	951	956
215214	235	188141	951	956
196168	235	188204	951	956
208890	235	188141	951	956
206983	235	188241	951	956
264956	235	192528	951	956
237044	235	189496	951	956
331550	235	188384	951	956
201102	235	188957	951	956
235809	235	188511	951	956
205470	235	188785	951	956
205453	235	192167	951	956
198503	235	188234	951	956
194978	235	188053	951	956
201543	235	188522	951	956
198141	235	188035	951	956
194300	235	188163	951	956
224482	235	188057	951	956
217843	235	188691	951	956
205306	235	188622	951	956
199027	235	188017	951	956
225316	235	188478	951	956
295176	235	188225	951	956
219781	235	190616	951	956
196710	235	189796	951	956
207056	235	189657	951	956
211099	235	188765	951	956
274577	235	188420	951	956
295408	235	189541	951	956
214369	235	188578	951	956
196812	235	188638	951	956
200500	235	188582	951	956
224354	235	188370	951	956
204522	235	188565	951	956
220868	235	188005	951	956
235708	235	188172	951	956
229023	235	189327	951	956
211288	235	188480	951	956
224642	235	188736	951	956
231977	235	188923	951	956
208822	235	188140	951	956
225978	235	195664	951	956
217833	235	188158	951	956
256079	235	189125	951	956
210199	235	188509	951	956
203680	235	188192	951	956
199918	235	188227	951	956
199153	235	188206	951	956
212927	235	190119	951	956
193828	235	190755	951	956
204800	235	188240	951	956
233992	235	188302	951	956
198417	235	188033	951	956
213261	235	188559	951	956
201079	235	188364	951	956
267077	235	189122	951	956
203435	235	188133	951	956
217937	235	191383	951	956
222599	235	188031	951	956
203799	235	189018	951	956
223301	235	188219	951	956
222211	235	188578	951	956
196024	235	188018	951	956
214864	235	188371	951	956
275423	235	188242	951	956
211866	235	188229	951	956
216460	235	188507	951	956
202980	235	188316	951	956
213252	235	189935	951	956
212511	235	188029	951	956
196640	235	188018	951	956
251494	235	189284	951	956
199621	235	188198	951	956
208959	235	188123	951	956
265239	235	190028	951	956
281283	235	189532	951	956
247511	235	191666	951	956
295442	235	189796	951	956
195225	235	188259	951	956
224987	235	192040	951	956
215260	235	188278	951	956
204221	235	188037	951	956
206982	235	188506	951	956
192720	235	188014	951	956
235327	235	190503	951	956
238337	235	189167	951	957
209259	235	189410	951	957
221235	289	260732	951	957
209206	235	193342	951	957
206363	235	188542	951	957
207401	235	189975	951	957
295949	235	189247	951	957
278443	235	189326	951	957
199311	235	188817	951	957
198561	235	188137	951	957
228553	235	188123	951	957
196091	235	188079	951	957
239741	235	188381	951	957
199282	235	188240	951	957
202435	235	188856	951	957
347711	235	193638	951	957
200178	235	188032	951	957
230784	235	189161	951	957
261994	235	188967	951	957
300916	235	188796	951	957
283000	235	189541	951	957
281192	235	189015	951	957
220955	235	188047	951	957
202369	235	188007	951	957
199956	235	188507	951	957
203965	235	194009	951	957
277865	235	189270	951	957
201291	235	188870	951	957
284719	235	188980	951	957
217165	235	188152	951	957
206861	235	196619	951	957
197484	235	189132	951	957
196411	235	189033	951	957
238925	235	188991	951	957
237740	235	188712	951	957
234768	235	188387	951	957
200045	235	188074	951	957
316570	235	189015	951	957
204711	235	189157	951	957
205607	235	188297	951	957
317226	235	189370	951	957
232133	235	188033	951	957
299887	235	191693	951	957
225053	235	188478	951	957
288144	235	191478	951	957
197216	235	188061	951	957
196672	235	188037	951	957
209498	235	188487	951	957
299047	235	192074	951	957
275633	235	188736	951	957
234937	235	189282	951	957
197971	235	189153	951	957
217311	235	188603	951	957
210679	235	188101	951	957
251261	235	190608	951	957
245125	235	188321	951	957
235611	235	188101	951	957
211227	235	188197	951	957
268990	235	241622	951	957
208791	235	188036	951	957
235131	235	188951	951	957
221085	235	188735	951	957
295530	235	188656	951	957
210115	235	188576	951	957
212639	235	188331	951	957
226995	235	188400	951	957
207593	235	188003	951	957
204568	235	188383	951	957
242334	235	189111	951	957
222074	235	188424	951	957
253966	235	188513	951	957
207019	235	188118	951	957
209666	235	188371	951	957
200032	235	188474	951	957
200451	235	188636	951	957
221505	235	188065	951	957
194245	235	188243	951	957
259366	235	200311	951	957
200398	235	188001	951	957
232912	235	188044	951	957
240191	245	282579	951	957
220277	235	188367	951	957
215969	235	188055	951	957
217126	235	188426	951	957
214372	235	188494	951	957
202812	235	188833	951	957
202979	235	189157	951	957
235781	235	188395	951	957
235482	235	188314	951	957
260732	289	221235	951	957
195878	235	188277	951	957
209115	235	188231	951	957
207003	235	188096	951	957
236709	235	188393	951	957
312012	235	189307	951	957
235200	245	317469	951	957
212959	235	188979	951	957
226178	235	188569	951	957
196498	235	188392	951	957
230915	235	188468	951	957
202720	235	188149	951	957
224347	235	188351	951	957
208752	235	188736	951	957
214496	235	188122	951	957
205555	235	188312	951	957
270373	235	189247	951	957
217974	235	189157	951	957
313480	235	193752	951	957
264806	235	190704	951	957
225674	273	198028	951	957
299887	235	191250	951	957
219004	235	189935	951	957
197260	235	188440	951	957
250036	235	188836	951	957
236311	235	191693	951	957
218884	235	188645	951	957
207391	235	189344	951	957
233078	235	191859	951	957
218635	235	188829	951	957
233335	235	198518	951	957
202877	235	188085	951	957
198394	235	188655	951	957
198703	235	188227	951	957
220690	235	189287	951	957
226124	235	188590	951	957
209063	235	188418	951	957
207957	235	188024	951	957
197978	235	188001	951	957
237041	235	188622	951	957
207108	235	189306	951	957
218940	235	189366	951	957
281050	235	188950	951	957
273797	289	304411	951	957
210450	235	188418	951	957
213297	235	190094	951	957
220278	235	188132	951	957
208959	235	188019	951	957
211729	235	195512	951	957
281147	235	191439	951	957
203243	235	188050	951	957
215767	235	188134	951	957
207796	235	188028	951	957
213190	235	189153	951	957
202860	235	188903	951	957
270111	235	189193	951	957
224926	235	188255	951	957
235754	235	188820	951	957
215648	235	188263	951	957
205799	235	189153	951	957
230076	235	188547	951	957
204096	47	258716	951	957
226180	235	189275	951	957
197632	235	188021	951	957
202491	235	188180	951	957
202125	235	188365	951	957
204168	235	189658	951	957
243134	235	190336	951	957
288591	235	188772	951	957
234381	235	188368	951	957
204441	235	188418	951	957
257598	235	188686	951	957
223511	235	188122	951	957
227843	235	188188	951	957
195269	235	188006	951	957
225872	235	188709	951	957
195497	235	188003	951	957
199631	235	188090	951	957
222985	235	188609	951	957
219483	235	190322	951	957
225280	235	188007	951	957
199583	235	188786	951	957
248382	235	189164	951	957
208944	235	188481	951	957
232115	235	188451	951	957
215416	235	188384	951	958
199871	235	188206	951	958
196071	235	188284	951	958
220900	235	188399	951	958
206978	235	188987	951	958
222397	235	188559	951	958
201176	235	188143	951	958
258265	235	189649	951	958
267031	235	188636	951	958
220507	235	188056	951	958
199908	235	192417	951	958
204406	235	188381	951	958
193701	235	188458	951	958
253404	235	188609	951	958
228492	235	188304	951	958
242123	289	216332	951	958
211580	235	188578	951	958
240622	235	188422	951	958
283407	235	188065	951	958
227685	235	189511	951	958
210131	235	188094	951	958
196767	235	188054	951	958
295528	273	205048	951	958
200674	235	188277	951	958
222492	235	189252	951	958
226392	235	188565	951	958
259184	235	188353	951	958
210337	235	188254	951	958
277703	235	190408	951	958
213504	235	188038	951	958
198277	235	188211	951	958
206354	235	188875	951	958
219626	235	188148	951	958
208749	235	188140	951	958
352263	235	189921	951	958
222159	235	188028	951	958
196945	235	188603	951	958
240845	235	188256	951	958
247322	235	190950	951	958
259184	235	308300	951	958
224868	235	188570	951	958
197271	235	188006	951	958
219193	235	189156	951	958
226635	235	188440	951	958
212574	235	188056	951	958
207142	235	188137	951	958
216332	289	242123	951	958
196398	235	188798	951	958
208037	235	188149	951	958
213232	235	188262	951	958
261389	235	188478	951	958
213019	235	189257	951	958
219861	235	190734	951	958
207521	235	188872	951	958
232303	235	188976	951	958
213832	235	190087	951	958
243498	235	188744	951	958
208885	235	188648	951	958
216838	235	188655	951	958
208761	235	188966	951	958
201030	235	188019	951	958
213815	235	188200	951	958
236697	235	188888	951	958
240645	235	188090	951	958
213228	235	188511	951	958
263070	235	188086	951	958
235416	235	188315	951	958
208954	235	188161	951	958
207466	235	190667	951	958
248136	235	188060	951	958
210698	235	188025	951	958
235874	235	188570	951	958
219776	235	188304	951	958
197602	235	188451	951	958
233647	235	188542	951	958
222689	235	188143	951	958
199177	235	188872	951	958
341000	235	286334	951	958
314979	235	189062	951	958
226728	235	188411	951	958
335602	235	189160	951	958
239546	235	188366	951	958
281140	235	188938	951	958
247733	235	190466	951	958
213875	235	188713	951	958
201281	235	188393	951	958
265366	235	190555	951	958
209134	235	189122	951	958
206455	235	189517	951	958
216964	235	188134	951	958
200238	47	191519	951	958
217617	235	192765	951	958
217220	47	215029	951	958
213486	235	189287	951	958
213573	235	188215	951	958
257048	235	188506	951	958
221811	235	188335	951	958
269079	235	188987	951	958
192347	235	188122	951	958
241263	235	188483	951	958
232315	235	189088	951	958
204020	235	188500	951	958
219861	235	188996	951	958
228303	235	188043	951	958
204838	235	188033	951	958
236339	235	189766	951	958
247874	235	188337	951	958
208460	235	188063	951	958
223977	235	188338	951	958
207042	235	189028	951	958
211336	235	188389	951	958
195755	235	188052	951	958
197155	235	188410	951	958
204263	235	188200	951	958
203021	235	188480	951	958
211205	235	188028	951	958
258622	235	189581	951	958
203467	235	190094	951	958
207856	235	188149	951	958
327781	235	191218	951	958
262963	235	188921	951	958
234955	235	188166	951	958
215029	47	217220	951	958
297511	235	234973	951	958
201937	235	188039	951	958
261442	235	191144	951	958
204902	235	188185	951	958
299047	235	196140	951	958
201635	235	188085	951	958
230535	235	188074	951	958
221636	235	188483	951	958
204451	235	188237	951	958
219619	235	189188	951	958
196335	235	188043	951	958
191519	47	200238	951	958
203509	235	188060	951	958
207040	235	188023	951	958
214820	235	190964	951	958
212514	235	188527	951	958
233641	235	188500	951	958
188112	267	354351	951	958
218879	235	188171	951	958
216607	235	188142	951	958
232281	235	188655	951	959
229371	235	188310	951	959
214164	235	190094	951	959
214185	235	188971	951	959
200253	235	188086	951	959
232864	235	188987	951	959
217904	235	188432	951	959
337888	235	188556	951	959
198911	235	190038	951	959
233400	235	189073	951	959
226530	235	188382	951	959
338718	289	269620	951	959
207102	235	188001	951	959
252974	235	188513	951	959
216624	235	188582	951	959
228776	235	188255	951	959
215932	235	188019	951	959
239353	235	190619	951	959
366804	235	251871	951	959
200844	235	189250	951	959
213967	235	188051	951	959
204048	235	188148	951	959
215498	235	188140	951	959
220446	235	190408	951	959
199897	235	188037	951	959
234962	235	188278	951	959
239009	235	188686	951	959
232142	235	190616	951	959
197757	235	189287	951	959
225186	235	188256	951	959
232282	235	189252	951	959
269620	289	338718	951	959
241655	235	189951	951	959
211232	235	189237	951	959
239909	235	188031	951	959
226106	235	188222	951	959
223754	235	188254	951	959
295364	235	190147	951	959
287400	235	189165	951	959
278324	235	189569	951	959
228960	235	188593	951	959
223627	235	188423	951	959
221145	235	188099	951	959
215706	235	189912	951	959
214546	235	188280	951	959
203091	235	189522	951	959
228947	235	188355	951	959
212465	235	188014	951	959
260671	235	189332	951	959
200858	235	189135	951	959
206176	235	188204	951	959
211461	235	188032	951	959
257421	235	190897	951	959
233293	235	189920	951	959
263026	235	189610	951	959
197558	235	188036	951	959
276297	235	188232	951	959
199536	235	189237	951	959
213956	235	188383	951	959
207717	235	188086	951	959
280547	235	188262	951	959
194723	235	188210	951	959
188008	267	218765	951	959
282012	235	188837	951	959
239669	235	188373	951	959
244508	235	189157	951	959
219619	235	189119	951	959
206989	235	188185	951	959
216900	235	188667	951	959
198161	235	188193	951	959
210453	235	188039	951	959
229423	235	188944	951	959
201361	235	188526	951	959
215706	235	188493	951	959
203606	235	188148	951	959
273871	235	188730	951	959
188245	267	317735	951	959
202980	235	188310	951	959
227415	235	190096	951	959
280148	235	189664	951	959
200681	235	188009	951	960
233819	235	188919	951	960
195438	235	188316	951	960
259684	235	188423	951	960
215930	235	188781	951	960
203644	235	189931	951	960
204998	235	188400	951	960
250958	235	188180	951	960
225213	235	188197	951	960
309984	235	189160	951	960
211753	235	189350	951	960
204024	235	188122	951	960
232281	235	188215	951	960
272014	235	189757	951	960
211294	235	188210	951	960
194172	235	189515	951	960
236690	289	205475	951	960
290465	235	206356	951	960
214800	235	188314	951	960
232590	235	188576	951	960
230690	235	189557	951	960
201451	235	188510	951	960
229395	235	188267	951	960
338380	235	189491	951	960
226166	235	188440	951	960
223851	235	189666	951	960
203035	235	188214	951	960
214634	235	188437	951	960
257450	235	188332	951	960
203484	235	188507	951	960
226059	235	188824	951	960
195759	235	188904	951	960
212629	235	188876	951	960
317647	235	205689	951	960
290639	235	189930	951	960
197182	235	188200	951	960
244685	235	188255	951	960
217988	235	188078	951	960
247928	235	188991	951	960
318380	235	188373	951	960
204520	235	188437	951	960
294624	235	209342	951	960
255983	235	189491	951	960
209046	235	188355	951	960
219054	235	188663	951	960
207410	235	188377	951	960
257198	235	189536	951	960
222292	235	188032	951	960
205475	289	236690	951	960
207935	235	188204	951	960
252378	235	194038	951	960
206783	235	189119	951	960
202353	235	189491	951	960
227875	235	189247	951	960
219151	235	188193	951	960
226890	235	188705	951	960
303338	235	188493	951	960
202389	235	188439	951	960
195995	235	188072	951	960
205219	235	188016	951	960
215578	235	189750	951	960
341587	235	194650	951	961
333054	235	208668	951	961
200052	235	188121	951	961
226636	235	189815	951	961
201898	235	188074	951	961
342458	235	189158	951	961
201096	235	188415	951	961
308357	235	192005	951	961
271336	235	189015	951	961
188289	267	272552	951	961
219809	235	189557	951	961
208979	235	188987	951	961
243666	235	189224	951	961
226045	235	188928	951	961
278233	235	188623	951	961
331899	235	189536	951	961
236814	235	188445	951	961
218385	235	188256	951	961
242855	235	188255	951	961
224761	235	188082	951	961
193978	235	189515	951	961
207715	235	188229	951	961
203900	235	188804	951	961
188922	254	198094	951	961
218310	235	188058	951	961
239741	235	188093	951	961
198436	235	188163	951	961
244353	235	188240	951	961
196350	235	188474	951	961
196177	235	188204	951	961
231484	235	188246	951	961
323030	235	197713	951	961
214442	235	188510	951	961
220370	235	188193	951	961
212111	235	188655	951	961
232326	235	188133	951	961
211888	235	189515	951	961
194920	235	189515	951	961
214937	235	188030	951	961
196197	235	188210	951	961
219017	235	188961	951	961
265977	235	188518	951	961
252746	235	188055	951	961
229636	235	188038	951	961
239748	235	188506	951	962
214242	235	190529	951	962
218469	235	188458	951	962
245826	292	371164	951	962
212458	235	189515	951	962
208605	235	189491	951	962
188159	267	232555	951	962
280694	235	188796	951	962
199891	235	188001	951	962
253456	235	191693	951	962
213362	235	188615	951	962
256844	235	189557	951	962
308959	289	317485	951	962
303463	292	353253	951	962
249916	235	189257	951	962
193743	245	272552	951	962
202462	235	188244	951	962
271951	235	191252	951	962
231801	235	189287	951	962
255065	235	188474	951	962
194300	235	188518	951	962
199476	235	188234	951	962
241361	235	188007	951	962
247502	235	188507	951	962
253260	235	191793	951	962
212913	273	330948	951	962
194300	235	188518	951	962
245603	235	214279	951	962
373329	235	191693	951	962
344788	235	286334	951	962
239960	235	192962	951	962
243524	235	190408	951	962
219894	235	188355	951	962
215971	235	188987	951	962
198189	235	188713	951	962
196845	235	193950	951	962
197727	235	188804	951	962
269326	289	193146	951	962
221205	235	189541	951	962
247960	235	188400	951	962
226773	235	189907	951	962
271618	235	192074	951	962
212149	235	188210	951	962
207448	235	188200	951	962
220570	235	188415	951	962
217351	235	188001	951	962
286682	235	190439	951	962
317485	289	308959	951	962
216501	235	188510	951	962
243524	235	188024	951	962
201801	235	188043	951	962
203339	235	188540	951	962
193146	289	269326	951	962
235239	235	188534	951	962
228722	235	189250	951	963
199128	235	189400	951	963
216663	235	189247	951	963
194814	235	188527	951	963
253364	235	190358	951	963
205069	235	188415	951	963
200037	235	188133	951	963
218050	235	190858	951	963
270934	235	188377	951	963
194323	235	199499	951	963
199489	235	188713	951	963
279355	76	189934	951	963
372211	235	286334	951	963
227654	235	191846	951	963
202131	235	188415	951	963
236930	235	188215	951	963
208238	235	189922	951	963
241174	235	189491	951	963
200100	235	188231	951	963
204878	235	188822	951	963
211789	235	188093	951	963
234156	235	188421	951	963
208713	235	188284	951	963
206986	235	190192	951	963
209859	235	189165	951	963
296229	235	193638	951	963
205100	235	190916	951	963
209189	235	188093	951	963
205562	235	188093	951	964
224325	235	190028	951	964
200042	235	188400	951	964
188548	264	194296	951	964
228872	235	188400	951	964
196664	289	191874	951	964
204210	235	188440	951	964
223253	235	188512	951	964
236390	235	188944	951	964
194296	264	188548	951	964
199062	235	188001	951	964
204453	235	188323	951	964
215619	235	188255	951	964
269985	235	188255	951	964
242705	235	188262	951	964
283009	235	190358	951	964
201224	235	188492	951	965
200588	235	188167	951	965
232070	235	189157	951	965
207535	235	189922	951	965
202155	235	188171	951	965
224788	235	189991	951	965
227834	235	191513	951	965
191874	289	196664	951	965
202589	235	188713	951	965
229656	235	189015	951	965
257613	235	192445	951	965
206602	235	189801	951	965
211701	235	188193	951	965
215055	235	188019	951	965
241080	235	189015	951	965
207783	235	194644	951	966
209771	235	188987	951	966
232123	235	188682	951	966
199204	235	189122	951	966
203971	235	188804	951	966
223596	235	188443	951	966
198023	235	188451	951	966
207991	235	188804	951	966
243214	235	326461	951	966
268539	235	202934	951	966
363452	42	191774	951	966
254347	235	190192	951	966
211814	235	188440	951	966
233221	235	189801	951	966
236907	235	188007	951	966
308566	235	193638	951	966
228503	235	188255	951	966
233535	235	202934	951	966
196390	235	188122	951	967
232197	235	189885	951	967
215862	235	189015	951	967
228811	235	189801	951	967
219776	235	188534	951	967
289045	37	189428	951	967
192565	235	188214	951	967
299889	235	220795	951	967
195869	235	189062	951	967
251289	235	191693	951	967
227079	235	188796	951	967
195438	235	188513	951	967
214337	235	188323	951	968
236389	235	188039	951	968
242390	235	188987	951	968
202652	289	203893	951	968
211654	235	188856	951	968
204623	235	193150	951	969
193674	289	321678	951	969
321678	289	193674	951	969
192410	289	192420	951	969
192420	289	192410	951	969
190277	289	288757	951	969
214630	235	189801	951	970
196326	106	299852	951	970
299852	106	211270	951	970
299852	106	215738	951	970
299852	106	316346	951	970
259295	273	194734	951	970
202296	235	189165	951	970
347186	106	299852	951	970
215738	106	299852	951	970
299852	106	347186	951	970
316346	106	299852	951	970
299852	106	196011	951	970
211270	106	299852	951	970
299852	106	196326	951	970
193276	235	189122	951	971
200791	235	188210	951	971
190343	254	256317	951	971
300637	235	188593	951	971
224997	235	189252	951	971
315953	173	188381	951	972
188381	237	315953	951	972
294633	289	203221	951	973
288757	289	190277	951	973
188009	239	271912	951	973
203221	289	294633	951	973
225474	106	246447	952	0
195949	106	198867	952	0
194834	235	188256	952	0
191248	106	188766	952	0
349031	37	370254	952	0
285260	245	285259	952	0
202004	106	212737	952	0
346985	262	331470	952	0
195247	106	190904	952	0
221680	235	188527	952	0
192296	106	189176	952	0
188322	61	262890	952	0
267948	106	229420	952	0
188322	61	188205	952	0
232210	235	188351	952	0
237794	289	191592	952	0
294983	235	188419	952	0
291699	76	188692	952	0
190571	262	318606	952	0
194667	106	204648	952	0
251782	290	211661	952	0
189261	106	188288	952	0
239364	235	188404	952	0
350524	262	331470	952	0
311777	106	292393	952	0
189701	262	318606	952	0
188850	106	188572	952	0
305469	106	214280	952	0
325983	106	191248	952	0
189661	76	188692	952	0
341549	262	331470	952	0
190093	106	189755	952	0
348285	262	331470	952	0
349135	262	306277	952	0
295273	235	227365	952	0
264368	262	331470	952	0
189199	262	318606	952	0
200957	106	195635	952	0
217327	106	192296	952	0
191560	262	331470	952	0
194739	106	188475	952	0
190349	264	193766	952	0
348444	262	331470	952	0
334421	106	327587	952	0
373331	262	331470	952	0
188475	106	194739	952	0
205121	262	331470	952	0
210667	106	189873	952	0
342045	42	299422	952	0
288217	262	331470	952	0
188327	106	199662	952	0
198154	235	199499	952	0
343426	106	191248	952	0
246016	289	233781	952	0
191248	106	195460	952	0
250235	235	189232	952	0
253284	106	189873	952	0
365020	262	331470	952	0
188572	106	188850	952	0
208856	106	189527	952	0
188174	106	190093	952	0
197466	106	188696	952	0
197926	289	237877	952	0
225740	106	250482	952	0
189414	106	190036	952	0
294808	262	331470	952	0
319351	273	190999	952	0
199468	235	192890	952	0
313560	262	331470	952	0
194137	106	189553	952	0
263230	235	190780	952	0
246600	235	188252	952	0
355813	262	331470	952	0
205240	106	272561	952	0
189565	106	191248	952	0
197466	106	188572	952	0
202638	235	239615	952	0
319944	262	331470	952	0
190875	106	191293	952	0
214467	262	331470	952	0
253652	262	373157	952	0
188572	106	203033	952	0
208856	106	254449	952	0
199662	106	188327	952	0
253494	289	335629	952	0
272626	76	188692	952	0
204897	289	194456	952	0
335629	289	253494	952	0
214280	106	305469	952	0
208771	235	188145	952	0
189771	106	188349	952	0
298418	235	190276	952	0
284525	76	188205	952	0
204098	289	279211	952	0
189527	106	208856	952	0
189489	262	318606	952	0
375176	42	188380	952	0
193996	106	194137	952	0
191248	106	188176	952	0
189873	106	210667	952	0
212796	106	294287	952	0
195982	289	193618	952	0
332368	273	188138	952	0
303173	34	189027	952	0
294368	262	315853	952	0
273747	262	331470	952	0
192579	76	189572	952	0
292393	106	311777	952	0
248048	235	189091	952	0
237877	289	197926	952	0
281964	262	192539	952	0
190093	106	187997	952	0
193121	289	221936	952	0
188112	106	190093	952	0
274755	262	331470	952	0
188572	106	197466	952	0
245062	262	294859	952	0
284525	97	188322	952	0
285377	106	191604	952	0
361483	262	231103	952	0
187997	106	190093	952	0
219644	235	192765	952	0
261025	235	190780	952	0
190320	262	331470	952	0
196965	106	231131	952	0
194456	289	204897	952	0
266719	235	188139	952	0
189416	106	188572	952	0
197927	235	188481	952	0
194137	106	193996	952	0
217511	235	189057	952	0
193618	289	195982	952	0
220666	262	331470	952	0
254449	106	208856	952	0
317202	106	190206	952	0
189599	106	188283	952	0
250482	106	225740	952	0
224935	235	188338	952	0
190036	106	189414	952	0
221936	289	193121	952	0
263685	262	192539	952	0
198844	289	192850	952	0
189553	106	194137	952	0
276306	106	343376	952	0
267231	49	295325	952	0
220997	235	189386	952	0
189120	106	199732	952	0
223907	235	188463	952	0
190904	106	195247	952	0
192850	289	198844	952	0
363668	262	331470	952	0
189176	106	192296	952	0
322658	262	331470	952	0
281475	289	257510	952	0
228847	262	331470	952	0
195635	106	343852	952	0
257510	289	281475	952	0
191604	106	285377	952	0
188696	106	197466	952	0
296401	262	331470	952	0
233781	289	246016	952	0
361009	262	331470	952	0
188283	106	189599	952	0
239447	235	190780	952	0
201524	262	331470	952	0
188766	106	191248	952	0
212031	235	190201	952	0
368777	262	331470	952	0
243120	262	331470	952	0
285707	262	294859	952	0
206039	235	190094	952	0
246447	106	225474	952	0
258619	106	191248	952	0
187994	262	315853	952	0
191248	106	189565	952	0
292969	97	191899	952	0
189285	264	190349	952	0
188349	106	189771	952	0
365463	290	187987	952	0
217820	235	188381	952	0
343376	106	276306	952	0
284128	262	331470	952	0
189810	262	331470	952	0
272561	106	205240	952	0
240807	235	188457	952	0
318219	106	248549	952	0
308285	290	188322	952	0
279211	289	204098	952	0
284988	49	202953	952	0
218141	235	188987	952	0
303346	42	272316	952	0
195949	106	204781	952	0
209791	289	206145	952	0
191248	106	343426	952	0
370931	262	331470	952	0
196275	262	331470	952	0
311734	290	187994	952	0
191248	106	325983	952	0
321499	262	331470	952	0
364630	290	188287	952	0
374340	262	331470	952	0
191091	262	331470	952	0
337771	262	331470	952	0
193766	264	190349	952	0
189755	106	190093	952	0
254208	235	190358	952	0
364199	262	331470	952	0
188288	106	189261	952	0
231131	106	196965	952	0
191592	289	237794	952	0
192975	106	336183	952	0
203033	106	188572	952	0
254308	235	188259	952	0
298906	262	294859	952	0
195460	106	191248	952	0
188176	106	191248	952	0
202284	106	217887	952	0
191248	106	258619	952	0
188008	262	318606	952	0
206145	289	209791	952	0
189873	106	253284	952	0
248549	106	318219	952	0
221577	235	189508	952	0
336183	106	192975	952	0
262890	76	188322	952	0
190093	106	188112	952	0
327587	106	334421	952	0
229420	106	267948	952	0
325543	273	205048	952	0
229374	235	188259	952	0
195635	106	200957	952	0
189416	106	188150	952	0
191293	106	190875	952	0
190349	264	189285	952	0
190093	106	188174	952	0
210841	235	190821	952	0
343852	106	195635	952	0
203071	235	189063	952	0
312018	37	188716	952	0
254736	235	188324	952	0
347610	262	294859	952	0
188205	76	188322	952	0
230226	235	192342	952	926
201386	235	188132	952	952
246092	235	190735	952	952
195368	235	188075	952	952
199225	235	188093	952	952
224491	282	188889	952	952
216837	235	213062	952	952
194702	235	188027	952	952
215070	235	189398	952	952
253011	235	189109	952	952
241657	282	199826	952	952
237240	235	189183	952	952
226026	290	348695	952	952
256538	235	189975	952	952
200239	235	188486	952	952
194587	49	359615	952	952
223106	235	190958	952	952
201017	282	242576	952	952
251111	235	188182	952	952
348773	235	190203	952	952
241857	282	191708	952	952
203546	235	190818	952	952
213818	235	195304	952	952
244405	235	190818	952	952
331958	139	339349	952	952
196946	235	190269	952	952
256979	235	189577	952	952
222358	282	266567	952	952
193607	235	188248	952	952
247645	235	192831	952	952
222472	235	189427	952	952
227707	235	188146	952	952
219523	235	188379	952	952
205968	235	188919	952	952
223778	235	189205	952	952
228312	235	188016	952	952
241258	282	364665	952	952
296196	139	212126	952	952
200113	235	188469	952	952
219922	235	188155	952	952
202249	235	189078	952	952
285945	282	264606	952	952
256017	235	188059	952	952
197492	235	190237	952	952
201934	235	189061	952	952
211860	235	188059	952	952
194638	235	191419	952	952
204054	235	189677	952	952
219890	85	206348	952	952
193680	139	300427	952	952
195296	52	190247	952	952
199004	235	188279	952	952
245642	52	350842	952	952
199081	235	188496	952	952
220254	235	190968	952	952
255065	235	188405	952	952
202007	235	188979	952	952
297664	235	220540	952	952
257472	235	188113	952	952
227084	235	195208	952	952
277037	235	189326	952	952
194088	235	188107	952	952
196466	235	195240	952	952
198918	235	188532	952	952
352227	282	190713	952	952
194229	235	189087	952	952
318740	235	189326	952	952
260026	235	188469	952	952
216139	235	205768	952	952
193816	235	194618	952	952
222226	52	329616	952	952
238278	235	188529	952	952
209101	235	188547	952	952
214392	235	188404	952	952
258241	235	189570	952	952
218222	235	189511	952	952
198878	235	189598	952	952
284896	235	192536	952	952
210561	235	189398	952	952
204939	235	188638	952	952
324867	282	375634	952	952
251359	282	193882	952	952
234346	235	204053	952	952
194815	282	354408	952	952
257937	235	188891	952	952
210800	235	188391	952	952
310974	235	188249	952	952
196241	235	188649	952	952
315890	235	189028	952	952
201377	235	188768	952	952
197971	235	188151	952	952
203342	235	188315	952	952
271111	235	188219	952	952
192000	235	188392	952	952
194875	235	193085	952	952
202970	235	191065	952	952
259790	282	190128	952	952
365234	139	231883	952	952
292963	235	189366	952	952
292852	235	188620	952	952
192994	235	188075	952	952
263886	235	191048	952	952
292993	262	192539	952	952
248500	235	189538	952	952
202147	235	190844	952	952
219570	235	199002	952	952
310994	282	349167	952	952
207652	235	189698	952	952
205009	235	188201	952	952
264476	235	188225	952	952
245642	282	350842	952	952
195265	235	188627	952	952
198346	235	188607	952	952
203162	235	189097	952	952
336055	282	188431	952	952
238136	235	188285	952	952
207222	235	188239	952	952
303369	235	300236	952	952
332713	282	260659	952	952
204839	235	188265	952	952
195218	235	189528	952	952
193327	235	188165	952	952
200420	235	188141	952	952
191134	52	307706	952	952
248958	235	188048	952	952
239273	235	188355	952	952
304932	235	190135	952	952
346182	139	341855	952	952
249489	235	189149	952	952
196956	235	189139	952	952
296589	52	327741	952	952
257472	235	191068	952	952
196553	235	189858	952	952
214715	235	189894	952	952
258926	52	349167	952	952
352885	139	355552	952	952
281666	235	188610	952	952
240625	52	364667	952	952
247928	235	189205	952	952
199146	235	188386	952	952
262976	235	203517	952	952
278620	235	190220	952	952
198136	235	190115	952	952
191845	139	367498	952	952
202277	235	188494	952	952
326383	282	208980	952	952
278515	235	189669	952	952
206912	52	338690	952	952
254723	282	356277	952	952
221461	235	188449	952	952
265724	235	291516	952	952
198945	235	190866	952	952
232904	235	189698	952	952
196601	235	188577	952	952
254889	235	188378	952	952
206065	235	188465	952	952
194602	235	190523	952	952
198104	235	194618	952	952
274746	235	252614	952	952
220254	235	188433	952	952
243511	235	195885	952	952
282703	235	190258	952	952
203074	235	188307	952	952
284107	282	189432	952	952
340870	235	189072	952	952
209485	235	188375	952	952
332391	139	272208	952	952
213328	235	193735	952	952
203286	235	189669	952	952
216715	235	188126	952	952
194382	235	188048	952	952
220856	235	188614	952	952
287829	49	296332	952	952
339520	52	370116	952	952
287634	282	308161	952	952
202259	235	191989	952	952
291824	282	191784	952	952
205374	235	188902	952	952
224755	282	190951	952	952
249819	235	250071	952	952
214791	235	188920	952	952
234840	235	188024	952	952
202136	235	189091	952	952
215702	235	188210	952	952
196752	139	190766	952	952
260371	235	188555	952	952
250862	282	192430	952	952
328001	52	335879	952	952
226476	282	190770	952	952
262155	235	189531	952	952
192521	282	296196	952	952
193268	235	188075	952	952
243214	235	195647	952	952
296767	235	188582	952	952
192605	235	188067	952	952
194022	235	188433	952	952
308083	235	192158	952	952
192871	235	188387	952	952
300748	235	188154	952	952
197043	235	188053	952	952
206414	235	188208	952	952
280564	235	188182	952	952
195448	235	188092	952	952
215060	235	191419	952	952
313793	139	193108	952	952
360475	282	190776	952	952
235292	235	191400	952	952
204425	235	188677	952	952
201328	235	188035	952	952
194486	235	189449	952	952
327086	139	367513	952	952
203755	235	190827	952	952
196070	235	188345	952	952
197418	235	188158	952	952
231984	52	267546	952	952
281128	235	190857	952	952
252051	235	228677	952	952
191520	52	313793	952	952
212409	235	189151	952	952
258387	235	190143	952	952
310469	235	189023	952	952
210358	235	188060	952	952
243766	235	189666	952	952
218364	235	197036	952	952
238248	282	218201	952	952
193874	235	188048	952	952
311544	235	190143	952	952
200732	235	189081	952	952
275027	282	189773	952	952
317573	235	189053	952	952
249696	282	327413	952	952
192994	235	188147	952	952
205009	235	188479	952	952
321983	139	267393	952	952
268385	235	194542	952	952
203222	235	191823	952	952
196780	235	188168	952	952
199816	235	188175	952	952
280452	235	195467	952	952
192901	52	339746	952	952
295408	235	191048	952	952
207673	235	188589	952	952
280048	235	190258	952	952
337641	235	188067	952	952
237536	235	188426	952	952
216077	282	191050	952	952
216153	235	188076	952	952
221685	52	346182	952	952
246889	235	190251	952	952
356383	139	192025	952	952
209566	235	189031	952	952
194482	235	200091	952	952
193284	235	188089	952	952
193522	235	188244	952	952
369191	235	189296	952	952
190792	282	339746	952	952
198337	235	188139	952	952
205559	235	197768	952	952
206517	235	188678	952	952
230717	235	194357	952	952
195387	235	188056	952	952
265679	235	189383	952	952
238086	235	189031	952	952
216686	235	189828	952	952
214199	235	188662	952	952
247827	282	190355	952	952
208643	235	189366	952	952
289935	235	188767	952	952
195654	235	188439	952	952
304608	235	191693	952	952
277271	235	189326	952	952
342366	235	188426	952	952
346182	139	193243	952	952
277623	235	190027	952	952
198428	235	189121	952	952
203063	235	188624	952	952
215517	235	188539	952	952
249196	235	211776	952	952
226956	235	188744	952	952
337287	289	366027	952	952
205391	52	366613	952	952
230713	235	190222	952	952
234358	235	189531	952	952
372842	139	215203	952	952
198564	235	188649	952	952
196591	235	188725	952	952
210737	235	188261	952	952
212464	235	188263	952	952
209017	235	188434	952	952
191533	235	190082	952	952
281556	235	189134	952	952
273674	235	189484	952	952
211528	235	188907	952	952
355380	139	190660	952	952
288752	235	189333	952	952
194959	235	190382	952	952
210599	235	196044	952	952
197961	235	188207	952	952
236978	235	189042	952	952
208589	235	188106	952	952
209566	235	189751	952	952
224491	262	192539	952	952
206492	235	188880	952	952
197157	282	329461	952	952
199892	235	188802	952	952
296470	235	188378	952	952
204041	235	270836	952	952
260245	235	189455	952	952
234130	282	190788	952	952
219186	235	188268	952	952
215947	235	191394	952	952
268523	235	196210	952	952
259328	235	288363	952	952
194274	235	188225	952	952
215805	235	188278	952	952
195368	235	188252	952	952
196471	235	189427	952	952
219681	235	188902	952	952
211594	235	188621	952	952
209869	235	191151	952	952
209957	282	188295	952	952
230518	235	194357	952	952
281642	235	190422	952	952
207621	235	189256	952	952
267885	282	308161	952	952
195186	52	366035	952	952
193657	235	188010	952	952
276503	235	289077	952	952
254622	262	192539	952	952
228091	52	317111	952	952
192208	235	188094	952	952
212483	235	188512	952	952
221138	235	188914	952	952
348695	85	188205	952	952
323666	282	190086	952	952
256916	235	188348	952	952
198336	235	189397	952	952
344372	282	201403	952	952
200373	235	188370	952	952
200896	235	188241	952	952
213737	235	188405	952	952
195435	235	188802	952	952
332040	49	188376	952	952
339746	139	190927	952	952
306007	235	188059	952	952
197293	235	190229	952	952
268945	262	192539	952	952
284455	235	191065	952	952
246726	282	194381	952	952
198503	235	188129	952	952
201643	235	188129	952	952
328217	282	343841	952	952
194602	235	188051	952	952
243595	282	193725	952	952
238765	235	189818	952	952
265395	235	188297	952	952
239281	282	363781	952	952
219335	52	343681	952	952
241634	282	195572	952	952
195293	235	191009	952	952
202997	235	188533	952	952
197983	235	188851	952	952
201135	235	189250	952	952
331247	139	211018	952	952
195003	235	188104	952	952
214478	235	188060	952	952
193041	235	190143	952	952
200462	235	188490	952	952
332930	52	366035	952	952
192895	235	188628	952	952
200793	235	189189	952	952
220283	139	365709	952	952
192147	52	308274	952	952
246210	262	192539	952	952
309075	52	208125	952	952
256896	235	291516	952	952
201446	235	188060	952	952
209977	235	188075	952	952
206131	235	188226	952	952
366463	262	192539	952	952
214478	235	190867	952	952
283876	52	370415	952	952
215440	235	188106	952	952
202023	235	190854	952	952
355552	282	352885	952	952
318247	282	268550	952	952
195093	235	188011	952	952
194846	235	188060	952	952
209635	235	188003	952	952
262214	235	190220	952	952
280650	235	188355	952	952
239479	235	191475	952	952
198807	235	189965	952	952
282808	235	191479	952	952
214150	52	346182	952	952
303880	235	190530	952	952
352787	235	188647	952	952
220869	235	188923	952	952
268078	52	243804	952	952
214249	235	190602	952	952
255236	235	188379	952	952
214899	235	188227	952	952
198287	235	189205	952	952
197241	235	188048	952	952
211192	282	188431	952	952
314370	49	197462	952	952
208570	235	188449	952	952
305888	52	346702	952	952
263820	235	261942	952	952
198749	235	188345	952	952
212409	235	189717	952	952
251798	235	190143	952	952
245988	282	326034	952	952
192579	76	188083	952	952
207604	282	372834	952	952
191927	282	275663	952	952
199130	235	188803	952	952
202982	235	188256	952	952
213954	235	190958	952	952
198802	235	189631	952	952
193759	139	192437	952	952
212851	235	197768	952	952
339746	139	231541	952	952
198680	235	189273	952	952
194321	235	252529	952	952
259431	235	189570	952	952
306306	282	240909	952	952
265461	235	242718	952	952
269485	235	261942	952	952
211475	235	188183	952	952
214772	235	193050	952	952
188122	239	216365	952	952
219785	235	189070	952	952
192437	282	193759	952	952
300791	235	188397	952	952
207428	235	190850	952	952
219727	235	188439	952	952
242380	235	189333	952	952
231708	235	191938	952	952
192949	235	188044	952	952
230889	235	188700	952	952
375593	139	266419	952	952
215086	235	188252	952	952
202907	235	213250	952	952
255336	235	191009	952	952
230417	235	188106	952	952
250019	282	365319	952	952
295613	282	301764	952	952
261363	235	189062	952	952
224128	235	189762	952	952
282374	235	188203	952	952
195094	235	189391	952	952
207824	235	189677	952	952
209213	235	289077	952	952
345850	139	372792	952	952
206511	235	188197	952	952
197822	235	194368	952	952
192178	235	189036	952	952
195674	235	188264	952	952
198428	235	188470	952	952
202407	235	188606	952	952
277186	139	194692	952	952
199651	235	188015	952	952
338593	282	231594	952	952
294067	262	192539	952	952
224817	235	188113	952	952
240641	52	267546	952	952
342741	282	190973	952	952
198141	235	188802	952	952
284525	97	187990	952	952
200719	235	188053	952	952
193083	235	193840	952	952
203772	235	190143	952	952
261913	282	308161	952	952
321525	282	220621	952	952
232486	235	193735	952	952
198654	235	188203	952	952
205655	235	188223	952	952
190792	282	339746	952	952
295923	282	363851	952	952
273230	235	188248	952	952
230166	235	189686	952	952
196119	235	190229	952	952
300148	282	351680	952	952
200359	235	188865	952	952
196764	139	191378	952	952
339750	139	195343	952	952
208208	235	191851	952	952
206188	235	188105	952	952
197611	235	188066	952	952
276574	235	196140	952	952
241948	282	338580	952	952
204076	235	189897	952	952
311329	282	213215	952	952
193629	235	188044	952	952
196295	235	188122	952	952
193568	235	191169	952	952
219893	235	188902	952	952
338277	235	226711	952	952
194562	235	188544	952	952
254931	282	295555	952	952
232963	235	194054	952	952
217221	235	188304	952	952
225775	235	188152	952	952
285869	235	189321	952	952
253245	235	188773	952	952
214303	235	188269	952	952
223942	235	191263	952	952
193717	235	193194	952	952
279132	235	242718	952	952
253011	235	188113	952	952
203639	235	190382	952	952
195026	235	188502	952	952
350842	139	245642	952	952
219865	235	188627	952	952
316779	235	189600	952	952
203225	235	195372	952	952
200854	235	188449	952	952
206763	235	189149	952	952
240618	235	188099	952	952
213009	235	188833	952	952
252996	282	247979	952	952
284525	76	348695	952	952
217652	235	188469	952	952
245672	282	346946	952	952
192602	235	189298	952	952
201403	139	344372	952	952
290637	282	203375	952	952
215658	235	188551	952	952
295408	235	195467	952	952
279734	235	346023	952	952
311528	49	188354	952	952
259915	235	197931	952	952
331038	139	276834	952	952
278377	235	191430	952	952
196746	235	190109	952	952
330333	282	191042	952	952
196731	235	188003	952	952
279450	282	193882	952	952
267200	282	188295	952	952
276735	52	319269	952	952
197831	235	188902	952	952
212987	235	188024	952	952
235329	235	190203	952	952
346871	282	261308	952	952
220528	282	188295	952	952
213357	235	188552	952	952
208785	235	191217	952	952
217548	52	361667	952	952
259298	235	191851	952	952
204129	235	188605	952	952
280416	282	195330	952	952
272187	139	190660	952	952
198751	235	191823	952	952
193506	235	188624	952	952
274036	282	189365	952	952
198682	235	188297	952	952
193271	282	308345	952	952
319025	282	308970	952	952
275026	282	191514	952	952
205599	235	188076	952	952
201349	282	191157	952	952
209429	235	188107	952	952
225747	235	188737	952	952
208219	235	188057	952	952
350555	139	196748	952	952
314218	235	188154	952	952
198884	235	188059	952	952
204080	235	191163	952	952
290503	282	192030	952	952
193828	235	188449	952	952
245572	235	210721	952	952
199893	235	188794	952	952
236055	235	188700	952	952
264215	235	190586	952	952
216448	235	188097	952	952
354211	139	193199	952	952
241607	235	188384	952	952
205392	235	188123	952	952
220369	235	188397	952	952
271111	235	188486	952	952
366027	289	337287	952	952
274627	52	329616	952	952
228294	52	267546	952	952
198267	235	188161	952	952
204937	235	188285	952	952
231851	235	188358	952	952
195742	235	189894	952	952
229647	235	188249	952	952
364667	139	240625	952	952
203146	235	189423	952	952
299611	235	189248	952	952
201988	235	188051	952	952
212464	235	188168	952	952
257837	235	188331	952	952
308295	235	206227	952	952
196080	235	188116	952	952
243192	235	190288	952	952
212757	235	189336	952	952
216555	235	188617	952	952
195016	235	190434	952	952
217250	235	188163	952	952
335478	139	245427	952	952
266386	235	190603	952	952
207604	52	372834	952	952
240076	235	188151	952	952
200162	235	189314	952	952
289745	235	220142	952	952
363851	139	295923	952	952
209009	235	189149	952	952
194950	235	188028	952	952
271568	235	189273	952	952
254942	282	190175	952	952
252864	282	191646	952	952
196410	235	189994	952	952
205535	235	188602	952	952
365234	139	238121	952	952
199740	262	192539	952	952
195812	235	237278	952	952
194923	235	188241	952	952
297240	282	373810	952	952
208930	235	190850	952	952
289847	235	189828	952	952
350446	282	188431	952	952
209974	235	189039	952	952
229903	235	190816	952	952
271789	235	189125	952	952
208699	235	188197	952	952
211884	235	188335	952	952
230050	235	188073	952	952
211700	235	188297	952	952
277439	235	191517	952	952
284896	235	207088	952	952
212457	235	188173	952	952
272584	235	190818	952	952
219855	235	189164	952	952
290410	235	190258	952	952
194654	235	188079	952	952
199269	235	188399	952	952
198543	235	188392	952	952
259073	282	192224	952	952
290275	235	188552	952	952
202765	235	188471	952	952
317291	52	354473	952	952
260467	235	190530	952	952
258669	282	190784	952	952
239253	235	191822	952	952
192338	235	188010	952	952
288182	235	192839	952	952
195264	235	190114	952	952
235793	235	190640	952	952
192672	282	192266	952	952
198982	235	188515	952	952
353984	262	192539	952	952
219695	235	188644	952	952
202756	235	188051	952	952
247190	235	188806	952	952
221685	52	375123	952	952
322420	139	192830	952	952
193883	235	192124	952	952
285151	289	271675	952	952
201957	235	188134	952	952
288134	235	190827	952	952
219048	235	188214	952	952
234344	235	209395	952	952
199334	235	188526	952	952
212230	235	188381	952	952
309428	235	188397	952	952
211563	235	189812	952	952
234496	235	188265	952	952
195682	235	188182	952	952
360503	282	267546	952	952
339746	139	287996	952	952
197256	139	276491	952	952
215453	235	188395	952	952
197739	235	188358	952	952
198968	282	317111	952	952
278272	235	190220	952	952
276223	235	190530	952	952
193314	235	189419	952	952
194352	235	190739	952	952
325027	52	363648	952	952
253719	235	189649	952	952
260829	282	361065	952	952
326034	139	245988	952	952
222814	235	188090	952	952
322819	282	191515	952	952
197060	235	189121	952	952
230492	235	188449	952	952
226476	282	247979	952	952
197961	235	188590	952	952
239467	235	188655	952	952
219513	235	189121	952	952
198652	235	189166	952	952
259703	282	351416	952	952
221259	235	188368	952	952
192598	139	219686	952	952
367484	139	268518	952	952
195812	235	189707	952	952
252797	282	374982	952	952
194028	235	188073	952	952
218322	235	188059	952	952
287996	282	339746	952	952
205391	282	366613	952	952
227145	235	188640	952	952
199672	235	189151	952	952
192798	235	190962	952	952
197636	235	209287	952	952
240909	139	306306	952	952
203771	235	188449	952	952
195965	235	188059	952	952
193360	235	189598	952	952
202349	282	331374	952	952
197492	235	188613	952	952
278933	235	188402	952	952
202647	235	188033	952	952
199327	235	188190	952	952
191481	52	356383	952	952
347446	273	196357	952	952
250170	282	267874	952	952
221106	235	192810	952	952
331172	52	366647	952	952
267393	52	338690	952	952
335662	282	192086	952	952
217816	235	188902	952	952
370184	282	188295	952	952
190792	52	308274	952	952
205441	235	190201	952	952
242091	235	189308	952	952
215603	235	192174	952	952
197550	235	189728	952	952
232123	235	188627	952	952
269506	282	190868	952	952
202361	235	188469	952	952
194153	235	188246	952	952
194329	235	206388	952	952
348695	257	190980	952	952
217381	235	188203	952	952
262105	235	188089	952	952
260853	52	356206	952	952
196399	235	189826	952	952
206550	235	188026	952	952
264705	282	192224	952	952
239681	235	188502	952	952
339257	282	190225	952	952
246558	282	203375	952	952
204278	235	188226	952	952
309805	282	294002	952	952
366575	49	206846	952	952
264533	282	195197	952	952
193715	235	190087	952	952
264715	235	192103	952	952
200436	235	188003	952	952
351948	139	193108	952	952
241323	282	189654	952	952
229645	282	327700	952	952
249903	52	317111	952	952
339803	235	190850	952	952
198346	235	188374	952	952
309442	235	188876	952	952
231774	235	192818	952	952
301638	282	318439	952	952
195299	235	188096	952	952
261179	235	188640	952	952
193856	52	190247	952	952
219620	235	197801	952	952
260042	235	188256	952	952
194950	235	188839	952	952
331254	139	192437	952	952
204941	235	188552	952	952
197124	235	189612	952	952
192823	235	188281	952	952
208785	235	190248	952	952
317469	282	269685	952	952
344879	282	234846	952	952
215405	282	264961	952	952
232619	235	190143	952	952
205723	235	188347	952	952
193292	139	224491	952	952
236848	235	239615	952	952
196671	235	192085	952	952
252051	235	188190	952	952
305510	282	311612	952	952
265977	235	188902	952	952
217045	235	207357	952	952
206954	235	188014	952	952
231260	52	196752	952	952
222066	235	188256	952	952
197246	235	188010	952	952
280032	235	189427	952	952
209610	139	255444	952	952
207651	235	188282	952	952
282818	235	190429	952	952
205173	235	190350	952	952
195525	235	188101	952	952
221545	235	188669	952	952
308058	139	281714	952	952
215846	235	188243	952	952
327651	282	214186	952	952
232652	235	188019	952	952
204138	235	188768	952	952
196537	235	188054	952	952
291239	235	189484	952	952
294537	235	191625	952	952
192119	235	188048	952	952
203882	235	188326	952	952
205882	235	189925	952	952
240570	235	191911	952	952
197124	235	188494	952	952
197455	235	189780	952	952
191973	235	188612	952	952
195500	235	188066	952	952
192534	235	188817	952	952
196349	235	189021	952	952
223851	235	189205	952	952
270846	282	353441	952	952
276574	235	193503	952	952
197980	235	188520	952	952
286973	282	361667	952	952
289471	235	188523	952	952
309075	282	208125	952	952
195650	235	188444	952	952
203783	235	198637	952	952
215712	235	188050	952	952
327700	139	229645	952	952
226840	235	194357	952	952
255553	282	208058	952	952
200509	235	188872	952	952
193626	235	189242	952	952
314979	235	189070	952	952
199326	235	190521	952	952
202498	235	191650	952	952
201016	235	188128	952	952
223650	282	189365	952	952
200587	235	188024	952	952
303468	282	200860	952	952
256807	235	188469	952	952
239708	235	188148	952	952
288070	235	188607	952	952
220787	235	190154	952	952
244838	235	189070	952	952
228068	235	189156	952	952
204213	235	190372	952	952
218819	235	220320	952	952
197769	235	188014	952	952
268573	235	189508	952	952
192505	52	272187	952	952
211526	235	188344	952	952
197557	235	188539	952	952
193065	235	188003	952	952
195052	235	191419	952	952
198502	235	189350	952	952
204705	235	188015	952	952
197546	235	189780	952	952
229045	235	188203	952	952
223220	235	189081	952	952
205139	235	188902	952	952
196458	235	190402	952	952
212452	235	189577	952	952
350860	282	190128	952	952
263676	235	188152	952	952
198346	235	188894	952	952
212616	235	188145	952	952
201361	235	189562	952	952
329215	235	188025	952	952
190870	235	189819	952	952
195033	235	188067	952	952
205628	235	188104	952	952
193680	139	356932	952	952
229797	235	189329	952	952
278676	282	320542	952	952
200870	235	188858	952	952
234343	235	188902	952	952
215749	235	188050	952	952
253342	235	191254	952	952
267393	282	321983	952	952
248480	235	189690	952	952
226134	235	189205	952	952
207947	235	188524	952	952
214910	235	191479	952	952
223638	235	188168	952	952
323868	282	323869	952	952
189856	139	313221	952	952
222220	282	196764	952	952
297036	235	188907	952	952
205200	235	188465	952	952
282280	235	188638	952	952
198322	235	188091	952	952
203296	235	188605	952	952
284339	235	188067	952	952
268518	282	367484	952	952
282167	52	366035	952	952
201187	235	188168	952	952
192338	235	188079	952	952
310920	235	189095	952	952
194950	235	188051	952	952
343113	235	189610	952	952
191676	235	188096	952	952
204475	235	188732	952	952
193108	282	351948	952	952
305875	282	213690	952	952
194477	235	238885	952	952
236848	235	188078	952	952
212869	235	188627	952	952
191973	235	188894	952	952
338580	139	357475	952	952
252611	42	190539	952	952
209036	235	188131	952	952
189432	139	284107	952	952
231119	282	190355	952	952
208890	235	188516	952	952
260218	235	188246	952	952
227360	160	372427	952	952
272655	235	188188	952	952
221524	235	188201	952	952
283577	282	238948	952	952
203910	235	191110	952	952
212909	235	189256	952	952
206808	235	188957	952	952
194170	52	328752	952	952
194602	235	188392	952	952
250648	235	207357	952	952
263226	282	224797	952	952
200793	235	189508	952	952
198666	235	188153	952	952
271709	235	197036	952	952
365234	139	231966	952	952
197143	235	188720	952	952
196732	235	192847	952	952
210679	235	188552	952	952
339746	139	203628	952	952
194292	139	241323	952	952
228690	235	188627	952	952
263272	282	188295	952	952
197395	235	189475	952	952
193060	235	188616	952	952
198125	235	190220	952	952
194142	235	188502	952	952
269645	235	191452	952	952
211093	282	227017	952	952
228091	52	194109	952	952
213656	235	188076	952	952
203042	235	189780	952	952
210144	235	188446	952	952
199513	235	188089	952	952
194602	235	188087	952	952
254736	235	188067	952	952
211367	235	189455	952	952
244468	235	188592	952	952
204276	235	201159	952	952
265119	235	223708	952	952
189700	76	261356	952	952
341626	235	200623	952	952
340002	282	372490	952	952
243731	235	194608	952	952
239253	235	188494	952	952
203055	235	188506	952	952
215689	235	194571	952	952
198829	235	188297	952	952
195923	235	189173	952	952
308428	235	189528	952	952
297876	235	189894	952	952
349260	282	189365	952	952
246048	235	188268	952	952
197535	235	188564	952	952
225570	282	191044	952	952
366613	139	205391	952	952
196394	235	189562	952	952
205958	235	190203	952	952
203226	235	188902	952	952
248593	235	218704	952	952
216343	282	254862	952	952
249223	235	193100	952	952
243726	235	191087	952	952
227546	235	190793	952	952
316701	49	218936	952	952
350307	282	322422	952	952
199135	235	188381	952	952
208151	282	198404	952	952
272032	235	190900	952	952
264232	235	219306	952	952
204521	235	188020	952	952
269804	235	192103	952	952
300773	235	203517	952	952
212458	235	189980	952	952
218570	235	188019	952	952
239821	282	195330	952	952
343370	282	190128	952	952
276619	235	188552	952	952
282423	282	192128	952	952
218815	235	189062	952	952
197313	235	190598	952	952
201256	235	189256	952	952
200719	235	188094	952	952
260135	282	293347	952	952
202868	235	188185	952	952
195938	235	189508	952	952
201352	235	188398	952	952
201211	235	188469	952	952
251842	235	189446	952	952
238925	235	189298	952	952
200015	235	188017	952	952
221543	47	192670	952	952
192429	235	188035	952	952
261531	282	190245	952	952
310469	235	189935	952	952
224491	282	193292	952	952
199654	235	189780	952	952
348369	282	195170	952	952
213406	235	188669	952	952
206655	52	190418	952	952
203348	235	188105	952	952
194028	235	188802	952	952
192425	235	188097	952	952
200337	235	188720	952	952
199334	235	189087	952	952
213986	235	195467	952	952
193904	235	188374	952	952
249016	235	189921	952	952
216691	235	189562	952	952
219273	282	200988	952	952
208654	235	188519	952	952
287996	52	339746	952	952
257125	235	188402	952	952
371704	282	209913	952	952
339746	139	198609	952	952
232571	235	189449	952	952
241959	235	189291	952	952
197761	235	188025	952	952
200208	235	188592	952	952
246088	235	189326	952	952
355676	139	204375	952	952
308464	235	190220	952	952
201620	235	188162	952	952
230983	235	189422	952	952
197907	235	188248	952	952
339746	139	199298	952	952
192301	139	361400	952	952
224234	235	193932	952	952
206228	235	193967	952	952
200164	235	188576	952	952
306007	235	238613	952	952
198508	282	188295	952	952
218651	235	188951	952	952
195601	235	188449	952	952
262214	235	188506	952	952
191819	235	188839	952	952
216057	235	191419	952	952
204583	282	190128	952	952
196132	235	188437	952	952
206168	235	189028	952	952
196537	235	188050	952	952
364574	42	188196	952	952
205181	235	188055	952	952
200017	235	188802	952	952
212279	52	313793	952	952
243444	235	188223	952	952
229045	235	188149	952	952
217286	235	191394	952	952
312351	52	329616	952	952
247024	235	188367	952	952
199994	235	188145	952	952
243096	235	188203	952	952
239798	52	352374	952	952
193522	235	188558	952	952
270762	282	188930	952	952
200061	235	190580	952	952
223947	282	192128	952	952
242698	235	188978	952	952
210358	235	188096	952	952
210059	235	188147	952	952
213865	235	191822	952	952
303505	139	222318	952	952
368310	235	198208	952	952
196554	235	191419	952	952
206550	235	188078	952	952
198634	235	188056	952	952
273266	282	358621	952	952
195241	235	189382	952	952
256011	235	188665	952	952
214249	235	199729	952	952
250336	235	188858	952	952
216503	235	188134	952	952
206045	235	191941	952	952
252226	235	188147	952	952
228501	235	189252	952	952
363648	139	366859	952	952
203884	235	188076	952	952
203774	235	188964	952	952
214582	235	190735	952	952
215879	235	188158	952	952
328159	282	194297	952	952
254785	262	192539	952	952
337096	282	189204	952	952
249418	235	188441	952	952
222871	235	190818	952	952
239983	235	190725	952	952
230744	235	188344	952	952
312352	52	329616	952	952
278403	235	191306	952	952
279784	235	188494	952	952
271892	235	189022	952	952
196736	52	355308	952	952
209205	235	188902	952	952
204665	235	190408	952	952
358674	173	313546	952	952
194303	235	188950	952	952
230659	235	188405	952	952
192553	235	188091	952	952
205228	235	189260	952	952
237765	235	188223	952	952
198968	282	324352	952	952
216715	235	188326	952	952
221167	235	189008	952	952
293603	282	201301	952	952
278737	235	190167	952	952
306007	235	189725	952	952
209717	235	188577	952	952
209841	235	188416	952	952
230631	235	188469	952	952
244682	235	190258	952	952
228702	235	188735	952	952
203128	235	188405	952	952
194489	235	188189	952	952
268715	235	242718	952	952
206414	235	188068	952	952
199394	235	188819	952	952
211866	235	188469	952	952
373234	139	299756	952	952
321078	52	338690	952	952
346182	139	267711	952	952
225388	282	220566	952	952
193613	235	188465	952	952
204651	235	189241	952	952
231774	235	189173	952	952
210247	235	243677	952	952
218304	235	188732	952	952
226408	235	188468	952	952
329852	52	370415	952	952
203312	235	188527	952	952
256081	235	202890	952	952
191841	235	188162	952	952
231774	235	191806	952	952
194563	235	188902	952	952
271799	282	197390	952	952
195466	235	188218	952	952
230699	235	188781	952	952
230438	235	188522	952	952
199621	235	188405	952	952
216733	235	189645	952	952
255457	235	188337	952	952
260792	235	188422	952	952
366971	139	271516	952	952
266536	235	190602	952	952
210915	235	193709	952	952
192670	47	221543	952	952
261247	267	268301	952	952
346182	139	245456	952	952
238027	282	247142	952	952
212126	282	296196	952	952
245297	235	188399	952	952
198324	235	188128	952	952
194072	52	367484	952	952
231585	235	188402	952	952
278197	282	221755	952	952
372834	139	193618	952	952
356906	282	203375	952	952
195043	235	188627	952	952
214304	235	188787	952	952
200296	235	190439	952	952
200290	235	189158	952	952
210077	235	188148	952	952
313119	235	188355	952	952
194062	235	188068	952	952
228419	235	189943	952	952
282663	235	188904	952	952
201984	235	193194	952	952
282669	235	188255	952	952
192178	235	188253	952	952
212634	235	188449	952	952
193947	235	188392	952	952
203055	235	190220	952	952
295019	282	232151	952	952
238278	235	188627	952	952
300427	282	193680	952	952
360430	139	367919	952	952
222788	235	190201	952	952
199313	235	188700	952	952
196776	52	303505	952	952
193065	235	188113	952	952
203257	235	190968	952	952
196392	235	188001	952	952
329035	282	203375	952	952
255444	282	209610	952	952
239949	235	235019	952	952
228770	235	189371	952	952
246364	235	199620	952	952
209051	235	189637	952	952
270934	235	188803	952	952
271827	235	188608	952	952
196736	282	355308	952	952
260933	235	188877	952	952
201651	235	197068	952	952
243748	282	188930	952	952
206023	235	190251	952	952
202181	235	188051	952	952
193071	235	193729	952	952
203813	235	188246	952	952
190929	282	338690	952	952
194602	235	188334	952	952
201233	235	188279	952	952
196577	235	190441	952	952
353041	235	192374	952	952
194184	235	188015	952	952
194470	235	188116	952	952
194602	235	188056	952	952
198644	235	190251	952	952
227008	235	188277	952	952
205392	235	188198	952	952
245504	235	191109	952	952
200108	235	206226	952	952
193024	235	188089	952	952
241084	235	189698	952	952
260853	282	356206	952	952
195362	52	270293	952	952
210851	235	191822	952	952
206866	235	188894	952	952
250292	235	190143	952	952
196076	235	188310	952	952
271630	235	189333	952	952
368811	282	282449	952	952
194170	52	374975	952	952
242892	235	191180	952	952
196591	235	188880	952	952
201429	235	190114	952	952
197567	235	189151	952	952
210479	235	188026	952	952
211398	235	189186	952	952
195027	235	188172	952	952
265651	235	188924	952	952
370605	282	310705	952	952
196859	235	188439	952	952
365234	139	219028	952	952
217308	235	188434	952	952
343681	139	218824	952	952
299060	235	217142	952	952
261373	235	190509	952	952
239381	235	188171	952	952
206717	235	188596	952	952
252188	235	189383	952	952
211311	282	355344	952	952
195696	235	190850	952	952
345407	139	313558	952	952
204937	235	188076	952	952
212604	235	188225	952	952
207042	235	189205	952	952
293696	235	238885	952	952
223439	235	188404	952	952
354853	235	195331	952	952
308823	235	190251	952	952
192950	235	188026	952	952
276543	235	188106	952	952
229305	235	188265	952	952
209186	235	188208	952	952
203187	235	298841	952	952
209188	235	188324	952	952
213865	235	188494	952	952
243192	235	188256	952	952
210741	235	188803	952	952
224802	235	204424	952	952
200837	235	190628	952	952
202415	235	190844	952	952
250850	235	188296	952	952
210200	235	189371	952	952
249628	235	190382	952	952
352374	139	303384	952	952
200364	235	188410	952	952
201147	235	188109	952	952
196447	235	188638	952	952
355308	139	196736	952	952
264224	49	212584	952	952
191930	235	188043	952	952
194001	235	189116	952	952
197324	235	188802	952	952
192994	235	200091	952	952
192559	235	188050	952	952
194425	235	188267	952	952
296248	52	308058	952	952
239969	235	188106	952	952
240625	282	364667	952	952
193227	235	188180	952	952
203826	235	188395	952	952
234886	235	188607	952	952
203497	52	331038	952	952
194847	235	188444	952	952
214877	235	188552	952	952
212991	235	189522	952	952
209551	235	188894	952	952
243219	235	190725	952	952
239755	235	220320	952	952
313295	235	192468	952	952
280905	235	223532	952	952
222785	235	193645	952	952
230433	52	355676	952	952
205961	235	189494	952	952
215603	235	192342	952	952
299756	282	373234	952	952
198780	235	188089	952	952
196368	235	190251	952	952
198381	235	188541	952	952
212351	235	188365	952	952
205810	235	188699	952	952
222472	235	189541	952	952
189776	282	319269	952	952
209088	235	189110	952	952
228890	235	189636	952	952
327461	282	281777	952	952
204864	235	191925	952	952
195380	235	189294	952	952
229104	235	188603	952	952
315694	52	329616	952	952
214996	235	188010	952	952
290313	235	189895	952	952
197170	235	188454	952	952
260387	235	193752	952	952
301670	282	192411	952	952
192437	52	339746	952	952
199505	235	190530	952	952
211880	235	336970	952	952
360023	282	315916	952	952
251877	235	188378	952	952
366647	139	331172	952	952
265743	235	190840	952	952
208026	235	188019	952	952
210733	235	192387	952	952
211534	235	188347	952	952
194433	235	188415	952	952
232893	235	190754	952	952
219182	235	190725	952	952
198862	235	188182	952	952
293644	52	349167	952	952
230492	235	188348	952	952
257052	282	257044	952	952
232485	235	188665	952	952
280452	235	188494	952	952
365709	282	220283	952	952
216521	235	188665	952	952
188205	71	348695	952	952
248181	139	356165	952	952
195589	235	188638	952	952
235812	235	189894	952	952
222159	235	188802	952	952
225641	235	190203	952	952
222937	235	191419	952	952
222947	235	191822	952	952
215175	235	189205	952	952
247029	235	188862	952	952
206954	235	188210	952	952
207052	52	313793	952	952
193355	235	188094	952	952
195748	52	307706	952	952
219335	52	335478	952	952
232293	235	188377	952	952
194689	52	193633	952	952
314050	282	195330	952	952
248480	235	189070	952	952
212567	235	189214	952	952
198375	235	188405	952	952
198044	235	188063	952	952
194170	52	339746	952	952
264986	235	188399	952	952
206691	235	188108	952	952
197911	235	188700	952	952
213215	139	311329	952	952
266275	235	188977	952	952
324862	282	269685	952	952
274935	235	194038	952	952
208311	235	190092	952	952
249424	235	188613	952	952
290480	235	343837	952	952
352564	282	329997	952	952
235143	235	188638	952	952
196070	235	188338	952	952
202930	235	188405	952	952
243192	235	188034	952	952
230085	235	191009	952	952
193955	235	189729	952	952
229816	235	189449	952	952
200971	235	188560	952	952
193575	235	193788	952	952
232234	235	188663	952	952
198780	235	188068	952	952
216985	235	188513	952	952
230022	235	195467	952	952
339936	282	373515	952	952
201201	235	189828	952	952
283800	282	343549	952	952
196033	235	189687	952	952
354036	282	192073	952	952
259934	235	188578	952	952
263207	235	257358	952	952
234840	235	188373	952	952
204701	52	327700	952	952
205673	235	188109	952	952
196000	235	188802	952	952
231869	235	188079	952	952
262168	235	189205	952	952
197832	235	189520	952	952
311881	235	189205	952	952
191514	139	307967	952	952
296196	139	192521	952	952
222608	282	267874	952	952
194021	235	188066	952	952
195720	235	188132	952	952
265865	235	188768	952	952
201628	235	190673	952	952
211279	235	188129	952	952
270030	235	191625	952	952
226034	235	191419	952	952
220433	235	188092	952	952
194378	235	188214	952	952
250467	282	192128	952	952
264211	235	188470	952	952
193633	139	193620	952	952
200913	235	188445	952	952
222391	235	189189	952	952
250742	235	188344	952	952
200432	235	188152	952	952
200868	235	188802	952	952
266386	235	189687	952	952
307738	235	190732	952	952
214717	235	188735	952	952
304404	282	268550	952	952
284695	235	188070	952	952
251953	235	194085	952	952
197940	235	189598	952	952
230923	235	289077	952	952
222937	235	188582	952	952
263991	262	192539	952	952
253422	235	192934	952	952
210164	235	188839	952	952
202016	235	190813	952	952
252350	235	188505	952	952
205835	52	284614	952	952
213450	235	189541	952	952
196601	235	188320	952	952
211920	235	188423	952	952
265366	235	206693	952	952
196746	235	189759	952	952
214557	235	188026	952	952
234963	235	192650	952	952
257480	235	188202	952	952
242391	235	190441	952	952
219855	235	190184	952	952
296196	139	328590	952	952
274205	235	191807	952	952
252379	235	189248	952	952
227628	282	190128	952	952
208272	235	189612	952	952
196417	235	188282	952	952
214422	235	188384	952	952
198606	235	188137	952	952
192694	235	190640	952	952
367742	235	284590	952	952
225295	235	188098	952	952
204787	235	188378	952	952
200647	235	189828	952	952
199937	235	189427	952	952
261302	235	189075	952	952
201934	235	189201	952	952
266487	282	189992	952	952
231484	235	189780	952	952
194028	235	188011	952	952
197225	235	189581	952	952
263685	282	375240	952	952
222177	235	191479	952	952
194519	235	188704	952	952
281666	235	188577	952	952
256679	52	196752	952	952
334814	282	191460	952	952
196337	235	188307	952	952
244682	235	191254	952	952
244418	52	267546	952	952
189776	282	309306	952	952
222053	235	188699	952	952
253194	235	190818	952	952
260118	235	223708	952	952
344880	139	259152	952	952
198137	235	188596	952	952
225307	235	188345	952	952
211347	235	188010	952	952
296196	139	191257	952	952
254723	282	192128	952	952
282449	139	368811	952	952
247574	235	191851	952	952
218824	52	343681	952	952
215920	235	189569	952	952
203823	235	200091	952	952
205234	235	188285	952	952
267992	235	189449	952	952
203368	235	188047	952	952
217816	235	188228	952	952
195987	235	191009	952	952
201921	235	189202	952	952
277382	235	195372	952	952
301620	235	238885	952	952
203813	235	189163	952	952
289862	235	206193	952	952
200161	235	191806	952	952
248983	282	190982	952	952
332518	139	232633	952	952
198502	235	188284	952	952
196335	235	188391	952	952
221634	235	188523	952	952
270596	282	189204	952	952
266943	282	192645	952	952
193007	235	188036	952	952
237804	282	210281	952	952
195110	235	188494	952	952
294455	235	191650	952	952
195108	282	285112	952	952
198210	235	188317	952	952
209412	235	190850	952	952
224535	235	188155	952	952
214337	235	188627	952	952
223191	235	188399	952	952
194948	235	235019	952	952
228236	235	189205	952	952
330897	49	293082	952	952
234963	235	190254	952	952
203495	235	192182	952	952
372834	139	209307	952	952
198280	235	190865	952	952
203806	235	189894	952	952
193857	235	188036	952	952
204346	235	189021	952	952
205234	235	188259	952	952
197086	235	188997	952	952
197535	235	188657	952	952
200113	235	188047	952	952
329312	282	223379	952	952
221749	282	346702	952	952
199070	235	188018	952	952
206655	282	190418	952	952
206857	235	188888	952	952
203098	235	188097	952	952
214318	235	297122	952	952
243485	235	188208	952	952
256807	235	188567	952	952
190144	282	224797	952	952
274205	235	188446	952	952
194965	235	191822	952	952
199464	235	189522	952	952
263886	235	191419	952	952
217001	235	189078	952	952
235143	235	192536	952	952
295555	139	254931	952	952
218887	235	188649	952	952
209502	235	188041	952	952
318203	235	189546	952	952
198298	235	188041	952	952
224581	235	190436	952	952
268501	52	317111	952	952
219776	235	189283	952	952
197779	235	188627	952	952
203076	235	189173	952	952
191514	139	275026	952	952
268872	235	188116	952	952
297518	282	191011	952	952
375304	282	356573	952	952
222779	235	189522	952	952
194756	235	189214	952	952
271675	289	285151	952	952
224859	235	189028	952	952
210978	235	188281	952	952
207613	235	192070	952	952
207651	235	188314	952	952
198243	235	188141	952	952
257238	235	188601	952	952
192969	235	189765	952	952
196969	235	189021	952	952
247789	235	190725	952	952
248143	235	195038	952	952
203763	235	188627	952	952
309272	282	221755	952	952
368839	282	191784	952	952
203467	235	188024	952	952
206119	235	188275	952	952
190951	139	224755	952	952
246409	235	188105	952	952
223422	235	200654	952	952
331172	282	347416	952	952
199980	235	189215	952	952
238828	282	192069	952	952
227546	235	189487	952	952
205682	235	198584	952	952
205443	52	343681	952	952
284614	139	252870	952	952
300770	235	188838	952	952
215933	235	188182	952	952
197382	235	189183	952	952
258568	235	243851	952	952
263886	235	188582	952	952
275159	282	191267	952	952
222226	282	329616	952	952
277938	235	188736	952	952
220492	282	365173	952	952
358494	282	251227	952	952
278051	235	188055	952	952
193151	235	188026	952	952
241323	282	194292	952	952
194231	235	191009	952	952
197998	235	188058	952	952
201611	235	188738	952	952
362460	139	197106	952	952
261267	235	190125	952	952
201321	235	191407	952	952
339520	282	370116	952	952
219009	235	188469	952	952
193761	235	189293	952	952
202756	235	188054	952	952
196922	235	188991	952	952
197547	235	189449	952	952
223995	235	189821	952	952
314851	262	192539	952	952
199673	235	188011	952	952
192321	235	188009	952	952
195674	235	189495	952	952
303145	282	212376	952	952
275916	235	189326	952	952
196405	235	188063	952	952
244100	235	188182	952	952
196553	235	190735	952	952
219182	235	188523	952	952
199084	235	190334	952	952
227291	235	188094	952	952
257941	235	189788	952	952
216833	235	190754	952	952
203525	235	188014	952	952
241003	282	320542	952	952
219999	235	188627	952	952
298950	235	190014	952	952
196047	235	188269	952	952
226993	282	358007	952	952
197638	235	197036	952	952
217407	235	223708	952	952
358138	282	324521	952	952
198082	235	189205	952	952
196280	235	188429	952	952
214578	235	189780	952	952
196041	235	189495	952	952
195090	235	194011	952	952
200463	235	189314	952	952
199263	235	188240	952	952
218966	235	188262	952	952
204686	235	188556	952	952
193629	235	188075	952	952
197303	235	188491	952	952
262807	235	190140	952	952
254456	235	199351	952	952
252188	235	188768	952	952
192437	282	331254	952	952
204919	52	267546	952	952
192178	235	188282	952	952
198198	235	188911	952	952
375468	282	336786	952	952
199874	235	188446	952	952
247211	235	189343	952	952
204489	235	188207	952	952
219686	282	192598	952	952
195930	235	188248	952	952
194729	235	188226	952	952
211762	235	190314	952	952
216694	235	188183	952	952
355676	139	230760	952	952
198412	235	190334	952	952
212272	52	370116	952	952
309732	235	189570	952	952
202166	235	190799	952	952
217643	235	188337	952	952
206157	235	189355	952	952
370537	282	189365	952	952
190792	52	307706	952	952
201341	52	335478	952	952
203348	235	188066	952	952
192534	235	188220	952	952
230412	235	188173	952	952
213895	282	191050	952	952
193898	235	188075	952	952
200472	235	218704	952	952
248812	235	189139	952	952
236492	282	237254	952	952
264184	235	190137	952	952
200487	235	188116	952	952
205236	235	188389	952	952
357584	282	191784	952	952
197033	235	192176	952	952
229374	235	188076	952	952
210077	235	190735	952	952
238246	235	204337	952	952
190783	139	234514	952	952
192901	52	374975	952	952
209498	235	188405	952	952
317111	139	198968	952	952
221215	235	190827	952	952
235968	235	188106	952	952
330039	282	214389	952	952
216153	235	188173	952	952
221493	235	188223	952	952
279323	282	322422	952	952
207209	235	188426	952	952
196134	235	188051	952	952
280032	235	188523	952	952
243443	235	189205	952	952
241042	235	188255	952	952
252569	235	188523	952	952
299694	235	189604	952	952
228107	282	192224	952	952
221737	235	188011	952	952
374982	139	252797	952	952
197445	235	189427	952	952
199480	235	189796	952	952
339537	235	189018	952	952
348863	49	189551	952	952
194423	235	193172	952	952
196735	235	188075	952	952
207805	235	188069	952	952
373886	282	277208	952	952
242217	235	188902	952	952
203806	235	191372	952	952
264286	282	308345	952	952
335478	139	263522	952	952
197907	235	189070	952	952
197273	235	189397	952	952
267393	282	192128	952	952
201560	235	188048	952	952
229645	52	327700	952	952
196100	235	188726	952	952
192208	235	188061	952	952
197611	235	194419	952	952
222947	235	188494	952	952
192052	235	188075	952	952
200012	235	189009	952	952
204529	235	188057	952	952
201791	235	189351	952	952
208972	235	188126	952	952
234190	235	190958	952	952
213908	235	188465	952	952
210491	235	190220	952	952
237677	235	188259	952	952
201921	235	189001	952	952
193574	235	188059	952	952
280560	235	191286	952	952
351744	282	190575	952	952
329616	139	222226	952	952
262425	235	188381	952	952
255444	52	209610	952	952
215791	235	188426	952	952
204502	235	189702	952	952
217125	235	188985	952	952
203049	235	191430	952	952
194645	235	188059	952	952
269721	235	198663	952	952
194143	235	188434	952	952
288267	235	189251	952	952
229642	282	195967	952	952
355425	139	277151	952	952
257288	235	188480	952	952
222325	235	190330	952	952
318611	235	189295	952	952
199227	235	188786	952	952
328982	282	370415	952	952
201611	235	190809	952	952
276491	282	197256	952	952
241501	235	189449	952	952
199816	235	188045	952	952
238606	235	192506	952	952
195088	235	188726	952	952
247692	235	188246	952	952
352849	160	188022	952	952
196398	235	189061	952	952
218161	235	189400	952	952
258897	235	189427	952	952
196279	235	188140	952	952
198980	235	188627	952	952
231210	273	190804	952	952
297225	282	189365	952	952
243338	52	339746	952	952
231093	52	317111	952	952
212578	235	190866	952	952
261743	282	191885	952	952
194373	235	188145	952	952
192430	139	250862	952	952
197789	235	189631	952	952
198141	235	188011	952	952
197707	139	299373	952	952
216661	235	188398	952	952
232171	235	188699	952	952
189776	52	309306	952	952
203455	235	188699	952	952
192429	235	188147	952	952
210736	282	188769	952	952
246786	235	191118	952	952
257308	235	220142	952	952
243206	235	190143	952	952
239930	235	189627	952	952
213749	235	188914	952	952
195264	235	190580	952	952
216555	235	188331	952	952
224217	235	189317	952	952
215958	235	190254	952	952
204616	139	312830	952	952
199908	235	188682	952	952
240412	235	202439	952	952
204941	235	189121	952	952
192384	235	204734	952	952
262471	235	188153	952	952
224467	235	188418	952	952
241234	235	188725	952	952
286648	282	190128	952	952
192425	235	188087	952	952
232215	235	188106	952	952
301822	282	333239	952	952
199598	235	188020	952	952
210453	235	188802	952	952
197060	235	188552	952	952
202023	235	188795	952	952
217712	235	188055	952	952
262271	282	191044	952	952
239691	235	189828	952	952
275785	235	192661	952	952
203953	235	188037	952	952
239571	282	188295	952	952
233250	282	267546	952	952
193504	235	188188	952	952
213447	235	188893	952	952
245702	235	190818	952	952
208643	235	188783	952	952
204274	235	189028	952	952
339936	52	362460	952	952
197607	235	188405	952	952
287748	235	191863	952	952
259216	235	188418	952	952
306987	282	234846	952	952
203146	235	189152	952	952
193007	235	188276	952	952
226103	235	188699	952	952
200124	235	188786	952	952
210453	235	188011	952	952
206679	235	216845	952	952
203962	235	188603	952	952
211452	235	206693	952	952
234514	282	190783	952	952
198498	235	255005	952	952
210291	235	189075	952	952
199904	235	188768	952	952
278233	282	349775	952	952
324352	139	198968	952	952
192721	235	188043	952	952
238413	235	193050	952	952
229645	52	240909	952	952
260010	235	189314	952	952
220902	235	188469	952	952
195165	235	188162	952	952
312830	52	366035	952	952
194693	235	188392	952	952
199166	235	188429	952	952
197286	235	188136	952	952
212234	282	322965	952	952
255020	52	356277	952	952
209864	235	192176	952	952
193327	235	188075	952	952
203940	235	188582	952	952
191267	139	275159	952	952
192086	139	335662	952	952
251264	235	189326	952	952
217810	235	188211	952	952
197779	235	188348	952	952
256584	282	318439	952	952
201449	52	303505	952	952
223410	235	189260	952	952
194001	235	188244	952	952
366035	139	306306	952	952
191385	235	188042	952	952
290177	52	282774	952	952
196214	235	188486	952	952
283883	235	189647	952	952
199753	235	188351	952	952
251379	235	189919	952	952
194092	235	188646	952	952
292325	282	213925	952	952
202500	235	188851	952	952
194046	235	188107	952	952
238135	235	188627	952	952
313221	282	189856	952	952
194324	235	196210	952	952
200863	235	189294	952	952
279350	235	188619	952	952
211190	235	189828	952	952
201635	235	188208	952	952
239328	235	188561	952	952
210745	235	190135	952	952
220895	235	190725	952	952
216540	235	188802	952	952
262262	235	189260	952	952
201556	235	188394	952	952
192521	52	331254	952	952
233145	235	189449	952	952
274002	282	189693	952	952
266721	235	188237	952	952
356165	282	248181	952	952
219106	282	220566	952	952
308516	139	301070	952	952
199993	235	188137	952	952
214877	235	189121	952	952
372792	282	345850	952	952
214057	139	333206	952	952
198201	52	194700	952	952
341683	235	199365	952	952
196304	235	188297	952	952
295408	235	189612	952	952
296561	282	224797	952	952
228051	235	189812	952	952
225185	235	188248	952	952
278233	282	284989	952	952
192375	235	195208	952	952
243338	282	339746	952	952
253011	235	188985	952	952
337003	235	189135	952	952
195097	235	188647	952	952
346601	139	254723	952	952
339936	52	373515	952	952
194560	235	188411	952	952
304044	235	188732	952	952
203503	235	189080	952	952
200171	139	247820	952	952
197883	235	188612	952	952
200477	235	188226	952	952
227453	262	192539	952	952
343576	139	261913	952	952
202961	235	189164	952	952
195352	235	188803	952	952
204701	52	190418	952	952
232840	235	189894	952	952
199712	282	192128	952	952
198417	235	188011	952	952
194950	235	190109	952	952
190792	282	307706	952	952
352865	282	336786	952	952
196577	235	196226	952	952
203198	235	195174	952	952
300366	139	204371	952	952
326535	52	338889	952	952
204448	235	189194	952	952
232946	235	188113	952	952
238413	235	188452	952	952
194912	235	188154	952	952
196535	235	188978	952	952
247334	235	190962	952	952
200282	235	201393	952	952
220777	235	188391	952	952
202429	235	188005	952	952
241470	235	189326	952	952
190637	282	196764	952	952
194466	235	188375	952	952
226227	235	188037	952	952
256498	282	288910	952	952
236636	235	191009	952	952
211226	235	188633	952	952
198555	235	190628	952	952
331172	282	366647	952	952
191227	235	191443	952	952
266721	235	188139	952	952
193961	235	188045	952	952
251837	139	247820	952	952
198011	235	220771	952	952
234196	235	189002	952	952
194224	235	188153	952	952
233293	235	188471	952	952
205566	235	188208	952	952
208090	235	188398	952	952
223013	235	214305	952	952
265748	282	189113	952	952
229086	235	188689	952	952
235895	282	245685	952	952
207520	235	188118	952	952
282291	235	189003	952	952
203758	235	188627	952	952
261308	139	346871	952	952
211988	282	189654	952	952
202581	235	188006	952	952
241460	282	192645	952	952
342383	282	189204	952	952
294841	282	347230	952	952
196149	235	189449	952	952
218184	235	188449	952	952
331374	139	202349	952	952
293185	235	188154	952	952
198065	235	188243	952	952
198322	235	188094	952	952
197286	235	188075	952	952
197312	235	188645	952	952
189776	52	319269	952	952
196571	52	329616	952	952
201342	235	188068	952	952
234383	235	190114	952	952
193243	282	346182	952	952
204520	235	188248	952	952
290275	235	189121	952	952
201341	52	343681	952	952
208545	235	188019	952	952
213041	225	299535	952	952
199139	235	188020	952	952
192377	235	188073	952	952
281982	235	209287	952	952
212977	235	189387	952	952
294018	235	190978	952	952
225201	235	188437	952	952
291239	235	190530	952	952
196279	235	188162	952	952
188769	139	210736	952	952
261179	235	188555	952	952
210919	235	188162	952	952
201132	235	188342	952	952
275724	235	286294	952	952
354473	139	338825	952	952
193327	235	188054	952	952
223059	235	188914	952	952
283883	235	188552	952	952
197241	235	188097	952	952
226108	235	189326	952	952
211931	235	194054	952	952
209893	235	189333	952	952
280313	235	188415	952	952
272435	235	191326	952	952
198078	235	191856	952	952
257125	235	189326	952	952
209552	235	188677	952	952
199584	235	188928	952	952
194642	235	188418	952	952
209093	282	190938	952	952
288714	282	373861	952	952
260853	52	331797	952	952
194681	52	346182	952	952
266419	282	375593	952	952
207604	52	354473	952	952
238828	282	191205	952	952
297885	139	234576	952	952
193314	235	191673	952	952
199599	235	188894	952	952
218300	235	189570	952	952
204643	235	188107	952	952
200640	235	191424	952	952
279072	235	191807	952	952
359229	282	190599	952	952
221602	235	214958	952	952
369154	235	244549	952	952
207231	235	188107	952	952
204030	235	188720	952	952
214375	235	191407	952	952
203306	235	188943	952	952
193631	235	188902	952	952
226190	235	189236	952	952
260847	235	189690	952	952
227145	235	188622	952	952
267393	282	339746	952	952
194321	235	190739	952	952
271516	282	366971	952	952
226948	235	188507	952	952
288372	139	238147	952	952
270529	49	190291	952	952
219769	235	192765	952	952
250445	235	189294	952	952
207244	235	190968	952	952
233250	282	256770	952	952
194449	235	188803	952	952
201631	235	189728	952	952
237240	235	188249	952	952
281314	235	188914	952	952
228452	235	188914	952	952
233992	235	188405	952	952
354027	282	308345	952	952
228077	235	189522	952	952
199678	235	188985	952	952
214512	235	188386	952	952
332585	282	189365	952	952
240851	235	188433	952	952
242162	235	188182	952	952
205397	235	188308	952	952
290414	282	308161	952	952
220910	235	191048	952	952
256159	235	188519	952	952
213965	235	188891	952	952
195798	235	195254	952	952
194845	235	188239	952	952
265461	235	201707	952	952
301791	235	203517	952	952
248181	139	315805	952	952
258567	235	190867	952	952
200316	235	188122	952	952
336953	282	191470	952	952
194700	139	190766	952	952
334321	282	195170	952	952
192437	52	331254	952	952
194605	52	288372	952	952
